arm,entry_date,exit_date,ticker,entry,stop,exit,realized,R,hold_days,reasons,sic2,group_n,group_rank,group_N,leader_rank_1m,leader_N_1m,leader_rank_3m,leader_N_3m,leader_rank_6m,leader_N_6m,etf,etf_rank,etf_N,dvol20,adr20
A0,2019-01-17,2019-01-22,XLNX,92.6,89.76,89.6712,-410.07,-1.032,5,stop,36,30.0,4.0,16.0,301.0,581,17.0,579,13.0,578,XLK,9.0,11.0,229170201.53350002,0.036430087914085876
A0,2019-01-25,2019-01-31,DATA,128.3,123.64,124.1158,-355.5,-0.898,6,partial;stop,73,58.0,1.0,12.0,339.0,437,22.0,436,45.0,435,XLK,10.0,11.0,135122982.9325,0.0362887234076756
A0,2019-01-30,2019-02-05,WWE,83.59,81.0,82.5873,-153.95,-0.388,6,partial;stop,78,2.0,,,165.0,325,104.0,325,91.0,323,XLC,8.0,11.0,70580919.214,0.03415529267850111
A0,2019-02-04,2019-02-06,SAVE,62.29,61.08,59.8901,-574.12,-1.982,2,stop,45,7.0,,,258.0,317,80.0,315,20.0,313,XLI,2.0,11.0,68064172.69350001,0.03759744228527416
A0,2019-02-04,2019-02-07,NWL,21.75,21.15,21.1297,-411.75,-1.035,3,stop,30,3.0,,,154.0,317,21.0,315,227.0,313,XLB,3.0,11.0,102979567.33,0.03244623172928059
A0,2019-02-11,2019-02-14,CZR,9.41,9.26,9.2507,-210.22,-1.062,3,stop,70,3.0,,,34.0,271,133.0,269,110.0,265,XLY,6.0,11.0,303841450.7,0.029946929235478637
A0,2019-02-12,2019-02-14,NFLX,36.04,34.93,34.8973,-203.83,-1.032,2,stop,78,2.0,,,133.0,264,94.0,262,88.0,258,XLC,4.0,11.0,4023280171.5994997,0.03062965509576554
A0,2019-02-12,2019-02-15,LULU,152.96,150.57,150.4194,-208.59,-1.063,3,stop,23,2.0,,,66.0,264,98.0,262,45.0,258,XLY,6.0,11.0,317723793.844,0.024647096925702147
A0,2019-02-12,2019-02-19,URI,131.13,129.2,131.7978,68.02,0.345,7,partial;stop,73,44.0,1.0,6.0,118.0,264,131.0,262,161.0,258,XLK,7.0,11.0,218568235.7,0.02974977797186907
A0,2019-02-15,2019-02-19,NFLX,36.08,35.55,35.5144,-210.21,-1.067,4,stop,78,2.0,,,188.0,261,60.0,259,71.0,255,XLC,3.0,11.0,3743367942.7419996,0.03163459743563277
A0,2019-02-15,2019-02-19,CZR,9.63,9.39,9.3107,-266.63,-1.353,4,stop,70,3.0,,,134.0,261,93.0,259,109.0,255,XLY,5.0,11.0,294433440.0545,0.024479283191219944
A0,2019-02-20,2019-02-21,EBAY,37.17,36.69,36.5934,-226.64,-1.19,1,stop,73,45.0,1.0,5.0,34.0,246,32.0,244,65.0,240,XLI,1.0,11.0,585146047.6270001,0.024203456725132806
A0,2019-02-20,2019-02-21,ALXN,129.91,128.45,128.3216,-177.88,-1.088,1,stop,28,27.0,3.0,5.0,84.0,246,119.0,244,64.0,240,XLV,7.0,11.0,213867336.55800003,0.02504130799164251
A0,2019-02-08,2019-02-22,FIVE,127.77,124.73,128.222,29.53,0.15,14,partial;stop,53,4.0,,,173.0,277,91.0,275,30.0,271,XLY,6.0,11.0,107816069.54200001,0.030101223662641518
A0,2019-02-20,2019-02-22,HES,58.29,57.35,57.2927,-249.89,-1.061,2,stop,29,4.0,,,96.0,246,154.0,244,143.0,240,XLE,9.0,11.0,215404035.398,0.03106895837647569
A0,2019-02-22,2019-02-25,SPOT,150.01,148.8,148.6512,-131.79,-1.123,3,stop,48,8.0,,,93.0,228,102.0,227,164.0,223,XLC,6.0,11.0,283141107.008,0.03212008881036375
A0,2019-02-22,2019-02-26,NXPI,95.09,93.97,93.876,-186.5,-1.084,4,stop,36,22.0,2.0,5.0,41.0,228,99.0,227,68.0,223,XLK,5.0,11.0,450231208.2375,0.025245825098850067
A0,2019-02-25,2019-02-26,NFLX,36.74,36.38,36.2617,-189.92,-1.327,1,stop,78,2.0,,,89.0,225,44.0,225,64.0,221,XLC,4.0,11.0,2952480014.104,0.027594588851475976
A0,2019-02-25,2019-02-28,SQ,78.23,76.78,75.8441,-445.82,-1.646,3,stop,73,41.0,1.0,5.0,112.0,225,83.0,225,84.0,221,XLK,1.0,11.0,948456824.867,0.03352166335432417
A0,2019-02-27,2019-02-28,HES,58.98,57.8,57.7422,-204.06,-1.049,1,stop,29,4.0,,,87.0,209,125.0,209,117.0,205,XLE,10.0,11.0,199146819.828,0.029195868994925128
A0,2019-01-31,2019-03-04,WDAY,180.68,179.29,182.4295,143.42,1.258,32,partial;stop,73,49.0,2.0,8.0,251.0,338,8.0,337,20.0,335,XLK,9.0,11.0,338241527.8645,0.029268676478485252
A0,2019-03-01,2019-03-04,NOW,48.51,47.86,47.8101,-208.7,-1.073,3,stop,73,40.0,1.0,4.0,22.0,223,22.0,223,28.0,219,XLK,2.0,11.0,544735737.0215,0.025459910584066492
A0,2019-03-01,2019-03-04,ALGN,263.9,258.96,258.701,-202.9,-1.052,3,stop,38,9.0,,,59.0,223,85.0,223,187.0,219,XLV,8.0,11.0,302157652.09900004,0.027898691877585514
A0,2019-03-05,2019-03-06,MRO,17.49,17.15,17.1328,-295.04,-1.051,1,stop,13,21.0,5.0,5.0,65.0,234,116.0,232,163.0,228,XLE,8.0,11.0,227142501.72650003,0.02928501830356515
A0,2019-03-11,2019-03-15,DOCU,56.95,56.11,57.1495,46.81,0.241,4,partial;stop,73,45.0,2.0,4.0,44.0,247,26.0,245,120.0,241,XLK,3.0,11.0,107612822.33900002,0.024832569121568067
A0,2019-03-11,2019-03-15,MLNX,119.07,117.88,117.7621,-159.43,-1.099,4,stop,36,15.0,1.0,4.0,38.0,247,74.0,245,10.0,241,XLK,3.0,11.0,107181903.234,0.024750569516334177
A0,2019-03-19,2019-03-20,MRVL,20.39,20.01,19.99,-285.47,-1.053,1,stop,36,12.0,1.0,4.0,81.0,229,54.0,226,53.0,220,XLK,1.0,11.0,222279060.48499998,0.025246597872773512
A0,2019-03-18,2019-03-22,ECA,7.43,7.28,7.2727,-303.52,-1.049,4,stop,13,19.0,4.0,4.0,39.0,229,98.0,226,206.0,220,XLE,8.0,11.0,224290646.7005,0.035312799401979865
A0,2019-03-26,2019-03-27,HES,61.05,60.16,60.0998,-206.4,-1.068,1,stop,29,2.0,,,72.0,252,62.0,250,132.0,244,XLE,4.0,11.0,208360564.204,0.02698717781167772
A0,2019-03-29,2019-04-03,HES,61.65,60.11,60.0499,-200.21,-1.039,5,stop,29,3.0,,,65.0,248,31.0,246,138.0,241,XLE,5.0,11.0,195391491.52350003,0.026855326469094436
A0,2019-03-29,2019-04-04,FCX,13.16,12.77,13.0569,-52.9,-0.273,6,partial;stop,10,5.0,,,142.0,248,109.0,246,127.0,241,XLB,8.0,11.0,190677000.5375,0.029510674524271634
A0,2019-02-27,2019-04-22,MELI,408.41,405.01,485.4934,2697.99,22.686,54,close<MA;partial,73,41.0,1.0,4.0,93.0,209,94.0,209,62.0,205,XLI,2.0,11.0,175503623.396,0.031023583418072785
A0,2019-04-05,2019-04-26,SWKS,86.98,85.73,87.2029,35.25,0.182,21,partial;stop,36,17.0,1.0,4.0,93.0,216,56.0,216,110.0,210,XLK,1.0,11.0,136694309.9885,0.02516886808137133
A0,2019-04-05,2019-04-29,HES,61.99,60.87,63.6953,294.68,1.518,24,close<MA;partial,29,3.0,,,72.0,216,53.0,216,148.0,210,XLE,7.0,11.0,174914365.3625,0.026167490577805264
A0,2019-04-30,2019-05-01,ACB,1117.12,1084.17,1083.0901,-408.31,-1.033,1,stop,28,22.0,5.0,5.0,102.0,192,36.0,192,60.0,190,XLV,11.0,11.0,164647381.64512548,0.029488187231197883
A0,2019-04-23,2019-05-02,VEEV,137.4,133.95,137.8976,53.04,0.145,9,partial;stop,73,44.0,2.0,4.0,57.0,178,40.0,177,23.0,173,XLK,1.0,11.0,136211077.764,0.027364548249508663
A0,2019-04-23,2019-05-06,CYBR,125.33,121.54,125.88,57.14,0.147,13,partial;stop,73,44.0,2.0,4.0,62.0,178,8.0,177,5.0,173,XLK,1.0,11.0,109409334.602,0.03453576414484039
A0,2019-05-03,2019-05-06,VEEV,142.35,140.56,137.9819,-454.51,-2.439,3,stop,73,43.0,2.0,5.0,31.0,217,27.0,215,21.0,214,XLK,1.0,11.0,140660183.551,0.02728385705644922
A0,2019-05-03,2019-05-06,RNG,117.58,115.22,115.0349,-317.83,-1.079,3,stop,73,43.0,2.0,5.0,58.0,217,33.0,215,27.0,214,XLK,1.0,11.0,99774925.66849999,0.02814471294014743
A0,2019-04-03,2019-05-10,LRCX,18.81,18.62,19.6152,617.08,4.173,37,close<MA;partial,35,8.0,,,89.0,223,63.0,222,29.0,217,XLI,2.0,11.0,400164322.484,0.026796326528565888
A0,2019-04-23,2019-05-13,DELL,32.76,31.98,33.1412,168.32,0.478,20,partial;stop,35,6.0,,,58.0,178,13.0,177,,173,XLK,1.0,11.0,99592064.18515259,0.024082066884704347
A0,2019-05-09,2019-05-13,PAYC,208.42,202.62,202.4151,-396.21,-1.035,4,stop,73,46.0,2.0,5.0,26.0,254,42.0,252,14.0,251,XLK,1.0,11.0,132390038.052,0.027831038173923194
A0,2019-05-10,2019-05-13,ZS,70.06,68.23,68.166,-392.06,-1.037,3,stop,73,48.0,2.0,6.0,59.0,269,15.0,267,9.0,266,XLK,1.0,11.0,111842576.5095,0.04446320705365598
A0,2019-05-10,2019-05-13,SAFM,154.45,149.98,149.8341,-401.53,-1.034,3,stop,20,1.0,,,14.0,269,41.0,267,38.0,266,XLP,5.0,11.0,71248941.0375,0.028910852399954452
A0,2019-05-28,2019-05-29,OKTA,112.05,107.93,107.0928,-228.12,-1.204,1,stop,73,58.0,1.0,7.0,33.0,298,13.0,293,4.0,291,XLK,5.0,11.0,193897645.6845,0.036762091403393336
A0,2019-06-07,2019-06-14,MELI,612.57,590.67,616.3083,29.93,0.171,7,partial;stop,73,62.0,1.0,5.0,43.0,299,27.0,294,27.0,292,XLI,9.0,11.0,350461395.2595,0.03573952189330767
A0,2019-06-18,2019-06-19,MTCH,73.75,71.58,71.5084,-395.17,-1.033,1,stop,73,55.0,1.0,5.0,111.0,244,16.0,239,26.0,236,XLK,6.0,11.0,94403184.70099999,0.030018431531126953
A0,2019-06-20,2019-06-21,WIX,149.14,146.7,146.5533,-248.23,-1.06,1,stop,73,56.0,1.0,5.0,89.0,255,29.0,249,31.0,246,XLK,4.0,11.0,68623124.4365,0.027992959157111398
A0,2019-06-04,2019-06-27,MKTX,299.3,294.0,317.0706,622.01,3.354,23,close<MA;partial,62,2.0,,,38.0,304,14.0,299,41.0,297,XLF,6.0,11.0,123066058.25249998,0.024369609856412778
A0,2019-07-08,2019-07-09,SNAP,15.3,15.01,14.995,-286.72,-1.051,1,stop,73,43.0,1.0,4.0,30.0,206,17.0,201,6.0,200,XLK,3.0,11.0,335186661.871,0.03536453718531386
A0,2019-07-03,2019-07-10,SBGI,55.95,54.92,54.8651,-274.53,-1.054,7,stop,48,7.0,,,173.0,235,10.0,230,16.0,228,XLC,4.0,11.0,84773405.72,0.03068651051360133
A0,2019-07-10,2019-07-16,VEEV,173.82,171.96,171.788,-166.92,-1.092,6,stop,73,44.0,1.0,4.0,76.0,204,19.0,198,25.0,197,XLK,5.0,11.0,255888074.76500002,0.027393745161766535
A0,2019-07-15,2019-07-16,OKTA,137.94,134.37,134.2356,-385.03,-1.038,1,stop,73,40.0,1.0,4.0,102.0,198,11.0,191,17.0,190,XLK,2.0,11.0,253135229.38450003,0.0334849214090996
A0,2019-07-08,2019-07-19,PAYC,239.57,236.4,238.8609,-41.8,-0.224,11,partial;stop,73,43.0,1.0,4.0,56.0,206,25.0,201,25.0,200,XLK,3.0,11.0,150756644.7575,0.02822000314849889
A0,2019-07-22,2019-07-23,DXCM,39.04,38.13,38.0944,-200.67,-1.042,1,stop,38,4.0,,,111.0,186,14.0,180,109.0,177,XLV,1.0,11.0,132204046.45749998,0.03331658821619256
A0,2019-07-10,2019-07-24,MKTX,344.95,343.95,348.663,152.04,3.691,14,partial;stop,62,2.0,,,115.0,204,14.0,198,38.0,197,XLF,3.0,11.0,244326617.8025,0.026523294588478
A0,2019-07-19,2019-07-25,GOLD,17.37,17.03,17.2727,-55.9,-0.291,6,partial;stop,50,2.0,,,10.0,192,21.0,184,39.0,183,XLI,10.0,11.0,295557213.09000003,0.03260513444147656
A0,2019-07-24,2019-07-29,ZS,85.59,82.94,82.86,-392.48,-1.031,5,stop,73,40.0,1.0,4.0,43.0,182,21.0,176,14.0,174,XLK,5.0,11.0,176933489.977,0.03354540264905086
A0,2019-07-25,2019-07-29,AYX,121.62,119.55,119.4304,-256.35,-1.058,4,stop,73,37.0,1.0,4.0,33.0,182,13.0,176,25.0,173,XLK,3.0,11.0,134132744.677,0.031753876699700465
A0,2019-07-30,2019-07-31,AYX,123.12,119.0,118.881,-190.89,-1.029,1,stop,73,39.0,1.0,4.0,35.0,178,14.0,172,15.0,169,XLK,2.0,11.0,123536359.59250002,0.03350319316933544
A0,2019-07-08,2019-08-01,PAGS,40.86,40.22,43.5763,942.27,4.237,24,close<MA;partial,73,43.0,1.0,4.0,20.0,206,13.0,201,19.0,200,XLK,3.0,11.0,71759498.6895,0.03194294327092596
A0,2019-07-30,2019-08-01,DXCM,39.29,38.06,38.0199,-192.95,-1.031,2,stop,38,7.0,,,80.0,178,25.0,172,85.0,169,XLV,5.0,11.0,109355436.24949999,0.03134022528553167
A0,2019-08-01,2019-08-02,SQ,82.74,80.69,70.7292,-2030.27,-5.841,1,stop,73,43.0,1.0,4.0,36.0,196,60.0,189,75.0,186,XLK,4.0,11.0,557423726.0109999,0.02485612180374131
A0,2019-08-01,2019-08-02,OLED,217.55,212.29,212.0731,-350.35,-1.04,1,stop,36,12.0,2.0,4.0,33.0,196,11.0,189,5.0,186,XLK,4.0,11.0,114572261.28050001,0.024187735761008064
A0,2019-08-05,2019-08-06,GOLD,17.52,17.44,17.4263,-71.17,-1.236,1,stop,50,3.0,,,44.0,260,12.0,253,45.0,248,XLI,10.0,11.0,272855146.3835,0.029136229896869432
A0,2019-08-08,2019-08-12,STNE,37.61,35.78,35.1648,-241.83,-1.337,4,stop,73,60.0,1.0,7.0,22.0,325,34.0,319,23.0,313,XLK,5.0,11.0,102029217.61649999,0.05165307367076235
A0,2019-08-21,2019-08-23,BX,49.86,49.25,49.2007,-181.24,-1.081,2,stop,62,10.0,6.0,10.0,107.0,419,68.0,414,35.0,407,XLF,10.0,11.0,299596222.424,0.028688973207793143
A0,2019-08-22,2019-08-23,KLAC,14.41,14.13,14.1139,-192.39,-1.05,1,stop,38,18.0,2.0,7.0,111.0,399,34.0,394,83.0,387,XLV,7.0,11.0,212549847.19099998,0.028683069925143495
A0,2019-08-27,2019-08-28,COUP,145.99,141.1,140.9589,-186.0,-1.029,1,stop,73,77.0,5.0,9.0,108.0,403,45.0,399,24.0,392,XLK,2.0,11.0,144103350.091,0.03739944475193547
A0,2019-08-29,2019-09-03,BX,50.13,49.27,49.2207,-191.87,-1.057,5,stop,62,10.0,6.0,11.0,86.0,386,44.0,382,27.0,375,XLF,10.0,11.0,275436554.279,0.026582822364919673
A0,2019-08-30,2019-09-03,MU,45.5,45.05,44.5554,-282.01,-2.11,4,stop,36,23.0,1.0,6.0,104.0,346,29.0,342,102.0,335,XLK,1.0,11.0,964797561.9335,0.03384882201669927
A0,2019-09-04,2019-09-05,RGLD,138.35,135.51,135.3745,-190.32,-1.048,1,stop,67,2.0,,,18.0,303,14.0,301,21.0,292,XLRE,1.0,11.0,82805708.515,0.029973544641930555
A0,2019-08-16,2019-09-06,DXCM,40.37,39.63,41.066,173.77,0.959,21,partial;stop,38,21.0,2.0,8.0,43.0,421,28.0,415,125.0,408,XLV,6.0,11.0,136427857.92249998,0.0366169184373552
A0,2019-08-26,2019-09-06,FNV,97.1,95.75,97.5037,54.9,0.302,11,partial;stop,10,10.0,1.0,9.0,48.0,413,36.0,409,62.0,402,XLB,6.0,11.0,61198663.25699999,0.026951193756260754
A0,2019-09-30,2019-10-01,NWL,18.86,18.59,18.5714,-213.27,-1.069,1,stop,30,2.0,,,58.0,299,22.0,299,56.0,290,XLB,9.0,11.0,79551300.2335,0.026810515466404717
A0,2019-08-29,2019-10-09,KLAC,14.58,14.51,15.6143,965.51,14.546,41,close<MA;partial,38,16.0,3.0,11.0,69.0,386,28.0,382,72.0,375,XLV,7.0,11.0,220058069.29099998,0.02959381738383845
A0,2019-10-15,2019-10-16,KLAC,16.28,15.96,15.942,-299.11,-1.049,1,stop,38,10.0,1.0,6.0,31.0,241,9.0,240,27.0,231,XLV,7.0,11.0,229389376.78999996,0.02428970015413307
A0,2019-10-16,2019-10-17,JWN,35.67,34.63,34.5979,-390.8,-1.034,1,stop,56,5.0,,,74.0,233,18.0,232,148.0,223,XLY,10.0,11.0,94132567.7015,0.03292358403617323
A0,2019-10-07,2019-10-18,DOCU,65.14,62.69,65.7312,91.2,0.244,11,partial;stop,73,71.0,4.0,8.0,2.0,338,20.0,338,61.0,328,XLK,4.0,11.0,268143622.16149998,0.037482958273112335
A0,2019-09-05,2019-10-21,TER,54.41,54.25,59.4821,1269.15,32.657,46,close<MA;partial,38,10.0,2.0,6.0,100.0,286,48.0,284,47.0,275,XLV,9.0,11.0,93344342.0805,0.025531180549662396
A0,2019-10-21,2019-10-28,PVH,89.79,88.47,89.9878,31.11,0.15,7,partial;stop,23,3.0,,,65.0,232,69.0,230,198.0,225,XLY,7.0,11.0,85299687.578,0.02645402635737994
A0,2019-10-21,2019-10-30,JWN,35.86,35.01,36.2275,146.81,0.439,9,partial;stop,56,5.0,,,23.0,232,18.0,230,151.0,225,XLY,7.0,11.0,87295422.365,0.032810528204586444
A0,2019-10-23,2019-10-30,SEDG,90.59,86.97,86.883,-389.28,-1.024,7,stop,36,18.0,3.0,5.0,112.0,230,5.0,228,6.0,223,XLK,9.0,11.0,110927036.432,0.04045913482766601
A0,2019-10-23,2019-10-30,APO,40.93,39.88,40.9072,-8.24,-0.023,7,partial;stop,62,7.0,,,87.0,230,34.0,228,33.0,223,XLF,5.0,11.0,80183260.893,0.028691037263158976
A0,2019-10-10,2019-10-31,MDCO,51.98,50.14,52.1792,40.25,0.107,21,partial;stop,28,23.0,4.0,6.0,10.0,263,6.0,263,4.0,253,XLV,10.0,11.0,104496553.8915,0.03537645843150314
A0,2019-09-06,2019-11-04,RH,149.91,145.08,175.4747,1917.37,5.298,59,close<MA;partial,57,3.0,,,80.0,273,7.0,271,121.0,261,XLY,3.0,11.0,86533888.82000001,0.032190373695648984
A0,2019-11-04,2019-11-05,DOCU,68.24,67.62,67.5524,-140.59,-1.109,1,stop,73,53.0,7.0,7.0,99.0,237,5.0,235,45.0,230,XLK,1.0,11.0,148150334.219,0.033382136403506575
A0,2019-11-04,2019-11-05,TPR,26.67,26.35,25.8841,-411.62,-2.471,1,stop,31,3.0,,,132.0,237,164.0,235,164.0,230,XLY,7.0,11.0,108666663.7835,0.026908749625474394
A0,2019-11-07,2019-11-08,NVDA,5.29,5.16,5.1583,-359.49,-1.04,1,stop,36,22.0,4.0,6.0,65.0,264,18.0,262,52.0,256,XLK,2.0,11.0,1583501004.303,0.026061704181760258
A0,2019-11-05,2019-11-12,FL,45.5,44.82,45.6638,51.67,0.249,7,partial;stop,56,5.0,,,125.0,248,87.0,246,188.0,240,XLY,8.0,11.0,79242371.7315,0.02448307856419297
A0,2019-11-05,2019-11-13,SKX,38.97,38.0,38.955,-5.0,-0.014,8,partial;stop,31,3.0,,,149.0,248,82.0,246,40.0,240,XLY,8.0,11.0,68523090.1855,0.026397781644450623
A0,2019-11-12,2019-11-13,NVDA,5.3,5.21,5.2026,-250.85,-1.058,1,stop,36,20.0,5.0,7.0,77.0,279,21.0,278,44.0,272,XLK,3.0,11.0,1540345162.3804002,0.026100378047376777
A0,2019-11-12,2019-11-13,KLAC,17.56,17.36,17.3476,-168.84,-1.089,1,stop,38,15.0,3.0,7.0,108.0,279,31.0,278,8.0,272,XLV,5.0,11.0,232179133.6375,0.02588078493696678
A0,2019-11-15,2019-11-18,KLAC,17.9,17.71,17.6933,-161.92,-1.093,3,stop,38,13.0,2.0,6.0,90.0,273,33.0,271,15.0,267,XLV,6.0,11.0,224804020.796,0.024346202445062366
A0,2019-11-20,2019-11-21,RNG,174.3,170.11,169.9399,-192.03,-1.041,1,stop,73,58.0,5.0,6.0,115.0,266,46.0,262,27.0,257,XLK,2.0,11.0,212846922.534,0.036525282959214
A0,2019-11-01,2019-11-22,APO,42.1,41.05,42.532,142.91,0.412,21,close<MA;partial,62,3.0,,,42.0,222,16.0,220,33.0,215,XLF,5.0,11.0,76768720.69549999,0.024980542157237343
A0,2019-11-20,2019-12-02,NVDA,5.34,5.21,5.3771,53.14,0.288,12,partial;stop,36,21.0,4.0,6.0,127.0,266,53.0,262,31.0,257,XLK,2.0,11.0,1806929242.9786,0.024717402298131554
A0,2019-11-21,2019-12-02,ALGN,273.13,267.43,274.2876,36.95,0.202,11,partial;stop,38,12.0,2.0,6.0,22.0,267,11.0,263,190.0,257,XLV,4.0,11.0,237372159.51800004,0.027499156159062278
A0,2019-11-04,2019-12-03,PVH,93.46,90.93,94.3501,130.36,0.35,29,partial;stop,23,4.0,,,101.0,237,52.0,235,201.0,230,XLY,7.0,11.0,78231906.2235,0.027083401326065022
A0,2019-12-04,2019-12-05,REGN,372.96,367.57,367.2024,-207.37,-1.068,1,stop,28,28.0,1.0,3.0,29.0,203,32.0,200,45.0,196,XLV,2.0,11.0,325528656.67450005,0.027080969848497744
A0,2019-12-11,2019-12-12,X,14.45,13.85,13.7263,-442.73,-1.205,1,stop,33,2.0,,,82.0,161,56.0,158,70.0,153,XLB,4.0,11.0,157314782.5845,0.042518651779440406
A0,2019-12-06,2019-12-16,CPRI,38.1,37.3,38.3294,83.52,0.292,10,partial;stop,31,2.0,,,66.0,189,23.0,185,64.0,180,XLY,10.0,11.0,100966477.6225,0.03273467427921743
A0,2019-12-13,2019-12-16,PVH,105.94,104.24,104.1358,-232.21,-1.061,3,stop,23,4.0,,,58.0,166,44.0,163,48.0,160,XLY,9.0,11.0,107823048.507,0.024829858293703398
A0,2019-12-18,2019-12-19,PVH,107.1,105.08,104.9749,-271.62,-1.052,1,stop,23,4.0,,,84.0,172,47.0,169,45.0,165,XLY,8.0,11.0,110185879.68399999,0.025013215876105072
A0,2019-11-25,2019-12-20,ZBRA,249.08,243.61,250.0744,54.76,0.182,25,partial;stop,35,11.0,3.0,6.0,61.0,251,52.0,248,31.0,242,XLI,2.0,11.0,130045148.501,0.026045117981354053
A0,2019-12-27,2019-12-30,LITE,79.87,78.83,78.7512,-193.52,-1.076,3,stop,36,8.0,,,51.0,149,25.0,149,24.0,146,XLK,2.0,11.0,123961625.0915,0.025601143201162375
A0,2019-12-31,2020-01-02,ICPT,125.12,122.5,121.1587,-436.29,-1.511,2,stop,28,24.0,1.0,3.0,34.0,145,9.0,145,17.0,142,XLV,2.0,11.0,94709765.8215,0.0444376002910318
A0,2019-12-31,2020-01-02,TDOC,84.15,82.38,82.2976,-302.6,-1.046,2,stop,80,3.0,,,96.0,145,43.0,145,42.0,142,XLV,2.0,11.0,82611629.388,0.02913517914844191
A0,2020-01-02,2020-01-03,DXC,38.23,37.17,36.0739,-374.85,-2.04,1,stop,73,33.0,3.0,3.0,80.0,137,29.0,137,123.0,134,XLK,1.0,11.0,131974532.024,0.027623166571074286
A0,2020-01-07,2020-01-13,DXCM,57.62,56.25,56.1962,-189.7,-1.041,6,stop,38,8.0,,,102.0,137,26.0,137,18.0,132,XLV,2.0,11.0,186610312.4355,0.030606925986991503
A0,2020-01-16,2020-01-17,DVN,26.94,26.39,26.3586,-197.2,-1.048,1,stop,13,14.0,3.0,3.0,53.0,136,41.0,135,59.0,130,XLE,10.0,11.0,155639277.0955,0.026090972552644243
A0,2020-01-23,2020-01-27,WDC,70.57,68.64,66.2037,-427.94,-2.262,4,stop,35,1.0,,,29.0,137,70.0,136,39.0,131,XLK,1.0,11.0,311984125.34749997,0.027642585377155617
A0,2019-12-13,2020-01-28,NVDA,5.63,5.55,5.9906,891.0,4.556,46,close<MA;partial,36,8.0,,,72.0,166,30.0,163,18.0,160,XLK,2.0,11.0,1974492680.9473999,0.025079687967061153
A0,2019-12-12,2020-01-30,AMD,41.83,40.65,45.5283,1149.63,3.13,49,close<MA;partial,36,7.0,,,46.0,155,22.0,152,35.0,148,XLK,2.0,11.0,2013265914.0904999,0.028229441452764643
A0,2020-01-29,2020-01-31,GE,62.71,62.25,62.1897,-116.7,-1.135,2,stop,36,16.0,2.0,5.0,75.0,195,42.0,194,63.0,188,XLK,1.0,11.0,721297650.5941113,0.024654867584763922
A0,2020-01-31,2020-02-03,DXCM,60.6,59.5,59.443,-263.93,-1.054,3,stop,38,12.0,3.0,5.0,60.0,220,15.0,220,25.0,213,XLV,4.0,11.0,179188681.874,0.032197019795561166
A0,2020-01-28,2020-02-05,PODD,194.15,192.47,195.1551,72.08,0.595,8,partial;stop,38,10.0,3.0,5.0,32.0,176,39.0,175,15.0,169,XLV,2.0,11.0,85849434.887,0.025717533870533115
A0,2020-02-04,2020-02-05,MELI,697.92,684.22,683.5358,-287.63,-1.05,1,stop,73,43.0,3.0,5.0,45.0,230,40.0,230,83.0,223,XLI,8.0,11.0,280146784.922,0.028033709506118793
A0,2020-02-05,2020-02-06,NFLX,37.55,36.4,36.3653,-382.65,-1.032,1,stop,78,2.0,,,51.0,229,48.0,229,78.0,222,XLC,2.0,11.0,2907204829.5360003,0.03057950829163624
A0,2020-02-05,2020-02-06,CYBR,144.89,140.65,139.1907,-496.25,-1.345,1,stop,73,42.0,2.0,5.0,36.0,229,35.0,229,92.0,222,XLK,1.0,11.0,91759944.2615,0.02927109082114985
A0,2020-02-07,2020-02-14,UBER,40.02,38.86,38.8211,-189.42,-1.034,7,stop,73,50.0,2.0,6.0,50.0,263,32.0,263,194.0,256,XLI,9.0,11.0,1001945677.4814999,0.03485410581261082
A0,2020-02-11,2020-02-24,NFLX,37.56,36.97,37.0229,-170.51,-0.914,13,partial;stop,78,2.0,,,63.0,268,56.0,268,87.0,262,XLC,4.0,11.0,2921747414.1735,0.030677404200493363
A0,2020-01-07,2020-02-25,SHOP,41.7,41.01,48.5314,1816.72,9.903,49,close<MA;partial,73,32.0,3.0,3.0,53.0,137,43.0,137,33.0,132,XLK,1.0,11.0,807409315.0505,0.034285542224855386
A0,2020-02-10,2020-03-04,RNG,211.98,206.8,233.6124,757.07,4.174,23,close<MA;partial,73,51.0,2.0,5.0,42.0,263,60.0,263,24.0,257,XLK,1.0,11.0,170813902.0035,0.02697686328539791
A0,2020-01-06,2020-03-13,TDOC,84.58,82.28,118.2649,2660.75,14.583,67,close<MA;partial,80,3.0,,,68.0,131,38.0,131,39.0,128,XLV,2.0,11.0,77460639.91800001,0.027574844016635663
A0,2020-04-06,2020-04-15,LM,49.64,48.54,49.0609,-164.35,-0.526,9,partial;stop,62,21.0,11.0,21.0,54.0,855,12.0,853,33.0,848,XLF,10.0,11.0,198920004.10750002,0.028250622037217187
A0,2020-04-22,2020-04-23,FSCT,32.63,32.41,32.3776,-109.91,-1.146,1,stop,35,31.0,10.0,17.0,497.0,750,95.0,749,67.0,745,XLK,3.0,11.0,65337778.625,0.024870570038433872
A0,2020-05-11,2020-05-12,MSFT,185.18,182.85,182.6671,-193.87,-1.078,1,stop,73,111.0,4.0,18.0,291.0,716,175.0,712,105.0,710,XLK,2.0,11.0,7054865158.501999,0.02405785590565216
A0,2020-05-14,2020-05-21,NFLX,45.0,43.43,43.3865,-193.25,-1.028,7,stop,78,3.0,,,241.0,726,86.0,722,64.0,720,XLC,4.0,11.0,4253778222.0275,0.03482501693991905
A0,2020-05-11,2020-05-26,VRTX,278.08,270.44,281.6412,174.61,0.467,15,partial;stop,28,55.0,2.0,18.0,360.0,716,102.0,712,77.0,710,XLV,1.0,11.0,539477270.4350001,0.03595378756436672
A0,2020-05-19,2020-05-26,AMZN,123.87,121.45,121.3271,-198.64,-1.05,7,stop,59,11.0,2.0,17.0,467.0,731,98.0,727,86.0,725,XLY,4.0,11.0,11446645059.4725,0.025896098018641976
A0,2020-05-05,2020-05-27,ATVI,68.39,66.97,70.1579,362.76,1.248,22,close<MA;partial,73,106.0,3.0,18.0,503.0,724,69.0,723,111.0,720,XLK,2.0,11.0,533965478.72700006,0.03559700620334243
A0,2020-05-18,2020-05-27,ADBE,374.0,367.21,376.8095,75.76,0.413,9,partial;stop,73,112.0,5.0,18.0,344.0,728,194.0,724,123.0,722,XLK,2.0,11.0,978276853.635,0.029400593330745517
A0,2020-05-22,2020-05-27,GOOGL,70.89,69.8,69.7277,-201.74,-1.064,5,stop,73,115.0,6.0,18.0,310.0,728,233.0,724,203.0,720,XLK,1.0,11.0,2933632068.257,0.024848857789076126
A0,2020-05-26,2020-05-27,GOOG,71.94,70.61,70.5359,-274.3,-1.053,1,stop,73,113.0,5.0,18.0,339.0,726,224.0,722,204.0,718,XLK,1.0,11.0,2404142231.4862,0.024137223662473284
A0,2020-05-28,2020-05-29,SBUX,80.0,77.93,77.8521,-375.87,-1.038,1,stop,58,18.0,11.0,18.0,582.0,729,341.0,724,358.0,719,XLY,3.0,11.0,843328606.385,0.02700615479173215
A0,2020-05-27,2020-06-04,UNH,300.3,292.19,301.261,44.21,0.118,8,partial;stop,63,23.0,12.0,18.0,586.0,729,136.0,724,228.0,719,XLF,10.0,11.0,1258568885.4754999,0.027008143794133178
A0,2020-06-02,2020-06-08,HD,252.48,247.0,252.2316,-8.52,-0.046,6,partial;stop,52,5.0,,,246.0,732,235.0,728,193.0,722,XLY,3.0,11.0,1386624096.4435,0.025872200946286922
A0,2020-06-05,2020-06-08,INTC,64.2,63.16,63.0968,-241.39,-1.06,3,stop,36,35.0,6.0,18.0,546.0,727,238.0,723,214.0,717,XLK,2.0,11.0,1245457957.7662501,0.028285709968813598
A0,2020-05-29,2020-06-11,CSCO,46.51,45.41,46.5254,3.2,0.017,13,partial;stop,35,28.0,10.0,18.0,373.0,723,172.0,718,279.0,713,XLK,1.0,11.0,1032492043.67475,0.024147853366883208
A0,2020-06-02,2020-06-11,ECL,217.13,211.55,219.6232,82.37,0.448,9,partial;stop,28,57.0,2.0,19.0,365.0,732,214.0,728,188.0,722,XLB,5.0,11.0,1067620006.967,0.025672611976199765
A0,2020-06-05,2020-06-11,MA,310.31,305.65,304.705,-252.23,-1.202,6,partial;stop,73,117.0,4.0,18.0,482.0,727,358.0,723,270.0,717,XLI,6.0,11.0,1300105498.928,0.025102635830191705
A0,2020-06-09,2020-06-11,HD,257.07,253.86,248.6111,-456.61,-2.637,2,stop,52,6.0,,,536.0,756,367.0,752,168.0,746,XLY,3.0,11.0,1446397127.578,0.02445000881881264
A0,2020-06-17,2020-06-19,LOW,133.52,133.13,132.9969,-54.23,-1.338,2,stop,52,6.0,,,378.0,774,124.0,769,210.0,767,XLY,2.0,11.0,858953151.5764999,0.02842528166723556
A0,2020-06-22,2020-06-24,TGT,123.05,119.87,119.7515,-194.78,-1.038,2,stop,53,10.0,8.0,19.0,602.0,799,638.0,792,355.0,789,XLY,2.0,11.0,665929945.765,0.025855268830506088
A0,2020-06-18,2020-06-29,CRM,184.98,181.62,181.4334,-266.36,-1.054,11,stop,73,115.0,7.0,19.0,486.0,768,465.0,763,199.0,761,XLK,3.0,11.0,1265032174.1060002,0.02766068576742734
A0,2020-06-30,2020-07-14,MSFT,204.15,198.98,205.5222,49.26,0.265,14,partial;stop,73,121.0,7.0,21.0,168.0,818,364.0,811,135.0,807,XLK,3.0,11.0,6815985537.049,0.025329851567255212
A0,2020-06-16,2020-07-15,ADBE,412.13,405.48,433.0341,689.78,3.14,29,close<MA;partial,73,116.0,8.0,19.0,409.0,772,344.0,767,103.0,765,XLK,3.0,11.0,1262696959.6705,0.02714523025793824
A0,2020-07-15,2020-07-16,BKNG,69.95,69.8,69.7318,-44.71,-1.471,1,stop,47,5.0,,,298.0,698,338.0,691,428.0,683,XLI,5.0,11.0,697687860.3135,0.03440743533568003
A0,2020-06-16,2020-07-17,PYPL,161.05,158.3,171.4519,884.09,3.781,31,close<MA;partial,73,116.0,8.0,19.0,495.0,772,154.0,767,59.0,765,XLI,6.0,11.0,1143461799.2465,0.03075802233981138
A0,2020-07-06,2020-07-23,AAPL,93.19,92.47,93.6276,67.24,0.61,17,partial;stop,35,34.0,16.0,20.0,100.0,805,233.0,798,165.0,793,XLK,2.0,11.0,13673931542.0405,0.02619198841203822
A0,2020-07-20,2020-07-24,NOW,86.25,84.91,83.9719,-383.08,-1.696,4,stop,73,114.0,6.0,17.0,255.0,678,163.0,672,117.0,663,XLK,2.0,11.0,671838303.744,0.034124806784361195
A0,2020-08-03,2020-08-07,BAC,25.32,24.69,25.2961,-10.98,-0.031,4,partial;stop,60,21.0,12.0,13.0,239.0,551,404.0,549,407.0,543,XLF,7.0,11.0,1551719273.1195,0.02727790974353353
A0,2020-08-07,2020-08-10,CMG,23.82,23.21,23.1879,-387.22,-1.038,3,stop,58,10.0,8.0,13.0,261.0,534,187.0,532,132.0,527,XLY,2.0,11.0,401299438.3455,0.02554522780733932
A0,2020-08-05,2020-08-11,LULU,337.9,328.26,339.1691,50.57,0.131,6,partial;stop,23,6.0,,,251.0,543,112.0,541,143.0,535,XLY,2.0,11.0,531454148.25299996,0.03244877712794099
A0,2020-07-01,2020-08-12,AMZN,139.94,137.7,155.3408,1278.28,6.876,42,close<MA;partial,59,12.0,1.0,21.0,113.0,823,231.0,816,75.0,812,XLY,2.0,11.0,10830846414.142,0.02512563257072889
A0,2020-08-11,2020-08-12,F,7.22,7.19,7.1828,-68.42,-1.264,1,stop,37,15.0,2.0,13.0,126.0,519,133.0,517,316.0,513,XLY,2.0,11.0,499566735.30799997,0.03129157073244338
A0,2020-08-24,2020-08-25,TWTR,39.72,39.64,39.6004,-44.86,-1.497,1,stop,73,83.0,5.0,12.0,227.0,455,179.0,451,200.0,448,XLK,1.0,11.0,512230669.4459999,0.02909876296796158
A0,2020-07-29,2020-09-04,PYPL,184.17,178.39,186.984,182.65,0.486,37,partial;stop,73,97.0,6.0,14.0,362.0,532,91.0,529,94.0,524,XLI,5.0,11.0,1218777034.2955003,0.03139917863580123
A0,2020-08-18,2020-09-04,AMZN,162.54,160.29,162.9139,34.02,0.168,17,partial;stop,59,9.0,,,207.0,487,155.0,483,98.0,480,XLY,2.0,11.0,13459469135.599499,0.027099645528977017
A0,2020-08-19,2020-09-04,LULU,361.13,356.17,364.6106,139.19,0.701,16,partial;stop,23,5.0,,,146.0,478,104.0,474,115.0,471,XLY,2.0,11.0,470577610.962,0.028193271985319908
A0,2020-08-26,2020-09-04,NFLX,51.13,49.88,51.6077,140.03,0.379,9,partial;stop,78,2.0,,,305.0,444,185.0,439,159.0,436,XLC,3.0,11.0,2321878352.2075,0.024464804704541578
A0,2020-07-02,2020-09-09,NVDA,9.65,9.58,11.8832,3266.24,30.213,69,close<MA;partial,36,38.0,8.0,21.0,151.0,812,186.0,807,66.0,802,XLK,2.0,11.0,4075881026.7451997,0.03410670395752148
A0,2020-09-08,2020-09-10,GM,31.75,31.05,31.019,-338.54,-1.044,2,stop,37,15.0,1.0,10.0,79.0,445,256.0,439,255.0,433,XLY,2.0,11.0,413184004.97999996,0.03783452689603943
A0,2020-08-13,2020-09-15,CMG,23.89,23.35,25.4178,926.51,2.816,33,close<MA;partial,58,11.0,7.0,14.0,299.0,512,248.0,509,139.0,506,XLY,2.0,11.0,388657829.65749997,0.025116731044607786
A0,2020-09-14,2020-09-18,BLDR,32.5,31.85,31.821,-308.68,-1.049,4,stop,52,5.0,,,116.0,459,43.0,454,81.0,447,XLY,2.0,11.0,128880236.56824999,0.04302003887257539
A0,2020-09-11,2020-09-21,FDX,231.81,225.47,234.2374,147.97,0.383,10,partial;stop,45,8.0,,,49.0,448,29.0,443,56.0,436,XLI,4.0,11.0,568967551.426,0.027411166310619805
A0,2020-09-18,2020-09-21,DE,221.82,219.45,216.0337,-382.0,-2.44,3,stop,35,21.0,9.0,14.0,70.0,512,60.0,506,174.0,497,XLI,2.0,11.0,450726994.38500005,0.025292836464381553
A0,2020-09-30,2020-10-01,DE,225.61,220.24,220.0148,-363.39,-1.041,1,stop,35,26.0,10.0,18.0,93.0,646,60.0,641,199.0,631,XLI,2.0,11.0,377368364.402,0.027313396486279378
A0,2020-09-28,2020-10-15,HOLX,65.8,65.1,66.1706,83.96,0.539,17,partial;stop,38,39.0,4.0,18.0,280.0,649,165.0,644,106.0,634,XLV,8.0,11.0,155427798.548,0.03661756017209837
A0,2020-10-06,2020-10-15,CRM,256.76,249.0,259.6804,145.84,0.376,9,partial;stop,73,100.0,9.0,18.0,480.0,589,127.0,586,176.0,580,XLK,3.0,11.0,1469154145.741,0.03148062542082346
A0,2020-09-30,2020-10-19,DHI,75.96,74.11,76.0515,18.55,0.052,19,partial;stop,15,6.0,,,126.0,646,76.0,641,81.0,631,XLI,2.0,11.0,248495418.50700003,0.03614381008307985
A0,2020-09-24,2020-10-20,DRI,94.84,92.31,97.9323,472.39,1.218,26,close<MA;partial,58,11.0,7.0,19.0,72.0,623,106.0,617,206.0,608,XLY,3.0,11.0,177297206.7075,0.03594094023224628
A0,2020-09-30,2020-10-21,LEN,77.85,76.6,78.781,175.72,0.744,21,partial;stop,15,6.0,,,106.0,646,98.0,641,91.0,631,XLI,2.0,11.0,241992161.51596007,0.03947622724854479
A0,2020-10-19,2020-10-21,LUV,40.04,39.57,39.5264,-190.53,-1.083,2,stop,45,8.0,,,370.0,504,161.0,498,290.0,493,XLI,1.0,11.0,348020725.763,0.03433475368835299
A0,2020-10-21,2020-10-22,TWTR,49.02,48.85,48.8011,-66.44,-1.289,1,stop,73,85.0,5.0,14.0,98.0,491,101.0,483,151.0,477,XLK,3.0,11.0,794291199.7889999,0.03284098508056785
A0,2020-10-22,2020-10-27,LUV,40.94,40.08,40.0399,-330.66,-1.047,5,stop,45,8.0,,,263.0,467,123.0,459,266.0,453,XLI,3.0,11.0,332423169.58650005,0.03155483003689695
A0,2020-10-02,2020-10-28,DE,226.29,220.26,226.2257,-3.99,-0.01,26,close<MA;partial,35,24.0,11.0,18.0,216.0,639,68.0,635,249.0,626,XLI,3.0,11.0,371280695.7055,0.026650100419205812
A0,2020-10-30,2020-11-02,FIVN,154.75,149.35,149.1971,-200.07,-1.028,3,stop,73,87.0,6.0,11.0,110.0,508,129.0,498,137.0,492,XLK,6.0,11.0,76382820.6245,0.03494671602187426
A0,2020-11-05,2020-11-06,IP,47.36,46.15,46.0993,-205.06,-1.038,1,stop,26,3.0,,,95.0,545,75.0,537,213.0,529,XLB,3.0,11.0,136923971.2865,0.025589768202143825
A0,2020-11-04,2020-11-09,GH,114.44,110.11,110.0042,-199.81,-1.025,5,stop,80,8.0,,,303.0,508,71.0,499,252.0,492,XLV,10.0,11.0,119115935.527,0.03783515654602303
A0,2020-11-09,2020-11-10,ALLY,30.06,29.5,29.4705,-209.28,-1.053,1,stop,60,22.0,9.0,16.0,312.0,574,102.0,565,73.0,559,XLF,9.0,11.0,138231846.092,0.033478901612503345
A0,2020-11-09,2020-11-10,IVZ,15.15,14.77,14.7552,-206.26,-1.039,1,stop,62,12.0,10.0,16.0,158.0,574,94.0,565,90.0,559,XLF,9.0,11.0,79276857.158,0.03723131929032916
A0,2020-11-04,2020-11-11,FIVE,141.53,137.13,143.0079,64.97,0.335,7,partial;stop,53,5.0,,,158.0,508,66.0,499,147.0,492,XLY,4.0,11.0,67338222.2735,0.03112879182887075
A0,2020-11-16,2020-11-17,BG,60.56,58.65,58.5913,-411.55,-1.031,1,stop,20,14.0,9.0,17.0,243.0,725,119.0,715,108.0,709,XLP,8.0,11.0,90538846.671,0.03482718556768465
A0,2020-12-01,2020-12-02,FDX,296.37,287.6,286.9328,-434.16,-1.076,1,stop,45,8.0,,,517.0,718,150.0,706,60.0,698,XLI,1.0,11.0,719274617.212,0.030851116245090245
A0,2020-12-03,2020-12-08,TWTR,47.99,47.03,46.983,-318.58,-1.049,5,stop,73,107.0,7.0,17.0,288.0,708,414.0,695,187.0,688,XLK,11.0,11.0,603116472.2735,0.03415170056630211
A0,2020-10-16,2020-12-11,GM,32.91,32.68,40.8014,3581.39,33.874,56,close<MA;partial,37,18.0,11.0,14.0,323.0,538,150.0,533,226.0,527,XLY,1.0,11.0,347157994.0905,0.030908008197797175
A0,2020-12-04,2020-12-11,QCOM,153.48,150.0,149.0908,-434.86,-1.261,7,stop,36,35.0,1.0,16.0,263.0,685,200.0,672,104.0,665,XLK,9.0,11.0,1389687792.844,0.028548333513251183
A0,2020-12-14,2020-12-18,TJX,66.99,65.32,67.0848,22.42,0.059,4,partial;stop,56,8.0,,,307.0,536,310.0,519,298.0,510,XLY,7.0,11.0,592861699.7409999,0.02484589809170473
A0,2020-12-15,2020-12-21,MTCH,150.7,145.65,150.9345,18.95,0.046,6,partial;stop,73,87.0,1.0,13.0,317.0,546,203.0,529,142.0,520,XLK,5.0,11.0,254308216.58949995,0.03524257289334269
A0,2020-11-25,2020-12-24,XLNX,136.99,133.92,143.6491,732.85,2.175,29,close<MA;partial,36,42.0,1.0,17.0,322.0,767,223.0,755,195.0,748,XLK,11.0,11.0,576451147.098,0.03421251287058674
A0,2020-12-23,2020-12-24,HCA,166.15,164.42,164.2556,-175.81,-1.095,1,stop,80,8.0,,,283.0,557,220.0,542,148.0,526,XLV,8.0,11.0,237326938.9735,0.024416253311984937
A0,2020-12-23,2020-12-29,COF,96.72,95.75,95.6543,-171.04,-1.099,6,stop,60,21.0,7.0,13.0,237.0,557,227.0,542,242.0,526,XLF,2.0,11.0,286618063.53249997,0.029728480227840998
A0,2020-12-28,2021-01-04,C,61.88,60.49,61.5284,-88.71,-0.254,7,partial;stop,60,20.0,7.0,12.0,294.0,516,190.0,503,361.0,486,XLF,2.0,11.0,1230956383.4290001,0.025226829917481364
A0,2020-11-19,2021-01-07,MDB,258.26,246.22,321.1618,2075.83,5.224,49,close<MA;partial,73,117.0,7.0,17.0,607.0,752,356.0,741,471.0,735,XLK,9.0,11.0,146958617.52850002,0.04662683907924838
A0,2021-01-07,2021-01-08,UBER,56.08,53.8,53.7436,-431.5,-1.024,1,stop,73,100.0,2.0,13.0,457.0,540,167.0,529,187.0,511,XLI,4.0,11.0,1002335201.832,0.040634789152102245
A0,2021-01-13,2021-01-14,MTCH,159.69,154.38,154.228,-431.46,-1.029,1,stop,73,98.0,2.0,13.0,391.0,562,208.0,550,229.0,532,XLK,8.0,11.0,345099650.18999994,0.033234135875100164
A0,2021-01-14,2021-01-15,DAL,41.97,41.12,41.0789,-338.47,-1.048,1,stop,45,7.0,,,489.0,551,276.0,539,265.0,519,XLI,4.0,11.0,452665390.24350005,0.029005964497190156
A0,2020-12-15,2021-01-25,DFS,85.17,82.64,89.996,782.6,1.916,41,close<MA;partial,61,8.0,,,287.0,546,131.0,529,172.0,520,XLF,2.0,11.0,215515787.742,0.02960308506213775
A0,2021-01-05,2021-01-25,EXPE,136.01,131.46,136.6825,30.45,0.149,20,close<MA;partial,47,3.0,,,292.0,492,157.0,482,168.0,462,XLI,5.0,11.0,345524903.832,0.034094990061653355
A0,2021-01-21,2021-01-25,PYPL,250.1,243.58,243.3364,-216.43,-1.037,4,stop,73,93.0,3.0,14.0,370.0,567,347.0,553,292.0,531,XLI,7.0,11.0,1566127219.506,0.028743266116116377
A0,2020-12-31,2021-01-27,MU,74.68,72.58,76.5581,370.06,0.895,27,partial;stop,36,33.0,2.0,12.0,195.0,481,134.0,471,216.0,451,XLK,6.0,11.0,1071339028.6025,0.02810084818719369
A0,2021-01-28,2021-01-29,MIDD,142.92,138.31,138.1717,-422.85,-1.03,1,stop,35,35.0,12.0,19.0,252.0,699,280.0,683,182.0,659,XLI,7.0,11.0,131424026.30399999,0.034504112831806814
A0,2020-11-25,2021-02-01,KEYS,119.11,117.12,137.2241,2282.51,9.108,68,close<MA;partial,38,46.0,16.0,17.0,400.0,767,304.0,755,528.0,748,XLV,9.0,11.0,146984269.19199997,0.025927021199772672
A0,2021-02-02,2021-02-03,AVGO,47.05,46.8,46.7532,-95.78,-1.189,1,stop,36,51.0,3.0,21.0,315.0,836,361.0,817,271.0,792,XLK,3.0,11.0,760089325.6705,0.02400143199183846
A0,2021-02-02,2021-02-03,ANET,20.04,19.67,19.6534,-297.44,-1.053,1,stop,35,41.0,13.0,21.0,276.0,836,191.0,817,495.0,792,XLK,3.0,11.0,207045038.21359998,0.02571979566476964
A0,2021-02-04,2021-02-10,ALLY,42.03,40.59,40.5494,-419.57,-1.028,6,stop,60,23.0,16.0,21.0,263.0,833,263.0,815,127.0,787,XLF,2.0,11.0,209583094.93400002,0.034967979825164267
A0,2021-02-08,2021-02-17,ROKU,448.62,431.82,450.0681,34.8,0.086,9,partial;stop,48,15.0,12.0,20.0,146.0,798,110.0,779,69.0,753,XLC,5.0,11.0,1698957524.5555,0.04509708729124425
A0,2021-02-12,2021-02-17,MU,87.34,85.46,85.3745,-215.9,-1.046,5,stop,36,50.0,4.0,20.0,330.0,802,212.0,782,197.0,757,XLK,2.0,11.0,1297463566.1285,0.03515321197187975
A0,2021-02-04,2021-02-18,DE,307.27,301.95,308.6472,67.56,0.259,14,partial;stop,35,39.0,14.0,21.0,291.0,833,413.0,815,195.0,787,XLI,6.0,11.0,490559703.88850003,0.026443881210620145
A0,2021-02-24,2021-02-26,F,12.05,11.64,11.6284,-434.27,-1.028,2,stop,37,29.0,11.0,20.0,493.0,847,316.0,825,223.0,798,XLY,6.0,11.0,867227138.8859999,0.03791618925672041
A0,2021-02-22,2021-03-04,SYF,38.35,37.94,38.681,133.39,0.793,10,partial;stop,61,12.0,1.0,18.0,681.0,821,412.0,799,293.0,773,XLF,2.0,11.0,234815107.62550002,0.03181797061703241
A0,2021-01-29,2021-03-05,WDC,58.72,56.17,65.5269,1089.32,2.667,35,close<MA;partial,35,38.0,15.0,20.0,342.0,762,326.0,746,421.0,722,XLK,3.0,11.0,290793124.9695,0.04348200715182823
A0,2021-03-11,2021-03-12,DD,32.4,32.06,32.0307,-181.72,-1.096,1,stop,28,71.0,3.0,22.0,426.0,908,388.0,890,478.0,861,XLB,3.0,11.0,458189323.02458984,0.03199606409233715
A0,2021-03-10,2021-03-22,GS,340.44,331.53,341.4978,49.71,0.119,12,partial;stop,62,24.0,5.0,22.0,222.0,898,156.0,881,275.0,851,XLF,2.0,11.0,988548511.8745,0.026386591925300018
A0,2021-03-05,2021-03-23,ISBC,14.04,13.69,14.1071,76.26,0.195,18,partial;stop,60,25.0,10.0,20.0,155.0,843,158.0,824,171.0,795,XLF,2.0,11.0,92811372.0025,0.02718148155223245
A0,2021-03-17,2021-03-23,BAC,38.21,37.33,37.2927,-390.05,-1.042,6,stop,60,29.0,10.0,22.0,192.0,897,238.0,879,388.0,853,XLF,2.0,11.0,2140351430.933,0.025401183189887377
A0,2021-02-16,2021-03-24,WFC,34.1,34.0,38.1506,1845.2,38.882,36,close<MA;partial,60,21.0,15.0,19.0,624.0,800,316.0,779,432.0,754,XLF,2.0,11.0,1058823821.2379999,0.02764516465278812
A0,2021-03-05,2021-03-24,PII,127.08,122.86,133.2615,612.28,1.467,19,close<MA;partial,37,28.0,12.0,20.0,308.0,843,286.0,824,502.0,795,XLI,4.0,11.0,87127480.08399999,0.033172192333549996
A0,2021-02-24,2021-03-25,HPQ,27.71,27.21,29.1583,829.76,2.915,29,close<MA;partial,35,39.0,16.0,20.0,319.0,847,293.0,825,336.0,798,XLK,4.0,11.0,223490622.328,0.02550342218836545
A0,2021-03-24,2021-03-25,AMAT,123.14,120.42,118.6412,-576.23,-1.653,1,stop,36,56.0,7.0,22.0,354.0,890,139.0,876,132.0,853,XLK,8.0,11.0,1106479681.468,0.04705288380854765
A0,2021-04-06,2021-04-07,LUV,64.38,63.24,63.1768,-293.44,-1.055,1,stop,45,8.0,,,194.0,711,155.0,702,255.0,679,XLI,3.0,11.0,479096841.7099999,0.03248827714876057
A0,2021-04-07,2021-04-08,HPQ,32.65,32.15,32.1178,-253.76,-1.065,1,stop,35,26.0,11.0,16.0,238.0,679,184.0,670,230.0,647,XLK,8.0,11.0,379877143.426,0.025352202613077784
A0,2021-04-09,2021-04-12,INTC,67.51,66.63,66.5634,-218.08,-1.076,3,stop,36,45.0,4.0,15.0,204.0,627,135.0,619,397.0,597,XLK,6.0,11.0,2059768081.2837498,0.029011837559342148
A0,2021-04-09,2021-04-13,GE,68.3,66.89,66.8203,-217.67,-1.047,4,stop,36,45.0,4.0,15.0,486.0,627,267.0,619,99.0,597,XLK,6.0,11.0,1029696295.5195879,0.03232749592370829
A0,2021-04-14,2021-04-15,LUV,64.7,62.83,62.769,-212.92,-1.034,1,stop,45,8.0,,,197.0,594,102.0,585,214.0,564,XLI,5.0,11.0,408747189.8495,0.028944520625598418
A0,2021-04-14,2021-04-20,BKNG,98.88,96.3,96.2029,-214.33,-1.037,6,stop,47,4.0,,,275.0,594,315.0,585,339.0,564,XLI,5.0,11.0,976112914.6520001,0.02835668632620994
A0,2021-04-14,2021-04-20,COF,134.76,132.32,132.1877,-216.46,-1.054,6,stop,60,19.0,7.0,14.0,277.0,594,184.0,585,169.0,564,XLF,4.0,11.0,334425195.932,0.025204084920635805
A0,2021-04-21,2021-04-28,NXST,155.04,149.72,149.5703,-213.31,-1.028,7,stop,48,7.0,,,247.0,513,43.0,507,120.0,487,XLC,2.0,11.0,70383610.17899999,0.03595130115759812
A0,2021-04-21,2021-05-03,BWA,49.63,48.1,48.8711,-102.4,-0.496,12,close<MA,37,22.0,13.0,14.0,250.0,513,107.0,507,326.0,487,XLY,10.0,11.0,106235990.3015,0.03081170193445848
A0,2021-05-07,2021-05-11,DHI,102.7,100.71,100.6093,-219.27,-1.051,4,stop,15,5.0,,,95.0,458,72.0,452,231.0,436,XLI,4.0,11.0,300112340.18050003,0.02627261670708424
A0,2021-05-07,2021-05-11,LEN,104.12,101.44,101.3408,-216.89,-1.038,4,stop,15,5.0,,,176.0,458,134.0,452,242.0,436,XLI,4.0,11.0,198036727.20159957,0.025731618893323392
A0,2021-04-14,2021-05-12,HPQ,33.21,32.91,33.4082,90.89,0.643,28,close<MA;partial,35,23.0,8.0,14.0,102.0,594,133.0,585,157.0,564,XLK,6.0,11.0,359000253.777,0.024935771908893727
A0,2021-04-21,2021-05-12,MIDD,171.38,166.66,174.1322,118.29,0.583,21,partial;stop,35,11.0,5.0,14.0,169.0,513,117.0,507,156.0,487,XLI,3.0,11.0,81978536.16099998,0.02755573077147816
A0,2021-04-26,2021-05-12,SPG,119.18,118.43,119.9823,104.42,1.072,16,partial;stop,67,9.0,,,241.0,458,123.0,451,112.0,432,XLRE,3.0,11.0,301962364.96999997,0.024744157987158993
A0,2021-05-14,2021-05-19,FL,64.88,62.78,62.7169,-424.91,-1.03,5,stop,56,6.0,,,125.0,545,122.0,540,133.0,523,XLY,10.0,11.0,78490713.64750001,0.032443889631926154
A0,2021-05-17,2021-05-19,HOG,50.72,49.01,48.9614,-423.98,-1.029,2,stop,37,20.0,7.0,12.0,37.0,553,63.0,547,244.0,531,XLI,4.0,11.0,148338893.022,0.03371849395319743
A0,2021-05-20,2021-05-26,ICLR,231.2,226.57,226.3484,-320.27,-1.049,6,stop,87,5.0,,,110.0,545,204.0,540,333.0,524,XLV,7.0,11.0,148578446.646,0.026715964058588386
A0,2021-05-26,2021-05-27,FTNT,43.33,42.83,42.7832,-190.82,-1.086,1,stop,35,20.0,2.0,13.0,113.0,542,44.0,536,66.0,521,XLK,9.0,11.0,228305148.90850002,0.02847380572732664
A0,2021-05-26,2021-05-27,WPM,48.23,47.9,47.8521,-118.84,-1.146,1,stop,10,13.0,3.0,13.0,45.0,542,69.0,536,353.0,521,XLB,1.0,11.0,104787199.8915,0.02998914646301823
A0,2021-05-24,2021-06-01,IRM,43.8,42.97,43.6963,-37.73,-0.129,8,partial;stop,67,12.0,5.0,13.0,132.0,543,30.0,537,104.0,522,XLRE,4.0,11.0,101832364.28999999,0.024595462910900062
A0,2021-06-01,2021-06-02,ALLY,55.35,55.17,55.1198,-62.23,-1.324,1,stop,60,13.0,3.0,13.0,134.0,531,63.0,525,68.0,507,XLF,3.0,11.0,192057270.0925,0.024484810003857823
A0,2021-06-01,2021-06-02,MT,33.99,33.54,33.5065,-217.61,-1.075,1,stop,33,6.0,,,126.0,531,37.0,525,70.0,507,XLB,2.0,11.0,174391706.3695,0.027916740804191126
A0,2021-06-01,2021-06-08,HES,87.03,86.15,87.3403,55.15,0.357,7,partial;stop,29,8.0,,,95.0,531,61.0,525,103.0,507,XLE,9.0,11.0,165712262.745,0.03295667820144514
A0,2021-06-08,2021-06-10,STLD,66.34,64.1,64.0358,-420.98,-1.029,2,stop,33,5.0,,,250.0,471,68.0,465,86.0,450,XLB,2.0,11.0,165021733.6695,0.03371242521067873
A0,2021-06-09,2021-06-10,MTZ,121.73,120.13,120.0099,-216.94,-1.075,1,stop,16,2.0,,,183.0,462,63.0,455,53.0,440,XLI,4.0,11.0,98739606.3005,0.030213578640473637
A0,2021-06-11,2021-06-14,ET,11.16,11.12,11.1089,-72.03,-1.27,3,stop,49,7.0,,,137.0,426,36.0,421,83.0,403,XLU,7.0,11.0,174564797.7355,0.027479256437900102
A0,2021-06-14,2021-06-16,CROX,109.86,109.52,109.4105,-63.14,-1.318,2,stop,30,5.0,,,230.0,403,40.0,398,72.0,381,XLB,2.0,11.0,189154801.7285,0.037175285056609095
A0,2021-06-15,2021-06-16,CHK,57.05,55.47,55.4184,-211.72,-1.035,1,stop,13,20.0,1.0,8.0,219.0,393,58.0,388,27.0,372,XLE,10.0,11.0,69617613.08,0.027576266602600086
A0,2021-05-13,2021-06-18,DXC,35.34,34.31,37.0482,683.44,1.668,36,close<MA;partial,73,90.0,12.0,12.0,83.0,523,40.0,517,93.0,502,XLK,11.0,11.0,65209233.58150001,0.029065984078123764
A0,2021-06-23,2021-07-06,AR,14.36,13.93,14.5959,216.02,0.533,13,partial;stop,13,21.0,1.0,9.0,206.0,438,27.0,431,32.0,417,XLE,2.0,11.0,76607287.71650001,0.04785826572896844
A0,2021-06-24,2021-07-06,ANF,44.53,43.54,45.0276,168.65,0.496,12,partial;stop,56,7.0,,,147.0,431,56.0,424,38.0,411,XLY,7.0,11.0,87468215.499,0.04459476939653462
A0,2021-07-01,2021-07-06,MRO,14.2,13.8,13.7862,-425.1,-1.034,5,stop,13,25.0,1.0,11.0,294.0,471,90.0,462,47.0,448,XLE,4.0,11.0,238116777.427,0.037686836334411125
A0,2021-07-06,2021-07-07,SNAP,69.75,68.13,68.0619,-369.03,-1.042,1,stop,73,78.0,2.0,10.0,143.0,467,92.0,457,158.0,443,XLK,4.0,11.0,965624161.7835001,0.03948694341428933
A0,2021-07-07,2021-07-08,ZS,227.23,223.27,221.798,-363.74,-1.372,1,stop,73,78.0,1.0,11.0,72.0,473,77.0,463,283.0,449,XLK,3.0,11.0,379431920.711,0.027770622893686737
A0,2021-07-06,2021-07-14,DXCM,110.01,107.27,110.4236,56.4,0.149,8,partial;stop,38,13.0,5.0,10.0,132.0,467,137.0,457,261.0,443,XLV,3.0,11.0,357451548.994,0.024956549154746183
A0,2021-07-09,2021-07-14,ALNY,177.71,172.01,171.8397,-205.38,-1.03,5,stop,28,49.0,3.0,11.0,75.0,476,78.0,466,121.0,452,XLV,2.0,11.0,134306331.872,0.032051836153105556
A0,2021-07-09,2021-07-15,SNOW,254.25,249.82,249.5702,-210.77,-1.056,6,stop,73,80.0,1.0,11.0,188.0,476,171.0,466,361.0,452,XLK,3.0,11.0,1020416153.9375,0.03121958147475301
A0,2021-07-14,2021-07-15,CROX,118.8,116.4,116.2836,-319.42,-1.049,1,stop,30,4.0,,,103.0,464,33.0,453,64.0,441,XLB,7.0,11.0,119620914.5055,0.033181146702725366
A0,2021-07-16,2021-07-19,DXCM,112.57,110.24,110.1323,-209.43,-1.047,3,stop,38,17.0,9.0,12.0,65.0,462,110.0,454,148.0,440,XLV,2.0,11.0,349186822.56000006,0.02412943971367899
A0,2021-07-20,2021-07-26,ALNY,180.42,174.73,180.6302,7.35,0.037,6,partial;stop,28,36.0,1.0,11.0,88.0,426,46.0,418,199.0,406,XLV,2.0,11.0,119630010.4645,0.03313293690542039
A0,2021-07-20,2021-07-26,BNL,25.26,24.61,25.2685,4.16,0.021,6,partial;stop,,,,,106.0,426,48.0,418,84.0,406,,,,64475456.498,0.025437007969239523
A0,2021-07-20,2021-07-27,DOCU,299.05,290.5,300.1246,24.75,0.126,7,partial;stop,73,75.0,2.0,11.0,40.0,426,40.0,418,143.0,406,XLK,3.0,11.0,635010177.086,0.02986738527930769
A0,2021-07-23,2021-07-27,ETSY,208.05,200.02,199.8244,-205.63,-1.025,4,stop,73,76.0,2.0,11.0,40.0,452,283.0,446,313.0,434,XLI,8.0,11.0,497756549.1175,0.03857265282451536
A0,2021-07-28,2021-08-02,DDOG,112.64,109.5,109.3905,-416.26,-1.035,5,stop,73,77.0,2.0,8.0,82.0,401,59.0,394,231.0,382,XLK,4.0,11.0,165141194.24400002,0.03009800942174447
A0,2021-08-03,2021-08-04,SNOW,275.27,271.24,270.9688,-236.84,-1.067,1,stop,73,72.0,1.0,9.0,38.0,429,73.0,423,316.0,416,XLK,1.0,11.0,835716617.5345,0.041032580338680666
A0,2021-08-03,2021-08-06,ZS,242.35,238.32,238.0817,-269.04,-1.059,3,stop,73,72.0,1.0,9.0,41.0,429,45.0,423,204.0,416,XLK,1.0,11.0,327170768.44949996,0.03199235033025921
A0,2021-08-05,2021-08-06,NVDA,20.55,20.34,20.3217,-171.67,-1.096,1,stop,36,25.0,5.0,11.0,212.0,433,42.0,429,44.0,421,XLK,1.0,11.0,6663096883.9051,0.03343146341735103
A0,2021-08-05,2021-08-11,MDB,372.37,359.23,358.8693,-202.54,-1.027,6,stop,73,73.0,1.0,11.0,184.0,433,57.0,429,320.0,421,XLK,1.0,11.0,186700333.4215,0.035296674748372926
A0,2021-08-10,2021-08-11,DOCU,310.82,301.09,300.7873,-200.58,-1.031,1,stop,73,78.0,1.0,9.0,110.0,452,31.0,447,100.0,439,XLK,1.0,11.0,561881526.4255,0.03129830118979902
A0,2021-06-04,2021-09-14,FTNT,44.24,43.48,56.0444,3162.45,15.441,102,close<MA;partial,35,16.0,4.0,13.0,217.0,509,80.0,503,88.0,487,XLK,10.0,11.0,194605518.69899997,0.02546052824891764
A0,2021-08-24,2021-09-14,SPLK,149.44,145.92,151.7677,132.72,0.662,21,close<MA;partial,73,86.0,4.0,8.0,183.0,415,95.0,408,232.0,395,XLK,1.0,11.0,218515902.92800003,0.025580910017144742
A0,2021-09-16,2021-09-20,NET,132.22,128.1,125.1547,-735.01,-1.716,4,stop,73,73.0,2.0,8.0,145.0,361,48.0,351,24.0,335,XLK,1.0,11.0,292645424.924,0.033408599261417656
A0,2021-09-22,2021-09-24,NET,134.67,130.4,130.2696,-436.09,-1.031,2,stop,73,79.0,4.0,8.0,135.0,389,58.0,377,24.0,358,XLK,1.0,11.0,324833376.5485,0.0335532955844159
A0,2021-09-21,2021-09-27,DDOG,146.01,142.11,141.9679,-436.1,-1.036,6,stop,73,79.0,3.0,7.0,163.0,378,34.0,366,29.0,346,XLK,1.0,11.0,372005968.8895,0.032593446759029074
A0,2021-08-20,2021-09-29,ZS,249.96,243.64,263.0541,405.93,2.072,40,close<MA;partial,73,85.0,3.0,8.0,98.0,416,32.0,410,124.0,398,XLK,1.0,11.0,250727240.725,0.028794660823495723
A0,2021-08-24,2021-09-29,MDB,383.36,378.21,452.9612,2714.33,13.506,36,close<MA;partial,73,86.0,4.0,8.0,165.0,415,66.0,408,207.0,395,XLK,1.0,11.0,192437752.68150002,0.03495296564502425
A0,2021-08-27,2021-09-29,TEAM,357.86,350.99,381.4513,684.22,3.436,33,close<MA;partial,73,89.0,2.0,7.0,26.0,413,23.0,405,39.0,389,XLK,1.0,11.0,406655795.026,0.03290616628590308
A0,2021-09-09,2021-09-29,DASH,203.84,200.8,209.6331,399.47,1.902,20,close<MA;partial,73,74.0,1.0,6.0,91.0,337,32.0,326,47.0,310,XLI,9.0,11.0,625974893.1245,0.039823503704576504
A0,2021-10-05,2021-10-06,CHK,65.83,64.51,64.4455,-322.98,-1.049,1,stop,13,24.0,1.0,12.0,80.0,501,71.0,487,55.0,467,XLE,2.0,11.0,114357468.7325,0.03356866551732702
A0,2021-10-01,2021-10-08,CHDN,123.44,120.78,123.0668,-46.44,-0.139,7,partial;stop,,,,,63.0,461,61.0,447,210.0,427,,,,63378311.91849999,0.02467355469200363
A0,2021-10-11,2021-10-12,CHK,67.22,64.89,62.3276,-855.67,-2.097,1,stop,13,24.0,2.0,13.0,113.0,507,83.0,495,61.0,476,XLE,1.0,11.0,111939361.15300003,0.03469277451596383
A0,2021-10-12,2021-10-14,CACC,635.66,618.65,618.0334,-193.84,-1.036,2,stop,61,13.0,1.0,13.0,182.0,497,39.0,484,33.0,465,XLF,2.0,11.0,108914998.94749999,0.026748692852564683
A0,2021-10-14,2021-10-15,SNOW,330.55,329.89,329.5601,-45.55,-1.5,1,stop,73,95.0,4.0,12.0,213.0,476,78.0,464,71.0,449,XLK,4.0,11.0,1096437747.6655002,0.03138973259371573
A0,2021-10-25,2021-10-27,EOG,93.59,92.84,92.7472,-139.65,-1.123,2,stop,13,23.0,1.0,10.0,54.0,443,105.0,431,90.0,416,XLE,1.0,11.0,401508000.371,0.032558203623146174
A0,2021-10-28,2021-11-03,PCTY,300.17,298.21,297.9118,-115.16,-1.152,6,stop,73,93.0,6.0,10.0,162.0,423,35.0,413,47.0,398,XLK,4.0,11.0,71259238.5635,0.024166313531223095
A0,2021-11-02,2021-11-03,DVN,42.44,41.7,41.6583,-218.76,-1.056,1,stop,13,22.0,1.0,9.0,120.0,402,32.0,393,36.0,376,XLE,1.0,11.0,420885134.3735,0.034500674398978345
A0,2021-10-29,2021-11-04,NFLX,67.75,67.12,67.8882,32.33,0.225,6,partial;stop,78,4.0,,,113.0,424,80.0,414,99.0,400,XLC,11.0,11.0,3022239465.8970003,0.02557146913405105
A0,2021-11-04,2021-11-09,MGM,49.52,48.2,48.1538,-432.91,-1.037,5,stop,70,7.0,,,212.0,427,121.0,416,132.0,400,XLY,2.0,11.0,296755035.6675,0.02660489405468704
A0,2021-11-08,2021-11-09,PLTR,26.78,26.12,25.8741,-533.47,-1.374,1,stop,73,100.0,5.0,11.0,197.0,478,182.0,467,106.0,450,XLK,3.0,11.0,682377190.5074999,0.03158235217596932
A0,2021-11-17,2021-11-18,NFLX,69.17,68.61,68.5404,-143.91,-1.123,1,stop,78,4.0,,,232.0,558,128.0,547,127.0,528,XLC,10.0,11.0,2650036754.0225,0.024241349560601606
A0,2021-10-21,2021-11-22,TEAM,416.3,408.7,432.7169,443.37,2.162,32,close<MA;partial,73,93.0,7.0,11.0,287.0,437,32.0,425,30.0,412,XLK,5.0,11.0,360341462.6565,0.02967536356160579
A0,2021-11-12,2021-11-22,SNOW,377.77,374.62,374.2454,-144.4,-1.119,10,stop,73,110.0,7.0,12.0,170.0,530,111.0,521,58.0,502,XLK,3.0,11.0,707875738.2,0.026652759296243566
A0,2021-11-19,2021-11-22,PANW,89.62,87.06,86.9736,-217.23,-1.034,3,stop,35,16.0,5.0,10.0,274.0,554,85.0,543,103.0,525,XLK,3.0,11.0,583541459.51961,0.02858788542754978
A0,2021-11-19,2021-11-22,BX,149.82,145.91,145.7601,-219.22,-1.037,3,stop,62,9.0,,,123.0,554,131.0,543,68.0,525,XLF,5.0,11.0,446266811.08150005,0.026122505402803486
A0,2021-10-13,2021-11-24,DDOG,150.82,146.36,170.349,878.78,4.378,42,close<MA;partial,73,92.0,6.0,12.0,135.0,474,52.0,462,44.0,446,XLK,7.0,11.0,331400349.8905,0.03412288129228537
A0,2021-12-01,2021-12-02,ON,64.1,61.91,60.0998,-756.79,-1.829,1,stop,36,38.0,2.0,14.0,37.0,610,43.0,597,54.0,576,XLK,3.0,11.0,362682745.937,0.034151672235441057
A0,2021-12-01,2021-12-02,TER,155.92,152.13,149.3705,-647.98,-1.729,1,stop,38,33.0,8.0,14.0,75.0,610,81.0,597,178.0,576,XLV,10.0,11.0,188149518.16,0.027402360522476847
A0,2021-12-03,2021-12-06,ON,65.54,63.15,63.0844,-421.59,-1.026,3,stop,36,40.0,3.0,18.0,61.0,639,35.0,624,39.0,604,XLK,3.0,11.0,353773360.7475,0.036437189786047694
A0,2021-12-07,2021-12-10,WSC,40.23,39.79,39.7502,-184.79,-1.09,3,stop,73,135.0,16.0,17.0,34.0,652,30.0,635,70.0,613,XLK,3.0,11.0,95794756.9975,0.03329137402672407
A0,2021-12-13,2021-12-14,QCOM,188.96,183.11,181.0188,-277.9,-1.358,1,stop,36,39.0,2.0,17.0,35.0,646,62.0,628,83.0,610,XLK,3.0,11.0,2249561546.3805,0.03301786119603847
A0,2021-12-15,2021-12-16,TER,161.7,156.3,156.1484,-211.02,-1.029,1,stop,38,31.0,13.0,19.0,47.0,665,45.0,651,135.0,631,XLV,9.0,11.0,206207601.3735,0.03337513186964486
A0,2021-12-13,2022-01-04,PFE,55.76,53.89,57.0735,144.96,0.705,22,close<MA;partial,28,49.0,7.0,17.0,69.0,646,96.0,628,87.0,610,XLV,9.0,11.0,2138658429.9299998,0.03351364574625595
A0,2021-12-27,2022-01-04,LRCX,72.06,70.28,72.142,9.24,0.044,8,partial;stop,35,26.0,5.0,18.0,130.0,711,140.0,702,259.0,689,XLI,9.0,11.0,983315866.9495001,0.0345332435622384
A0,2022-01-05,2022-01-06,QCOM,192.87,187.15,184.3355,-623.22,-1.492,1,stop,36,35.0,1.0,11.0,207.0,478,28.0,470,70.0,456,XLK,2.0,11.0,1465463864.948,0.029664090174662795
A0,2021-10-08,2022-01-10,BLDR,55.6,54.45,72.2836,4622.59,14.568,94,close<MA;partial,52,2.0,,,222.0,509,58.0,497,194.0,477,XLY,5.0,11.0,102200436.6275,0.027483017491608454
A0,2022-01-13,2022-01-14,KLAC,44.67,43.26,41.8751,-824.39,-1.987,1,stop,38,29.0,6.0,12.0,124.0,506,26.0,498,50.0,484,XLV,6.0,11.0,547760801.164,0.031481255003683054
A0,2022-01-03,2022-01-20,F,21.51,21.06,22.5519,480.67,2.304,17,close<MA;partial,37,15.0,4.0,10.0,206.0,495,27.0,487,59.0,474,XLY,3.0,11.0,1642558078.454,0.035886452054265446
A0,2022-02-01,2022-02-03,WEX,162.26,160.38,159.4404,-265.24,-1.499,2,stop,73,139.0,19.0,21.0,39.0,823,135.0,819,567.0,807,XLI,9.0,11.0,66714896.654999994,0.038911841782126824
A0,2022-02-01,2022-02-07,CF,72.54,69.4,73.069,67.93,0.168,6,partial;stop,28,58.0,10.0,21.0,284.0,823,27.0,819,30.0,807,XLB,5.0,11.0,248032569.99050003,0.046468080838491146
A0,2022-02-04,2022-02-08,HES,95.2,92.89,92.7971,-383.68,-1.04,4,stop,29,8.0,,,29.0,820,58.0,818,71.0,808,XLE,1.0,11.0,312270881.999,0.04460442963985235
A0,2022-02-11,2022-02-14,PSX,91.29,89.88,89.7901,-250.68,-1.064,3,stop,29,9.0,,,138.0,823,51.0,821,119.0,808,XLE,1.0,11.0,311705032.9975,0.035771381628754984
A0,2022-02-10,2022-02-15,ZNGA,9.26,9.03,9.021,-392.69,-1.039,5,stop,73,142.0,20.0,21.0,99.0,812,23.0,809,176.0,797,XLK,6.0,11.0,384152762.217,0.025320844887929912
A0,2022-02-09,2022-02-17,WEX,166.64,163.81,168.2482,146.67,0.57,8,partial;stop,73,141.0,19.0,20.0,142.0,817,179.0,814,496.0,803,XLI,8.0,11.0,66524436.41900001,0.03538535061022419
A0,2022-02-16,2022-02-18,CNQ,27.22,26.54,26.5135,-210.49,-1.039,2,stop,13,24.0,2.0,22.0,275.0,856,16.0,853,24.0,841,XLE,1.0,11.0,202822728.8515,0.03271356302695597
A0,2022-02-14,2022-02-22,LVS,47.42,45.5,45.4526,-414.56,-1.024,8,stop,70,10.0,4.0,21.0,15.0,842,62.0,840,167.0,827,XLY,10.0,11.0,506855977.54700005,0.0404756091693314
A0,2022-02-22,2022-02-24,HES,96.86,92.8,92.707,-406.67,-1.023,2,stop,29,9.0,,,215.0,849,58.0,846,46.0,833,XLE,1.0,11.0,309412436.998,0.04188575694759693
A0,2022-02-24,2022-02-25,CF,77.35,75.69,75.6143,-207.96,-1.046,1,stop,28,53.0,13.0,21.0,96.0,811,63.0,808,17.0,796,XLB,6.0,11.0,289522570.283,0.055771440582484386
A0,2022-02-25,2022-03-07,HES,97.49,94.4,98.1773,44.15,0.223,10,partial;stop,29,9.0,,,265.0,813,50.0,810,47.0,797,XLE,1.0,11.0,301337813.508,0.03737853264633016
A0,2022-02-28,2022-03-14,SU,30.54,29.65,30.837,66.42,0.333,14,partial;stop,29,9.0,,,285.0,806,103.0,803,28.0,790,XLE,1.0,11.0,251743179.704,0.03017067225417965
A0,2022-02-28,2022-03-14,OVV,43.14,41.66,44.6245,198.52,0.999,14,partial;stop,13,24.0,1.0,21.0,250.0,806,152.0,803,24.0,790,XLE,1.0,11.0,148092959.817,0.04894849342777901
A0,2022-03-17,2022-03-18,WTW,231.64,229.42,229.1906,-156.85,-1.103,1,stop,64,5.0,,,211.0,874,1.0,872,2.0,861,XLF,4.0,11.0,259401353.34649998,0.026579619221390138
A0,2022-03-18,2022-03-28,WEX,173.35,169.62,175.4512,180.86,0.563,10,partial;stop,73,140.0,20.0,22.0,442.0,882,61.0,880,371.0,869,XLI,5.0,11.0,68123433.53349999,0.03875345218469743
A0,2022-03-25,2022-03-28,SU,33.64,32.67,32.6418,-414.76,-1.034,3,stop,29,9.0,,,237.0,826,70.0,824,45.0,814,XLE,1.0,11.0,306341042.8305,0.028806343686864362
A0,2022-03-31,2022-04-01,NEM,80.83,79.45,78.7112,-392.11,-1.535,1,stop,10,16.0,2.0,18.0,101.0,740,74.0,738,58.0,727,XLB,6.0,11.0,731595568.937,0.03415100021352134
A0,2022-03-25,2022-04-05,WTW,237.24,233.89,237.0052,-14.6,-0.069,11,partial;stop,64,4.0,,,362.0,826,1.0,824,2.0,814,XLF,3.0,11.0,242004147.07400003,0.02475370894956611
A0,2022-04-04,2022-04-05,NEM,83.59,80.76,80.678,-408.18,-1.028,1,stop,10,16.0,2.0,17.0,98.0,739,69.0,737,50.0,727,XLB,4.0,11.0,714204307.2994999,0.033911514823809524
A0,2022-04-08,2022-04-11,XOM,86.32,85.17,85.0848,-214.26,-1.074,3,stop,29,8.0,,,299.0,637,74.0,633,59.0,626,XLE,1.0,11.0,2330670943.0899997,0.025442264810755233
A0,2022-04-08,2022-04-11,EOG,125.01,121.78,121.6532,-205.06,-1.038,3,stop,13,29.0,2.0,14.0,209.0,637,66.0,633,58.0,626,XLE,1.0,11.0,549773982.4835,0.034630170745627784
A0,2022-04-12,2022-04-13,NTR,108.95,107.79,107.6822,-172.26,-1.093,1,stop,28,44.0,3.0,13.0,239.0,617,19.0,612,37.0,605,XLB,6.0,11.0,388837340.873,0.03717446901530156
A0,2022-04-06,2022-04-19,KR,59.19,57.55,57.4946,-205.04,-1.035,13,stop,54,2.0,,,511.0,648,69.0,646,54.0,639,XLP,4.0,11.0,379837780.227,0.027656845572660377
A0,2022-04-12,2022-04-19,AEM,66.23,64.26,64.1957,-203.54,-1.033,7,stop,10,17.0,1.0,13.0,298.0,617,73.0,612,120.0,605,XLB,6.0,11.0,190356029.0365,0.029912804341036065
A0,2022-04-06,2022-04-20,LMT,457.99,446.38,460.5882,44.21,0.224,14,partial;stop,37,25.0,13.0,14.0,573.0,648,74.0,646,98.0,639,XLI,7.0,11.0,1085846197.2145,0.02561539507271467
A0,2022-04-20,2022-04-21,PANW,106.09,103.27,103.167,-411.81,-1.037,1,stop,35,23.0,4.0,11.0,108.0,551,74.0,544,96.0,540,XLK,10.0,11.0,873579175.41192,0.03185224426258628
A0,2022-04-07,2022-04-22,ADM,93.59,92.18,94.0818,68.85,0.345,15,partial;stop,20,6.0,,,165.0,646,40.0,643,49.0,636,XLP,5.0,11.0,396577102.12450004,0.025436949544017103
A0,2022-04-21,2022-04-22,OXY,63.3,60.33,59.1608,-546.8,-1.393,1,stop,13,29.0,1.0,11.0,218.0,539,16.0,532,11.0,528,XLE,1.0,11.0,1583987569.6465,0.04698021226951739
A0,2022-03-29,2022-04-25,MPC,82.52,80.49,83.2924,140.27,0.382,27,partial;stop,29,9.0,,,251.0,791,78.0,789,109.0,778,XLE,1.0,11.0,570548880.6875,0.032107838864451045
A0,2022-05-13,2022-05-18,MUSA,251.53,243.15,242.9106,-396.55,-1.029,5,stop,55,9.0,,,21.0,853,12.0,849,32.0,848,XLY,11.0,11.0,85326091.02449998,0.0333059309468879
A0,2022-05-24,2022-05-25,UBS,18.63,18.46,18.3916,-184.64,-1.406,1,stop,60,28.0,19.0,23.0,84.0,883,331.0,880,151.0,878,XLF,10.0,11.0,73093625.3445,0.025292501418673414
A0,2022-05-27,2022-06-01,OLN,65.61,64.49,64.4255,-260.79,-1.058,5,stop,28,58.0,4.0,24.0,20.0,861,41.0,859,150.0,857,XLB,3.0,11.0,120853700.43000002,0.04234770158592792
A0,2022-06-02,2022-06-07,OLN,67.03,64.5,64.4312,-197.28,-1.025,5,stop,28,57.0,5.0,23.0,96.0,826,33.0,824,115.0,822,XLB,3.0,11.0,113810919.08149998,0.03776434396929077
A0,2022-06-06,2022-06-08,UNM,36.97,36.53,36.4935,-188.99,-1.083,2,stop,63,20.0,5.0,22.0,42.0,787,30.0,785,46.0,783,XLF,8.0,11.0,89141002.876,0.03460093822667164
A0,2022-06-08,2022-06-09,WDC,62.92,60.58,57.3126,-465.65,-2.394,1,stop,35,33.0,7.0,23.0,408.0,750,40.0,748,174.0,746,XLK,8.0,11.0,183211726.93699998,0.037235696696289886
A0,2022-05-25,2022-06-14,MPC,99.05,97.1,104.2258,755.82,2.656,20,close<MA;partial,29,10.0,1.0,23.0,37.0,878,40.0,876,28.0,874,XLE,1.0,11.0,532652909.44200003,0.03798453966473549
A0,2022-07-06,2022-07-12,UTHR,243.54,237.07,236.8329,-395.91,-1.037,6,stop,28,62.0,5.0,18.0,69.0,772,10.0,770,89.0,767,XLV,2.0,11.0,116486754.72,0.030350282505218634
A0,2022-07-20,2022-07-21,DLTR,171.87,169.88,169.7111,-181.43,-1.085,1,stop,53,8.0,,,200.0,612,121.0,611,24.0,607,XLY,10.0,11.0,319622510.14775,0.02715598970844717
A0,2022-07-19,2022-07-22,META,172.89,169.51,169.3405,-294.84,-1.05,3,stop,73,96.0,4.0,15.0,363.0,639,1.0,638,1.0,633,XLK,4.0,11.0,5006122642.6635,0.039170497099329175
A0,2022-07-22,2022-07-25,DLTR,174.17,170.49,170.3145,-196.78,-1.046,3,stop,53,8.0,,,260.0,592,126.0,591,32.0,587,XLY,9.0,11.0,329986479.53824997,0.02828050431543534
A0,2022-07-21,2022-07-26,VEEV,212.99,209.09,208.8809,-279.61,-1.054,5,stop,73,94.0,2.0,15.0,164.0,603,48.0,602,155.0,598,XLK,2.0,11.0,201865848.929,0.03886461437265929
A0,2022-07-20,2022-07-28,CABO,1400.79,1381.35,1406.7354,59.46,0.306,8,partial;stop,48,11.0,14.0,15.0,93.0,612,101.0,611,200.0,607,XLC,8.0,11.0,65038177.63149999,0.026926503484168158
A0,2022-07-29,2022-08-01,DRE,62.72,62.09,62.0279,-158.4,-1.098,3,stop,67,14.0,11.0,13.0,147.0,541,141.0,538,108.0,534,XLRE,10.0,11.0,114241340.66000001,0.025285008734499105
A0,2022-07-29,2022-08-01,YUMC,50.69,49.0,47.0529,-822.13,-2.154,3,stop,58,5.0,,,452.0,541,55.0,538,136.0,534,XLY,9.0,11.0,100207836.826,0.033311739792812135
A0,2022-07-29,2022-08-01,CLR,67.74,67.3,67.2327,-106.04,-1.154,3,stop,13,23.0,7.0,13.0,431.0,541,47.0,538,51.0,534,XLE,3.0,11.0,79562581.80350001,0.03397489218792417
A0,2022-08-08,2022-08-09,LEN,83.68,82.67,82.5891,-185.7,-1.082,1,stop,15,5.0,,,262.0,518,159.0,515,255.0,512,XLI,5.0,11.0,226686855.24693257,0.033195612796640225
A0,2022-08-08,2022-08-09,RH,290.83,289.99,289.7,-55.15,-1.347,1,stop,57,4.0,,,197.0,518,344.0,515,432.0,512,XLY,3.0,11.0,160398934.014,0.03981674474340786
A0,2022-08-10,2022-08-17,LEN,84.8,83.9,83.8174,-167.87,-1.093,7,stop,15,5.0,,,321.0,513,213.0,510,210.0,507,XLI,6.0,11.0,221587983.70361942,0.033328436805019436
A0,2022-08-15,2022-08-17,BA,171.93,168.32,168.1517,-200.34,-1.047,2,stop,37,15.0,5.0,12.0,309.0,502,86.0,500,370.0,496,XLI,4.0,11.0,1405663789.2145,0.03301817423230621
A0,2022-08-12,2022-08-22,MUSA,295.04,286.72,295.9019,19.71,0.103,10,partial;stop,55,5.0,,,368.0,514,192.0,512,26.0,508,XLY,1.0,11.0,93616829.25600001,0.028916632395326936
A0,2022-08-03,2022-08-23,FICO,472.41,462.83,477.9789,105.77,0.581,20,close<MA;partial,73,82.0,3.0,11.0,192.0,489,37.0,486,170.0,482,XLI,5.0,11.0,71581866.79050002,0.03266670490314297
A0,2022-08-23,2022-08-24,MUSA,303.13,296.49,296.1885,-326.38,-1.045,1,stop,55,5.0,,,145.0,456,78.0,455,29.0,452,XLY,1.0,11.0,92859621.9475,0.027899442873985252
A0,2022-08-02,2022-08-31,PODD,249.72,245.68,260.36,489.24,2.63,29,close<MA;partial,38,32.0,5.0,13.0,230.0,513,196.0,510,120.0,506,XLV,4.0,11.0,90606942.0325,0.03711109471174231
A0,2022-07-18,2022-09-06,HRB,37.69,36.64,42.9515,1921.29,5.024,50,close<MA;partial,72,1.0,,,170.0,662,7.0,661,7.0,656,XLY,11.0,11.0,63555172.910000004,0.027803099570163754
A0,2022-09-08,2022-09-13,BJ,77.85,77.13,77.0529,-145.47,-1.107,5,stop,53,9.0,,,47.0,413,42.0,412,41.0,409,XLY,1.0,11.0,177361394.59149998,0.03167166859129818
A0,2022-09-08,2022-09-13,SRPT,117.03,113.18,110.5613,-640.09,-1.679,5,stop,28,42.0,3.0,10.0,118.0,413,12.0,412,37.0,409,XLV,4.0,11.0,95591666.1415,0.03290998804633345
A0,2022-09-19,2022-09-22,PCG,13.39,13.0,12.9862,-391.34,-1.033,3,stop,49,8.0,,,39.0,503,103.0,502,77.0,500,XLU,2.0,11.0,195682062.484,0.029070067963239084
A0,2022-09-19,2022-09-22,CEG,88.75,86.43,86.3412,-385.19,-1.037,3,stop,49,8.0,,,40.0,503,53.0,502,14.0,500,XLU,2.0,11.0,187917235.512,0.026152619918778784
A0,2022-09-28,2022-09-29,TWTR,43.56,42.42,42.382,-193.75,-1.037,1,stop,73,94.0,9.0,16.0,26.0,606,113.0,606,53.0,604,XLK,3.0,11.0,464882452.938,0.02614595771813617
A0,2022-10-04,2022-10-11,UNM,41.17,40.11,41.1581,-2.3,-0.012,7,partial;stop,63,15.0,11.0,17.0,63.0,664,63.0,663,29.0,659,XLF,4.0,11.0,70367584.6235,0.025684403151777845
A0,2022-10-13,2022-10-14,IBKR,17.71,17.2,17.1805,-193.17,-1.033,1,stop,62,20.0,3.0,16.0,101.0,695,64.0,695,91.0,692,XLF,3.0,11.0,84021254.5275,0.029072333223262047
A0,2022-10-14,2022-10-17,REGN,754.75,731.82,731.0913,-189.3,-1.032,3,stop,28,55.0,11.0,17.0,36.0,742,81.0,742,118.0,739,XLV,6.0,11.0,556116809.7495,0.03038185755430616
A0,2022-10-14,2022-10-17,AMP,279.36,270.87,264.5052,-311.93,-1.75,3,stop,62,21.0,5.0,17.0,166.0,742,108.0,742,198.0,739,XLF,3.0,11.0,147828042.09849998,0.030385555635715232
A0,2022-10-14,2022-10-20,FCNCA,860.86,847.22,846.3728,-188.33,-1.062,6,stop,60,27.0,12.0,17.0,152.0,742,73.0,742,18.0,739,XLF,3.0,11.0,130260011.85050002,0.030474390644241213
A0,2022-10-18,2022-10-20,DE,372.77,365.75,365.3843,-192.09,-1.052,2,stop,35,31.0,4.0,16.0,104.0,728,74.0,728,365.0,726,XLI,4.0,11.0,467575047.3735,0.027220502418912006
A0,2022-10-26,2022-10-27,BIIB,283.72,278.44,278.1616,-194.67,-1.053,1,stop,28,53.0,5.0,15.0,23.0,732,39.0,732,37.0,730,XLV,4.0,11.0,739607041.6700001,0.03575333999595566
A0,2022-10-27,2022-10-28,DINO,61.23,61.12,61.0589,-39.11,-1.55,1,stop,46,3.0,,,87.0,728,40.0,728,13.0,726,XLE,1.0,11.0,107929873.6365,0.03866037475923956
A0,2022-11-02,2022-11-03,BIIB,287.11,278.07,275.734,-227.46,-1.258,1,stop,28,47.0,4.0,15.0,350.0,708,30.0,708,28.0,706,XLV,3.0,11.0,422595799.05799997,0.03148643368158979
A0,2022-11-03,2022-11-09,COP,130.12,128.29,128.1617,-197.79,-1.07,6,stop,29,9.0,,,101.0,725,13.0,725,43.0,723,XLE,1.0,11.0,855604309.0649999,0.03332808407936001
A0,2022-11-08,2022-11-09,REGN,765.35,745.3,744.5547,-187.2,-1.037,1,stop,28,51.0,7.0,17.0,447.0,750,59.0,750,102.0,748,XLV,3.0,11.0,519772684.51000005,0.03239240301084788
A0,2022-10-13,2022-11-11,UNM,41.9,40.85,42.8495,167.74,0.898,29,close<MA;partial,63,18.0,5.0,16.0,71.0,695,66.0,695,24.0,692,XLF,3.0,11.0,65655373.488,0.025177175094361848
A0,2022-11-07,2022-11-11,BIIB,287.66,281.09,288.1296,13.22,0.072,4,partial;stop,28,53.0,8.0,17.0,229.0,745,31.0,745,27.0,743,XLV,3.0,11.0,408376981.83699995,0.03089450660121367
A0,2022-11-11,2022-11-15,MPC,121.1,119.84,119.7252,-156.84,-1.095,4,stop,29,9.0,,,345.0,733,29.0,733,106.0,732,XLE,1.0,11.0,352991991.74100006,0.031046700111477966
A0,2022-11-11,2022-11-16,CVX,186.57,183.89,183.7061,-211.66,-1.069,5,stop,29,9.0,,,292.0,733,69.0,733,270.0,732,XLE,1.0,11.0,1409436200.544,0.025043563691257608
A0,2022-11-15,2022-11-17,DINO,64.8,63.2,63.1368,-355.27,-1.039,2,stop,46,1.0,,,411.0,745,30.0,744,68.0,742,XLE,1.0,11.0,108224494.19049999,0.034606997557443384
A0,2022-11-14,2022-11-18,BIIB,300.41,295.73,300.7786,16.95,0.079,4,partial;stop,28,54.0,7.0,19.0,490.0,739,20.0,738,33.0,736,XLV,5.0,11.0,385028840.28749996,0.027587672739984203
A0,2022-10-31,2022-11-21,EOG,137.14,132.44,138.4022,49.34,0.269,21,partial;stop,13,25.0,1.0,15.0,115.0,720,50.0,720,120.0,718,XLE,1.0,11.0,469083083.504,0.03424333387266064
A0,2022-11-22,2022-11-28,VLO,141.27,137.55,135.1747,-591.35,-1.638,6,stop,29,7.0,,,389.0,714,115.0,713,223.0,711,XLE,1.0,11.0,504354220.9085,0.03598427218656615
A0,2022-11-22,2022-11-28,MPC,123.24,121.83,121.7082,-170.38,-1.086,6,stop,29,7.0,,,350.0,714,73.0,713,104.0,711,XLE,1.0,11.0,391417279.5865,0.029563793413712958
A0,2022-11-22,2022-11-28,BIIB,306.18,301.6,295.734,-469.89,-2.282,6,stop,28,57.0,8.0,17.0,218.0,714,7.0,713,27.0,711,XLV,3.0,11.0,382530678.00549996,0.025668915005066833
A0,2022-11-28,2022-11-29,GILD,87.01,85.08,84.9949,-187.12,-1.044,1,stop,28,52.0,8.0,15.0,46.0,614,11.0,613,46.0,611,XLV,2.0,11.0,756908926.7854999,0.02581373764112707
A0,2022-11-30,2022-12-02,ANET,34.38,33.35,33.3159,-185.47,-1.032,2,stop,35,23.0,6.0,15.0,142.0,597,139.0,596,48.0,594,XLK,7.0,11.0,310910423.356,0.030031885982231526
A0,2022-11-22,2022-12-05,ORCL,80.76,79.83,81.2445,82.62,0.528,13,partial;stop,73,120.0,1.0,17.0,298.0,714,214.0,713,179.0,711,XLK,7.0,11.0,591335493.008,0.02503387521711976
A0,2022-12-08,2022-12-09,PODD,312.06,302.65,302.3473,-369.15,-1.032,1,stop,38,28.0,11.0,15.0,328.0,538,92.0,538,35.0,537,XLV,2.0,11.0,120792325.88499999,0.03175670317699171
A0,2022-12-09,2022-12-12,KLAC,39.79,38.76,38.5015,-434.83,-1.251,3,stop,38,27.0,8.0,13.0,83.0,522,92.0,522,117.0,521,XLV,1.0,11.0,545465029.1470001,0.030233562234085125
A0,2022-12-13,2022-12-14,AMAT,115.51,111.62,111.2486,-391.62,-1.095,1,stop,36,29.0,3.0,10.0,120.0,435,49.0,435,164.0,435,XLK,7.0,11.0,736348052.4445,0.033642488759119106
A0,2022-12-13,2022-12-14,FCX,41.13,39.83,38.996,-582.89,-1.636,1,stop,10,8.0,,,100.0,435,35.0,435,213.0,435,XLB,3.0,11.0,464264922.06850004,0.0317389890668804
A0,2022-12-13,2022-12-14,MCHP,80.12,77.77,77.3426,-416.62,-1.181,1,stop,36,29.0,3.0,10.0,115.0,435,46.0,435,78.0,435,XLK,7.0,11.0,314289647.925,0.02935134141798191
A0,2022-12-13,2022-12-14,GOLD,17.46,17.15,17.1329,-245.96,-1.056,1,stop,50,4.0,,,174.0,435,144.0,435,350.0,435,XLI,2.0,11.0,302152409.7815,0.029083721964010666
A0,2022-12-08,2022-12-16,FLEX,22.23,21.66,22.2536,12.92,0.037,8,partial;stop,36,33.0,10.0,15.0,128.0,538,86.0,538,52.0,537,XLK,7.0,11.0,83028803.99350001,0.030493603191725494
A0,2022-12-27,2022-12-28,GOLD,17.69,17.43,17.4176,-199.88,-1.069,1,stop,50,4.0,,,39.0,491,104.0,490,292.0,490,XLI,2.0,11.0,344889800.89900005,0.02972632569755295
A0,2022-12-29,2022-12-30,COO,84.13,82.48,82.3937,-269.75,-1.05,1,stop,38,23.0,7.0,11.0,41.0,477,53.0,476,195.0,476,XLV,5.0,11.0,131623287.29050002,0.027976746412422378
A0,2022-12-27,2023-01-03,PCG,16.45,16.05,15.974,-376.52,-1.184,7,stop,49,9.0,,,55.0,491,77.0,490,21.0,490,XLU,9.0,11.0,283070747.83449996,0.024269271650817936
A0,2023-01-04,2023-01-05,NEM,50.65,50.32,50.2697,-98.28,-1.152,1,stop,10,8.0,,,51.0,420,107.0,419,313.0,419,XLB,3.0,11.0,308155562.92300004,0.0269477859098572
A0,2023-01-03,2023-01-09,EL,256.44,250.58,257.4225,28.6,0.168,6,partial;stop,28,34.0,1.0,11.0,33.0,413,126.0,412,235.0,412,XLB,3.0,11.0,403989993.084,0.025575135685672813
A0,2023-01-13,2023-01-17,STLD,111.31,109.37,109.2651,-249.62,-1.056,4,stop,33,4.0,,,252.0,423,51.0,421,20.0,421,XLB,1.0,11.0,392979590.16749996,0.03767287591414325
A0,2023-01-03,2023-01-24,NKE,119.3,117.44,120.5884,119.89,0.693,21,partial;stop,30,6.0,,,22.0,413,27.0,412,109.0,412,XLB,3.0,11.0,1037862469.4875,0.024820966713671448
A0,2023-01-23,2023-01-25,KLAC,42.87,41.63,41.2337,-473.12,-1.316,2,stop,38,27.0,4.0,9.0,232.0,393,22.0,390,119.0,390,XLV,7.0,11.0,462978816.7505,0.029017720504778383
A0,2023-01-26,2023-01-27,KLAC,42.9,41.66,40.4595,-700.1,-1.961,1,stop,38,29.0,4.0,13.0,182.0,435,36.0,432,124.0,432,XLV,9.0,11.0,461091779.20949996,0.02899328743780833
A0,2023-01-27,2023-01-30,FIS,75.23,74.42,74.3056,-161.84,-1.142,3,stop,73,77.0,8.0,13.0,217.0,449,364.0,446,400.0,445,XLI,3.0,11.0,363753364.0765,0.02638717132524302
A0,2023-01-06,2023-02-02,SLB,53.92,53.3,55.4423,372.0,2.434,27,close<MA;partial,13,19.0,10.0,10.0,87.0,410,34.0,409,18.0,409,XLE,5.0,11.0,490629327.016,0.03661073313623266
A0,2023-02-01,2023-02-03,FIS,75.5,74.51,74.4355,-185.49,-1.076,2,stop,73,78.0,6.0,13.0,276.0,494,434.0,492,463.0,490,XLI,4.0,11.0,383387729.102,0.025506824756121232
A0,2023-01-03,2023-02-06,BA,196.6,192.4,206.7318,415.55,2.415,34,close<MA;partial,37,12.0,8.0,11.0,23.0,413,12.0,412,48.0,412,XLI,2.0,11.0,1270814787.3930001,0.030585131234847025
A0,2023-01-06,2023-02-06,FCX,41.2,40.54,43.354,580.45,3.289,31,close<MA;partial,10,9.0,,,86.0,410,27.0,409,43.0,409,XLB,2.0,11.0,413651051.77750003,0.030633674290485458
A0,2023-02-01,2023-02-08,AVGO,60.23,58.74,60.2755,5.65,0.032,7,partial;stop,36,34.0,2.0,13.0,372.0,494,110.0,492,179.0,490,XLK,6.0,11.0,1286553675.134,0.024686406316240854
A0,2023-02-13,2023-02-17,JBL,83.74,82.34,83.8138,10.95,0.05,4,partial;stop,36,39.0,4.0,15.0,160.0,529,94.0,527,34.0,525,XLK,2.0,11.0,118278283.599,0.02427448460120101
A0,2023-02-28,2023-03-02,URI,471.35,462.57,462.1074,-249.44,-1.053,2,stop,73,91.0,3.0,11.0,96.0,499,53.0,496,24.0,494,XLK,3.0,11.0,314322404.8565,0.025821004143850246
A0,2023-03-06,2023-03-07,NVDA,23.92,23.49,23.4635,-253.21,-1.054,1,stop,36,33.0,4.0,8.0,32.0,416,26.0,414,26.0,412,XLK,2.0,11.0,11676911009.255001,0.038966773674242505
A0,2023-03-01,2023-03-09,WYNN,111.88,109.75,109.6402,-262.26,-1.051,8,stop,70,6.0,,,105.0,503,21.0,500,11.0,498,XLY,3.0,11.0,281521063.096,0.028511893367055674
A0,2023-03-08,2023-03-13,ANET,36.33,35.75,35.7142,-221.24,-1.062,5,stop,35,18.0,3.0,9.0,50.0,428,176.0,425,108.0,424,XLK,2.0,11.0,322069354.4475,0.029968669400468044
A0,2023-03-14,2023-03-15,LSCC,93.44,89.81,89.7228,-178.59,-1.025,1,stop,36,32.0,6.0,12.0,41.0,492,55.0,489,13.0,488,XLK,2.0,11.0,152197809.12199998,0.03885495055645921
A0,2023-03-16,2023-03-17,LSCC,94.0,90.44,90.3446,-179.3,-1.025,1,stop,36,32.0,4.0,14.0,40.0,544,49.0,543,13.0,541,XLK,2.0,11.0,149148154.01099998,0.03796483961326029
A0,2023-03-21,2023-03-22,SWKS,116.77,114.94,114.8251,-184.45,-1.063,1,stop,36,33.0,6.0,15.0,144.0,610,68.0,609,169.0,606,XLK,2.0,11.0,199309945.886,0.025859015091574327
A0,2023-03-16,2023-03-24,AMAT,121.62,118.06,121.5044,-5.74,-0.033,8,partial;stop,36,32.0,4.0,14.0,70.0,544,138.0,543,54.0,541,XLK,2.0,11.0,824419246.5519999,0.029310032087064473
A0,2023-03-23,2023-03-24,SPOT,133.44,128.97,128.8448,-179.34,-1.029,1,stop,48,11.0,2.0,15.0,75.0,619,11.0,619,75.0,616,XLC,1.0,11.0,197055840.95700002,0.03349418773677782
A0,2023-03-29,2023-03-31,MU,61.84,60.87,60.2897,-277.83,-1.597,2,stop,36,32.0,3.0,15.0,128.0,626,119.0,626,199.0,623,XLK,2.0,11.0,895440031.5380001,0.032642350077065105
A0,2023-03-29,2023-04-05,HUBS,414.41,404.54,404.1355,-174.74,-1.041,7,stop,73,98.0,4.0,15.0,110.0,626,35.0,626,61.0,623,XLK,2.0,11.0,225989289.21099997,0.03574008284036049
A0,2023-03-30,2023-04-05,AMZN,102.2,101.01,102.5264,41.52,0.272,6,partial;stop,59,9.0,,,95.0,611,125.0,611,507.0,608,XLY,3.0,11.0,5703690794.5235,0.031186427057101184
A0,2023-04-04,2023-04-05,CRWD,138.47,135.73,135.2346,-206.96,-1.181,1,stop,73,91.0,4.0,15.0,59.0,581,73.0,581,499.0,578,XLK,2.0,11.0,770016787.731,0.03775102815041863
A0,2023-04-17,2023-04-25,SHOP,48.8,46.95,46.8996,-362.73,-1.025,8,stop,73,66.0,1.0,9.0,153.0,395,43.0,394,22.0,392,XLK,1.0,11.0,614434677.8855001,0.037955257324370675
A0,2023-03-14,2023-04-26,META,190.55,186.56,209.9642,834.8,4.865,43,close<MA;partial,73,85.0,2.0,12.0,73.0,492,13.0,489,129.0,488,XLK,2.0,11.0,4914930044.6205,0.029299813952148913
A0,2023-03-21,2023-04-26,FTNT,62.53,60.94,63.3206,85.9,0.494,36,close<MA;partial,35,28.0,7.0,15.0,99.0,610,97.0,609,118.0,606,XLK,2.0,11.0,263802608.47949997,0.025534448779892204
A0,2023-04-11,2023-04-26,BLDR,90.3,89.1,91.1548,123.92,0.712,15,partial;stop,52,2.0,,,111.0,522,52.0,522,54.0,519,XLY,3.0,11.0,182996844.48299998,0.029569241367956328
A0,2023-04-11,2023-04-27,ALGN,335.49,331.47,326.6488,-335.78,-2.201,16,partial;stop,38,18.0,6.0,14.0,146.0,522,27.0,522,34.0,519,XLV,7.0,11.0,260083657.8665,0.03443298413043532
A0,2023-05-01,2023-05-03,NVDA,28.14,27.78,27.7522,-178.28,-1.078,2,stop,36,31.0,4.0,7.0,124.0,327,17.0,326,6.0,325,XLK,1.0,11.0,10693024317.2495,0.027042863600500767
A0,2023-05-10,2023-05-11,TTD,65.73,64.5,64.4355,-255.15,-1.052,1,stop,73,66.0,7.0,11.0,101.0,388,26.0,387,54.0,385,XLK,2.0,11.0,202651000.48999998,0.03197662866735147
A0,2023-01-04,2023-05-15,GE,54.65,53.28,73.8001,2431.86,14.003,131,close<MA;partial,36,28.0,6.0,11.0,72.0,420,26.0,419,45.0,419,XLK,9.0,11.0,485894158.07626,0.025021760276816102
A0,2023-05-19,2023-05-22,THC,73.91,72.59,72.5174,-247.17,-1.055,3,stop,80,8.0,,,89.0,437,48.0,437,19.0,434,XLV,5.0,11.0,115067868.11199999,0.02662710174302093
A0,2023-05-30,2023-05-31,KMX,74.22,72.64,72.1278,-387.82,-1.323,1,stop,55,5.0,,,175.0,436,111.0,436,152.0,434,XLY,3.0,11.0,98297578.039,0.03165504381635793
A0,2023-06-01,2023-06-02,SPOT,152.45,149.07,148.9209,-317.82,-1.044,1,stop,48,7.0,,,117.0,426,45.0,426,18.0,424,XLC,2.0,11.0,207429923.565,0.027620466718043645
A0,2023-06-22,2023-06-27,INSP,318.06,308.2,307.8968,-193.06,-1.031,5,stop,38,23.0,6.0,8.0,308.0,435,83.0,434,147.0,433,XLV,7.0,11.0,105731947.6865,0.03157791488176071
A0,2023-05-31,2023-07-07,TTD,70.11,68.53,75.2579,998.68,3.258,37,close<MA;partial,73,80.0,3.0,10.0,120.0,437,55.0,437,53.0,435,XLK,1.0,11.0,289204565.739,0.036567976311908654
A0,2023-05-15,2023-07-10,HUBS,469.35,460.01,508.6553,1061.27,4.209,56,close<MA;partial,73,70.0,6.0,11.0,51.0,406,25.0,405,23.0,404,XLK,2.0,11.0,262950224.17249998,0.029736991075231766
A0,2023-07-12,2023-07-13,AVGO,89.08,88.2,88.1118,-154.58,-1.1,1,stop,36,31.0,4.0,7.0,134.0,333,52.0,333,81.0,332,XLK,2.0,11.0,2502392404.635,0.024174568673592554
A0,2023-07-13,2023-07-14,NFLX,45.14,44.12,44.0736,-339.79,-1.043,1,stop,78,2.0,,,206.0,340,78.0,340,93.0,339,XLC,3.0,11.0,2604034544.165,0.024662593301746756
A0,2023-07-13,2023-07-20,ON,99.49,98.63,100.7187,177.02,1.43,7,partial;stop,36,28.0,4.0,7.0,133.0,340,88.0,340,75.0,339,XLK,2.0,11.0,598446479.5485001,0.025156122503770147
A0,2023-07-17,2023-07-20,NFLX,45.69,44.55,44.5015,-376.72,-1.039,3,stop,78,2.0,,,205.0,328,94.0,328,93.0,327,XLC,3.0,11.0,2546309590.1215,0.025115464475181294
A0,2023-05-26,2023-07-21,AMZN,118.72,116.02,129.6334,1244.29,4.045,56,close<MA;partial,59,7.0,,,104.0,439,49.0,439,89.0,437,XLY,3.0,11.0,7324927602.917999,0.024561924677822415
A0,2023-06-15,2023-07-24,META,276.85,271.42,292.1299,519.63,2.816,39,close<MA;partial,73,88.0,1.0,8.0,128.0,423,62.0,421,10.0,419,XLK,1.0,11.0,5555939540.3395,0.026129725232213567
A0,2023-07-18,2023-07-24,MDB,419.46,407.41,407.0026,-398.61,-1.034,6,stop,73,63.0,4.0,8.0,132.0,317,19.0,317,27.0,316,XLK,1.0,11.0,668671068.0509999,0.03852545010271112
A0,2023-07-27,2023-08-01,UBER,48.05,46.61,46.5599,-388.38,-1.032,5,stop,73,60.0,3.0,9.0,206.0,307,44.0,305,44.0,304,XLI,4.0,11.0,949818691.2455,0.03000037805211187
A0,2023-05-16,2023-08-03,NVDA,29.25,28.83,42.2869,5762.64,31.249,79,close<MA;partial,36,32.0,6.0,11.0,72.0,413,26.0,412,12.0,411,XLK,2.0,11.0,10446371477.1445,0.028306427314052984
A0,2023-08-03,2023-08-04,NUE,174.42,169.99,169.8171,-368.57,-1.038,1,stop,33,4.0,,,198.0,372,198.0,368,188.0,367,XLB,7.0,11.0,217025624.8725,0.025439005163979685
A0,2023-08-03,2023-08-04,LPLA,238.79,232.9,232.6625,-355.31,-1.04,1,stop,62,7.0,,,166.0,372,179.0,368,200.0,367,XLF,5.0,11.0,187489030.7625,0.024679267749484028
A0,2023-08-03,2023-08-04,LNC,28.84,28.01,27.972,-385.73,-1.04,1,stop,63,5.0,,,139.0,372,91.0,368,306.0,367,XLF,5.0,11.0,66435190.56,0.02890499670298845
A0,2023-07-27,2023-08-07,INTC,34.87,34.11,34.9695,40.38,0.131,11,partial;stop,36,27.0,5.0,9.0,239.0,307,158.0,305,131.0,304,XLK,1.0,11.0,1159448446.96,0.025010232160744206
A0,2023-08-07,2023-08-08,URI,478.17,471.75,471.2783,-192.9,-1.074,1,stop,73,73.0,4.0,8.0,156.0,394,80.0,391,163.0,389,XLK,3.0,11.0,340563485.9135,0.030776400979680395
A0,2023-08-07,2023-08-08,EQT,42.69,41.99,41.1288,-505.06,-2.234,1,stop,13,22.0,3.0,8.0,182.0,394,107.0,391,59.0,389,XLE,4.0,11.0,246660567.67800003,0.029585481751589073
A0,2023-08-03,2023-08-10,MTDR,57.84,55.75,58.2462,71.4,0.192,7,partial;stop,13,21.0,5.0,8.0,159.0,372,156.0,368,286.0,367,XLE,6.0,11.0,97974211.0925,0.0362522447181287
A0,2023-08-10,2023-08-11,PHM,86.21,83.96,82.8271,-537.27,-1.504,1,stop,15,1.0,,,86.0,400,125.0,397,34.0,395,XLI,5.0,11.0,215627026.328,0.02605996164424813
A0,2023-08-14,2023-08-17,ICLR,259.27,255.38,255.1246,-215.51,-1.066,3,stop,87,4.0,,,112.0,383,104.0,380,138.0,379,XLV,8.0,11.0,168478005.567,0.02748879760516726
A0,2023-08-17,2023-08-18,MTDR,60.76,59.66,59.5004,-281.04,-1.142,1,stop,13,17.0,4.0,8.0,52.0,366,58.0,364,222.0,362,XLE,1.0,11.0,87241670.52849999,0.03381280730354847
A0,2023-08-17,2023-08-18,PR,12.69,12.39,12.3776,-337.44,-1.041,1,stop,13,17.0,4.0,8.0,29.0,366,72.0,364,98.0,362,XLE,1.0,11.0,76118905.05649999,0.03226522429606771
A0,2023-08-29,2023-09-05,ODFL,212.38,206.88,213.0908,23.38,0.129,7,partial;stop,42,2.0,,,98.0,320,45.0,319,91.0,318,XLI,2.0,11.0,270985233.919,0.027418958518950952
A0,2023-09-01,2023-09-06,VAL,77.62,75.37,75.2946,-188.16,-1.034,5,stop,13,8.0,,,102.0,274,72.0,273,137.0,272,XLE,1.0,11.0,71611482.511,0.03090788473489242
A0,2023-09-05,2023-09-06,APA,45.49,45.29,44.945,-162.13,-2.765,1,stop,13,7.0,,,44.0,260,37.0,259,126.0,258,XLE,1.0,11.0,152065731.537,0.024589685628277142
A0,2023-09-07,2023-09-15,TEAM,208.71,201.58,201.3772,-366.56,-1.028,8,stop,73,54.0,2.0,5.0,54.0,252,96.0,251,107.0,250,XLK,4.0,11.0,223515107.59600002,0.0341609764049587
A0,2023-09-14,2023-09-15,RIG,8.8,8.5,8.4915,-380.43,-1.028,1,stop,13,11.0,1.0,7.0,112.0,267,16.0,266,94.0,265,XLE,1.0,11.0,109892384.20199999,0.04264917085337251
A0,2023-08-23,2023-09-21,ANF,49.77,48.33,50.3245,69.35,0.385,29,close<MA;partial,56,6.0,,,27.0,351,8.0,349,36.0,347,XLY,2.0,11.0,67321042.32,0.028936571008982802
A0,2023-08-21,2023-10-03,CCJ,35.27,34.95,37.0648,687.31,5.604,43,close<MA;partial,10,4.0,,,58.0,367,71.0,365,75.0,363,XLB,7.0,11.0,137225882.1815,0.02971286130123682
A0,2023-09-07,2023-10-03,PBF,50.48,49.08,52.0752,413.05,1.139,26,close<MA;partial,29,2.0,,,55.0,252,37.0,251,138.0,250,XLE,1.0,11.0,106801235.222,0.03276567077119209
A0,2023-10-02,2023-10-03,OLLI,79.52,77.49,77.0629,-417.62,-1.21,1,stop,53,6.0,,,47.0,306,21.0,305,51.0,303,XLY,5.0,11.0,71557611.125,0.028506713766508967
A0,2023-10-06,2023-10-09,NTNX,36.89,35.8,35.7626,-369.88,-1.033,3,stop,73,61.0,4.0,8.0,54.0,330,20.0,329,49.0,328,XLK,5.0,11.0,80618512.94600001,0.02950779943148783
A0,2023-10-09,2023-10-19,CEIX,107.09,103.63,107.2619,18.02,0.051,10,partial;stop,12,4.0,,,16.0,346,11.0,346,16.0,345,XLE,1.0,11.0,69958098.18349999,0.03229057639541348
A0,2023-10-18,2023-10-20,ESTC,83.61,81.08,80.999,-371.26,-1.032,2,stop,73,68.0,4.0,10.0,91.0,409,39.0,408,82.0,407,XLK,6.0,11.0,104657707.056,0.03641607125903863
A0,2023-11-03,2023-11-06,RBLX,33.85,33.4,33.3666,-193.91,-1.074,3,stop,73,83.0,4.0,11.0,44.0,507,241.0,505,280.0,504,XLK,2.0,11.0,256998589.63250002,0.03775962886555734
A0,2023-11-14,2023-11-15,NTNX,39.74,39.13,39.0909,-221.25,-1.064,1,stop,73,85.0,1.0,10.0,210.0,469,13.0,467,27.0,466,XLK,1.0,11.0,63132989.850999996,0.027902542876771824
A0,2023-10-09,2023-11-21,AEO,16.84,16.31,16.533,-204.47,-0.572,43,partial;stop,56,6.0,,,109.0,346,17.0,346,116.0,345,XLY,7.0,11.0,86103458.3025,0.031530287797620904
A0,2023-11-22,2023-11-24,SPOT,181.13,179.0,178.821,-168.63,-1.084,2,stop,48,7.0,,,110.0,428,18.0,426,94.0,425,XLC,2.0,11.0,279390737.471,0.02818276918015559
A0,2023-11-06,2023-12-01,DELL,70.84,69.76,71.2665,80.88,0.394,25,partial;stop,35,27.0,2.0,11.0,186.0,500,8.0,498,31.0,497,XLK,1.0,11.0,302399346.0625,0.024981896864854813
A0,2023-11-30,2023-12-01,FIVE,194.33,189.48,189.2862,-181.73,-1.039,1,stop,53,6.0,,,197.0,332,110.0,331,146.0,331,XLY,4.0,11.0,145905110.5165,0.025000614649985514
A0,2023-12-04,2023-12-05,DASH,97.09,95.57,95.473,-221.11,-1.063,1,stop,73,71.0,2.0,8.0,81.0,317,58.0,316,34.0,316,XLI,7.0,11.0,431155359.0125,0.032223254715140266
A0,2023-11-30,2023-12-07,IMGN,29.23,28.76,29.2077,-8.18,-0.046,7,partial;stop,28,29.0,3.0,6.0,149.0,332,124.0,331,102.0,331,XLV,9.0,11.0,89425413.77149999,0.053219086999145473
A0,2023-12-08,2023-12-11,RBLX,41.99,40.49,40.445,-182.54,-1.027,3,stop,73,64.0,4.0,8.0,124.0,295,23.0,295,137.0,295,XLK,1.0,11.0,380533302.856,0.03587569161989257
A0,2023-12-14,2023-12-20,SHOP,75.55,74.85,76.1079,103.49,0.809,6,partial;stop,73,61.0,4.0,7.0,146.0,308,92.0,308,114.0,307,XLK,1.0,11.0,746461827.5565001,0.03147746981061641
A0,2023-12-12,2023-12-29,DUOL,227.02,216.97,230.7667,63.67,0.373,17,partial;stop,73,59.0,3.0,7.0,210.0,283,29.0,283,35.0,283,XLK,1.0,11.0,151589698.46999997,0.04426068841113564
A0,2023-12-13,2024-01-02,ZS,212.55,210.05,214.572,129.26,0.807,20,partial;stop,73,60.0,2.0,6.0,97.0,288,36.0,288,41.0,287,XLK,1.0,11.0,539005054.2075,0.0315154214909059
A0,2023-12-26,2024-01-02,INTC,48.97,48.71,48.6613,-87.98,-1.188,7,stop,36,26.0,5.0,9.0,253.0,391,57.0,390,55.0,389,XLK,1.0,11.0,1785679026.546,0.026852067307466986
A0,2023-12-06,2024-01-03,MPWR,565.51,553.27,590.7026,579.32,2.057,28,close<MA;partial,36,22.0,4.0,6.0,115.0,295,103.0,294,105.0,294,XLK,1.0,11.0,215122567.6275,0.025500742083394406
A0,2023-11-29,2024-01-04,PINS,32.79,32.69,35.7769,1211.57,29.04,36,close<MA;partial,73,67.0,1.0,6.0,38.0,326,44.0,325,44.0,325,XLK,1.0,11.0,412399402.18450004,0.0271194178979453
A0,2023-12-05,2024-01-05,BLDR,142.09,137.81,153.3392,922.27,2.625,31,close<MA;partial,52,2.0,,,153.0,304,136.0,302,114.0,302,XLY,7.0,11.0,196367095.0145,0.030153783490479914
A0,2024-01-05,2024-01-08,KEY,14.89,14.49,14.4725,-375.51,-1.036,3,stop,60,13.0,2.0,7.0,131.0,320,51.0,320,27.0,317,XLF,2.0,11.0,198827397.4135,0.02738572846560599
A0,2024-01-08,2024-01-09,MGM,45.95,44.74,44.6924,-371.54,-1.037,1,stop,70,4.0,,,73.0,313,92.0,313,156.0,311,XLY,8.0,11.0,193234075.98499998,0.026434312926838278
A0,2024-01-10,2024-01-11,BURL,198.5,195.05,194.855,-247.75,-1.057,1,stop,53,6.0,,,100.0,323,27.0,323,91.0,321,XLY,7.0,11.0,201827666.79399997,0.02617716922893577
A0,2024-01-08,2024-01-16,DXCM,126.5,123.67,123.4664,-324.21,-1.072,8,stop,38,18.0,5.0,6.0,173.0,313,37.0,313,183.0,311,XLV,9.0,11.0,311953054.61550003,0.02683400331103772
A0,2024-01-19,2024-01-23,DASH,106.3,103.6,103.4964,-184.79,-1.038,4,stop,73,51.0,3.0,6.0,69.0,263,47.0,263,44.0,263,XLI,4.0,11.0,334053923.9855,0.025743484101115606
A0,2024-01-29,2024-01-30,DASH,109.17,107.44,107.3326,-191.41,-1.062,1,stop,73,59.0,4.0,8.0,42.0,297,63.0,297,60.0,296,XLI,5.0,11.0,320088046.643,0.02594169058056613
A0,2024-01-25,2024-01-31,AAL,14.68,14.52,14.4755,-192.43,-1.27,6,stop,45,7.0,,,132.0,267,128.0,267,180.0,266,XLI,4.0,11.0,542526898.4300001,0.030317147492419184
A0,2024-02-01,2024-02-02,RCL,130.38,126.94,126.0838,-223.42,-1.248,1,stop,44,5.0,,,145.0,339,66.0,339,78.0,338,XLI,5.0,11.0,280963180.97299993,0.026407985802118856
A0,2024-02-07,2024-02-13,CRWD,308.08,306.71,306.4033,-75.35,-1.224,6,stop,73,67.0,3.0,9.0,29.0,360,29.0,360,12.0,359,XLK,1.0,11.0,943254585.4549999,0.029268358240079166
A0,2024-02-06,2024-02-16,DASH,110.6,108.23,112.4298,140.85,0.772,10,partial;stop,73,67.0,2.0,9.0,62.0,356,157.0,356,74.0,355,XLI,4.0,11.0,328745484.8035,0.028671336579935
A0,2024-02-06,2024-02-20,FTNT,67.43,65.89,68.1536,85.7,0.472,14,partial;stop,35,17.0,5.0,9.0,72.0,356,212.0,356,108.0,355,XLK,1.0,11.0,451864420.88199997,0.02619569982603815
A0,2024-01-18,2024-02-22,VRT,50.77,49.67,60.7054,1609.42,9.026,35,close<MA;partial,36,21.0,5.0,6.0,51.0,257,96.0,257,11.0,257,XLK,1.0,11.0,169931676.8305,0.030031112706537612
A0,2024-02-22,2024-02-23,BLDR,192.2,186.77,186.585,-381.95,-1.034,1,stop,52,2.0,,,206.0,416,77.0,416,88.0,415,XLY,8.0,11.0,202660327.9875,0.028252551177134044
A0,2024-02-27,2024-02-28,M,19.83,19.33,19.3153,-363.78,-1.039,1,stop,53,2.0,,,223.0,407,111.0,407,67.0,407,XLY,6.0,11.0,126788245.46699996,0.024972853644159083
A0,2024-02-22,2024-03-05,EFX,261.17,259.09,262.2352,56.41,0.511,12,partial;stop,73,80.0,2.0,9.0,201.0,416,139.0,416,103.0,415,XLK,5.0,11.0,211089397.3915,0.02606459877777826
A0,2024-03-01,2024-03-08,LRCX,95.69,94.36,96.3943,104.26,0.526,7,partial;stop,35,17.0,5.0,8.0,131.0,417,125.0,417,101.0,417,XLI,1.0,11.0,889796176.0970001,0.025150096354485434
A0,2024-03-01,2024-03-11,MRVL,74.06,73.46,75.7474,324.91,2.787,10,partial;stop,36,30.0,6.0,8.0,209.0,417,135.0,417,129.0,417,XLK,4.0,11.0,824898958.7585,0.034144901443124216
A0,2024-02-29,2024-03-15,AMD,184.01,179.82,191.5607,573.57,1.8,15,close<MA;partial,36,31.0,7.0,8.0,249.0,418,66.0,418,36.0,418,XLK,5.0,11.0,11232148650.5135,0.038740254790757746
A0,2024-01-25,2024-03-18,UBER,65.68,64.05,74.775,1000.93,5.594,53,close<MA;partial,73,52.0,4.0,6.0,71.0,267,51.0,267,37.0,266,XLI,4.0,11.0,1377665101.4929998,0.02476845795957707
A0,2024-01-18,2024-03-20,SPOT,204.23,200.81,245.1321,2126.7,11.944,62,close<MA;partial,48,6.0,,,77.0,257,79.0,257,79.0,257,XLC,6.0,11.0,314997969.49050003,0.024089341936637164
A0,2024-03-20,2024-03-21,SHAK,108.5,105.36,104.2257,-508.45,-1.361,1,stop,58,5.0,,,137.0,400,41.0,399,48.0,399,XLY,9.0,11.0,94214662.613,0.03229634395171819
A0,2024-03-20,2024-03-22,MNDY,233.75,225.95,225.7216,-385.53,-1.029,2,stop,73,83.0,5.0,8.0,240.0,400,119.0,399,113.0,399,XLK,6.0,11.0,164399298.67,0.03339392464311952
A0,2024-03-19,2024-04-02,THC,101.75,100.2,102.4383,95.44,0.447,14,partial;stop,80,7.0,,,95.0,401,67.0,400,87.0,400,XLV,6.0,11.0,139105790.41750002,0.02543500683724333
A0,2024-04-02,2024-04-03,GE,144.09,140.41,138.0119,-583.16,-1.654,1,stop,36,33.0,5.0,7.0,88.0,346,55.0,345,76.0,344,XLK,5.0,11.0,1279260696.3200285,0.02549652986969575
A0,2024-04-04,2024-04-09,META,524.09,510.61,510.0999,-363.84,-1.038,5,stop,73,64.0,6.0,7.0,149.0,327,37.0,326,58.0,326,XLK,4.0,11.0,6652329957.358999,0.025726413935132763
A0,2024-04-05,2024-04-10,NTRA,96.9,94.43,94.3356,-368.82,-1.038,5,stop,80,3.0,,,109.0,338,30.0,337,23.0,337,XLV,9.0,11.0,136997580.5325,0.034635381179857636
A0,2024-04-03,2024-04-12,DELL,122.14,117.66,121.3685,-63.43,-0.173,9,partial;stop,35,13.0,1.0,8.0,232.0,340,23.0,339,50.0,338,XLK,6.0,11.0,910972514.0105,0.037181344684934635
A0,2024-04-05,2024-04-12,CART,38.87,37.51,38.4116,-126.2,-0.339,7,partial;stop,73,67.0,6.0,7.0,44.0,338,22.0,337,121.0,337,XLI,3.0,11.0,122120253.853,0.03509296420996978
A0,2024-04-11,2024-04-12,PSTG,55.02,53.4,53.3466,-187.98,-1.033,1,stop,35,11.0,1.0,7.0,172.0,315,40.0,314,82.0,314,XLK,6.0,11.0,159376516.615,0.03243978494657046
A0,2024-04-23,2024-04-26,FTAI,73.61,70.93,70.8599,-187.25,-1.026,3,stop,73,55.0,7.0,8.0,30.0,325,28.0,322,12.0,322,XLK,10.0,11.0,71114137.265,0.03644351583583039
A0,2024-05-03,2024-05-07,NRG,76.62,74.95,74.875,-191.56,-1.045,4,stop,49,5.0,,,73.0,424,36.0,419,47.0,418,XLU,2.0,11.0,233187253.21749997,0.033327329830563315
A0,2024-05-06,2024-05-10,GE,166.42,165.03,164.865,-129.24,-1.119,4,stop,36,37.0,7.0,11.0,43.0,430,24.0,425,32.0,424,XLK,9.0,11.0,1174051004.1894999,0.03180961796168664
A0,2024-05-03,2024-05-14,FSLR,188.51,185.0,184.815,-192.05,-1.053,11,stop,36,36.0,7.0,11.0,45.0,424,87.0,419,230.0,418,XLK,10.0,11.0,369957310.4905,0.03905510821232048
A0,2024-05-14,2024-05-15,FCX,52.57,52.33,52.2777,-77.25,-1.216,1,stop,10,8.0,,,153.0,409,48.0,403,86.0,401,XLB,3.0,11.0,818520377.3079998,0.027050419691903676
A0,2024-05-15,2024-05-17,WDC,74.11,73.88,73.3865,-136.04,-3.108,2,stop,35,21.0,4.0,9.0,217.0,407,72.0,402,75.0,400,XLK,8.0,11.0,470864694.781,0.03935876274850647
A0,2024-05-16,2024-05-20,UAL,55.49,54.65,54.5953,-196.71,-1.065,4,stop,45,5.0,,,31.0,406,86.0,401,135.0,399,XLI,5.0,11.0,520354051.11050004,0.02797282723360452
A0,2024-05-17,2024-05-22,FCX,54.14,52.65,51.7582,-293.47,-1.598,5,stop,10,8.0,,,230.0,397,51.0,392,94.0,390,XLB,3.0,11.0,822373557.4795,0.027573845263942753
A0,2024-04-26,2024-05-24,DAL,49.98,49.18,51.3763,314.44,1.729,28,close<MA;partial,45,6.0,,,46.0,370,76.0,366,73.0,366,XLI,4.0,11.0,614441354.9495001,0.030239715001551648
A0,2024-04-25,2024-05-30,AEM,64.26,63.26,66.954,490.45,2.697,35,close<MA;partial,10,13.0,2.0,10.0,29.0,362,52.0,359,182.0,359,XLB,4.0,11.0,235865525.89850003,0.025092755603079157
A0,2024-05-23,2024-05-30,WDC,75.93,73.85,76.0321,9.67,0.051,7,partial;stop,35,15.0,2.0,7.0,169.0,364,57.0,359,69.0,357,XLK,6.0,11.0,455899063.3644999,0.03487111664036975
A0,2024-05-08,2024-06-03,DELL,129.83,126.0,140.2471,500.04,2.72,26,close<MA;partial,35,21.0,5.0,11.0,170.0,432,24.0,427,35.0,426,XLK,9.0,11.0,702010042.8165,0.04005526299525768
A0,2024-06-10,2024-06-11,NTRA,112.16,109.5,109.3905,-357.53,-1.041,1,stop,80,5.0,,,48.0,338,52.0,333,27.0,331,XLV,9.0,11.0,118580617.2875,0.03110697565558959
A0,2024-06-10,2024-06-11,TMDX,144.37,138.41,138.2695,-390.38,-1.023,1,stop,38,17.0,5.0,6.0,93.0,338,12.0,333,33.0,331,XLV,9.0,11.0,100325946.441,0.04129187386204739
A0,2024-06-12,2024-06-13,TER,147.63,147.1,145.2946,-230.96,-4.423,1,stop,38,16.0,5.0,7.0,50.0,338,39.0,333,60.0,331,XLV,8.0,11.0,297780247.448,0.02793410834619766
A0,2024-06-12,2024-06-13,CROX,158.27,155.54,155.3845,-265.3,-1.057,1,stop,30,6.0,,,95.0,338,61.0,333,74.0,331,XLB,9.0,11.0,159510208.95049998,0.030643333915758585
A0,2024-06-12,2024-06-14,WDC,77.74,77.4,77.3226,-78.03,-1.229,2,stop,35,16.0,4.0,7.0,101.0,338,64.0,333,53.0,331,XLK,3.0,11.0,402145883.78499997,0.029082301345759613
A0,2024-05-21,2024-06-18,FSLR,199.35,197.63,260.3191,4206.93,35.569,28,close<MA;partial,36,36.0,4.0,8.0,163.0,381,83.0,376,176.0,374,XLK,4.0,11.0,356269776.5465,0.03620547000696488
A0,2024-06-13,2024-06-20,QCOM,217.65,213.01,219.0264,56.54,0.297,7,partial;stop,36,35.0,3.0,7.0,54.0,349,53.0,344,64.0,343,XLK,2.0,11.0,2107945260.059,0.02808321027853563
A0,2024-06-20,2024-06-21,PINS,44.8,43.7,43.658,-364.65,-1.04,1,stop,73,74.0,8.0,8.0,135.0,377,48.0,372,143.0,370,XLK,1.0,11.0,309809945.99649996,0.024618120273175954
A0,2024-06-18,2024-06-25,IP,46.39,45.28,46.5245,42.82,0.125,7,partial;stop,26,1.0,,,65.0,368,46.0,363,130.0,361,XLB,9.0,11.0,258010461.33449998,0.027455168490545013
A0,2024-06-10,2024-06-27,MU,134.26,129.97,135.9701,153.54,0.398,17,partial;stop,36,35.0,3.0,6.0,78.0,338,31.0,333,37.0,331,XLK,3.0,11.0,1981834345.2779999,0.031961762122489364
A0,2024-06-25,2024-07-01,SNAP,16.19,15.68,15.6692,-389.46,-1.031,6,stop,73,80.0,9.0,9.0,192.0,408,25.0,405,269.0,401,XLK,2.0,11.0,271115460.91699994,0.03114979992827497
A0,2024-07-08,2024-07-09,CRWD,395.03,383.7,383.3133,-386.8,-1.034,1,stop,73,61.0,6.0,7.0,22.0,361,58.0,358,51.0,352,XLK,1.0,11.0,2803220711.0,0.028700378834692526
A0,2024-07-09,2024-07-10,VST,94.59,90.74,90.6493,-382.69,-1.024,1,stop,49,5.0,,,163.0,358,66.0,355,13.0,349,XLU,4.0,11.0,677096203.448,0.052971060876685946
A0,2024-07-09,2024-07-11,AMAT,249.67,247.48,247.2325,-136.47,-1.113,2,stop,36,41.0,2.0,7.0,77.0,358,80.0,355,44.0,349,XLK,1.0,11.0,1217850556.808,0.026107627001178364
A0,2024-07-10,2024-07-11,KLAC,88.08,87.05,86.9629,-179.36,-1.085,1,stop,38,22.0,5.0,7.0,66.0,357,55.0,354,49.0,348,XLV,6.0,11.0,606970875.0175,0.027899784381285986
A0,2024-07-12,2024-07-15,ELF,219.74,209.39,209.1806,-190.06,-1.02,3,stop,28,35.0,2.0,7.0,53.0,371,67.0,368,105.0,362,XLB,10.0,11.0,311330731.05700004,0.0492949586438538
A0,2024-07-03,2024-07-17,TER,152.38,148.84,154.4371,189.05,0.58,14,partial;stop,38,22.0,5.0,7.0,117.0,400,36.0,398,77.0,392,XLV,6.0,11.0,304182863.574,0.026095081091489735
A0,2024-07-05,2024-07-17,COHR,75.33,72.72,75.7279,57.58,0.154,12,partial;stop,38,22.0,5.0,7.0,127.0,379,58.0,377,34.0,371,XLV,7.0,11.0,132475366.37799999,0.034610966396738246
A0,2024-07-02,2024-07-24,AAPL,220.42,215.1,221.986,98.65,0.294,22,partial;stop,35,22.0,3.0,7.0,64.0,426,43.0,423,172.0,418,XLK,1.0,11.0,18546491274.095,0.024696185657649455
A0,2024-07-23,2024-07-24,RCL,172.81,168.47,168.3008,-360.94,-1.039,1,stop,44,5.0,,,96.0,411,83.0,409,103.0,403,XLI,9.0,11.0,333340280.1685,0.02513305291471025
A0,2024-07-25,2024-07-29,HALO,56.56,55.48,55.4245,-277.33,-1.051,4,stop,,,,,138.0,431,38.0,429,43.0,423,,,,69130845.0565,0.026945909085104636
A0,2024-07-31,2024-08-01,RBLX,41.66,41.04,40.0499,-535.09,-2.593,1,stop,73,70.0,9.0,11.0,122.0,465,141.0,464,272.0,458,XLK,6.0,11.0,191497585.26749998,0.02880075243650465
A0,2024-07-30,2024-08-02,BURL,256.05,251.7,251.0787,-263.52,-1.143,3,stop,53,7.0,,,181.0,474,38.0,472,117.0,465,XLY,6.0,11.0,166455874.595,0.02505514637367779
A0,2024-08-01,2024-08-02,FICO,1659.69,1619.3,1545.5529,-456.54,-2.826,1,stop,73,75.0,10.0,12.0,207.0,498,38.0,497,101.0,491,XLI,8.0,11.0,262571142.18599996,0.024334218876110487
A0,2024-08-15,2024-08-16,BURL,264.24,261.37,260.3794,-197.1,-1.345,1,stop,53,7.0,,,194.0,677,26.0,674,100.0,669,XLY,9.0,11.0,165219298.5935,0.029812948829545723
A0,2024-08-15,2024-08-16,FLR,50.0,49.04,48.951,-198.25,-1.093,1,stop,16,2.0,,,269.0,677,35.0,674,162.0,669,XLI,8.0,11.0,73739966.587,0.037039983943939474
A0,2024-08-26,2024-08-27,EFX,304.18,301.05,300.1296,-178.39,-1.294,1,stop,73,88.0,9.0,15.0,113.0,544,60.0,541,212.0,535,XLK,8.0,11.0,242954618.77099997,0.02438528692835609
A0,2024-08-22,2024-08-28,IRM,112.9,111.51,113.0589,18.74,0.112,6,partial;stop,67,13.0,2.0,16.0,98.0,601,28.0,599,40.0,593,XLRE,1.0,11.0,223744104.1835,0.02677209773224242
A0,2024-08-23,2024-08-30,TPL,285.17,278.07,286.1064,23.37,0.132,7,partial;stop,67,11.0,1.0,14.0,222.0,550,25.0,548,41.0,542,XLRE,1.0,11.0,75181866.2076,0.03174246363983789
A0,2024-08-29,2024-08-30,ALNY,286.29,279.41,265.734,-965.94,-2.989,1,stop,28,33.0,2.0,10.0,39.0,481,6.0,477,18.0,471,XLV,2.0,11.0,249363475.3265,0.03750642038116878
A0,2024-08-21,2024-09-03,DHI,185.61,181.93,186.2084,29.25,0.162,13,partial;stop,15,5.0,,,250.0,621,78.0,619,145.0,613,XLI,9.0,11.0,423573943.47349995,0.029229350960392957
A0,2024-08-29,2024-09-03,NEM,52.82,52.44,52.3876,-111.85,-1.137,5,stop,10,9.0,,,115.0,481,67.0,477,20.0,471,XLB,9.0,11.0,325967876.818,0.027415644244534503
A0,2024-08-30,2024-09-03,NOW,169.97,167.17,167.0008,-234.55,-1.06,4,stop,73,75.0,4.0,9.0,190.0,444,49.0,440,181.0,434,XLK,9.0,11.0,776234920.7264999,0.024188045519135462
A0,2024-09-03,2024-09-04,UTHR,366.35,356.11,352.2973,-477.65,-1.373,1,stop,28,29.0,2.0,8.0,104.0,414,38.0,410,32.0,404,XLV,3.0,11.0,162231283.3105,0.027929415757548825
A0,2024-08-23,2024-09-06,MMM,130.12,128.85,130.7266,63.09,0.478,14,partial;stop,38,37.0,9.0,14.0,29.0,550,45.0,548,32.0,542,XLV,2.0,11.0,722784773.953,0.02710496376504361
A0,2024-09-05,2024-09-06,CNK,28.46,27.7,27.6768,-183.68,-1.037,1,stop,78,2.0,,,145.0,363,7.0,359,24.0,354,XLC,9.0,11.0,60278176.045,0.02649198515646376
A0,2024-09-09,2024-09-18,RMD,247.98,245.0,237.9884,-529.44,-3.355,9,partial;stop,38,19.0,3.0,6.0,60.0,338,56.0,335,52.0,330,XLV,5.0,11.0,198040598.814,0.024213679128980842
A0,2024-09-16,2024-09-19,SFM,104.51,103.34,103.2367,-164.83,-1.088,3,stop,54,1.0,,,133.0,366,31.0,363,30.0,357,XLP,3.0,11.0,121809196.705,0.025426898535198257
A0,2024-09-27,2024-10-02,TOL,154.77,151.3,151.1487,-188.55,-1.044,5,stop,15,3.0,,,197.0,470,61.0,466,139.0,460,XLI,3.0,11.0,222921077.50599998,0.027376348974504795
A0,2024-09-18,2024-10-04,TSLA,235.23,226.88,248.1602,555.78,1.547,16,close<MA;partial,37,8.0,,,139.0,377,78.0,375,77.0,367,XLY,7.0,11.0,16310069933.5475,0.04339760784546428
A0,2024-10-04,2024-10-07,TTD,113.17,111.85,111.7381,-170.75,-1.085,3,stop,73,65.0,7.0,12.0,147.0,446,164.0,442,95.0,439,XLK,11.0,11.0,282223901.6775,0.02621783481726788
A0,2024-09-13,2024-10-08,Z,58.35,56.82,62.3401,910.13,2.612,25,close<MA;partial,73,63.0,2.0,8.0,117.0,368,68.0,365,161.0,359,XLI,7.0,11.0,169627268.209,0.03444497232697298
A0,2024-10-08,2024-10-09,NTRA,132.14,128.63,128.5014,-371.35,-1.037,1,stop,80,7.0,,,158.0,427,133.0,424,78.0,419,XLV,8.0,11.0,145348717.21499997,0.03417517305423158
A0,2024-10-08,2024-10-15,ORCL,174.16,170.44,174.6741,39.28,0.137,7,partial;stop,73,60.0,5.0,8.0,91.0,427,119.0,424,72.0,419,XLK,11.0,11.0,2030415518.3294997,0.025030933006280502
A0,2024-10-08,2024-10-15,CAVA,131.95,127.7,132.5012,46.15,0.129,7,partial;stop,58,7.0,,,220.0,427,39.0,424,21.0,419,XLY,10.0,11.0,314406495.322,0.03225405033804392
A0,2024-09-11,2024-10-17,SN,98.64,95.63,105.0559,750.83,2.13,36,close<MA;partial,36,39.0,6.0,6.0,73.0,352,38.0,349,14.0,344,XLK,10.0,11.0,123550757.80950001,0.030550005536308385
A0,2024-10-11,2024-10-18,DELL,127.13,123.5,127.507,37.24,0.105,7,partial;stop,35,14.0,8.0,8.0,118.0,385,279.0,383,196.0,379,XLK,11.0,11.0,1383489527.7684999,0.02916876457656308
A0,2024-10-18,2024-10-21,LW,79.24,76.96,76.8835,-367.48,-1.034,3,stop,20,3.0,,,167.0,369,274.0,368,287.0,363,XLP,8.0,11.0,207629362.63700002,0.028756998614314928
A0,2024-10-15,2024-10-22,GEV,271.1,263.54,270.729,-17.48,-0.049,7,partial;stop,36,40.0,6.0,8.0,71.0,381,26.0,380,27.0,376,XLK,11.0,11.0,691646980.661,0.027871752595350813
A0,2024-10-28,2024-10-29,TOST,30.73,29.76,29.7268,-368.45,-1.031,1,stop,73,54.0,3.0,9.0,104.0,335,132.0,334,114.0,330,XLK,7.0,11.0,137306082.638,0.031700747884284036
A0,2024-10-17,2024-10-30,CAVA,135.71,133.2,136.1312,41.71,0.17,13,partial;stop,58,6.0,,,144.0,375,21.0,374,23.0,369,XLY,8.0,11.0,306461881.71599996,0.032263298257465385
A0,2024-10-23,2024-11-01,NU,15.02,14.58,15.1524,108.86,0.306,9,partial;stop,61,12.0,2.0,8.0,209.0,336,129.0,335,102.0,330,XLF,3.0,11.0,345091341.08000004,0.029348750575672277
A0,2024-11-01,2024-11-04,CART,45.25,44.24,44.1958,-308.51,-1.044,3,stop,73,63.0,2.0,9.0,75.0,364,60.0,362,118.0,359,XLI,3.0,11.0,116616465.96100001,0.03170017698650819
A0,2024-11-01,2024-11-05,TOST,30.82,30.05,30.01,-347.31,-1.052,4,stop,73,63.0,2.0,9.0,98.0,364,113.0,362,102.0,359,XLK,5.0,11.0,139826053.7315,0.029720753762843742
A0,2024-11-05,2024-11-13,CART,45.8,44.51,45.3246,-129.09,-0.366,8,partial;stop,73,62.0,2.0,9.0,84.0,370,61.0,368,117.0,365,XLI,5.0,11.0,110825646.007,0.03031783352939286
A0,2024-11-06,2024-11-15,NVDA,144.56,141.96,145.533,90.08,0.372,9,partial;stop,36,40.0,3.0,9.0,123.0,381,76.0,379,57.0,376,XLK,2.0,11.0,30931755933.1315,0.028117122399172235
A0,2024-11-14,2024-11-15,AAL,14.56,14.18,14.1608,-190.15,-1.036,1,stop,45,6.0,,,130.0,520,94.0,518,353.0,515,XLI,4.0,11.0,397631587.46750003,0.033601112696991
A0,2024-11-21,2024-11-22,NVDA,149.92,145.82,145.6695,-386.77,-1.036,1,stop,36,45.0,6.0,16.0,305.0,564,211.0,562,87.0,557,XLK,7.0,11.0,29311855900.0005,0.02737753314278647
A0,2024-11-25,2024-11-27,AAL,14.68,14.55,14.5404,-134.35,-1.117,2,stop,45,6.0,,,240.0,582,104.0,580,369.0,575,XLI,4.0,11.0,348246523.504,0.029623217548938964
A0,2024-11-25,2024-12-02,DASH,179.0,173.91,179.0607,4.58,0.012,7,partial;stop,73,98.0,3.0,16.0,199.0,582,120.0,580,94.0,575,XLI,4.0,11.0,598013860.016,0.02847151768168671
A0,2024-12-04,2024-12-05,ANET,108.1,105.02,103.3066,-584.86,-1.557,1,stop,35,22.0,8.0,15.0,344.0,563,202.0,560,162.0,555,XLK,3.0,11.0,1020699951.523,0.028479771398037666
A0,2024-12-03,2024-12-09,TTD,136.28,134.0,133.866,-245.83,-1.059,6,stop,73,93.0,3.0,16.0,234.0,560,158.0,557,133.0,552,XLK,3.0,11.0,606157345.514,0.03566336290024086
A0,2024-11-06,2024-12-10,VRT,117.11,115.08,126.0354,1026.77,4.405,34,close<MA;partial,36,40.0,3.0,9.0,168.0,381,30.0,379,148.0,376,XLK,2.0,11.0,722736567.0274999,0.035021287812355494
A0,2024-11-06,2024-12-11,CRWD,324.26,316.75,345.8,882.98,2.866,35,close<MA;partial,73,62.0,2.0,9.0,144.0,381,93.0,379,227.0,376,XLK,2.0,11.0,1055231614.9654999,0.03241468086224837
A0,2024-12-11,2024-12-12,NFLX,93.62,92.31,92.2157,-210.73,-1.07,1,stop,78,2.0,,,92.0,490,149.0,488,132.0,484,XLC,2.0,11.0,2842845864.36,0.024282660051407785
A0,2024-12-16,2024-12-18,CRWD,377.8,364.89,364.5251,-384.9,-1.028,2,stop,73,97.0,2.0,12.0,173.0,472,111.0,469,342.0,466,XLK,4.0,11.0,1410695200.3385,0.034849746498939654
A0,2024-11-04,2024-12-20,MASI,146.96,143.87,166.8991,1774.87,6.46,46,close<MA;partial,38,18.0,3.0,10.0,118.0,369,87.0,367,197.0,364,XLV,11.0,11.0,91179044.186,0.027674552398041154
A0,2024-12-20,2024-12-23,SLM,28.25,27.39,27.3638,-382.07,-1.032,3,stop,61,17.0,2.0,15.0,73.0,541,129.0,537,152.0,534,XLF,3.0,11.0,80782508.005,0.03033947238842233
A0,2024-11-06,2024-12-31,DOCU,73.92,73.3,88.721,2707.88,23.807,55,close<MA;partial,73,62.0,2.0,9.0,76.0,381,73.0,379,120.0,376,XLK,2.0,11.0,314177144.7605,0.024640159887069194
A0,2024-12-31,2025-01-02,TPR,66.54,65.22,65.1598,-284.98,-1.05,2,stop,31,2.0,,,73.0,527,73.0,524,80.0,520,XLY,1.0,11.0,332330050.758,0.024983027416910737
A0,2025-01-06,2025-01-07,RBLX,61.83,60.57,60.5094,-296.2,-1.048,1,stop,73,96.0,1.0,13.0,55.0,498,82.0,495,84.0,492,XLK,4.0,11.0,389401610.57449996,0.03845424736049592
A0,2025-01-06,2025-01-07,WSM,199.61,194.67,194.4753,-354.6,-1.039,1,stop,57,4.0,,,94.0,498,127.0,495,133.0,492,XLY,1.0,11.0,382194602.587,0.029068812270409826
A0,2025-01-02,2025-01-13,URBN,56.43,55.01,54.955,-357.55,-1.039,11,stop,56,8.0,,,46.0,505,67.0,502,162.0,498,XLY,1.0,11.0,94422698.31175001,0.031239295401756618
A0,2025-01-03,2025-01-27,GEV,355.04,342.42,351.6549,-98.3,-0.268,24,partial;stop,36,47.0,2.0,11.0,124.0,505,85.0,502,42.0,498,XLK,4.0,11.0,998725078.2109998,0.03557010856084172
A0,2025-01-02,2025-01-28,EQT,47.05,45.92,48.8282,518.34,1.581,26,close<MA;partial,13,16.0,14.0,14.0,103.0,505,110.0,502,176.0,498,XLE,6.0,11.0,289318408.9645,0.026997897022883632
A0,2025-01-28,2025-01-29,BA,182.75,177.79,177.609,-385.77,-1.036,1,stop,37,11.0,2.0,10.0,310.0,478,208.0,477,340.0,474,XLI,4.0,11.0,1451606269.0345001,0.027172312246284837
A0,2025-01-13,2025-01-30,CRS,186.68,183.4,190.3915,204.32,1.134,17,partial;stop,33,7.0,,,141.0,499,169.0,496,61.0,494,XLB,11.0,11.0,189359182.50599998,0.03464745941614856
A0,2025-01-30,2025-01-31,ROKU,85.0,82.8,82.7172,-375.19,-1.038,1,stop,48,6.0,,,242.0,527,251.0,526,141.0,522,XLC,2.0,11.0,212904570.57799998,0.04414305593821145
A0,2025-01-16,2025-02-03,WSM,200.76,196.95,203.0796,113.63,0.609,18,partial;stop,57,4.0,,,150.0,537,79.0,534,178.0,531,XLY,1.0,11.0,365558369.8865,0.02997221130169226
A0,2025-02-04,2025-02-12,CYBR,379.0,370.18,380.6415,59.14,0.186,8,partial;stop,73,101.0,1.0,14.0,129.0,589,95.0,589,126.0,584,XLK,7.0,11.0,156578218.232,0.027903581334016568
A0,2025-01-24,2025-02-14,TWLO,137.68,133.59,135.9694,-80.28,-0.418,21,partial;stop,73,74.0,2.0,9.0,226.0,415,54.0,414,50.0,411,XLK,4.0,11.0,217247380.47550002,0.02966309263378456
A0,2025-02-13,2025-02-14,SNOW,191.11,185.2,185.0107,-378.21,-1.031,1,stop,73,102.0,1.0,15.0,110.0,597,39.0,597,124.0,590,XLK,6.0,11.0,915743734.2275,0.03289175085978037
A0,2025-01-29,2025-02-19,AXON,640.64,632.14,643.924,68.96,0.386,21,partial;stop,34,3.0,,,311.0,515,68.0,514,34.0,511,XLI,5.0,11.0,334257522.07449996,0.03119803858028445
A0,2025-02-18,2025-02-19,BA,188.67,184.22,184.0358,-342.82,-1.041,1,stop,37,23.0,7.0,15.0,145.0,608,82.0,608,327.0,602,XLI,10.0,11.0,1371106603.342,0.030588090565697355
A0,2025-02-18,2025-02-19,SNOW,193.79,189.09,188.9009,-347.38,-1.04,1,stop,73,105.0,1.0,15.0,119.0,608,45.0,608,134.0,602,XLK,4.0,11.0,929797405.107,0.03395253879569608
A0,2025-02-25,2025-02-26,MIDD,178.08,173.67,170.9988,-538.01,-1.607,1,stop,35,35.0,3.0,17.0,50.0,694,80.0,693,211.0,689,XLI,9.0,11.0,148032554.7605,0.024742981049612575
A0,2025-01-15,2025-03-05,TPR,69.16,67.5,78.9909,1101.17,5.912,49,close<MA;partial,31,3.0,,,65.0,523,61.0,520,63.0,518,XLY,1.0,11.0,289760852.727,0.02404610580684008
A0,2025-03-05,2025-03-10,AGI,24.29,23.52,23.501,-370.47,-1.031,5,stop,10,16.0,3.0,21.0,46.0,767,27.0,765,178.0,761,XLB,11.0,11.0,65550255.123,0.031685075135164505
A0,2025-03-18,2025-03-25,CVS,67.32,66.33,66.2687,-208.67,-1.068,7,stop,59,12.0,15.0,22.0,223.0,908,22.0,906,229.0,902,XLP,5.0,11.0,561323385.1585001,0.02927975739628576
A0,2025-03-24,2025-03-25,FNV,156.98,155.4,155.2446,-147.24,-1.099,1,stop,10,17.0,1.0,22.0,42.0,892,25.0,888,129.0,884,XLB,6.0,11.0,135838968.73250002,0.026855740278951417
A0,2025-03-27,2025-03-31,AEM,107.99,105.3,105.1947,-184.35,-1.039,4,stop,10,17.0,1.0,23.0,90.0,850,24.0,845,113.0,840,XLB,6.0,11.0,255759526.95649996,0.026476025099591367
A0,2025-03-28,2025-03-31,FNV,158.68,155.29,155.1347,-184.28,-1.046,3,stop,10,17.0,1.0,24.0,49.0,836,25.0,831,120.0,826,XLB,6.0,11.0,144549441.6295,0.025555564682312175
A0,2025-03-19,2025-04-01,HALO,63.45,62.52,63.5407,18.72,0.095,13,partial;stop,,,,,90.0,894,25.0,892,409.0,888,,,,84503629.604,0.03051496635463405
A0,2025-03-31,2025-04-01,WPM,77.94,75.98,75.9006,-183.56,-1.039,1,stop,10,17.0,1.0,24.0,39.0,826,23.0,821,124.0,816,XLB,7.0,11.0,134449851.474,0.02519382302187991
A0,2025-03-31,2025-04-02,T,28.54,28.21,28.1818,-166.59,-1.086,2,stop,48,13.0,3.0,24.0,108.0,826,36.0,821,73.0,816,XLC,9.0,11.0,1245608624.9720001,0.026334459843817538
A0,2025-04-03,2025-04-04,CVS,68.94,67.28,65.5544,-649.82,-2.039,1,stop,59,11.0,16.0,21.0,153.0,778,10.0,775,217.0,770,XLP,5.0,11.0,565710712.7065,0.02407651875671448
A0,2025-04-03,2025-04-04,AEM,110.47,107.78,105.2047,-626.02,-1.962,1,stop,10,16.0,1.0,21.0,59.0,778,20.0,775,76.0,770,XLB,7.0,11.0,265516203.4945,0.024272267759185135
A0,2025-04-03,2025-04-04,WPM,78.12,76.19,76.1138,-339.56,-1.042,1,stop,10,16.0,1.0,21.0,56.0,778,19.0,775,97.0,770,XLB,7.0,11.0,140539659.7815,0.02469008287782443
A0,2025-04-23,2025-04-24,CELH,39.19,36.87,36.8331,-176.4,-1.016,1,stop,20,30.0,2.0,25.0,21.0,1068,11.0,1066,113.0,1061,XLP,1.0,11.0,283128873.205,0.06290414684968348
A0,2025-05-05,2025-05-09,MNST,60.35,59.63,58.7512,-343.81,-2.22,4,stop,20,30.0,6.0,25.0,390.0,1065,31.0,1061,194.0,1058,XLP,1.0,11.0,357452103.328,0.025978977038466196
A0,2025-05-15,2025-05-20,CNK,31.7,31.32,31.2887,-169.33,-1.082,5,stop,78,2.0,,,409.0,762,332.0,757,310.0,755,XLC,6.0,11.0,109780651.30250001,0.03226894214185834
A0,2025-05-20,2025-05-21,ULTA,422.13,411.74,407.2124,-238.71,-1.436,1,stop,59,10.0,13.0,18.0,347.0,690,109.0,686,212.0,684,XLY,8.0,11.0,253365649.06149998,0.024610034357760956
A0,2025-05-20,2025-05-23,DLTR,90.19,87.75,87.6651,-179.27,-1.036,3,stop,53,9.0,,,438.0,690,69.0,686,73.0,684,XLY,8.0,11.0,315476023.6685,0.027022892634188833
A0,2025-05-22,2025-06-03,CNK,32.56,32.1,32.7628,74.92,0.433,12,partial;stop,78,3.0,,,323.0,617,78.0,613,245.0,611,XLC,5.0,11.0,105652383.5135,0.031090000918270848
A0,2025-05-22,2025-06-04,GME,29.42,28.51,29.7354,59.73,0.348,13,partial;stop,57,4.0,,,460.0,617,152.0,613,214.0,611,XLY,9.0,11.0,193966738.1784999,0.0308720183660119
A0,2025-05-23,2025-06-04,CRWD,451.6,437.56,455.9943,52.72,0.313,12,partial;stop,73,98.0,7.0,15.0,221.0,600,137.0,596,82.0,594,XLK,6.0,11.0,1399842624.1150002,0.031094359080797374
A0,2025-06-09,2025-06-10,UAL,85.21,83.43,83.1767,-309.07,-1.142,1,stop,45,6.0,,,217.0,500,279.0,498,276.0,493,XLI,2.0,11.0,588785723.3595,0.04141643780407264
A0,2025-06-11,2025-06-12,SHOP,112.49,111.29,111.1787,-151.07,-1.093,1,stop,73,85.0,6.0,10.0,100.0,480,187.0,478,207.0,474,XLK,1.0,11.0,1451729618.2389998,0.03152253170659544
A0,2025-06-12,2025-06-13,NVDA,145.14,141.85,141.7081,-305.88,-1.043,1,stop,36,35.0,5.0,10.0,94.0,473,136.0,471,169.0,467,XLK,1.0,11.0,30372521359.738503,0.025999255636867342
A0,2025-06-16,2025-06-17,DASH,221.1,219.63,219.4104,-98.05,-1.149,1,stop,73,85.0,6.0,11.0,107.0,484,150.0,479,84.0,475,XLI,2.0,11.0,861092456.433,0.029832145978971415
A0,2025-06-16,2025-06-18,NVDA,145.14,143.2,143.0569,-183.75,-1.074,2,stop,36,36.0,5.0,11.0,183.0,484,161.0,479,153.0,475,XLK,1.0,11.0,29402628225.066505,0.02529630751503652
A0,2025-06-16,2025-06-18,AMAT,175.97,172.79,172.6173,-180.82,-1.054,2,stop,36,36.0,5.0,11.0,290.0,484,210.0,479,168.0,475,XLK,1.0,11.0,1177651056.1225,0.024966429764117316
A0,2025-06-17,2025-06-20,CRWD,491.69,475.61,475.1391,-165.52,-1.03,3,stop,73,86.0,6.0,11.0,137.0,497,96.0,492,74.0,488,XLK,1.0,11.0,1960085695.8205001,0.0326963626060944
A0,2025-06-18,2025-06-23,SMCI,44.87,42.79,42.7472,-174.05,-1.021,5,stop,35,21.0,8.0,12.0,359.0,503,194.0,497,133.0,494,XLK,1.0,11.0,1430892753.715,0.04741556088320367
A0,2025-06-20,2025-06-23,NVDA,146.32,142.72,142.3575,-186.29,-1.101,3,stop,36,40.0,5.0,11.0,161.0,506,122.0,501,161.0,498,XLK,1.0,11.0,28976424337.510998,0.024596844048273857
A0,2025-06-24,2025-06-26,SNOW,219.7,219.25,219.0308,-39.08,-1.482,2,stop,73,93.0,8.0,12.0,89.0,519,86.0,514,100.0,511,XLK,1.0,11.0,1022951756.5585,0.026535525694049718
A0,2025-06-24,2025-07-01,AVGO,265.7,258.77,267.6037,45.8,0.276,7,partial;stop,36,39.0,5.0,12.0,173.0,519,96.0,514,181.0,511,XLK,1.0,11.0,6430966884.2515,0.02892242963743799
A0,2025-06-25,2025-07-01,CRWD,494.79,487.55,497.465,61.43,0.368,6,partial;stop,73,95.0,8.0,12.0,209.0,531,91.0,526,83.0,523,XLK,1.0,11.0,2087327647.3009999,0.033178443336882676
A0,2025-06-02,2025-07-03,SPOT,671.91,656.84,712.514,446.63,2.694,31,close<MA;partial,48,12.0,9.0,14.0,251.0,553,161.0,551,46.0,547,XLC,5.0,11.0,1405877603.3379998,0.03510499057683235
A0,2025-07-03,2025-07-07,CRWD,517.14,500.15,499.6497,-349.74,-1.029,4,stop,73,100.0,6.0,13.0,391.0,584,137.0,580,84.0,577,XLK,1.0,11.0,1930677015.881,0.03284746312129881
A0,2025-05-13,2025-07-08,COOP,122.62,117.7,140.5659,628.02,3.649,56,close<MA;partial,61,19.0,17.0,19.0,523.0,762,89.0,758,101.0,756,XLF,5.0,11.0,84267391.2015,0.04425944832249367
A0,2025-07-09,2025-07-10,AVGO,277.98,272.72,272.4473,-254.63,-1.052,1,stop,36,46.0,2.0,15.0,363.0,592,74.0,586,197.0,583,XLK,1.0,11.0,6028818205.1565,0.02712329671658289
A0,2025-07-07,2025-07-15,UBER,94.47,93.54,93.4465,-138.77,-1.1,8,stop,73,95.0,6.0,13.0,176.0,571,182.0,567,71.0,564,XLI,2.0,11.0,1836876147.7025,0.026976846738488887
A0,2025-07-15,2025-07-16,AVGO,281.46,277.85,277.5722,-178.89,-1.077,1,stop,36,46.0,2.0,13.0,217.0,600,119.0,593,169.0,590,XLK,1.0,11.0,5721597019.7575,0.026012482425467866
A0,2025-07-09,2025-07-22,MSTR,415.01,400.17,421.1594,141.33,0.414,13,partial;stop,61,19.0,1.0,15.0,291.0,592,250.0,586,115.0,583,XLF,5.0,11.0,4232240443.4735003,0.03576170360224477
A0,2025-07-15,2025-07-22,GEV,557.37,545.49,560.8865,80.95,0.296,7,partial;stop,36,46.0,2.0,13.0,119.0,600,72.0,593,70.0,590,XLK,1.0,11.0,1571275162.001,0.03467832400370786
A0,2025-07-17,2025-07-22,AVGO,283.64,279.91,279.6301,-184.61,-1.075,5,stop,36,47.0,2.0,12.0,178.0,593,113.0,586,163.0,582,XLK,1.0,11.0,5691044782.242499,0.025803290969503418
A0,2025-06-24,2025-07-23,AMAT,178.5,175.0,186.2568,380.17,2.215,29,close<MA;partial,36,39.0,5.0,12.0,240.0,519,202.0,514,203.0,511,XLK,1.0,11.0,1211757733.0305,0.025913828506578786
A0,2025-07-25,2025-07-29,DASH,248.99,243.36,243.1166,-299.48,-1.043,4,stop,73,95.0,8.0,16.0,362.0,603,218.0,597,84.0,593,XLI,2.0,11.0,859679011.659,0.02622691429883662
A0,2025-07-28,2025-07-30,NKE,79.08,77.56,77.4824,-260.24,-1.051,2,stop,30,8.0,,,78.0,597,226.0,591,263.0,587,XLB,5.0,11.0,1491594544.4265,0.025742209704474973
A0,2025-07-24,2025-07-31,AVGO,290.83,283.5,292.118,56.65,0.176,7,partial;stop,36,47.0,2.0,13.0,238.0,594,106.0,588,150.0,584,XLK,1.0,11.0,5062098469.539,0.02643623280620721
A0,2025-07-30,2025-07-31,MRVL,83.19,80.57,80.4894,-351.48,-1.031,1,stop,36,47.0,2.0,14.0,425.0,593,204.0,588,513.0,584,XLK,1.0,11.0,1167767925.414,0.03253009330920313
A0,2025-07-08,2025-08-01,BA,219.22,214.72,222.1121,167.8,0.643,24,close<MA;partial,37,18.0,5.0,14.0,366.0,577,154.0,573,169.0,570,XLI,2.0,11.0,1856848519.0724998,0.025177074697576074
A0,2025-07-16,2025-08-01,SHOP,118.77,114.76,119.9172,49.39,0.286,16,partial;stop,73,105.0,9.0,12.0,251.0,598,198.0,592,234.0,588,XLK,1.0,11.0,808779033.6105,0.033754589409926074
A0,2025-07-31,2025-08-01,ORCL,256.02,253.32,247.5822,-413.49,-3.122,1,stop,73,94.0,7.0,12.0,112.0,554,55.0,548,60.0,544,XLK,1.0,11.0,2829270254.8165,0.026227499476597665
A0,2025-08-04,2025-08-07,URBN,78.3,76.57,76.4934,-290.57,-1.044,3,stop,56,5.0,,,197.0,615,124.0,610,86.0,605,XLY,4.0,11.0,127022580.51275,0.03396120675577534
A0,2025-08-04,2025-08-11,DASH,253.12,248.78,256.8667,183.45,0.862,7,partial;stop,73,98.0,8.0,16.0,191.0,615,199.0,610,96.0,605,XLI,2.0,11.0,690812111.1559999,0.025082436411180364
A0,2025-08-08,2025-08-13,APH,110.49,108.5,108.3915,-243.47,-1.055,5,stop,36,53.0,2.0,16.0,136.0,666,169.0,661,57.0,655,XLK,1.0,11.0,972380346.3025,0.02646284940966333
A0,2025-08-12,2025-08-15,AVGO,310.65,304.67,304.3603,-257.89,-1.051,3,stop,36,53.0,2.0,16.0,140.0,681,111.0,676,108.0,670,XLK,1.0,11.0,4956482975.415,0.02857425735881707
A0,2025-08-15,2025-08-18,NUE,151.15,147.44,145.5343,-471.8,-1.514,3,stop,33,6.0,,,313.0,706,207.0,700,286.0,695,XLB,6.0,11.0,242540089.32549995,0.024544060309784958
A0,2025-08-08,2025-08-20,DELL,136.28,134.0,133.866,-226.55,-1.059,12,stop,35,30.0,5.0,16.0,203.0,666,152.0,661,130.0,655,XLK,1.0,11.0,629598627.79,0.028635896772023373
A0,2025-08-18,2025-08-20,STX,158.16,154.07,153.9209,-173.72,-1.038,2,stop,35,31.0,6.0,14.0,275.0,711,102.0,705,83.0,701,XLK,1.0,11.0,559716900.28,0.03400149714793868
A0,2025-08-04,2025-08-21,BWXT,153.68,149.81,168.8773,1245.89,3.927,17,close<MA;partial,35,25.0,4.0,16.0,153.0,615,158.0,610,104.0,605,XLI,2.0,11.0,145288472.2135,0.025173986903579082
A0,2025-08-22,2025-08-29,EVR,320.97,312.89,321.4057,16.97,0.054,7,partial;stop,62,13.0,8.0,14.0,248.0,659,117.0,654,197.0,649,XLF,8.0,11.0,153913863.1455,0.025170195346376406
A0,2025-08-22,2025-09-02,WCC,219.28,212.87,218.6187,-34.6,-0.104,11,partial;stop,50,8.0,,,294.0,659,175.0,654,256.0,649,XLI,4.0,11.0,145995877.6905,0.02923693501702652
A0,2025-08-25,2025-09-02,WDC,78.88,76.7,79.1847,47.51,0.141,8,partial;stop,35,30.0,6.0,15.0,174.0,692,70.0,686,298.0,681,XLK,1.0,11.0,557947423.7277501,0.029329254736836553
A0,2025-09-11,2025-09-12,UAL,109.8,106.69,106.5847,-366.51,-1.034,1,stop,45,6.0,,,110.0,554,151.0,551,201.0,545,XLI,4.0,11.0,476942943.24549997,0.02830917255424213
A0,2025-09-03,2025-09-15,DHI,171.87,169.41,174.133,169.6,0.919,12,partial;stop,15,6.0,,,187.0,594,95.0,589,192.0,585,XLI,5.0,11.0,607635837.671,0.026729235675425966
A0,2025-09-09,2025-09-15,ALNY,470.28,457.83,457.3727,-348.49,-1.037,6,stop,28,43.0,7.0,12.0,317.0,557,75.0,554,83.0,547,XLV,8.0,11.0,494700667.358,0.02647210917562971
A0,2025-09-18,2025-09-19,INTC,31.81,30.77,30.3496,-498.6,-1.41,1,stop,36,55.0,2.0,13.0,262.0,576,241.0,574,432.0,568,XLK,3.0,11.0,1955670885.7925,0.032593764341185306
A0,2025-09-18,2025-09-25,SHOP,150.32,148.19,144.855,-480.93,-2.566,7,stop,73,95.0,9.0,13.0,298.0,576,133.0,574,160.0,568,XLK,3.0,11.0,800582198.4189999,0.02951769488589029
A0,2025-09-23,2025-09-25,IBKR,65.61,64.11,63.4465,-440.45,-1.439,2,stop,62,13.0,7.0,13.0,376.0,604,218.0,602,206.0,595,XLF,5.0,11.0,670903339.3824999,0.02706376489174215
A0,2025-09-29,2025-09-30,RBLX,140.85,137.69,137.5573,-184.43,-1.044,1,stop,73,100.0,11.0,15.0,207.0,638,184.0,636,74.0,629,XLK,1.0,11.0,934886603.4925001,0.037560426387011875
A0,2025-08-22,2025-10-06,WYNN,113.36,111.4,124.6005,1236.09,5.724,45,close<MA;partial,70,6.0,,,215.0,659,222.0,654,198.0,649,XLY,3.0,11.0,212022439.89949998,0.02548705104914472
A0,2025-08-21,2025-10-10,STX,159.14,153.69,206.7914,2906.8,8.75,50,close<MA;partial,35,27.0,6.0,14.0,164.0,676,63.0,671,63.0,666,XLK,1.0,11.0,534168223.742,0.03422017278067967
A0,2025-10-03,2025-10-10,UNH,362.67,356.61,364.6843,58.35,0.332,7,partial;stop,63,10.0,12.0,15.0,194.0,675,287.0,673,645.0,667,XLF,8.0,11.0,4523317146.252,0.027851824673774606
A0,2025-10-10,2025-10-13,GLW,87.84,85.68,85.0249,-421.93,-1.306,3,stop,33,7.0,,,174.0,672,80.0,669,144.0,662,XLB,10.0,11.0,687569114.9775001,0.02451926300682427
A0,2025-10-15,2025-10-17,AEM,173.67,172.29,172.1177,-118.24,-1.125,2,stop,10,26.0,2.0,16.0,197.0,752,142.0,747,320.0,740,XLB,9.0,11.0,536993100.861,0.028024172723322017
A0,2025-08-21,2025-10-22,NEM,70.36,68.9,80.2461,1759.67,6.77,62,close<MA;partial,10,21.0,2.0,14.0,125.0,676,124.0,671,84.0,666,XLB,6.0,11.0,668018223.8050001,0.02561477331001281
A0,2025-10-13,2025-10-22,ALNY,467.89,455.98,470.8567,83.14,0.249,9,partial;stop,28,61.0,7.0,15.0,360.0,718,116.0,714,146.0,707,XLV,4.0,11.0,471795833.9200001,0.025449581917347995
A0,2025-10-27,2025-10-28,AMAT,233.23,231.13,229.4503,-215.61,-1.799,1,stop,36,73.0,1.0,14.0,178.0,756,249.0,750,261.0,745,XLK,1.0,11.0,1831818924.31,0.03592436639137007
A0,2025-10-24,2025-10-29,MDB,338.29,333.54,333.2065,-198.18,-1.07,5,stop,73,106.0,8.0,14.0,300.0,748,147.0,743,151.0,738,XLK,1.0,11.0,484029700.91400003,0.036062467151295886
A0,2025-10-29,2025-10-31,AMAT,236.03,232.0,231.768,-238.44,-1.058,2,stop,36,72.0,1.0,16.0,200.0,761,255.0,754,250.0,749,XLK,1.0,11.0,1769480259.6334999,0.03458842615319715
A0,2025-11-03,2025-11-04,TSLA,467.47,453.8,453.3462,-183.57,-1.033,1,stop,37,26.0,9.0,16.0,273.0,816,129.0,808,219.0,803,XLY,2.0,11.0,36678700946.4635,0.03973253701495976
A0,2025-09-26,2025-11-07,ELAN,19.37,18.93,21.1267,704.7,4.0,42,close<MA;partial,28,52.0,7.0,14.0,263.0,632,153.0,630,115.0,623,XLV,10.0,11.0,178065014.9285,0.030033006140192952
A0,2025-10-24,2025-11-07,SNOW,257.03,252.7,258.3125,65.57,0.297,14,partial;stop,73,106.0,8.0,14.0,138.0,748,268.0,743,232.0,738,XLK,1.0,11.0,1063846730.8635,0.03508945101901413
A0,2025-11-10,2025-11-13,CRWD,556.37,544.25,540.449,-366.09,-1.314,3,stop,73,128.0,16.0,21.0,226.0,879,209.0,873,325.0,865,XLK,2.0,11.0,1174350916.208,0.029215566217483852
A0,2025-10-30,2025-11-14,MDB,347.21,336.95,344.3624,-96.71,-0.277,15,partial;stop,73,112.0,12.0,16.0,220.0,778,154.0,771,150.0,766,XLK,1.0,11.0,421530804.5315,0.03497428025278801
A0,2025-10-23,2025-11-18,M,18.75,18.52,19.1652,292.75,1.821,26,close<MA;partial,53,8.0,,,170.0,740,98.0,734,197.0,729,XLY,4.0,11.0,144056837.6815,0.032770555287484286
A0,2025-11-14,2025-11-18,VLO,183.17,177.83,177.5323,-366.65,-1.057,4,stop,29,5.0,,,155.0,839,155.0,837,277.0,828,XLE,3.0,11.0,375903796.99,0.029142684289743433
A0,2025-11-17,2025-11-18,CNC,37.96,36.36,36.3278,-353.74,-1.023,1,stop,63,12.0,13.0,20.0,304.0,847,175.0,844,801.0,835,XLF,9.0,11.0,404373220.856,0.04198805756422854
A0,2025-11-18,2025-11-21,UTHR,479.98,469.96,469.49,-272.73,-1.047,3,stop,28,71.0,2.0,21.0,159.0,865,73.0,862,158.0,853,XLV,1.0,11.0,250618920.59150004,0.03108333194289803
A0,2025-11-24,2025-12-02,CNC,39.35,37.59,37.5523,-186.89,-1.021,8,stop,63,14.0,15.0,21.0,164.0,908,138.0,904,845.0,896,XLF,8.0,11.0,391605407.378,0.04471332044195541
A0,2025-12-01,2025-12-02,LVS,69.35,69.07,69.0009,-68.97,-1.247,1,stop,70,9.0,,,109.0,840,232.0,836,155.0,829,XLY,5.0,11.0,348288662.00049996,0.027593306096506946
A0,2025-11-21,2025-12-08,WAT,392.18,381.43,392.923,11.86,0.069,17,partial;stop,38,46.0,9.0,22.0,127.0,875,119.0,871,423.0,863,XLV,1.0,11.0,231916562.887,0.02741141410879195
A0,2025-12-05,2025-12-09,KLAC,122.81,121.23,121.1108,-189.83,-1.077,4,stop,38,38.0,7.0,20.0,458.0,781,130.0,775,180.0,770,XLV,1.0,11.0,1207652670.3095,0.033301886250390954
A0,2025-12-10,2025-12-11,KLAC,124.36,122.08,121.9578,-264.71,-1.053,1,stop,38,36.0,6.0,18.0,394.0,742,127.0,736,195.0,730,XLV,2.0,11.0,1150185049.9385,0.031908029482777094
A0,2025-12-04,2025-12-15,CAT,593.83,587.0,596.8481,69.34,0.441,11,partial;stop,35,40.0,8.0,20.0,347.0,794,98.0,788,130.0,781,XLI,5.0,11.0,1385595102.5935,0.02962248827097235
A0,2025-11-18,2025-12-16,NTRA,212.42,204.35,228.2529,664.89,1.961,28,close<MA;partial,80,17.0,7.0,21.0,102.0,865,150.0,862,235.0,853,XLV,1.0,11.0,272781402.98649997,0.03802786630983597
A0,2025-11-19,2025-12-17,GOOG,294.81,287.67,312.8341,774.84,2.522,28,close<MA;partial,73,124.0,16.0,21.0,110.0,862,97.0,858,114.0,849,XLK,2.0,11.0,6311429884.0185,0.025777604714722686
A0,2025-12-22,2025-12-23,ILMN,137.22,135.41,135.2746,-194.75,-1.075,1,stop,38,35.0,5.0,14.0,252.0,736,89.0,733,176.0,727,XLV,1.0,11.0,236172287.4385,0.02986915028263674
A0,2025-12-22,2026-01-02,RVMD,81.57,78.75,78.6706,-373.76,-1.028,11,stop,28,63.0,1.0,14.0,262.0,736,20.0,733,74.0,727,XLV,1.0,11.0,195023383.56,0.03455571550097307
A0,2025-12-10,2026-01-06,TWLO,132.57,129.22,135.2694,277.78,0.804,27,close<MA;partial,73,112.0,15.0,18.0,427.0,742,162.0,736,432.0,730,XLK,1.0,11.0,242578986.75500003,0.03628811927612124
A0,2026-01-02,2026-01-07,DECK,105.95,104.0,100.899,-646.0,-2.594,5,stop,30,5.0,,,81.0,532,247.0,530,331.0,524,XLB,3.0,11.0,301333579.00299996,0.025744221586515535
A0,2026-01-07,2026-01-08,AAL,16.37,15.86,15.8439,-376.15,-1.031,1,stop,45,5.0,,,190.0,586,85.0,584,208.0,577,XLI,4.0,11.0,833883873.799,0.030952274340365675
A0,2026-01-05,2026-01-09,RDDT,249.09,241.0,240.759,-374.84,-1.03,4,stop,73,82.0,10.0,11.0,148.0,531,120.0,529,131.0,522,XLK,6.0,11.0,913134339.8610001,0.045427776197550465
A0,2026-01-12,2026-01-14,PAAS,56.13,55.46,55.4045,-176.05,-1.083,2,stop,10,25.0,1.0,14.0,174.0,633,70.0,631,102.0,624,XLB,2.0,11.0,326831004.9595,0.03951309169470481
A0,2026-01-21,2026-01-23,ON,62.83,61.03,60.9656,-190.45,-1.034,2,stop,36,63.0,2.0,14.0,237.0,660,245.0,657,415.0,652,XLK,8.0,11.0,536430191.69200003,0.028744718273454047
A0,2026-01-05,2026-02-02,KLAC,131.13,130.4,139.5283,873.63,11.539,28,close<MA;partial,38,22.0,4.0,11.0,173.0,531,174.0,529,168.0,522,XLV,1.0,11.0,992150301.2960001,0.024967141249188446
A0,2026-02-03,2026-02-04,EL,120.39,116.92,115.884,-473.16,-1.297,1,stop,28,66.0,4.0,21.0,233.0,929,217.0,927,288.0,921,XLB,1.0,11.0,398529189.7145,0.028853081427350786
A0,2026-01-05,2026-02-05,AMAT,276.4,276.12,300.1724,1165.04,86.108,31,close<MA;partial,36,55.0,2.0,11.0,296.0,531,122.0,529,156.0,522,XLK,6.0,11.0,1597190019.4015,0.024898865996263442
A0,2026-02-03,2026-02-06,KNX,59.95,59.01,58.8211,-256.23,-1.201,3,stop,42,6.0,,,240.0,929,109.0,927,222.0,921,XLI,4.0,11.0,209864957.871,0.033215341611297085
A0,2026-02-04,2026-02-10,ADI,321.55,312.63,320.4193,-45.28,-0.127,6,partial;stop,36,77.0,2.0,22.0,221.0,940,137.0,938,237.0,932,XLK,11.0,11.0,1148931441.476,0.02774201680285045
A0,2026-02-11,2026-02-12,SLB,51.72,50.93,50.8791,-219.92,-1.064,1,stop,13,30.0,6.0,23.0,255.0,997,149.0,995,178.0,990,XLE,2.0,11.0,1079063332.7080002,0.029357897989132204
A0,2026-02-11,2026-02-12,FITB,55.42,53.9,53.8411,-371.52,-1.035,1,stop,60,24.0,7.0,23.0,278.0,997,244.0,995,308.0,990,XLF,8.0,11.0,909660347.7450001,0.027632490632380817
A0,2026-02-13,2026-02-17,WMT,134.62,131.75,131.6182,-186.39,-1.046,4,stop,53,11.0,8.0,23.0,237.0,1053,194.0,1051,263.0,1047,XLY,10.0,11.0,5628556705.4795,0.02442179757272573
A0,2026-02-13,2026-02-17,MRK,122.78,121.03,120.909,-191.12,-1.069,4,stop,28,67.0,6.0,23.0,254.0,1053,175.0,1051,197.0,1047,XLV,5.0,11.0,1637729422.285,0.02678321895258885
A0,2026-02-20,2026-02-23,TGT,118.5,115.01,114.8983,-183.6,-1.033,3,stop,53,11.0,8.0,23.0,407.0,1083,260.0,1080,531.0,1076,XLY,9.0,11.0,687618852.267,0.02941029657698867
A0,2026-02-13,2026-02-25,LMT,647.24,639.0,651.4678,84.62,0.514,12,partial;stop,37,28.0,13.0,23.0,180.0,1053,124.0,1051,200.0,1047,XLI,4.0,11.0,1098108324.7319999,0.030022067314695956
A0,2026-02-23,2026-02-26,MRK,123.45,121.5,121.3815,-188.54,-1.062,3,stop,28,68.0,7.0,23.0,242.0,1088,302.0,1085,223.0,1081,XLV,9.0,11.0,1566824040.5375001,0.024537540071008813
A0,2026-02-24,2026-03-02,BKR,64.32,63.1,64.7926,69.11,0.388,6,partial;stop,35,54.0,5.0,23.0,113.0,1083,230.0,1080,205.0,1076,XLI,4.0,11.0,580862771.4590088,0.02751494657378758
A0,2026-03-02,2026-03-03,XOM,159.51,155.61,155.2746,-351.49,-1.086,1,stop,29,6.0,,,247.0,1131,194.0,1126,237.0,1121,XLE,1.0,11.0,3317136717.4733577,0.024441468708542212
A0,2026-03-02,2026-03-03,LMT,686.19,666.86,666.1976,-359.78,-1.035,1,stop,37,36.0,9.0,23.0,266.0,1131,121.0,1126,198.0,1121,XLI,3.0,11.0,1032349551.7014545,0.02815721974247711
A0,2026-03-02,2026-03-03,SLB,52.5,51.02,50.2197,-543.29,-1.544,1,stop,13,30.0,4.0,23.0,415.0,1131,132.0,1126,210.0,1121,XLE,1.0,11.0,888229429.1169012,0.02816674658681039
A0,2026-03-04,2026-03-05,JBHT,235.05,231.39,231.1586,-183.12,-1.063,1,stop,42,5.0,,,186.0,1130,160.0,1125,138.0,1120,XLI,3.0,11.0,247559106.18567362,0.034773496649405024
A0,2026-03-04,2026-03-05,TDY,693.57,676.88,674.4549,-191.18,-1.145,1,stop,38,61.0,13.0,25.0,248.0,1130,123.0,1125,287.0,1120,XLI,3.0,11.0,227039081.6316688,0.0270692968170212
A0,2026-03-04,2026-03-05,KNX,63.9,62.03,61.968,-180.04,-1.033,1,stop,42,5.0,,,222.0,1130,140.0,1125,212.0,1120,XLI,3.0,11.0,183784534.76012623,0.03817552782226264
A0,2026-03-10,2026-03-11,PWR,574.55,561.42,560.6488,-180.68,-1.059,1,stop,17,5.0,,,130.0,1111,213.0,1105,139.0,1100,XLI,3.0,11.0,632331512.6232237,0.03943790226795628
A0,2025-11-19,2026-03-13,EXAS,72.88,70.44,102.7991,4218.19,12.251,114,close<MA;partial,80,16.0,7.0,21.0,109.0,862,79.0,858,321.0,849,XLV,1.0,11.0,203450739.573,0.033505206928161765
A0,2026-03-18,2026-03-19,PWR,578.98,570.62,561.2382,-390.28,-2.121,1,stop,17,5.0,,,176.0,1039,134.0,1034,143.0,1031,XLI,5.0,11.0,676048473.8545953,0.03685423350910214
A0,2026-03-16,2026-03-23,IMO,123.64,120.5,124.5555,95.76,0.29,7,partial;stop,,,,,285.0,1063,100.0,1058,204.0,1055,,,,101527776.68609299,0.028477320868476062
A0,2026-03-17,2026-03-23,FANG,186.84,182.33,186.7558,-5.92,-0.019,6,partial;stop,13,31.0,1.0,26.0,191.0,1053,223.0,1048,213.0,1045,XLE,1.0,11.0,689282854.4552094,0.035867869243795605
A0,2026-03-18,2026-03-23,EOG,137.14,136.3,135.7141,-135.17,-1.7,5,stop,13,31.0,1.0,26.0,136.0,1039,163.0,1034,344.0,1031,XLE,1.0,11.0,769513888.997267,0.02692905393696024
A0,2026-03-24,2026-03-26,TPL,545.54,527.05,526.5229,-342.4,-1.028,2,stop,67,23.0,12.0,25.0,191.0,1056,32.0,1052,59.0,1048,XLRE,6.0,11.0,310700977.1307589,0.044020240197611964
A0,2026-03-23,2026-03-27,GEV,895.82,860.0,859.14,-330.16,-1.024,4,stop,36,80.0,2.0,25.0,223.0,1056,113.0,1052,148.0,1048,XLK,7.0,11.0,2119884071.6855674,0.04317889103279425
A0,2026-03-23,2026-03-30,FTI,68.36,65.89,69.2993,131.75,0.382,7,partial;stop,35,54.0,6.0,25.0,156.0,1056,88.0,1052,79.0,1048,XLI,2.0,11.0,301468767.51644874,0.0360462570198349
A0,2026-03-25,2026-03-30,EQT,67.33,65.4,65.3346,-360.67,-1.034,5,stop,13,31.0,1.0,26.0,135.0,1060,211.0,1056,212.0,1052,XLE,1.0,11.0,597334837.2430266,0.03199906440922443
A0,2026-03-27,2026-03-31,BG,128.59,125.05,124.9249,-179.51,-1.035,4,stop,20,21.0,12.0,26.0,187.0,1046,92.0,1042,87.0,1038,XLP,4.0,11.0,252231316.11660236,0.0342928144048757
A0,2026-03-16,2026-04-02,MGY,29.77,29.0,31.0643,565.72,1.682,17,close<MA;partial,13,30.0,1.0,26.0,136.0,1063,116.0,1058,269.0,1055,XLE,1.0,11.0,94350211.64435777,0.030725493558519716
A0,2026-03-30,2026-04-06,WLK,116.58,113.59,116.711,14.94,0.045,7,partial;stop,28,71.0,7.0,24.0,87.0,1028,64.0,1024,121.0,1021,XLB,2.0,11.0,144255602.86974576,0.04626784634111698
A0,2026-04-07,2026-04-08,TRGP,253.65,247.47,237.1127,-827.04,-2.676,1,stop,49,11.0,4.0,23.0,247.0,989,137.0,983,112.0,980,XLU,3.0,11.0,374262890.6299666,0.02436459015041894
A0,2026-04-07,2026-04-13,CGON,69.42,67.01,66.8431,-365.83,-1.069,6,stop,,,,,98.0,989,44.0,983,71.0,980,,,,108907242.16415314,0.0480724000389911
A0,2026-04-08,2026-04-15,ADI,346.16,341.98,341.638,-162.64,-1.082,7,stop,36,71.0,2.0,23.0,293.0,951,214.0,946,185.0,942,XLK,7.0,11.0,1088732369.198122,0.027355023566795866
A0,2026-04-09,2026-04-15,JCI,140.78,138.59,138.4515,-211.95,-1.063,6,stop,35,50.0,6.0,22.0,332.0,949,201.0,944,260.0,940,XLI,5.0,11.0,477025528.5914195,0.02734540953425151
A0,2026-04-13,2026-04-15,PWR,593.17,582.25,581.6677,-241.6,-1.053,2,stop,17,5.0,,,389.0,921,102.0,915,215.0,911,XLI,4.0,11.0,628343831.524133,0.03440194530933314
A0,2026-04-14,2026-04-17,NFLX,103.77,103.04,96.2736,-929.38,-10.286,3,stop,78,1.0,,,323.0,932,266.0,926,672.0,922,XLC,8.0,11.0,3450931402.5806284,0.028036204637004996
A0,2026-04-21,2026-04-22,STNG,78.37,75.13,75.0509,-169.19,-1.023,1,stop,44,9.0,,,414.0,918,143.0,912,223.0,906,XLI,6.0,11.0,89237442.35263322,0.04137238086498886
A0,2026-04-20,2026-04-24,CZR,28.07,27.22,27.7922,-54.62,-0.325,4,partial;stop,70,7.0,,,740.0,948,371.0,942,338.0,936,XLY,9.0,11.0,107694600.05866198,0.030219364339170985
A0,2026-04-08,2026-04-30,KLAC,166.79,163.53,169.6378,216.8,0.877,22,partial;stop,38,49.0,12.0,23.0,101.0,951,243.0,946,157.0,942,XLV,9.0,11.0,1428133034.6386487,0.0417625263292309
A0,2026-05-01,2026-05-06,CE,68.84,67.08,63.4015,-1005.89,-3.091,5,stop,28,68.0,4.0,20.0,573.0,937,71.0,932,115.0,926,XLB,6.0,11.0,136905078.15637487,0.04225961380976426
A0,2026-04-29,2026-05-07,CVE,27.91,27.81,28.3764,212.24,4.787,8,partial;stop,13,29.0,2.0,19.0,648.0,925,90.0,919,104.0,913,XLE,1.0,11.0,241691441.13044935,0.02762006795794686
A0,2026-05-01,2026-05-07,GSAT,82.63,80.81,82.1578,-73.12,-0.261,6,partial;stop,48,18.0,11.0,20.0,166.0,937,180.0,932,57.0,926,XLC,10.0,11.0,181574966.09931034,0.02800313761524087
A0,2026-05-07,2026-05-08,VRSN,278.97,274.72,274.4453,-203.55,-1.065,1,stop,73,136.0,12.0,21.0,682.0,985,326.0,980,444.0,975,XLK,1.0,11.0,229519091.55803603,0.027923763002639435
A0,2026-05-14,2026-05-15,ARES,127.95,124.1,123.9759,-345.99,-1.032,1,stop,62,28.0,13.0,23.0,346.0,1052,704.0,1048,811.0,1041,XLF,9.0,11.0,377275509.8650765,0.04236483510041258
A0,2026-05-14,2026-05-19,APO,135.48,131.96,131.823,-339.66,-1.037,5,stop,62,28.0,13.0,23.0,257.0,1052,468.0,1048,591.0,1041,XLF,9.0,11.0,513385600.90679085,0.03329666587900787
A0,2026-04-17,2026-05-20,PWR,599.6,584.58,708.331,1196.05,7.24,33,close<MA;partial,17,5.0,,,547.0,944,121.0,939,226.0,934,XLI,6.0,11.0,593280488.255802,0.033410994325529575
A0,2026-05-01,2026-05-21,CASY,824.43,821.0,831.6844,108.76,2.112,20,partial;stop,55,7.0,,,305.0,937,140.0,932,152.0,926,XLY,8.0,11.0,619518225.4160823,0.024459100744823905
A0,2026-05-20,2026-05-21,SAIA,465.09,452.46,452.0075,-340.13,-1.036,1,stop,42,6.0,,,408.0,1040,288.0,1036,146.0,1028,XLI,9.0,11.0,183963126.30189925,0.044729359118690484
A0,2026-05-20,2026-05-27,RVMD,151.58,148.02,151.9436,29.7,0.102,7,partial;stop,28,70.0,8.0,22.0,401.0,1040,94.0,1036,57.0,1028,XLV,10.0,11.0,410012683.3422704,0.04503357159605833
A0,2026-05-26,2026-05-28,KLAC,193.86,191.43,191.2411,-167.91,-1.079,2,stop,38,59.0,10.0,22.0,406.0,1038,234.0,1034,192.0,1026,XLV,11.0,11.0,1946958465.0205352,0.03874501786372335
A0,2026-05-22,2026-06-01,TXN,310.6,303.0,297.0846,-527.11,-1.778,10,stop,36,90.0,1.0,21.0,83.0,1048,161.0,1044,114.0,1036,XLK,1.0,11.0,2266213173.75266,0.03160293147759522
A0,2026-06-02,2026-06-03,EVR,352.97,342.48,342.1375,-346.72,-1.033,1,stop,62,24.0,15.0,23.0,382.0,1025,420.0,1020,511.0,1010,XLF,4.0,11.0,158606198.83442518,0.033264912225822355
A0,2026-05-29,2026-06-04,AVGO,442.8,431.47,408.581,-923.98,-3.02,6,stop,36,92.0,1.0,23.0,422.0,1036,199.0,1030,506.0,1022,XLK,1.0,11.0,7828674527.000287,0.03573606999513994
A0,2026-06-03,2026-06-04,ROK,465.79,458.06,457.6019,-171.85,-1.059,1,stop,38,59.0,4.0,22.0,272.0,1026,371.0,1021,435.0,1011,XLV,9.0,11.0,375871045.56852055,0.025563794961290964
A0,2026-06-09,2026-06-11,ARES,131.83,127.25,127.118,-164.98,-1.028,2,stop,62,26.0,11.0,22.0,406.0,1009,348.0,1002,798.0,994,XLF,3.0,11.0,317952694.7506158,0.034790373767069414
A0,2026-06-11,2026-06-17,ARMK,54.62,53.63,53.6763,-153.62,-0.953,6,partial;stop,58,12.0,19.0,23.0,90.0,1010,180.0,1004,216.0,996,XLY,9.0,11.0,165943515.7440459,0.024088659473372964
A0,2026-06-16,2026-06-17,ROK,474.38,466.0,465.534,-168.08,-1.056,1,stop,38,52.0,5.0,23.0,589.0,1018,309.0,1009,446.0,1001,XLV,7.0,11.0,296992522.773468,0.025918195469564496
A0,2026-05-22,2026-06-22,CDNS,365.38,361.54,382.5714,567.48,4.478,31,end-of-test;partial,73,150.0,6.0,21.0,276.0,1048,248.0,1044,441.0,1036,XLK,1.0,11.0,834485951.2269053,0.031657404239063776
A0,2026-06-10,2026-06-22,BTSG,62.17,60.46,66.1229,371.38,2.308,12,end-of-test;partial,80,14.0,16.0,23.0,191.0,1006,139.0,1000,129.0,992,XLV,8.0,11.0,190184297.42065188,0.03248184314694806
A0,2026-06-15,2026-06-22,MS,219.38,216.85,227.63,453.8,3.262,7,end-of-test,62,27.0,9.0,23.0,305.0,1012,223.0,1005,383.0,997,XLF,2.0,11.0,1220259304.0314825,0.025370501437181413
A0,2026-06-18,2026-06-22,KEYS,364.36,357.71,370.9,156.87,0.982,4,end-of-test,38,54.0,6.0,23.0,535.0,1029,321.0,1021,159.0,1011,XLV,7.0,11.0,574748058.6149696,0.03851823538874871
A0,2026-06-18,2026-06-22,SUNB,86.03,83.37,83.59,-148.59,-0.918,4,end-of-test,73,154.0,9.0,23.0,391.0,1029,432.0,1021,,1011,XLK,1.0,11.0,234822852.64973933,0.030857059926213643
A1,2019-04-03,2019-04-09,ALXN,139.8,138.37,138.2316,-167.78,-1.097,6,stop,28,24.0,3.0,4.0,105.0,223,46.0,222,80.0,217,XLV,11.0,11.0,189890135.39749998,0.026355833461136274
A1,2019-04-15,2019-04-17,CYBR,122.22,121.31,121.1887,-128.14,-1.133,2,stop,73,44.0,2.0,4.0,71.0,198,11.0,198,10.0,194,XLK,1.0,11.0,105290459.047,0.03297075590639271
A1,2019-04-16,2019-04-22,FCX,13.99,13.65,13.633,-395.69,-1.039,6,stop,10,2.0,,,44.0,196,80.0,196,94.0,192,XLB,7.0,11.0,223996883.409,0.03045976649322099
A1,2019-04-17,2019-04-22,STX,51.22,49.89,49.8394,-411.77,-1.037,5,stop,35,8.0,,,73.0,192,44.0,192,59.0,188,XLK,1.0,11.0,139071322.181,0.026002615928279744
A1,2019-04-05,2019-04-26,SWKS,86.98,85.73,87.1993,38.7,0.179,21,partial;stop,36,17.0,1.0,4.0,93.0,216,56.0,216,110.0,210,XLK,1.0,11.0,136694309.9885,0.02516886808137133
A1,2019-04-05,2019-04-29,HES,61.99,60.87,63.697,414.33,1.52,24,close<MA;partial,29,3.0,,,72.0,216,53.0,216,148.0,210,XLE,7.0,11.0,174914365.3625,0.026167490577805264
A1,2019-04-30,2019-05-01,ACB,1117.12,1084.17,1083.0901,-408.31,-1.033,1,stop,28,22.0,5.0,5.0,102.0,192,36.0,192,60.0,190,XLV,11.0,11.0,164647381.64512548,0.029488187231197883
A1,2019-04-30,2019-05-01,SMAR,42.24,41.76,41.7182,-187.05,-1.087,1,stop,73,43.0,2.0,5.0,83.0,192,18.0,192,16.0,190,XLK,1.0,11.0,67101206.523,0.03932116377772193
A1,2019-04-23,2019-05-02,VEEV,137.4,133.95,137.8875,28.43,0.142,9,partial;stop,73,44.0,2.0,4.0,57.0,178,40.0,177,23.0,173,XLK,1.0,11.0,136211077.764,0.027364548249508663
A1,2019-05-01,2019-05-02,RNG,117.33,114.76,114.6452,-343.29,-1.045,1,stop,73,43.0,2.0,5.0,52.0,197,28.0,196,28.0,195,XLK,1.0,11.0,98372810.3995,0.027936065905124895
A1,2019-04-23,2019-05-06,CYBR,125.33,121.54,125.8872,29.78,0.148,13,partial;stop,73,44.0,2.0,4.0,62.0,178,8.0,177,5.0,173,XLK,1.0,11.0,109409334.602,0.03453576414484039
A1,2019-04-30,2019-05-06,LITE,62.76,61.21,61.2387,-367.28,-0.982,6,partial;stop,36,11.0,1.0,5.0,45.0,192,34.0,192,79.0,190,XLK,1.0,11.0,72071895.949,0.024728267814190758
A1,2019-05-03,2019-05-06,VEEV,142.35,140.56,137.9819,-463.25,-2.439,3,stop,73,43.0,2.0,5.0,31.0,217,27.0,215,21.0,214,XLK,1.0,11.0,140660183.551,0.02728385705644922
A1,2019-05-03,2019-05-06,RNG,117.58,115.22,115.0349,-325.45,-1.079,3,stop,73,43.0,2.0,5.0,58.0,217,33.0,215,27.0,214,XLK,1.0,11.0,99774925.66849999,0.02814471294014743
A1,2019-05-06,2019-05-07,ZS,69.57,66.79,66.7187,-202.41,-1.024,1,stop,73,43.0,2.0,5.0,130.0,216,17.0,214,11.0,213,XLK,1.0,11.0,117006223.43200001,0.040017783948338284
A1,2019-04-03,2019-05-10,LRCX,18.81,18.62,19.615,637.73,4.172,37,close<MA;partial,35,8.0,,,89.0,223,63.0,222,29.0,217,XLI,2.0,11.0,400164322.484,0.026796326528565888
A1,2019-04-23,2019-05-13,DELL,32.76,31.98,33.1391,95.49,0.475,20,partial;stop,35,6.0,,,58.0,178,13.0,177,,173,XLK,1.0,11.0,99592064.18515259,0.024082066884704347
A1,2019-05-09,2019-05-13,PAYC,208.42,202.62,202.4151,-198.1,-1.035,4,stop,73,46.0,2.0,5.0,26.0,254,42.0,252,14.0,251,XLK,1.0,11.0,132390038.052,0.027831038173923194
A1,2019-05-10,2019-05-13,ZS,70.06,68.23,68.166,-397.75,-1.037,3,stop,73,48.0,2.0,6.0,59.0,269,15.0,267,9.0,266,XLK,1.0,11.0,111842576.5095,0.04446320705365598
A1,2019-05-10,2019-05-13,SAFM,154.45,149.98,149.8341,-406.14,-1.034,3,stop,20,1.0,,,14.0,269,41.0,267,38.0,266,XLP,5.0,11.0,71248941.0375,0.028910852399954452
A1,2019-06-18,2019-06-19,MTCH,73.75,71.58,71.5084,-199.83,-1.033,1,stop,73,55.0,1.0,5.0,111.0,244,16.0,239,26.0,236,XLK,6.0,11.0,94403184.70099999,0.030018431531126953
A1,2019-06-20,2019-06-21,WIX,149.14,146.7,146.5533,-204.27,-1.06,1,stop,73,56.0,1.0,5.0,89.0,255,29.0,249,31.0,246,XLK,4.0,11.0,68623124.4365,0.027992959157111398
A1,2019-07-08,2019-07-09,SNAP,15.3,15.01,14.995,-202.55,-1.051,1,stop,73,43.0,1.0,4.0,30.0,206,17.0,201,6.0,200,XLK,3.0,11.0,335186661.871,0.03536453718531386
A1,2019-07-08,2019-07-09,TPX,18.87,18.63,18.6114,-198.89,-1.077,1,stop,25,1.0,,,58.0,206,26.0,201,33.0,200,XLY,6.0,11.0,63168306.361,0.026981448341096892
A1,2019-07-03,2019-07-10,SBGI,55.95,54.92,54.8651,-203.19,-1.054,7,stop,48,7.0,,,173.0,235,10.0,230,16.0,228,XLC,4.0,11.0,84773405.72,0.03068651051360133
A1,2019-07-09,2019-07-11,EXAS,119.92,116.7,116.5833,-197.02,-1.036,2,stop,80,4.0,,,33.0,204,24.0,199,31.0,198,XLV,8.0,11.0,135856606.88599998,0.02819022867384624
A1,2019-07-10,2019-07-11,Z,50.27,50.11,50.0599,-61.21,-1.313,1,stop,73,44.0,1.0,4.0,70.0,204,17.0,198,35.0,197,XLI,9.0,11.0,111304233.3805,0.03266367630629011
A1,2019-07-10,2019-07-16,VEEV,173.82,171.96,171.788,-170.99,-1.092,6,stop,73,44.0,1.0,4.0,76.0,204,19.0,198,25.0,197,XLK,5.0,11.0,255888074.76500002,0.027393745161766535
A1,2019-07-08,2019-07-19,PAYC,239.57,236.4,238.8609,-42.51,-0.224,11,partial;stop,73,43.0,1.0,4.0,56.0,206,25.0,201,25.0,200,XLK,3.0,11.0,150756644.7575,0.02822000314849889
A1,2019-07-19,2019-07-23,ZS,85.59,82.58,82.4967,-200.77,-1.027,4,stop,73,41.0,1.0,4.0,53.0,192,19.0,184,19.0,183,XLK,5.0,11.0,192612444.998,0.03512533245928377
A1,2019-07-10,2019-07-24,MKTX,344.95,343.95,348.5665,151.7,3.595,14,partial;stop,62,2.0,,,115.0,204,14.0,198,38.0,197,XLF,3.0,11.0,244326617.8025,0.026523294588478
A1,2019-07-19,2019-07-25,GOLD,17.37,17.03,17.2727,-57.2,-0.291,6,partial;stop,50,2.0,,,10.0,192,21.0,184,39.0,183,XLI,10.0,11.0,295557213.09000003,0.03260513444147656
A1,2019-07-16,2019-07-29,OKTA,138.41,134.1,138.9052,22.36,0.115,13,partial;stop,73,39.0,1.0,4.0,80.0,197,11.0,190,14.0,189,XLK,2.0,11.0,257130152.6605,0.03365170970073286
A1,2019-07-30,2019-07-31,AYX,123.12,119.0,118.881,-402.99,-1.029,1,stop,73,39.0,1.0,4.0,35.0,178,14.0,172,15.0,169,XLK,2.0,11.0,123536359.59250002,0.03350319316933544
A1,2019-07-08,2019-08-01,PAGS,40.86,40.22,43.5764,814.67,4.238,24,close<MA;partial,73,43.0,1.0,4.0,20.0,206,13.0,201,19.0,200,XLK,3.0,11.0,71759498.6895,0.03194294327092596
A1,2019-08-01,2019-08-02,SQ,82.74,80.69,70.7292,-2114.37,-5.841,1,stop,73,43.0,1.0,4.0,36.0,196,60.0,189,75.0,186,XLK,4.0,11.0,557423726.0109999,0.02485612180374131
A1,2019-08-01,2019-08-02,OLED,217.55,212.29,212.0731,-361.3,-1.04,1,stop,36,12.0,2.0,4.0,33.0,196,11.0,189,5.0,186,XLK,4.0,11.0,114572261.28050001,0.024187735761008064
A1,2019-08-01,2019-08-02,DXCM,40.04,38.78,37.2402,-853.93,-2.221,1,stop,38,9.0,,,75.0,196,13.0,189,88.0,186,XLV,6.0,11.0,110704355.80399999,0.03148642769865663
A1,2019-07-09,2019-08-05,PLAN,53.52,52.77,54.5246,255.29,1.332,27,close<MA;partial,73,41.0,1.0,4.0,39.0,204,8.0,199,13.0,198,XLK,4.0,11.0,138636218.7125,0.03831620782021113
A1,2019-07-12,2019-09-05,RH,123.24,120.36,137.7621,987.29,5.036,55,close<MA;partial,57,1.0,,,8.0,198,68.0,192,138.0,191,XLY,6.0,11.0,142627329.0,0.03662102809536274
A1,2019-09-30,2019-10-01,NWL,18.86,18.59,18.5714,-205.23,-1.069,1,stop,30,2.0,,,58.0,299,22.0,299,56.0,290,XLB,9.0,11.0,79551300.2335,0.026810515466404717
A1,2019-10-15,2019-10-16,KLAC,16.28,15.96,15.942,-306.63,-1.049,1,stop,38,10.0,1.0,6.0,31.0,241,9.0,240,27.0,231,XLV,7.0,11.0,229389376.78999996,0.02428970015413307
A1,2019-10-16,2019-10-18,DOCU,68.18,66.04,65.974,-401.15,-1.031,2,stop,73,58.0,3.0,4.0,17.0,233,12.0,232,36.0,223,XLK,3.0,11.0,221325692.9395,0.03135986362960186
A1,2019-09-05,2019-10-21,TER,54.41,54.25,59.4819,1309.73,32.656,46,close<MA;partial,38,10.0,2.0,6.0,100.0,286,48.0,284,47.0,275,XLV,9.0,11.0,93344342.0805,0.025531180549662396
A1,2019-10-15,2019-10-30,MDCO,53.24,52.07,54.1362,244.69,0.761,15,partial;stop,28,23.0,4.0,6.0,18.0,241,6.0,240,5.0,231,XLV,7.0,11.0,101689638.87775001,0.0368088740439689
A1,2019-10-15,2019-10-30,KBH,34.7,34.22,35.1808,199.97,0.982,15,partial;stop,15,1.0,,,12.0,241,10.0,240,20.0,231,XLI,6.0,11.0,84085367.863,0.024369723898589525
A1,2019-10-21,2019-10-30,JWN,35.86,35.01,36.2286,152.84,0.441,9,partial;stop,56,5.0,,,23.0,232,18.0,230,151.0,225,XLY,7.0,11.0,87295422.365,0.032810528204586444
A1,2019-10-23,2019-10-30,SEDG,90.59,86.97,86.883,-400.41,-1.024,7,stop,36,18.0,3.0,5.0,112.0,230,5.0,228,6.0,223,XLK,9.0,11.0,110927036.432,0.04045913482766601
A1,2019-10-23,2019-10-30,APO,40.93,39.88,40.9072,-8.52,-0.023,7,partial;stop,62,7.0,,,87.0,230,34.0,228,33.0,223,XLF,5.0,11.0,80183260.893,0.028691037263158976
A1,2019-09-06,2019-11-04,RH,149.91,145.08,175.4087,1963.42,5.284,59,close<MA;partial,57,3.0,,,80.0,273,7.0,271,121.0,261,XLY,3.0,11.0,86533888.82000001,0.032190373695648984
A1,2019-11-04,2019-11-05,DOCU,68.24,67.62,67.5524,-145.39,-1.109,1,stop,73,53.0,7.0,7.0,99.0,237,5.0,235,45.0,230,XLK,1.0,11.0,148150334.219,0.033382136403506575
A1,2019-11-04,2019-11-05,TPR,26.67,26.35,25.8841,-425.71,-2.471,1,stop,31,3.0,,,132.0,237,164.0,235,164.0,230,XLY,7.0,11.0,108666663.7835,0.026908749625474394
A1,2019-11-04,2019-11-06,MOS,20.92,20.85,20.8292,-61.15,-1.309,2,stop,28,22.0,5.0,7.0,127.0,237,188.0,235,170.0,230,XLB,10.0,11.0,76156708.45199999,0.03327294346759006
A1,2019-11-07,2019-11-08,NVDA,5.29,5.16,5.1583,-201.15,-1.04,1,stop,36,22.0,4.0,6.0,65.0,264,18.0,262,52.0,256,XLK,2.0,11.0,1583501004.303,0.026061704181760258
A1,2019-11-05,2019-11-12,FL,45.5,44.82,45.6638,53.72,0.249,7,partial;stop,56,5.0,,,125.0,248,87.0,246,188.0,240,XLY,8.0,11.0,79242371.7315,0.02448307856419297
A1,2019-11-05,2019-11-13,SKX,38.97,38.0,38.9551,-5.15,-0.014,8,partial;stop,31,3.0,,,149.0,248,82.0,246,40.0,240,XLY,8.0,11.0,68523090.1855,0.026397781644450623
A1,2019-11-12,2019-11-13,NVDA,5.3,5.21,5.2026,-259.61,-1.058,1,stop,36,20.0,5.0,7.0,77.0,279,21.0,278,44.0,272,XLK,3.0,11.0,1540345162.3804002,0.026100378047376777
A1,2019-11-12,2019-11-13,KLAC,17.56,17.36,17.3476,-174.8,-1.089,1,stop,38,15.0,3.0,7.0,108.0,279,31.0,278,8.0,272,XLV,5.0,11.0,232179133.6375,0.02588078493696678
A1,2019-11-15,2019-11-18,KLAC,17.9,17.71,17.6933,-167.53,-1.093,3,stop,38,13.0,2.0,6.0,90.0,273,33.0,271,15.0,267,XLV,6.0,11.0,224804020.796,0.024346202445062366
A1,2019-11-20,2019-11-21,RNG,174.3,170.11,169.9399,-196.39,-1.041,1,stop,73,58.0,5.0,6.0,115.0,266,46.0,262,27.0,257,XLK,2.0,11.0,212846922.534,0.036525282959214
A1,2019-11-01,2019-11-22,APO,42.1,41.05,42.532,148.12,0.412,21,close<MA;partial,62,3.0,,,42.0,222,16.0,220,33.0,215,XLF,5.0,11.0,76768720.69549999,0.024980542157237343
A1,2019-11-20,2019-12-02,NVDA,5.34,5.21,5.3771,54.96,0.287,12,partial;stop,36,21.0,4.0,6.0,127.0,266,53.0,262,31.0,257,XLK,2.0,11.0,1806929242.9786,0.024717402298131554
A1,2019-11-21,2019-12-02,ALGN,273.13,267.43,274.2443,36.68,0.195,11,partial;stop,38,12.0,2.0,6.0,22.0,267,11.0,263,190.0,257,XLV,4.0,11.0,237372159.51800004,0.027499156159062278
A1,2019-11-21,2019-12-02,DOCU,69.96,69.2,70.4313,95.69,0.619,11,partial;stop,73,56.0,5.0,6.0,121.0,267,8.0,263,52.0,257,XLK,2.0,11.0,103124825.05999999,0.026488811345735035
A1,2019-11-04,2019-12-03,PVH,93.46,90.93,94.3706,137.89,0.358,29,partial;stop,23,4.0,,,101.0,237,52.0,235,201.0,230,XLY,7.0,11.0,78231906.2235,0.027083401326065022
A1,2019-12-02,2019-12-03,BHC,28.67,28.34,28.002,-332.67,-2.029,1,stop,28,31.0,1.0,3.0,56.0,209,29.0,206,35.0,202,XLV,3.0,11.0,114187893.201,0.024036181397069315
A1,2019-12-04,2019-12-05,REGN,372.96,367.57,367.2024,-218.89,-1.068,1,stop,28,28.0,1.0,3.0,29.0,203,32.0,200,45.0,196,XLV,2.0,11.0,325528656.67450005,0.027080969848497744
A1,2019-12-11,2019-12-12,X,14.45,13.85,13.7263,-457.3,-1.205,1,stop,33,2.0,,,82.0,161,56.0,158,70.0,153,XLB,4.0,11.0,157314782.5845,0.042518651779440406
A1,2019-12-06,2019-12-16,CPRI,38.1,37.3,38.3295,86.31,0.292,10,partial;stop,31,2.0,,,66.0,189,23.0,185,64.0,180,XLY,10.0,11.0,100966477.6225,0.03273467427921743
A1,2019-12-13,2019-12-16,PVH,105.94,104.24,104.1358,-199.81,-1.061,3,stop,23,4.0,,,58.0,166,44.0,163,48.0,160,XLY,9.0,11.0,107823048.507,0.024829858293703398
A1,2019-12-18,2019-12-19,PVH,107.1,105.08,104.9749,-280.11,-1.052,1,stop,23,4.0,,,84.0,172,47.0,169,45.0,165,XLY,8.0,11.0,110185879.68399999,0.025013215876105072
A1,2019-11-25,2019-12-20,ZBRA,249.08,243.61,250.1008,59.28,0.187,25,partial;stop,35,11.0,3.0,6.0,61.0,251,52.0,248,31.0,242,XLI,2.0,11.0,130045148.501,0.026045117981354053
A1,2019-12-27,2019-12-30,LITE,79.87,78.83,78.7512,-199.11,-1.076,3,stop,36,8.0,,,51.0,149,25.0,149,24.0,146,XLK,2.0,11.0,123961625.0915,0.025601143201162375
A1,2019-12-31,2020-01-02,ICPT,125.12,122.5,121.1587,-448.19,-1.511,2,stop,28,24.0,1.0,3.0,34.0,145,9.0,145,17.0,142,XLV,2.0,11.0,94709765.8215,0.0444376002910318
A1,2019-12-31,2020-01-02,TDOC,84.15,82.38,82.2976,-311.88,-1.046,2,stop,80,3.0,,,96.0,145,43.0,145,42.0,142,XLV,2.0,11.0,82611629.388,0.02913517914844191
A1,2020-01-02,2020-01-03,DXC,38.23,37.17,36.0739,-383.47,-2.04,1,stop,73,33.0,3.0,3.0,80.0,137,29.0,137,123.0,134,XLK,1.0,11.0,131974532.024,0.027623166571074286
A1,2020-01-07,2020-01-13,DXCM,57.62,56.25,56.1962,-195.41,-1.041,6,stop,38,8.0,,,102.0,137,26.0,137,18.0,132,XLV,2.0,11.0,186610312.4355,0.030606925986991503
A1,2020-01-13,2020-01-16,CHWY,30.65,29.57,29.5373,-195.95,-1.027,3,stop,59,4.0,,,38.0,146,73.0,146,97.0,141,XLY,6.0,11.0,89018431.5295,0.035359092895727785
A1,2020-01-16,2020-01-17,DVN,26.94,26.39,26.3586,-201.25,-1.048,1,stop,13,14.0,3.0,3.0,53.0,136,41.0,135,59.0,130,XLE,10.0,11.0,155639277.0955,0.026090972552644243
A1,2020-01-21,2020-01-27,SEDG,106.25,103.91,104.895,-110.79,-0.578,6,partial;stop,36,7.0,,,42.0,140,47.0,139,13.0,134,XLK,1.0,11.0,90097734.2485,0.03332237274781934
A1,2020-01-22,2020-01-27,STNE,43.61,42.61,41.4185,-423.64,-2.187,5,stop,73,33.0,2.0,3.0,62.0,144,59.0,143,48.0,138,XLK,1.0,11.0,62611493.267,0.03495107840569934
A1,2020-01-23,2020-01-27,WDC,70.57,68.64,66.2037,-441.04,-2.262,4,stop,35,1.0,,,29.0,137,70.0,136,39.0,131,XLK,1.0,11.0,311984125.34749997,0.027642585377155617
A1,2019-12-13,2020-01-28,NVDA,5.63,5.55,5.9907,862.68,4.557,46,close<MA;partial,36,8.0,,,72.0,166,30.0,163,18.0,160,XLK,2.0,11.0,1974492680.9473999,0.025079687967061153
A1,2019-12-12,2020-01-30,AMD,41.83,40.65,45.5194,590.02,3.123,49,close<MA;partial,36,7.0,,,46.0,155,22.0,152,35.0,148,XLK,2.0,11.0,2013265914.0904999,0.028229441452764643
A1,2020-01-13,2020-01-31,Z,46.51,45.6,46.6455,29.33,0.153,18,partial;stop,73,30.0,3.0,3.0,68.0,146,15.0,146,89.0,141,XLI,5.0,11.0,98362435.9995,0.025184756937625796
A1,2020-01-29,2020-01-31,GE,62.71,62.25,62.1897,-118.79,-1.135,2,stop,36,16.0,2.0,5.0,75.0,195,42.0,194,63.0,188,XLK,1.0,11.0,721297650.5941113,0.024654867584763922
A1,2020-01-31,2020-02-03,DXCM,60.6,59.5,59.443,-269.69,-1.054,3,stop,38,12.0,3.0,5.0,60.0,220,15.0,220,25.0,213,XLV,4.0,11.0,179188681.874,0.032197019795561166
A1,2020-02-04,2020-02-05,MELI,697.92,684.22,683.5358,-287.63,-1.05,1,stop,73,43.0,3.0,5.0,45.0,230,40.0,230,83.0,223,XLI,8.0,11.0,280146784.922,0.028033709506118793
A1,2020-02-05,2020-02-06,NFLX,37.55,36.4,36.3653,-195.47,-1.032,1,stop,78,2.0,,,51.0,229,48.0,229,78.0,222,XLC,2.0,11.0,2907204829.5360003,0.03057950829163624
A1,2020-02-05,2020-02-06,CYBR,144.89,140.65,139.1907,-250.98,-1.345,1,stop,73,42.0,2.0,5.0,36.0,229,35.0,229,92.0,222,XLK,1.0,11.0,91759944.2615,0.02927109082114985
A1,2020-02-04,2020-02-10,ERI,62.34,61.53,61.4685,-200.1,-1.076,6,stop,70,3.0,,,83.0,230,28.0,230,37.0,223,XLY,6.0,11.0,83601257.8285,0.02714882041324329
A1,2020-02-11,2020-02-12,CRWD,66.07,63.66,63.5915,-193.01,-1.026,1,stop,73,51.0,2.0,6.0,45.0,268,29.0,268,252.0,262,XLK,1.0,11.0,296122559.391,0.04319485994677928
A1,2020-02-07,2020-02-14,UBER,40.02,38.86,38.8211,-194.21,-1.034,7,stop,73,50.0,2.0,6.0,50.0,263,32.0,263,194.0,256,XLI,9.0,11.0,1001945677.4814999,0.03485410581261082
A1,2020-02-11,2020-02-24,NFLX,37.56,36.97,37.0229,-172.67,-0.914,13,partial;stop,78,2.0,,,63.0,268,56.0,268,87.0,262,XLC,4.0,11.0,2921747414.1735,0.030677404200493363
A1,2020-01-07,2020-02-25,SHOP,41.7,41.01,48.5207,1854.77,9.888,49,close<MA;partial,73,32.0,3.0,3.0,53.0,137,43.0,137,33.0,132,XLK,1.0,11.0,807409315.0505,0.034285542224855386
A1,2020-01-06,2020-03-13,TDOC,84.58,82.28,118.0739,2712.64,14.501,67,close<MA;partial,80,3.0,,,68.0,131,38.0,131,39.0,128,XLV,2.0,11.0,77460639.91800001,0.027574844016635663
A1,2020-06-04,2020-06-05,ADBE,391.66,382.28,381.8977,-351.49,-1.041,1,stop,73,113.0,5.0,19.0,476.0,733,236.0,729,134.0,723,XLK,2.0,11.0,1036760017.4705,0.02469205410642578
A1,2020-06-05,2020-06-08,INTC,64.2,63.16,63.0968,-246.93,-1.06,3,stop,36,35.0,6.0,18.0,546.0,727,238.0,723,214.0,717,XLK,2.0,11.0,1245457957.7662501,0.028285709968813598
A1,2020-06-05,2020-06-08,ABBV,93.75,92.81,92.7172,-157.54,-1.098,3,stop,28,57.0,3.0,18.0,507.0,727,374.0,723,239.0,717,XLV,5.0,11.0,1189460207.0465,0.029774514471216457
A1,2020-06-04,2020-06-10,SBUX,80.14,78.47,78.3915,-309.49,-1.047,6,stop,58,18.0,11.0,19.0,500.0,733,362.0,729,389.0,723,XLY,1.0,11.0,735366053.304,0.02530831551135117
A1,2020-06-04,2020-06-11,AMAT,58.31,57.1,57.0429,-307.48,-1.047,7,stop,36,34.0,7.0,19.0,258.0,733,426.0,729,313.0,723,XLK,2.0,11.0,504083465.79125005,0.038357633191899096
A1,2020-06-05,2020-06-11,HD,253.08,250.38,248.6111,-250.13,-1.656,6,stop,52,6.0,,,472.0,727,318.0,723,181.0,717,XLY,1.0,11.0,1434828408.391,0.024556207476261162
A1,2020-06-05,2020-06-11,MA,310.31,305.65,304.705,-257.83,-1.202,6,partial;stop,73,117.0,4.0,18.0,482.0,727,358.0,723,270.0,717,XLI,6.0,11.0,1300105498.928,0.025102635830191705
A1,2020-06-10,2020-06-11,PYPL,159.64,157.6,157.4424,-193.33,-1.077,1,stop,73,113.0,6.0,19.0,529.0,747,91.0,743,50.0,737,XLI,8.0,11.0,1208966363.462,0.030265099024170426
A1,2020-06-10,2020-06-11,NOW,79.68,78.47,78.3895,-199.96,-1.065,1,stop,73,113.0,6.0,19.0,636.0,747,221.0,743,72.0,737,XLK,3.0,11.0,758966443.1395,0.039130038967786926
A1,2020-06-17,2020-06-19,LOW,133.52,133.13,132.9969,-54.76,-1.338,2,stop,52,6.0,,,378.0,774,124.0,769,210.0,767,XLY,2.0,11.0,858953151.5764999,0.02842528166723556
A1,2020-06-18,2020-06-23,TMUS,106.83,103.52,103.4138,-191.12,-1.031,5,stop,48,13.0,5.0,19.0,620.0,768,459.0,763,87.0,761,XLC,5.0,11.0,511332013.61450005,0.030979324579845445
A1,2020-06-18,2020-06-29,CRM,184.98,181.62,181.4334,-195.33,-1.054,11,stop,73,115.0,7.0,19.0,486.0,768,465.0,763,199.0,761,XLK,3.0,11.0,1265032174.1060002,0.02766068576742734
A1,2020-06-19,2020-07-01,VRTX,289.73,280.3,289.6018,-2.43,-0.014,12,partial;stop,28,56.0,8.0,19.0,683.0,762,508.0,757,124.0,755,XLV,9.0,11.0,574063978.467,0.03454909460215917
A1,2020-07-06,2020-07-07,QCOM,93.3,92.1,92.0079,-191.71,-1.077,1,stop,36,38.0,8.0,20.0,123.0,805,364.0,798,268.0,793,XLK,2.0,11.0,857753513.3555,0.0271379814143775
A1,2020-07-07,2020-07-08,ABBV,100.09,98.56,98.4614,-195.43,-1.064,1,stop,28,60.0,5.0,20.0,194.0,798,416.0,790,220.0,782,XLV,9.0,11.0,793141549.908,0.025337837081704912
A1,2020-07-09,2020-07-10,QCOM,94.04,91.58,91.4928,-193.89,-1.037,1,stop,36,41.0,6.0,18.0,230.0,774,318.0,768,269.0,761,XLK,1.0,11.0,822206858.1014999,0.0261531826535149
A1,2020-07-06,2020-07-13,ADBE,448.61,444.69,451.0085,72.01,0.613,7,partial;stop,73,121.0,6.0,20.0,81.0,805,264.0,798,115.0,793,XLK,2.0,11.0,1381596575.2295,0.02649448596972335
A1,2020-07-06,2020-07-13,CRM,195.59,193.84,196.4754,62.3,0.51,7,partial;stop,73,121.0,6.0,20.0,114.0,805,286.0,798,195.0,793,XLK,2.0,11.0,1139248308.801,0.028103989536657315
A1,2020-07-07,2020-07-13,NEM,62.37,60.84,60.7792,-191.18,-1.04,6,stop,10,11.0,8.0,20.0,152.0,798,479.0,790,96.0,782,XLB,3.0,11.0,658536928.4434999,0.03726834058117521
A1,2020-07-10,2020-07-13,ATVI,80.83,79.63,79.5504,-198.46,-1.066,3,stop,73,119.0,5.0,18.0,126.0,773,229.0,766,131.0,759,XLK,1.0,11.0,540414448.806,0.0274016011990176
A1,2020-07-08,2020-07-14,NVDA,10.08,9.97,9.9555,-172.11,-1.087,6,stop,36,36.0,7.0,18.0,123.0,777,172.0,770,52.0,763,XLK,3.0,11.0,4011278349.151,0.032731373365868933
A1,2020-07-13,2020-07-14,QCOM,94.04,91.75,90.7691,-478.12,-1.425,1,stop,36,39.0,5.0,17.0,256.0,737,222.0,730,266.0,722,XLK,1.0,11.0,772483259.1190001,0.024433237745816492
A1,2020-07-13,2020-07-14,BKNG,69.59,67.4,66.6809,-482.84,-1.329,1,stop,47,5.0,,,321.0,737,304.0,730,454.0,722,XLI,5.0,11.0,715301337.8155,0.037528027790816876
A1,2020-07-13,2020-07-14,WORK,34.7,33.23,32.6573,-503.65,-1.388,1,stop,73,113.0,4.0,17.0,213.0,737,179.0,730,98.0,722,XLK,1.0,11.0,700483205.889,0.05179474457085833
A1,2020-07-13,2020-07-14,LOW,138.59,135.9,135.7641,-276.79,-1.051,1,stop,52,5.0,,,181.0,737,145.0,730,207.0,722,XLY,2.0,11.0,577666639.7700001,0.024854657542480174
A1,2020-07-15,2020-07-16,BKNG,69.95,69.8,69.7318,-42.09,-1.471,1,stop,47,5.0,,,298.0,698,338.0,691,428.0,683,XLI,5.0,11.0,697687860.3135,0.03440743533568003
A1,2020-07-15,2020-07-16,NXPI,122.83,120.25,119.1108,-260.54,-1.441,1,stop,36,38.0,5.0,17.0,125.0,698,214.0,691,338.0,683,XLK,1.0,11.0,465495316.70100003,0.03514030268568452
A1,2020-07-15,2020-07-16,CZR,12.51,12.33,12.3177,-193.81,-1.069,1,stop,70,9.0,,,268.0,698,101.0,691,357.0,683,XLY,2.0,11.0,258264074.26325002,0.028065972918409416
A1,2020-07-06,2020-07-23,AAPL,93.19,92.47,93.6311,65.56,0.615,17,partial;stop,35,34.0,16.0,20.0,100.0,805,233.0,798,165.0,793,XLK,2.0,11.0,13673931542.0405,0.02619198841203822
A1,2020-07-20,2020-07-23,LULU,322.14,317.0,316.683,-191.06,-1.062,3,stop,23,6.0,,,290.0,678,167.0,672,133.0,663,XLY,4.0,11.0,610974064.4189999,0.034187540415886904
A1,2020-07-20,2020-07-23,NXPI,123.09,120.41,120.2846,-188.16,-1.045,3,stop,36,35.0,4.0,17.0,262.0,678,187.0,672,348.0,663,XLK,2.0,11.0,408112918.004,0.03283147937164695
A1,2020-07-20,2020-07-23,CMG,23.02,22.95,22.9293,-55.16,-1.325,3,stop,58,12.0,9.0,17.0,147.0,678,174.0,672,131.0,663,XLY,4.0,11.0,392688413.286,0.029865459561077733
A1,2020-07-20,2020-07-24,NOW,86.25,84.91,83.9719,-303.27,-1.696,4,stop,73,114.0,6.0,17.0,255.0,678,163.0,672,117.0,663,XLK,2.0,11.0,671838303.744,0.034124806784361195
A1,2020-07-20,2020-07-24,AMAT,63.89,62.21,60.3096,-383.51,-2.126,4,stop,36,35.0,4.0,17.0,305.0,678,356.0,672,299.0,663,XLK,2.0,11.0,388078501.647,0.026385771175602934
A1,2020-07-27,2020-07-28,DD,23.24,22.61,22.5903,-182.9,-1.036,1,stop,28,45.0,1.0,15.0,290.0,576,206.0,572,311.0,565,XLB,1.0,11.0,222975459.537494,0.02684065115479171
A1,2020-07-14,2020-07-31,CAT,132.57,129.23,133.3929,43.48,0.245,17,partial;stop,35,26.0,13.0,17.0,233.0,718,375.0,711,364.0,703,XLI,5.0,11.0,425420546.43649995,0.025262957373213674
A1,2020-07-29,2020-07-31,XLNX,107.28,105.3,105.1947,-185.34,-1.053,2,stop,36,37.0,4.0,14.0,122.0,532,232.0,529,220.0,524,XLK,1.0,11.0,307965878.7035,0.029888502003220845
A1,2020-07-30,2020-07-31,FDX,174.32,169.88,169.7122,-179.87,-1.038,1,stop,45,8.0,,,58.0,531,149.0,528,193.0,522,XLI,5.0,11.0,521339363.5059999,0.025481941010147002
A1,2020-08-03,2020-08-04,AMAT,65.4,64.68,64.6153,-156.78,-1.09,1,stop,36,37.0,3.0,13.0,221.0,551,170.0,549,230.0,543,XLK,1.0,11.0,362131984.57549995,0.025445206339475595
A1,2020-08-05,2020-08-06,OKTA,225.12,217.88,217.6621,-179.11,-1.03,1,stop,73,95.0,4.0,12.0,230.0,543,158.0,541,89.0,535,XLK,1.0,11.0,322335576.517,0.042463444831542185
A1,2020-08-05,2020-08-06,ZS,133.26,131.33,131.1987,-187.41,-1.068,1,stop,73,95.0,4.0,12.0,109.0,543,54.0,541,37.0,535,XLK,1.0,11.0,310562209.884,0.042493957448254835
A1,2020-08-03,2020-08-07,BAC,25.32,24.69,25.2961,-9.98,-0.031,4,partial;stop,60,21.0,12.0,13.0,239.0,551,404.0,549,407.0,543,XLF,7.0,11.0,1551719273.1195,0.02727790974353353
A1,2020-08-06,2020-08-07,COUP,318.25,306.22,303.1416,-211.49,-1.256,1,stop,73,96.0,6.0,13.0,237.0,547,82.0,544,60.0,538,XLK,1.0,11.0,409121454.1305,0.04354046149653259
A1,2020-08-06,2020-08-07,CMG,23.76,23.3,23.2817,-185.11,-1.051,1,stop,58,10.0,10.0,13.0,318.0,547,191.0,544,139.0,538,XLY,2.0,11.0,402724731.55950004,0.025741679669138522
A1,2020-08-03,2020-08-11,NVDA,10.8,10.72,10.9191,141.57,1.324,8,partial;stop,36,37.0,3.0,13.0,173.0,551,115.0,549,71.0,543,XLK,1.0,11.0,3810606836.3604,0.03314775543062347
A1,2020-08-05,2020-08-11,LULU,337.9,328.26,338.9911,19.55,0.113,6,partial;stop,23,6.0,,,251.0,543,112.0,541,143.0,535,XLY,2.0,11.0,531454148.25299996,0.03244877712794099
A1,2020-08-11,2020-08-12,USB,38.51,38.06,38.0219,-164.93,-1.085,1,stop,60,15.0,9.0,13.0,351.0,519,329.0,517,434.0,513,XLF,6.0,11.0,248475884.27449998,0.026605857322611014
A1,2020-08-11,2020-08-12,COF,69.66,69.37,69.3006,-67.13,-1.24,1,stop,60,15.0,9.0,13.0,207.0,519,324.0,517,448.0,513,XLF,6.0,11.0,212318636.368,0.03349235849065258
A1,2020-08-12,2020-08-13,PII,109.49,106.91,106.6832,-331.13,-1.088,1,stop,37,15.0,1.0,13.0,196.0,516,82.0,513,187.0,510,XLI,1.0,11.0,110234317.0735,0.029546947866571194
A1,2020-08-10,2020-08-17,F,7.07,6.91,6.8981,-182.14,-1.043,7,stop,37,15.0,2.0,13.0,122.0,540,169.0,537,349.0,532,XLY,2.0,11.0,503777088.7335,0.03107392878538414
A1,2020-08-18,2020-08-20,NXPI,126.25,123.08,121.9479,-232.1,-1.356,2,stop,36,32.0,2.0,13.0,298.0,487,216.0,483,262.0,480,XLK,3.0,11.0,283508949.939,0.02509918706565112
A1,2020-08-21,2020-08-24,SPOT,276.13,268.63,268.3614,-178.58,-1.036,3,stop,48,8.0,,,381.0,460,98.0,456,58.0,453,XLC,5.0,11.0,470797373.141,0.03981995740505533
A1,2020-08-24,2020-08-25,TWTR,39.72,39.64,39.6004,-39.14,-1.497,1,stop,73,83.0,5.0,12.0,227.0,455,179.0,451,200.0,448,XLK,1.0,11.0,512230669.4459999,0.02909876296796158
A1,2020-08-21,2020-08-26,EBAY,58.44,57.51,57.4525,-183.38,-1.062,5,stop,73,85.0,6.0,12.0,223.0,460,112.0,456,91.0,453,XLI,3.0,11.0,432258792.851,0.025241822746761833
A1,2020-08-26,2020-08-27,SHOP,110.9,106.13,106.0229,-175.68,-1.022,1,stop,73,85.0,4.0,12.0,191.0,444,91.0,439,39.0,436,XLK,1.0,11.0,2067497036.0614998,0.043044573369947735
A1,2020-08-26,2020-08-27,SPOT,279.52,268.76,268.4912,-176.45,-1.025,1,stop,48,7.0,,,314.0,444,73.0,439,53.0,436,XLC,3.0,11.0,447688552.90199995,0.0405081563064112
A1,2020-08-27,2020-09-03,QCOM,117.22,115.35,118.5929,127.95,0.737,7,partial;stop,36,26.0,2.0,11.0,44.0,425,74.0,420,113.0,417,XLK,1.0,11.0,1330973799.7005,0.03158220178015585
A1,2020-08-31,2020-09-03,AMD,87.81,85.05,84.965,-179.09,-1.031,3,stop,36,26.0,2.0,10.0,146.0,402,47.0,397,64.0,394,XLK,1.0,11.0,4698724106.6555,0.03959845607542191
A1,2020-09-02,2020-09-03,TWTR,41.56,41.36,41.3186,-78.45,-1.205,1,stop,73,77.0,6.0,10.0,114.0,397,157.0,392,202.0,389,XLK,1.0,11.0,497880441.0385,0.028747861764586435
A1,2020-07-29,2020-09-04,PYPL,184.17,178.39,186.828,79.62,0.459,37,partial;stop,73,97.0,6.0,14.0,362.0,532,91.0,529,94.0,524,XLI,5.0,11.0,1218777034.2955003,0.03139917863580123
A1,2020-08-18,2020-09-04,AMZN,162.54,160.29,162.919,29.5,0.171,17,partial;stop,59,9.0,,,207.0,487,155.0,483,98.0,480,XLY,2.0,11.0,13459469135.599499,0.027099645528977017
A1,2020-08-18,2020-09-04,LULU,358.43,352.45,361.3906,85.91,0.496,17,partial;stop,23,5.0,,,137.0,487,115.0,483,120.0,480,XLY,2.0,11.0,476349105.33599997,0.028070222394862832
A1,2020-08-26,2020-09-04,NFLX,51.13,49.88,51.6017,65.14,0.375,9,partial;stop,78,2.0,,,305.0,444,185.0,439,159.0,436,XLC,3.0,11.0,2321878352.2075,0.024464804704541578
A1,2020-09-08,2020-09-10,GM,31.75,31.05,31.019,-296.04,-1.044,2,stop,37,15.0,1.0,10.0,79.0,445,256.0,439,255.0,433,XLY,2.0,11.0,413184004.97999996,0.03783452689603943
A1,2020-08-13,2020-09-15,CMG,23.89,23.35,25.4184,486.41,2.818,33,close<MA;partial,58,11.0,7.0,14.0,299.0,512,248.0,509,139.0,506,XLY,2.0,11.0,388657829.65749997,0.025116731044607786
A1,2020-09-08,2020-09-21,JAZZ,137.13,134.02,137.964,77.85,0.269,13,partial;stop,28,37.0,3.0,10.0,174.0,445,124.0,439,272.0,433,XLV,7.0,11.0,71433718.882,0.02555519452662297
A1,2020-09-11,2020-09-21,FDX,231.81,225.47,234.0738,58.82,0.357,10,partial;stop,45,8.0,,,49.0,448,29.0,443,56.0,436,XLI,4.0,11.0,568967551.426,0.027411166310619805
A1,2020-10-08,2020-10-09,MTCH,116.7,113.1,112.9869,-348.71,-1.031,1,stop,73,95.0,12.0,17.0,167.0,574,218.0,571,170.0,565,XLK,7.0,11.0,286907877.6275,0.03504101913430467
A1,2020-10-08,2020-10-09,VFC,77.62,77.05,76.9729,-105.71,-1.136,1,stop,23,6.0,,,166.0,574,116.0,571,304.0,565,XLY,3.0,11.0,168586223.7415,0.03352636993290164
A1,2020-10-09,2020-10-12,DHI,78.86,77.53,77.4525,-229.23,-1.058,3,stop,15,6.0,,,166.0,552,103.0,549,102.0,543,XLI,1.0,11.0,242520340.3045,0.03260413522169624
A1,2020-10-08,2020-10-13,PHM,48.36,47.99,47.942,-110.74,-1.13,5,stop,15,6.0,,,226.0,574,79.0,571,113.0,565,XLI,1.0,11.0,111336939.32249999,0.03172956359427493
A1,2020-10-12,2020-10-14,UPS,176.15,174.21,174.0359,-154.44,-1.09,2,stop,42,4.0,,,215.0,546,55.0,543,129.0,538,XLI,1.0,11.0,668549020.934,0.024399434503380422
A1,2020-10-12,2020-10-15,AAPL,120.18,119.28,118.6013,-168.93,-1.763,3,stop,35,19.0,9.0,13.0,368.0,546,196.0,543,147.0,538,XLK,4.0,11.0,16741942120.523752,0.03215782500101221
A1,2020-10-14,2020-10-15,DE,237.85,237.09,234.4253,-181.38,-4.517,1,stop,35,19.0,9.0,14.0,210.0,543,85.0,540,139.0,535,XLI,3.0,11.0,346356501.2405,0.02478905525842613
A1,2020-10-14,2020-10-15,RH,395.39,385.55,384.3952,-187.0,-1.117,1,stop,57,2.0,,,337.0,543,79.0,540,33.0,535,XLY,1.0,11.0,219830279.68649998,0.04080590708181831
A1,2020-10-14,2020-10-15,CTAS,88.87,87.52,86.6008,-287.71,-1.683,1,stop,23,6.0,,,234.0,543,121.0,540,118.0,535,XLY,1.0,11.0,171170881.396,0.02874431354619228
A1,2020-10-09,2020-10-16,ISRG,243.54,242.67,241.425,-109.8,-2.427,7,stop,38,26.0,3.0,15.0,401.0,552,153.0,549,221.0,543,XLV,8.0,11.0,412648390.94960994,0.027937703903774324
A1,2020-10-08,2020-10-19,JAZZ,148.01,147.86,147.7121,-25.43,-2.0,11,stop,28,42.0,5.0,17.0,338.0,574,91.0,571,311.0,565,XLV,8.0,11.0,148961123.026,0.025957326562878785
A1,2020-10-16,2020-10-19,VFC,78.55,76.24,74.4255,-300.98,-1.786,3,stop,23,6.0,,,338.0,538,108.0,533,271.0,527,XLY,1.0,11.0,153490264.32849997,0.029395808354093483
A1,2020-10-19,2020-10-20,NUAN,35.47,34.47,34.4366,-173.01,-1.035,1,stop,73,85.0,6.0,13.0,232.0,504,96.0,498,109.0,493,XLK,3.0,11.0,94104375.0755,0.028064088118066127
A1,2020-10-19,2020-10-21,LUV,40.04,39.57,39.5264,-160.75,-1.083,2,stop,45,8.0,,,370.0,504,161.0,498,290.0,493,XLI,1.0,11.0,348020725.763,0.03433475368835299
A1,2020-10-21,2020-10-22,TWTR,49.02,48.85,48.8011,-56.2,-1.289,1,stop,73,85.0,5.0,14.0,98.0,491,101.0,483,151.0,477,XLK,3.0,11.0,794291199.7889999,0.03284098508056785
A1,2020-10-20,2020-10-23,AVTR,24.99,24.24,24.2158,-174.54,-1.032,3,stop,38,24.0,2.0,13.0,171.0,497,91.0,489,107.0,483,XLV,10.0,11.0,110095725.672,0.03263672432640444
A1,2020-10-22,2020-10-27,LUV,40.94,40.08,40.0399,-177.49,-1.047,5,stop,45,8.0,,,263.0,467,123.0,459,266.0,453,XLI,3.0,11.0,332423169.58650005,0.03155483003689695
A1,2020-10-08,2020-10-29,AES,19.14,18.78,19.358,147.33,0.61,21,close<MA;partial,49,18.0,16.0,17.0,253.0,574,96.0,571,306.0,565,XLU,4.0,11.0,97174627.984,0.029454124049450213
A1,2020-11-05,2020-11-06,IP,47.36,46.15,46.0993,-334.63,-1.038,1,stop,26,3.0,,,95.0,545,75.0,537,213.0,529,XLB,3.0,11.0,136923971.2865,0.025589768202143825
A1,2020-11-05,2020-11-06,GH,116.81,113.0,112.3975,-388.01,-1.158,1,stop,80,9.0,,,234.0,545,47.0,537,229.0,529,XLV,6.0,11.0,94959755.5,0.03720273885143123
A1,2020-11-09,2020-11-10,ALLY,30.06,29.5,29.4705,-246.42,-1.053,1,stop,60,22.0,9.0,16.0,312.0,574,102.0,565,73.0,559,XLF,9.0,11.0,138231846.092,0.033478901612503345
A1,2020-11-09,2020-11-10,IVZ,15.15,14.77,14.7552,-323.62,-1.039,1,stop,62,12.0,10.0,16.0,158.0,574,94.0,565,90.0,559,XLF,9.0,11.0,79276857.158,0.03723131929032916
A1,2020-11-09,2020-11-10,AVY,154.14,150.98,150.829,-268.51,-1.048,1,stop,26,3.0,,,96.0,574,99.0,565,241.0,559,XLB,1.0,11.0,77102196.896,0.025230525008329036
A1,2020-11-09,2020-11-10,DAR,48.4,46.53,46.4877,-340.09,-1.025,1,stop,20,8.0,,,126.0,574,60.0,565,56.0,559,XLP,8.0,11.0,67673100.41,0.03851556659231393
A1,2020-11-09,2020-11-12,ARMK,34.53,34.0,33.966,-204.66,-1.064,3,stop,58,10.0,4.0,16.0,139.0,574,112.0,565,307.0,559,XLY,2.0,11.0,61997101.528,0.03730757497210114
A1,2020-11-16,2020-11-17,BG,60.56,58.65,58.5913,-171.32,-1.031,1,stop,20,14.0,9.0,17.0,243.0,725,119.0,715,108.0,709,XLP,8.0,11.0,90538846.671,0.03482718556768465
A1,2020-11-24,2020-11-25,SIRI,66.27,65.4,65.3346,-177.94,-1.076,1,stop,48,13.0,7.0,17.0,343.0,760,386.0,749,488.0,742,XLC,7.0,11.0,137838418.002,0.027000270226884386
A1,2020-11-24,2020-11-30,BG,61.14,60.05,59.99,-177.27,-1.055,6,stop,20,15.0,15.0,17.0,390.0,760,167.0,749,147.0,742,XLP,8.0,11.0,87782035.28,0.03439439987554992
A1,2020-12-01,2020-12-02,FDX,296.37,287.6,286.9328,-179.33,-1.076,1,stop,45,8.0,,,517.0,718,150.0,706,60.0,698,XLI,1.0,11.0,719274617.212,0.030851116245090245
A1,2020-12-01,2020-12-02,MRTX,240.82,233.4,231.9079,-196.08,-1.201,1,stop,28,61.0,4.0,18.0,498.0,718,57.0,706,48.0,698,XLV,9.0,11.0,98107735.286,0.04317769444735716
A1,2020-12-03,2020-12-08,TWTR,47.99,47.03,46.983,-175.87,-1.049,5,stop,73,107.0,7.0,17.0,288.0,708,414.0,695,187.0,688,XLK,11.0,11.0,603116472.2735,0.03415170056630211
A1,2020-12-04,2020-12-09,NXPI,162.31,159.09,158.9309,-175.82,-1.049,5,stop,36,35.0,1.0,16.0,352.0,685,231.0,672,175.0,665,XLK,9.0,11.0,280645948.44949996,0.024608889368601894
A1,2020-12-04,2020-12-10,FDX,297.96,293.12,290.9687,-237.62,-1.444,6,stop,45,8.0,,,478.0,685,163.0,672,58.0,665,XLI,2.0,11.0,727852582.238,0.030108885904677363
A1,2020-10-16,2020-12-11,GM,32.91,32.68,40.807,3023.46,33.898,56,close<MA;partial,37,18.0,11.0,14.0,323.0,538,150.0,533,226.0,527,XLY,1.0,11.0,347157994.0905,0.030908008197797175
A1,2020-12-04,2020-12-11,QCOM,153.48,150.0,149.0908,-210.84,-1.261,7,stop,36,35.0,1.0,16.0,263.0,685,200.0,672,104.0,665,XLK,9.0,11.0,1389687792.844,0.028548333513251183
A1,2020-12-14,2020-12-18,TJX,66.99,65.32,67.0829,17.94,0.058,4,partial;stop,56,8.0,,,307.0,536,310.0,519,298.0,510,XLY,7.0,11.0,592861699.7409999,0.02484589809170473
A1,2020-12-22,2020-12-23,ZEN,142.42,141.54,141.3985,-92.14,-1.16,1,stop,73,96.0,1.0,13.0,280.0,559,201.0,544,147.0,530,XLK,6.0,11.0,214102472.264,0.029646730317039332
A1,2020-11-25,2020-12-24,XLNX,136.99,133.92,143.6366,359.09,2.171,29,close<MA;partial,36,42.0,1.0,17.0,322.0,767,223.0,755,195.0,748,XLK,11.0,11.0,576451147.098,0.03421251287058674
A1,2020-12-23,2020-12-29,COF,96.72,95.75,95.6543,-140.23,-1.099,6,stop,60,21.0,7.0,13.0,237.0,557,227.0,542,242.0,526,XLF,2.0,11.0,286618063.53249997,0.029728480227840998
A1,2020-12-17,2021-01-04,ADSK,294.94,292.38,295.5919,27.83,0.252,18,partial;stop,73,92.0,1.0,13.0,188.0,531,225.0,517,323.0,506,XLK,4.0,11.0,408835124.401,0.02665446640430022
A1,2020-12-28,2021-01-04,C,61.88,60.49,61.5284,-72.8,-0.254,7,partial;stop,60,20.0,7.0,12.0,294.0,516,190.0,503,361.0,486,XLF,2.0,11.0,1230956383.4290001,0.025226829917481364
A1,2020-11-19,2021-01-07,MDB,258.26,246.22,321.9546,828.06,5.29,49,close<MA;partial,73,117.0,7.0,17.0,607.0,752,356.0,741,471.0,735,XLK,9.0,11.0,146958617.52850002,0.04662683907924838
A1,2020-12-04,2021-01-07,MTCH,143.96,139.7,148.7227,185.6,1.116,34,close<MA;partial,73,107.0,6.0,16.0,338.0,685,220.0,672,121.0,665,XLK,9.0,11.0,287684561.13699996,0.03925969211677864
A1,2021-01-07,2021-01-08,UBER,56.08,53.8,53.7436,-352.2,-1.024,1,stop,73,100.0,2.0,13.0,457.0,540,167.0,529,187.0,511,XLI,4.0,11.0,1002335201.832,0.040634789152102245
A1,2021-01-08,2021-01-11,TTWO,209.47,207.63,207.4224,-124.86,-1.113,3,stop,73,103.0,2.0,14.0,192.0,551,269.0,538,310.0,520,XLK,6.0,11.0,316609843.3025,0.026881992618919204
A1,2021-01-13,2021-01-14,MTCH,159.69,154.38,154.228,-349.54,-1.029,1,stop,73,98.0,2.0,13.0,391.0,562,208.0,550,229.0,532,XLK,8.0,11.0,345099650.18999994,0.033234135875100164
A1,2021-01-13,2021-01-15,NVCR,179.8,171.28,171.1087,-347.64,-1.02,2,stop,38,27.0,5.0,13.0,384.0,562,258.0,550,45.0,532,XLV,6.0,11.0,161085866.0585,0.0492972416267033
A1,2021-01-14,2021-01-15,DAL,41.97,41.12,41.0789,-179.5,-1.048,1,stop,45,7.0,,,489.0,551,276.0,539,265.0,519,XLI,4.0,11.0,452665390.24350005,0.029005964497190156
A1,2020-12-04,2021-01-20,HCA,156.0,152.58,164.2319,403.57,2.411,47,close<MA;partial,80,10.0,4.0,16.0,389.0,685,406.0,672,219.0,665,XLV,8.0,11.0,242090465.14249998,0.031043709975061506
A1,2020-12-15,2021-01-25,DFS,85.17,82.64,89.9936,642.19,1.915,41,close<MA;partial,61,8.0,,,287.0,546,131.0,529,172.0,520,XLF,2.0,11.0,215515787.742,0.02960308506213775
A1,2021-01-21,2021-01-25,PYPL,250.1,243.58,243.3364,-338.17,-1.037,4,stop,73,93.0,3.0,14.0,370.0,567,347.0,553,292.0,531,XLI,7.0,11.0,1566127219.506,0.028743266116116377
A1,2021-01-28,2021-01-29,MIDD,142.92,138.31,138.1717,-342.08,-1.03,1,stop,35,35.0,12.0,19.0,252.0,699,280.0,683,182.0,659,XLI,7.0,11.0,131424026.30399999,0.034504112831806814
A1,2020-11-25,2021-02-01,KEYS,119.11,117.12,137.1352,1514.2,9.063,68,close<MA;partial,38,46.0,16.0,17.0,400.0,767,304.0,755,528.0,748,XLV,9.0,11.0,146984269.19199997,0.025927021199772672
A1,2021-02-02,2021-02-03,AVGO,47.05,46.8,46.7532,-78.15,-1.189,1,stop,36,51.0,3.0,21.0,315.0,836,361.0,817,271.0,792,XLK,3.0,11.0,760089325.6705,0.02400143199183846
A1,2021-02-02,2021-02-03,ANET,20.04,19.67,19.6534,-242.37,-1.053,1,stop,35,41.0,13.0,21.0,276.0,836,191.0,817,495.0,792,XLK,3.0,11.0,207045038.21359998,0.02571979566476964
A1,2021-02-08,2021-02-09,CHGG,104.92,101.22,101.1188,-338.74,-1.027,1,stop,82,1.0,,,268.0,798,376.0,779,510.0,753,XLY,4.0,11.0,165754893.5905,0.03972152642271935
A1,2021-02-08,2021-02-09,DBX,25.12,24.67,24.6453,-232.53,-1.055,1,stop,73,120.0,5.0,20.0,274.0,798,372.0,779,617.0,753,XLK,3.0,11.0,160250930.84575,0.04013537158941448
A1,2021-02-04,2021-02-10,ALLY,42.03,40.59,40.5494,-340.99,-1.028,6,stop,60,23.0,16.0,21.0,263.0,833,263.0,815,127.0,787,XLF,2.0,11.0,209583094.93400002,0.034967979825164267
A1,2021-02-09,2021-02-11,TRMB,74.35,73.44,73.3716,-164.12,-1.081,2,stop,38,44.0,7.0,19.0,491.0,791,356.0,772,299.0,748,XLV,9.0,11.0,298352269.01600003,0.030369151387120923
A1,2021-02-08,2021-02-17,ROKU,448.62,431.82,449.7683,21.85,0.068,9,partial;stop,48,15.0,12.0,20.0,146.0,798,110.0,779,69.0,753,XLC,5.0,11.0,1698957524.5555,0.04509708729124425
A1,2021-02-12,2021-02-17,MU,87.34,85.46,85.3745,-172.72,-1.046,5,stop,36,50.0,4.0,20.0,330.0,802,212.0,782,197.0,757,XLK,2.0,11.0,1297463566.1285,0.03515321197187975
A1,2021-02-04,2021-02-18,DE,307.27,301.95,308.6823,56.56,0.266,14,partial;stop,35,39.0,14.0,21.0,291.0,833,413.0,815,195.0,787,XLI,6.0,11.0,490559703.88850003,0.026443881210620145
A1,2021-02-11,2021-02-22,KLAC,31.79,30.69,31.9357,21.44,0.13,11,partial;stop,38,39.0,5.0,20.0,498.0,788,389.0,768,323.0,743,XLV,9.0,11.0,341279832.278,0.03476492213258277
A1,2021-02-11,2021-02-23,AMAT,110.99,107.29,112.6192,71.87,0.442,12,partial;stop,36,50.0,4.0,20.0,369.0,788,242.0,768,234.0,743,XLK,4.0,11.0,768809234.7735,0.037586670960125954
A1,2021-02-24,2021-02-26,F,12.05,11.64,11.6284,-356.31,-1.028,2,stop,37,29.0,11.0,20.0,493.0,847,316.0,825,223.0,798,XLY,6.0,11.0,867227138.8859999,0.03791618925672041
A1,2021-02-22,2021-03-04,SYF,38.35,37.94,38.6838,108.39,0.8,10,partial;stop,61,12.0,1.0,18.0,681.0,821,412.0,799,293.0,773,XLF,2.0,11.0,234815107.62550002,0.03181797061703241
A1,2021-03-02,2021-03-04,ALLY,43.58,42.91,42.8571,-185.97,-1.079,2,stop,60,21.0,10.0,19.0,332.0,804,194.0,784,175.0,759,XLF,2.0,11.0,154072903.68049997,0.02944325327213102
A1,2021-02-22,2021-03-19,ET,7.12,7.0,7.887,1363.53,6.574,25,close<MA;partial,49,17.0,13.0,18.0,496.0,821,416.0,799,642.0,773,XLU,11.0,11.0,153636915.031,0.03192229416618393
A1,2021-03-18,2021-03-19,BAC,38.55,38.42,38.2517,-100.32,-2.403,1,stop,60,29.0,10.0,22.0,231.0,897,235.0,876,357.0,850,XLF,2.0,11.0,2181125954.4620004,0.025635442536935255
A1,2021-03-18,2021-03-19,GS,352.77,346.99,346.0736,-200.97,-1.158,1,stop,62,22.0,4.0,22.0,241.0,897,169.0,876,227.0,850,XLF,2.0,11.0,1032059534.7590001,0.02857914794284953
A1,2021-03-18,2021-03-19,MS,85.17,83.73,82.5274,-319.16,-1.838,1,stop,62,22.0,4.0,22.0,251.0,897,227.0,876,270.0,850,XLF,2.0,11.0,965982525.7135,0.026752364817865
A1,2021-02-16,2021-03-24,WFC,34.1,34.0,38.152,1485.58,38.896,36,close<MA;partial,60,21.0,15.0,19.0,624.0,800,316.0,779,432.0,754,XLF,2.0,11.0,1058823821.2379999,0.02764516465278812
A1,2021-02-16,2021-03-24,SCHW,59.65,58.64,63.8595,694.64,4.17,36,close<MA;partial,62,17.0,8.0,19.0,657.0,800,432.0,779,235.0,754,XLF,2.0,11.0,479633346.6445001,0.027935604161565673
A1,2021-02-24,2021-03-25,HPQ,27.71,27.21,29.158,681.64,2.914,29,close<MA;partial,35,39.0,16.0,20.0,319.0,847,293.0,825,336.0,798,XLK,4.0,11.0,223490622.328,0.02550342218836545
A1,2021-04-06,2021-04-07,LUV,64.38,63.24,63.1768,-239.1,-1.055,1,stop,45,8.0,,,194.0,711,155.0,702,255.0,679,XLI,3.0,11.0,479096841.7099999,0.03248827714876057
A1,2021-04-06,2021-04-07,GNRC,338.61,326.0,325.674,-349.23,-1.026,1,stop,36,49.0,4.0,17.0,342.0,711,116.0,702,256.0,679,XLK,8.0,11.0,444243736.25299996,0.04245438488098531
A1,2021-04-05,2021-04-09,HPQ,32.35,31.75,32.3268,-10.07,-0.042,4,partial;stop,35,31.0,11.0,17.0,231.0,763,183.0,752,249.0,730,XLK,8.0,11.0,394477110.6285,0.02791416832771209
A1,2021-04-09,2021-04-12,INTC,67.51,66.63,66.5634,-177.49,-1.076,3,stop,36,45.0,4.0,15.0,204.0,627,135.0,619,397.0,597,XLK,6.0,11.0,2059768081.2837498,0.029011837559342148
A1,2021-04-09,2021-04-13,GE,68.3,66.89,66.8203,-176.21,-1.047,4,stop,36,45.0,4.0,15.0,486.0,627,267.0,619,99.0,597,XLK,6.0,11.0,1029696295.5195879,0.03232749592370829
A1,2021-04-12,2021-04-13,HPQ,33.02,32.56,32.5274,-180.38,-1.07,1,stop,35,25.0,9.0,14.0,159.0,611,143.0,602,176.0,579,XLK,6.0,11.0,364432246.33599997,0.025210171994279374
A1,2021-04-14,2021-04-15,LUV,64.7,62.83,62.769,-172.28,-1.034,1,stop,45,8.0,,,197.0,594,102.0,585,214.0,564,XLI,5.0,11.0,408747189.8495,0.028944520625598418
A1,2021-04-14,2021-04-20,BKNG,98.88,96.3,96.2029,-174.14,-1.037,6,stop,47,4.0,,,275.0,594,315.0,585,339.0,564,XLI,5.0,11.0,976112914.6520001,0.02835668632620994
A1,2021-04-14,2021-04-20,COF,134.76,132.32,132.1877,-175.23,-1.054,6,stop,60,19.0,7.0,14.0,277.0,594,184.0,585,169.0,564,XLF,4.0,11.0,334425195.932,0.025204084920635805
A1,2021-04-16,2021-04-20,DHI,94.42,93.49,93.3965,-136.7,-1.1,4,stop,15,6.0,,,64.0,564,69.0,558,396.0,536,XLI,4.0,11.0,243610759.80300003,0.028164373114558865
A1,2021-04-26,2021-04-27,M,17.38,16.52,16.4835,-174.3,-1.038,1,stop,53,5.0,,,168.0,458,75.0,451,44.0,432,XLY,11.0,11.0,238023600.37550002,0.04956183131824891
A1,2021-04-21,2021-04-28,NXST,155.04,149.72,149.5703,-169.56,-1.028,7,stop,48,7.0,,,247.0,513,43.0,507,120.0,487,XLC,2.0,11.0,70383610.17899999,0.03595130115759812
A1,2021-04-23,2021-04-29,MGA,97.28,96.03,97.6028,42.46,0.262,6,partial;stop,37,21.0,12.0,12.0,114.0,480,94.0,473,116.0,454,XLY,11.0,11.0,138830949.649,0.026644761477588996
A1,2021-04-26,2021-04-30,LB,67.98,65.71,65.648,-172.42,-1.029,4,stop,67,9.0,,,75.0,458,31.0,451,78.0,432,XLRE,3.0,11.0,220756461.06750003,0.03330837172365159
A1,2021-04-21,2021-05-03,BWA,49.63,48.1,48.8711,-82.68,-0.496,12,close<MA,37,22.0,13.0,14.0,250.0,513,107.0,507,326.0,487,XLY,10.0,11.0,106235990.3015,0.03081170193445848
A1,2021-05-03,2021-05-04,LEN,103.1,100.95,100.8491,-275.1,-1.047,1,stop,15,4.0,,,215.0,420,149.0,414,249.0,395,XLI,3.0,11.0,199131565.32896638,0.02537066099273565
A1,2021-05-05,2021-05-06,STL,26.43,25.95,25.929,-176.06,-1.055,1,stop,60,18.0,3.0,12.0,49.0,437,64.0,431,104.0,412,XLF,2.0,11.0,103096418.3965,0.03621377745198182
A1,2021-05-05,2021-05-06,JWN,39.15,37.8,37.7622,-170.59,-1.028,1,stop,56,6.0,,,139.0,437,194.0,431,30.0,412,XLY,10.0,11.0,102321537.15,0.044395293226360155
A1,2021-05-07,2021-05-11,DHI,102.7,100.71,100.6093,-175.42,-1.051,4,stop,15,5.0,,,95.0,458,72.0,452,231.0,436,XLI,4.0,11.0,300112340.18050003,0.02627261670708424
A1,2021-05-07,2021-05-11,LEN,104.12,101.44,101.3408,-172.4,-1.038,4,stop,15,5.0,,,176.0,458,134.0,452,242.0,436,XLI,4.0,11.0,198036727.20159957,0.025731618893323392
A1,2021-05-07,2021-05-11,KIM,21.45,20.89,20.871,-174.71,-1.037,4,stop,67,10.0,2.0,12.0,121.0,458,107.0,452,108.0,436,XLRE,5.0,11.0,130801124.5925,0.026083532336486043
A1,2021-05-10,2021-05-11,LB,68.36,67.91,67.3126,-192.4,-2.333,1,stop,67,11.0,4.0,12.0,177.0,459,55.0,453,99.0,437,XLRE,5.0,11.0,192781184.46600002,0.02706149784559835
A1,2021-04-14,2021-05-12,HPQ,33.21,32.91,33.408,73.66,0.643,28,close<MA;partial,35,23.0,8.0,14.0,102.0,594,133.0,585,157.0,564,XLK,6.0,11.0,359000253.777,0.024935771908893727
A1,2021-04-21,2021-05-12,MIDD,171.38,166.66,174.0821,94.53,0.572,21,partial;stop,35,11.0,5.0,14.0,169.0,513,117.0,507,156.0,487,XLI,3.0,11.0,81978536.16099998,0.02755573077147816
A1,2021-04-26,2021-05-12,SPG,119.18,118.43,119.979,84.79,1.068,16,partial;stop,67,9.0,,,241.0,458,123.0,451,112.0,432,XLRE,3.0,11.0,301962364.96999997,0.024744157987158993
A1,2021-05-05,2021-05-17,BG,89.32,87.02,89.4699,10.85,0.065,12,partial;stop,20,5.0,,,73.0,437,125.0,431,225.0,412,XLP,7.0,11.0,99498523.0205,0.0257811097099075
A1,2021-05-21,2021-05-25,ATH,63.42,62.57,62.5074,-174.94,-1.073,4,stop,63,7.0,,,82.0,544,27.0,538,174.0,522,XLF,2.0,11.0,77408513.5165,0.024571636053180752
A1,2021-05-20,2021-05-26,ICLR,231.2,226.57,226.3484,-257.18,-1.049,6,stop,87,5.0,,,110.0,545,204.0,540,333.0,524,XLV,7.0,11.0,148578446.646,0.026715964058588386
A1,2021-05-26,2021-05-27,FTNT,43.33,42.83,42.7832,-152.33,-1.086,1,stop,35,20.0,2.0,13.0,113.0,542,44.0,536,66.0,521,XLK,9.0,11.0,228305148.90850002,0.02847380572732664
A1,2021-05-26,2021-05-27,WPM,48.23,47.9,47.8521,-94.77,-1.146,1,stop,10,13.0,3.0,13.0,45.0,542,69.0,536,353.0,521,XLB,1.0,11.0,104787199.8915,0.02998914646301823
A1,2021-05-24,2021-06-01,IRM,43.8,42.97,43.6963,-29.99,-0.129,8,partial;stop,67,12.0,5.0,13.0,132.0,543,30.0,537,104.0,522,XLRE,4.0,11.0,101832364.28999999,0.024595462910900062
A1,2021-06-01,2021-06-02,ALLY,55.35,55.17,55.1198,-49.38,-1.324,1,stop,60,13.0,3.0,13.0,134.0,531,63.0,525,68.0,507,XLF,3.0,11.0,192057270.0925,0.024484810003857823
A1,2021-06-01,2021-06-02,MT,33.99,33.54,33.5065,-172.73,-1.075,1,stop,33,6.0,,,126.0,531,37.0,525,70.0,507,XLB,2.0,11.0,174391706.3695,0.027916740804191126
A1,2021-06-01,2021-06-08,HES,87.03,86.15,87.3316,42.35,0.347,7,partial;stop,29,8.0,,,95.0,531,61.0,525,103.0,507,XLE,9.0,11.0,165712262.745,0.03295667820144514
A1,2021-06-08,2021-06-10,STLD,66.34,64.1,64.0358,-333.57,-1.029,2,stop,33,5.0,,,250.0,471,68.0,465,86.0,450,XLB,2.0,11.0,165021733.6695,0.03371242521067873
A1,2021-06-09,2021-06-10,MTZ,121.73,120.13,120.0099,-170.45,-1.075,1,stop,16,2.0,,,183.0,462,63.0,455,53.0,440,XLI,4.0,11.0,98739606.3005,0.030213578640473637
A1,2021-06-11,2021-06-14,ET,11.16,11.12,11.1089,-56.66,-1.27,3,stop,49,7.0,,,137.0,426,36.0,421,83.0,403,XLU,7.0,11.0,174564797.7355,0.027479256437900102
A1,2021-06-14,2021-06-16,CROX,109.86,109.52,109.4105,-49.97,-1.318,2,stop,30,5.0,,,230.0,403,40.0,398,72.0,381,XLB,2.0,11.0,189154801.7285,0.037175285056609095
A1,2021-06-24,2021-07-06,ANF,44.53,43.54,45.0275,81.35,0.496,12,partial;stop,56,7.0,,,147.0,431,56.0,424,38.0,411,XLY,7.0,11.0,87468215.499,0.04459476939653462
A1,2021-07-01,2021-07-06,MRO,14.2,13.8,13.7862,-170.96,-1.034,5,stop,13,25.0,1.0,11.0,294.0,471,90.0,462,47.0,448,XLE,4.0,11.0,238116777.427,0.037686836334411125
A1,2021-07-06,2021-07-07,SNAP,69.75,68.13,68.0619,-301.32,-1.042,1,stop,73,78.0,2.0,10.0,143.0,467,92.0,457,158.0,443,XLK,4.0,11.0,965624161.7835001,0.03948694341428933
A1,2021-07-07,2021-07-08,ZS,227.23,223.27,221.798,-293.17,-1.372,1,stop,73,78.0,1.0,11.0,72.0,473,77.0,463,283.0,449,XLK,3.0,11.0,379431920.711,0.027770622893686737
A1,2021-06-14,2021-07-14,HUBS,520.5,518.41,577.177,1303.57,27.118,30,close<MA;partial,73,74.0,7.0,8.0,281.0,403,138.0,398,150.0,381,XLK,4.0,11.0,187709998.424,0.031041169118501643
A1,2021-07-06,2021-07-14,DXCM,110.01,107.27,110.4313,46.63,0.152,8,partial;stop,38,13.0,5.0,10.0,132.0,467,137.0,457,261.0,443,XLV,3.0,11.0,357451548.994,0.024956549154746183
A1,2021-07-09,2021-07-14,ALNY,177.71,172.01,171.8397,-170.17,-1.03,5,stop,28,49.0,3.0,11.0,75.0,476,78.0,466,121.0,452,XLV,2.0,11.0,134306331.872,0.032051836153105556
A1,2021-07-09,2021-07-15,SNOW,254.25,249.82,249.5702,-173.3,-1.056,6,stop,73,80.0,1.0,11.0,188.0,476,171.0,466,361.0,452,XLK,3.0,11.0,1020416153.9375,0.03121958147475301
A1,2021-07-14,2021-07-15,CROX,118.8,116.4,116.2836,-259.05,-1.049,1,stop,30,4.0,,,103.0,464,33.0,453,64.0,441,XLB,7.0,11.0,119620914.5055,0.033181146702725366
A1,2021-07-16,2021-07-19,DXCM,112.57,110.24,110.1323,-170.46,-1.047,3,stop,38,17.0,9.0,12.0,65.0,462,110.0,454,148.0,440,XLV,2.0,11.0,349186822.56000006,0.02412943971367899
A1,2021-07-20,2021-07-26,ALNY,180.42,174.73,180.6668,6.9,0.043,6,partial;stop,28,36.0,1.0,11.0,88.0,426,46.0,418,199.0,406,XLV,2.0,11.0,119630010.4645,0.03313293690542039
A1,2021-07-20,2021-07-26,BNL,25.26,24.61,25.2683,3.33,0.02,6,partial;stop,,,,,106.0,426,48.0,418,84.0,406,,,,64475456.498,0.025437007969239523
A1,2021-07-22,2021-07-26,DDOG,110.35,109.02,108.911,-159.76,-1.082,4,stop,73,77.0,2.0,11.0,93.0,449,57.0,443,257.0,431,XLK,2.0,11.0,190635982.94849998,0.028304827297574407
A1,2021-07-20,2021-07-27,DOCU,299.05,290.5,300.0812,19.62,0.121,7,partial;stop,73,75.0,2.0,11.0,40.0,426,40.0,418,143.0,406,XLK,3.0,11.0,635010177.086,0.02986738527930769
A1,2021-07-22,2021-07-27,DXCM,112.98,111.53,111.4235,-168.15,-1.077,5,stop,38,19.0,4.0,11.0,98.0,449,136.0,443,136.0,431,XLV,4.0,11.0,346137755.80350006,0.024955532593338825
A1,2021-07-23,2021-07-27,ETSY,208.05,200.02,199.8244,-164.5,-1.025,4,stop,73,76.0,2.0,11.0,40.0,452,283.0,446,313.0,434,XLI,8.0,11.0,497756549.1175,0.03857265282451536
A1,2021-07-26,2021-07-27,GNRC,453.37,441.23,440.569,-332.9,-1.054,1,stop,36,28.0,8.0,10.0,44.0,446,36.0,440,45.0,428,XLK,3.0,11.0,323761177.85499996,0.028032382383247983
A1,2021-07-28,2021-08-02,DDOG,112.64,109.5,109.3905,-165.85,-1.035,5,stop,73,77.0,2.0,8.0,82.0,401,59.0,394,231.0,382,XLK,4.0,11.0,165141194.24400002,0.03009800942174447
A1,2021-07-30,2021-08-02,PAYC,402.78,397.64,397.2424,-166.2,-1.077,3,stop,73,75.0,1.0,8.0,70.0,411,163.0,405,265.0,397,XLK,3.0,11.0,133323663.3915,0.02477286080714273
A1,2021-08-03,2021-08-04,SNOW,275.27,271.24,270.9688,-176.56,-1.067,1,stop,73,72.0,1.0,9.0,38.0,429,73.0,423,316.0,416,XLK,1.0,11.0,835716617.5345,0.041032580338680666
A1,2021-08-05,2021-08-06,NVDA,20.55,20.34,20.3217,-140.39,-1.096,1,stop,36,25.0,5.0,11.0,212.0,433,42.0,429,44.0,421,XLK,1.0,11.0,6663096883.9051,0.03343146341735103
A1,2021-07-29,2021-08-10,MRVL,59.33,59.1,59.8246,101.04,2.16,12,partial;stop,36,25.0,6.0,8.0,127.0,406,39.0,398,207.0,388,XLK,4.0,11.0,312473447.297,0.026980270150089476
A1,2021-08-02,2021-08-16,ZS,240.53,233.22,241.0775,12.04,0.075,14,partial;stop,73,72.0,1.0,8.0,57.0,415,53.0,409,202.0,401,XLK,1.0,11.0,314197373.3125,0.03038186881732415
A1,2021-08-27,2021-08-31,CROX,147.46,143.15,143.0069,-347.14,-1.033,4,stop,30,2.0,,,117.0,413,38.0,405,20.0,389,XLB,10.0,11.0,121400822.7615,0.03090033080258419
A1,2021-08-25,2021-09-01,MDB,388.21,382.05,389.7909,50.65,0.257,7,partial;stop,73,88.0,2.0,7.0,138.0,417,66.0,409,216.0,395,XLK,1.0,11.0,187408243.77800003,0.033516012987456635
A1,2021-06-04,2021-09-14,FTNT,44.24,43.48,56.0444,2501.64,15.441,102,close<MA;partial,35,16.0,4.0,13.0,217.0,509,80.0,503,88.0,487,XLK,10.0,11.0,194605518.69899997,0.02546052824891764
A1,2021-08-24,2021-09-14,SPLK,149.44,145.92,151.7488,191.69,0.656,21,close<MA;partial,73,86.0,4.0,8.0,183.0,415,95.0,408,232.0,395,XLK,1.0,11.0,218515902.92800003,0.025580910017144742
A1,2021-09-16,2021-09-20,NET,132.22,128.1,125.1547,-586.59,-1.716,4,stop,73,73.0,2.0,8.0,145.0,361,48.0,351,24.0,335,XLK,1.0,11.0,292645424.924,0.033408599261417656
A1,2021-07-29,2021-09-29,DXCM,115.92,113.85,133.6932,1386.24,8.593,62,close<MA;partial,38,15.0,3.0,8.0,48.0,406,109.0,398,118.0,388,XLV,3.0,11.0,247160573.194,0.024211042127481645
A1,2021-08-20,2021-09-29,ZS,249.96,243.64,263.0463,641.24,2.071,40,close<MA;partial,73,85.0,3.0,8.0,98.0,416,32.0,410,124.0,398,XLK,1.0,11.0,250727240.725,0.028794660823495723
A1,2021-08-27,2021-09-29,TEAM,357.86,350.99,381.6191,831.66,3.46,33,close<MA;partial,73,89.0,2.0,7.0,26.0,413,23.0,405,39.0,389,XLK,1.0,11.0,406655795.026,0.03290616628590308
A1,2021-09-09,2021-09-29,DASH,203.84,200.8,209.5907,356.32,1.888,20,close<MA;partial,73,74.0,1.0,6.0,91.0,337,32.0,326,47.0,310,XLI,9.0,11.0,625974893.1245,0.039823503704576504
A1,2021-10-22,2021-10-26,CDAY,128.39,127.24,127.1128,-125.0,-1.111,4,stop,73,94.0,7.0,11.0,77.0,437,91.0,424,84.0,410,XLK,5.0,11.0,106963367.31049998,0.025270251107327796
A1,2021-10-25,2021-10-26,SIG,91.01,90.11,90.0199,-137.06,-1.101,1,stop,59,12.0,10.0,10.0,131.0,443,68.0,431,55.0,416,XLY,3.0,11.0,70344499.2235,0.04301541159004386
A1,2021-10-25,2021-10-27,EOG,93.59,92.84,92.7472,-114.26,-1.123,2,stop,13,23.0,1.0,10.0,54.0,443,105.0,431,90.0,416,XLE,1.0,11.0,401508000.371,0.032558203623146174
A1,2021-10-25,2021-10-28,CELH,33.56,31.71,32.0546,-274.9,-0.814,3,close<MA,20,6.0,,,298.0,443,46.0,431,56.0,416,XLP,10.0,11.0,74927223.82250999,0.05501682138178562
A1,2021-10-22,2021-11-01,MRTX,182.47,174.99,174.825,-336.48,-1.023,10,partial;stop,28,29.0,8.0,11.0,182.0,437,176.0,424,188.0,410,XLV,9.0,11.0,74416110.757,0.0448952255085876
A1,2021-10-29,2021-11-01,PWR,122.07,120.56,120.4394,-169.78,-1.08,3,stop,17,2.0,,,221.0,424,68.0,414,112.0,400,XLI,8.0,11.0,119700403.54800001,0.025220191443430972
A1,2021-10-28,2021-11-03,PCTY,300.17,298.21,297.9118,-92.58,-1.152,6,stop,73,93.0,6.0,10.0,162.0,423,35.0,413,47.0,398,XLK,4.0,11.0,71259238.5635,0.024166313531223095
A1,2021-11-02,2021-11-03,DVN,42.44,41.7,41.6583,-177.99,-1.056,1,stop,13,22.0,1.0,9.0,120.0,402,32.0,393,36.0,376,XLE,1.0,11.0,420885134.3735,0.034500674398978345
A1,2021-11-02,2021-11-03,FANG,114.84,110.83,110.7203,-169.1,-1.028,1,stop,13,22.0,1.0,9.0,135.0,402,65.0,393,83.0,376,XLE,1.0,11.0,278247687.229,0.03494769928848545
A1,2021-10-29,2021-11-04,NFLX,67.75,67.12,67.8901,26.77,0.228,6,partial;stop,78,4.0,,,113.0,424,80.0,414,99.0,400,XLC,11.0,11.0,3022239465.8970003,0.02557146913405105
A1,2021-10-29,2021-11-04,TNDM,136.24,132.15,127.3725,-363.41,-2.169,6,partial;stop,38,16.0,3.0,10.0,119.0,424,103.0,414,67.0,400,XLV,9.0,11.0,64273706.96,0.029996682970978496
A1,2021-11-04,2021-11-09,MGM,49.52,48.2,48.1538,-344.15,-1.037,5,stop,70,7.0,,,212.0,427,121.0,416,132.0,400,XLY,2.0,11.0,296755035.6675,0.02660489405468704
A1,2021-11-08,2021-11-09,PLTR,26.78,26.12,25.8741,-422.44,-1.374,1,stop,73,100.0,5.0,11.0,197.0,478,182.0,467,106.0,450,XLK,3.0,11.0,682377190.5074999,0.03158235217596932
A1,2021-11-04,2021-11-10,CYBR,190.18,185.3,191.9595,115.67,0.365,6,partial;stop,73,91.0,5.0,10.0,123.0,427,99.0,416,73.0,400,XLK,4.0,11.0,64454960.844000004,0.029382419135847583
A1,2021-10-27,2021-11-15,GLOB,313.98,307.32,315.3846,33.62,0.21,19,partial;stop,73,91.0,5.0,11.0,173.0,411,79.0,400,86.0,386,XLK,4.0,11.0,97738580.9765,0.028957544055692463
A1,2021-11-17,2021-11-18,NFLX,69.17,68.61,68.5404,-112.0,-1.123,1,stop,78,4.0,,,232.0,558,128.0,547,127.0,528,XLC,10.0,11.0,2650036754.0225,0.024241349560601606
A1,2021-11-18,2021-11-19,BX,146.95,145.44,145.2946,-138.79,-1.097,1,stop,62,10.0,11.0,12.0,128.0,556,132.0,546,64.0,528,XLF,5.0,11.0,452335593.18450004,0.026509413336147848
A1,2021-10-21,2021-11-22,TEAM,416.3,408.7,433.0315,502.07,2.203,32,close<MA;partial,73,93.0,7.0,11.0,287.0,437,32.0,425,30.0,412,XLK,5.0,11.0,360341462.6565,0.02967536356160579
A1,2021-11-12,2021-11-22,SNOW,377.77,374.62,374.2454,-112.7,-1.119,10,stop,73,110.0,7.0,12.0,170.0,530,111.0,521,58.0,502,XLK,3.0,11.0,707875738.2,0.026652759296243566
A1,2021-11-19,2021-11-22,PANW,89.62,87.06,86.9736,-339.1,-1.034,3,stop,35,16.0,5.0,10.0,274.0,554,85.0,543,103.0,525,XLK,3.0,11.0,583541459.51961,0.02858788542754978
A1,2021-11-22,2021-11-24,SPB,106.59,104.8,104.6952,-215.61,-1.059,2,stop,36,38.0,2.0,11.0,154.0,559,94.0,546,215.0,528,XLK,3.0,11.0,62706630.6735,0.029135092826551606
A1,2021-11-19,2021-11-26,SBNY,329.07,319.24,328.6011,-15.43,-0.048,7,partial;stop,60,6.0,,,210.0,554,111.0,543,127.0,525,XLF,5.0,11.0,181842103.638,0.030662218937183322
A1,2021-12-01,2021-12-02,ON,64.1,61.91,60.0998,-292.31,-1.829,1,stop,36,38.0,2.0,14.0,37.0,610,43.0,597,54.0,576,XLK,3.0,11.0,362682745.937,0.034151672235441057
A1,2021-12-01,2021-12-02,TER,155.92,152.13,149.3705,-274.9,-1.729,1,stop,38,33.0,8.0,14.0,75.0,610,81.0,597,178.0,576,XLV,10.0,11.0,188149518.16,0.027402360522476847
A1,2021-12-03,2021-12-06,ON,65.54,63.15,63.0844,-164.22,-1.026,3,stop,36,40.0,3.0,18.0,61.0,639,35.0,624,39.0,604,XLK,3.0,11.0,353773360.7475,0.036437189786047694
A1,2021-12-07,2021-12-10,WSC,40.23,39.79,39.7502,-143.51,-1.09,3,stop,73,135.0,16.0,17.0,34.0,652,30.0,635,70.0,613,XLK,3.0,11.0,95794756.9975,0.03329137402672407
A1,2021-12-13,2021-12-14,QCOM,188.96,183.11,181.0188,-214.38,-1.358,1,stop,36,39.0,2.0,17.0,35.0,646,62.0,628,83.0,610,XLK,3.0,11.0,2249561546.3805,0.03301786119603847
A1,2021-12-15,2021-12-16,TER,161.7,156.3,156.1484,-161.04,-1.029,1,stop,38,31.0,13.0,19.0,47.0,665,45.0,651,135.0,631,XLV,9.0,11.0,206207601.3735,0.03337513186964486
A1,2021-12-06,2021-12-20,BLDR,74.48,72.12,75.2796,53.28,0.336,14,partial;stop,52,2.0,,,26.0,647,37.0,632,26.0,610,XLY,2.0,11.0,165088826.732,0.03177227632958885
A1,2021-12-28,2021-12-29,SLAB,209.45,204.69,204.4853,-282.94,-1.043,1,stop,,,,,140.0,690,30.0,680,69.0,668,,,,72145226.763,0.034879775353238066
A1,2021-12-28,2021-12-31,TTWO,180.55,178.44,178.2566,-151.39,-1.084,3,stop,73,136.0,14.0,18.0,85.0,690,88.0,680,355.0,668,XLK,1.0,11.0,188407880.949,0.029014218836004087
A1,2021-12-28,2022-01-03,EXR,222.04,221.31,223.0347,52.62,1.357,6,partial;stop,67,18.0,7.0,18.0,95.0,690,50.0,680,91.0,668,XLRE,2.0,11.0,171427753.8095,0.024378026362417014
A1,2021-12-13,2022-01-04,PFE,55.76,53.89,57.0795,112.52,0.708,22,close<MA;partial,28,49.0,7.0,17.0,69.0,646,96.0,628,87.0,610,XLV,9.0,11.0,2138658429.9299998,0.03351364574625595
A1,2021-12-27,2022-01-04,LRCX,72.06,70.28,72.1414,13.02,0.044,8,partial;stop,35,26.0,5.0,18.0,130.0,711,140.0,702,259.0,689,XLI,9.0,11.0,983315866.9495001,0.0345332435622384
A1,2022-01-04,2022-01-06,STX,116.47,113.3,113.1867,-334.52,-1.036,2,stop,35,12.0,2.0,10.0,152.0,485,44.0,477,81.0,463,XLK,1.0,11.0,184945915.5845,0.027486685522895477
A1,2022-01-05,2022-01-06,QCOM,192.87,187.15,184.3355,-239.04,-1.492,1,stop,36,35.0,1.0,11.0,207.0,478,28.0,470,70.0,456,XLK,2.0,11.0,1465463864.948,0.029664090174662795
A1,2022-01-05,2022-01-06,X,25.01,24.94,24.9151,-48.17,-1.333,1,stop,33,5.0,,,143.0,478,142.0,470,196.0,456,XLB,5.0,11.0,317823346.8655,0.03426942656757153
A1,2021-12-30,2022-01-10,SPG,159.46,158.54,160.355,67.17,0.97,11,partial;stop,67,13.0,6.0,16.0,319.0,606,110.0,596,142.0,584,XLRE,2.0,11.0,363215998.3175,0.02807228970765142
A1,2022-01-03,2022-01-20,F,21.51,21.06,22.5512,577.01,2.303,17,close<MA;partial,37,15.0,4.0,10.0,206.0,495,27.0,487,59.0,474,XLY,3.0,11.0,1642558078.454,0.035886452054265446
A1,2023-02-01,2023-02-02,BA,216.86,211.9,211.6881,-279.1,-1.043,1,stop,37,13.0,10.0,13.0,238.0,494,30.0,492,87.0,490,XLI,4.0,11.0,1549819027.2055001,0.02732083461298727
A1,2023-02-01,2023-02-02,GOLD,19.85,19.37,19.3506,-300.02,-1.04,1,stop,50,5.0,,,228.0,494,84.0,492,95.0,490,XLI,4.0,11.0,357711140.29050004,0.027832146855444984
A1,2023-02-01,2023-02-03,FIS,75.5,74.51,74.4355,-166.41,-1.076,2,stop,73,78.0,6.0,13.0,276.0,494,434.0,492,463.0,490,XLI,4.0,11.0,383387729.102,0.025506824756121232
A1,2023-02-01,2023-02-08,AVGO,60.23,58.74,60.2769,9.69,0.033,7,partial;stop,36,34.0,2.0,13.0,372.0,494,110.0,492,179.0,490,XLK,6.0,11.0,1286553675.134,0.024686406316240854
A1,2023-02-01,2023-02-10,DOCU,61.33,59.2,62.3537,152.34,0.48,9,partial;stop,73,78.0,6.0,13.0,311.0,494,101.0,492,340.0,490,XLK,6.0,11.0,242140183.14550003,0.049523416385512685
A1,2023-02-13,2023-02-17,JBL,83.74,82.34,83.8117,9.66,0.048,4,partial;stop,36,39.0,4.0,15.0,160.0,529,94.0,527,34.0,525,XLK,2.0,11.0,118278283.599,0.02427448460120101
A1,2023-02-15,2023-02-17,GE,67.13,65.79,65.7283,-248.11,-1.049,2,stop,36,38.0,1.0,14.0,284.0,528,69.0,527,37.0,525,XLK,2.0,11.0,552495591.8029746,0.024555213731506844
A1,2023-02-01,2023-02-21,WDAY,181.69,177.78,183.8825,142.41,0.56,20,partial;stop,73,78.0,6.0,13.0,323.0,494,176.0,492,129.0,490,XLK,6.0,11.0,329393192.12749994,0.03290814453788407
A1,2023-03-06,2023-03-07,NVDA,23.92,23.49,23.4635,-226.97,-1.054,1,stop,36,33.0,4.0,8.0,32.0,416,26.0,414,26.0,412,XLK,2.0,11.0,11676911009.255001,0.038966773674242505
A1,2023-03-30,2023-04-03,LRCX,53.31,52.2,52.1438,-256.4,-1.047,4,stop,35,26.0,6.0,14.0,104.0,611,84.0,611,109.0,608,XLI,4.0,11.0,637041993.8355,0.03663348188304175
A1,2023-03-30,2023-04-03,FSLR,218.85,212.54,212.3275,-319.54,-1.034,4,stop,36,33.0,2.0,14.0,15.0,611,42.0,611,37.0,608,XLK,2.0,11.0,590990282.6559999,0.03638518067776544
A1,2023-03-30,2023-04-05,AMZN,102.2,101.01,102.5153,36.02,0.263,6,partial;stop,59,9.0,,,95.0,611,125.0,611,507.0,608,XLY,3.0,11.0,5703690794.5235,0.031186427057101184
A1,2023-03-30,2023-04-05,CRM,197.97,195.49,195.2945,-157.72,-1.079,6,stop,73,95.0,3.0,14.0,20.0,611,32.0,611,137.0,608,XLK,2.0,11.0,1827814743.3425,0.026213797893621847
A1,2023-03-30,2023-04-05,HUBS,416.11,414.12,413.7059,-67.19,-1.209,6,stop,73,95.0,3.0,14.0,92.0,611,33.0,611,55.0,608,XLK,2.0,11.0,229597760.31,0.03580114408478865
A1,2023-03-31,2023-04-05,GE,75.85,75.27,75.1921,-102.0,-1.13,5,stop,36,33.0,2.0,14.0,46.0,590,39.0,590,17.0,587,XLK,1.0,11.0,830753460.3003852,0.02512853770397176
A1,2023-04-04,2023-04-05,CRWD,138.47,135.73,135.2346,-184.32,-1.181,1,stop,73,91.0,4.0,15.0,59.0,581,73.0,581,499.0,578,XLK,2.0,11.0,770016787.731,0.03775102815041863
A1,2023-04-11,2023-04-12,STX,66.9,66.46,66.3935,-87.57,-1.152,1,stop,35,25.0,7.0,14.0,123.0,522,105.0,522,154.0,519,XLK,1.0,11.0,143186681.03899997,0.026149671427938847
A1,2023-04-12,2023-04-17,Z,45.6,44.95,44.91,-165.89,-1.07,5,stop,73,76.0,2.0,13.0,65.0,480,109.0,480,38.0,477,XLI,9.0,11.0,86553321.249,0.033707731168334185
A1,2023-04-13,2023-04-19,META,217.16,215.69,213.2585,-206.62,-2.658,6,stop,73,77.0,1.0,12.0,33.0,470,17.0,470,33.0,467,XLK,1.0,11.0,5376991009.745,0.026253861767040303
A1,2023-04-18,2023-04-19,NVDA,28.03,27.36,27.3296,-162.72,-1.041,1,stop,36,28.0,4.0,9.0,133.0,362,11.0,361,9.0,360,XLK,1.0,11.0,11579079876.092,0.027656354931902417
A1,2023-04-18,2023-04-19,TTD,63.14,61.49,60.8691,-213.76,-1.376,1,stop,73,63.0,2.0,9.0,166.0,362,34.0,361,137.0,360,XLK,1.0,11.0,161077250.419,0.03391274909559895
A1,2023-04-17,2023-04-25,SHOP,48.8,46.95,46.8996,-159.53,-1.025,8,stop,73,66.0,1.0,9.0,153.0,395,43.0,394,22.0,392,XLK,1.0,11.0,614434677.8855001,0.037955257324370675
A1,2023-04-11,2023-04-26,BLDR,90.3,89.1,91.1614,110.23,0.718,15,partial;stop,52,2.0,,,111.0,522,52.0,522,54.0,519,XLY,3.0,11.0,182996844.48299998,0.029569241367956328
A1,2023-04-11,2023-04-27,ALGN,335.49,331.47,326.616,-301.55,-2.209,16,partial;stop,38,18.0,6.0,14.0,146.0,522,27.0,522,34.0,519,XLV,7.0,11.0,260083657.8665,0.03443298413043532
A1,2023-05-01,2023-05-03,NVDA,28.14,27.78,27.7522,-156.67,-1.078,2,stop,36,31.0,4.0,7.0,124.0,327,17.0,326,6.0,325,XLK,1.0,11.0,10693024317.2495,0.027042863600500767
A1,2023-05-10,2023-05-11,TTD,65.73,64.5,64.4355,-224.06,-1.052,1,stop,73,66.0,7.0,11.0,101.0,388,26.0,387,54.0,385,XLK,2.0,11.0,202651000.48999998,0.03197662866735147
A1,2023-05-19,2023-05-22,THC,73.91,72.59,72.5174,-161.99,-1.055,3,stop,80,8.0,,,89.0,437,48.0,437,19.0,434,XLV,5.0,11.0,115067868.11199999,0.02662710174302093
A1,2023-05-30,2023-05-31,KMX,74.22,72.64,72.1278,-211.73,-1.323,1,stop,55,5.0,,,175.0,436,111.0,436,152.0,434,XLY,3.0,11.0,98297578.039,0.03165504381635793
A1,2023-06-01,2023-06-02,SPOT,152.45,149.07,148.9209,-165.97,-1.044,1,stop,48,7.0,,,117.0,426,45.0,426,18.0,424,XLC,2.0,11.0,207429923.565,0.027620466718043645
A1,2023-06-06,2023-06-08,APLS,92.7,90.0,89.91,-164.76,-1.033,2,stop,28,26.0,2.0,8.0,211.0,406,29.0,404,24.0,402,XLV,4.0,11.0,113113113.948,0.03339608108720817
A1,2023-06-09,2023-06-12,LTHM,26.4,25.9,25.8741,-168.17,-1.052,3,stop,28,27.0,1.0,8.0,187.0,412,93.0,410,220.0,408,XLB,9.0,11.0,78067381.615,0.03330345242297672
A1,2023-06-13,2023-06-14,APLS,93.57,90.76,90.6692,-165.54,-1.032,1,stop,28,27.0,2.0,8.0,280.0,406,49.0,404,28.0,403,XLV,6.0,11.0,100266325.562,0.032533794949069446
A1,2023-06-15,2023-06-20,DELL,49.74,49.17,49.1258,-151.01,-1.087,5,stop,35,24.0,3.0,8.0,185.0,423,77.0,421,171.0,419,XLK,1.0,11.0,239798340.0765,0.029985534027062444
A1,2023-06-15,2023-06-22,EQT,39.34,38.73,39.3723,8.88,0.054,7,partial;stop,13,20.0,5.0,8.0,190.0,423,72.0,421,238.0,419,XLE,7.0,11.0,252674687.60950002,0.033426801189005984
A1,2023-06-22,2023-06-27,INSP,318.06,308.2,307.8968,-335.31,-1.031,5,stop,38,23.0,6.0,8.0,308.0,435,83.0,434,147.0,433,XLV,7.0,11.0,105731947.6865,0.03157791488176071
A1,2023-06-26,2023-07-05,EQT,40.15,39.34,40.3713,66.58,0.273,9,partial;stop,13,22.0,4.0,8.0,134.0,424,61.0,423,223.0,423,XLE,11.0,11.0,258670906.00149998,0.02910065960244159
A1,2023-05-31,2023-07-07,TTD,70.11,68.53,75.2572,514.71,3.258,37,close<MA;partial,73,80.0,3.0,10.0,120.0,437,55.0,437,53.0,435,XLK,1.0,11.0,289204565.739,0.036567976311908654
A1,2023-05-15,2023-07-10,HUBS,469.35,460.01,508.0539,619.28,4.145,56,close<MA;partial,73,70.0,6.0,11.0,51.0,406,25.0,405,23.0,404,XLK,2.0,11.0,262950224.17249998,0.029736991075231766
A1,2023-06-08,2023-07-10,EXAS,88.06,86.81,91.4743,433.45,2.727,32,close<MA;partial,80,8.0,,,36.0,422,37.0,420,21.0,418,XLV,4.0,11.0,164321112.8695,0.03229536734092054
A1,2023-07-12,2023-07-13,AVGO,89.08,88.2,88.1118,-135.14,-1.1,1,stop,36,31.0,4.0,7.0,134.0,333,52.0,333,81.0,332,XLK,2.0,11.0,2502392404.635,0.024174568673592554
A1,2023-07-11,2023-07-20,ON,97.44,95.18,98.9677,192.82,0.678,9,partial;stop,36,30.0,4.0,7.0,134.0,333,88.0,333,68.0,332,XLK,2.0,11.0,613902752.26,0.02663839877984901
A1,2023-07-12,2023-07-20,MRVL,63.49,61.94,64.0463,107.81,0.356,8,partial;stop,36,31.0,4.0,7.0,209.0,333,31.0,333,49.0,332,XLK,2.0,11.0,712255762.688,0.02935668858058866
A1,2023-07-14,2023-07-20,NFLX,45.32,44.2,44.6553,-184.5,-0.594,6,partial;stop,78,2.0,,,194.0,329,77.0,329,101.0,328,XLC,3.0,11.0,2572276607.5125,0.024813182778035188
A1,2023-05-26,2023-07-21,AMZN,118.72,116.02,129.6868,647.12,4.064,56,close<MA;partial,59,7.0,,,104.0,439,49.0,439,89.0,437,XLY,3.0,11.0,7324927602.917999,0.024561924677822415
A1,2023-06-15,2023-07-24,META,276.85,271.42,292.1579,459.34,2.822,39,close<MA;partial,73,88.0,1.0,8.0,128.0,423,62.0,421,10.0,419,XLK,1.0,11.0,5555939540.3395,0.026129725232213567
A1,2023-07-14,2023-07-24,ANET,42.33,41.19,42.6628,96.5,0.29,10,partial;stop,35,10.0,1.0,7.0,280.0,329,217.0,329,84.0,328,XLK,2.0,11.0,478653049.1525,0.0268749666204466
A1,2023-06-21,2023-07-31,DELL,50.51,49.41,52.189,246.74,1.518,40,close<MA;partial,35,22.0,3.0,8.0,245.0,437,90.0,435,133.0,435,XLK,1.0,11.0,254559519.0375,0.0292291422226352
A1,2023-07-25,2023-08-01,LNC,28.01,27.33,27.983,-11.1,-0.037,7,partial;stop,63,1.0,,,88.0,308,77.0,306,237.0,305,XLF,5.0,11.0,62893438.8105,0.030223139600850303
A1,2023-07-27,2023-08-01,UBER,48.05,46.61,46.5599,-340.77,-1.032,5,stop,73,60.0,3.0,9.0,206.0,307,44.0,305,44.0,304,XLI,4.0,11.0,949818691.2455,0.03000037805211187
A1,2023-05-16,2023-08-03,NVDA,29.25,28.83,42.2802,4743.27,31.233,79,close<MA;partial,36,32.0,6.0,11.0,72.0,413,26.0,412,12.0,411,XLK,2.0,11.0,10446371477.1445,0.028306427314052984
A1,2023-07-28,2023-08-03,ON,105.46,102.5,101.3486,-464.07,-1.39,6,stop,36,30.0,5.0,9.0,115.0,333,72.0,331,66.0,330,XLK,2.0,11.0,561017212.85,0.028938148833274162
A1,2023-08-02,2023-08-03,BLDR,157.01,152.9,148.0019,-693.38,-2.192,1,stop,52,2.0,,,163.0,362,51.0,359,26.0,358,XLY,2.0,11.0,189984980.80650002,0.026169601266900044
A1,2023-08-03,2023-08-04,NUE,174.42,169.99,169.8171,-317.89,-1.038,1,stop,33,4.0,,,198.0,372,198.0,368,188.0,367,XLB,7.0,11.0,217025624.8725,0.025439005163979685
A1,2023-08-03,2023-08-04,LPLA,238.79,232.9,232.6625,-306.3,-1.04,1,stop,62,7.0,,,166.0,372,179.0,368,200.0,367,XLF,5.0,11.0,187489030.7625,0.024679267749484028
A1,2023-07-27,2023-08-07,INTC,34.87,34.11,34.9687,35.11,0.13,11,partial;stop,36,27.0,5.0,9.0,239.0,307,158.0,305,131.0,304,XLK,1.0,11.0,1159448446.96,0.025010232160744206
A1,2023-08-07,2023-08-08,URI,478.17,471.75,471.2783,-172.24,-1.074,1,stop,73,73.0,4.0,8.0,156.0,394,80.0,391,163.0,389,XLK,3.0,11.0,340563485.9135,0.030776400979680395
A1,2023-08-07,2023-08-08,EQT,42.69,41.99,41.1288,-439.59,-2.234,1,stop,13,22.0,3.0,8.0,182.0,394,107.0,391,59.0,389,XLE,4.0,11.0,246660567.67800003,0.029585481751589073
A1,2023-08-10,2023-08-11,PHM,86.21,83.96,82.8271,-236.53,-1.504,1,stop,15,1.0,,,86.0,400,125.0,397,34.0,395,XLI,5.0,11.0,215627026.328,0.02605996164424813
A1,2023-08-30,2023-08-31,ODFL,214.91,213.29,212.8969,-110.98,-1.246,1,stop,42,2.0,,,63.0,316,45.0,315,82.0,314,XLI,3.0,11.0,261889835.84250003,0.02667330282930549
A1,2023-08-31,2023-09-05,SWN,6.76,6.64,6.6334,-167.32,-1.057,5,stop,13,10.0,1.0,6.0,52.0,294,36.0,293,94.0,292,XLE,1.0,11.0,118237074.59850001,0.026425176557265152
A1,2023-09-01,2023-09-06,VAL,77.62,75.37,75.2946,-162.6,-1.034,5,stop,13,8.0,,,102.0,274,72.0,273,137.0,272,XLE,1.0,11.0,71611482.511,0.03090788473489242
A1,2023-09-05,2023-09-06,APA,45.49,45.29,44.945,-140.51,-2.765,1,stop,13,7.0,,,44.0,260,37.0,259,126.0,258,XLE,1.0,11.0,152065731.537,0.024589685628277142
A1,2023-09-12,2023-09-13,KEY,11.79,11.4,11.3852,-161.8,-1.029,1,stop,60,6.0,,,135.0,250,127.0,249,217.0,248,XLF,6.0,11.0,143620018.97,0.03351024740741579
A1,2023-11-14,2023-11-15,NTNX,39.74,39.13,39.0909,-167.4,-1.064,1,stop,73,85.0,1.0,10.0,210.0,469,13.0,467,27.0,466,XLK,1.0,11.0,63132989.850999996,0.027902542876771824
A1,2023-11-22,2023-11-24,SPOT,181.13,179.0,178.821,-150.15,-1.084,2,stop,48,7.0,,,110.0,428,18.0,426,94.0,425,XLC,2.0,11.0,279390737.471,0.02818276918015559
A1,2023-11-06,2023-12-01,DELL,70.84,69.76,71.2683,61.99,0.396,25,partial;stop,35,27.0,2.0,11.0,186.0,500,8.0,498,31.0,497,XLK,1.0,11.0,302399346.0625,0.024981896864854813
A1,2023-11-30,2023-12-01,FIVE,194.33,189.48,189.2862,-161.53,-1.039,1,stop,53,6.0,,,197.0,332,110.0,331,146.0,331,XLY,4.0,11.0,145905110.5165,0.025000614649985514
A1,2023-12-04,2023-12-05,DASH,97.09,95.57,95.473,-195.29,-1.063,1,stop,73,71.0,2.0,8.0,81.0,317,58.0,316,34.0,316,XLI,7.0,11.0,431155359.0125,0.032223254715140266
A1,2023-11-30,2023-12-07,IMGN,29.23,28.76,29.2076,-7.27,-0.046,7,partial;stop,28,29.0,3.0,6.0,149.0,332,124.0,331,102.0,331,XLV,9.0,11.0,89425413.77149999,0.053219086999145473
A1,2023-12-08,2023-12-11,RBLX,41.99,40.49,40.445,-162.43,-1.027,3,stop,73,64.0,4.0,8.0,124.0,295,23.0,295,137.0,295,XLK,1.0,11.0,380533302.856,0.03587569161989257
A1,2023-12-13,2023-12-20,AES,18.41,18.1,18.6127,107.04,0.662,7,partial;stop,49,2.0,,,130.0,288,116.0,288,207.0,287,XLU,9.0,11.0,97672893.77849999,0.026094873994523177
A1,2023-12-14,2023-12-20,SHOP,75.55,74.85,76.1079,92.24,0.809,6,partial;stop,73,61.0,4.0,7.0,146.0,308,92.0,308,114.0,307,XLK,1.0,11.0,746461827.5565001,0.03147746981061641
A1,2023-12-12,2023-12-29,DUOL,227.02,216.97,230.1709,47.24,0.313,17,partial;stop,73,59.0,3.0,7.0,210.0,283,29.0,283,35.0,283,XLK,1.0,11.0,151589698.46999997,0.04426068841113564
A1,2023-12-21,2023-12-29,ENTG,120.32,117.66,120.5315,22.06,0.081,8,partial;stop,30,5.0,,,216.0,377,100.0,376,187.0,375,XLB,7.0,11.0,145714854.737,0.026656940287659338
A1,2023-12-13,2024-01-02,ZS,212.55,210.05,214.572,113.1,0.807,20,partial;stop,73,60.0,2.0,6.0,97.0,288,36.0,288,41.0,287,XLK,1.0,11.0,539005054.2075,0.0315154214909059
A1,2023-12-14,2024-01-02,DDOG,120.38,117.69,120.0847,-18.03,-0.11,19,partial;stop,73,61.0,4.0,7.0,198.0,308,71.0,308,81.0,307,XLK,1.0,11.0,379923229.982,0.025526858372852335
A1,2023-12-26,2024-01-02,INTC,48.97,48.71,48.6613,-78.14,-1.188,7,stop,36,26.0,5.0,9.0,253.0,391,57.0,390,55.0,389,XLK,1.0,11.0,1785679026.546,0.026852067307466986
A1,2023-12-06,2024-01-03,MPWR,565.51,553.27,590.7736,505.17,2.063,28,close<MA;partial,36,22.0,4.0,6.0,115.0,295,103.0,294,105.0,294,XLK,1.0,11.0,215122567.6275,0.025500742083394406
A1,2024-01-02,2024-01-03,DG,139.93,136.15,136.0139,-336.77,-1.036,1,stop,53,6.0,,,244.0,329,102.0,329,283.0,329,XLY,5.0,11.0,454502304.50249994,0.0304706531516478
A1,2023-11-29,2024-01-04,PINS,32.79,32.69,35.7767,1074.21,29.038,36,close<MA;partial,73,67.0,1.0,6.0,38.0,326,44.0,325,44.0,325,XLK,1.0,11.0,412399402.18450004,0.0271194178979453
A1,2023-12-05,2024-01-05,BLDR,142.09,137.81,153.3172,819.44,2.62,31,close<MA;partial,52,2.0,,,153.0,304,136.0,302,114.0,302,XLY,7.0,11.0,196367095.0145,0.030153783490479914
A1,2024-01-05,2024-01-08,KEY,14.89,14.49,14.4725,-331.58,-1.036,3,stop,60,13.0,2.0,7.0,131.0,320,51.0,320,27.0,317,XLF,2.0,11.0,198827397.4135,0.02738572846560599
A1,2024-01-08,2024-01-09,MGM,45.95,44.74,44.6924,-328.71,-1.037,1,stop,70,4.0,,,73.0,313,92.0,313,156.0,311,XLY,8.0,11.0,193234075.98499998,0.026434312926838278
A1,2024-01-10,2024-01-11,BURL,198.5,195.05,194.855,-218.6,-1.057,1,stop,53,6.0,,,100.0,323,27.0,323,91.0,321,XLY,7.0,11.0,201827666.79399997,0.02617716922893577
A1,2024-01-08,2024-01-16,DXCM,126.5,123.67,123.4664,-284.82,-1.072,8,stop,38,18.0,5.0,6.0,173.0,313,37.0,313,183.0,311,XLV,9.0,11.0,311953054.61550003,0.02683400331103772
A1,2024-01-19,2024-01-23,DASH,106.3,103.6,103.4964,-162.39,-1.038,4,stop,73,51.0,3.0,6.0,69.0,263,47.0,263,44.0,263,XLI,4.0,11.0,334053923.9855,0.025743484101115606
A1,2024-01-22,2024-01-25,TRU,70.16,69.24,69.1708,-167.2,-1.075,3,stop,73,52.0,4.0,6.0,103.0,258,166.0,258,164.0,258,XLK,1.0,11.0,104893915.044,0.02787493951052931
A1,2024-01-29,2024-01-30,DASH,109.17,107.44,107.3326,-169.33,-1.062,1,stop,73,59.0,4.0,8.0,42.0,297,63.0,297,60.0,296,XLI,5.0,11.0,320088046.643,0.02594169058056613
A1,2024-01-25,2024-01-31,AAL,14.68,14.52,14.4755,-169.63,-1.27,6,stop,45,7.0,,,132.0,267,128.0,267,180.0,266,XLI,4.0,11.0,542526898.4300001,0.030317147492419184
A1,2024-02-01,2024-02-02,RCL,130.38,126.94,126.0838,-197.64,-1.248,1,stop,44,5.0,,,145.0,339,66.0,339,78.0,338,XLI,5.0,11.0,280963180.97299993,0.026407985802118856
A1,2024-02-07,2024-02-09,EXPE,155.21,151.27,130.4794,-1013.96,-6.285,2,stop,47,2.0,,,140.0,360,77.0,360,46.0,359,XLI,4.0,11.0,277169722.266,0.025353867267672033
A1,2024-02-07,2024-02-13,CRWD,308.08,306.71,306.4033,-65.3,-1.224,6,stop,73,67.0,3.0,9.0,29.0,360,29.0,360,12.0,359,XLK,1.0,11.0,943254585.4549999,0.029268358240079166
A1,2024-02-08,2024-02-13,BX,128.37,125.25,125.1272,-168.54,-1.04,5,stop,62,6.0,,,139.0,361,130.0,361,99.0,359,XLF,3.0,11.0,425774398.80899996,0.024272635429101165
A1,2024-02-12,2024-02-13,ABNB,153.53,149.17,149.025,-166.81,-1.034,1,stop,73,74.0,2.0,10.0,147.0,379,163.0,379,177.0,377,XLK,1.0,11.0,642697475.21025,0.02839248990022295
A1,2024-02-06,2024-02-16,DASH,110.6,108.23,112.3673,118.38,0.745,10,partial;stop,73,67.0,2.0,9.0,62.0,356,157.0,356,74.0,355,XLI,4.0,11.0,328745484.8035,0.028671336579935
A1,2024-02-06,2024-02-20,FTNT,67.43,65.89,68.1673,76.95,0.481,14,partial;stop,35,17.0,5.0,9.0,72.0,356,212.0,356,108.0,355,XLK,1.0,11.0,451864420.88199997,0.02619569982603815
A1,2024-01-18,2024-02-22,VRT,50.77,49.67,60.7237,1423.27,9.042,35,close<MA;partial,36,21.0,5.0,6.0,51.0,257,96.0,257,11.0,257,XLK,1.0,11.0,169931676.8305,0.030031112706537612
A1,2024-02-22,2024-02-23,BLDR,192.2,186.77,186.585,-331.4,-1.034,1,stop,52,2.0,,,206.0,416,77.0,416,88.0,415,XLY,8.0,11.0,202660327.9875,0.028252551177134044
A1,2024-02-22,2024-02-26,THC,92.48,91.87,91.7782,-91.54,-1.15,4,stop,80,5.0,,,89.0,416,54.0,416,132.0,415,XLV,1.0,11.0,99291518.139,0.03003597984501246
A1,2024-02-27,2024-02-28,M,19.83,19.33,19.3153,-316.96,-1.039,1,stop,53,2.0,,,223.0,407,111.0,407,67.0,407,XLY,6.0,11.0,126788245.46699996,0.024972853644159083
A1,2024-02-27,2024-02-29,BBWI,47.64,46.58,44.975,-682.91,-2.51,2,stop,59,6.0,,,121.0,407,37.0,407,113.0,407,XLY,6.0,11.0,105152101.11950001,0.027124341468826297
A1,2024-02-22,2024-03-05,EFX,261.17,259.09,262.2019,47.43,0.495,12,partial;stop,73,80.0,2.0,9.0,201.0,416,139.0,416,103.0,415,XLK,5.0,11.0,211089397.3915,0.02606459877777826
A1,2024-03-01,2024-03-08,LRCX,95.69,94.36,96.3802,84.33,0.516,7,partial;stop,35,17.0,5.0,8.0,131.0,417,125.0,417,101.0,417,XLI,1.0,11.0,889796176.0970001,0.025150096354485434
A1,2024-02-29,2024-03-11,OKTA,107.53,103.71,108.6027,45.16,0.282,11,partial;stop,73,84.0,3.0,8.0,238.0,418,157.0,418,167.0,418,XLK,5.0,11.0,172634496.695,0.03546774845536196
A1,2024-03-01,2024-03-11,MRVL,74.06,73.46,75.7352,277.42,2.767,10,partial;stop,36,30.0,6.0,8.0,209.0,417,135.0,417,129.0,417,XLK,4.0,11.0,824898958.7585,0.034144901443124216
A1,2024-03-12,2024-03-13,TRU,81.07,79.46,79.3805,-255.26,-1.049,1,stop,73,84.0,5.0,9.0,94.0,413,112.0,411,291.0,411,XLK,4.0,11.0,138120984.4885,0.026997287103754746
A1,2024-02-29,2024-03-15,AMD,184.01,179.82,191.1968,272.95,1.713,15,close<MA;partial,36,31.0,7.0,8.0,249.0,418,66.0,418,36.0,418,XLK,5.0,11.0,11232148650.5135,0.038740254790757746
A1,2024-01-25,2024-03-18,UBER,65.68,64.05,74.7577,880.97,5.583,53,close<MA;partial,73,52.0,4.0,6.0,71.0,267,51.0,267,37.0,266,XLI,4.0,11.0,1377665101.4929998,0.02476845795957707
A1,2024-02-22,2024-03-19,FND,114.75,111.35,118.9252,392.03,1.223,26,close<MA;partial,52,2.0,,,244.0,416,152.0,416,201.0,415,XLY,8.0,11.0,160914321.588,0.029708190136248237
A1,2024-01-18,2024-03-20,SPOT,204.23,200.81,245.6009,1902.88,12.081,62,close<MA;partial,48,6.0,,,77.0,257,79.0,257,79.0,257,XLC,6.0,11.0,314997969.49050003,0.024089341936637164
A1,2024-03-20,2024-03-21,SHAK,108.5,105.36,104.2257,-444.36,-1.361,1,stop,58,5.0,,,137.0,400,41.0,399,48.0,399,XLY,9.0,11.0,94214662.613,0.03229634395171819
A1,2024-03-20,2024-03-22,MNDY,233.75,225.95,225.7216,-329.31,-1.029,2,stop,73,83.0,5.0,8.0,240.0,400,119.0,399,113.0,399,XLK,6.0,11.0,164399298.67,0.03339392464311952
A1,2024-03-21,2024-03-22,CYBR,272.26,268.02,267.752,-202.95,-1.063,1,stop,73,83.0,4.0,7.0,200.0,404,91.0,403,67.0,403,XLK,5.0,11.0,144393158.1965,0.02800364769190126
A1,2024-03-25,2024-03-27,WFRD,117.67,117.12,117.0029,-68.98,-1.212,2,stop,35,18.0,2.0,6.0,142.0,382,111.0,380,177.0,380,XLI,2.0,11.0,77434902.237,0.031456017790646336
A1,2024-03-28,2024-04-02,STLD,148.49,146.63,146.4834,-164.41,-1.079,5,stop,33,5.0,,,115.0,370,95.0,369,134.0,368,XLB,7.0,11.0,167843255.70499998,0.025234972696351714
A1,2024-04-02,2024-04-03,GE,144.09,140.41,138.0119,-267.28,-1.654,1,stop,36,33.0,5.0,7.0,88.0,346,55.0,345,76.0,344,XLK,5.0,11.0,1279260696.3200285,0.02549652986969575
A1,2024-04-04,2024-04-09,META,524.09,510.61,510.0999,-167.92,-1.038,5,stop,73,64.0,6.0,7.0,149.0,327,37.0,326,58.0,326,XLK,4.0,11.0,6652329957.358999,0.025726413935132763
A1,2024-03-13,2024-04-11,WSM,131.69,130.6,148.0156,1502.27,15.098,29,close<MA;partial,57,3.0,,,141.0,413,133.0,412,37.0,412,XLY,10.0,11.0,277289705.88850003,0.024339482051498475
A1,2024-04-03,2024-04-12,DELL,122.14,117.66,121.3685,-27.85,-0.173,9,partial;stop,35,13.0,1.0,8.0,232.0,340,23.0,339,50.0,338,XLK,6.0,11.0,910972514.0105,0.037181344684934635
A1,2024-04-11,2024-04-12,PSTG,55.02,53.4,53.3466,-330.64,-1.033,1,stop,35,11.0,1.0,7.0,172.0,315,40.0,314,82.0,314,XLK,6.0,11.0,159376516.615,0.03243978494657046
A1,2024-05-07,2024-05-09,GE,168.15,167.22,167.0528,-77.76,-1.18,2,stop,36,36.0,6.0,11.0,81.0,438,30.0,433,31.0,432,XLK,9.0,11.0,1139587252.575,0.031331767955924836
A1,2024-05-09,2024-05-15,TECK,51.7,50.16,51.9313,24.35,0.149,6,partial;stop,14,1.0,,,160.0,437,85.0,432,170.0,430,XLB,3.0,11.0,204881934.104,0.02988203326782607
A1,2024-05-10,2024-05-16,DAL,53.05,52.16,53.068,2.74,0.017,6,partial;stop,45,6.0,,,55.0,430,70.0,424,75.0,422,XLI,4.0,11.0,501013368.1135,0.024526672465132522
A1,2024-05-16,2024-05-17,WDC,75.84,74.05,73.3865,-407.4,-1.37,1,stop,35,20.0,4.0,9.0,215.0,406,68.0,401,77.0,399,XLK,7.0,11.0,478152462.71049994,0.03831947968939113
A1,2024-05-16,2024-05-20,UAL,55.49,54.65,54.5953,-202.94,-1.065,4,stop,45,5.0,,,31.0,406,86.0,401,135.0,399,XLI,5.0,11.0,520354051.11050004,0.02797282723360452
A1,2024-05-09,2024-05-22,AEM,67.87,66.65,68.0859,29.22,0.179,13,partial;stop,10,11.0,3.0,11.0,86.0,437,47.0,432,169.0,430,XLB,3.0,11.0,213978618.876,0.02483185494376535
A1,2024-05-20,2024-05-22,SCCO,118.29,117.66,114.3482,-421.63,-6.223,2,stop,10,8.0,,,171.0,385,30.0,380,56.0,378,XLB,3.0,11.0,167528043.04157025,0.03236882830555699
A1,2024-05-20,2024-05-22,ETRN,14.25,13.89,13.8761,-339.94,-1.038,2,stop,,,,,130.0,385,57.0,380,71.0,378,,,,69686120.1585,0.02901136674743355
A1,2024-05-20,2024-05-23,GNRC,146.8,144.61,144.4655,-200.48,-1.066,3,stop,36,35.0,5.0,9.0,178.0,385,86.0,380,156.0,378,XLK,8.0,11.0,158321045.73650002,0.033650895793537486
A1,2024-05-08,2024-05-24,TOST,25.21,24.83,26.0007,379.45,2.117,16,close<MA;partial,73,73.0,11.0,11.0,131.0,432,81.0,427,158.0,426,XLK,9.0,11.0,141973049.1615,0.040197137716918824
A1,2024-05-23,2024-05-24,ETRN,14.32,13.95,13.9261,-174.43,-1.056,1,stop,,,,,150.0,364,62.0,359,77.0,357,,,,65832683.6015,0.026322789686257637
A1,2024-05-23,2024-05-30,WDC,75.93,73.85,76.0311,8.32,0.051,7,partial;stop,35,15.0,2.0,7.0,169.0,364,57.0,359,69.0,357,XLK,6.0,11.0,455899063.3644999,0.03487111664036975
A1,2024-05-08,2024-06-03,DELL,129.83,126.0,140.253,865.13,2.722,26,close<MA;partial,35,21.0,5.0,11.0,170.0,432,24.0,427,35.0,426,XLK,9.0,11.0,702010042.8165,0.04005526299525768
A1,2024-06-03,2024-06-04,LNTH,83.0,81.84,81.7582,-185.47,-1.07,1,stop,28,27.0,2.0,6.0,56.0,333,52.0,328,175.0,326,XLV,9.0,11.0,66625606.07075,0.029575607180608116
A1,2024-05-08,2024-06-05,KGC,6.88,6.78,7.7722,1581.13,9.242,28,close<MA;partial,10,11.0,3.0,11.0,92.0,432,98.0,427,236.0,426,XLB,3.0,11.0,113078764.402,0.03356122781749128
A1,2024-05-13,2024-06-10,AA,38.24,37.58,40.8943,661.38,4.035,28,close<MA;partial,33,5.0,,,167.0,431,53.0,425,117.0,423,XLB,3.0,11.0,242604405.88449997,0.03797781379905262
A1,2024-06-10,2024-06-11,NTRA,112.16,109.5,109.3905,-302.1,-1.041,1,stop,80,5.0,,,48.0,338,52.0,333,27.0,331,XLV,9.0,11.0,118580617.2875,0.03110697565558959
A1,2024-06-10,2024-06-11,TMDX,144.37,138.41,138.2695,-329.38,-1.023,1,stop,38,17.0,5.0,6.0,93.0,338,12.0,333,33.0,331,XLV,9.0,11.0,100325946.441,0.04129187386204739
A1,2024-06-12,2024-06-13,TER,147.63,147.1,145.2946,-191.3,-4.423,1,stop,38,16.0,5.0,7.0,50.0,338,39.0,333,60.0,331,XLV,8.0,11.0,297780247.448,0.02793410834619766
A1,2024-06-12,2024-06-13,CROX,158.27,155.54,155.3845,-222.04,-1.057,1,stop,30,6.0,,,95.0,338,61.0,333,74.0,331,XLB,9.0,11.0,159510208.95049998,0.030643333915758585
A1,2024-06-12,2024-06-13,ELAN,18.73,18.27,17.8821,-553.68,-1.827,1,stop,28,24.0,2.0,7.0,94.0,338,87.0,333,81.0,331,XLV,8.0,11.0,71607030.6275,0.0247457260369331
A1,2024-06-12,2024-06-14,WDC,77.74,77.4,77.3226,-65.16,-1.229,2,stop,35,16.0,4.0,7.0,101.0,338,64.0,333,53.0,331,XLK,3.0,11.0,402145883.78499997,0.029082301345759613
A1,2024-06-13,2024-06-20,QCOM,217.65,213.01,218.97,44.97,0.285,7,partial;stop,36,35.0,3.0,7.0,54.0,349,53.0,344,64.0,343,XLK,2.0,11.0,2107945260.059,0.02808321027853563
A1,2024-06-13,2024-06-21,ANET,82.34,80.12,83.1713,59.78,0.374,8,partial;stop,35,17.0,4.0,7.0,181.0,349,118.0,344,101.0,343,XLK,2.0,11.0,673695745.639,0.026976027953659387
A1,2024-06-17,2024-06-21,FN,250.63,242.48,242.2384,-159.45,-1.03,4,stop,36,40.0,2.0,8.0,121.0,355,79.0,350,84.0,348,XLK,1.0,11.0,91794999.7615,0.03251581065825597
A1,2024-06-20,2024-06-21,PINS,44.8,43.7,43.658,-310.76,-1.04,1,stop,73,74.0,8.0,8.0,135.0,377,48.0,372,143.0,370,XLK,1.0,11.0,309809945.99649996,0.024618120273175954
A1,2024-06-18,2024-06-25,IP,46.39,45.28,46.5257,20.62,0.126,7,partial;stop,26,1.0,,,65.0,368,46.0,363,130.0,361,XLB,9.0,11.0,258010461.33449998,0.027455168490545013
A1,2024-06-10,2024-06-27,MU,134.26,129.97,136.0119,132.83,0.407,17,partial;stop,36,35.0,3.0,6.0,78.0,338,31.0,333,37.0,331,XLK,3.0,11.0,1981834345.2779999,0.031961762122489364
A1,2024-06-25,2024-07-01,SNAP,16.19,15.68,15.6692,-332.26,-1.031,6,stop,73,80.0,9.0,9.0,192.0,408,25.0,405,269.0,401,XLK,2.0,11.0,271115460.91699994,0.03114979992827497
A1,2024-07-08,2024-07-09,CRWD,395.03,383.7,383.3133,-328.2,-1.034,1,stop,73,61.0,6.0,7.0,22.0,361,58.0,358,51.0,352,XLK,1.0,11.0,2803220711.0,0.028700378834692526
A1,2024-07-08,2024-07-09,CAVA,97.74,93.89,93.7961,-327.24,-1.024,1,stop,58,7.0,,,117.0,361,24.0,358,13.0,352,XLY,3.0,11.0,258560046.25299996,0.04345847542694905
A1,2024-07-09,2024-07-10,VST,94.59,90.74,90.6493,-161.75,-1.024,1,stop,49,5.0,,,163.0,358,66.0,355,13.0,349,XLU,4.0,11.0,677096203.448,0.052971060876685946
A1,2024-06-17,2024-07-11,FTAI,88.73,85.36,96.7282,383.98,2.375,24,close<MA;partial,73,69.0,7.0,8.0,88.0,355,24.0,350,26.0,348,XLK,1.0,11.0,90409846.7795,0.03956412876148925
A1,2024-07-09,2024-07-11,AMAT,249.67,247.48,247.2325,-114.53,-1.113,2,stop,36,41.0,2.0,7.0,77.0,358,80.0,355,44.0,349,XLK,1.0,11.0,1217850556.808,0.026107627001178364
A1,2024-07-09,2024-07-11,KLAC,87.74,86.32,86.2327,-169.12,-1.061,2,stop,38,22.0,5.0,7.0,76.0,358,55.0,355,54.0,349,XLV,6.0,11.0,617361624.3339999,0.028484355217699743
A1,2024-07-10,2024-07-11,TTD,102.28,99.68,99.577,-165.02,-1.038,1,stop,73,59.0,6.0,7.0,124.0,357,81.0,354,70.0,348,XLK,1.0,11.0,316474779.75,0.025473973346458022
A1,2024-07-11,2024-07-12,MPWR,877.53,851.79,832.2469,-271.68,-1.759,1,stop,36,40.0,2.0,7.0,64.0,356,58.0,353,71.0,347,XLK,1.0,11.0,384387041.292,0.02932953022140929
A1,2024-07-12,2024-07-15,ELF,219.74,209.39,209.1806,-158.38,-1.02,3,stop,28,35.0,2.0,7.0,53.0,371,67.0,368,105.0,362,XLB,10.0,11.0,311330731.05700004,0.0492949586438538
A1,2024-07-03,2024-07-17,TER,152.38,148.84,154.3805,155.86,0.564,14,partial;stop,38,22.0,5.0,7.0,117.0,400,36.0,398,77.0,392,XLV,6.0,11.0,304182863.574,0.026095081091489735
A1,2024-07-05,2024-07-17,COHR,75.33,72.72,75.7262,49.32,0.154,12,partial;stop,38,22.0,5.0,7.0,127.0,379,58.0,377,34.0,371,XLV,7.0,11.0,132475366.37799999,0.034610966396738246
A1,2024-07-02,2024-07-24,AAPL,220.42,215.1,222.0059,85.63,0.298,22,partial;stop,35,22.0,3.0,7.0,64.0,426,43.0,423,172.0,418,XLK,1.0,11.0,18546491274.095,0.024696185657649455
A1,2024-07-12,2024-07-24,RBLX,40.03,39.49,40.2289,58.28,0.368,12,partial;stop,73,63.0,6.0,7.0,86.0,371,230.0,368,264.0,362,XLK,1.0,11.0,204284535.81750003,0.03115059342188564
A1,2024-07-23,2024-07-24,RCL,172.81,168.47,168.3008,-306.8,-1.039,1,stop,44,5.0,,,96.0,411,83.0,409,103.0,403,XLI,9.0,11.0,333340280.1685,0.02513305291471025
A1,2024-07-12,2024-07-25,TPL,266.75,261.71,263.0734,-114.07,-0.729,13,partial;stop,67,2.0,,,103.0,371,47.0,368,59.0,362,XLRE,5.0,11.0,218396949.41704497,0.028453607616769832
A1,2024-08-26,2024-08-27,EFX,304.18,301.05,300.1296,-154.06,-1.294,1,stop,73,88.0,9.0,15.0,113.0,544,60.0,541,212.0,535,XLK,8.0,11.0,242954618.77099997,0.02438528692835609
A1,2024-08-26,2024-08-27,OLLI,100.73,97.52,97.2926,-333.49,-1.071,1,stop,53,8.0,,,299.0,544,45.0,541,176.0,535,XLY,2.0,11.0,91812837.507,0.03213618519756027
A1,2024-08-22,2024-08-28,IRM,112.9,111.51,113.0511,15.27,0.106,6,partial;stop,67,13.0,2.0,16.0,98.0,601,28.0,599,40.0,593,XLRE,1.0,11.0,223744104.1835,0.02677209773224242
A1,2024-08-23,2024-08-30,TPL,285.17,278.07,286.1263,39.14,0.134,7,partial;stop,67,11.0,1.0,14.0,222.0,550,25.0,548,41.0,542,XLRE,1.0,11.0,75181866.2076,0.03174246363983789
A1,2024-08-21,2024-09-03,DHI,185.61,181.93,186.199,36.42,0.16,13,partial;stop,15,5.0,,,250.0,621,78.0,619,145.0,613,XLI,9.0,11.0,423573943.47349995,0.029229350960392957
A1,2024-08-28,2024-09-04,UTHR,353.85,351.14,350.7889,-100.97,-1.13,7,stop,28,35.0,1.0,11.0,209.0,511,46.0,508,48.0,502,XLV,2.0,11.0,177240063.2125,0.031084488799500383
A1,2024-08-23,2024-09-06,MMM,130.12,128.85,130.7103,53.12,0.465,14,partial;stop,38,37.0,9.0,14.0,29.0,550,45.0,548,32.0,542,XLV,2.0,11.0,722784773.953,0.02710496376504361
A1,2024-09-16,2024-09-19,SFM,104.51,103.34,103.2367,-143.11,-1.088,3,stop,54,1.0,,,133.0,366,31.0,363,30.0,357,XLP,3.0,11.0,121809196.705,0.025426898535198257
A1,2024-09-26,2024-09-27,VRNS,57.92,56.94,56.8831,-212.13,-1.058,1,stop,73,75.0,5.0,10.0,252.0,450,58.0,446,120.0,439,XLK,10.0,11.0,82947234.79550001,0.028432374921192743
A1,2024-09-26,2024-09-27,SHAK,108.12,104.69,104.5853,-325.01,-1.031,1,stop,58,6.0,,,274.0,450,118.0,446,212.0,439,XLY,5.0,11.0,78571227.7855,0.03294334282534013
A1,2024-09-27,2024-10-02,TOL,154.77,151.3,151.1487,-163.17,-1.044,5,stop,15,3.0,,,197.0,470,61.0,466,139.0,460,XLI,3.0,11.0,222921077.50599998,0.027376348974504795
A1,2024-09-26,2024-10-03,FND,121.36,117.94,117.8246,-328.91,-1.034,7,stop,52,2.0,,,139.0,450,159.0,446,273.0,439,XLY,5.0,11.0,112307156.813,0.02816987484059741
A1,2024-09-18,2024-10-04,TSLA,235.23,226.88,248.2391,481.15,1.556,16,close<MA;partial,37,8.0,,,139.0,377,78.0,375,77.0,367,XLY,7.0,11.0,16310069933.5475,0.04339760784546428
A1,2024-10-04,2024-10-07,TTD,113.17,111.85,111.7381,-147.8,-1.085,3,stop,73,65.0,7.0,12.0,147.0,446,164.0,442,95.0,439,XLK,11.0,11.0,282223901.6775,0.02621783481726788
A1,2024-10-04,2024-10-07,SFM,112.07,111.58,111.4684,-62.76,-1.227,3,stop,54,1.0,,,108.0,446,49.0,442,31.0,439,XLP,6.0,11.0,126100510.50899999,0.024581041023309713
A1,2024-10-04,2024-10-07,VFC,20.0,19.93,19.9101,-52.51,-1.285,3,stop,23,5.0,,,171.0,446,20.0,442,64.0,439,XLY,8.0,11.0,123044959.65249999,0.03569933454441303
A1,2024-10-04,2024-10-07,MHK,161.54,157.49,152.7871,-639.07,-2.163,3,stop,22,1.0,,,225.0,446,27.0,442,100.0,439,XLY,8.0,11.0,100727517.01449999,0.025048585230130593
A1,2024-09-13,2024-10-08,Z,58.35,56.82,62.3179,789.96,2.597,25,close<MA;partial,73,63.0,2.0,8.0,117.0,368,68.0,365,161.0,359,XLI,7.0,11.0,169627268.209,0.03444497232697298
A1,2024-10-08,2024-10-09,NTRA,132.14,128.63,128.5014,-316.74,-1.037,1,stop,80,7.0,,,158.0,427,133.0,424,78.0,419,XLV,8.0,11.0,145348717.21499997,0.03417517305423158
A1,2024-10-08,2024-10-15,ORCL,174.16,170.44,174.6621,32.88,0.134,7,partial;stop,73,60.0,5.0,8.0,91.0,427,119.0,424,72.0,419,XLK,11.0,11.0,2030415518.3294997,0.025030933006280502
A1,2024-10-08,2024-10-15,CAVA,131.95,127.7,132.5012,39.56,0.129,7,partial;stop,58,7.0,,,220.0,427,39.0,424,21.0,419,XLY,10.0,11.0,314406495.322,0.03225405033804392
A1,2024-10-10,2024-10-16,IOT,50.12,48.51,48.4584,-314.06,-1.03,6,stop,73,55.0,2.0,8.0,306.0,400,50.0,398,57.0,392,XLK,11.0,11.0,173746162.7925,0.03218627030956976
A1,2024-10-11,2024-10-18,DELL,127.13,123.5,127.5176,32.81,0.108,7,partial;stop,35,14.0,8.0,8.0,118.0,385,279.0,383,196.0,379,XLK,11.0,11.0,1383489527.7684999,0.02916876457656308
A1,2024-10-18,2024-10-21,LW,79.24,76.96,76.8835,-315.66,-1.034,3,stop,20,3.0,,,167.0,369,274.0,368,287.0,363,XLP,8.0,11.0,207629362.63700002,0.028756998614314928
A1,2024-10-15,2024-10-22,GEV,271.1,263.54,270.729,-14.87,-0.049,7,partial;stop,36,40.0,6.0,8.0,71.0,381,26.0,380,27.0,376,XLK,11.0,11.0,691646980.661,0.027871752595350813
A1,2024-10-17,2024-10-30,CAVA,135.71,133.2,136.1362,36.6,0.172,13,partial;stop,58,6.0,,,144.0,375,21.0,374,23.0,369,XLY,8.0,11.0,306461881.71599996,0.032263298257465385
A1,2024-10-23,2024-11-01,NU,15.02,14.58,15.153,94.28,0.307,9,partial;stop,61,12.0,2.0,8.0,209.0,336,129.0,335,102.0,330,XLF,3.0,11.0,345091341.08000004,0.029348750575672277
A1,2024-11-01,2024-11-04,CART,45.25,44.24,44.1958,-268.63,-1.044,3,stop,73,63.0,2.0,9.0,75.0,364,60.0,362,118.0,359,XLI,3.0,11.0,116616465.96100001,0.03170017698650819
A1,2024-11-01,2024-11-05,TOST,30.82,30.05,30.01,-302.18,-1.052,4,stop,73,63.0,2.0,9.0,98.0,364,113.0,362,102.0,359,XLK,5.0,11.0,139826053.7315,0.029720753762843742
A1,2024-11-05,2024-11-13,CART,45.8,44.51,45.3246,-113.07,-0.366,8,partial;stop,73,62.0,2.0,9.0,84.0,370,61.0,368,117.0,365,XLI,5.0,11.0,110825646.007,0.03031783352939286
A1,2024-11-06,2024-11-15,NVDA,144.56,141.96,145.5177,78.17,0.366,9,partial;stop,36,40.0,3.0,9.0,123.0,381,76.0,379,57.0,376,XLK,2.0,11.0,30931755933.1315,0.028117122399172235
A1,2024-11-14,2024-11-15,AAL,14.56,14.18,14.1608,-164.72,-1.036,1,stop,45,6.0,,,130.0,520,94.0,518,353.0,515,XLI,4.0,11.0,397631587.46750003,0.033601112696991
A1,2024-11-21,2024-11-22,NVDA,149.92,145.82,145.6695,-340.02,-1.036,1,stop,36,45.0,6.0,16.0,305.0,564,211.0,562,87.0,557,XLK,7.0,11.0,29311855900.0005,0.02737753314278647
A1,2024-11-26,2024-11-27,ALK,54.06,52.91,52.8521,-275.1,-1.046,1,stop,45,6.0,,,192.0,611,80.0,609,225.0,604,XLI,4.0,11.0,109821766.3595,0.027157884379242513
A1,2024-11-20,2024-12-02,OWL,23.71,23.18,23.1568,-282.0,-1.044,12,stop,62,7.0,,,330.0,561,97.0,558,184.0,554,XLF,2.0,11.0,157098163.0655,0.03002405755525721
A1,2024-11-21,2024-12-04,PWR,336.26,334.7,338.8378,92.95,1.659,13,partial;stop,17,4.0,,,243.0,564,170.0,562,206.0,557,XLI,4.0,11.0,303360224.418,0.02544286193230247
A1,2024-12-04,2024-12-05,ANET,108.1,105.02,103.3066,-522.54,-1.557,1,stop,35,22.0,8.0,15.0,344.0,563,202.0,560,162.0,555,XLK,3.0,11.0,1020699951.523,0.028479771398037666
A1,2024-12-05,2024-12-06,CCL,27.02,26.42,26.3936,-286.77,-1.044,1,stop,44,5.0,,,126.0,561,75.0,558,96.0,553,XLI,4.0,11.0,531822798.84849995,0.026419509911264655
A1,2024-11-06,2024-12-10,VRT,117.11,115.08,126.0298,901.2,4.402,34,close<MA;partial,36,40.0,3.0,9.0,168.0,381,30.0,379,148.0,376,XLK,2.0,11.0,722736567.0274999,0.035021287812355494
A1,2024-11-06,2024-12-11,CRWD,324.26,316.75,345.7489,773.46,2.859,35,close<MA;partial,73,62.0,2.0,9.0,144.0,381,93.0,379,227.0,376,XLK,2.0,11.0,1055231614.9654999,0.03241468086224837
A1,2024-12-11,2024-12-12,NFLX,93.62,92.31,92.2157,-184.03,-1.07,1,stop,78,2.0,,,92.0,490,149.0,488,132.0,484,XLC,2.0,11.0,2842845864.36,0.024282660051407785
A1,2024-12-02,2024-12-13,TTD,132.78,128.38,132.5173,-9.55,-0.06,11,partial;stop,73,96.0,3.0,15.0,330.0,564,192.0,561,157.0,556,XLK,6.0,11.0,587686781.7310001,0.03319137344898999
A1,2024-12-16,2024-12-18,CRWD,377.8,364.89,364.5251,-331.81,-1.028,2,stop,73,97.0,2.0,12.0,173.0,472,111.0,469,342.0,466,XLK,4.0,11.0,1410695200.3385,0.034849746498939654
A1,2024-10-14,2024-12-19,MRVL,76.09,74.55,101.1167,3778.88,16.24,66,close<MA;partial,36,40.0,6.0,8.0,302.0,382,213.0,381,197.0,377,XLK,11.0,11.0,715794353.1780001,0.03378305270742963
A1,2024-11-04,2024-12-20,MASI,146.96,143.87,166.9262,1557.62,6.469,46,close<MA;partial,38,18.0,3.0,10.0,118.0,369,87.0,367,197.0,364,XLV,11.0,11.0,91179044.186,0.027674552398041154
A1,2024-12-02,2025-01-03,LULU,334.91,323.93,375.4613,567.72,3.695,32,close<MA;partial,23,6.0,,,329.0,564,189.0,561,364.0,556,XLY,1.0,11.0,562566871.6014999,0.03277290376113294
A1,2025-01-22,2025-01-23,ALK,69.97,68.14,68.0734,-331.88,-1.037,1,stop,45,5.0,,,123.0,473,62.0,471,54.0,469,XLI,6.0,11.0,185693037.155,0.026130374497657444
A1,2025-01-22,2025-01-23,PCOR,79.79,78.68,78.3815,-216.22,-1.268,1,stop,73,82.0,1.0,12.0,302.0,473,127.0,471,227.0,469,XLK,5.0,11.0,94176001.9255,0.026994177894889587
A1,2025-01-24,2025-01-27,CHWY,38.71,38.4,37.982,-230.36,-2.354,3,stop,59,9.0,,,88.0,415,81.0,414,90.0,411,XLY,1.0,11.0,189548523.192,0.033606376336721554
A1,2025-01-24,2025-01-27,PCOR,79.8,77.79,76.3136,-536.86,-1.737,3,stop,73,74.0,2.0,9.0,272.0,415,136.0,414,211.0,411,XLK,4.0,11.0,81732596.1835,0.025148500164431327
A1,2025-01-29,2025-01-31,DECK,219.14,216.35,195.9039,-1277.93,-8.331,2,stop,30,5.0,,,253.0,515,74.0,514,127.0,511,XLB,9.0,11.0,330365980.77849996,0.02624532162021359
A1,2025-01-30,2025-01-31,ROKU,85.0,82.8,82.7172,-171.58,-1.038,1,stop,48,6.0,,,242.0,527,251.0,526,141.0,522,XLC,2.0,11.0,212904570.57799998,0.04414305593821145
A1,2025-01-21,2025-02-03,WSM,206.13,205.92,205.6872,-25.45,-2.13,13,partial;stop,57,4.0,,,148.0,534,79.0,532,146.0,529,XLY,1.0,11.0,339177839.2375,0.029115721961050684
A1,2025-01-24,2025-02-14,TWLO,137.68,133.59,136.2586,-113.51,-0.347,21,partial;stop,73,74.0,2.0,9.0,226.0,415,54.0,414,50.0,411,XLK,4.0,11.0,217247380.47550002,0.02966309263378456
A1,2025-02-13,2025-02-14,SNOW,191.11,185.2,185.0107,-164.7,-1.031,1,stop,73,102.0,1.0,15.0,110.0,597,39.0,597,124.0,590,XLK,6.0,11.0,915743734.2275,0.03289175085978037
A1,2025-01-29,2025-02-19,AXON,640.64,632.14,643.4696,53.76,0.333,21,partial;stop,34,3.0,,,311.0,515,68.0,514,34.0,511,XLI,5.0,11.0,334257522.07449996,0.03119803858028445
A1,2025-02-18,2025-02-19,BA,188.67,184.22,184.0358,-166.78,-1.041,1,stop,37,23.0,7.0,15.0,145.0,608,82.0,608,327.0,602,XLI,10.0,11.0,1371106603.342,0.030588090565697355
A1,2025-02-18,2025-02-19,SNOW,193.79,189.09,188.9009,-166.35,-1.04,1,stop,73,105.0,1.0,15.0,119.0,608,45.0,608,134.0,602,XLK,4.0,11.0,929797405.107,0.03395253879569608
A1,2025-02-19,2025-02-20,ALK,76.53,74.75,74.6753,-286.94,-1.042,1,stop,45,6.0,,,150.0,630,50.0,630,50.0,625,XLI,9.0,11.0,206772903.3685,0.035236454740493
A1,2025-01-21,2025-02-24,IBKR,48.4,47.66,54.367,1491.54,8.108,34,close<MA;partial,62,13.0,7.0,12.0,138.0,534,92.0,532,87.0,529,XLF,3.0,11.0,196731394.545,0.026560047879975672
A1,2025-05-20,2025-05-21,ULTA,422.13,411.74,407.2124,-402.82,-1.436,1,stop,59,10.0,13.0,18.0,347.0,690,109.0,686,212.0,684,XLY,8.0,11.0,253365649.06149998,0.024610034357760956
A1,2025-05-20,2025-05-23,DLTR,90.19,87.75,87.6651,-323.19,-1.036,3,stop,53,9.0,,,438.0,690,69.0,686,73.0,684,XLY,8.0,11.0,315476023.6685,0.027022892634188833
A1,2025-06-04,2025-06-10,MNDY,308.3,299.4,308.1594,-4.71,-0.016,6,partial;stop,73,91.0,6.0,12.0,211.0,544,202.0,542,166.0,536,XLK,2.0,11.0,196165937.02775002,0.03753595715649928
A1,2025-06-09,2025-06-10,UAL,85.21,83.43,83.1767,-276.54,-1.142,1,stop,45,6.0,,,217.0,500,279.0,498,276.0,493,XLI,2.0,11.0,588785723.3595,0.04141643780407264
A1,2025-06-09,2025-06-10,CPNG,28.91,28.43,28.2917,-248.11,-1.302,1,stop,59,8.0,,,289.0,500,120.0,498,109.0,493,XLY,6.0,11.0,317701998.29249996,0.024180002027283203
A1,2025-06-11,2025-06-12,SHOP,112.49,111.29,111.1787,-135.31,-1.093,1,stop,73,85.0,6.0,10.0,100.0,480,187.0,478,207.0,474,XLK,1.0,11.0,1451729618.2389998,0.03152253170659544
A1,2025-06-11,2025-06-12,MPC,165.87,162.56,162.3974,-159.54,-1.049,1,stop,29,3.0,,,256.0,480,172.0,478,142.0,474,XLE,10.0,11.0,372922650.149,0.02555486565551991
A1,2025-06-12,2025-06-13,NVDA,145.14,141.85,141.7081,-158.1,-1.043,1,stop,36,35.0,5.0,10.0,94.0,473,136.0,471,169.0,467,XLK,1.0,11.0,30372521359.738503,0.025999255636867342
A1,2025-06-16,2025-06-17,DASH,221.1,219.63,219.4104,-87.91,-1.149,1,stop,73,85.0,6.0,11.0,107.0,484,150.0,479,84.0,475,XLI,2.0,11.0,861092456.433,0.029832145978971415
A1,2025-06-16,2025-06-18,NVDA,145.14,143.2,143.0569,-162.87,-1.074,2,stop,36,36.0,5.0,11.0,183.0,484,161.0,479,153.0,475,XLK,1.0,11.0,29402628225.066505,0.02529630751503652
A1,2025-06-16,2025-06-18,SPOT,718.59,709.15,708.4408,-162.35,-1.075,2,stop,48,8.0,,,104.0,484,127.0,479,36.0,475,XLC,4.0,11.0,1186342187.8595,0.03083308008942126
A1,2025-06-16,2025-06-18,AMAT,175.97,172.79,172.6173,-160.73,-1.054,2,stop,36,36.0,5.0,11.0,290.0,484,210.0,479,168.0,475,XLK,1.0,11.0,1177651056.1225,0.024966429764117316
A1,2025-06-17,2025-06-20,CRWD,491.69,475.61,475.1391,-148.97,-1.03,3,stop,73,86.0,6.0,11.0,137.0,497,96.0,492,74.0,488,XLK,1.0,11.0,1960085695.8205001,0.0326963626060944
A1,2025-06-16,2025-06-23,DLTR,97.55,95.69,97.626,6.44,0.042,7,partial;stop,53,9.0,,,113.0,484,49.0,479,72.0,475,XLY,3.0,11.0,432989719.513,0.028961955868893045
A1,2025-06-18,2025-06-23,SMCI,44.87,42.79,42.7472,-154.95,-1.021,5,stop,35,21.0,8.0,12.0,359.0,503,194.0,497,133.0,494,XLK,1.0,11.0,1430892753.715,0.04741556088320367
A1,2025-06-20,2025-06-23,NVDA,146.32,142.72,142.3575,-166.47,-1.101,3,stop,36,40.0,5.0,11.0,161.0,506,122.0,501,161.0,498,XLK,1.0,11.0,28976424337.510998,0.024596844048273857
A1,2025-06-24,2025-06-26,SNOW,219.7,219.25,219.0308,-35.03,-1.482,2,stop,73,93.0,8.0,12.0,89.0,519,86.0,514,100.0,511,XLK,1.0,11.0,1022951756.5585,0.026535525694049718
A1,2025-06-27,2025-06-30,DLTR,100.84,98.63,98.5314,-163.61,-1.045,3,stop,53,8.0,,,169.0,539,77.0,534,90.0,531,XLY,4.0,11.0,472735905.9455,0.029085234274415873
A1,2025-06-24,2025-07-01,AVGO,265.7,258.77,267.452,75.53,0.254,7,partial;stop,36,39.0,5.0,12.0,173.0,519,96.0,514,181.0,511,XLK,1.0,11.0,6430966884.2515,0.02892242963743799
A1,2025-07-01,2025-07-02,CRWD,510.53,494.43,490.509,-380.4,-1.244,1,stop,73,99.0,7.0,13.0,184.0,551,112.0,547,87.0,544,XLK,1.0,11.0,2047625563.9889998,0.03152978557766313
A1,2025-07-03,2025-07-07,CRWD,517.14,500.15,499.6497,-314.76,-1.029,4,stop,73,100.0,6.0,13.0,391.0,584,137.0,580,84.0,577,XLK,1.0,11.0,1930677015.881,0.03284746312129881
A1,2025-07-03,2025-07-07,MCHP,73.9,72.94,72.8671,-167.96,-1.076,4,stop,36,44.0,2.0,13.0,104.0,584,90.0,580,141.0,577,XLK,1.0,11.0,633611800.053,0.029940423738407905
A1,2025-06-24,2025-07-10,NU,12.79,12.53,13.0138,198.25,0.841,16,partial;stop,61,18.0,1.0,12.0,304.0,519,257.0,514,183.0,511,XLF,6.0,11.0,688801227.227,0.03259122008519239
A1,2025-07-09,2025-07-10,AVGO,277.98,272.72,272.4473,-166.06,-1.052,1,stop,36,46.0,2.0,15.0,363.0,592,74.0,586,197.0,583,XLK,1.0,11.0,6028818205.1565,0.02712329671658289
A1,2025-07-15,2025-07-16,AVGO,281.46,277.85,277.5722,-163.34,-1.077,1,stop,36,46.0,2.0,13.0,217.0,600,119.0,593,169.0,590,XLK,1.0,11.0,5721597019.7575,0.026012482425467866
A1,2025-07-09,2025-07-22,MSTR,415.01,400.17,420.6346,56.2,0.379,13,partial;stop,61,19.0,1.0,15.0,291.0,592,250.0,586,115.0,583,XLF,5.0,11.0,4232240443.4735003,0.03576170360224477
A1,2025-07-11,2025-07-22,GEV,546.18,534.67,550.9751,100.79,0.417,11,partial;stop,36,45.0,2.0,13.0,181.0,607,85.0,601,74.0,598,XLK,1.0,11.0,1575286505.8295,0.03546698749695229
A1,2025-07-17,2025-07-22,AVGO,283.64,279.91,279.6301,-168.56,-1.075,5,stop,36,47.0,2.0,12.0,178.0,593,113.0,586,163.0,582,XLK,1.0,11.0,5691044782.242499,0.025803290969503418
A1,2025-07-17,2025-07-22,KLAC,94.33,92.06,91.9689,-299.63,-1.041,5,stop,38,26.0,11.0,12.0,262.0,593,187.0,586,122.0,582,XLV,11.0,11.0,904730399.617,0.024035499851019264
A1,2025-06-24,2025-07-23,AMAT,178.5,175.0,186.2311,494.9,2.207,29,close<MA;partial,36,39.0,5.0,12.0,240.0,519,202.0,514,203.0,511,XLK,1.0,11.0,1211757733.0305,0.025913828506578786
A1,2025-07-25,2025-07-29,DASH,248.99,243.36,243.1166,-275.99,-1.043,4,stop,73,95.0,8.0,16.0,362.0,603,218.0,597,84.0,593,XLI,2.0,11.0,859679011.659,0.02622691429883662
A1,2025-07-28,2025-07-30,NKE,79.08,77.56,77.4824,-241.08,-1.051,2,stop,30,8.0,,,78.0,597,226.0,591,263.0,587,XLB,5.0,11.0,1491594544.4265,0.025742209704474973
A1,2025-07-24,2025-07-31,AVGO,290.83,283.5,292.0795,51.21,0.17,7,partial;stop,36,47.0,2.0,13.0,238.0,594,106.0,588,150.0,584,XLK,1.0,11.0,5062098469.539,0.02643623280620721
A1,2025-07-30,2025-07-31,MRVL,83.19,80.57,80.4894,-329.85,-1.031,1,stop,36,47.0,2.0,14.0,425.0,593,204.0,588,513.0,584,XLK,1.0,11.0,1167767925.414,0.03253009330920313
A1,2025-07-08,2025-08-01,BA,219.22,214.72,221.9592,95.91,0.609,24,close<MA;partial,37,18.0,5.0,14.0,366.0,577,154.0,573,169.0,570,XLI,2.0,11.0,1856848519.0724998,0.025177074697576074
A1,2025-07-31,2025-08-01,ORCL,256.02,253.32,247.5822,-388.18,-3.122,1,stop,73,94.0,7.0,12.0,112.0,554,55.0,548,60.0,544,XLK,1.0,11.0,2829270254.8165,0.026227499476597665
A1,2025-06-17,2025-08-04,DELL,117.09,113.51,126.6489,401.6,2.672,48,close<MA;partial,35,22.0,7.0,11.0,255.0,497,176.0,492,218.0,488,XLK,1.0,11.0,738654313.77,0.030560955728184135
A1,2025-06-24,2025-08-04,CCL,25.1,24.95,28.9072,1757.39,26.278,41,close<MA;partial,44,6.0,,,189.0,519,191.0,514,263.0,511,XLI,2.0,11.0,542116580.7635,0.02749065187527087
A1,2025-08-04,2025-08-11,DASH,253.12,248.78,256.7725,167.89,0.84,7,partial;stop,73,98.0,8.0,16.0,191.0,615,199.0,610,96.0,605,XLI,2.0,11.0,690812111.1559999,0.025082436411180364
A1,2025-08-08,2025-08-13,APH,110.49,108.5,108.3915,-226.68,-1.055,5,stop,36,53.0,2.0,16.0,136.0,666,169.0,661,57.0,655,XLK,1.0,11.0,972380346.3025,0.02646284940966333
A1,2025-08-12,2025-08-15,AVGO,310.65,304.67,304.3603,-239.02,-1.051,3,stop,36,53.0,2.0,16.0,140.0,681,111.0,676,108.0,670,XLK,1.0,11.0,4956482975.415,0.02857425735881707
A1,2025-08-08,2025-08-20,DELL,136.28,134.0,133.866,-209.68,-1.059,12,stop,35,30.0,5.0,16.0,203.0,666,152.0,661,130.0,655,XLK,1.0,11.0,629598627.79,0.028635896772023373
A1,2025-06-27,2025-08-21,SNPS,512.51,500.01,583.4834,851.66,5.677,55,close<MA;partial,73,98.0,8.0,13.0,423.0,539,250.0,534,261.0,531,XLK,1.0,11.0,667155184.4295,0.028682495586873736
A1,2025-08-26,2025-09-02,DKNG,47.45,46.78,46.7382,-180.13,-1.071,7,stop,79,5.0,,,260.0,682,156.0,677,341.0,673,XLY,3.0,11.0,461362343.5,0.03483817917678027
A1,2025-08-05,2025-09-10,BLD,394.39,390.25,419.4981,753.12,6.058,36,close<MA;partial,17,5.0,,,114.0,614,187.0,609,184.0,604,XLI,2.0,11.0,168441304.44349998,0.031439124169388474
A1,2025-09-11,2025-09-12,UAL,109.8,106.69,106.5847,-350.44,-1.034,1,stop,45,6.0,,,110.0,554,151.0,551,201.0,545,XLI,4.0,11.0,476942943.24549997,0.02830917255424213
A1,2025-09-03,2025-09-15,DHI,171.87,169.41,174.1273,160.15,0.916,12,partial;stop,15,6.0,,,187.0,594,95.0,589,192.0,585,XLI,5.0,11.0,607635837.671,0.026729235675425966
A1,2025-09-12,2025-09-25,TPR,107.63,105.56,108.9814,158.41,0.655,13,partial;stop,31,1.0,,,439.0,540,147.0,537,179.0,531,XLY,3.0,11.0,482263769.3935,0.02975829630128341
A1,2025-09-15,2025-09-25,TLN,410.41,400.05,410.6554,7.61,0.024,10,partial;stop,49,11.0,9.0,12.0,219.0,535,94.0,532,79.0,525,XLU,6.0,11.0,449735372.5915,0.03252924472404768
A1,2025-09-29,2025-09-30,RBLX,140.85,137.69,137.5573,-309.58,-1.044,1,stop,73,100.0,11.0,15.0,207.0,638,184.0,636,74.0,629,XLK,1.0,11.0,934886603.4925001,0.037560426387011875
A1,2025-08-22,2025-10-06,WYNN,113.36,111.4,124.6028,1168.91,5.725,45,close<MA;partial,70,6.0,,,215.0,659,222.0,654,198.0,649,XLY,3.0,11.0,212022439.89949998,0.02548705104914472
A1,2025-10-03,2025-10-06,TPR,117.12,114.85,114.7351,-273.91,-1.051,3,stop,31,1.0,,,252.0,675,184.0,673,215.0,667,XLY,2.0,11.0,369824679.112,0.029306536824766926
A1,2025-08-21,2025-10-10,STX,159.14,153.69,206.807,2717.08,8.753,50,close<MA;partial,35,27.0,6.0,14.0,164.0,676,63.0,671,63.0,666,XLK,1.0,11.0,534168223.742,0.03422017278067967
A1,2025-10-03,2025-10-10,UNH,362.67,356.61,364.7026,75.12,0.335,7,partial;stop,63,10.0,12.0,15.0,194.0,675,287.0,673,645.0,667,XLF,8.0,11.0,4523317146.252,0.027851824673774606
A1,2025-10-03,2025-10-10,MPWR,941.38,916.8,947.3856,84.07,0.244,7,partial;stop,36,61.0,1.0,15.0,220.0,675,222.0,673,210.0,667,XLK,1.0,11.0,431937965.4585,0.02779508738715713
A1,2025-10-10,2025-10-13,GLW,87.84,85.68,85.0249,-419.12,-1.306,3,stop,33,7.0,,,174.0,672,80.0,669,144.0,662,XLB,10.0,11.0,687569114.9775001,0.02451926300682427
A1,2025-06-16,2025-10-15,WDC,57.51,56.27,102.5242,5536.44,36.083,121,close<MA;partial,35,21.0,7.0,11.0,94.0,484,118.0,479,314.0,475,XLK,1.0,11.0,326801765.0135,0.02708856611217697
A1,2025-10-15,2025-10-17,AEM,173.67,172.29,172.1177,-118.24,-1.125,2,stop,10,26.0,2.0,16.0,197.0,752,142.0,747,320.0,740,XLB,9.0,11.0,536993100.861,0.028024172723322017
A1,2025-08-21,2025-10-22,NEM,70.36,68.9,80.2649,1654.06,6.783,62,close<MA;partial,10,21.0,2.0,14.0,125.0,676,124.0,671,84.0,666,XLB,6.0,11.0,668018223.8050001,0.02561477331001281
A1,2025-10-13,2025-10-22,ALNY,467.89,455.98,470.8567,83.14,0.249,9,partial;stop,28,61.0,7.0,15.0,360.0,718,116.0,714,146.0,707,XLV,4.0,11.0,471795833.9200001,0.025449581917347995
A1,2025-10-24,2025-10-28,NVT,102.86,102.14,102.0329,-104.57,-1.14,4,stop,35,37.0,6.0,14.0,328.0,748,193.0,743,163.0,738,XLI,7.0,11.0,191412049.647,0.03127980331084773
A1,2025-10-27,2025-10-28,AMAT,233.23,231.13,229.4503,-211.83,-1.799,1,stop,36,73.0,1.0,14.0,178.0,756,249.0,750,261.0,745,XLK,1.0,11.0,1831818924.31,0.03592436639137007
A1,2025-10-24,2025-10-29,MDB,338.29,333.54,333.2065,-193.1,-1.07,5,stop,73,106.0,8.0,14.0,300.0,748,147.0,743,151.0,738,XLK,1.0,11.0,484029700.91400003,0.036062467151295886
A1,2025-10-29,2025-10-31,AMAT,236.03,232.0,231.768,-183.08,-1.058,2,stop,36,72.0,1.0,16.0,200.0,761,255.0,754,250.0,749,XLK,1.0,11.0,1769480259.6334999,0.03458842615319715
A1,2025-10-29,2025-11-04,CAT,558.74,558.0,557.442,-29.81,-1.756,6,stop,35,39.0,8.0,16.0,198.0,761,248.0,754,202.0,749,XLI,6.0,11.0,1563504138.4395,0.025550738707471904
A1,2025-10-30,2025-11-04,PSTG,97.73,96.17,93.2716,-503.53,-2.861,5,stop,35,41.0,7.0,16.0,135.0,778,96.0,771,125.0,766,XLK,1.0,11.0,231045813.5995,0.03726495159131361
A1,2025-11-03,2025-11-04,TSLA,467.47,453.8,453.3462,-169.45,-1.033,1,stop,37,26.0,9.0,16.0,273.0,816,129.0,808,219.0,803,XLY,2.0,11.0,36678700946.4635,0.03973253701495976
A1,2025-11-03,2025-11-04,DELL,168.11,161.47,155.3145,-332.63,-1.928,1,stop,35,44.0,7.0,16.0,170.0,816,230.0,808,188.0,803,XLK,1.0,11.0,1212314240.0119998,0.039468336992288605
A1,2025-11-03,2025-11-04,NU,16.37,15.96,15.7842,-256.15,-1.45,1,stop,61,27.0,3.0,16.0,245.0,816,178.0,808,349.0,803,XLF,8.0,11.0,548976897.6415,0.029028480314425613
A1,2025-10-24,2025-11-07,SNOW,257.03,252.7,258.3433,65.83,0.304,14,partial;stop,73,106.0,8.0,14.0,138.0,748,268.0,743,232.0,738,XLK,1.0,11.0,1063846730.8635,0.03508945101901413
A1,2025-11-11,2025-11-12,NU,16.52,16.05,16.034,-359.5,-1.034,1,stop,61,25.0,3.0,20.0,307.0,891,175.0,885,355.0,877,XLF,8.0,11.0,478548167.62049997,0.029978511319733066
A1,2025-11-06,2025-11-13,VLO,176.39,172.03,177.0468,25.57,0.15,7,partial;stop,29,4.0,,,269.0,858,191.0,852,259.0,846,XLE,5.0,11.0,349125436.8395,0.028630989792298066
A1,2025-11-10,2025-11-13,CRWD,556.37,544.25,540.449,-366.09,-1.314,3,stop,73,128.0,16.0,21.0,226.0,879,209.0,873,325.0,865,XLK,2.0,11.0,1174350916.208,0.029215566217483852
A1,2025-10-30,2025-11-14,MDB,347.21,336.95,344.3624,-48.36,-0.277,15,partial;stop,73,112.0,12.0,16.0,220.0,778,154.0,771,150.0,766,XLK,1.0,11.0,421530804.5315,0.03497428025278801
A1,2025-10-23,2025-11-18,M,18.75,18.52,19.1651,289.41,1.821,26,close<MA;partial,53,8.0,,,170.0,740,98.0,734,197.0,729,XLY,4.0,11.0,144056837.6815,0.032770555287484286
A1,2025-11-14,2025-11-18,VLO,183.17,177.83,177.5323,-361.0,-1.057,4,stop,29,5.0,,,155.0,839,155.0,837,277.0,828,XLE,3.0,11.0,375903796.99,0.029142684289743433
A1,2025-11-26,2025-12-01,CRNX,45.2,44.5,44.4555,-209.99,-1.064,5,stop,,,,,363.0,913,78.0,909,194.0,902,,,,66795319.9265,0.046400256574018875
A1,2025-12-01,2025-12-02,LVS,69.35,69.07,69.0009,-63.75,-1.247,1,stop,70,9.0,,,109.0,840,232.0,836,155.0,829,XLY,5.0,11.0,348288662.00049996,0.027593306096506946
A1,2025-12-02,2025-12-03,CAT,584.57,569.06,568.4909,-160.83,-1.037,1,stop,35,41.0,6.0,21.0,494.0,820,115.0,815,149.0,808,XLI,7.0,11.0,1394042327.6265,0.028372566197574556
A1,2025-11-05,2025-12-04,PTCT,70.07,67.74,74.6142,336.27,1.953,29,close<MA;partial,28,62.0,5.0,17.0,195.0,835,157.0,827,140.0,822,XLV,2.0,11.0,65045231.34449999,0.03319954224612604
A1,2025-12-03,2025-12-04,CRL,181.13,180.0,179.82,-90.46,-1.159,1,stop,87,8.0,,,465.0,797,339.0,792,303.0,785,XLV,1.0,11.0,189371040.331,0.0356606778684702
A1,2025-12-03,2025-12-04,STLD,169.66,167.19,167.0228,-179.37,-1.068,1,stop,33,8.0,,,231.0,797,145.0,792,329.0,785,XLB,11.0,11.0,176925179.27949998,0.028208249274828033
A1,2025-12-04,2025-12-08,EXE,123.3,121.61,121.4884,-185.11,-1.072,4,stop,13,18.0,7.0,20.0,163.0,794,159.0,788,499.0,781,XLE,4.0,11.0,376697383.0085,0.03167504855504671
A1,2025-12-05,2025-12-09,KLAC,122.81,121.23,121.1108,-172.88,-1.077,4,stop,38,38.0,7.0,20.0,458.0,781,130.0,775,180.0,770,XLV,1.0,11.0,1207652670.3095,0.033301886250390954
A1,2025-12-10,2025-12-11,KLAC,124.36,122.08,121.9578,-175.67,-1.053,1,stop,38,36.0,6.0,18.0,394.0,742,127.0,736,195.0,730,XLV,2.0,11.0,1150185049.9385,0.031908029482777094
A1,2025-12-10,2025-12-12,FLS,73.29,72.04,71.9643,-178.08,-1.057,2,stop,35,40.0,9.0,18.0,329.0,742,138.0,736,158.0,730,XLI,6.0,11.0,101322626.3905,0.028229183350400873
A1,2025-12-04,2025-12-15,CAT,593.83,587.0,597.1918,70.53,0.492,11,partial;stop,35,40.0,8.0,20.0,347.0,794,98.0,788,130.0,781,XLI,5.0,11.0,1385595102.5935,0.02962248827097235
A1,2025-12-10,2025-12-15,DD,41.27,40.57,40.5294,-178.03,-1.058,5,stop,28,64.0,1.0,18.0,414.0,742,145.0,736,215.0,730,XLB,11.0,11.0,206614693.732,0.0240730474783547
A1,2025-12-09,2025-12-31,ILMN,132.28,128.19,132.9785,27.85,0.17,22,partial;stop,38,37.0,7.0,18.0,350.0,752,136.0,746,171.0,741,XLV,2.0,11.0,193674536.301,0.03094503288293135
A1,2025-12-03,2026-01-02,EXPD,148.53,145.57,149.4554,51.91,0.313,30,close<MA;partial,47,4.0,,,64.0,797,192.0,792,276.0,785,XLI,5.0,11.0,245155566.97550002,0.025558989034813108
A1,2025-12-22,2026-01-02,RVMD,81.57,78.75,78.6706,-344.79,-1.028,11,stop,28,63.0,1.0,14.0,262.0,736,20.0,733,74.0,727,XLV,1.0,11.0,195023383.56,0.03455571550097307
A1,2025-12-10,2026-01-06,TWLO,132.57,129.22,135.2618,134.47,0.802,27,close<MA;partial,73,112.0,15.0,18.0,427.0,742,162.0,736,432.0,730,XLK,1.0,11.0,242578986.75500003,0.03628811927612124
A1,2026-01-06,2026-01-07,B,46.5,46.0,45.954,-150.8,-1.093,1,stop,10,25.0,1.0,11.0,97.0,563,71.0,561,50.0,555,XLB,4.0,11.0,498427624.86,0.030393313578489185
A1,2026-01-06,2026-01-08,STX,309.24,295.41,295.1113,-339.06,-1.021,2,stop,35,26.0,6.0,11.0,110.0,563,180.0,561,68.0,555,XLK,6.0,11.0,1156004932.5844998,0.04472999310577068
A1,2026-01-06,2026-01-09,RDDT,250.25,242.15,241.9095,-350.3,-1.03,3,stop,73,86.0,11.0,11.0,125.0,563,153.0,561,130.0,555,XLK,6.0,11.0,915289906.9335,0.04479519066506533
A1,2026-01-12,2026-01-14,PAAS,56.13,55.46,55.4045,-165.23,-1.083,2,stop,10,25.0,1.0,14.0,174.0,633,70.0,631,102.0,624,XLB,2.0,11.0,326831004.9595,0.03951309169470481
A1,2026-01-06,2026-01-30,DG,139.97,139.01,141.9962,184.4,2.111,24,close<MA;partial,53,9.0,,,33.0,563,57.0,561,260.0,555,XLY,8.0,11.0,545977769.949,0.031177557325415474
A1,2025-12-10,2026-02-02,ATI,102.77,99.46,117.3617,729.45,4.406,54,close<MA;partial,33,8.0,,,419.0,742,137.0,736,328.0,730,XLB,11.0,11.0,118352529.56899998,0.032215562848881725
A1,2026-02-03,2026-02-04,EL,120.39,116.92,115.884,-220.81,-1.297,1,stop,28,66.0,4.0,21.0,233.0,929,217.0,927,288.0,921,XLB,1.0,11.0,398529189.7145,0.028853081427350786
A1,2026-01-05,2026-02-05,AMAT,276.4,276.12,300.1716,1069.9,86.106,31,close<MA;partial,36,55.0,2.0,11.0,296.0,531,122.0,529,156.0,522,XLK,6.0,11.0,1597190019.4015,0.024898865996263442
A1,2026-02-03,2026-02-06,KNX,59.95,59.01,58.8211,-204.31,-1.201,3,stop,42,6.0,,,240.0,929,109.0,927,222.0,921,XLI,4.0,11.0,209864957.871,0.033215341611297085
A1,2026-01-06,2026-02-10,MCHP,70.63,70.56,74.6742,731.9,57.308,35,close<MA;partial,36,55.0,3.0,11.0,223.0,563,306.0,561,385.0,555,XLK,6.0,11.0,503499915.96599996,0.027117957699739043
A1,2026-04-10,2026-04-13,MSGS,332.46,328.97,328.643,-145.13,-1.094,3,stop,79,7.0,,,418.0,950,187.0,946,151.0,942,XLY,10.0,11.0,75609504.63976331,0.027903011924313277
A1,2026-04-09,2026-04-15,JCI,140.78,138.59,138.4515,-207.29,-1.063,6,stop,35,50.0,6.0,22.0,332.0,949,201.0,944,260.0,940,XLI,5.0,11.0,477025528.5914195,0.02734540953425151
A1,2026-04-13,2026-04-15,PWR,593.17,582.25,581.6677,-241.6,-1.053,2,stop,17,5.0,,,389.0,921,102.0,915,215.0,911,XLI,4.0,11.0,628343831.524133,0.03440194530933314
A1,2026-04-13,2026-04-17,KGS,61.54,60.8,61.0889,-93.69,-0.61,4,partial;stop,,,,,249.0,921,41.0,915,80.0,911,,,,65020581.446431555,0.029900115757654645
A1,2026-04-13,2026-04-20,XENE,59.49,57.64,59.4535,-7.49,-0.022,7,partial;stop,,,,,544.0,921,101.0,915,133.0,911,,,,76428322.8825535,0.03529720039123292
A1,2026-04-17,2026-04-20,ROIV,29.72,29.0,28.971,-176.69,-1.04,3,stop,28,69.0,6.0,20.0,532.0,944,189.0,939,79.0,934,XLV,11.0,11.0,147054620.58019996,0.03196036208206632
A1,2026-04-21,2026-04-22,STNG,78.37,75.13,75.0509,-172.51,-1.023,1,stop,44,9.0,,,414.0,918,143.0,912,223.0,906,XLI,6.0,11.0,89237442.35263322,0.04137238086498886
A1,2026-04-10,2026-04-24,VSNT,38.94,38.49,39.2164,90.2,0.625,14,partial;stop,,,,,313.0,950,265.0,946,,942,,,,86687620.71615906,0.032678907015079285
A1,2026-04-20,2026-04-24,CZR,28.07,27.22,27.7922,-55.45,-0.325,4,partial;stop,70,7.0,,,740.0,948,371.0,942,338.0,936,XLY,9.0,11.0,107694600.05866198,0.030219364339170985
A1,2026-04-16,2026-04-27,ULS,91.1,88.0,89.6203,-79.96,-0.477,11,partial;stop,,,,,448.0,945,295.0,939,293.0,935,,,,79976936.6960409,0.03411439919299106
A1,2026-04-30,2026-05-01,IMO,133.5,130.07,127.1927,-612.14,-1.836,1,stop,,,,,662.0,911,163.0,905,177.0,899,,,,68268220.70035638,0.025741964766171643
A1,2026-05-01,2026-05-04,TIGO,85.2,83.78,83.4265,-215.77,-1.25,3,stop,48,18.0,11.0,20.0,296.0,937,130.0,932,92.0,926,XLC,10.0,11.0,103851784.08621287,0.03404631005570742
A1,2026-05-04,2026-05-05,EBAY,109.25,108.48,107.3925,-220.94,-2.425,1,stop,73,131.0,14.0,19.0,329.0,931,299.0,925,474.0,919,XLI,5.0,11.0,574582120.0627916,0.03460867474369319
A1,2026-05-01,2026-05-06,CE,68.84,67.08,63.4015,-532.85,-3.091,5,stop,28,68.0,4.0,20.0,573.0,937,71.0,932,115.0,926,XLB,6.0,11.0,136905078.15637487,0.04225961380976426
A1,2026-04-29,2026-05-07,CVE,27.91,27.81,28.3742,210.31,4.764,8,partial;stop,13,29.0,2.0,19.0,648.0,925,90.0,919,104.0,913,XLE,1.0,11.0,241691441.13044935,0.02762006795794686
A1,2026-05-01,2026-05-07,GSAT,82.63,80.81,82.1578,-44.63,-0.261,6,partial;stop,48,18.0,11.0,20.0,166.0,937,180.0,932,57.0,926,XLC,10.0,11.0,181574966.09931034,0.02800313761524087
A1,2026-05-07,2026-05-08,VRSN,278.97,274.72,274.4453,-203.55,-1.065,1,stop,73,136.0,12.0,21.0,682.0,985,326.0,980,444.0,975,XLK,1.0,11.0,229519091.55803603,0.027923763002639435
A1,2026-05-07,2026-05-08,CRUS,175.95,170.48,170.3102,-349.71,-1.031,1,stop,36,85.0,1.0,21.0,337.0,985,237.0,980,321.0,975,XLK,1.0,11.0,112665006.49521728,0.03108855680012061
A1,2026-05-14,2026-05-15,ARES,127.95,124.1,123.9759,-174.98,-1.032,1,stop,62,28.0,13.0,23.0,346.0,1052,704.0,1048,811.0,1041,XLF,9.0,11.0,377275509.8650765,0.04236483510041258
A1,2026-05-14,2026-05-18,IBKR,87.46,85.31,85.2247,-176.72,-1.04,4,stop,62,28.0,13.0,23.0,322.0,1052,357.0,1048,401.0,1041,XLF,9.0,11.0,362273990.97466075,0.02862225570328995
A1,2026-05-14,2026-05-19,APO,135.48,131.96,131.823,-175.31,-1.037,5,stop,62,28.0,13.0,23.0,257.0,1052,468.0,1048,591.0,1041,XLF,9.0,11.0,513385600.90679085,0.03329666587900787
A1,2026-05-15,2026-05-19,SAIA,462.94,446.09,445.6439,-172.99,-1.026,4,stop,42,5.0,,,244.0,1058,293.0,1054,171.0,1047,XLI,6.0,11.0,201314470.236936,0.045651555228086615
A1,2026-04-17,2026-05-20,PWR,599.6,584.58,708.331,1196.05,7.24,33,close<MA;partial,17,5.0,,,547.0,944,121.0,939,226.0,934,XLI,6.0,11.0,593280488.255802,0.033410994325529575
A1,2026-05-01,2026-05-21,CASY,824.43,821.0,831.6844,108.76,2.112,20,partial;stop,55,7.0,,,305.0,937,140.0,932,152.0,926,XLY,8.0,11.0,619518225.4160823,0.024459100744823905
A1,2026-05-20,2026-05-21,SAIA,465.09,452.46,452.0075,-340.13,-1.036,1,stop,42,6.0,,,408.0,1040,288.0,1036,146.0,1028,XLI,9.0,11.0,183963126.30189925,0.044729359118690484
A1,2026-05-20,2026-05-27,RVMD,151.58,148.02,151.9436,29.7,0.102,7,partial;stop,28,70.0,8.0,22.0,401.0,1040,94.0,1036,57.0,1028,XLV,10.0,11.0,410012683.3422704,0.04503357159605833
A1,2026-05-26,2026-05-28,KLAC,193.86,191.43,191.2411,-170.53,-1.079,2,stop,38,59.0,10.0,22.0,406.0,1038,234.0,1034,192.0,1026,XLV,11.0,11.0,1946958465.0205352,0.03874501786372335
A1,2026-05-27,2026-05-28,JBHT,269.27,266.96,266.693,-118.49,-1.116,1,stop,42,6.0,,,342.0,1042,285.0,1036,196.0,1028,XLI,7.0,11.0,241681071.52545422,0.030725697173364257
A1,2026-05-22,2026-06-01,TXN,310.6,303.0,297.0846,-540.63,-1.778,10,stop,36,90.0,1.0,21.0,83.0,1048,161.0,1044,114.0,1036,XLK,1.0,11.0,2266213173.75266,0.03160293147759522
A1,2026-05-29,2026-06-01,EVR,349.98,338.8,336.2434,-398.35,-1.228,3,stop,62,25.0,16.0,23.0,567.0,1036,454.0,1030,517.0,1022,XLF,7.0,11.0,168686809.59300873,0.031954854574308855
A1,2026-06-01,2026-06-03,CNC,60.82,59.47,59.4105,-174.87,-1.044,2,stop,63,14.0,7.0,23.0,371.0,1022,206.0,1016,244.0,1007,XLF,5.0,11.0,307722078.6659947,0.031116696882741546
A1,2026-06-02,2026-06-03,EVR,352.97,342.48,342.1375,-173.36,-1.033,1,stop,62,24.0,15.0,23.0,382.0,1025,420.0,1020,511.0,1010,XLF,4.0,11.0,158606198.83442518,0.033264912225822355
A1,2026-05-29,2026-06-04,AVGO,442.8,431.47,408.581,-958.2,-3.02,6,stop,36,92.0,1.0,23.0,422.0,1036,199.0,1030,506.0,1022,XLK,1.0,11.0,7828674527.000287,0.03573606999513994
A1,2026-06-02,2026-06-04,AVT,90.29,88.45,88.3665,-176.98,-1.048,2,stop,50,15.0,12.0,23.0,440.0,1025,210.0,1020,128.0,1010,XLI,7.0,11.0,110882680.36356361,0.02967395798189555
A1,2026-06-03,2026-06-04,ROK,465.79,458.06,457.6019,-171.85,-1.059,1,stop,38,59.0,4.0,22.0,272.0,1026,371.0,1021,435.0,1011,XLV,9.0,11.0,375871045.56852055,0.025563794961290964
A1,2026-06-03,2026-06-04,WCC,377.65,370.08,368.1415,-209.13,-1.256,1,stop,50,15.0,10.0,22.0,447.0,1026,264.0,1021,278.0,1011,XLI,6.0,11.0,203208692.4218009,0.03454413757204362
A1,2026-04-13,2026-06-08,IRM,109.74,108.31,124.4254,1702.97,10.233,56,close<MA;partial,67,17.0,11.0,21.0,445.0,921,183.0,915,446.0,911,XLRE,5.0,11.0,145530987.0461613,0.026923551323039974
A1,2026-06-09,2026-06-11,ARES,131.83,127.25,127.118,-329.96,-1.028,2,stop,62,26.0,11.0,22.0,406.0,1009,348.0,1002,798.0,994,XLF,3.0,11.0,317952694.7506158,0.034790373767069414
A1,2026-06-11,2026-06-17,ARMK,54.62,53.63,53.6763,-209.57,-0.953,6,partial;stop,58,12.0,19.0,23.0,90.0,1010,180.0,1004,216.0,996,XLY,9.0,11.0,165943515.7440459,0.024088659473372964
A1,2026-06-16,2026-06-17,ROK,474.38,466.0,465.534,-221.16,-1.056,1,stop,38,52.0,5.0,23.0,589.0,1018,309.0,1009,446.0,1001,XLV,7.0,11.0,296992522.773468,0.025918195469564496
A1,2026-05-22,2026-06-22,CDNS,365.38,361.54,382.4769,581.47,4.454,31,end-of-test;partial,73,150.0,6.0,21.0,276.0,1048,248.0,1044,441.0,1036,XLK,1.0,11.0,834485951.2269053,0.031657404239063776
A1,2026-06-10,2026-06-22,BTSG,62.17,60.46,66.1096,740.24,2.3,12,end-of-test;partial,80,14.0,16.0,23.0,191.0,1006,139.0,1000,129.0,992,XLV,8.0,11.0,190184297.42065188,0.03248184314694806
A1,2026-06-15,2026-06-22,MS,219.38,216.85,227.63,453.8,3.262,7,end-of-test,62,27.0,9.0,23.0,305.0,1012,223.0,1005,383.0,997,XLF,2.0,11.0,1220259304.0314825,0.025370501437181413
A1,2026-06-18,2026-06-22,KEYS,364.36,357.71,370.9,156.87,0.982,4,end-of-test,38,54.0,6.0,23.0,535.0,1029,321.0,1021,159.0,1011,XLV,7.0,11.0,574748058.6149696,0.03851823538874871
A1,2026-06-18,2026-06-22,SUNB,86.03,83.37,83.59,-146.16,-0.918,4,end-of-test,73,154.0,9.0,23.0,391.0,1029,432.0,1021,,1011,XLK,1.0,11.0,234822852.64973933,0.030857059926213643
A2,2019-04-05,2019-04-08,SAGE,165.03,161.56,161.3934,-327.73,-1.046,3,stop,28,22.0,3.0,4.0,69.0,216,12.0,216,46.0,210,XLV,11.0,11.0,77178674.0855,0.03482072730313822
A2,2019-04-08,2019-04-09,BIG,38.79,38.5,38.4615,-125.99,-1.133,1,stop,53,5.0,,,16.0,215,85.0,215,110.0,209,XLY,4.0,11.0,65467788.87049999,0.026637998236143472
A2,2019-04-11,2019-04-15,CVNA,12.74,12.48,12.4715,-319.94,-1.048,4,stop,55,2.0,,,15.0,205,5.0,205,56.0,201,XLY,4.0,11.0,89747566.4725,0.047264853808093636
A2,2019-04-12,2019-04-15,DELL,32.49,32.02,31.9867,-232.84,-1.068,3,stop,35,10.0,2.0,5.0,14.0,210,25.0,210,,206,XLK,1.0,11.0,127126179.4150568,0.026462810525277918
A2,2019-04-12,2019-04-17,CYBR,122.07,119.01,118.891,-391.26,-1.039,5,stop,73,46.0,3.0,5.0,55.0,210,10.0,210,9.0,206,XLK,1.0,11.0,106406588.0275,0.03274730173408151
A2,2019-04-16,2019-04-17,IRBT,130.23,127.66,127.5349,-207.53,-1.05,1,stop,36,14.0,1.0,4.0,107.0,196,13.0,196,26.0,192,XLK,1.0,11.0,73918675.71650001,0.03374606783758962
A2,2019-04-11,2019-04-18,OLED,168.42,164.5,169.6738,110.49,0.32,7,partial;stop,36,17.0,1.0,5.0,66.0,205,2.0,205,22.0,201,XLK,1.0,11.0,97788382.726,0.02676104414020889
A2,2019-04-24,2019-04-25,OLED,175.04,171.08,170.3994,-390.22,-1.172,1,stop,36,10.0,1.0,4.0,48.0,179,5.0,178,22.0,175,XLK,1.0,11.0,94499615.975,0.0243314179255678
A2,2019-04-26,2019-05-01,SMAR,42.05,41.35,41.3087,-260.92,-1.059,5,stop,73,45.0,2.0,4.0,114.0,187,13.0,187,12.0,184,XLK,1.0,11.0,71604045.5805,0.042084623123441314
A2,2019-04-23,2019-05-06,CYBR,125.33,121.54,125.9004,59.82,0.152,13,partial;stop,73,44.0,2.0,4.0,62.0,178,8.0,177,5.0,173,XLK,1.0,11.0,109409334.602,0.03453576414484039
A2,2019-05-06,2019-05-07,ZS,69.57,66.79,66.7187,-401.96,-1.024,1,stop,73,43.0,2.0,5.0,130.0,216,17.0,214,11.0,213,XLK,1.0,11.0,117006223.43200001,0.040017783948338284
A2,2019-04-23,2019-05-13,DELL,32.76,31.98,33.1412,169.83,0.478,20,partial;stop,35,6.0,,,58.0,178,13.0,177,,173,XLK,1.0,11.0,99592064.18515259,0.024082066884704347
A2,2019-05-09,2019-05-13,PAYC,208.42,202.62,202.4151,-402.21,-1.035,4,stop,73,46.0,2.0,5.0,26.0,254,42.0,252,14.0,251,XLK,1.0,11.0,132390038.052,0.027831038173923194
A2,2019-05-10,2019-05-13,ZS,70.06,68.23,68.166,-397.75,-1.037,3,stop,73,48.0,2.0,6.0,59.0,269,15.0,267,9.0,266,XLK,1.0,11.0,111842576.5095,0.04446320705365598
A2,2019-05-10,2019-05-13,SAFM,154.45,149.98,149.8341,-406.14,-1.034,3,stop,20,1.0,,,14.0,269,41.0,267,38.0,266,XLP,5.0,11.0,71248941.0375,0.028910852399954452
A2,2019-06-18,2019-06-19,MTCH,73.75,71.58,71.5084,-197.58,-1.033,1,stop,73,55.0,1.0,5.0,111.0,244,16.0,239,26.0,236,XLK,6.0,11.0,94403184.70099999,0.030018431531126953
A2,2019-07-08,2019-07-09,SNAP,15.3,15.01,14.995,-202.24,-1.051,1,stop,73,43.0,1.0,4.0,30.0,206,17.0,201,6.0,200,XLK,3.0,11.0,335186661.871,0.03536453718531386
A2,2019-07-03,2019-07-10,SBGI,55.95,54.92,54.8651,-202.11,-1.054,7,stop,48,7.0,,,173.0,235,10.0,230,16.0,228,XLC,4.0,11.0,84773405.72,0.03068651051360133
A2,2019-07-15,2019-07-16,OKTA,137.94,134.37,134.2356,-203.62,-1.038,1,stop,73,40.0,1.0,4.0,102.0,198,11.0,191,17.0,190,XLK,2.0,11.0,253135229.38450003,0.0334849214090996
A2,2019-07-19,2019-07-23,AYX,119.38,116.71,116.5959,-205.97,-1.044,4,stop,73,41.0,1.0,4.0,43.0,192,12.0,184,25.0,183,XLK,5.0,11.0,132727663.625,0.031624335687210056
A2,2019-07-10,2019-07-24,MKTX,344.95,343.95,348.5665,151.7,3.595,14,partial;stop,62,2.0,,,115.0,204,14.0,198,38.0,197,XLF,3.0,11.0,244326617.8025,0.026523294588478
A2,2019-07-19,2019-07-25,GOLD,17.37,17.03,17.2727,-57.5,-0.291,6,partial;stop,50,2.0,,,10.0,192,21.0,184,39.0,183,XLI,10.0,11.0,295557213.09000003,0.03260513444147656
A2,2019-07-25,2019-07-29,AYX,121.62,119.55,119.4304,-265.12,-1.058,4,stop,73,37.0,1.0,4.0,33.0,182,13.0,176,25.0,173,XLK,3.0,11.0,134132744.677,0.031753876699700465
A2,2019-07-26,2019-07-29,ZS,87.09,86.7,86.6133,-81.0,-1.224,3,stop,73,36.0,1.0,4.0,26.0,187,21.0,181,12.0,178,XLK,2.0,11.0,178785654.86200002,0.03339904990501587
A2,2019-07-08,2019-08-01,PAGS,40.86,40.22,43.5764,814.67,4.238,24,close<MA;partial,73,43.0,1.0,4.0,20.0,206,13.0,201,19.0,200,XLK,3.0,11.0,71759498.6895,0.03194294327092596
A2,2019-08-01,2019-08-02,OLED,217.55,212.29,212.0731,-366.78,-1.04,1,stop,36,12.0,2.0,4.0,33.0,196,11.0,189,5.0,186,XLK,4.0,11.0,114572261.28050001,0.024187735761008064
A2,2019-08-01,2019-08-02,DXCM,40.04,38.78,37.2402,-859.53,-2.221,1,stop,38,9.0,,,75.0,196,13.0,189,88.0,186,XLV,6.0,11.0,110704355.80399999,0.03148642769865663
A2,2019-07-09,2019-08-05,PLAN,53.52,52.77,54.5246,255.29,1.332,27,close<MA;partial,73,41.0,1.0,4.0,39.0,204,8.0,199,13.0,198,XLK,4.0,11.0,138636218.7125,0.03831620782021113
A2,2019-07-12,2019-09-05,RH,123.24,120.36,137.7621,987.29,5.036,55,close<MA;partial,57,1.0,,,8.0,198,68.0,192,138.0,191,XLY,6.0,11.0,142627329.0,0.03662102809536274
A2,2019-09-18,2019-09-25,TER,58.26,57.54,57.4825,-194.71,-1.08,7,stop,38,9.0,,,107.0,287,23.0,286,19.0,277,XLV,11.0,11.0,87942508.80600001,0.02431577405673887
A2,2019-09-26,2019-09-27,TER,59.79,58.92,58.8611,-226.59,-1.068,1,stop,38,10.0,3.0,9.0,63.0,293,17.0,293,13.0,283,XLV,10.0,11.0,107922385.96200001,0.024941961321448318
A2,2019-10-15,2019-10-16,KLAC,16.28,15.96,15.942,-308.69,-1.049,1,stop,38,10.0,1.0,6.0,31.0,241,9.0,240,27.0,231,XLV,7.0,11.0,229389376.78999996,0.02428970015413307
A2,2019-10-16,2019-10-18,DOCU,68.18,66.04,65.974,-202.78,-1.031,2,stop,73,58.0,3.0,4.0,17.0,233,12.0,232,36.0,223,XLK,3.0,11.0,221325692.9395,0.03135986362960186
A2,2019-10-15,2019-10-30,MDCO,53.24,52.07,54.1328,244.64,0.758,15,partial;stop,28,23.0,4.0,6.0,18.0,241,6.0,240,5.0,231,XLV,7.0,11.0,101689638.87775001,0.0368088740439689
A2,2019-10-15,2019-10-30,KBH,34.7,34.22,35.1784,199.9,0.977,15,partial;stop,15,1.0,,,12.0,241,10.0,240,20.0,231,XLI,6.0,11.0,84085367.863,0.024369723898589525
A2,2019-10-23,2019-10-30,SEDG,90.59,86.97,86.883,-200.2,-1.024,7,stop,36,18.0,3.0,5.0,112.0,230,5.0,228,6.0,223,XLK,9.0,11.0,110927036.432,0.04045913482766601
A2,2019-10-25,2019-10-31,URBN,29.14,28.7,28.6713,-212.39,-1.065,6,stop,56,6.0,,,13.0,236,11.0,234,91.0,228,XLY,8.0,11.0,69593062.12875,0.03359888890724623
A2,2019-09-06,2019-11-04,RH,149.91,145.08,175.4698,2019.24,5.297,59,close<MA;partial,57,3.0,,,80.0,273,7.0,271,121.0,261,XLY,3.0,11.0,86533888.82000001,0.032190373695648984
A2,2019-11-04,2019-11-05,DOCU,68.24,67.62,67.5524,-146.76,-1.109,1,stop,73,53.0,7.0,7.0,99.0,237,5.0,235,45.0,230,XLK,1.0,11.0,148150334.219,0.033382136403506575
A2,2019-11-07,2019-11-08,NVDA,5.29,5.16,5.1583,-372.9,-1.04,1,stop,36,22.0,4.0,6.0,65.0,264,18.0,262,52.0,256,XLK,2.0,11.0,1583501004.303,0.026061704181760258
A2,2019-11-12,2019-11-13,KLAC,17.56,17.36,17.3476,-176.07,-1.089,1,stop,38,15.0,3.0,7.0,108.0,279,31.0,278,8.0,272,XLV,5.0,11.0,232179133.6375,0.02588078493696678
A2,2019-11-15,2019-11-18,KLAC,17.9,17.71,17.6933,-168.57,-1.093,3,stop,38,13.0,2.0,6.0,90.0,273,33.0,271,15.0,267,XLV,6.0,11.0,224804020.796,0.024346202445062366
A2,2019-11-15,2019-11-18,URBN,31.23,30.45,30.4196,-200.85,-1.039,3,stop,56,5.0,,,65.0,273,10.0,271,89.0,267,XLY,8.0,11.0,64361266.677,0.02796296218343681
A2,2019-11-01,2019-11-22,APO,42.1,41.05,42.5322,149.48,0.412,21,close<MA;partial,62,3.0,,,42.0,222,16.0,220,33.0,215,XLF,5.0,11.0,76768720.69549999,0.024980542157237343
A2,2019-11-21,2019-12-02,ALGN,273.13,267.43,274.2443,36.68,0.195,11,partial;stop,38,12.0,2.0,6.0,22.0,267,11.0,263,190.0,257,XLV,4.0,11.0,237372159.51800004,0.027499156159062278
A2,2019-11-21,2019-12-02,DOCU,69.96,69.2,70.4341,97.68,0.622,11,partial;stop,73,56.0,5.0,6.0,121.0,267,8.0,263,52.0,257,XLK,2.0,11.0,103124825.05999999,0.026488811345735035
A2,2019-11-26,2019-12-02,GNRC,98.47,97.16,97.0605,-206.95,-1.074,6,stop,36,19.0,3.0,6.0,110.0,249,50.0,246,14.0,240,XLK,2.0,11.0,72393832.27000001,0.028525598824529347
A2,2019-12-31,2020-01-02,ICPT,125.12,122.5,121.1587,-456.12,-1.511,2,stop,28,24.0,1.0,3.0,34.0,145,9.0,145,17.0,142,XLV,2.0,11.0,94709765.8215,0.0444376002910318
A2,2020-01-09,2020-01-13,GBT,83.01,82.01,81.928,-185.75,-1.082,4,stop,28,27.0,1.0,3.0,95.0,144,11.0,144,20.0,140,XLV,2.0,11.0,81574408.899,0.03757659871569632
A2,2020-01-31,2020-02-03,DXCM,60.6,59.5,59.443,-200.54,-1.054,3,stop,38,12.0,3.0,5.0,60.0,220,15.0,220,25.0,213,XLV,4.0,11.0,179188681.874,0.032197019795561166
A2,2020-02-11,2020-02-24,RH,230.72,226.21,229.7229,-41.9,-0.221,13,partial;stop,57,1.0,,,96.0,268,50.0,268,18.0,262,XLY,5.0,11.0,160194304.27899998,0.03169550314376873
A2,2020-02-12,2020-02-24,THO,85.02,83.08,83.255,-173.45,-0.91,12,partial;stop,37,10.0,4.0,6.0,40.0,267,79.0,267,15.0,261,XLY,6.0,11.0,63316196.608500004,0.026885060224246866
A2,2020-02-21,2020-02-24,SLM,12.32,12.0,11.6284,-417.06,-2.153,3,stop,61,1.0,,,10.0,300,32.0,300,33.0,294,XLF,8.0,11.0,64363909.485,0.031289111921533254
A2,2020-02-10,2020-03-10,DXCM,61.9,60.03,68.5883,682.53,3.588,29,close<MA;partial,38,12.0,4.0,5.0,103.0,263,14.0,263,18.0,257,XLV,3.0,11.0,167562894.9075,0.03012713971746362
A2,2020-06-10,2020-06-11,PYPL,159.64,157.6,157.4424,-195.53,-1.077,1,stop,73,113.0,6.0,19.0,529.0,747,91.0,743,50.0,737,XLI,8.0,11.0,1208966363.462,0.030265099024170426
A2,2020-07-07,2020-07-10,REGN,646.98,628.23,627.6018,-387.49,-1.034,3,stop,28,60.0,5.0,20.0,228.0,798,518.0,790,54.0,782,XLV,9.0,11.0,653546572.7685,0.03450751011991388
A2,2020-07-08,2020-07-14,NVDA,10.08,9.97,9.9555,-176.09,-1.087,6,stop,36,36.0,7.0,18.0,123.0,777,172.0,770,52.0,763,XLK,3.0,11.0,4011278349.151,0.032731373365868933
A2,2020-07-27,2020-07-28,RH,288.74,282.03,281.748,-195.73,-1.042,1,stop,57,3.0,,,140.0,576,30.0,572,140.0,565,XLY,2.0,11.0,191549488.3315,0.03752939652565488
A2,2020-08-03,2020-08-04,RH,292.99,289.12,288.8309,-199.48,-1.075,1,stop,57,3.0,,,180.0,551,36.0,549,133.0,543,XLY,2.0,11.0,163512804.9495,0.03534109371277937
A2,2020-08-05,2020-08-06,ZS,133.26,131.33,131.1987,-199.77,-1.068,1,stop,73,95.0,4.0,12.0,109.0,543,54.0,541,37.0,535,XLK,1.0,11.0,310562209.884,0.042493957448254835
A2,2020-09-02,2020-09-03,LPSN,955.85,914.24,880.9682,-299.55,-1.799,1,stop,,,,,23.0,397,36.0,392,29.0,389,,,,63952550.71554246,0.043540289452889194
A2,2020-09-11,2020-09-21,FDX,231.81,225.47,234.1885,68.93,0.375,10,partial;stop,45,8.0,,,49.0,448,29.0,443,56.0,436,XLI,4.0,11.0,568967551.426,0.027411166310619805
A2,2020-09-18,2020-09-21,IRTC,232.81,226.72,226.4933,-189.58,-1.037,3,stop,38,27.0,5.0,14.0,22.0,512,23.0,506,36.0,497,XLV,7.0,11.0,67849657.67899999,0.044333469669050184
A2,2020-10-14,2020-10-15,RH,395.39,385.55,384.3952,-384.99,-1.117,1,stop,57,2.0,,,337.0,543,79.0,540,33.0,535,XLY,1.0,11.0,219830279.68649998,0.04080590708181831
A2,2020-12-01,2020-12-02,MRTX,240.82,233.4,231.9079,-445.64,-1.201,1,stop,28,61.0,4.0,18.0,498.0,718,57.0,706,48.0,698,XLV,9.0,11.0,98107735.286,0.04317769444735716
A2,2021-03-08,2021-03-23,CPRI,49.11,48.48,50.2685,328.13,1.843,15,partial;stop,31,2.0,,,299.0,867,244.0,849,50.0,818,XLY,9.0,11.0,99716631.35749999,0.045244863723494545
A2,2021-04-23,2021-04-26,NXST,155.21,153.6,153.4464,-156.52,-1.096,3,stop,48,6.0,,,214.0,480,34.0,473,107.0,454,XLC,5.0,11.0,66207046.19,0.03273656241267629
A2,2021-04-26,2021-04-27,KBR,40.64,40.26,40.2197,-143.93,-1.106,1,stop,16,2.0,,,28.0,458,76.0,451,163.0,432,XLI,2.0,11.0,70434354.027,0.024435979075761106
A2,2021-04-26,2021-04-30,LB,67.98,65.71,65.648,-382.11,-1.029,4,stop,67,9.0,,,75.0,458,31.0,451,78.0,432,XLRE,3.0,11.0,220756461.06750003,0.03330837172365159
A2,2021-05-10,2021-05-11,AYI,192.47,188.18,185.3545,-306.07,-1.658,1,stop,36,37.0,8.0,12.0,65.0,459,15.0,453,72.0,437,XLK,11.0,11.0,75779125.8485,0.024049313422152253
A2,2021-05-17,2021-05-19,HOG,50.72,49.01,48.9614,-188.24,-1.029,2,stop,37,20.0,7.0,12.0,37.0,553,63.0,547,244.0,531,XLI,4.0,11.0,148338893.022,0.03371849395319743
A2,2021-05-21,2021-05-25,ATH,63.42,62.57,62.5074,-196.92,-1.073,4,stop,63,7.0,,,82.0,544,27.0,538,174.0,522,XLF,2.0,11.0,77408513.5165,0.024571636053180752
A2,2021-05-24,2021-06-01,IRM,43.8,42.97,43.6963,-23.65,-0.129,8,partial;stop,67,12.0,5.0,13.0,132.0,543,30.0,537,104.0,522,XLRE,4.0,11.0,101832364.28999999,0.024595462910900062
A2,2021-06-01,2021-06-02,MT,33.99,33.54,33.5065,-194.93,-1.075,1,stop,33,6.0,,,126.0,531,37.0,525,70.0,507,XLB,2.0,11.0,174391706.3695,0.027916740804191126
A2,2021-06-01,2021-06-03,WPM,48.94,48.07,47.6523,-270.18,-1.481,2,stop,10,12.0,2.0,13.0,51.0,531,36.0,525,282.0,507,XLB,2.0,11.0,102780765.984,0.028414006316419986
A2,2021-06-07,2021-06-08,CHK,55.65,54.62,54.5654,-191.2,-1.053,1,stop,13,22.0,2.0,12.0,85.0,474,111.0,469,31.0,453,XLE,11.0,11.0,66409931.78199999,0.03306294942036779
A2,2021-06-14,2021-06-15,DXC,41.65,40.83,40.7892,-190.6,-1.05,1,stop,73,74.0,7.0,8.0,133.0,403,28.0,398,83.0,381,XLK,4.0,11.0,95821285.3345,0.029197660712107713
A2,2021-06-15,2021-06-16,CHK,57.05,55.47,55.4184,-187.29,-1.035,1,stop,13,20.0,1.0,8.0,219.0,393,58.0,388,27.0,372,XLE,10.0,11.0,69617613.08,0.027576266602600086
A2,2021-06-23,2021-07-06,AR,14.36,13.93,14.5956,96.42,0.532,13,partial;stop,13,21.0,1.0,9.0,206.0,438,27.0,431,32.0,417,XLE,2.0,11.0,76607287.71650001,0.04785826572896844
A2,2021-07-07,2021-07-08,BHVN,114.86,110.27,110.1622,-371.5,-1.024,1,stop,28,50.0,3.0,11.0,160.0,473,27.0,463,241.0,449,XLV,2.0,11.0,85863141.9745,0.039979971162211685
A2,2021-08-10,2021-08-11,DOCU,310.82,301.09,300.7873,-371.08,-1.031,1,stop,73,78.0,1.0,9.0,110.0,452,31.0,447,100.0,439,XLK,1.0,11.0,561881526.4255,0.03129830118979902
A2,2021-08-27,2021-08-31,CROX,147.46,143.15,143.0069,-369.39,-1.033,4,stop,30,2.0,,,117.0,413,38.0,405,20.0,389,XLB,10.0,11.0,121400822.7615,0.03090033080258419
A2,2021-09-16,2021-09-20,NET,132.22,128.1,125.1547,-310.96,-1.716,4,stop,73,73.0,2.0,8.0,145.0,361,48.0,351,24.0,335,XLK,1.0,11.0,292645424.924,0.033408599261417656
A2,2021-09-02,2021-09-28,ASAN,87.98,83.19,107.0874,707.05,3.989,26,close<MA;partial,73,84.0,1.0,6.0,154.0,366,18.0,356,15.0,337,XLK,1.0,11.0,100038672.2975,0.05444840244045716
A2,2021-08-27,2021-09-29,TEAM,357.86,350.99,381.4268,872.07,3.432,33,close<MA;partial,73,89.0,2.0,7.0,26.0,413,23.0,405,39.0,389,XLK,1.0,11.0,406655795.026,0.03290616628590308
A2,2021-12-03,2021-12-06,ON,65.54,63.15,63.0844,-372.56,-1.026,3,stop,36,40.0,3.0,18.0,61.0,639,35.0,624,39.0,604,XLK,3.0,11.0,353773360.7475,0.036437189786047694
A2,2021-12-07,2021-12-10,WSC,40.23,39.79,39.7502,-162.23,-1.09,3,stop,73,135.0,16.0,17.0,34.0,652,30.0,635,70.0,613,XLK,3.0,11.0,95794756.9975,0.03329137402672407
A2,2021-12-13,2021-12-14,QCOM,188.96,183.11,181.0188,-492.28,-1.358,1,stop,36,39.0,2.0,17.0,35.0,646,62.0,628,83.0,610,XLK,3.0,11.0,2249561546.3805,0.03301786119603847
A2,2021-12-15,2021-12-16,TER,161.7,156.3,156.1484,-183.25,-1.029,1,stop,38,31.0,13.0,19.0,47.0,665,45.0,651,135.0,631,XLV,9.0,11.0,206207601.3735,0.03337513186964486
A2,2021-12-06,2021-12-20,BLDR,74.48,72.12,75.3145,127.0,0.351,14,partial;stop,52,2.0,,,26.0,647,37.0,632,26.0,610,XLY,2.0,11.0,165088826.732,0.03177227632958885
A2,2021-12-23,2021-12-30,PSTG,33.81,32.82,32.7872,-370.6,-1.033,7,stop,35,27.0,4.0,19.0,25.0,719,70.0,708,20.0,694,XLK,1.0,11.0,161280693.486,0.046690278173210614
A2,2021-12-29,2021-12-30,STX,114.4,114.1,113.9859,-48.95,-1.375,1,stop,35,25.0,3.0,17.0,49.0,659,42.0,649,101.0,637,XLK,1.0,11.0,217924458.50050002,0.030198642798375547
A2,2021-12-23,2022-01-04,TER,163.19,161.12,163.7503,45.7,0.269,12,partial;stop,38,34.0,13.0,19.0,88.0,719,35.0,708,132.0,694,XLV,8.0,11.0,246077998.89499998,0.035284971062162225
A2,2021-12-23,2022-01-04,SLAB,207.05,201.39,201.1886,-369.07,-1.036,12,stop,,,,,211.0,719,29.0,708,70.0,694,,,,72665591.9255,0.034864859852111504
A2,2022-01-05,2022-01-06,QCOM,192.87,187.15,184.3355,-264.65,-1.492,1,stop,36,35.0,1.0,11.0,207.0,478,28.0,470,70.0,456,XLK,2.0,11.0,1465463864.948,0.029664090174662795
A2,2022-01-05,2022-01-06,WSC,41.48,40.44,39.3706,-363.07,-2.021,1,stop,73,111.0,8.0,11.0,214.0,478,51.0,470,32.0,456,XLK,2.0,11.0,60885680.79449999,0.025182209677316814
A2,2022-01-03,2022-01-20,F,21.51,21.06,22.5549,651.1,2.311,17,close<MA;partial,37,15.0,4.0,10.0,206.0,495,27.0,487,59.0,474,XLY,3.0,11.0,1642558078.454,0.035886452054265446
A2,2023-02-01,2023-02-02,BA,216.86,211.9,211.6881,-315.28,-1.043,1,stop,37,13.0,10.0,13.0,238.0,494,30.0,492,87.0,490,XLI,4.0,11.0,1549819027.2055001,0.02732083461298727
A2,2023-02-01,2023-02-02,YUMC,62.7,61.08,61.0189,-358.63,-1.038,1,stop,58,3.0,,,288.0,494,28.0,492,72.0,490,XLY,7.0,11.0,109190377.4725,0.02910914157790359
A2,2023-02-01,2023-02-03,BURL,233.24,227.89,227.6621,-318.11,-1.043,2,stop,53,6.0,,,255.0,494,15.0,492,23.0,490,XLY,7.0,11.0,190658601.3615,0.024643957350196522
A2,2023-02-01,2023-02-07,FIVE,197.35,194.74,194.5403,-188.06,-1.075,6,stop,53,6.0,,,265.0,494,65.0,492,27.0,490,XLY,7.0,11.0,146521830.7685,0.028560367958241396
A2,2023-02-09,2023-02-10,WYNN,109.32,107.74,107.6323,-187.25,-1.068,1,stop,70,5.0,,,258.0,516,55.0,514,20.0,512,XLY,4.0,11.0,245554298.09974998,0.0270762335341396
A2,2023-02-13,2023-02-17,JBL,83.74,82.34,83.8126,8.62,0.049,4,partial;stop,36,39.0,4.0,15.0,160.0,529,94.0,527,34.0,525,XLK,2.0,11.0,118278283.599,0.02427448460120101
A2,2023-02-15,2023-02-17,GE,67.13,65.79,65.7283,-185.03,-1.049,2,stop,36,38.0,1.0,14.0,284.0,528,69.0,527,37.0,525,XLK,2.0,11.0,552495591.8029746,0.024555213731506844
A2,2023-02-01,2023-02-24,PEN,253.47,250.47,256.1735,140.41,0.899,23,partial;stop,38,33.0,4.0,13.0,235.0,494,31.0,492,10.0,490,XLV,11.0,11.0,76280042.2365,0.03727650502629915
A2,2023-03-06,2023-03-07,NVDA,23.92,23.49,23.4635,-252.75,-1.054,1,stop,36,33.0,4.0,8.0,32.0,416,26.0,414,26.0,412,XLK,2.0,11.0,11676911009.255001,0.038966773674242505
A2,2023-03-30,2023-04-03,FSLR,218.85,212.54,212.3275,-358.66,-1.034,4,stop,36,33.0,2.0,14.0,15.0,611,42.0,611,37.0,608,XLK,2.0,11.0,590990282.6559999,0.03638518067776544
A2,2023-03-30,2023-04-05,CRM,197.97,195.49,195.2945,-176.44,-1.079,6,stop,73,95.0,3.0,14.0,20.0,611,32.0,611,137.0,608,XLK,2.0,11.0,1827814743.3425,0.026213797893621847
A2,2023-03-30,2023-04-05,HUBS,416.11,414.12,413.7059,-74.39,-1.209,6,stop,73,95.0,3.0,14.0,92.0,611,33.0,611,55.0,608,XLK,2.0,11.0,229597760.31,0.03580114408478865
A2,2023-03-31,2023-04-05,GE,75.85,75.27,75.1921,-113.11,-1.13,5,stop,36,33.0,2.0,14.0,46.0,590,39.0,590,17.0,587,XLK,1.0,11.0,830753460.3003852,0.02512853770397176
A2,2023-03-31,2023-04-05,MELI,1275.15,1266.12,1264.8589,-102.95,-1.14,5,stop,73,95.0,3.0,14.0,118.0,590,35.0,590,53.0,587,XLI,5.0,11.0,559766732.3445,0.03340729951626377
A2,2023-03-31,2023-04-05,SPOT,133.64,130.52,130.3896,-321.64,-1.042,5,stop,48,9.0,,,49.0,590,20.0,590,66.0,587,XLC,2.0,11.0,196140328.98049998,0.031319421338192224
A2,2023-04-04,2023-04-05,MKTX,397.67,386.48,386.0901,-358.89,-1.035,1,stop,62,20.0,10.0,15.0,90.0,581,43.0,581,29.0,578,XLF,11.0,11.0,148658136.722,0.028140970605351017
A2,2023-04-13,2023-04-19,META,217.16,215.69,213.2585,-230.01,-2.658,6,stop,73,77.0,1.0,12.0,33.0,470,17.0,470,33.0,467,XLK,1.0,11.0,5376991009.745,0.026253861767040303
A2,2023-04-18,2023-04-19,NVDA,28.03,27.36,27.3296,-181.57,-1.041,1,stop,36,28.0,4.0,9.0,133.0,362,11.0,361,9.0,360,XLK,1.0,11.0,11579079876.092,0.027656354931902417
A2,2023-04-17,2023-04-25,SHOP,48.8,46.95,46.8996,-176.62,-1.025,8,stop,73,66.0,1.0,9.0,153.0,395,43.0,394,22.0,392,XLK,1.0,11.0,614434677.8855001,0.037955257324370675
A2,2023-04-17,2023-04-25,IOT,20.28,20.2,20.6825,257.03,5.012,8,partial;stop,73,66.0,1.0,9.0,262.0,395,8.0,394,25.0,392,XLK,1.0,11.0,60944290.972,0.04315501047940568
A2,2023-04-11,2023-04-27,ALGN,335.49,331.47,326.6488,-335.78,-2.201,16,partial;stop,38,18.0,6.0,14.0,146.0,522,27.0,522,34.0,519,XLV,7.0,11.0,260083657.8665,0.03443298413043532
A2,2023-05-01,2023-05-03,NVDA,28.14,27.78,27.7522,-175.19,-1.078,2,stop,36,31.0,4.0,7.0,124.0,327,17.0,326,6.0,325,XLK,1.0,11.0,10693024317.2495,0.027042863600500767
A2,2023-05-10,2023-05-11,TTD,65.73,64.5,64.4355,-251.26,-1.052,1,stop,73,66.0,7.0,11.0,101.0,388,26.0,387,54.0,385,XLK,2.0,11.0,202651000.48999998,0.03197662866735147
A2,2023-05-19,2023-05-22,THC,73.91,72.59,72.5174,-180.14,-1.055,3,stop,80,8.0,,,89.0,437,48.0,437,19.0,434,XLV,5.0,11.0,115067868.11199999,0.02662710174302093
A2,2023-06-01,2023-06-02,SPOT,152.45,149.07,148.9209,-183.63,-1.044,1,stop,48,7.0,,,117.0,426,45.0,426,18.0,424,XLC,2.0,11.0,207429923.565,0.027620466718043645
A2,2023-06-05,2023-06-07,IMGN,14.92,14.8,14.7902,-116.57,-1.129,2,stop,28,28.0,2.0,9.0,102.0,413,3.0,412,6.0,411,XLV,5.0,11.0,93378919.002,0.05427805626455331
A2,2023-06-06,2023-06-08,APLS,92.7,90.0,89.91,-184.31,-1.033,2,stop,28,26.0,2.0,8.0,211.0,406,29.0,404,24.0,402,XLV,4.0,11.0,113113113.948,0.03339608108720817
A2,2023-06-13,2023-06-14,APLS,93.57,90.76,90.6692,-185.87,-1.032,1,stop,28,27.0,2.0,8.0,280.0,406,49.0,404,28.0,403,XLV,6.0,11.0,100266325.562,0.032533794949069446
A2,2023-06-28,2023-07-05,NU,7.77,7.58,7.7979,29.14,0.161,7,partial;stop,61,9.0,,,174.0,424,16.0,423,27.0,423,XLF,6.0,11.0,232396945.0185,0.03671852118342976
A2,2023-06-29,2023-07-05,DKNG,26.67,25.98,25.954,-188.02,-1.038,6,stop,79,3.0,,,162.0,419,41.0,418,19.0,418,XLY,2.0,11.0,245229154.98450002,0.039986565992722975
A2,2023-06-27,2023-07-06,BLDR,130.52,128.34,132.4032,156.69,0.868,9,partial;stop,52,2.0,,,116.0,416,26.0,415,22.0,415,XLY,1.0,11.0,387578378.3495,0.02890740966101747
A2,2023-05-15,2023-07-10,HUBS,469.35,460.01,508.6553,707.52,4.209,56,close<MA;partial,73,70.0,6.0,11.0,51.0,406,25.0,405,23.0,404,XLK,2.0,11.0,262950224.17249998,0.029736991075231766
A2,2023-06-08,2023-07-10,EXAS,88.06,86.81,91.4807,482.12,2.732,32,close<MA;partial,80,8.0,,,36.0,422,37.0,420,21.0,418,XLV,4.0,11.0,164321112.8695,0.03229536734092054
A2,2023-07-13,2023-07-14,NU,8.07,7.93,7.9221,-250.08,-1.057,1,stop,61,8.0,,,210.0,340,21.0,340,25.0,339,XLF,5.0,11.0,208344416.4505,0.033641958057738494
A2,2023-07-13,2023-07-14,CELH,51.36,49.48,49.4263,-377.97,-1.026,1,stop,20,3.0,,,176.0,340,22.0,340,73.0,339,XLP,8.0,11.0,201232418.89953,0.03677306396468672
A2,2023-07-17,2023-07-19,ELF,116.96,115.25,115.1348,-213.18,-1.068,2,stop,28,33.0,4.0,8.0,75.0,328,80.0,328,20.0,327,XLB,7.0,11.0,116035357.852,0.030812171582719407
A2,2023-07-19,2023-07-20,IMGN,20.31,19.55,19.5305,-188.09,-1.026,1,stop,28,30.0,4.0,8.0,199.0,314,1.0,313,3.0,312,XLV,8.0,11.0,73844866.4705,0.03882037175933528
A2,2023-06-15,2023-07-24,META,276.85,271.42,292.0283,501.0,2.798,39,close<MA;partial,73,88.0,1.0,8.0,128.0,423,62.0,421,10.0,419,XLK,1.0,11.0,5555939540.3395,0.026129725232213567
A2,2023-07-18,2023-07-24,MDB,419.46,407.41,407.0026,-373.69,-1.034,6,stop,73,63.0,4.0,8.0,132.0,317,19.0,317,27.0,316,XLK,1.0,11.0,668671068.0509999,0.03852545010271112
A2,2023-05-16,2023-08-03,NVDA,29.25,28.83,42.2911,5308.03,31.259,79,close<MA;partial,36,32.0,6.0,11.0,72.0,413,26.0,412,12.0,411,XLK,2.0,11.0,10446371477.1445,0.028306427314052984
A2,2023-08-02,2023-08-03,BLDR,157.01,152.9,148.0019,-765.42,-2.192,1,stop,52,2.0,,,163.0,362,51.0,359,26.0,358,XLY,2.0,11.0,189984980.80650002,0.026169601266900044
A2,2023-08-10,2023-08-11,ONON,36.87,35.29,35.2541,-180.52,-1.022,1,stop,30,5.0,,,53.0,400,244.0,397,21.0,395,XLB,7.0,11.0,122058285.6705,0.042762457979307146
A2,2023-08-14,2023-08-22,ANF,40.89,39.78,41.0633,55.03,0.155,8,partial;stop,56,5.0,,,25.0,383,19.0,380,62.0,379,XLY,2.0,11.0,63072858.0,0.02717472565508851
A2,2023-08-30,2023-09-11,MTDR,62.5,61.51,61.4485,-223.44,-1.062,12,stop,13,14.0,2.0,7.0,22.0,316,40.0,315,120.0,314,XLE,1.0,11.0,73697120.33500001,0.02779178321845418
A2,2023-11-14,2023-11-15,NTNX,39.74,39.13,39.0909,-217.36,-1.064,1,stop,73,85.0,1.0,10.0,210.0,469,13.0,467,27.0,466,XLK,1.0,11.0,63132989.850999996,0.027902542876771824
A2,2023-11-22,2023-11-24,SPOT,181.13,179.0,178.821,-168.63,-1.084,2,stop,48,7.0,,,110.0,428,18.0,426,94.0,425,XLC,2.0,11.0,279390737.471,0.02818276918015559
A2,2023-11-06,2023-12-01,DELL,70.84,69.76,71.2637,79.08,0.391,25,partial;stop,35,27.0,2.0,11.0,186.0,500,8.0,498,31.0,497,XLK,1.0,11.0,302399346.0625,0.024981896864854813
A2,2023-12-26,2023-12-29,XPO,90.87,89.28,89.1907,-243.61,-1.056,3,stop,47,1.0,,,332.0,391,125.0,390,25.0,389,XLI,5.0,11.0,139594282.98849997,0.03559563639104736
A2,2023-12-28,2023-12-29,VRNS,45.72,45.12,45.0749,-184.55,-1.076,1,stop,73,68.0,4.0,9.0,234.0,381,49.0,380,21.0,379,XLK,2.0,11.0,61165736.414,0.02417194268617965
A2,2024-01-02,2024-01-03,AEO,21.51,20.92,20.8891,-367.22,-1.047,1,stop,56,8.0,,,199.0,329,106.0,329,18.0,329,XLY,5.0,11.0,85995750.0385,0.027624983417704706
A2,2024-01-30,2024-01-31,DELL,85.81,84.32,83.1967,-310.47,-1.756,1,stop,35,11.0,6.0,8.0,57.0,322,149.0,322,21.0,321,XLK,1.0,11.0,316684809.55,0.02400946832769755
A2,2024-02-08,2024-02-09,WING,296.38,293.61,293.3164,-137.91,-1.106,1,stop,58,6.0,,,41.0,361,73.0,361,17.0,359,XLY,6.0,11.0,95563315.1275,0.024310975108400294
A2,2024-02-09,2024-02-12,STNE,18.89,18.12,18.0419,-196.49,-1.095,3,stop,73,72.0,2.0,9.0,112.0,376,17.0,376,77.0,374,XLK,1.0,11.0,95155144.5025,0.040945986701717216
A2,2024-02-06,2024-02-13,NTRA,69.04,68.3,68.3416,-133.2,-0.944,7,partial;stop,80,4.0,,,60.0,356,20.0,356,58.0,355,XLV,5.0,11.0,105253471.0365,0.042401881693933774
A2,2024-02-07,2024-02-13,CRWD,308.08,306.71,306.4033,-72.0,-1.224,6,stop,73,67.0,3.0,9.0,29.0,360,29.0,360,12.0,359,XLK,1.0,11.0,943254585.4549999,0.029268358240079166
A2,2024-02-20,2024-02-21,APLS,69.46,67.25,67.0629,-192.12,-1.085,1,stop,28,35.0,2.0,9.0,199.0,423,73.0,423,15.0,421,XLV,2.0,11.0,97665647.054,0.038136542760269114
A2,2024-01-18,2024-02-22,VRT,50.77,49.67,60.7061,1569.79,9.026,35,close<MA;partial,36,21.0,5.0,6.0,51.0,257,96.0,257,11.0,257,XLK,1.0,11.0,169931676.8305,0.030031112706537612
A2,2024-02-29,2024-03-01,ESTC,133.72,129.0,115.844,-1340.97,-3.785,1,stop,73,84.0,3.0,8.0,185.0,418,25.0,418,16.0,418,XLK,5.0,11.0,145420796.4675,0.036827903519422535
A2,2024-01-19,2024-03-11,ANF,100.91,97.13,114.286,615.26,3.538,52,close<MA;partial,56,7.0,,,22.0,263,27.0,263,3.0,263,XLY,6.0,11.0,141877298.03399998,0.03746676821582078
A2,2024-02-29,2024-03-19,NTNX,62.15,60.38,62.8974,150.05,0.424,19,partial;stop,73,84.0,3.0,8.0,208.0,418,64.0,418,23.0,418,XLK,5.0,11.0,150450441.54500002,0.02947752180301776
A2,2024-04-04,2024-04-10,NTRA,96.34,93.07,94.6353,-90.15,-0.52,6,partial;stop,80,3.0,,,136.0,327,31.0,326,22.0,326,XLV,7.0,11.0,134323070.47250003,0.03393098210913481
A2,2024-04-03,2024-04-12,DELL,122.14,117.66,121.3685,-59.56,-0.173,9,partial;stop,35,13.0,1.0,8.0,232.0,340,23.0,339,50.0,338,XLK,6.0,11.0,910972514.0105,0.037181344684934635
A2,2024-04-05,2024-04-12,CART,38.87,37.51,38.4116,-119.27,-0.339,7,partial;stop,73,67.0,6.0,7.0,44.0,338,22.0,337,121.0,337,XLI,3.0,11.0,122120253.853,0.03509296420996978
A2,2024-05-07,2024-05-09,GE,168.15,167.22,167.0528,-84.33,-1.18,2,stop,36,36.0,6.0,11.0,81.0,438,30.0,433,31.0,432,XLK,9.0,11.0,1139587252.575,0.031331767955924836
A2,2024-05-10,2024-05-13,WING,401.36,387.45,387.0625,-171.58,-1.028,3,stop,58,7.0,,,81.0,430,57.0,424,30.0,422,XLY,8.0,11.0,193752217.6165,0.03586834294905898
A2,2024-05-10,2024-05-13,EME,384.99,379.24,378.8588,-184.08,-1.066,3,stop,17,4.0,,,87.0,430,19.0,424,38.0,422,XLI,4.0,11.0,165313355.633,0.024359610100781748
A2,2024-05-13,2024-05-15,SCCO,113.41,111.42,111.3085,-182.47,-1.056,2,stop,10,9.0,,,182.0,431,28.0,425,57.0,423,XLB,3.0,11.0,169563003.20565695,0.033836622527303836
A2,2024-05-13,2024-05-16,WSM,160.9,156.94,156.7781,-177.06,-1.04,3,stop,57,3.0,,,97.0,431,39.0,425,27.0,423,XLY,9.0,11.0,226864979.2755,0.02745159588786427
A2,2024-05-09,2024-05-23,DOC,19.4,19.13,19.5594,103.37,0.594,14,partial;stop,67,7.0,,,188.0,437,18.0,432,67.0,430,XLRE,11.0,11.0,103124671.7115,0.02430327795496024
A2,2024-05-08,2024-06-03,DELL,129.83,126.0,140.2507,468.95,2.721,26,close<MA;partial,35,21.0,5.0,11.0,170.0,432,24.0,427,35.0,426,XLK,9.0,11.0,702010042.8165,0.04005526299525768
A2,2024-06-10,2024-06-11,TMDX,144.37,138.41,138.2695,-353.78,-1.023,1,stop,38,17.0,5.0,6.0,93.0,338,12.0,333,33.0,331,XLV,9.0,11.0,100325946.441,0.04129187386204739
A2,2024-06-25,2024-07-01,SNAP,16.19,15.68,15.6692,-360.86,-1.031,6,stop,73,80.0,9.0,9.0,192.0,408,25.0,405,269.0,401,XLK,2.0,11.0,271115460.91699994,0.03114979992827497
A2,2024-07-08,2024-07-09,CRWD,395.03,383.7,383.3133,-351.64,-1.034,1,stop,73,61.0,6.0,7.0,22.0,361,58.0,358,51.0,352,XLK,1.0,11.0,2803220711.0,0.028700378834692526
A2,2024-07-08,2024-07-09,CAVA,97.74,93.89,93.7961,-358.78,-1.024,1,stop,58,7.0,,,117.0,361,24.0,358,13.0,352,XLY,3.0,11.0,258560046.25299996,0.04345847542694905
A2,2024-07-09,2024-07-10,VST,94.59,90.74,90.6493,-177.54,-1.024,1,stop,49,5.0,,,163.0,358,66.0,355,13.0,349,XLU,4.0,11.0,677096203.448,0.052971060876685946
A2,2024-06-17,2024-07-11,FTAI,88.73,85.36,96.712,814.3,2.37,24,close<MA;partial,73,69.0,7.0,8.0,88.0,355,24.0,350,26.0,348,XLK,1.0,11.0,90409846.7795,0.03956412876148925
A2,2024-07-10,2024-07-11,CLS,60.71,59.1,59.0409,-176.95,-1.037,1,stop,36,41.0,2.0,7.0,61.0,357,72.0,354,20.0,348,XLK,1.0,11.0,104563698.973,0.038811226142132484
A2,2024-07-15,2024-07-17,COHR,79.41,78.4,78.0619,-218.29,-1.335,2,stop,38,23.0,5.0,7.0,46.0,360,38.0,357,25.0,351,XLV,5.0,11.0,130327103.82050002,0.036012313128354054
A2,2024-07-15,2024-07-17,CLS,62.15,59.75,59.6902,-352.04,-1.025,2,stop,36,41.0,3.0,7.0,82.0,360,53.0,357,21.0,351,XLK,1.0,11.0,102791115.566,0.040984094734447564
A2,2024-07-24,2024-07-25,TMDX,155.9,148.98,148.7911,-170.51,-1.028,1,stop,38,28.0,7.0,9.0,105.0,414,21.0,412,32.0,406,XLV,5.0,11.0,87558400.214,0.044346653969619586
A2,2024-07-30,2024-07-31,SFM,102.19,99.65,96.6832,-369.09,-2.168,1,stop,54,1.0,,,217.0,474,63.0,472,28.0,465,XLP,8.0,11.0,99664621.323,0.02486447639036084
A2,2024-08-26,2024-08-27,KNSL,490.6,483.46,482.517,-185.8,-1.133,1,stop,63,5.0,,,21.0,544,69.0,541,352.0,535,XLF,3.0,11.0,75370302.276,0.027818412250350467
A2,2024-08-22,2024-08-28,IRM,112.9,111.51,113.0589,17.49,0.112,6,partial;stop,67,13.0,2.0,16.0,98.0,601,28.0,599,40.0,593,XLRE,1.0,11.0,223744104.1835,0.02677209773224242
A2,2024-08-23,2024-08-30,TPL,285.17,278.07,285.9915,18.86,0.115,7,partial;stop,67,11.0,1.0,14.0,222.0,550,25.0,548,41.0,542,XLRE,1.0,11.0,75181866.2076,0.03174246363983789
A2,2024-08-29,2024-09-03,NEM,52.82,52.44,52.3876,-104.89,-1.137,5,stop,10,9.0,,,115.0,481,67.0,477,20.0,471,XLB,9.0,11.0,325967876.818,0.027415644244534503
A2,2024-08-23,2024-09-06,MMM,130.12,128.85,130.719,58.11,0.472,14,partial;stop,38,37.0,9.0,14.0,29.0,550,45.0,548,32.0,542,XLV,2.0,11.0,722784773.953,0.02710496376504361
A2,2024-09-05,2024-09-06,CNK,28.46,27.7,27.6768,-175.08,-1.037,1,stop,78,2.0,,,145.0,363,7.0,359,24.0,354,XLC,9.0,11.0,60278176.045,0.02649198515646376
A2,2024-09-30,2024-10-01,SN,108.79,106.92,106.8131,-233.12,-1.057,1,stop,36,45.0,8.0,11.0,52.0,469,31.0,465,27.0,459,XLK,10.0,11.0,137217738.4685,0.02773339918707728
A2,2024-09-30,2024-10-01,VFC,19.97,19.45,19.4306,-346.83,-1.037,1,stop,23,5.0,,,180.0,469,27.0,465,103.0,459,XLY,4.0,11.0,132407183.73999998,0.037884117299859146
A2,2024-10-04,2024-10-07,VFC,20.0,19.93,19.9101,-57.45,-1.285,3,stop,23,5.0,,,171.0,446,20.0,442,64.0,439,XLY,8.0,11.0,123044959.65249999,0.03569933454441303
A2,2024-10-04,2024-10-07,MHK,161.54,157.49,152.7871,-367.68,-2.163,3,stop,22,1.0,,,225.0,446,27.0,442,100.0,439,XLY,8.0,11.0,100727517.01449999,0.025048585230130593
A2,2024-10-01,2024-10-10,SFM,111.09,109.69,111.3798,33.27,0.209,9,partial;stop,54,1.0,,,162.0,471,63.0,467,27.0,462,XLP,7.0,11.0,131106938.951,0.026630219795105055
A2,2024-10-08,2024-10-15,CAVA,131.95,127.7,132.4487,19.38,0.117,7,partial;stop,58,7.0,,,220.0,427,39.0,424,21.0,419,XLY,10.0,11.0,314406495.322,0.03225405033804392
A2,2024-10-15,2024-10-22,GEV,271.1,263.54,270.729,-16.73,-0.049,7,partial;stop,36,40.0,6.0,8.0,71.0,381,26.0,380,27.0,376,XLK,11.0,11.0,691646980.661,0.027871752595350813
A2,2024-10-17,2024-10-30,CAVA,135.71,133.2,136.1429,41.98,0.175,13,partial;stop,58,6.0,,,144.0,375,21.0,374,23.0,369,XLY,8.0,11.0,306461881.71599996,0.032263298257465385
A2,2024-09-12,2024-11-01,VNO,35.3,34.34,41.0045,2015.36,5.982,50,close<MA;partial,67,1.0,,,69.0,365,18.0,362,54.0,357,XLRE,1.0,11.0,75930291.7065,0.02703916456903348
A2,2024-10-11,2024-11-05,YOU,33.88,33.25,35.604,645.04,2.714,25,close<MA;partial,73,53.0,2.0,8.0,131.0,385,13.0,383,38.0,379,XLK,11.0,11.0,85282595.19299999,0.03273277417915459
A2,2025-01-28,2025-02-03,AS,31.63,30.55,30.5195,-353.66,-1.028,6,stop,23,6.0,,,174.0,478,35.0,477,20.0,474,XLY,1.0,11.0,72195017.98449999,0.03692933929818711
A2,2025-02-04,2025-02-12,BROS,64.04,63.35,63.1068,-188.37,-1.35,8,stop,58,9.0,,,48.0,589,27.0,589,80.0,584,XLY,1.0,11.0,133732882.227,0.038112899262436675
A2,2025-02-13,2025-02-14,SNOW,191.11,185.2,185.0107,-353.81,-1.031,1,stop,73,102.0,1.0,15.0,110.0,597,39.0,597,124.0,590,XLK,6.0,11.0,915743734.2275,0.03289175085978037
A2,2025-01-29,2025-02-19,AXON,640.64,632.14,644.1202,69.6,0.409,21,partial;stop,34,3.0,,,311.0,515,68.0,514,34.0,511,XLI,5.0,11.0,334257522.07449996,0.03119803858028445
A2,2025-06-24,2025-07-01,IRTC,151.31,147.35,152.0262,60.06,0.181,7,partial;stop,38,20.0,9.0,12.0,205.0,519,58.0,514,26.0,511,XLV,11.0,11.0,68226992.145,0.026298419070914302
A2,2025-07-07,2025-07-08,RBLX,106.28,103.24,103.137,-351.59,-1.034,1,stop,73,95.0,6.0,13.0,149.0,571,52.0,567,36.0,564,XLK,1.0,11.0,875741950.6985,0.028566616604998197
A2,2025-07-08,2025-07-09,KGC,16.11,15.65,15.1848,-690.97,-2.034,1,stop,10,18.0,4.0,14.0,352.0,577,251.0,573,40.0,570,XLB,6.0,11.0,305264944.5215,0.02812190175337038
A2,2025-07-09,2025-07-10,SLNO,87.25,85.26,85.1747,-298.43,-1.043,1,stop,28,44.0,10.0,15.0,175.0,592,330.0,586,24.0,583,XLV,11.0,11.0,88173753.42,0.03444557263685946
A2,2025-07-14,2025-08-01,FIVE,134.45,130.62,135.6166,49.98,0.303,18,partial;stop,53,8.0,,,304.0,594,35.0,588,137.0,585,XLY,4.0,11.0,154138466.91,0.028482536824612874
A2,2025-07-11,2025-08-18,RBLX,108.11,104.81,116.1669,402.95,2.444,38,close<MA;partial,73,102.0,8.0,13.0,177.0,607,57.0,601,30.0,598,XLK,1.0,11.0,785481283.467,0.030516716912343513
A2,2025-09-10,2025-09-11,COMM,16.63,16.16,16.1438,-351.94,-1.035,1,stop,36,56.0,3.0,12.0,322.0,555,13.0,553,15.0,546,XLK,2.0,11.0,97529794.27550001,0.03877196589437124
A2,2025-09-04,2025-09-23,W,82.02,79.13,83.6877,193.23,0.576,19,partial;stop,59,9.0,,,225.0,576,31.0,571,27.0,566,XLY,3.0,11.0,343561259.547,0.042933949864321946
A2,2025-09-19,2025-09-23,COMM,16.85,16.33,16.3137,-350.29,-1.032,4,stop,36,54.0,2.0,13.0,286.0,588,19.0,586,24.0,580,XLK,2.0,11.0,84431482.57050002,0.034131359353234296
A2,2025-10-29,2025-10-30,TTMI,62.66,59.67,59.6135,-344.54,-1.02,1,stop,36,72.0,1.0,16.0,355.0,761,245.0,754,52.0,749,XLK,1.0,11.0,124541367.3005,0.04770602954826222
A2,2025-10-01,2025-11-11,IONS,65.62,64.92,69.4695,736.1,5.581,41,close<MA;partial,28,60.0,6.0,15.0,30.0,658,75.0,656,89.0,650,XLV,8.0,11.0,168498629.40350002,0.030980452060380574
A2,2025-12-02,2025-12-04,INDV,34.1,33.52,33.4815,-230.98,-1.057,2,stop,28,73.0,4.0,21.0,123.0,820,114.0,815,43.0,808,XLV,1.0,11.0,62532393.09199999,0.04144523143570489
A2,2025-12-09,2025-12-16,SPHR,85.57,83.94,86.6333,156.97,0.655,7,partial;stop,,,,,146.0,752,52.0,746,55.0,741,,,,63810307.2605,0.03950483516179249
A2,2025-12-22,2026-01-02,RVMD,81.57,78.75,78.6706,-344.79,-1.028,11,stop,28,63.0,1.0,14.0,262.0,736,20.0,733,74.0,727,XLV,1.0,11.0,195023383.56,0.03455571550097307
A2,2026-01-06,2026-01-12,GH,108.95,105.06,109.8281,75.62,0.226,6,partial;stop,80,4.0,,,426.0,563,24.0,561,54.0,555,XLV,1.0,11.0,186757318.537,0.0356666348466978
A2,2026-01-07,2026-01-27,RVMD,82.05,79.94,103.3824,3284.88,10.1,20,close<MA;partial,28,49.0,2.0,12.0,329.0,586,25.0,584,56.0,577,XLV,1.0,11.0,187608311.313,0.03013235996474096
A2,2026-01-06,2026-01-30,DG,139.97,139.01,142.0417,184.4,2.159,24,close<MA;partial,53,9.0,,,33.0,563,57.0,561,260.0,555,XLY,8.0,11.0,545977769.949,0.031177557325415474
A2,2026-04-09,2026-04-10,KGS,60.46,60.18,60.1198,-73.91,-1.215,1,stop,,,,,233.0,949,37.0,944,61.0,940,,,,64997783.72234372,0.03226946330832692
A2,2026-04-14,2026-04-15,NSA,41.54,41.36,41.3186,-70.42,-1.228,1,stop,67,18.0,11.0,19.0,51.0,932,144.0,926,220.0,922,XLRE,5.0,11.0,106452510.1510598,0.026713161719844253
A2,2026-04-13,2026-04-17,KGS,61.54,60.8,61.0889,-96.41,-0.61,4,partial;stop,,,,,249.0,921,41.0,915,80.0,911,,,,65020581.446431555,0.029900115757654645
A2,2026-05-01,2026-05-07,GSAT,82.63,80.81,82.1578,-45.11,-0.261,6,partial;stop,48,18.0,11.0,20.0,166.0,937,180.0,932,57.0,926,XLC,10.0,11.0,181574966.09931034,0.02800313761524087
A2,2026-05-20,2026-05-27,RVMD,151.58,148.02,151.9565,18.0,0.105,7,partial;stop,28,70.0,8.0,22.0,401.0,1040,94.0,1036,57.0,1028,XLV,10.0,11.0,410012683.3422704,0.04503357159605833
A2,2026-06-10,2026-06-22,RAL,64.3,62.03,68.662,666.74,1.919,12,end-of-test;partial,38,53.0,5.0,23.0,37.0,1006,154.0,1000,340.0,992,XLV,8.0,11.0,119698076.45214522,0.03532192368356983
A2,2026-06-22,2026-06-22,GTX,35.09,34.4,34.42,-251.27,-0.971,0,end-of-test,,,,,300.0,1050,67.0,1042,103.0,1031,,,,96584739.27807355,0.03877101661717686
A3,2019-04-12,2019-04-15,DELL,32.49,32.02,31.9867,-232.84,-1.068,3,stop,35,10.0,2.0,5.0,14.0,210,25.0,210,,206,XLK,1.0,11.0,127126179.4150568,0.026462810525277918
A3,2019-04-16,2019-04-17,IRBT,130.23,127.66,127.5349,-309.94,-1.05,1,stop,36,14.0,1.0,4.0,107.0,196,13.0,196,26.0,192,XLK,1.0,11.0,73918675.71650001,0.03374606783758962
A3,2019-04-11,2019-04-18,OLED,168.42,164.5,169.6578,110.32,0.316,7,partial;stop,36,17.0,1.0,5.0,66.0,205,2.0,205,22.0,201,XLK,1.0,11.0,97788382.726,0.02676104414020889
A3,2019-04-24,2019-04-25,OLED,175.04,171.08,170.3994,-394.86,-1.172,1,stop,36,10.0,1.0,4.0,48.0,179,5.0,178,22.0,175,XLK,1.0,11.0,94499615.975,0.0243314179255678
A3,2019-04-30,2019-05-01,CYBR,129.87,127.5,127.3725,-284.69,-1.054,1,stop,73,43.0,2.0,5.0,39.0,192,12.0,192,11.0,190,XLK,1.0,11.0,97629195.386,0.03183918256328337
A3,2019-05-06,2019-05-07,ZS,69.57,66.79,66.7187,-404.81,-1.024,1,stop,73,43.0,2.0,5.0,130.0,216,17.0,214,11.0,213,XLK,1.0,11.0,117006223.43200001,0.040017783948338284
A3,2019-05-09,2019-05-13,PAYC,208.42,202.62,202.4151,-198.1,-1.035,4,stop,73,46.0,2.0,5.0,26.0,254,42.0,252,14.0,251,XLK,1.0,11.0,132390038.052,0.027831038173923194
A3,2019-05-10,2019-05-13,ZS,70.06,68.23,68.166,-202.66,-1.037,3,stop,73,48.0,2.0,6.0,59.0,269,15.0,267,9.0,266,XLK,1.0,11.0,111842576.5095,0.04446320705365598
A3,2019-06-18,2019-06-19,MTCH,73.75,71.58,71.5084,-202.07,-1.033,1,stop,73,55.0,1.0,5.0,111.0,244,16.0,239,26.0,236,XLK,6.0,11.0,94403184.70099999,0.030018431531126953
A3,2019-07-08,2019-07-09,SNAP,15.3,15.01,14.995,-205.63,-1.051,1,stop,73,43.0,1.0,4.0,30.0,206,17.0,201,6.0,200,XLK,3.0,11.0,335186661.871,0.03536453718531386
A3,2019-07-15,2019-07-16,OKTA,137.94,134.37,134.2356,-203.62,-1.038,1,stop,73,40.0,1.0,4.0,102.0,198,11.0,191,17.0,190,XLK,2.0,11.0,253135229.38450003,0.0334849214090996
A3,2019-07-19,2019-07-23,AYX,119.38,116.71,116.5959,-205.97,-1.044,4,stop,73,41.0,1.0,4.0,43.0,192,12.0,184,25.0,183,XLK,5.0,11.0,132727663.625,0.031624335687210056
A3,2019-07-25,2019-07-29,AYX,121.62,119.55,119.4304,-210.34,-1.058,4,stop,73,37.0,1.0,4.0,33.0,182,13.0,176,25.0,173,XLK,3.0,11.0,134132744.677,0.031753876699700465
A3,2019-07-26,2019-07-29,ZS,87.09,86.7,86.6133,-81.95,-1.224,3,stop,73,36.0,1.0,4.0,26.0,187,21.0,181,12.0,178,XLK,2.0,11.0,178785654.86200002,0.03339904990501587
A3,2019-07-08,2019-08-01,PAGS,40.86,40.22,43.5763,828.24,4.238,24,close<MA;partial,73,43.0,1.0,4.0,20.0,206,13.0,201,19.0,200,XLK,3.0,11.0,71759498.6895,0.03194294327092596
A3,2019-07-09,2019-08-05,PLAN,53.52,52.77,54.5379,263.75,1.35,27,close<MA;partial,73,41.0,1.0,4.0,39.0,204,8.0,199,13.0,198,XLK,4.0,11.0,138636218.7125,0.03831620782021113
A3,2019-09-26,2019-09-27,TER,59.79,58.92,58.8611,-228.45,-1.068,1,stop,38,10.0,3.0,9.0,63.0,293,17.0,293,13.0,283,XLV,10.0,11.0,107922385.96200001,0.024941961321448318
A3,2019-10-15,2019-10-16,KLAC,16.28,15.96,15.942,-308.35,-1.049,1,stop,38,10.0,1.0,6.0,31.0,241,9.0,240,27.0,231,XLV,7.0,11.0,229389376.78999996,0.02428970015413307
A3,2019-11-13,2019-11-20,KLAC,17.64,17.31,17.2967,-285.12,-1.053,7,stop,38,14.0,2.0,6.0,101.0,274,29.0,273,13.0,267,XLV,5.0,11.0,232732583.3375,0.025392629736554713
A3,2019-11-21,2019-12-02,ALGN,273.13,267.43,274.2036,36.4,0.188,11,partial;stop,38,12.0,2.0,6.0,22.0,267,11.0,263,190.0,257,XLV,4.0,11.0,237372159.51800004,0.027499156159062278
A3,2019-12-31,2020-01-02,ICPT,125.12,122.5,121.1587,-460.09,-1.511,2,stop,28,24.0,1.0,3.0,34.0,145,9.0,145,17.0,142,XLV,2.0,11.0,94709765.8215,0.0444376002910318
A3,2020-01-09,2020-01-13,GBT,83.01,82.01,81.928,-187.91,-1.082,4,stop,28,27.0,1.0,3.0,95.0,144,11.0,144,20.0,140,XLV,2.0,11.0,81574408.899,0.03757659871569632
A3,2020-07-07,2020-07-10,REGN,646.98,628.23,627.6018,-387.49,-1.034,3,stop,28,60.0,5.0,20.0,228.0,798,518.0,790,54.0,782,XLV,9.0,11.0,653546572.7685,0.03450751011991388
A3,2020-12-01,2020-12-02,MRTX,240.82,233.4,231.9079,-222.82,-1.201,1,stop,28,61.0,4.0,18.0,498.0,718,57.0,706,48.0,698,XLV,9.0,11.0,98107735.286,0.04317769444735716
A3,2021-06-01,2021-06-03,WPM,48.94,48.07,47.6523,-284.34,-1.481,2,stop,10,12.0,2.0,13.0,51.0,531,36.0,525,282.0,507,XLB,2.0,11.0,102780765.984,0.028414006316419986
A3,2021-06-07,2021-06-08,CHK,55.65,54.62,54.5654,-200.92,-1.053,1,stop,13,22.0,2.0,12.0,85.0,474,111.0,469,31.0,453,XLE,11.0,11.0,66409931.78199999,0.03306294942036779
A3,2021-06-15,2021-06-16,CHK,57.05,55.47,55.4184,-197.06,-1.035,1,stop,13,20.0,1.0,8.0,219.0,393,58.0,388,27.0,372,XLE,10.0,11.0,69617613.08,0.027576266602600086
A3,2021-06-23,2021-07-06,AR,14.36,13.93,14.595,101.04,0.531,13,partial;stop,13,21.0,1.0,9.0,206.0,438,27.0,431,32.0,417,XLE,2.0,11.0,76607287.71650001,0.04785826572896844
A3,2021-07-07,2021-07-08,BHVN,114.86,110.27,110.1622,-390.31,-1.024,1,stop,28,50.0,3.0,11.0,160.0,473,27.0,463,241.0,449,XLV,2.0,11.0,85863141.9745,0.039979971162211685
A3,2021-08-10,2021-08-11,DOCU,310.82,301.09,300.7873,-391.14,-1.031,1,stop,73,78.0,1.0,9.0,110.0,452,31.0,447,100.0,439,XLK,1.0,11.0,561881526.4255,0.03129830118979902
A3,2021-09-16,2021-09-20,NET,132.22,128.1,125.1547,-671.4,-1.716,4,stop,73,73.0,2.0,8.0,145.0,361,48.0,351,24.0,335,XLK,1.0,11.0,292645424.924,0.033408599261417656
A3,2021-09-02,2021-09-28,ASAN,87.98,83.19,107.1206,1512.28,3.996,26,close<MA;partial,73,84.0,1.0,6.0,154.0,366,18.0,356,15.0,337,XLK,1.0,11.0,100038672.2975,0.05444840244045716
A3,2021-08-27,2021-09-29,TEAM,357.86,350.99,381.5903,925.58,3.456,33,close<MA;partial,73,89.0,2.0,7.0,26.0,413,23.0,405,39.0,389,XLK,1.0,11.0,406655795.026,0.03290616628590308
A3,2021-12-03,2021-12-06,ON,65.54,63.15,63.0844,-394.62,-1.026,3,stop,36,40.0,3.0,18.0,61.0,639,35.0,624,39.0,604,XLK,3.0,11.0,353773360.7475,0.036437189786047694
A3,2021-12-13,2021-12-14,QCOM,188.96,183.11,181.0188,-516.1,-1.358,1,stop,36,39.0,2.0,17.0,35.0,646,62.0,628,83.0,610,XLK,3.0,11.0,2249561546.3805,0.03301786119603847
A3,2021-12-23,2021-12-30,PSTG,33.81,32.82,32.7872,-394.21,-1.033,7,stop,35,27.0,4.0,19.0,25.0,719,70.0,708,20.0,694,XLK,1.0,11.0,161280693.486,0.046690278173210614
A3,2021-12-29,2021-12-30,STX,114.4,114.1,113.9859,-52.3,-1.375,1,stop,35,25.0,3.0,17.0,49.0,659,42.0,649,101.0,637,XLK,1.0,11.0,217924458.50050002,0.030198642798375547
A3,2022-01-05,2022-01-06,QCOM,192.87,187.15,184.3355,-281.73,-1.492,1,stop,36,35.0,1.0,11.0,207.0,478,28.0,470,70.0,456,XLK,2.0,11.0,1465463864.948,0.029664090174662795
A3,2022-01-04,2022-01-19,F,22.54,22.42,23.0438,316.82,4.092,15,partial;stop,37,15.0,3.0,10.0,117.0,485,26.0,477,31.0,463,XLY,2.0,11.0,1648239768.9880002,0.03405848853253307
A3,2023-02-13,2023-02-17,JBL,83.74,82.34,83.8111,11.54,0.048,4,partial;stop,36,39.0,4.0,15.0,160.0,529,94.0,527,34.0,525,XLK,2.0,11.0,118278283.599,0.02427448460120101
A3,2023-02-15,2023-02-17,GE,67.13,65.79,65.7283,-299.98,-1.049,2,stop,36,38.0,1.0,14.0,284.0,528,69.0,527,37.0,525,XLK,2.0,11.0,552495591.8029746,0.024555213731506844
A3,2023-02-01,2023-02-24,PEN,253.47,250.47,256.1735,151.21,0.899,23,partial;stop,38,33.0,4.0,13.0,235.0,494,31.0,492,10.0,490,XLV,11.0,11.0,76280042.2365,0.03727650502629915
A3,2023-03-30,2023-04-03,FSLR,218.85,212.54,212.3275,-391.27,-1.034,4,stop,36,33.0,2.0,14.0,15.0,611,42.0,611,37.0,608,XLK,2.0,11.0,590990282.6559999,0.03638518067776544
A3,2023-03-30,2023-04-05,CRM,197.97,195.49,195.2945,-189.8,-1.079,6,stop,73,95.0,3.0,14.0,20.0,611,32.0,611,137.0,608,XLK,2.0,11.0,1827814743.3425,0.026213797893621847
A3,2023-03-30,2023-04-05,HUBS,416.11,414.12,413.7059,-81.59,-1.209,6,stop,73,95.0,3.0,14.0,92.0,611,33.0,611,55.0,608,XLK,2.0,11.0,229597760.31,0.03580114408478865
A3,2023-03-30,2023-04-05,COTY,11.95,11.91,11.8981,-63.87,-1.284,6,stop,28,38.0,4.0,14.0,115.0,611,48.0,611,29.0,608,XLB,5.0,11.0,63216959.309,0.02444583470237635
A3,2023-03-31,2023-04-05,GE,75.85,75.27,75.1921,-123.58,-1.13,5,stop,36,33.0,2.0,14.0,46.0,590,39.0,590,17.0,587,XLK,1.0,11.0,830753460.3003852,0.02512853770397176
A3,2023-03-31,2023-04-05,MELI,1275.15,1266.12,1264.8589,-113.25,-1.14,5,stop,73,95.0,3.0,14.0,118.0,590,35.0,590,53.0,587,XLI,5.0,11.0,559766732.3445,0.03340729951626377
A3,2023-04-13,2023-04-19,META,217.16,215.69,213.2585,-253.4,-2.658,6,stop,73,77.0,1.0,12.0,33.0,470,17.0,470,33.0,467,XLK,1.0,11.0,5376991009.745,0.026253861767040303
A3,2023-04-17,2023-04-25,SHOP,48.8,46.95,46.8996,-193.71,-1.025,8,stop,73,66.0,1.0,9.0,153.0,395,43.0,394,22.0,392,XLK,1.0,11.0,614434677.8855001,0.037955257324370675
A3,2023-04-17,2023-04-25,IOT,20.28,20.2,20.6833,281.3,5.021,8,partial;stop,73,66.0,1.0,9.0,262.0,395,8.0,394,25.0,392,XLK,1.0,11.0,60944290.972,0.04315501047940568
A3,2023-03-31,2023-04-27,RETA,92.84,88.01,98.38,437.44,1.146,27,close<MA;partial,28,35.0,4.0,14.0,264.0,590,3.0,590,4.0,587,XLV,10.0,11.0,80916706.0305,0.05534117602684037
A3,2023-04-12,2023-04-27,ALGN,342.72,331.73,329.0136,-233.05,-1.247,15,partial;stop,38,14.0,4.0,13.0,123.0,480,25.0,480,33.0,477,XLV,5.0,11.0,259379612.0935,0.03356482389979073
A3,2023-06-05,2023-06-07,IMGN,14.92,14.8,14.7902,-122.67,-1.129,2,stop,28,28.0,2.0,9.0,102.0,413,3.0,412,6.0,411,XLV,5.0,11.0,93378919.002,0.05427805626455331
A3,2023-06-06,2023-06-08,APLS,92.7,90.0,89.91,-388.17,-1.033,2,stop,28,26.0,2.0,8.0,211.0,406,29.0,404,24.0,402,XLV,4.0,11.0,113113113.948,0.03339608108720817
A3,2023-06-13,2023-06-14,APLS,93.57,90.76,90.6692,-191.68,-1.032,1,stop,28,27.0,2.0,8.0,280.0,406,49.0,404,28.0,403,XLV,6.0,11.0,100266325.562,0.032533794949069446
A3,2023-06-15,2023-07-24,META,276.85,271.42,292.1299,519.63,2.816,39,close<MA;partial,73,88.0,1.0,8.0,128.0,423,62.0,421,10.0,419,XLK,1.0,11.0,5555939540.3395,0.026129725232213567
A3,2023-08-30,2023-09-11,MTDR,62.5,61.51,61.4485,-237.14,-1.062,12,stop,13,14.0,2.0,7.0,22.0,316,40.0,315,120.0,314,XLE,1.0,11.0,73697120.33500001,0.02779178321845418
A3,2023-11-14,2023-11-15,NTNX,39.74,39.13,39.0909,-230.33,-1.064,1,stop,73,85.0,1.0,10.0,210.0,469,13.0,467,27.0,466,XLK,1.0,11.0,63132989.850999996,0.027902542876771824
A3,2023-11-06,2023-12-01,DELL,70.84,69.76,71.2667,84.33,0.394,25,partial;stop,35,27.0,2.0,11.0,186.0,500,8.0,498,31.0,497,XLK,1.0,11.0,302399346.0625,0.024981896864854813
A3,2024-02-09,2024-02-12,STNE,18.89,18.12,18.0419,-413.3,-1.095,3,stop,73,72.0,2.0,9.0,112.0,376,17.0,376,77.0,374,XLK,1.0,11.0,95155144.5025,0.040945986701717216
A3,2024-02-07,2024-02-13,CRWD,308.08,306.71,306.4033,-75.35,-1.224,6,stop,73,67.0,3.0,9.0,29.0,360,29.0,360,12.0,359,XLK,1.0,11.0,943254585.4549999,0.029268358240079166
A3,2024-02-20,2024-02-21,APLS,69.46,67.25,67.0629,-401.05,-1.085,1,stop,28,35.0,2.0,9.0,199.0,423,73.0,423,15.0,421,XLV,2.0,11.0,97665647.054,0.038136542760269114
A3,2024-04-03,2024-04-12,DELL,122.14,117.66,121.3685,-31.71,-0.173,9,partial;stop,35,13.0,1.0,8.0,232.0,340,23.0,339,50.0,338,XLK,6.0,11.0,910972514.0105,0.037181344684934635
A3,2024-07-10,2024-07-11,CLS,60.71,59.1,59.0409,-190.31,-1.037,1,stop,36,41.0,2.0,7.0,61.0,357,72.0,354,20.0,348,XLK,1.0,11.0,104563698.973,0.038811226142132484
A3,2024-08-22,2024-08-28,IRM,112.9,111.51,113.0545,18.51,0.109,6,partial;stop,67,13.0,2.0,16.0,98.0,601,28.0,599,40.0,593,XLRE,1.0,11.0,223744104.1835,0.02677209773224242
A3,2024-08-23,2024-08-30,TPL,285.17,278.07,286.0595,23.09,0.125,7,partial;stop,67,11.0,1.0,14.0,222.0,550,25.0,548,41.0,542,XLRE,1.0,11.0,75181866.2076,0.03174246363983789
A3,2024-08-29,2024-08-30,ALNY,286.29,279.41,265.734,-534.35,-2.989,1,stop,28,33.0,2.0,10.0,39.0,481,6.0,477,18.0,471,XLV,2.0,11.0,249363475.3265,0.03750642038116878
A3,2024-10-11,2024-11-05,YOU,33.88,33.25,35.606,699.21,2.717,25,close<MA;partial,73,53.0,2.0,8.0,131.0,385,13.0,383,38.0,379,XLK,11.0,11.0,85282595.19299999,0.03273277417915459
A3,2025-02-13,2025-02-14,SNOW,191.11,185.2,185.0107,-378.21,-1.031,1,stop,73,102.0,1.0,15.0,110.0,597,39.0,597,124.0,590,XLK,6.0,11.0,915743734.2275,0.03289175085978037
A3,2025-07-08,2025-07-09,KGC,16.11,15.65,15.1848,-749.93,-2.034,1,stop,10,18.0,4.0,14.0,352.0,577,251.0,573,40.0,570,XLB,6.0,11.0,305264944.5215,0.02812190175337038
A3,2025-09-10,2025-09-11,COMM,16.63,16.16,16.1438,-378.01,-1.035,1,stop,36,56.0,3.0,12.0,322.0,555,13.0,553,15.0,546,XLK,2.0,11.0,97529794.27550001,0.03877196589437124
A3,2025-09-19,2025-09-23,COMM,16.85,16.33,16.3137,-187.67,-1.032,4,stop,36,54.0,2.0,13.0,286.0,588,19.0,586,24.0,580,XLK,2.0,11.0,84431482.57050002,0.034131359353234296
A3,2025-10-29,2025-10-30,TTMI,62.66,59.67,59.6135,-182.94,-1.02,1,stop,36,72.0,1.0,16.0,355.0,761,245.0,754,52.0,749,XLK,1.0,11.0,124541367.3005,0.04770602954826222
A3,2025-12-02,2025-12-04,INDV,34.1,33.52,33.4815,-191.13,-1.057,2,stop,28,73.0,4.0,21.0,123.0,820,114.0,815,43.0,808,XLV,1.0,11.0,62532393.09199999,0.04144523143570489
A3,2025-12-22,2026-01-02,RVMD,81.57,78.75,78.6706,-185.43,-1.028,11,stop,28,63.0,1.0,14.0,262.0,736,20.0,733,74.0,727,XLV,1.0,11.0,195023383.56,0.03455571550097307
A3,2026-01-07,2026-01-27,RVMD,82.05,79.94,103.389,1813.65,10.103,20,close<MA;partial,28,49.0,2.0,12.0,329.0,586,25.0,584,56.0,577,XLV,1.0,11.0,187608311.313,0.03013235996474096
A3,2026-06-10,2026-06-22,RAL,64.3,62.03,68.6613,705.85,1.918,12,end-of-test;partial,38,53.0,5.0,23.0,37.0,1006,154.0,1000,340.0,992,XLV,8.0,11.0,119698076.45214522,0.03532192368356983
A4,2019-04-02,2019-04-04,ZEN,86.57,84.55,84.4655,-363.31,-1.042,2,stop,73,48.0,1.0,4.0,50.0,223,31.0,222,29.0,216,XLK,1.0,11.0,139155671.17249998,0.029797391868684308
A4,2019-04-03,2019-04-04,RNG,111.81,109.78,109.6702,-284.82,-1.054,1,stop,73,49.0,1.0,4.0,58.0,223,73.0,222,37.0,217,XLK,1.0,11.0,69359090.523,0.030451926887957958
A4,2019-04-12,2019-04-18,ANET,20.33,20.2,20.1748,-117.56,-1.147,6,stop,35,10.0,2.0,5.0,41.0,210,18.0,210,29.0,206,XLK,1.0,11.0,252800991.57200003,0.024050609252083945
A4,2019-04-15,2019-04-18,OLED,171.73,169.87,169.7001,-178.77,-1.091,3,stop,36,14.0,1.0,4.0,49.0,198,6.0,198,18.0,194,XLK,1.0,11.0,93831295.985,0.026556198584836536
A4,2019-04-17,2019-04-18,ON,23.28,22.54,22.5183,-416.15,-1.03,1,stop,36,15.0,1.0,4.0,87.0,192,46.0,192,30.0,188,XLK,1.0,11.0,137762757.3445,0.03188760335602088
A4,2019-04-15,2019-04-22,IRBT,130.13,126.76,126.6332,-405.3,-1.038,7,stop,36,14.0,1.0,4.0,116.0,198,15.0,198,25.0,194,XLK,1.0,11.0,73628324.9615,0.033991772541086984
A4,2019-04-23,2019-04-24,IRBT,131.48,127.6,109.1008,-1141.41,-5.766,1,stop,36,10.0,1.0,4.0,71.0,178,15.0,177,26.0,173,XLK,1.0,11.0,74131292.43249999,0.03064431567760199
A4,2019-04-24,2019-04-25,ON,23.31,22.67,22.6484,-204.78,-1.035,1,stop,36,10.0,1.0,4.0,93.0,179,43.0,178,29.0,175,XLK,1.0,11.0,135212381.73700002,0.027546423197294546
A4,2019-04-24,2019-04-25,OLED,175.04,171.08,170.3994,-227.63,-1.172,1,stop,36,10.0,1.0,4.0,48.0,179,5.0,178,22.0,175,XLK,1.0,11.0,94499615.975,0.0243314179255678
A4,2019-04-05,2019-04-26,SWKS,86.98,85.73,87.1974,37.7,0.177,21,partial;stop,36,17.0,1.0,4.0,93.0,216,56.0,216,110.0,210,XLK,1.0,11.0,136694309.9885,0.02516886808137133
A4,2019-04-30,2019-05-01,CYBR,129.87,127.5,127.3725,-282.19,-1.054,1,stop,73,43.0,2.0,5.0,39.0,192,12.0,192,11.0,190,XLK,1.0,11.0,97629195.386,0.03183918256328337
A4,2019-04-30,2019-05-01,SMAR,42.24,41.76,41.7182,-181.81,-1.087,1,stop,73,43.0,2.0,5.0,83.0,192,18.0,192,16.0,190,XLK,1.0,11.0,67101206.523,0.03932116377772193
A4,2019-05-01,2019-05-02,RNG,117.33,114.76,114.6452,-332.56,-1.045,1,stop,73,43.0,2.0,5.0,52.0,197,28.0,196,28.0,195,XLK,1.0,11.0,98372810.3995,0.027936065905124895
A4,2019-04-30,2019-05-06,LITE,62.76,61.21,61.2387,-356.62,-0.982,6,partial;stop,36,11.0,1.0,5.0,45.0,192,34.0,192,79.0,190,XLK,1.0,11.0,72071895.949,0.024728267814190758
A4,2019-05-03,2019-05-06,VEEV,142.35,140.56,137.9819,-445.77,-2.439,3,stop,73,43.0,2.0,5.0,31.0,217,27.0,215,21.0,214,XLK,1.0,11.0,140660183.551,0.02728385705644922
A4,2019-05-03,2019-05-06,RNG,117.58,115.22,115.0349,-208.49,-1.079,3,stop,73,43.0,2.0,5.0,58.0,217,33.0,215,27.0,214,XLK,1.0,11.0,99774925.66849999,0.02814471294014743
A4,2019-05-06,2019-05-07,ZS,69.57,66.79,66.7187,-193.85,-1.024,1,stop,73,43.0,2.0,5.0,130.0,216,17.0,214,11.0,213,XLK,1.0,11.0,117006223.43200001,0.040017783948338284
A4,2019-04-05,2019-05-10,FSLR,56.1,55.32,59.1542,810.42,3.941,35,close<MA;partial,36,17.0,1.0,4.0,65.0,216,106.0,216,56.0,210,XLK,1.0,11.0,70450568.59650001,0.026289482693911948
A4,2019-05-09,2019-05-13,PAYC,208.42,202.62,202.4151,-192.1,-1.035,4,stop,73,46.0,2.0,5.0,26.0,254,42.0,252,14.0,251,XLK,1.0,11.0,132390038.052,0.027831038173923194
A4,2019-05-10,2019-05-13,ZS,70.06,68.23,68.166,-386.38,-1.037,3,stop,73,48.0,2.0,6.0,59.0,269,15.0,267,9.0,266,XLK,1.0,11.0,111842576.5095,0.04446320705365598
A4,2019-06-18,2019-06-19,MTCH,73.75,71.58,71.5084,-390.68,-1.033,1,stop,73,55.0,1.0,5.0,111.0,244,16.0,239,26.0,236,XLK,6.0,11.0,94403184.70099999,0.030018431531126953
A4,2019-06-20,2019-06-21,WIX,149.14,146.7,146.5533,-199.1,-1.06,1,stop,73,56.0,1.0,5.0,89.0,255,29.0,249,31.0,246,XLK,4.0,11.0,68623124.4365,0.027992959157111398
A4,2019-07-08,2019-07-09,SNAP,15.3,15.01,14.995,-198.24,-1.051,1,stop,73,43.0,1.0,4.0,30.0,206,17.0,201,6.0,200,XLK,3.0,11.0,335186661.871,0.03536453718531386
A4,2019-07-10,2019-07-12,MTCH,73.98,71.23,71.1597,-197.69,-1.026,2,stop,73,44.0,1.0,4.0,124.0,204,23.0,198,33.0,197,XLK,5.0,11.0,109216049.2085,0.03721016099188488
A4,2019-07-09,2019-07-16,Z,48.96,48.5,48.4515,-146.16,-1.106,7,stop,73,41.0,1.0,4.0,111.0,204,18.0,199,41.0,198,XLI,10.0,11.0,110035820.251,0.032895044605216806
A4,2019-07-10,2019-07-16,VEEV,173.82,171.96,171.788,-168.96,-1.092,6,stop,73,44.0,1.0,4.0,76.0,204,19.0,198,25.0,197,XLK,5.0,11.0,255888074.76500002,0.027393745161766535
A4,2019-07-15,2019-07-16,OKTA,137.94,134.37,134.2356,-199.92,-1.038,1,stop,73,40.0,1.0,4.0,102.0,198,11.0,191,17.0,190,XLK,2.0,11.0,253135229.38450003,0.0334849214090996
A4,2019-07-08,2019-07-19,PAYC,239.57,236.4,238.8609,-41.8,-0.224,11,partial;stop,73,43.0,1.0,4.0,56.0,206,25.0,201,25.0,200,XLK,3.0,11.0,150756644.7575,0.02822000314849889
A4,2019-07-19,2019-07-23,ZS,85.59,82.58,82.4967,-194.59,-1.027,4,stop,73,41.0,1.0,4.0,53.0,192,19.0,184,19.0,183,XLK,5.0,11.0,192612444.998,0.03512533245928377
A4,2019-07-19,2019-07-23,AYX,119.38,116.71,116.5959,-197.62,-1.044,4,stop,73,41.0,1.0,4.0,43.0,192,12.0,184,25.0,183,XLK,5.0,11.0,132727663.625,0.031624335687210056
A4,2019-07-24,2019-07-29,ZS,85.59,82.94,82.86,-196.24,-1.031,5,stop,73,40.0,1.0,4.0,43.0,182,21.0,176,14.0,174,XLK,5.0,11.0,176933489.977,0.03354540264905086
A4,2019-07-25,2019-07-29,AYX,121.62,119.55,119.4304,-201.58,-1.058,4,stop,73,37.0,1.0,4.0,33.0,182,13.0,176,25.0,173,XLK,3.0,11.0,134132744.677,0.031753876699700465
A4,2019-07-24,2019-07-31,S,7.48,7.38,7.3726,-201.21,-1.076,7,stop,73,40.0,1.0,4.0,69.0,182,27.0,176,72.0,174,XLK,5.0,11.0,136472447.13,0.034980604375414844
A4,2019-07-30,2019-07-31,AYX,123.12,119.0,118.881,-190.89,-1.029,1,stop,73,39.0,1.0,4.0,35.0,178,14.0,172,15.0,169,XLK,2.0,11.0,123536359.59250002,0.03350319316933544
A4,2019-07-08,2019-08-01,PAGS,40.86,40.22,43.5763,798.35,4.238,24,close<MA;partial,73,43.0,1.0,4.0,20.0,206,13.0,201,19.0,200,XLK,3.0,11.0,71759498.6895,0.03194294327092596
A4,2019-08-01,2019-08-02,SQ,82.74,80.69,70.7292,-2042.29,-5.841,1,stop,73,43.0,1.0,4.0,36.0,196,60.0,189,75.0,186,XLK,4.0,11.0,557423726.0109999,0.02485612180374131
A4,2019-07-09,2019-08-05,PLAN,53.52,52.77,54.5289,251.35,1.338,27,close<MA;partial,73,41.0,1.0,4.0,39.0,204,8.0,199,13.0,198,XLK,4.0,11.0,138636218.7125,0.03831620782021113
A4,2019-10-15,2019-10-16,KLAC,16.28,15.96,15.942,-292.26,-1.049,1,stop,38,10.0,1.0,6.0,31.0,241,9.0,240,27.0,231,XLV,7.0,11.0,229389376.78999996,0.02428970015413307
A4,2019-09-05,2019-10-21,TER,54.41,54.25,59.4841,1274.74,32.67,46,close<MA;partial,38,10.0,2.0,6.0,100.0,286,48.0,284,47.0,275,XLV,9.0,11.0,93344342.0805,0.025531180549662396
A4,2019-11-13,2019-11-20,KLAC,17.64,17.31,17.2967,-269.3,-1.053,7,stop,38,14.0,2.0,6.0,101.0,274,29.0,273,13.0,267,XLV,5.0,11.0,232732583.3375,0.025392629736554713
A4,2019-11-21,2019-12-02,ALGN,273.13,267.43,274.2305,54.88,0.192,11,partial;stop,38,12.0,2.0,6.0,22.0,267,11.0,263,190.0,257,XLV,4.0,11.0,237372159.51800004,0.027499156159062278
A4,2019-12-02,2019-12-03,BHC,28.67,28.34,28.002,-320.67,-2.029,1,stop,28,31.0,1.0,3.0,56.0,209,29.0,206,35.0,202,XLV,3.0,11.0,114187893.201,0.024036181397069315
A4,2019-12-04,2019-12-05,REGN,372.96,367.57,367.2024,-207.37,-1.068,1,stop,28,28.0,1.0,3.0,29.0,203,32.0,200,45.0,196,XLV,2.0,11.0,325528656.67450005,0.027080969848497744
A4,2019-12-31,2020-01-02,ICPT,125.12,122.5,121.1587,-432.32,-1.511,2,stop,28,24.0,1.0,3.0,34.0,145,9.0,145,17.0,142,XLV,2.0,11.0,94709765.8215,0.0444376002910318
A4,2020-01-09,2020-01-13,GBT,83.01,82.01,81.928,-177.11,-1.082,4,stop,28,27.0,1.0,3.0,95.0,144,11.0,144,20.0,140,XLV,2.0,11.0,81574408.899,0.03757659871569632
A4,2020-01-13,2020-01-23,HZNP,37.55,36.82,37.7369,47.17,0.26,10,partial;stop,28,27.0,1.0,3.0,37.0,146,27.0,146,18.0,141,XLV,2.0,11.0,61517115.2265,0.024355363345178405
A4,2020-01-29,2020-01-30,MYL,22.42,21.83,21.8082,-374.68,-1.037,1,stop,28,39.0,1.0,5.0,48.0,195,77.0,194,78.0,188,XLV,2.0,11.0,136392731.76,0.03036776143503851
A4,2020-01-29,2020-01-31,GE,62.71,62.25,62.1897,-113.56,-1.135,2,stop,36,16.0,2.0,5.0,75.0,195,42.0,194,63.0,188,XLK,1.0,11.0,721297650.5941113,0.024654867584763922
A4,2020-02-05,2020-02-06,MELI,725.92,704.93,688.7106,-632.48,-1.773,1,stop,73,42.0,2.0,5.0,37.0,229,22.0,229,72.0,222,XLI,8.0,11.0,291749507.908,0.02891186092177276
A4,2020-02-05,2020-02-06,CYBR,144.89,140.65,139.1907,-479.14,-1.345,1,stop,73,42.0,2.0,5.0,36.0,229,35.0,229,92.0,222,XLK,1.0,11.0,91759944.2615,0.02927109082114985
A4,2020-02-05,2020-02-06,ALNY,122.54,120.67,115.5743,-752.56,-3.721,1,stop,28,38.0,1.0,5.0,94.0,229,39.0,229,20.0,222,XLV,3.0,11.0,76798812.91099998,0.03585486714166049
A4,2020-02-11,2020-02-12,CRWD,66.07,63.66,63.5915,-183.11,-1.026,1,stop,73,51.0,2.0,6.0,45.0,268,29.0,268,252.0,262,XLK,1.0,11.0,296122559.391,0.04319485994677928
A4,2020-02-07,2020-02-14,UBER,40.02,38.86,38.8211,-182.22,-1.034,7,stop,73,50.0,2.0,6.0,50.0,263,32.0,263,194.0,256,XLI,9.0,11.0,1001945677.4814999,0.03485410581261082
A4,2020-02-14,2020-02-18,ZS,62.75,61.72,61.6583,-188.24,-1.06,4,stop,73,54.0,1.0,6.0,114.0,278,33.0,278,260.0,272,XLK,1.0,11.0,102279467.0325,0.03537310561419625
A4,2020-02-19,2020-02-20,PCTY,150.18,147.38,147.2376,-185.37,-1.053,1,stop,73,58.0,1.0,7.0,86.0,294,45.0,294,46.0,288,XLK,1.0,11.0,60898469.2235,0.034476671210844086
A4,2020-02-10,2020-03-04,RNG,211.98,206.8,233.699,738.39,4.191,23,close<MA;partial,73,51.0,2.0,5.0,42.0,263,60.0,263,24.0,257,XLK,1.0,11.0,170813902.0035,0.02697686328539791
A4,2020-06-04,2020-06-05,ADBE,391.66,382.28,381.8977,-322.2,-1.041,1,stop,73,113.0,5.0,19.0,476.0,733,236.0,729,134.0,723,XLK,2.0,11.0,1036760017.4705,0.02469205410642578
A4,2020-06-05,2020-06-08,ABBV,93.75,92.81,92.7172,-146.14,-1.098,3,stop,28,57.0,3.0,18.0,507.0,727,374.0,723,239.0,717,XLV,5.0,11.0,1189460207.0465,0.029774514471216457
A4,2020-06-05,2020-06-08,TMUS,102.83,100.5,100.3995,-311.45,-1.043,3,stop,48,12.0,1.0,18.0,425.0,727,229.0,723,118.0,717,XLC,3.0,11.0,585209493.152,0.03094559670671441
A4,2020-06-05,2020-06-09,CERN,74.01,72.14,72.0671,-346.53,-1.038,4,stop,73,117.0,4.0,18.0,605.0,727,439.0,723,329.0,717,XLK,2.0,11.0,142103111.533,0.025328464051283184
A4,2020-06-05,2020-06-11,MA,310.31,305.65,304.705,-235.41,-1.202,6,partial;stop,73,117.0,4.0,18.0,482.0,727,358.0,723,270.0,717,XLI,6.0,11.0,1300105498.928,0.025102635830191705
A4,2020-06-09,2020-06-11,NOW,79.31,77.1,77.0212,-180.75,-1.035,2,stop,73,116.0,5.0,19.0,679.0,756,222.0,752,72.0,746,XLK,2.0,11.0,756464474.6745,0.039967154024481207
A4,2020-06-09,2020-06-11,CSGP,68.84,67.9,67.8301,-186.96,-1.072,2,stop,73,116.0,5.0,19.0,618.0,756,633.0,752,200.0,746,XLI,7.0,11.0,228079059.39649996,0.033987651967241204
A4,2020-06-10,2020-06-11,TMUS,105.22,102.81,102.7072,-183.08,-1.043,1,stop,48,14.0,3.0,19.0,606.0,747,250.0,743,103.0,737,XLC,5.0,11.0,565842086.7720001,0.02981247057523297
A4,2020-06-19,2020-06-22,LBTYK,23.41,22.64,22.6218,-179.69,-1.029,3,stop,48,13.0,4.0,19.0,374.0,762,390.0,757,205.0,755,XLC,5.0,11.0,77645862.42099999,0.03284105078678091
A4,2020-06-18,2020-06-23,TMUS,106.83,103.52,103.4138,-177.47,-1.031,5,stop,48,13.0,5.0,19.0,620.0,768,459.0,763,87.0,761,XLC,5.0,11.0,511332013.61450005,0.030979324579845445
A4,2020-06-18,2020-06-24,PZZA,83.43,81.49,81.4037,-180.64,-1.042,6,stop,58,17.0,4.0,19.0,451.0,768,69.0,763,86.0,761,XLY,2.0,11.0,64814446.5335,0.043741261633303274
A4,2020-07-07,2020-07-08,ABBV,100.09,98.56,98.4614,-185.65,-1.064,1,stop,28,60.0,5.0,20.0,194.0,798,416.0,790,220.0,782,XLV,9.0,11.0,793141549.908,0.025337837081704912
A4,2020-07-07,2020-07-10,REGN,646.98,628.23,627.6018,-174.37,-1.034,3,stop,28,60.0,5.0,20.0,228.0,798,518.0,790,54.0,782,XLV,9.0,11.0,653546572.7685,0.03450751011991388
A4,2020-07-09,2020-07-10,RNG,299.22,288.86,288.5711,-170.36,-1.028,1,stop,73,118.0,4.0,18.0,116.0,774,163.0,768,63.0,761,XLK,1.0,11.0,343240944.7985,0.05142122039467749
A4,2020-07-09,2020-07-10,SNPS,203.2,200.79,200.5892,-167.28,-1.083,1,stop,73,118.0,4.0,18.0,158.0,774,175.0,768,111.0,761,XLK,1.0,11.0,180638828.8625,0.030868795530507576
A4,2020-07-09,2020-07-13,CRM,202.22,196.65,196.4489,-178.97,-1.035,4,stop,73,118.0,4.0,18.0,112.0,774,251.0,768,216.0,761,XLK,1.0,11.0,1144601482.3325,0.027575782662457325
A4,2020-07-09,2020-07-13,ADSK,250.55,242.9,242.655,-173.7,-1.032,4,stop,73,118.0,4.0,18.0,199.0,774,114.0,768,148.0,761,XLK,1.0,11.0,359099206.7665,0.030542206842051122
A4,2020-07-10,2020-07-13,ATVI,80.83,79.63,79.5504,-184.37,-1.066,3,stop,73,119.0,5.0,18.0,126.0,773,229.0,766,131.0,759,XLK,1.0,11.0,540414448.806,0.0274016011990176
A4,2020-07-10,2020-07-13,EA,139.56,138.29,138.1517,-130.92,-1.109,3,stop,73,119.0,5.0,18.0,105.0,773,245.0,766,154.0,759,XLK,1.0,11.0,346291352.732,0.02494337257092637
A4,2020-06-19,2020-07-14,WING,126.77,123.5,131.5302,252.47,1.458,25,close<MA;partial,58,17.0,5.0,19.0,664.0,762,74.0,757,79.0,755,XLY,2.0,11.0,81991896.169,0.04195195937986705
A4,2020-07-13,2020-07-14,QCOM,94.04,91.75,90.7691,-242.34,-1.425,1,stop,36,39.0,5.0,17.0,256.0,737,222.0,730,266.0,722,XLK,1.0,11.0,772483259.1190001,0.024433237745816492
A4,2020-07-13,2020-07-14,WORK,34.7,33.23,32.6573,-235.45,-1.388,1,stop,73,113.0,4.0,17.0,213.0,737,179.0,730,98.0,722,XLK,1.0,11.0,700483205.889,0.05179474457085833
A4,2020-07-13,2020-07-14,MCHP,54.72,52.94,51.8881,-269.48,-1.59,1,stop,36,39.0,5.0,17.0,246.0,737,182.0,730,315.0,722,XLK,1.0,11.0,269009823.3685,0.032599289830389504
A4,2020-06-08,2020-07-15,ADBE,396.57,386.11,429.2528,522.99,3.127,37,close<MA;partial,73,117.0,4.0,18.0,592.0,742,224.0,738,117.0,732,XLK,2.0,11.0,1051115047.7665001,0.026362043548250114
A4,2020-07-15,2020-07-16,NXPI,122.83,120.25,119.1108,-383.36,-1.441,1,stop,36,38.0,5.0,17.0,125.0,698,214.0,691,338.0,683,XLK,1.0,11.0,465495316.70100003,0.03514030268568452
A4,2020-07-15,2020-07-20,URI,161.23,157.46,157.2975,-306.35,-1.042,5,stop,73,115.0,4.0,17.0,181.0,698,130.0,691,276.0,683,XLK,1.0,11.0,196840627.98,0.03668760411226866
A4,2020-07-16,2020-07-20,DOW,44.14,42.84,42.7972,-347.51,-1.033,4,stop,28,54.0,3.0,17.0,349.0,681,231.0,674,427.0,665,XLB,2.0,11.0,202501641.99850002,0.03591464966297876
A4,2020-07-17,2020-07-20,OTIS,59.06,58.15,58.0919,-206.0,-1.064,3,stop,36,36.0,5.0,17.0,357.0,682,291.0,675,,666,XLK,4.0,11.0,181205241.48700002,0.02629584548087126
A4,2020-07-20,2020-07-21,ECL,211.13,208.41,208.2016,-172.83,-1.077,1,stop,28,54.0,2.0,17.0,340.0,678,347.0,672,223.0,663,XLB,1.0,11.0,292133610.531,0.025312496952009676
A4,2020-07-20,2020-07-23,NXPI,123.09,120.41,120.2846,-174.12,-1.045,3,stop,36,35.0,4.0,17.0,262.0,678,187.0,672,348.0,663,XLK,2.0,11.0,408112918.004,0.03283147937164695
A4,2020-07-15,2020-07-24,APTV,80.96,79.25,81.2786,49.57,0.186,9,partial;stop,37,19.0,3.0,17.0,320.0,698,263.0,691,373.0,683,XLY,2.0,11.0,168418373.722,0.03778332137674771
A4,2020-07-20,2020-07-24,AMAT,63.89,62.21,60.3096,-354.84,-2.126,4,stop,36,35.0,4.0,17.0,305.0,678,356.0,672,299.0,663,XLK,2.0,11.0,388078501.647,0.026385771175602934
A4,2020-07-20,2020-07-24,SWKS,135.37,133.83,131.3429,-374.06,-2.62,4,stop,36,35.0,4.0,17.0,351.0,678,165.0,672,225.0,663,XLK,2.0,11.0,222138906.84250003,0.026608860892278253
A4,2020-07-27,2020-07-28,DD,23.24,22.61,22.5903,-344.48,-1.036,1,stop,28,45.0,1.0,15.0,290.0,576,206.0,572,311.0,565,XLB,1.0,11.0,222975459.537494,0.02684065115479171
A4,2020-07-27,2020-07-28,LYB,70.0,67.84,67.7722,-340.85,-1.031,1,stop,28,45.0,1.0,15.0,156.0,576,161.0,572,377.0,565,XLB,1.0,11.0,131772626.49649999,0.03261800606604219
A4,2020-07-27,2020-07-28,CF,31.22,30.51,30.4795,-295.94,-1.043,1,stop,28,45.0,1.0,15.0,211.0,576,417.0,572,416.0,565,XLB,1.0,11.0,64256545.6225,0.035244459348690776
A4,2020-07-27,2020-07-30,APTV,83.88,81.75,81.6683,-327.9,-1.038,3,stop,37,17.0,2.0,15.0,205.0,576,201.0,572,320.0,565,XLY,2.0,11.0,136181511.48250002,0.03149334837575936
A4,2020-07-27,2020-07-30,EMN,77.38,75.91,75.8341,-246.91,-1.052,3,stop,28,45.0,1.0,15.0,132.0,576,184.0,572,238.0,565,XLB,1.0,11.0,71634186.6725,0.02505406692442617
A4,2020-07-27,2020-07-31,WAB,62.61,61.54,61.4785,-225.68,-1.057,4,stop,37,17.0,2.0,15.0,280.0,576,354.0,572,397.0,565,XLI,5.0,11.0,79342474.3235,0.02909090129464838
A4,2020-07-29,2020-07-31,XLNX,107.28,105.3,105.1947,-172.85,-1.053,2,stop,36,37.0,4.0,14.0,122.0,532,232.0,529,220.0,524,XLK,1.0,11.0,307965878.7035,0.029888502003220845
A4,2020-08-03,2020-08-04,AMAT,65.4,64.68,64.6153,-146.64,-1.09,1,stop,36,37.0,3.0,13.0,221.0,551,170.0,549,230.0,543,XLK,1.0,11.0,362131984.57549995,0.025445206339475595
A4,2020-08-03,2020-08-04,TER,90.79,89.46,89.3705,-174.68,-1.067,1,stop,38,32.0,4.0,13.0,231.0,551,109.0,549,142.0,543,XLV,10.0,11.0,185658387.3625,0.03278555948693121
A4,2020-08-03,2020-08-04,IPHI,134.71,133.58,133.4464,-115.4,-1.118,1,stop,36,37.0,3.0,13.0,162.0,551,149.0,549,78.0,543,XLK,1.0,11.0,102319940.528,0.040558076372596716
A4,2020-08-05,2020-08-07,BHC,19.51,19.12,19.0984,-172.25,-1.049,2,stop,28,42.0,1.0,12.0,383.0,543,357.0,541,456.0,535,XLV,10.0,11.0,60997320.139,0.03817670732754849
A4,2020-08-03,2020-08-11,NVDA,10.8,10.72,10.9192,132.26,1.325,8,partial;stop,36,37.0,3.0,13.0,173.0,551,115.0,549,71.0,543,XLK,1.0,11.0,3810606836.3604,0.03314775543062347
A4,2020-08-05,2020-08-12,CIEN,60.5,59.6,59.5404,-175.69,-1.066,7,stop,36,38.0,3.0,12.0,220.0,543,224.0,541,124.0,535,XLK,1.0,11.0,99036179.26550001,0.026838546079189292
A4,2020-08-11,2020-08-13,PII,109.09,106.32,106.2118,-322.25,-1.038,2,stop,37,15.0,2.0,13.0,190.0,519,106.0,517,195.0,513,XLI,1.0,11.0,106816036.91749999,0.029840691481340043
A4,2020-08-10,2020-08-17,F,7.07,6.91,6.8981,-170.65,-1.043,7,stop,37,15.0,2.0,13.0,122.0,540,169.0,537,349.0,532,XLY,2.0,11.0,503777088.7335,0.03107392878538414
A4,2020-08-18,2020-08-20,NXPI,126.25,123.08,121.9479,-219.21,-1.356,2,stop,36,32.0,2.0,13.0,298.0,487,216.0,483,262.0,480,XLK,3.0,11.0,283508949.939,0.02509918706565112
A4,2020-08-27,2020-09-03,QCOM,117.22,115.35,118.574,116.69,0.727,7,partial;stop,36,26.0,2.0,11.0,44.0,425,74.0,420,113.0,417,XLK,1.0,11.0,1330973799.7005,0.03158220178015585
A4,2020-08-31,2020-09-03,AMD,87.81,85.05,84.965,-164.88,-1.031,3,stop,36,26.0,2.0,10.0,146.0,402,47.0,397,64.0,394,XLK,1.0,11.0,4698724106.6555,0.03959845607542191
A4,2020-07-17,2020-09-04,IDXX,345.75,339.13,377.7843,1153.4,4.843,49,close<MA;partial,28,54.0,3.0,17.0,170.0,682,273.0,675,182.0,666,XLV,8.0,11.0,152201372.5835,0.025868829594473973
A4,2020-09-08,2020-09-10,GM,31.75,31.05,31.019,-279.19,-1.044,2,stop,37,15.0,1.0,10.0,79.0,445,256.0,439,255.0,433,XLY,2.0,11.0,413184004.97999996,0.03783452689603943
A4,2020-09-08,2020-09-21,JAZZ,137.13,134.02,137.9746,74.59,0.273,13,partial;stop,28,37.0,3.0,10.0,174.0,445,124.0,439,272.0,433,XLV,7.0,11.0,71433718.882,0.02555519452662297
A4,2020-07-29,2020-09-24,CE,95.63,93.36,104.0194,612.76,3.705,57,close<MA;partial,28,42.0,1.0,14.0,149.0,532,310.0,529,334.0,524,XLB,4.0,11.0,76103084.4925,0.027315445952970287
A4,2020-10-13,2020-10-14,WST,302.34,299.02,298.721,-144.84,-1.09,1,stop,38,27.0,1.0,14.0,229.0,548,134.0,545,120.0,540,XLV,10.0,11.0,155359962.319,0.024672374673561565
A4,2020-10-09,2020-10-16,ISRG,243.54,242.67,241.425,-105.58,-2.427,7,stop,38,26.0,3.0,15.0,401.0,552,153.0,549,221.0,543,XLV,8.0,11.0,412648390.94960994,0.027937703903774324
A4,2020-10-08,2020-10-19,JAZZ,148.01,147.86,147.7121,-23.95,-2.0,11,stop,28,42.0,5.0,17.0,338.0,574,91.0,571,311.0,565,XLV,8.0,11.0,148961123.026,0.025957326562878785
A4,2020-10-12,2020-10-19,EW,84.94,83.18,85.091,21.04,0.083,7,partial;stop,38,26.0,3.0,13.0,402.0,546,174.0,543,365.0,538,XLV,9.0,11.0,201897759.9405,0.026563203198442808
A4,2020-10-20,2020-10-23,AVTR,24.99,24.24,24.2158,-331.94,-1.032,3,stop,38,24.0,2.0,13.0,171.0,497,91.0,489,107.0,483,XLV,10.0,11.0,110095725.672,0.03263672432640444
A4,2020-11-09,2020-11-12,ARMK,34.53,34.0,33.966,-197.27,-1.064,3,stop,58,10.0,4.0,16.0,139.0,574,112.0,565,307.0,559,XLY,2.0,11.0,61997101.528,0.03730757497210114
A4,2020-12-01,2020-12-02,MRTX,240.82,233.4,231.9079,-383.25,-1.201,1,stop,28,61.0,4.0,18.0,498.0,718,57.0,706,48.0,698,XLV,9.0,11.0,98107735.286,0.04317769444735716
A4,2020-12-01,2020-12-02,AXTA,29.36,28.91,28.8611,-204.27,-1.109,1,stop,28,61.0,4.0,18.0,404.0,718,263.0,706,368.0,698,XLB,2.0,11.0,64345911.20650001,0.02553523332574985
A4,2020-12-04,2020-12-09,NXPI,162.31,159.09,158.9309,-165.68,-1.049,5,stop,36,35.0,1.0,16.0,352.0,685,231.0,672,175.0,665,XLK,9.0,11.0,280645948.44949996,0.024608889368601894
A4,2020-12-07,2020-12-09,MGA,63.73,62.77,62.7022,-171.22,-1.065,2,stop,37,22.0,4.0,16.0,255.0,664,206.0,651,208.0,644,XLY,6.0,11.0,66943151.9015,0.02478908177423392
A4,2020-12-08,2020-12-10,APTV,124.36,122.52,121.9979,-205.87,-1.283,2,stop,37,22.0,3.0,16.0,262.0,661,120.0,647,118.0,640,XLY,7.0,11.0,198978722.9135,0.027056897212108348
A4,2020-12-04,2020-12-11,QCOM,153.48,150.0,149.0908,-202.06,-1.261,7,stop,36,35.0,1.0,16.0,263.0,685,200.0,672,104.0,665,XLK,9.0,11.0,1389687792.844,0.028548333513251183
A4,2020-12-11,2020-12-14,ZEN,139.31,136.0,135.864,-165.37,-1.041,3,stop,73,93.0,1.0,14.0,270.0,561,141.0,544,129.0,535,XLK,5.0,11.0,203815645.323,0.028811600761017898
A4,2020-12-14,2020-12-17,IPG,24.24,23.69,23.6663,-167.59,-1.043,3,stop,73,89.0,1.0,12.0,230.0,536,195.0,519,241.0,510,XLC,4.0,11.0,83001605.57650001,0.0249756365809814
A4,2020-12-15,2020-12-21,MTCH,150.7,145.65,150.9393,7.64,0.047,6,partial;stop,73,87.0,1.0,13.0,317.0,546,203.0,529,142.0,520,XLK,5.0,11.0,254308216.58949995,0.03524257289334269
A4,2020-11-25,2020-12-24,XLNX,136.99,133.92,143.6383,578.68,2.171,29,close<MA;partial,36,42.0,1.0,17.0,322.0,767,223.0,755,195.0,748,XLK,11.0,11.0,576451147.098,0.03421251287058674
A4,2020-12-23,2020-12-24,LYB,91.64,90.17,90.0798,-207.71,-1.061,1,stop,28,48.0,3.0,13.0,294.0,557,317.0,542,225.0,526,XLB,5.0,11.0,167597479.3315,0.024512322823923627
A4,2020-12-17,2020-12-28,ZEN,139.82,136.81,140.5585,39.06,0.245,11,partial;stop,73,92.0,1.0,13.0,271.0,531,157.0,517,135.0,506,XLK,4.0,11.0,213924466.945,0.028817445906492413
A4,2020-12-17,2021-01-04,ADSK,294.94,292.38,295.6378,28.42,0.27,18,partial;stop,73,92.0,1.0,13.0,188.0,531,225.0,517,323.0,506,XLK,4.0,11.0,408835124.401,0.02665446640430022
A4,2020-12-10,2021-01-07,FIVN,158.53,152.95,167.5398,252.33,1.616,28,close<MA;partial,73,94.0,1.0,14.0,343.0,562,253.0,546,199.0,538,XLK,6.0,11.0,81819789.0015,0.03516795084349631
A4,2020-12-10,2021-01-08,TWTR,48.78,47.34,52.9991,467.91,2.928,29,close<MA;partial,73,94.0,1.0,14.0,312.0,562,316.0,546,231.0,538,XLK,6.0,11.0,460249266.916,0.029508802930299644
A4,2021-01-07,2021-01-08,UBER,56.08,53.8,53.7436,-340.54,-1.024,1,stop,73,100.0,2.0,13.0,457.0,540,167.0,529,187.0,511,XLI,4.0,11.0,1002335201.832,0.040634789152102245
A4,2021-01-13,2021-01-14,MTCH,159.69,154.38,154.228,-338.61,-1.029,1,stop,73,98.0,2.0,13.0,391.0,562,208.0,550,229.0,532,XLK,8.0,11.0,345099650.18999994,0.033234135875100164
A4,2020-12-04,2021-01-20,HCA,156.0,152.58,164.3038,390.48,2.432,47,close<MA;partial,80,10.0,4.0,16.0,389.0,685,406.0,672,219.0,665,XLV,8.0,11.0,242090465.14249998,0.031043709975061506
A4,2021-01-15,2021-01-25,ESTC,162.43,159.53,164.3322,144.4,0.656,10,partial;stop,73,98.0,3.0,13.0,311.0,553,325.0,540,157.0,518,XLK,8.0,11.0,123722656.66200002,0.03859867284444746
A4,2021-01-21,2021-01-25,PYPL,250.1,243.58,243.3364,-338.17,-1.037,4,stop,73,93.0,3.0,14.0,370.0,567,347.0,553,292.0,531,XLI,7.0,11.0,1566127219.506,0.028743266116116377
A4,2021-01-25,2021-01-26,AVTR,30.76,30.23,30.2048,-223.5,-1.058,1,stop,38,26.0,2.0,14.0,209.0,554,332.0,539,174.0,518,XLV,7.0,11.0,132757528.493,0.02988557766086205
A4,2021-01-25,2021-01-26,MPWR,406.74,394.14,390.8587,-412.82,-1.261,1,stop,36,39.0,3.0,14.0,177.0,554,305.0,539,173.0,518,XLK,6.0,11.0,127877468.172,0.0309623720189664
A4,2020-12-04,2021-01-28,ON,29.77,29.15,34.3494,1175.68,7.322,55,close<MA;partial,36,35.0,1.0,16.0,321.0,685,137.0,672,159.0,665,XLK,9.0,11.0,209624166.3355,0.02834595052372373
A4,2020-12-22,2021-01-28,ALB,146.26,142.65,166.1284,1649.4,5.511,37,close<MA;partial,28,50.0,3.0,13.0,240.0,559,150.0,544,103.0,530,XLB,4.0,11.0,180311603.4105,0.03194745758631983
A4,2021-02-02,2021-02-03,AVGO,47.05,46.8,46.7532,-75.8,-1.189,1,stop,36,51.0,3.0,21.0,315.0,836,361.0,817,271.0,792,XLK,3.0,11.0,760089325.6705,0.02400143199183846
A4,2021-02-02,2021-02-03,BL,140.42,136.25,136.1138,-331.6,-1.033,1,stop,73,121.0,5.0,21.0,545.0,836,258.0,817,259.0,792,XLK,3.0,11.0,66738921.64650001,0.04221352324032427
A4,2021-02-09,2021-02-10,OKTA,286.29,279.33,279.0507,-303.88,-1.04,1,stop,73,118.0,5.0,19.0,283.0,791,471.0,772,395.0,748,XLK,4.0,11.0,287992868.3155,0.031790271764300236
A4,2021-02-05,2021-02-12,DBX,24.55,23.6,23.5764,-330.61,-1.025,7,stop,73,119.0,5.0,20.0,445.0,813,395.0,794,653.0,767,XLK,3.0,11.0,151861861.18975002,0.03934899386954895
A4,2021-02-11,2021-02-12,MGA,77.67,76.55,76.4685,-172.68,-1.068,1,stop,37,30.0,3.0,20.0,523.0,788,400.0,768,338.0,743,XLY,5.0,11.0,94674991.3675,0.027223431059085156
A4,2021-02-12,2021-02-17,MU,87.34,85.46,85.3745,-168.79,-1.046,5,stop,36,50.0,4.0,20.0,330.0,802,212.0,782,197.0,757,XLK,2.0,11.0,1297463566.1285,0.03515321197187975
A4,2021-02-16,2021-02-17,TRMB,75.78,74.76,74.4655,-210.95,-1.29,1,stop,38,37.0,5.0,19.0,430.0,800,400.0,779,343.0,754,XLV,8.0,11.0,297356475.2125,0.02913891288793032
A4,2021-02-16,2021-02-17,MGA,80.39,78.34,77.932,-194.21,-1.199,1,stop,37,30.0,3.0,19.0,486.0,800,396.0,779,334.0,754,XLY,5.0,11.0,91752222.4535,0.026682186359344218
A4,2021-02-11,2021-02-22,KLAC,31.79,30.69,31.9344,20.83,0.129,11,partial;stop,38,39.0,5.0,20.0,498.0,788,389.0,768,323.0,743,XLV,9.0,11.0,341279832.278,0.03476492213258277
A4,2021-02-09,2021-02-23,VRNS,64.82,63.55,66.2852,271.42,1.155,14,partial;stop,73,118.0,5.0,19.0,382.0,791,270.0,772,278.0,748,XLK,4.0,11.0,63165263.676195,0.042811318005458995
A4,2021-02-11,2021-02-23,AMAT,110.99,107.29,112.4975,65.0,0.409,12,partial;stop,36,50.0,4.0,20.0,369.0,788,242.0,768,234.0,743,XLK,4.0,11.0,768809234.7735,0.037586670960125954
A4,2021-02-22,2021-03-04,SYF,38.35,37.94,38.6803,102.98,0.791,10,partial;stop,61,12.0,1.0,18.0,681.0,821,412.0,799,293.0,773,XLF,2.0,11.0,234815107.62550002,0.03181797061703241
A4,2021-02-10,2021-03-05,RHI,73.42,71.58,76.119,234.52,1.462,23,close<MA;partial,73,120.0,5.0,20.0,280.0,793,330.0,773,423.0,748,XLK,5.0,11.0,93365591.0275,0.036590098068535776
A4,2021-03-11,2021-03-12,DD,32.4,32.06,32.0307,-137.48,-1.096,1,stop,28,71.0,3.0,22.0,426.0,908,388.0,890,478.0,861,XLB,3.0,11.0,458189323.02458984,0.03199606409233715
A4,2021-03-18,2021-03-19,MS,85.17,83.73,82.5274,-300.7,-1.838,1,stop,62,22.0,4.0,22.0,251.0,897,227.0,876,270.0,850,XLF,2.0,11.0,965982525.7135,0.026752364817865
A4,2021-03-18,2021-03-19,DD,32.89,32.75,32.7142,-67.19,-1.221,1,stop,28,65.0,2.0,22.0,246.0,897,413.0,876,517.0,850,XLB,4.0,11.0,397657318.33052146,0.02946006806598155
A4,2021-03-18,2021-03-19,SYNA,143.88,137.93,137.5923,-169.68,-1.057,1,stop,36,56.0,5.0,22.0,353.0,897,81.0,876,246.0,850,XLK,8.0,11.0,66890787.108500004,0.04190649893987133
A4,2021-03-10,2021-03-22,GS,340.44,331.53,341.4272,17.77,0.111,12,partial;stop,62,24.0,5.0,22.0,222.0,898,156.0,881,275.0,851,XLF,2.0,11.0,988548511.8745,0.026386591925300018
A4,2021-03-18,2021-03-23,LPLA,145.04,143.43,143.2866,-147.7,-1.089,5,stop,62,22.0,4.0,22.0,322.0,897,161.0,876,215.0,850,XLF,2.0,11.0,87788905.2225,0.030442356891795013
A4,2021-04-06,2021-04-07,GNRC,338.61,326.0,325.674,-323.36,-1.026,1,stop,36,49.0,4.0,17.0,342.0,711,116.0,702,256.0,679,XLK,8.0,11.0,444243736.25299996,0.04245438488098531
A4,2021-04-05,2021-04-08,IVZ,26.08,25.58,25.5544,-245.94,-1.051,3,stop,62,19.0,3.0,17.0,193.0,763,92.0,752,101.0,730,XLF,2.0,11.0,126514382.848,0.03563877583753796
A4,2021-04-06,2021-04-08,SLM,18.85,18.59,18.5714,-178.38,-1.072,2,stop,61,13.0,1.0,17.0,109.0,711,87.0,702,95.0,679,XLF,2.0,11.0,120129077.39199999,0.03292848005967486
A4,2021-04-09,2021-04-12,INTC,67.51,66.63,66.5634,-168.04,-1.076,3,stop,36,45.0,4.0,15.0,204.0,627,135.0,619,397.0,597,XLK,6.0,11.0,2059768081.2837498,0.029011837559342148
A4,2021-04-09,2021-04-13,GE,68.3,66.89,66.8203,-167.32,-1.047,4,stop,36,45.0,4.0,15.0,486.0,627,267.0,619,99.0,597,XLK,6.0,11.0,1029696295.5195879,0.03232749592370829
A4,2021-04-09,2021-04-13,IVZ,26.28,26.0,25.974,-138.73,-1.094,4,stop,62,14.0,3.0,15.0,234.0,627,92.0,619,98.0,597,XLF,4.0,11.0,115728318.0465,0.031318729370373055
A4,2021-04-12,2021-04-13,LPLA,147.84,146.03,145.884,-158.24,-1.081,1,stop,62,14.0,4.0,14.0,241.0,611,129.0,602,140.0,579,XLF,4.0,11.0,76212028.9585,0.026767790193882673
A4,2021-04-14,2021-04-15,LPLA,148.92,146.51,146.3635,-168.65,-1.061,1,stop,62,12.0,4.0,14.0,232.0,594,153.0,585,139.0,564,XLF,4.0,11.0,76569985.17899999,0.027057617191996185
A4,2021-04-09,2021-04-19,AMG,155.88,153.89,156.3076,33.25,0.217,10,partial;stop,62,14.0,3.0,15.0,114.0,627,66.0,619,100.0,597,XLF,4.0,11.0,61189936.861,0.026262580783969286
A4,2021-04-23,2021-04-28,EVR,140.88,138.36,138.2216,-226.02,-1.055,5,stop,62,11.0,3.0,12.0,149.0,480,124.0,473,108.0,454,XLF,2.0,11.0,69973131.8065,0.03256701020418873
A4,2021-05-04,2021-05-11,SLM,19.97,19.46,20.0616,52.19,0.168,7,partial;stop,61,11.0,2.0,10.0,104.0,427,49.0,422,81.0,403,XLF,2.0,11.0,98969192.507,0.02822255649160179
A4,2021-05-07,2021-05-11,KIM,21.45,20.89,20.871,-330.26,-1.037,4,stop,67,10.0,2.0,12.0,121.0,458,107.0,452,108.0,436,XLRE,5.0,11.0,130801124.5925,0.026083532336486043
A4,2021-05-03,2021-05-12,STL,25.82,24.91,24.8857,-329.24,-1.028,9,stop,60,16.0,3.0,9.0,109.0,420,76.0,414,101.0,395,XLF,2.0,11.0,105272775.86649999,0.035061576434181355
A4,2021-05-05,2021-05-12,FHN,18.76,18.46,18.4415,-204.28,-1.062,7,stop,60,18.0,3.0,12.0,89.0,437,95.0,431,143.0,412,XLF,2.0,11.0,86992581.183,0.027234205885227607
A4,2021-02-22,2021-05-26,OSK,101.18,99.07,125.6549,2912.38,11.593,93,close<MA;partial,37,29.0,3.0,18.0,440.0,821,354.0,799,509.0,773,XLY,5.0,11.0,68382559.237,0.03100519818084783
A4,2021-05-26,2021-05-27,FTNT,43.33,42.83,42.7832,-149.08,-1.086,1,stop,35,20.0,2.0,13.0,113.0,542,44.0,536,66.0,521,XLK,9.0,11.0,228305148.90850002,0.02847380572732664
A4,2021-05-26,2021-05-27,WPM,48.23,47.9,47.8521,-92.89,-1.146,1,stop,10,13.0,3.0,13.0,45.0,542,69.0,536,353.0,521,XLB,1.0,11.0,104787199.8915,0.02998914646301823
A4,2021-06-01,2021-06-02,ALLY,55.35,55.17,55.1198,-48.25,-1.324,1,stop,60,13.0,3.0,13.0,134.0,531,63.0,525,68.0,507,XLF,3.0,11.0,192057270.0925,0.024484810003857823
A4,2021-06-01,2021-06-03,WPM,48.94,48.07,47.6523,-312.64,-1.481,2,stop,10,12.0,2.0,13.0,51.0,531,36.0,525,282.0,507,XLB,2.0,11.0,102780765.984,0.028414006316419986
A4,2021-06-07,2021-06-08,CHK,55.65,54.62,54.5654,-166.35,-1.053,1,stop,13,22.0,2.0,12.0,85.0,474,111.0,469,31.0,453,XLE,11.0,11.0,66409931.78199999,0.03306294942036779
A4,2021-06-14,2021-06-16,CNQ,19.02,18.65,18.6313,-166.3,-1.051,2,stop,13,21.0,1.0,8.0,234.0,403,89.0,398,106.0,381,XLE,11.0,11.0,78137304.23550001,0.024192489887430488
A4,2021-06-15,2021-06-16,CHK,57.05,55.47,55.4184,-162.86,-1.035,1,stop,13,20.0,1.0,8.0,219.0,393,58.0,388,27.0,372,XLE,10.0,11.0,69617613.08,0.027576266602600086
A4,2021-07-01,2021-07-02,OVV,33.37,32.27,32.2377,-162.81,-1.029,1,stop,13,25.0,1.0,11.0,196.0,471,74.0,462,42.0,448,XLE,4.0,11.0,76935706.453,0.04112790920673151
A4,2021-06-23,2021-07-06,AR,14.36,13.93,14.5962,84.38,0.534,13,partial;stop,13,21.0,1.0,9.0,206.0,438,27.0,431,32.0,417,XLE,2.0,11.0,76607287.71650001,0.04785826572896844
A4,2021-07-01,2021-07-06,MRO,14.2,13.8,13.7862,-164.27,-1.034,5,stop,13,25.0,1.0,11.0,294.0,471,90.0,462,47.0,448,XLE,4.0,11.0,238116777.427,0.037686836334411125
A4,2021-07-06,2021-07-07,SNAP,69.75,68.13,68.0619,-287.78,-1.042,1,stop,73,78.0,2.0,10.0,143.0,467,92.0,457,158.0,443,XLK,4.0,11.0,965624161.7835001,0.03948694341428933
A4,2021-07-01,2021-07-08,PAGS,57.01,55.45,54.7852,-226.62,-1.427,7,stop,73,78.0,2.0,11.0,127.0,471,121.0,462,330.0,448,XLK,2.0,11.0,112220074.03599998,0.03236321769821893
A4,2021-07-07,2021-07-08,ZS,227.23,223.27,221.798,-282.31,-1.372,1,stop,73,78.0,1.0,11.0,72.0,473,77.0,463,283.0,449,XLK,3.0,11.0,379431920.711,0.027770622893686737
A4,2021-07-07,2021-07-08,ESTC,151.42,147.21,145.4944,-438.59,-1.407,1,stop,73,78.0,1.0,11.0,128.0,473,83.0,463,328.0,449,XLK,3.0,11.0,98283768.54249999,0.028990923024416065
A4,2021-07-12,2021-07-13,ESTC,153.27,148.76,148.607,-158.65,-1.033,1,stop,73,82.0,2.0,11.0,92.0,470,93.0,459,319.0,445,XLK,4.0,11.0,91414582.2375,0.029472430728287285
A4,2021-07-09,2021-07-14,ALNY,177.71,172.01,171.8397,-158.43,-1.03,5,stop,28,49.0,3.0,11.0,75.0,476,78.0,466,121.0,452,XLV,2.0,11.0,134306331.872,0.032051836153105556
A4,2021-07-09,2021-07-15,SNOW,254.25,249.82,249.5702,-163.93,-1.056,6,stop,73,80.0,1.0,11.0,188.0,476,171.0,466,361.0,452,XLK,3.0,11.0,1020416153.9375,0.03121958147475301
A4,2021-07-20,2021-07-26,ALNY,180.42,174.73,180.6194,5.38,0.035,6,partial;stop,28,36.0,1.0,11.0,88.0,426,46.0,418,199.0,406,XLV,2.0,11.0,119630010.4645,0.03313293690542039
A4,2021-07-22,2021-07-26,DDOG,110.35,109.02,108.911,-152.56,-1.082,4,stop,73,77.0,2.0,11.0,93.0,449,57.0,443,257.0,431,XLK,2.0,11.0,190635982.94849998,0.028304827297574407
A4,2021-07-20,2021-07-27,DOCU,299.05,290.5,300.1552,19.92,0.129,7,partial;stop,73,75.0,2.0,11.0,40.0,426,40.0,418,143.0,406,XLK,3.0,11.0,635010177.086,0.02986738527930769
A4,2021-07-23,2021-07-27,ETSY,208.05,200.02,199.8244,-156.28,-1.025,4,stop,73,76.0,2.0,11.0,40.0,452,283.0,446,313.0,434,XLI,8.0,11.0,497756549.1175,0.03857265282451536
A4,2021-07-28,2021-08-02,DDOG,112.64,109.5,109.3905,-321.95,-1.035,5,stop,73,77.0,2.0,8.0,82.0,401,59.0,394,231.0,382,XLK,4.0,11.0,165141194.24400002,0.03009800942174447
A4,2021-07-30,2021-08-02,PAYC,402.78,397.64,397.2424,-155.12,-1.077,3,stop,73,75.0,1.0,8.0,70.0,411,163.0,405,265.0,397,XLK,3.0,11.0,133323663.3915,0.02477286080714273
A4,2021-08-03,2021-08-04,SNOW,275.27,271.24,270.9688,-163.64,-1.067,1,stop,73,72.0,1.0,9.0,38.0,429,73.0,423,316.0,416,XLK,1.0,11.0,835716617.5345,0.041032580338680666
A4,2021-07-29,2021-08-11,DT,63.61,62.33,63.9045,53.43,0.228,13,partial;stop,73,76.0,1.0,8.0,84.0,406,82.0,398,49.0,388,XLK,4.0,11.0,80322925.4485,0.03162019196946812
A4,2021-08-02,2021-08-16,ZS,240.53,233.22,241.1151,12.28,0.08,14,partial;stop,73,72.0,1.0,8.0,57.0,415,53.0,409,202.0,401,XLK,1.0,11.0,314197373.3125,0.03038186881732415
A4,2021-08-25,2021-09-01,MDB,388.21,382.05,389.6595,43.54,0.236,7,partial;stop,73,88.0,2.0,7.0,138.0,417,66.0,409,216.0,395,XLK,1.0,11.0,187408243.77800003,0.033516012987456635
A4,2021-09-02,2021-09-07,SHOP,158.5,153.93,153.7765,-339.76,-1.034,5,stop,73,84.0,1.0,6.0,220.0,366,85.0,356,88.0,337,XLK,1.0,11.0,1286787358.9785,0.02880158389318707
A4,2021-06-04,2021-09-14,FTNT,44.24,43.48,56.0783,2437.83,15.486,102,close<MA;partial,35,16.0,4.0,13.0,217.0,509,80.0,503,88.0,487,XLK,10.0,11.0,194605518.69899997,0.02546052824891764
A4,2021-09-14,2021-09-20,ZI,67.39,64.86,64.7999,-333.78,-1.026,6,stop,73,73.0,1.0,8.0,133.0,347,36.0,337,56.0,322,XLK,1.0,11.0,207308233.879,0.037433512473584785
A4,2021-08-03,2021-09-29,DDOG,114.31,111.18,136.8182,1125.2,7.18,57,close<MA;partial,73,72.0,1.0,9.0,69.0,429,31.0,423,257.0,416,XLK,1.0,11.0,165105206.88599998,0.03103142898414891
A4,2021-08-25,2021-09-29,LSPD,98.6,98.5,106.3835,934.2,79.036,35,close<MA;partial,73,88.0,2.0,7.0,99.0,417,61.0,409,52.0,395,XLK,1.0,11.0,95558388.0,0.03138061189854899
A4,2021-08-27,2021-09-29,TEAM,357.86,350.99,381.4376,778.14,3.434,33,close<MA;partial,73,89.0,2.0,7.0,26.0,413,23.0,405,39.0,389,XLK,1.0,11.0,406655795.026,0.03290616628590308
A4,2021-09-09,2021-09-29,DASH,203.84,200.8,209.6676,349.44,1.913,20,close<MA;partial,73,74.0,1.0,6.0,91.0,337,32.0,326,47.0,310,XLI,9.0,11.0,625974893.1245,0.039823503704576504
A4,2021-10-25,2021-10-27,EOG,93.59,92.84,92.7472,-109.18,-1.123,2,stop,13,23.0,1.0,10.0,54.0,443,105.0,431,90.0,416,XLE,1.0,11.0,401508000.371,0.032558203623146174
A4,2021-11-01,2021-11-02,CNQ,21.84,21.32,21.2937,-300.35,-1.041,1,stop,13,23.0,1.0,10.0,98.0,417,83.0,406,86.0,391,XLE,1.0,11.0,113232121.608,0.02403656834401387
A4,2021-11-02,2021-11-03,DVN,42.44,41.7,41.6583,-222.68,-1.056,1,stop,13,22.0,1.0,9.0,120.0,402,32.0,393,36.0,376,XLE,1.0,11.0,420885134.3735,0.034500674398978345
A4,2021-11-02,2021-11-03,FANG,114.84,110.83,110.7203,-329.95,-1.028,1,stop,13,22.0,1.0,9.0,135.0,402,65.0,393,83.0,376,XLE,1.0,11.0,278247687.229,0.03494769928848545
A4,2021-10-29,2021-11-04,TNDM,136.24,132.15,127.3725,-691.36,-2.169,6,partial;stop,38,16.0,3.0,10.0,119.0,424,103.0,414,67.0,400,XLV,9.0,11.0,64273706.96,0.029996682970978496
A4,2021-11-22,2021-11-24,SPB,106.59,104.8,104.6952,-166.43,-1.059,2,stop,36,38.0,2.0,11.0,154.0,559,94.0,546,215.0,528,XLK,3.0,11.0,62706630.6735,0.029135092826551606
A4,2021-12-01,2021-12-02,ON,64.1,61.91,60.0998,-288.3,-1.829,1,stop,36,38.0,2.0,14.0,37.0,610,43.0,597,54.0,576,XLK,3.0,11.0,362682745.937,0.034151672235441057
A4,2021-12-03,2021-12-06,ON,65.54,63.15,63.0844,-159.32,-1.026,3,stop,36,40.0,3.0,18.0,61.0,639,35.0,624,39.0,604,XLK,3.0,11.0,353773360.7475,0.036437189786047694
A4,2021-12-13,2021-12-14,QCOM,188.96,183.11,181.0188,-206.44,-1.358,1,stop,36,39.0,2.0,17.0,35.0,646,62.0,628,83.0,610,XLK,3.0,11.0,2249561546.3805,0.03301786119603847
A4,2021-12-23,2021-12-30,PSTG,33.81,32.82,32.7872,-161.18,-1.033,7,stop,35,27.0,4.0,19.0,25.0,719,70.0,708,20.0,694,XLK,1.0,11.0,161280693.486,0.046690278173210614
A4,2021-12-29,2021-12-30,STX,114.4,114.1,113.9859,-42.68,-1.375,1,stop,35,25.0,3.0,17.0,49.0,659,42.0,649,101.0,637,XLK,1.0,11.0,217924458.50050002,0.030198642798375547
A4,2021-12-27,2022-01-04,LRCX,72.06,70.28,72.138,6.53,0.042,8,partial;stop,35,26.0,5.0,18.0,130.0,711,140.0,702,259.0,689,XLI,9.0,11.0,983315866.9495001,0.0345332435622384
A4,2022-01-04,2022-01-06,STX,116.47,113.3,113.1867,-324.69,-1.036,2,stop,35,12.0,2.0,10.0,152.0,485,44.0,477,81.0,463,XLK,1.0,11.0,184945915.5845,0.027486685522895477
A4,2022-01-05,2022-01-06,QCOM,192.87,187.15,184.3355,-230.5,-1.492,1,stop,36,35.0,1.0,11.0,207.0,478,28.0,470,70.0,456,XLK,2.0,11.0,1465463864.948,0.029664090174662795
A4,2022-01-04,2022-01-19,F,22.54,22.42,23.0418,258.63,4.075,15,partial;stop,37,15.0,3.0,10.0,117.0,485,26.0,477,31.0,463,XLY,2.0,11.0,1648239768.9880002,0.03405848853253307
A4,2023-02-02,2023-02-03,FIS,77.6,77.28,76.5534,-157.67,-3.33,1,stop,73,81.0,3.0,13.0,293.0,504,426.0,502,470.0,500,XLI,5.0,11.0,377907108.43850005,0.026064785616431236
A4,2023-02-01,2023-02-08,AVGO,60.23,58.74,60.2768,9.49,0.033,7,partial;stop,36,34.0,2.0,13.0,372.0,494,110.0,492,179.0,490,XLK,6.0,11.0,1286553675.134,0.024686406316240854
A4,2023-02-13,2023-02-17,JBL,83.74,82.34,83.8105,9.29,0.048,4,partial;stop,36,39.0,4.0,15.0,160.0,529,94.0,527,34.0,525,XLK,2.0,11.0,118278283.599,0.02427448460120101
A4,2023-02-15,2023-02-17,GE,67.13,65.79,65.7283,-243.91,-1.049,2,stop,36,38.0,1.0,14.0,284.0,528,69.0,527,37.0,525,XLK,2.0,11.0,552495591.8029746,0.024555213731506844
A4,2023-02-01,2023-02-24,PEN,253.47,250.47,256.1078,118.56,0.877,23,partial;stop,38,33.0,4.0,13.0,235.0,494,31.0,492,10.0,490,XLV,11.0,11.0,76280042.2365,0.03727650502629915
A4,2023-03-30,2023-03-31,SWKS,118.19,116.73,116.3836,-175.03,-1.238,1,stop,36,33.0,2.0,14.0,120.0,611,65.0,611,183.0,608,XLK,2.0,11.0,188918614.54549998,0.02686262681134432
A4,2023-03-30,2023-04-03,FSLR,218.85,212.54,212.3275,-319.54,-1.034,4,stop,36,33.0,2.0,14.0,15.0,611,42.0,611,37.0,608,XLK,2.0,11.0,590990282.6559999,0.03638518067776544
A4,2023-03-30,2023-04-04,JBL,85.79,85.03,84.945,-112.66,-1.113,5,stop,36,33.0,2.0,14.0,156.0,611,111.0,611,62.0,608,XLK,2.0,11.0,116884890.16,0.02502868398188022
A4,2023-03-30,2023-04-05,CRM,197.97,195.49,195.2945,-155.05,-1.079,6,stop,73,95.0,3.0,14.0,20.0,611,32.0,611,137.0,608,XLK,2.0,11.0,1827814743.3425,0.026213797893621847
A4,2023-03-30,2023-04-05,HUBS,416.11,414.12,413.7059,-64.79,-1.209,6,stop,73,95.0,3.0,14.0,92.0,611,33.0,611,55.0,608,XLK,2.0,11.0,229597760.31,0.03580114408478865
A4,2023-03-31,2023-04-05,GE,75.85,75.27,75.1921,-100.69,-1.13,5,stop,36,33.0,2.0,14.0,46.0,590,39.0,590,17.0,587,XLK,1.0,11.0,830753460.3003852,0.02512853770397176
A4,2023-03-31,2023-04-05,MELI,1275.15,1266.12,1264.8589,-92.66,-1.14,5,stop,73,95.0,3.0,14.0,118.0,590,35.0,590,53.0,587,XLI,5.0,11.0,559766732.3445,0.03340729951626377
A4,2023-04-04,2023-04-05,CRWD,138.47,135.73,135.2346,-181.09,-1.181,1,stop,73,91.0,4.0,15.0,59.0,581,73.0,581,499.0,578,XLK,2.0,11.0,770016787.731,0.03775102815041863
A4,2023-04-12,2023-04-17,Z,45.6,44.95,44.91,-162.46,-1.07,5,stop,73,76.0,2.0,13.0,65.0,480,109.0,480,38.0,477,XLI,9.0,11.0,86553321.249,0.033707731168334185
A4,2023-04-13,2023-04-19,META,217.16,215.69,213.2585,-202.72,-2.658,6,stop,73,77.0,1.0,12.0,33.0,470,17.0,470,33.0,467,XLK,1.0,11.0,5376991009.745,0.026253861767040303
A4,2023-04-18,2023-04-19,TTD,63.14,61.49,60.8691,-209.21,-1.376,1,stop,73,63.0,2.0,9.0,166.0,362,34.0,361,137.0,360,XLK,1.0,11.0,161077250.419,0.03391274909559895
A4,2023-04-18,2023-04-19,DT,43.15,42.82,42.7772,-99.25,-1.129,1,stop,73,63.0,2.0,9.0,77.0,362,64.0,361,101.0,360,XLK,1.0,11.0,76587042.765,0.02544564517597899
A4,2023-04-17,2023-04-25,SHOP,48.8,46.95,46.8996,-155.73,-1.025,8,stop,73,66.0,1.0,9.0,153.0,395,43.0,394,22.0,392,XLK,1.0,11.0,614434677.8855001,0.037955257324370675
A4,2023-04-12,2023-04-27,ALGN,342.72,331.73,328.8716,-180.06,-1.26,15,partial;stop,38,14.0,4.0,13.0,123.0,480,25.0,480,33.0,477,XLV,5.0,11.0,259379612.0935,0.03356482389979073
A4,2023-06-05,2023-06-07,IMGN,14.92,14.8,14.7902,-98.66,-1.129,2,stop,28,28.0,2.0,9.0,102.0,413,3.0,412,6.0,411,XLV,5.0,11.0,93378919.002,0.05427805626455331
A4,2023-06-06,2023-06-08,APLS,92.7,90.0,89.91,-156.39,-1.033,2,stop,28,26.0,2.0,8.0,211.0,406,29.0,404,24.0,402,XLV,4.0,11.0,113113113.948,0.03339608108720817
A4,2023-06-09,2023-06-12,LTHM,26.4,25.9,25.8741,-158.25,-1.052,3,stop,28,27.0,1.0,8.0,187.0,412,93.0,410,220.0,408,XLB,9.0,11.0,78067381.615,0.03330345242297672
A4,2023-06-13,2023-06-14,APLS,93.57,90.76,90.6692,-153.92,-1.032,1,stop,28,27.0,2.0,8.0,280.0,406,49.0,404,28.0,403,XLV,6.0,11.0,100266325.562,0.032533794949069446
A4,2023-06-13,2023-06-22,LTHM,26.55,26.11,26.608,21.21,0.141,9,partial;stop,28,27.0,2.0,8.0,287.0,406,102.0,404,201.0,403,XLB,7.0,11.0,71165544.985,0.034053825824142056
A4,2023-06-30,2023-07-03,HUBS,535.66,519.0,518.481,-309.13,-1.031,3,stop,73,78.0,1.0,9.0,306.0,407,98.0,406,41.0,405,XLK,1.0,11.0,269068171.561,0.03583648730374346
A4,2023-05-31,2023-07-07,TTD,70.11,68.53,75.2593,489.18,3.259,37,close<MA;partial,73,80.0,3.0,10.0,120.0,437,55.0,437,53.0,435,XLK,1.0,11.0,289204565.739,0.036567976311908654
A4,2023-07-07,2023-07-19,ALB,233.97,227.36,236.6728,121.68,0.409,12,partial;stop,28,26.0,1.0,9.0,92.0,337,155.0,337,205.0,336,XLB,7.0,11.0,400495361.7955,0.02825215435018305
A4,2023-07-11,2023-07-19,TOST,23.77,23.07,23.8065,14.14,0.047,8,partial;stop,73,70.0,2.0,7.0,164.0,333,59.0,333,118.0,332,XLK,2.0,11.0,140876555.5545,0.036371330051195236
A4,2023-07-11,2023-07-21,MTCH,44.54,43.55,45.4703,236.08,0.931,10,partial;stop,73,70.0,2.0,7.0,95.0,333,112.0,333,221.0,332,XLK,2.0,11.0,211780427.8985,0.028329999175141025
A4,2023-06-15,2023-07-24,META,276.85,271.42,292.3163,417.68,2.851,39,close<MA;partial,73,88.0,1.0,8.0,128.0,423,62.0,421,10.0,419,XLK,1.0,11.0,5555939540.3395,0.026129725232213567
A4,2023-07-18,2023-07-24,ANET,42.66,42.21,42.1641,-140.65,-1.094,6,stop,35,12.0,2.0,8.0,232.0,317,211.0,317,75.0,316,XLK,1.0,11.0,436232613.42349994,0.02706166437949613
A4,2023-07-11,2023-07-27,BILL,120.12,118.07,126.2329,574.61,2.982,16,close<MA;partial,73,70.0,2.0,7.0,141.0,333,29.0,333,148.0,332,XLK,2.0,11.0,161006222.93249997,0.036253624398275494
A4,2023-07-27,2023-08-01,UBER,48.05,46.61,46.5599,-319.93,-1.032,5,stop,73,60.0,3.0,9.0,206.0,307,44.0,305,44.0,304,XLI,4.0,11.0,949818691.2455,0.03000037805211187
A4,2023-07-28,2023-08-02,ACLS,193.8,186.41,186.2245,-318.32,-1.025,5,stop,35,14.0,2.0,9.0,187.0,333,50.0,331,36.0,330,XLI,4.0,11.0,85369621.114,0.038145544613146516
A4,2023-08-01,2023-08-02,CRWD,163.57,159.02,158.861,-320.45,-1.035,1,stop,73,67.0,2.0,8.0,130.0,346,96.0,344,48.0,343,XLK,1.0,11.0,504682442.6240001,0.03307831884224736
A4,2023-07-10,2023-08-03,DDOG,101.6,97.85,107.0578,436.51,1.455,24,close<MA;partial,73,70.0,2.0,7.0,260.0,333,33.0,333,81.0,332,XLK,2.0,11.0,334181916.5585,0.036907972683519565
A4,2023-07-11,2023-08-07,DASH,79.26,77.39,83.131,553.67,2.071,27,close<MA;partial,73,70.0,2.0,7.0,94.0,333,86.0,333,62.0,332,XLI,3.0,11.0,219944822.958,0.02780584022422995
A4,2023-08-04,2023-08-08,MTDR,58.06,56.97,56.8231,-242.04,-1.135,4,stop,13,22.0,2.0,8.0,109.0,385,118.0,381,256.0,380,XLE,4.0,11.0,99749851.69350001,0.036060773414588854
A4,2023-08-07,2023-08-08,HBAN,12.34,12.18,12.038,-280.28,-1.884,1,stop,60,22.0,1.0,8.0,94.0,394,140.0,391,316.0,389,XLF,5.0,11.0,158621228.2685,0.024007392268579657
A4,2023-08-07,2023-08-08,RF,20.87,20.64,20.3197,-301.5,-2.388,1,stop,60,22.0,1.0,8.0,82.0,394,129.0,391,267.0,389,XLF,5.0,11.0,141920101.7385,0.02420070539786827
A4,2023-08-09,2023-08-10,MTDR,59.76,58.83,58.7712,-160.14,-1.063,1,stop,13,21.0,2.0,8.0,71.0,395,104.0,393,205.0,391,XLE,5.0,11.0,94248977.842,0.03584814591355782
A4,2023-08-09,2023-08-14,NOV,20.71,20.32,20.2997,-158.24,-1.052,5,stop,35,16.0,1.0,8.0,43.0,395,111.0,393,276.0,391,XLI,4.0,11.0,84319928.664,0.03192729714865204
A4,2023-08-09,2023-08-15,HAL,40.14,39.86,39.8211,-88.22,-1.145,6,stop,13,21.0,2.0,8.0,100.0,395,91.0,393,167.0,391,XLE,5.0,11.0,345888358.6075,0.02536017188999985
A4,2023-08-08,2023-08-18,EQT,42.95,41.7,42.4775,-56.58,-0.378,10,partial;stop,13,20.0,3.0,9.0,167.0,389,113.0,387,57.0,385,XLE,6.0,11.0,242104396.63200003,0.029245533125421358
A4,2023-08-31,2023-09-05,SWN,6.76,6.64,6.6334,-158.31,-1.057,5,stop,13,10.0,1.0,6.0,52.0,294,36.0,293,94.0,292,XLE,1.0,11.0,118237074.59850001,0.026425176557265152
A4,2023-08-30,2023-09-11,MTDR,62.5,61.51,61.4485,-158.09,-1.062,12,stop,13,14.0,2.0,7.0,22.0,316,40.0,315,120.0,314,XLE,1.0,11.0,73697120.33500001,0.02779178321845418
A4,2023-11-14,2023-11-15,NTNX,39.74,39.13,39.0909,-158.96,-1.064,1,stop,73,85.0,1.0,10.0,210.0,469,13.0,467,27.0,466,XLK,1.0,11.0,63132989.850999996,0.027902542876771824
A4,2023-11-06,2023-12-01,DELL,70.84,69.76,71.2681,58.54,0.395,25,partial;stop,35,27.0,2.0,11.0,186.0,500,8.0,498,31.0,497,XLK,1.0,11.0,302399346.0625,0.024981896864854813
A4,2023-12-04,2023-12-05,DASH,97.09,95.57,95.473,-185.61,-1.063,1,stop,73,71.0,2.0,8.0,81.0,317,58.0,316,34.0,316,XLI,7.0,11.0,431155359.0125,0.032223254715140266
A4,2023-12-13,2024-01-02,ZS,212.55,210.05,214.5299,104.81,0.79,20,partial;stop,73,60.0,2.0,6.0,97.0,288,36.0,288,41.0,287,XLK,1.0,11.0,539005054.2075,0.0315154214909059
A4,2024-01-02,2024-01-03,FHN,14.51,14.1,14.0837,-314.69,-1.034,1,stop,60,14.0,2.0,7.0,190.0,329,103.0,329,85.0,329,XLF,3.0,11.0,120345920.96000001,0.028376520741492946
A4,2023-11-29,2024-01-04,PINS,32.79,32.69,35.777,1020.6,29.041,36,close<MA;partial,73,67.0,1.0,6.0,38.0,326,44.0,325,44.0,325,XLK,1.0,11.0,412399402.18450004,0.0271194178979453
A4,2023-12-13,2024-01-04,FOUR,68.24,65.93,70.9106,347.41,1.158,22,close<MA;partial,73,60.0,2.0,6.0,124.0,288,47.0,288,123.0,287,XLI,2.0,11.0,72957183.964,0.033812582798539645
A4,2024-01-05,2024-01-08,KEY,14.89,14.49,14.4725,-311.73,-1.036,3,stop,60,13.0,2.0,7.0,131.0,320,51.0,320,27.0,317,XLF,2.0,11.0,198827397.4135,0.02738572846560599
A4,2024-02-09,2024-02-12,SRPT,128.13,126.33,126.2037,-177.04,-1.07,3,stop,28,27.0,3.0,9.0,130.0,376,41.0,376,109.0,374,XLV,5.0,11.0,126044263.035,0.030423951513155807
A4,2024-02-07,2024-02-13,CRWD,308.08,306.71,306.4033,-60.28,-1.224,6,stop,73,67.0,3.0,9.0,29.0,360,29.0,360,12.0,359,XLK,1.0,11.0,943254585.4549999,0.029268358240079166
A4,2024-02-08,2024-02-13,FICO,1308.45,1283.23,1268.4103,-320.29,-1.588,5,stop,73,69.0,2.0,9.0,72.0,361,86.0,361,40.0,359,XLI,4.0,11.0,231299116.4745,0.0246606624878122
A4,2024-02-06,2024-02-16,DASH,110.6,108.23,112.4358,185.37,0.774,10,partial;stop,73,67.0,2.0,9.0,62.0,356,157.0,356,74.0,355,XLI,4.0,11.0,328745484.8035,0.028671336579935
A4,2024-02-15,2024-02-16,SYF,39.92,39.47,39.4305,-145.83,-1.087,1,stop,61,11.0,1.0,10.0,196.0,408,134.0,408,157.0,406,XLF,2.0,11.0,179533381.275,0.024695240060662038
A4,2024-02-08,2024-02-20,PATH,24.42,23.48,23.4521,-315.99,-1.025,12,stop,73,69.0,2.0,9.0,154.0,361,76.0,361,43.0,359,XLK,1.0,11.0,186311386.27949998,0.038846456747598145
A4,2024-02-16,2024-02-20,SRPT,140.2,136.21,134.2057,-461.57,-1.503,4,stop,28,31.0,3.0,10.0,225.0,416,50.0,416,212.0,414,XLV,3.0,11.0,119460933.48499998,0.02844689693720861
A4,2024-02-07,2024-02-21,CYBR,246.06,240.66,241.9165,-190.41,-0.767,14,partial;stop,73,67.0,3.0,9.0,67.0,360,89.0,360,28.0,359,XLK,1.0,11.0,130634423.428,0.026886980165062847
A4,2024-02-20,2024-02-21,APLS,69.46,67.25,67.0629,-160.9,-1.085,1,stop,28,35.0,2.0,9.0,199.0,423,73.0,423,15.0,421,XLV,2.0,11.0,97665647.054,0.038136542760269114
A4,2024-02-26,2024-02-27,APLS,69.87,67.92,67.8521,-155.36,-1.035,1,stop,28,34.0,1.0,8.0,227.0,409,86.0,409,38.0,409,XLV,2.0,11.0,87773990.2145,0.03531020557720273
A4,2024-02-26,2024-02-28,ELAN,16.57,16.14,16.1202,-156.18,-1.037,2,stop,28,34.0,1.0,8.0,114.0,409,82.0,409,93.0,409,XLV,2.0,11.0,70699904.93249999,0.026265697980903162
A4,2024-02-22,2024-03-05,EFX,261.17,259.09,262.1664,42.81,0.478,12,partial;stop,73,80.0,2.0,9.0,201.0,416,139.0,416,103.0,415,XLK,5.0,11.0,211089397.3915,0.02606459877777826
A4,2024-03-04,2024-03-05,NVT,69.47,68.95,68.7112,-122.07,-1.467,1,stop,35,17.0,3.0,9.0,144.0,409,132.0,409,151.0,409,XLI,1.0,11.0,98565497.6125,0.02534874024034255
A4,2024-02-08,2024-03-08,CRSP,67.4,64.29,79.5113,1199.28,3.897,29,close<MA;partial,28,26.0,3.0,9.0,126.0,361,137.0,361,60.0,359,XLV,5.0,11.0,114937632.69350001,0.04612583760121558
A4,2024-03-13,2024-03-14,ALGN,322.15,315.0,314.685,-253.87,-1.044,1,stop,38,30.0,3.0,9.0,206.0,413,61.0,412,324.0,412,XLV,5.0,11.0,189486750.8365,0.026312033496527887
A4,2024-03-14,2024-03-20,WFRD,113.78,111.57,113.6163,-16.23,-0.076,6,partial;stop,35,16.0,1.0,7.0,85.0,394,95.0,393,193.0,393,XLI,3.0,11.0,82923937.643,0.03551175913147751
A4,2024-03-25,2024-03-27,WFRD,117.67,117.12,117.0029,-62.95,-1.212,2,stop,35,18.0,2.0,6.0,142.0,382,111.0,380,177.0,380,XLI,2.0,11.0,77434902.237,0.031456017790646336
A4,2024-04-02,2024-04-11,WFRD,121.24,119.61,119.4904,-157.57,-1.073,9,stop,35,15.0,1.0,7.0,67.0,346,100.0,345,162.0,344,XLI,4.0,11.0,72186480.692,0.030681713166044268
A4,2024-04-03,2024-04-12,DELL,122.14,117.66,121.3685,-25.53,-0.173,9,partial;stop,35,13.0,1.0,8.0,232.0,340,23.0,339,50.0,338,XLK,6.0,11.0,910972514.0105,0.037181344684934635
A4,2024-04-11,2024-04-12,PSTG,55.02,53.4,53.3466,-151.05,-1.033,1,stop,35,11.0,1.0,7.0,172.0,315,40.0,314,82.0,314,XLK,6.0,11.0,159376516.615,0.03243978494657046
A4,2024-05-09,2024-05-22,AEM,67.87,66.65,68.0854,26.55,0.179,13,partial;stop,10,11.0,3.0,11.0,86.0,437,47.0,432,169.0,430,XLB,3.0,11.0,213978618.876,0.02483185494376535
A4,2024-05-23,2024-05-30,WDC,75.93,73.85,76.0383,16.19,0.054,7,partial;stop,35,15.0,2.0,7.0,169.0,364,57.0,359,69.0,357,XLK,6.0,11.0,455899063.3644999,0.03487111664036975
A4,2024-05-08,2024-06-03,WPM,54.5,53.17,55.4314,101.97,0.695,26,close<MA;partial,10,11.0,3.0,11.0,77.0,432,151.0,427,248.0,426,XLB,3.0,11.0,107353360.225,0.029005494925474468
A4,2024-06-03,2024-06-04,LNTH,83.0,81.84,81.7582,-169.29,-1.07,1,stop,28,27.0,2.0,6.0,56.0,333,52.0,328,175.0,326,XLV,9.0,11.0,66625606.07075,0.029575607180608116
A4,2024-05-08,2024-06-05,KGC,6.88,6.78,7.7722,1359.08,9.242,28,close<MA;partial,10,11.0,3.0,11.0,92.0,432,98.0,427,236.0,426,XLB,3.0,11.0,113078764.402,0.03356122781749128
A4,2024-06-12,2024-06-13,ELAN,18.73,18.27,17.8821,-507.12,-1.827,1,stop,28,24.0,2.0,7.0,94.0,338,87.0,333,81.0,331,XLV,8.0,11.0,71607030.6275,0.0247457260369331
A4,2024-06-17,2024-06-20,QCOM,218.58,213.4,213.1866,-274.98,-1.041,3,stop,36,40.0,2.0,8.0,53.0,355,46.0,350,55.0,348,XLK,1.0,11.0,2097870747.8305001,0.028034107328117557
A4,2024-06-17,2024-06-21,FN,250.63,242.48,242.2384,-302.11,-1.03,4,stop,36,40.0,2.0,8.0,121.0,355,79.0,350,84.0,348,XLK,1.0,11.0,91794999.7615,0.03251581065825597
A4,2024-07-09,2024-07-11,AMAT,249.67,247.48,247.2325,-107.22,-1.113,2,stop,36,41.0,2.0,7.0,77.0,358,80.0,355,44.0,349,XLK,1.0,11.0,1217850556.808,0.026107627001178364
A4,2024-07-09,2024-07-11,MPWR,865.45,839.44,838.6001,-134.27,-1.032,2,stop,36,41.0,2.0,7.0,63.0,358,48.0,355,70.0,349,XLK,1.0,11.0,384875459.349,0.030059383319733558
A4,2024-07-10,2024-07-11,CLS,60.71,59.1,59.0409,-153.58,-1.037,1,stop,36,41.0,2.0,7.0,61.0,357,72.0,354,20.0,348,XLK,1.0,11.0,104563698.973,0.038811226142132484
A4,2024-07-12,2024-07-15,ELF,219.74,209.39,209.1806,-147.82,-1.02,3,stop,28,35.0,2.0,7.0,53.0,371,67.0,368,105.0,362,XLB,10.0,11.0,311330731.05700004,0.0492949586438538
A4,2024-07-12,2024-07-15,MDGL,295.78,284.27,283.9859,-141.47,-1.025,3,stop,28,35.0,2.0,7.0,57.0,371,88.0,368,136.0,362,XLV,6.0,11.0,100498716.29749998,0.038898734506883074
A4,2024-07-16,2024-07-22,UTHR,330.33,326.28,325.9537,-144.42,-1.081,6,stop,28,33.0,2.0,7.0,44.0,366,45.0,363,77.0,357,XLV,7.0,11.0,195945852.47649997,0.02424302091758502
A4,2024-07-03,2024-07-24,AAPL,220.6,219.03,222.4656,93.26,1.188,21,partial;stop,35,20.0,2.0,7.0,58.0,400,44.0,398,162.0,392,XLK,1.0,11.0,18699946879.5395,0.02527123797374219
A4,2024-07-23,2024-07-24,AXSM,86.88,85.19,84.8051,-178.16,-1.225,1,stop,28,32.0,2.0,8.0,79.0,411,98.0,409,249.0,403,XLV,6.0,11.0,61302332.51450001,0.032587221076088455
A4,2024-08-22,2024-08-28,IRM,112.9,111.51,113.0589,14.99,0.112,6,partial;stop,67,13.0,2.0,16.0,98.0,601,28.0,599,40.0,593,XLRE,1.0,11.0,223744104.1835,0.02677209773224242
A4,2024-08-23,2024-08-30,TPL,285.17,278.07,286.0904,34.91,0.129,7,partial;stop,67,11.0,1.0,14.0,222.0,550,25.0,548,41.0,542,XLRE,1.0,11.0,75181866.2076,0.03174246363983789
A4,2024-08-29,2024-08-30,ALNY,286.29,279.41,265.734,-431.59,-2.989,1,stop,28,33.0,2.0,10.0,39.0,481,6.0,477,18.0,471,XLV,2.0,11.0,249363475.3265,0.03750642038116878
A4,2024-08-28,2024-09-04,UTHR,353.85,351.14,350.7889,-91.79,-1.13,7,stop,28,35.0,1.0,11.0,209.0,511,46.0,508,48.0,502,XLV,2.0,11.0,177240063.2125,0.031084488799500383
A4,2024-09-19,2024-10-04,TSLA,235.92,232.13,247.8111,559.08,3.142,15,close<MA;partial,37,10.0,2.0,9.0,178.0,395,79.0,393,72.0,384,XLY,6.0,11.0,16377046802.977499,0.043366078303799356
A4,2024-09-13,2024-10-08,Z,58.35,56.82,62.3243,739.53,2.602,25,close<MA;partial,73,63.0,2.0,8.0,117.0,368,68.0,365,161.0,359,XLI,7.0,11.0,169627268.209,0.03444497232697298
A4,2024-10-10,2024-10-15,MNDY,285.93,278.63,278.3514,-287.82,-1.038,5,stop,73,55.0,2.0,8.0,128.0,400,94.0,398,76.0,392,XLK,11.0,11.0,114909848.652,0.03199167743528826
A4,2024-10-10,2024-10-16,IOT,50.12,48.51,48.4584,-302.43,-1.03,6,stop,73,55.0,2.0,8.0,306.0,400,50.0,398,57.0,392,XLK,11.0,11.0,173746162.7925,0.03218627030956976
A4,2024-10-18,2024-10-21,FOUR,97.0,94.27,94.1779,-304.45,-1.035,3,stop,73,58.0,2.0,8.0,102.0,369,39.0,368,73.0,363,XLI,2.0,11.0,91129200.7635,0.0280908637846706
A4,2024-10-18,2024-10-22,GTLB,55.61,54.33,54.2757,-264.65,-1.043,4,stop,73,58.0,2.0,8.0,184.0,369,211.0,368,220.0,363,XLK,9.0,11.0,70100680.46,0.02956243845187791
A4,2024-10-28,2024-10-29,TOST,30.73,29.76,29.7268,-150.59,-1.031,1,stop,73,54.0,3.0,9.0,104.0,335,132.0,334,114.0,330,XLK,7.0,11.0,137306082.638,0.031700747884284036
A4,2024-10-23,2024-11-01,NU,15.02,14.58,15.153,44.97,0.307,9,partial;stop,61,12.0,2.0,8.0,209.0,336,129.0,335,102.0,330,XLF,3.0,11.0,345091341.08000004,0.029348750575672277
A4,2024-11-01,2024-11-04,CART,45.25,44.24,44.1958,-254.99,-1.044,3,stop,73,63.0,2.0,9.0,75.0,364,60.0,362,118.0,359,XLI,3.0,11.0,116616465.96100001,0.03170017698650819
A4,2024-10-11,2024-11-05,YOU,33.88,33.25,35.6032,562.22,2.713,25,close<MA;partial,73,53.0,2.0,8.0,131.0,385,13.0,383,38.0,379,XLK,11.0,11.0,85282595.19299999,0.03273277417915459
A4,2024-11-01,2024-11-05,TOST,30.82,30.05,30.01,-287.68,-1.052,4,stop,73,63.0,2.0,9.0,98.0,364,113.0,362,102.0,359,XLK,5.0,11.0,139826053.7315,0.029720753762843742
A4,2024-11-05,2024-11-13,CART,45.8,44.51,45.3246,-106.47,-0.366,8,partial;stop,73,62.0,2.0,9.0,84.0,370,61.0,368,117.0,365,XLI,5.0,11.0,110825646.007,0.03031783352939286
A4,2024-11-06,2024-11-15,NVDA,144.56,141.96,145.5305,74.39,0.371,9,partial;stop,36,40.0,3.0,9.0,123.0,381,76.0,379,57.0,376,XLK,2.0,11.0,30931755933.1315,0.028117122399172235
A4,2024-11-25,2024-12-02,DASH,179.0,173.91,179.0633,3.93,0.013,7,partial;stop,73,98.0,3.0,16.0,199.0,582,120.0,580,94.0,575,XLI,4.0,11.0,598013860.016,0.02847151768168671
A4,2024-12-02,2024-12-03,MRVL,97.47,94.95,94.8551,-305.64,-1.038,1,stop,36,44.0,4.0,15.0,221.0,564,207.0,561,178.0,556,XLK,6.0,11.0,862332880.5775,0.032179919272375
A4,2024-11-06,2024-12-10,VRT,117.11,115.08,126.0373,848.38,4.406,34,close<MA;partial,36,40.0,3.0,9.0,168.0,381,30.0,379,148.0,376,XLK,2.0,11.0,722736567.0274999,0.035021287812355494
A4,2024-12-04,2024-12-10,CIEN,73.54,71.43,71.3553,-321.66,-1.034,6,stop,36,44.0,4.0,15.0,242.0,563,182.0,560,122.0,555,XLK,3.0,11.0,100123916.914,0.02878256176216328
A4,2024-12-09,2024-12-10,FRSH,17.06,16.54,16.5235,-325.31,-1.032,1,stop,73,95.0,2.0,11.0,78.0,481,131.0,478,183.0,474,XLK,3.0,11.0,79990859.41950001,0.03465378995724623
A4,2024-11-06,2024-12-11,CRWD,324.26,316.75,345.872,734.67,2.876,35,close<MA;partial,73,62.0,2.0,9.0,144.0,381,93.0,379,227.0,376,XLK,2.0,11.0,1055231614.9654999,0.03241468086224837
A4,2024-12-02,2024-12-13,TTD,132.78,128.38,132.5173,-18.31,-0.06,11,partial;stop,73,96.0,3.0,15.0,330.0,564,192.0,561,157.0,556,XLK,6.0,11.0,587686781.7310001,0.03319137344898999
A4,2024-12-16,2024-12-18,CRWD,377.8,364.89,364.5251,-318.54,-1.028,2,stop,73,97.0,2.0,12.0,173.0,472,111.0,469,342.0,466,XLK,4.0,11.0,1410695200.3385,0.034849746498939654
A4,2024-11-04,2024-12-20,MASI,146.96,143.87,166.9288,1477.93,6.47,46,close<MA;partial,38,18.0,3.0,10.0,118.0,369,87.0,367,197.0,364,XLV,11.0,11.0,91179044.186,0.027674552398041154
A4,2024-11-06,2024-12-31,DOCU,73.92,73.3,88.7305,2235.81,23.822,55,close<MA;partial,73,62.0,2.0,9.0,76.0,381,73.0,379,120.0,376,XLK,2.0,11.0,314177144.7605,0.024640159887069194
A4,2025-01-22,2025-01-23,PCOR,79.79,78.68,78.3815,-202.08,-1.268,1,stop,73,82.0,1.0,12.0,302.0,473,127.0,471,227.0,469,XLK,5.0,11.0,94176001.9255,0.026994177894889587
A4,2025-01-24,2025-01-27,PCOR,79.8,77.79,76.3136,-498.51,-1.737,3,stop,73,74.0,2.0,9.0,272.0,415,136.0,414,211.0,411,XLK,4.0,11.0,81732596.1835,0.025148500164431327
A4,2025-01-28,2025-01-29,BA,182.75,177.79,177.609,-313.76,-1.036,1,stop,37,11.0,2.0,10.0,310.0,478,208.0,477,340.0,474,XLI,4.0,11.0,1451606269.0345001,0.027172312246284837
A4,2025-01-28,2025-02-03,DOCU,95.97,92.81,92.9689,-287.71,-0.95,6,partial;stop,73,85.0,1.0,10.0,346.0,478,97.0,477,62.0,474,XLK,6.0,11.0,183581963.55049998,0.03288012649459508
A4,2025-02-06,2025-02-07,DOCU,99.19,95.48,94.2457,-197.74,-1.333,1,stop,73,102.0,1.0,14.0,210.0,600,89.0,599,68.0,594,XLK,4.0,11.0,203692668.9775,0.037376065313518975
A4,2025-02-04,2025-02-12,CYBR,379.0,370.18,380.4927,25.4,0.169,8,partial;stop,73,101.0,1.0,14.0,129.0,589,95.0,589,126.0,584,XLK,7.0,11.0,156578218.232,0.027903581334016568
A4,2025-02-06,2025-02-12,EPAM,259.07,256.96,259.0261,-1.84,-0.02,6,partial;stop,73,102.0,1.0,14.0,133.0,600,90.0,599,255.0,594,XLK,4.0,11.0,125620720.517,0.02661450278367075
A4,2025-01-24,2025-02-14,TWLO,137.68,133.59,136.1362,-114.06,-0.377,21,partial;stop,73,74.0,2.0,9.0,226.0,415,54.0,414,50.0,411,XLK,4.0,11.0,217247380.47550002,0.02966309263378456
A4,2025-02-13,2025-02-14,SNOW,191.11,185.2,185.0107,-311.11,-1.031,1,stop,73,102.0,1.0,15.0,110.0,597,39.0,597,124.0,590,XLK,6.0,11.0,915743734.2275,0.03289175085978037
A4,2025-02-18,2025-02-19,SNOW,193.79,189.09,188.9009,-151.67,-1.04,1,stop,73,105.0,1.0,15.0,119.0,608,45.0,608,134.0,602,XLK,4.0,11.0,929797405.107,0.03395253879569608
A4,2025-02-13,2025-02-20,CYBR,409.3,397.97,397.5732,-304.87,-1.035,7,stop,73,102.0,1.0,15.0,128.0,597,69.0,597,157.0,590,XLK,6.0,11.0,192572500.6775,0.02767581407855621
A4,2025-06-10,2025-06-11,SARO,31.01,30.69,30.6593,-125.9,-1.096,1,stop,37,11.0,2.0,10.0,206.0,499,216.0,497,148.0,492,XLI,2.0,11.0,93926953.5175,0.026719794988405744
A4,2025-06-20,2025-06-23,SYF,62.53,61.55,61.4885,-156.6,-1.063,3,stop,61,18.0,1.0,11.0,229.0,506,191.0,501,265.0,498,XLF,6.0,11.0,187859207.926,0.024988109701016923
A4,2025-06-24,2025-06-25,THO,91.21,88.3,86.933,-213.66,-1.469,1,stop,37,13.0,3.0,12.0,209.0,519,231.0,514,323.0,511,XLY,3.0,11.0,75684342.35499999,0.03189826442524006
A4,2025-07-03,2025-07-07,MCHP,73.9,72.94,72.8671,-158.63,-1.076,4,stop,36,44.0,2.0,13.0,104.0,584,90.0,580,141.0,577,XLK,1.0,11.0,633611800.053,0.029940423738407905
A4,2025-06-24,2025-07-10,NU,12.79,12.53,13.0136,123.9,0.84,16,partial;stop,61,18.0,1.0,12.0,304.0,519,257.0,514,183.0,511,XLF,6.0,11.0,688801227.227,0.03259122008519239
A4,2025-07-09,2025-07-10,AVGO,277.98,272.72,272.4473,-154.99,-1.052,1,stop,36,46.0,2.0,15.0,363.0,592,74.0,586,197.0,583,XLK,1.0,11.0,6028818205.1565,0.02712329671658289
A4,2025-07-01,2025-07-11,APTV,71.3,69.53,69.4558,-155.02,-1.039,10,stop,37,17.0,3.0,13.0,406.0,551,272.0,547,186.0,544,XLY,4.0,11.0,159557293.24299997,0.024907696497683773
A4,2025-07-01,2025-07-11,RRX,149.33,145.52,149.5673,9.29,0.063,10,partial;stop,35,21.0,4.0,13.0,290.0,551,201.0,547,333.0,544,XLI,3.0,11.0,88550925.2695,0.02549692425640763
A4,2025-07-01,2025-07-14,THO,91.25,88.34,91.6062,18.11,0.122,13,partial;stop,37,17.0,3.0,13.0,217.0,551,255.0,547,320.0,544,XLY,4.0,11.0,73913283.89549999,0.03193682367839901
A4,2025-07-08,2025-07-14,LRCX,99.6,98.22,99.7401,15.32,0.102,6,partial;stop,35,26.0,3.0,14.0,121.0,577,129.0,573,112.0,570,XLI,2.0,11.0,983307726.6449999,0.02455401162199506
A4,2025-07-01,2025-07-15,NXPI,222.44,216.51,224.4586,50.41,0.34,14,partial;stop,36,43.0,2.0,13.0,171.0,551,257.0,547,259.0,544,XLK,1.0,11.0,501971198.055,0.02666753536336013
A4,2025-06-26,2025-07-16,HBM,10.09,10.08,10.2445,169.56,15.32,20,partial;stop,10,15.0,2.0,12.0,163.0,530,170.0,525,128.0,522,XLB,8.0,11.0,82625276.791,0.027093898709201446
A4,2025-07-15,2025-07-16,AVGO,281.46,277.85,277.5722,-151.67,-1.077,1,stop,36,46.0,2.0,13.0,217.0,600,119.0,593,169.0,590,XLK,1.0,11.0,5721597019.7575,0.026012482425467866
A4,2025-07-15,2025-07-16,DELL,128.45,125.22,125.0939,-291.83,-1.039,1,stop,35,24.0,3.0,13.0,145.0,600,124.0,593,281.0,590,XLK,1.0,11.0,628618645.236,0.025139816697588746
A4,2025-07-09,2025-07-22,MSTR,415.01,400.17,420.6346,56.2,0.379,13,partial;stop,61,19.0,1.0,15.0,291.0,592,250.0,586,115.0,583,XLF,5.0,11.0,4232240443.4735003,0.03576170360224477
A4,2025-07-14,2025-07-22,GEV,547.2,540.0,552.4969,106.01,0.736,8,partial;stop,36,44.0,2.0,12.0,101.0,594,76.0,588,72.0,585,XLK,1.0,11.0,1561977925.284,0.03443112413051623
A4,2025-07-17,2025-07-22,AVGO,283.64,279.91,279.6301,-156.52,-1.075,5,stop,36,47.0,2.0,12.0,178.0,593,113.0,586,163.0,582,XLK,1.0,11.0,5691044782.242499,0.025803290969503418
A4,2025-07-18,2025-07-23,ON,60.64,59.21,59.1508,-272.63,-1.041,5,stop,36,46.0,2.0,13.0,202.0,599,98.0,592,259.0,586,XLK,1.0,11.0,425510190.5265,0.03217590605447408
A4,2025-07-23,2025-07-24,FLEX,53.96,53.0,50.4745,-718.82,-3.62,1,stop,36,47.0,2.0,13.0,178.0,590,102.0,584,151.0,579,XLK,1.0,11.0,264977227.96349996,0.024690754776556627
A4,2025-07-21,2025-07-30,COOP,158.16,152.97,158.2187,3.46,0.012,9,partial;stop,61,21.0,1.0,13.0,286.0,600,243.0,594,79.0,589,XLF,5.0,11.0,223379880.64500004,0.037820978574426706
A4,2025-07-25,2025-07-30,RRX,155.46,154.01,153.856,-111.95,-1.107,5,stop,35,24.0,3.0,16.0,293.0,603,139.0,597,344.0,593,XLI,2.0,11.0,109228835.16849999,0.02797042617855005
A4,2025-07-29,2025-07-30,STX,154.03,150.0,140.859,-474.3,-3.266,1,stop,35,26.0,4.0,13.0,253.0,576,51.0,570,76.0,566,XLK,1.0,11.0,568892370.54325,0.02710560392052703
A4,2025-07-29,2025-07-30,WDC,69.79,69.41,69.3356,-71.7,-1.181,1,stop,35,26.0,4.0,13.0,227.0,576,74.0,570,258.0,566,XLK,1.0,11.0,398532184.086,0.02484196920535393
A4,2025-07-24,2025-07-31,AVGO,290.83,283.5,291.8688,19.73,0.142,7,partial;stop,36,47.0,2.0,13.0,238.0,594,106.0,588,150.0,584,XLK,1.0,11.0,5062098469.539,0.02643623280620721
A4,2025-08-08,2025-08-13,APH,110.49,108.5,108.3915,-216.18,-1.055,5,stop,36,53.0,2.0,16.0,136.0,666,169.0,661,57.0,655,XLK,1.0,11.0,972380346.3025,0.02646284940966333
A4,2025-08-12,2025-08-15,AVGO,310.65,304.67,304.3603,-232.73,-1.051,3,stop,36,53.0,2.0,16.0,140.0,681,111.0,676,108.0,670,XLK,1.0,11.0,4956482975.415,0.02857425735881707
A4,2025-07-23,2025-08-20,CIEN,85.96,84.38,88.8056,366.97,1.799,28,close<MA;partial,36,47.0,2.0,13.0,191.0,590,196.0,584,306.0,579,XLK,1.0,11.0,183899208.80699998,0.028529430232904867
A4,2025-08-04,2025-08-21,BWXT,153.68,149.81,169.0033,1103.03,3.96,17,close<MA;partial,35,25.0,4.0,16.0,153.0,615,158.0,610,104.0,605,XLI,2.0,11.0,145288472.2135,0.025173986903579082
A4,2025-08-29,2025-09-02,CCJ,81.07,78.23,74.3356,-707.22,-2.372,4,stop,10,18.0,1.0,13.0,357.0,625,152.0,619,73.0,615,XLB,6.0,11.0,288358303.27349997,0.03502065672488579
A4,2025-07-01,2025-09-10,HII,242.28,239.55,263.7049,985.45,7.841,71,close<MA;partial,37,17.0,3.0,13.0,233.0,551,244.0,547,131.0,544,XLI,3.0,11.0,118505090.10050002,0.02403112930940488
A4,2025-09-09,2025-09-11,LSCC,67.2,65.33,65.2647,-307.26,-1.035,2,stop,36,54.0,3.0,12.0,231.0,557,112.0,554,374.0,547,XLK,2.0,11.0,151991299.26999998,0.032053083358032135
A4,2025-09-10,2025-09-11,COMM,16.63,16.16,16.1438,-309.46,-1.035,1,stop,36,56.0,3.0,12.0,322.0,555,13.0,553,15.0,546,XLK,2.0,11.0,97529794.27550001,0.03877196589437124
A4,2025-09-18,2025-09-19,INTC,31.81,30.77,30.3496,-419.64,-1.41,1,stop,36,55.0,2.0,13.0,262.0,576,241.0,574,432.0,568,XLK,3.0,11.0,1955670885.7925,0.032593764341185306
A4,2025-09-19,2025-09-23,COMM,16.85,16.33,16.3137,-153.55,-1.032,4,stop,36,54.0,2.0,13.0,286.0,588,19.0,586,24.0,580,XLK,2.0,11.0,84431482.57050002,0.034131359353234296
A4,2025-10-01,2025-10-02,AGI,35.16,34.76,34.7202,-140.76,-1.086,1,stop,10,24.0,2.0,15.0,165.0,658,172.0,656,298.0,650,XLB,10.0,11.0,143617178.317,0.02711762448477814
A4,2025-10-06,2025-10-07,PAAS,40.38,39.57,39.5304,-157.21,-1.049,1,stop,10,25.0,2.0,15.0,174.0,670,167.0,668,243.0,662,XLB,10.0,11.0,275880364.3945,0.03363384667923068
A4,2025-07-24,2025-10-08,NVT,77.78,76.23,92.4458,1378.8,9.477,76,close<MA;partial,35,24.0,3.0,13.0,308.0,594,157.0,588,278.0,584,XLI,2.0,11.0,142884086.5735,0.02652975740422452
A4,2025-10-08,2025-10-09,PAAS,40.68,39.7,39.6553,-282.99,-1.04,1,stop,10,26.0,1.0,14.0,241.0,680,161.0,678,221.0,672,XLB,10.0,11.0,264201359.0205,0.03277442249413849
A4,2025-10-01,2025-10-10,FSLR,228.56,221.41,228.9858,8.45,0.059,9,partial;stop,36,60.0,1.0,15.0,185.0,658,159.0,656,165.0,650,XLK,1.0,11.0,467826559.967,0.03854803360395935
A4,2025-10-03,2025-10-10,MPWR,941.38,916.8,945.8419,26.77,0.182,7,partial;stop,36,61.0,1.0,15.0,220.0,675,222.0,673,210.0,667,XLK,1.0,11.0,431937965.4585,0.02779508738715713
A4,2025-10-10,2025-10-13,AEIS,181.08,174.89,174.7113,-299.13,-1.028,3,stop,36,62.0,1.0,14.0,196.0,672,206.0,669,170.0,662,XLK,1.0,11.0,71736530.5475,0.03418271909743365
A4,2025-10-15,2025-10-17,AEM,173.67,172.29,172.1177,-99.57,-1.125,2,stop,10,26.0,2.0,16.0,197.0,752,142.0,747,320.0,740,XLB,9.0,11.0,536993100.861,0.028024172723322017
A4,2025-10-15,2025-10-17,AGI,35.65,34.5,34.4665,-310.11,-1.03,2,stop,10,26.0,2.0,16.0,377.0,752,195.0,747,472.0,740,XLB,9.0,11.0,144837103.63000003,0.03211158082287998
A4,2025-10-20,2025-10-21,TSEM,76.94,75.4,75.1048,-177.71,-1.192,1,stop,36,70.0,1.0,15.0,215.0,735,117.0,728,147.0,722,XLK,2.0,11.0,64608717.1015,0.03813189902108403
A4,2025-08-21,2025-10-22,NEM,70.36,68.9,80.25,1562.58,6.772,62,close<MA;partial,10,21.0,2.0,14.0,125.0,676,124.0,671,84.0,666,XLB,6.0,11.0,668018223.8050001,0.02561477331001281
A4,2025-10-15,2025-10-22,MPWR,1001.0,987.3,1004.7797,41.58,0.276,7,partial;stop,36,70.0,1.0,16.0,168.0,752,179.0,747,203.0,740,XLK,2.0,11.0,503679063.15550005,0.03529946642217175
A4,2025-10-15,2025-10-22,FN,397.66,382.27,399.1783,28.9,0.099,7,partial;stop,36,70.0,1.0,16.0,303.0,752,225.0,747,167.0,740,XLK,2.0,11.0,170549484.897,0.03869154367452546
A4,2025-10-27,2025-10-28,AMAT,233.23,231.13,229.4503,-177.79,-1.799,1,stop,36,73.0,1.0,14.0,178.0,756,249.0,750,261.0,745,XLK,1.0,11.0,1831818924.31,0.03592436639137007
A4,2025-10-29,2025-10-30,TTMI,62.66,59.67,59.6135,-301.86,-1.02,1,stop,36,72.0,1.0,16.0,355.0,761,245.0,754,52.0,749,XLK,1.0,11.0,124541367.3005,0.04770602954826222
A4,2025-10-29,2025-10-31,AMAT,236.03,232.0,231.768,-200.12,-1.058,2,stop,36,72.0,1.0,16.0,200.0,761,255.0,754,250.0,749,XLK,1.0,11.0,1769480259.6334999,0.03458842615319715
A4,2025-10-28,2025-11-04,SCCO,133.01,128.98,128.8556,-298.98,-1.032,7,stop,10,26.0,4.0,13.0,181.0,757,168.0,750,291.0,745,XLB,10.0,11.0,229533113.65760565,0.030249639882326707
A4,2025-11-03,2025-11-04,NU,16.37,15.96,15.7842,-213.07,-1.45,1,stop,61,27.0,3.0,16.0,245.0,816,178.0,808,349.0,803,XLF,8.0,11.0,548976897.6415,0.029028480314425613
A4,2025-11-11,2025-11-12,NU,16.52,16.05,16.034,-154.42,-1.034,1,stop,61,25.0,3.0,20.0,307.0,891,175.0,885,355.0,877,XLF,8.0,11.0,478548167.62049997,0.029978511319733066
A4,2025-12-02,2025-12-03,CAT,584.57,569.06,568.4909,-144.75,-1.037,1,stop,35,41.0,6.0,21.0,494.0,820,115.0,815,149.0,808,XLI,7.0,11.0,1394042327.6265,0.028372566197574556
A4,2025-11-05,2025-12-04,PTCT,70.07,67.74,74.615,281.79,1.954,29,close<MA;partial,28,62.0,5.0,17.0,195.0,835,157.0,827,140.0,822,XLV,2.0,11.0,65045231.34449999,0.03319954224612604
A4,2025-12-03,2025-12-04,SCCO,137.64,135.01,134.8562,-158.79,-1.059,1,stop,10,24.0,3.0,20.0,452.0,797,114.0,792,186.0,785,XLB,11.0,11.0,165892988.65854633,0.029499166829918506
A4,2025-12-10,2025-12-15,DD,41.27,40.57,40.5294,-207.7,-1.058,5,stop,28,64.0,1.0,18.0,414.0,742,145.0,736,215.0,730,XLB,11.0,11.0,206614693.732,0.0240730474783547
A4,2025-12-12,2025-12-29,BBIO,75.18,72.65,75.4045,27.53,0.091,17,partial;stop,28,63.0,1.0,17.0,226.0,758,85.0,753,103.0,747,XLV,1.0,11.0,142590092.4815,0.03600035257612106
A4,2025-12-22,2026-01-02,RVMD,81.57,78.75,78.6706,-312.92,-1.028,11,stop,28,63.0,1.0,14.0,262.0,736,20.0,733,74.0,727,XLV,1.0,11.0,195023383.56,0.03455571550097307
A4,2026-01-02,2026-01-05,BBIO,78.52,76.19,76.1161,-156.16,-1.033,3,stop,28,45.0,1.0,11.0,164.0,532,41.0,530,73.0,524,XLV,1.0,11.0,130206751.1355,0.02962611266716429
A4,2026-01-06,2026-01-07,B,46.5,46.0,45.954,-135.61,-1.093,1,stop,10,25.0,1.0,11.0,97.0,563,71.0,561,50.0,555,XLB,4.0,11.0,498427624.86,0.030393313578489185
A4,2026-01-06,2026-01-07,AU,91.74,90.13,90.0399,-216.13,-1.056,1,stop,10,25.0,1.0,11.0,220.0,563,137.0,561,80.0,555,XLB,4.0,11.0,211264702.67749998,0.03478371176158487
A4,2026-01-06,2026-01-08,WWD,324.8,318.6,318.2814,-234.83,-1.051,2,stop,36,55.0,3.0,11.0,128.0,563,110.0,561,226.0,555,XLK,6.0,11.0,174793475.25800002,0.024360787757527792
A4,2025-10-24,2026-01-09,TSEM,77.49,75.68,110.1188,4601.03,18.054,77,close<MA;partial,36,73.0,1.0,14.0,183.0,748,80.0,743,133.0,738,XLK,1.0,11.0,62976534.34499999,0.037225661886405546
A4,2026-01-12,2026-01-14,PAAS,56.13,55.46,55.4045,-147.91,-1.083,2,stop,10,25.0,1.0,14.0,174.0,633,70.0,631,102.0,624,XLB,2.0,11.0,326831004.9595,0.03951309169470481
A4,2026-01-13,2026-01-16,ROIV,23.49,22.71,22.6923,-315.67,-1.029,3,stop,28,49.0,4.0,13.0,188.0,628,107.0,626,89.0,619,XLV,2.0,11.0,175276387.443,0.033136107649611016
A4,2026-01-15,2026-01-16,WWD,334.54,333.58,333.2464,-44.12,-1.346,1,stop,36,60.0,3.0,12.0,193.0,635,121.0,633,236.0,627,XLK,7.0,11.0,170375882.04900002,0.02458072380712447
A4,2026-01-20,2026-01-21,PAAS,58.27,57.29,57.2327,-161.54,-1.059,1,stop,10,25.0,2.0,13.0,228.0,643,118.0,641,83.0,636,XLB,2.0,11.0,339036105.225,0.03526849130524061
A4,2026-01-22,2026-01-26,BBIO,79.96,77.14,76.883,-166.14,-1.091,4,stop,28,49.0,3.0,12.0,370.0,657,92.0,653,123.0,650,XLV,3.0,11.0,202157382.06225002,0.03846011791585572
A4,2026-01-20,2026-01-30,FSM,10.83,10.59,10.7477,-50.79,-0.331,10,partial;stop,10,25.0,2.0,13.0,276.0,643,303.0,641,139.0,636,XLB,2.0,11.0,73966209.29599999,0.0428478655359474
A4,2026-02-03,2026-02-04,EL,120.39,116.92,115.884,-198.28,-1.297,1,stop,28,66.0,4.0,21.0,233.0,929,217.0,927,288.0,921,XLB,1.0,11.0,398529189.7145,0.028853081427350786
A4,2026-01-05,2026-02-05,AMAT,276.4,276.12,300.1707,974.76,86.103,31,close<MA;partial,36,55.0,2.0,11.0,296.0,531,122.0,529,156.0,522,XLK,6.0,11.0,1597190019.4015,0.024898865996263442
A4,2026-01-06,2026-02-10,MCHP,70.63,70.56,74.6718,658.72,57.273,35,close<MA;partial,36,55.0,3.0,11.0,223.0,563,306.0,561,385.0,555,XLK,6.0,11.0,503499915.96599996,0.027117957699739043
A4,2026-02-11,2026-02-12,SLB,51.72,50.93,50.8791,-162.62,-1.064,1,stop,13,30.0,6.0,23.0,255.0,997,149.0,995,178.0,990,XLE,2.0,11.0,1079063332.7080002,0.029357897989132204
A4,2026-02-02,2026-03-02,VTRS,13.5,13.17,14.8714,640.16,4.154,28,close<MA;partial,28,63.0,4.0,21.0,430.0,918,140.0,915,185.0,909,XLV,4.0,11.0,109512910.8585,0.024386526180645178
A4,2026-02-26,2026-03-03,RBC,575.25,559.93,559.3744,-142.92,-1.037,5,stop,35,55.0,4.0,23.0,214.0,1109,229.0,1106,224.0,1101,XLI,3.0,11.0,126791296.57696962,0.02663220182884049
A4,2026-04-09,2026-04-15,JCI,140.78,138.59,138.4515,-186.33,-1.063,6,stop,35,50.0,6.0,22.0,332.0,949,201.0,944,260.0,940,XLI,5.0,11.0,477025528.5914195,0.02734540953425151
A4,2026-05-01,2026-05-06,CE,68.84,67.08,63.4015,-902.58,-3.091,5,stop,28,68.0,4.0,20.0,573.0,937,71.0,932,115.0,926,XLB,6.0,11.0,136905078.15637487,0.04225961380976426
A4,2026-04-29,2026-05-07,CVE,27.91,27.81,28.3738,189.64,4.76,8,partial;stop,13,29.0,2.0,19.0,648.0,925,90.0,919,104.0,913,XLE,1.0,11.0,241691441.13044935,0.02762006795794686
A4,2026-05-07,2026-05-08,CRUS,175.95,170.48,170.3102,-304.59,-1.031,1,stop,36,85.0,1.0,21.0,337.0,985,237.0,980,321.0,975,XLK,1.0,11.0,112665006.49521728,0.03108855680012061
A4,2026-05-05,2026-05-12,ALKS,35.55,34.5,35.6268,22.36,0.073,7,partial;stop,28,69.0,4.0,20.0,699.0,963,515.0,957,422.0,952,XLV,11.0,11.0,62074062.894870974,0.029479900421764866
A4,2026-05-22,2026-06-01,TXN,310.6,303.0,297.0846,-486.56,-1.778,10,stop,36,90.0,1.0,21.0,83.0,1048,161.0,1044,114.0,1036,XLK,1.0,11.0,2266213173.75266,0.03160293147759522
A4,2026-05-29,2026-06-02,CACC,565.71,558.5,556.443,-185.24,-1.285,4,stop,61,21.0,3.0,23.0,374.0,1036,344.0,1030,384.0,1022,XLF,7.0,11.0,81128131.43681023,0.03417447444021502
A4,2026-05-29,2026-06-04,AVGO,442.8,431.47,408.581,-889.76,-3.02,6,stop,36,92.0,1.0,23.0,422.0,1036,199.0,1030,506.0,1022,XLK,1.0,11.0,7828674527.000287,0.03573606999513994
A4,2026-06-03,2026-06-04,ROK,465.79,458.06,457.6019,-204.58,-1.059,1,stop,38,59.0,4.0,22.0,272.0,1026,371.0,1021,435.0,1011,XLV,9.0,11.0,375871045.56852055,0.025563794961290964
A4,2026-05-18,2026-06-09,TENB,22.36,21.21,26.6483,1114.36,3.736,22,close<MA;partial,73,144.0,5.0,23.0,234.0,1043,587.0,1038,820.0,1031,XLK,1.0,11.0,70270511.10837117,0.05317545632832216
A4,2026-06-09,2026-06-11,WST,331.21,326.69,326.3633,-164.82,-1.072,2,stop,38,53.0,4.0,22.0,530.0,1009,239.0,1002,425.0,994,XLV,8.0,11.0,223019209.22459474,0.028096429474904077
A4,2026-06-15,2026-06-17,ROK,469.75,463.5,463.0365,-161.11,-1.074,2,stop,38,53.0,6.0,23.0,586.0,1012,306.0,1005,449.0,997,XLV,7.0,11.0,304973092.5365137,0.025662761327946905
A4,2026-05-22,2026-06-22,CDNS,365.38,361.54,382.3513,526.26,4.421,31,end-of-test;partial,73,150.0,6.0,21.0,276.0,1048,248.0,1044,441.0,1036,XLK,1.0,11.0,834485951.2269053,0.031657404239063776
A4,2026-05-28,2026-06-22,CVLT,109.49,105.28,124.3432,1069.12,3.519,25,end-of-test;partial,73,149.0,5.0,23.0,169.0,1044,256.0,1038,776.0,1030,XLK,1.0,11.0,71294737.24359512,0.03853318078237901
A4,2026-06-10,2026-06-22,RAL,64.3,62.03,68.6619,579.57,1.919,12,end-of-test;partial,38,53.0,5.0,23.0,37.0,1006,154.0,1000,340.0,992,XLV,8.0,11.0,119698076.45214522,0.03532192368356983
A4,2026-06-18,2026-06-22,KEYS,364.36,357.71,370.9,202.62,0.982,4,end-of-test,38,54.0,6.0,23.0,535.0,1029,321.0,1021,159.0,1011,XLV,7.0,11.0,574748058.6149696,0.03851823538874871
