crowd,registration,draw,seed,sharpe_0bps,sharpe_10bps,exposure,turnover_per_year,heldshare_ratio_median,sub5_held_share
"published crowd (120 draws, the published run)",published 2026-07-14 as a 10 bps summary; every per-draw value here is the 2026-09-24 replay of the same draws,1,20260714,0.5903755662758476,0.022572824922775132,0.2493208008738069,251.94983659228546,0.6423854501393174,0.03634233175411203
"published crowd (120 draws, the published run)",published 2026-07-14 as a 10 bps summary; every per-draw value here is the 2026-09-24 replay of the same draws,2,20260714,0.635578895141731,0.06817290447824693,0.24938448427848198,251.94746235469037,0.6439258111838301,0.03627098027557353
"published crowd (120 draws, the published run)",published 2026-07-14 as a 10 bps summary; every per-draw value here is the 2026-09-24 replay of the same draws,3,20260714,0.6434825470768327,0.07648060443748492,0.24937918864355166,251.94294724441087,0.642046197822874,0.036290535548117765
"published crowd (120 draws, the published run)",published 2026-07-14 as a 10 bps summary; every per-draw value here is the 2026-09-24 replay of the same draws,4,20260714,0.6026308545704934,0.035921753957431364,0.24936907262297958,251.95015865682458,0.6433305577981754,0.036227754809780056
"published crowd (120 draws, the published run)",published 2026-07-14 as a 10 bps summary; every per-draw value here is the 2026-09-24 replay of the same draws,5,20260714,0.6318443183250531,0.06408088804502736,0.24938950834239018,251.94983420016658,0.6415125727089604,0.03628141124867489
"published crowd (120 draws, the published run)",published 2026-07-14 as a 10 bps summary; every per-draw value here is the 2026-09-24 replay of the same draws,6,20260714,0.6161357271295577,0.04900026263060429,0.24943160185081084,251.94476160321653,0.6456452111137477,0.03629406958152985
"published crowd (120 draws, the published run)",published 2026-07-14 as a 10 bps summary; every per-draw value here is the 2026-09-24 replay of the same draws,7,20260714,0.600086823641373,0.03275716357668477,0.2493842127074599,251.9468822289758,0.6401518121054801,0.03624815147957861
"published crowd (120 draws, the published run)",published 2026-07-14 as a 10 bps summary; every per-draw value here is the 2026-09-24 replay of the same draws,8,20260714,0.6240744962755528,0.057711067548288454,0.249368733159202,251.9465791285721,0.6401236898070056,0.036231071228266964
"published crowd (120 draws, the published run)",published 2026-07-14 as a 10 bps summary; every per-draw value here is the 2026-09-24 replay of the same draws,9,20260714,0.6157878808809257,0.04906966930593185,0.24943228077836602,251.9509020322657,0.6413847578580378,0.03634895299729226
"published crowd (120 draws, the published run)",published 2026-07-14 as a 10 bps summary; every per-draw value here is the 2026-09-24 replay of the same draws,10,20260714,0.609100154820482,0.04212309370062117,0.24944443358160356,251.94990711280772,0.6429403382932004,0.03622960211970567
"published crowd (120 draws, the published run)",published 2026-07-14 as a 10 bps summary; every per-draw value here is the 2026-09-24 replay of the same draws,11,20260714,0.6036192087195897,0.03597762889196306,0.24935882081689648,251.95188443520203,0.6435468454052402,0.03618649794681709
"published crowd (120 draws, the published run)",published 2026-07-14 as a 10 bps summary; every per-draw value here is the 2026-09-24 replay of the same draws,12,20260714,0.6203638483107912,0.05326838697449005,0.24937015890706787,251.9439918154925,0.6398064090767481,0.036334866230638106
"published crowd (120 draws, the published run)",published 2026-07-14 as a 10 bps summary; every per-draw value here is the 2026-09-24 replay of the same draws,13,20260714,0.616532099853292,0.049159913124748836,0.24944253258444904,251.95335166804708,0.6450450465999806,0.03628268074588732
"published crowd (120 draws, the published run)",published 2026-07-14 as a 10 bps summary; every per-draw value here is the 2026-09-24 replay of the same draws,14,20260714,0.6354217101327518,0.067980170424749,0.24934945161663513,251.9494454353388,0.6417595849235451,0.03636647302145345
"published crowd (120 draws, the published run)",published 2026-07-14 as a 10 bps summary; every per-draw value here is the 2026-09-24 replay of the same draws,15,20260714,0.6070689533234895,0.04015420456532742,0.24935916028067406,251.95158678005623,0.6423948636540256,0.036240357935645964
"published crowd (120 draws, the published run)",published 2026-07-14 as a 10 bps summary; every per-draw value here is the 2026-09-24 replay of the same draws,16,20260714,0.627126122344069,0.05995642813660938,0.2493815648899947,251.94507313421371,0.6412178373591187,0.036177480535199986
"published crowd (120 draws, the published run)",published 2026-07-14 as a 10 bps summary; every per-draw value here is the 2026-09-24 replay of the same draws,17,20260714,0.6024037239400161,0.036096425682993205,0.24934544594405963,251.95125900355575,0.6433734041182733,0.03617809219914737
"published crowd (120 draws, the published run)",published 2026-07-14 as a 10 bps summary; every per-draw value here is the 2026-09-24 replay of the same draws,18,20260714,0.6246038836222739,0.0576406388007172,0.24942331893463776,251.94786912380098,0.6436623325832918,0.03626124998094608
"published crowd (120 draws, the published run)",published 2026-07-14 as a 10 bps summary; every per-draw value here is the 2026-09-24 replay of the same draws,19,20260714,0.596577134880843,0.029948841410791367,0.24944714929182427,251.95216982726197,0.6434838526912181,0.03638924535979217
"published crowd (120 draws, the published run)",published 2026-07-14 as a 10 bps summary; every per-draw value here is the 2026-09-24 replay of the same draws,20,20260714,0.617819717181253,0.05086167408657336,0.2493997601484733,251.95299899685938,0.643343166337776,0.03623826950074276
"published crowd (120 draws, the published run)",published 2026-07-14 as a 10 bps summary; every per-draw value here is the 2026-09-24 replay of the same draws,21,20260714,0.6318175142828613,0.06564120637066931,0.24941469655468707,251.95070859839197,0.6457836753853863,0.0364228342493597
"published crowd (120 draws, the published run)",published 2026-07-14 as a 10 bps summary; every per-draw value here is the 2026-09-24 replay of the same draws,22,20260714,0.6166634038958346,0.049821906417802035,0.2493474827267251,251.94650034350155,0.6445264949530858,0.03621564383593721
"published crowd (120 draws, the published run)",published 2026-07-14 as a 10 bps summary; every per-draw value here is the 2026-09-24 replay of the same draws,23,20260714,0.6264689455017325,0.06058379010959725,0.2494149002329536,251.94371011841304,0.6437244574129865,0.03622899234006413
"published crowd (120 draws, the published run)",published 2026-07-14 as a 10 bps summary; every per-draw value here is the 2026-09-24 replay of the same draws,24,20260714,0.5973269687700425,0.030298008580519776,0.24938957623514574,251.94715426353193,0.639824625502375,0.036322508968125826
"published crowd (120 draws, the published run)",published 2026-07-14 as a 10 bps summary; every per-draw value here is the 2026-09-24 replay of the same draws,25,20260714,0.6282725653812369,0.061378918724190934,0.24941591862428636,251.9474057999215,0.6439211702583596,0.03627648063587552
"published crowd (120 draws, the published run)",published 2026-07-14 as a 10 bps summary; every per-draw value here is the 2026-09-24 replay of the same draws,26,20260714,0.6244934748508929,0.05748020846809471,0.24936914051573508,251.95259001657257,0.641780945833484,0.036205147528468665
"published crowd (120 draws, the published run)",published 2026-07-14 as a 10 bps summary; every per-draw value here is the 2026-09-24 replay of the same draws,27,20260714,0.611682496743455,0.044447386128914926,0.2494060062819809,251.94517687128956,0.6426057379473529,0.03635223786174003
"published crowd (120 draws, the published run)",published 2026-07-14 as a 10 bps summary; every per-draw value here is the 2026-09-24 replay of the same draws,28,20260714,0.6028759479589715,0.034814129991791086,0.24941686912286362,251.93910140706618,0.6422938024215243,0.03624422208847836
"published crowd (120 draws, the published run)",published 2026-07-14 as a 10 bps summary; every per-draw value here is the 2026-09-24 replay of the same draws,29,20260714,0.6117720775171585,0.044065111459344476,0.24944137840760527,251.9457153821468,0.6426229946524065,0.03633429049686313
"published crowd (120 draws, the published run)",published 2026-07-14 as a 10 bps summary; every per-draw value here is the 2026-09-24 replay of the same draws,30,20260714,0.6355137759350544,0.06923248101126432,0.24934198341352826,251.94686720761464,0.6422587488381716,0.03632072877258694
"published crowd (120 draws, the published run)",published 2026-07-14 as a 10 bps summary; every per-draw value here is the 2026-09-24 replay of the same draws,31,20260714,0.6135259418878677,0.045465470506308926,0.24935461146605442,251.94805278169122,0.6399579398545263,0.036329235792475004
"published crowd (120 draws, the published run)",published 2026-07-14 as a 10 bps summary; every per-draw value here is the 2026-09-24 replay of the same draws,32,20260714,0.617935957918963,0.05112151448256511,0.24944952553826735,251.94739781783937,0.6445455621735441,0.036339635890554875
"published crowd (120 draws, the published run)",published 2026-07-14 as a 10 bps summary; every per-draw value here is the 2026-09-24 replay of the same draws,33,20260714,0.6138623614323002,0.046459598927959395,0.2494099440618009,251.94917640346,0.641205020163375,0.03631137631965706
"published crowd (120 draws, the published run)",published 2026-07-14 as a 10 bps summary; every per-draw value here is the 2026-09-24 replay of the same draws,34,20260714,0.6120978231114225,0.043936656270446336,0.24944117472933877,251.94829444980385,0.6432487088903769,0.036363443363680435
"published crowd (120 draws, the published run)",published 2026-07-14 as a 10 bps summary; every per-draw value here is the 2026-09-24 replay of the same draws,35,20260714,0.6270044361295003,0.059600484237062455,0.24949643943232966,251.95081653211776,0.6442338906259522,0.03633824517444333
"published crowd (120 draws, the published run)",published 2026-07-14 as a 10 bps summary; every per-draw value here is the 2026-09-24 replay of the same draws,36,20260714,0.6134493257109834,0.04516330975861694,0.24940559892544775,251.94939186320988,0.6423908954362929,0.036290503693593316
"published crowd (120 draws, the published run)",published 2026-07-14 as a 10 bps summary; every per-draw value here is the 2026-09-24 replay of the same draws,37,20260714,0.615423777815404,0.04729119692976026,0.2493850953132816,251.94883342935194,0.6432801492107655,0.03637025923569532
"published crowd (120 draws, the published run)",published 2026-07-14 as a 10 bps summary; every per-draw value here is the 2026-09-24 replay of the same draws,38,20260714,0.6206985507533133,0.0532262098761086,0.2494047842123816,251.9456682035539,0.6429194593344365,0.03612919629204867
"published crowd (120 draws, the published run)",published 2026-07-14 as a 10 bps summary; every per-draw value here is the 2026-09-24 replay of the same draws,39,20260714,0.6075353688211255,0.040611049101446535,0.24938237960306092,251.94942655531983,0.6447669237725346,0.03633635260554816
"published crowd (120 draws, the published run)",published 2026-07-14 as a 10 bps summary; every per-draw value here is the 2026-09-24 replay of the same draws,40,20260714,0.591948329005153,0.024585036120058468,0.24942813932027944,251.94648408308953,0.6448018238530338,0.0362284303544914
"published crowd (120 draws, the published run)",published 2026-07-14 as a 10 bps summary; every per-draw value here is the 2026-09-24 replay of the same draws,41,20260714,0.6390290119422792,0.07190838843439475,0.2493686652664465,251.94913228607484,0.6433353399864388,0.03630377412993649
"published crowd (120 draws, the published run)",published 2026-07-14 as a 10 bps summary; every per-draw value here is the 2026-09-24 replay of the same draws,42,20260714,0.6014774567510695,0.03474875349636577,0.24937959600008472,251.94101343663232,0.6407270247229326,0.0362779529231121
"published crowd (120 draws, the published run)",published 2026-07-14 as a 10 bps summary; every per-draw value here is the 2026-09-24 replay of the same draws,43,20260714,0.5985065140417772,0.03130189334047229,0.24943445334654255,251.94959104208206,0.6417286706681943,0.03625255447273614
"published crowd (120 draws, the published run)",published 2026-07-14 as a 10 bps summary; every per-draw value here is the 2026-09-24 replay of the same draws,44,20260714,0.6046327484826723,0.03795717679805255,0.2493611291705841,251.94805230547732,0.6432389788342414,0.036255863265437255
"published crowd (120 draws, the published run)",published 2026-07-14 as a 10 bps summary; every per-draw value here is the 2026-09-24 replay of the same draws,45,20260714,0.6301866618533051,0.06275432102189976,0.24943574330889734,251.9436923924235,0.6439635341228593,0.03627441400535171
"published crowd (120 draws, the published run)",published 2026-07-14 as a 10 bps summary; every per-draw value here is the 2026-09-24 replay of the same draws,46,20260714,0.6260294363730883,0.05814405764501787,0.24945509274421976,251.95274435582152,0.6449017999324422,0.036285208526796744
"published crowd (120 draws, the published run)",published 2026-07-14 as a 10 bps summary; every per-draw value here is the 2026-09-24 replay of the same draws,47,20260714,0.6157504776094506,0.04879473590903827,0.2493536609674772,251.94784909030278,0.6416608826024499,0.03625204818830971
"published crowd (120 draws, the published run)",published 2026-07-14 as a 10 bps summary; every per-draw value here is the 2026-09-24 replay of the same draws,48,20260714,0.6298750417567587,0.06142772163525591,0.24930695075168147,251.94781894469418,0.6427406403693667,0.0362250719621358
"published crowd (120 draws, the published run)",published 2026-07-14 as a 10 bps summary; every per-draw value here is the 2026-09-24 replay of the same draws,49,20260714,0.6138239223746661,0.04712301475031813,0.24941591862428636,251.9471153347521,0.6418668675293172,0.03618011936276345
"published crowd (120 draws, the published run)",published 2026-07-14 as a 10 bps summary; every per-draw value here is the 2026-09-24 replay of the same draws,50,20260714,0.5852728153789979,0.018144204350321585,0.2494254236100588,251.9406914403796,0.6432478653133211,0.036269654296691586
"published crowd (120 draws, the published run)",published 2026-07-14 as a 10 bps summary; every per-draw value here is the 2026-09-24 replay of the same draws,51,20260714,0.6229980847379405,0.05455688498225466,0.24942175740126085,251.94461472809013,0.6405905093084712,0.03636409663012918
"published crowd (120 draws, the published run)",published 2026-07-14 as a 10 bps summary; every per-draw value here is the 2026-09-24 replay of the same draws,52,20260714,0.6171910989570214,0.04976990384009811,0.24933818141921932,251.94706372165658,0.642221640183924,0.03628479549520358
"published crowd (120 draws, the published run)",published 2026-07-14 as a 10 bps summary; every per-draw value here is the 2026-09-24 replay of the same draws,53,20260714,0.6214993810232132,0.05357811604193187,0.24943044767396702,251.94849343401526,0.6458734439834025,0.03630512516845229
"published crowd (120 draws, the published run)",published 2026-07-14 as a 10 bps summary; every per-draw value here is the 2026-09-24 replay of the same draws,54,20260714,0.5986074075763573,0.031852283029487616,0.24939045884096744,251.94829024547565,0.6448643333202038,0.03622002014537337
"published crowd (120 draws, the published run)",published 2026-07-14 as a 10 bps summary; every per-draw value here is the 2026-09-24 replay of the same draws,55,20260714,0.6135340035793667,0.04795460200039194,0.24937131308391164,251.94476477424158,0.644048824184067,0.03622280097728898
"published crowd (120 draws, the published run)",published 2026-07-14 as a 10 bps summary; every per-draw value here is the 2026-09-24 replay of the same draws,56,20260714,0.601971765475764,0.03482046691270938,0.24937823814497437,251.94963905135467,0.6423602281741136,0.03628441216186784
"published crowd (120 draws, the published run)",published 2026-07-14 as a 10 bps summary; every per-draw value here is the 2026-09-24 replay of the same draws,57,20260714,0.6066642909234937,0.038736575699403704,0.24932046141002934,251.94425568315378,0.6414450910821687,0.03627049107785949
"published crowd (120 draws, the published run)",published 2026-07-14 as a 10 bps summary; every per-draw value here is the 2026-09-24 replay of the same draws,58,20260714,0.608984523624902,0.04271618610230478,0.249378713394263,251.94777542425612,0.6418228584993715,0.036279170309112645
"published crowd (120 draws, the published run)",published 2026-07-14 as a 10 bps summary; every per-draw value here is the 2026-09-24 replay of the same draws,59,20260714,0.6113697429282132,0.043985160390717315,0.24930457450523832,251.9525458007909,0.6451269805652984,0.036199818356851175
"published crowd (120 draws, the published run)",published 2026-07-14 as a 10 bps summary; every per-draw value here is the 2026-09-24 replay of the same draws,60,20260714,0.6193230117245051,0.05151589393788808,0.24942243632881606,251.94891473855805,0.6447930380389759,0.03626763889202675
"published crowd (120 draws, the published run)",published 2026-07-14 as a 10 bps summary; every per-draw value here is the 2026-09-24 replay of the same draws,61,20260714,0.6194619464058571,0.050840388233892246,0.24939622972518644,251.94748297078348,0.6415250854693437,0.036366457640568575
"published crowd (120 draws, the published run)",published 2026-07-14 as a 10 bps summary; every per-draw value here is the 2026-09-24 replay of the same draws,62,20260714,0.619131951933229,0.05189694643662762,0.2494254915028143,251.9498723111449,0.6452375816256624,0.03632163396315983
"published crowd (120 draws, the published run)",published 2026-07-14 as a 10 bps summary; every per-draw value here is the 2026-09-24 replay of the same draws,63,20260714,0.5929725118532194,0.02553762892985534,0.2494071604588247,251.9511847062821,0.6428297368817889,0.03624291080062697
"published crowd (120 draws, the published run)",published 2026-07-14 as a 10 bps summary; every per-draw value here is the 2026-09-24 replay of the same draws,64,20260714,0.6247467564394605,0.05779840371820308,0.2493874715597247,251.94767045905257,0.6421197964152902,0.036227804432906394
"published crowd (120 draws, the published run)",published 2026-07-14 as a 10 bps summary; every per-draw value here is the 2026-09-24 replay of the same draws,65,20260714,0.6229946124055403,0.054381297956799156,0.24941680123010812,251.9498202714502,0.6438940870412523,0.03633378773592096
"published crowd (120 draws, the published run)",published 2026-07-14 as a 10 bps summary; every per-draw value here is the 2026-09-24 replay of the same draws,66,20260714,0.5969534522604928,0.03043615234192613,0.2493945324062985,251.94843100920525,0.6448740086671321,0.03627278567850687
"published crowd (120 draws, the published run)",published 2026-07-14 as a 10 bps summary; every per-draw value here is the 2026-09-24 replay of the same draws,67,20260714,0.6283206288029819,0.06089186184549278,0.24946452983723663,251.9504528347114,0.6414933919376947,0.0362636964873907
"published crowd (120 draws, the published run)",published 2026-07-14 as a 10 bps summary; every per-draw value here is the 2026-09-24 replay of the same draws,68,20260714,0.5983569144178043,0.031232332613384102,0.2493368235641089,251.9484408070183,0.6429182518937037,0.03623734176353502
"published crowd (120 draws, the published run)",published 2026-07-14 as a 10 bps summary; every per-draw value here is the 2026-09-24 replay of the same draws,69,20260714,0.5950025668372395,0.027690899047832316,0.2494070925660692,251.9508908292744,0.6438358784832017,0.036379573409336216
"published crowd (120 draws, the published run)",published 2026-07-14 as a 10 bps summary; every per-draw value here is the 2026-09-24 replay of the same draws,70,20260714,0.6254364868487151,0.058509232929610806,0.2493736214375992,251.94717329010925,0.6420332103321034,0.03626330365047922
"published crowd (120 draws, the published run)",published 2026-07-14 as a 10 bps summary; every per-draw value here is the 2026-09-24 replay of the same draws,71,20260714,0.6221992806509494,0.05489134450077485,0.2494280714275239,251.9433636204991,0.6446128554000011,0.036270630242791355
"published crowd (120 draws, the published run)",published 2026-07-14 as a 10 bps summary; every per-draw value here is the 2026-09-24 replay of the same draws,72,20260714,0.6024898550848836,0.03435873941809068,0.2493810217479506,251.9496749262257,0.6398323687204648,0.036336278208333364
"published crowd (120 draws, the published run)",published 2026-07-14 as a 10 bps summary; every per-draw value here is the 2026-09-24 replay of the same draws,73,20260714,0.603769112935107,0.035603684846587755,0.2493568519269865,251.95133417499414,0.6392258641239571,0.03642338757434713
"published crowd (120 draws, the published run)",published 2026-07-14 as a 10 bps summary; every per-draw value here is the 2026-09-24 replay of the same draws,74,20260714,0.5929775862419615,0.024583645796952693,0.24930973435465767,251.95211361278913,0.6415674724915121,0.03629901165841665
"published crowd (120 draws, the published run)",published 2026-07-14 as a 10 bps summary; every per-draw value here is the 2026-09-24 replay of the same draws,75,20260714,0.6247536093858026,0.05688572639741317,0.24937138097666717,251.9505487588009,0.6439336734693877,0.03641418680382541
"published crowd (120 draws, the published run)",published 2026-07-14 as a 10 bps summary; every per-draw value here is the 2026-09-24 replay of the same draws,76,20260714,0.6098948544390687,0.042320626358058167,0.24939643340345297,251.94879513045657,0.6446258245452063,0.0362703313671194
"published crowd (120 draws, the published run)",published 2026-07-14 as a 10 bps summary; every per-draw value here is the 2026-09-24 replay of the same draws,77,20260714,0.6172657822849258,0.049266507052656935,0.24935746296178612,251.94853438023412,0.642000521104742,0.0363127563769905
"published crowd (120 draws, the published run)",published 2026-07-14 as a 10 bps summary; every per-draw value here is the 2026-09-24 replay of the same draws,78,20260714,0.6140475691951705,0.04668744377985191,0.2493966370817195,251.95022157588207,0.6451794355307381,0.036359320311940654
"published crowd (120 draws, the published run)",published 2026-07-14 as a 10 bps summary; every per-draw value here is the 2026-09-24 replay of the same draws,79,20260714,0.6263889410883613,0.059694508793176136,0.2494425325844491,251.95076570825788,0.639945007761074,0.0364304733691574
"published crowd (120 draws, the published run)",published 2026-07-14 as a 10 bps summary; every per-draw value here is the 2026-09-24 replay of the same draws,80,20260714,0.6056563678196837,0.03818593089025931,0.24942807142752393,251.94808072684876,0.6436743294866987,0.03636480927113598
"published crowd (120 draws, the published run)",published 2026-07-14 as a 10 bps summary; every per-draw value here is the 2026-09-24 replay of the same draws,81,20260714,0.6023740152382069,0.03427728725163907,0.2493293553610021,251.9508602279456,0.6389072129155455,0.03638846530878989
"published crowd (120 draws, the published run)",published 2026-07-14 as a 10 bps summary; every per-draw value here is the 2026-09-24 replay of the same draws,82,20260714,0.6254090480765255,0.05887629641915681,0.2493996922557178,251.95107818784237,0.6408212992545261,0.036344719222003594
"published crowd (120 draws, the published run)",published 2026-07-14 as a 10 bps summary; every per-draw value here is the 2026-09-24 replay of the same draws,83,20260714,0.6044615520686077,0.03812716302741501,0.24939772336580776,251.9509063538672,0.6422858929269246,0.036284571788533095
"published crowd (120 draws, the published run)",published 2026-07-14 as a 10 bps summary; every per-draw value here is the 2026-09-24 replay of the same draws,84,20260714,0.6088791475033076,0.04089280523534429,0.24939351401496573,251.95022497690357,0.643194738117958,0.036257416605301164
"published crowd (120 draws, the published run)",published 2026-07-14 as a 10 bps summary; every per-draw value here is the 2026-09-24 replay of the same draws,85,20260714,0.6069856764057712,0.039543846802030005,0.24935977131547374,251.9483988564737,0.6416217460703321,0.03626749595953876
"published crowd (120 draws, the published run)",published 2026-07-14 as a 10 bps summary; every per-draw value here is the 2026-09-24 replay of the same draws,86,20260714,0.6010022251270014,0.033758882188558284,0.24947797260282897,251.9504611271416,0.6409062602525001,0.0362402434666843
"published crowd (120 draws, the published run)",published 2026-07-14 as a 10 bps summary; every per-draw value here is the 2026-09-24 replay of the same draws,87,20260714,0.6133595223391144,0.046702282257593056,0.24941367816335433,251.94847383453444,0.6433980244248889,0.03629450011732226
"published crowd (120 draws, the published run)",published 2026-07-14 as a 10 bps summary; every per-draw value here is the 2026-09-24 replay of the same draws,88,20260714,0.6057849844161165,0.038716506310643446,0.24944490883089215,251.94941890848503,0.6429123426805035,0.03630873612109843
"published crowd (120 draws, the published run)",published 2026-07-14 as a 10 bps summary; every per-draw value here is the 2026-09-24 replay of the same draws,89,20260714,0.6119345417785971,0.044303653843066254,0.24938672473941403,251.949352921026,0.6417445129049661,0.036277188153798615
"published crowd (120 draws, the published run)",published 2026-07-14 as a 10 bps summary; every per-draw value here is the 2026-09-24 replay of the same draws,90,20260714,0.6343016622717544,0.06650755791192207,0.24931224638661176,251.94885944637514,0.6436728037874803,0.03620415081309359
"published crowd (120 draws, the published run)",published 2026-07-14 as a 10 bps summary; every per-draw value here is the 2026-09-24 replay of the same draws,91,20260714,0.6148051390761942,0.04730924459712425,0.24940872199220154,251.95134932883968,0.6451732231780414,0.03627044979963626
"published crowd (120 draws, the published run)",published 2026-07-14 as a 10 bps summary; every per-draw value here is the 2026-09-24 replay of the same draws,92,20260714,0.632221128882339,0.06544436001141671,0.249372670939022,251.94892769488575,0.6437248330847627,0.036260991582444835
"published crowd (120 draws, the published run)",published 2026-07-14 as a 10 bps summary; every per-draw value here is the 2026-09-24 replay of the same draws,93,20260714,0.6058383698845786,0.03807445132012974,0.24938984780616777,251.94893363270108,0.6459796585186317,0.036293612458147204
"published crowd (120 draws, the published run)",published 2026-07-14 as a 10 bps summary; every per-draw value here is the 2026-09-24 replay of the same draws,94,20260714,0.6102197357132826,0.04217758385974298,0.2494017969311388,251.9486869234764,0.6414964444386876,0.03631855138483618
"published crowd (120 draws, the published run)",published 2026-07-14 as a 10 bps summary; every per-draw value here is the 2026-09-24 replay of the same draws,95,20260714,0.5889089000560649,0.021856155946659298,0.24936235124018338,251.9438017986125,0.6432607437314055,0.03619524265114681
"published crowd (120 draws, the published run)",published 2026-07-14 as a 10 bps summary; every per-draw value here is the 2026-09-24 replay of the same draws,96,20260714,0.5955153317069488,0.027690489478477735,0.2494146965546871,251.95268862203764,0.6417585433043401,0.03624970975787887
"published crowd (120 draws, the published run)",published 2026-07-14 as a 10 bps summary; every per-draw value here is the 2026-09-24 replay of the same draws,97,20260714,0.6075627187526067,0.04101546860536191,0.24939996382673987,251.94977414254924,0.6428312699596139,0.03625647894072041
"published crowd (120 draws, the published run)",published 2026-07-14 as a 10 bps summary; every per-draw value here is the 2026-09-24 replay of the same draws,98,20260714,0.6184341674271888,0.05066628266273155,0.24940132168185022,251.94965339782968,0.6416065219380518,0.036211092539458714
"published crowd (120 draws, the published run)",published 2026-07-14 as a 10 bps summary; every per-draw value here is the 2026-09-24 replay of the same draws,99,20260714,0.6199291142015749,0.053273531400952596,0.2494100119545564,251.94982942480692,0.6410183716529052,0.03623514667404184
"published crowd (120 draws, the published run)",published 2026-07-14 as a 10 bps summary; every per-draw value here is the 2026-09-24 replay of the same draws,100,20260714,0.6251517441218071,0.056942787873315366,0.2493550188225875,251.95188826425917,0.6394857451153335,0.036264647631847065
"published crowd (120 draws, the published run)",published 2026-07-14 as a 10 bps summary; every per-draw value here is the 2026-09-24 replay of the same draws,101,20260714,0.5980898223150942,0.03081732340927914,0.24936167231262826,251.9492236829215,0.643516198245612,0.036282466383292
"published crowd (120 draws, the published run)",published 2026-07-14 as a 10 bps summary; every per-draw value here is the 2026-09-24 replay of the same draws,102,20260714,0.6266077414400619,0.059410564553539935,0.24935352518196616,251.94740147839886,0.6403010725910139,0.03634382463741125
"published crowd (120 draws, the published run)",published 2026-07-14 as a 10 bps summary; every per-draw value here is the 2026-09-24 replay of the same draws,103,20260714,0.6250541716048624,0.05799994175614934,0.24941564705326427,251.94655770477567,0.6433400548193928,0.03637642020747095
"published crowd (120 draws, the published run)",published 2026-07-14 as a 10 bps summary; every per-draw value here is the 2026-09-24 replay of the same draws,104,20260714,0.6291548941752688,0.062093606859483674,0.24931923934043002,251.95055784865917,0.6388537168252904,0.03628510142689048
"published crowd (120 draws, the published run)",published 2026-07-14 as a 10 bps summary; every per-draw value here is the 2026-09-24 replay of the same draws,105,20260714,0.620024081919672,0.05239471243786521,0.24940906145597913,251.94972878579452,0.6421496160175535,0.03624590113061558
"published crowd (120 draws, the published run)",published 2026-07-14 as a 10 bps summary; every per-draw value here is the 2026-09-24 replay of the same draws,106,20260714,0.6197744199878578,0.05247128693060722,0.24940763570811328,251.95039362632036,0.6426212690622599,0.03622188110529506
"published crowd (120 draws, the published run)",published 2026-07-14 as a 10 bps summary; every per-draw value here is the 2026-09-24 replay of the same draws,107,20260714,0.627387421945562,0.05998046228421496,0.24940519156891466,251.9480820661425,0.6432763654456111,0.03629382959164201
"published crowd (120 draws, the published run)",published 2026-07-14 as a 10 bps summary; every per-draw value here is the 2026-09-24 replay of the same draws,108,20260714,0.5945722412203236,0.026253073194555925,0.24941469655468707,251.94418175164975,0.6450781520698227,0.036342532794977865
"published crowd (120 draws, the published run)",published 2026-07-14 as a 10 bps summary; every per-draw value here is the 2026-09-24 replay of the same draws,109,20260714,0.6247977929333964,0.05827116002091631,0.24937993546386233,251.95048099422993,0.6416762872630573,0.03622236530275826
"published crowd (120 draws, the published run)",published 2026-07-14 as a 10 bps summary; every per-draw value here is the 2026-09-24 replay of the same draws,110,20260714,0.6174145544013602,0.04919543878977409,0.24939324244394365,251.949795224664,0.6433144852818893,0.0363053688726421
"published crowd (120 draws, the published run)",published 2026-07-14 as a 10 bps summary; every per-draw value here is the 2026-09-24 replay of the same draws,111,20260714,0.6318484119826223,0.06480637761892336,0.24934863690356895,251.94757087561328,0.6475185232749832,0.036363324478773565
"published crowd (120 draws, the published run)",published 2026-07-14 as a 10 bps summary; every per-draw value here is the 2026-09-24 replay of the same draws,112,20260714,0.6155810645885788,0.048881774414681896,0.2493707699418675,251.95267117427449,0.6427715339980846,0.03623703719837409
"published crowd (120 draws, the published run)",published 2026-07-14 as a 10 bps summary; every per-draw value here is the 2026-09-24 replay of the same draws,113,20260714,0.6112834175087063,0.04276958291650674,0.24941680123010812,251.94729289705654,0.644086778376664,0.03630003418907648
"published crowd (120 draws, the published run)",published 2026-07-14 as a 10 bps summary; every per-draw value here is the 2026-09-24 replay of the same draws,114,20260714,0.6112484579690722,0.046063983346876114,0.24939025516270094,251.95007475002606,0.6440692405108357,0.03624291746624354
"published crowd (120 draws, the published run)",published 2026-07-14 as a 10 bps summary; every per-draw value here is the 2026-09-24 replay of the same draws,115,20260714,0.6223990826494544,0.055147527566517286,0.2493683936954244,251.95167715182637,0.6420220841959972,0.03618129717735623
"published crowd (120 draws, the published run)",published 2026-07-14 as a 10 bps summary; every per-draw value here is the 2026-09-24 replay of the same draws,116,20260714,0.6176419400432637,0.04896856208098165,0.24946337566039284,251.94828939272438,0.638579520768146,0.03622086374440925
"published crowd (120 draws, the published run)",published 2026-07-14 as a 10 bps summary; every per-draw value here is the 2026-09-24 replay of the same draws,117,20260714,0.6186631311224556,0.05179325027048223,0.2493684615881799,251.9504198778395,0.6439459369484244,0.036340286459808066
"published crowd (120 draws, the published run)",published 2026-07-14 as a 10 bps summary; every per-draw value here is the 2026-09-24 replay of the same draws,118,20260714,0.626725606585925,0.06064844020034209,0.2493322068567338,251.9525744920048,0.644379643075928,0.036300096774843554
"published crowd (120 draws, the published run)",published 2026-07-14 as a 10 bps summary; every per-draw value here is the 2026-09-24 replay of the same draws,119,20260714,0.6179868435495021,0.051127514767754,0.24939392137149882,251.95008970443834,0.6429609184293024,0.03634719361150078
"published crowd (120 draws, the published run)",published 2026-07-14 as a 10 bps summary; every per-draw value here is the 2026-09-24 replay of the same draws,120,20260714,0.6173953687523884,0.05056505299615409,0.2493609933850731,251.95058757366058,0.6431141850685522,0.03624036379219933
"registered crowd M1 (200 draws, rebuilt as registered)",registered in the pre-registration; rebuilt 2026-09-24 as written,1,2026092401,0.6031118956212052,0.05531996606204774,0.3135083092585622,246.94097596618317,1.0,0.03850207646708891
"registered crowd M1 (200 draws, rebuilt as registered)",registered in the pre-registration; rebuilt 2026-09-24 as written,2,2026092401,0.5920501738449894,0.04408480420396907,0.31350267415985433,247.0326221966766,1.0,0.03855517652398987
"registered crowd M1 (200 draws, rebuilt as registered)",registered in the pre-registration; rebuilt 2026-09-24 as written,3,2026092401,0.6032152760792298,0.055573324620506764,0.3135074266527405,246.91962800971248,1.0,0.03864446391547628
"registered crowd M1 (200 draws, rebuilt as registered)",registered in the pre-registration; rebuilt 2026-09-24 as written,4,2026092401,0.6216237603042295,0.07334151880240378,0.31349798955972363,246.99399331452156,1.0,0.038543625002625856
"registered crowd M1 (200 draws, rebuilt as registered)",registered in the pre-registration; rebuilt 2026-09-24 as written,5,2026092401,0.6002805796027421,0.052175942371992606,0.3135034888729205,247.03052530224326,1.0,0.03859384082043855
"registered crowd M1 (200 draws, rebuilt as registered)",registered in the pre-registration; rebuilt 2026-09-24 as written,6,2026092401,0.6013090240424315,0.053079717857452365,0.31350552565558604,247.03664324860057,1.0,0.038523857765126825
"registered crowd M1 (200 draws, rebuilt as registered)",registered in the pre-registration; rebuilt 2026-09-24 as written,7,2026092401,0.6117112582592862,0.06520173253374538,0.31350593301211915,246.98973027933565,1.0,0.03854329808318665
"registered crowd M1 (200 draws, rebuilt as registered)",registered in the pre-registration; rebuilt 2026-09-24 as written,8,2026092401,0.6025104808718114,0.05431962656397374,0.3135101423629612,247.01569075886175,1.0,0.038535850762907976
"registered crowd M1 (200 draws, rebuilt as registered)",registered in the pre-registration; rebuilt 2026-09-24 as written,9,2026092401,0.5976427811341741,0.048845627032606205,0.31350124841198845,247.04095663367508,1.0,0.03854430715556475
"registered crowd M1 (200 draws, rebuilt as registered)",registered in the pre-registration; rebuilt 2026-09-24 as written,10,2026092401,0.6197059579931367,0.07187168771018096,0.3135063403686522,246.96935881224425,1.0,0.03868920905998047
"registered crowd M1 (200 draws, rebuilt as registered)",registered in the pre-registration; rebuilt 2026-09-24 as written,11,2026092401,0.6000964278598823,0.05178322505367104,0.3135081055802957,247.07466899106294,1.0,0.038585043276993546
"registered crowd M1 (200 draws, rebuilt as registered)",registered in the pre-registration; rebuilt 2026-09-24 as written,12,2026092401,0.5802922679284126,0.03203231220853113,0.31351557378340256,246.96024249919097,1.0,0.03853301762785184
"registered crowd M1 (200 draws, rebuilt as registered)",registered in the pre-registration; rebuilt 2026-09-24 as written,13,2026092401,0.5963979913062967,0.048494827796692896,0.3135038962294536,247.03285174603232,1.0,0.03849568848462221
"registered crowd M1 (200 draws, rebuilt as registered)",registered in the pre-registration; rebuilt 2026-09-24 as written,14,2026092401,0.5902144241018075,0.04142800120401691,0.3135070192962074,246.9874063641895,1.0,0.03860488383777135
"registered crowd M1 (200 draws, rebuilt as registered)",registered in the pre-registration; rebuilt 2026-09-24 as written,15,2026092401,0.6053699131590465,0.05711864850909397,0.3135032851946539,246.96886302056785,1.0,0.038576107847648956
"registered crowd M1 (200 draws, rebuilt as registered)",registered in the pre-registration; rebuilt 2026-09-24 as written,16,2026092401,0.5883245946882488,0.040573938086168465,0.3135117717890936,246.9209090148387,1.0,0.038556872935953654
"registered crowd M1 (200 draws, rebuilt as registered)",registered in the pre-registration; rebuilt 2026-09-24 as written,17,2026092401,0.5997757366407794,0.052302784211295646,0.31349900795105634,247.04427000685905,1.0,0.03854891390738229
"registered crowd M1 (200 draws, rebuilt as registered)",registered in the pre-registration; rebuilt 2026-09-24 as written,18,2026092401,0.6028895211422228,0.054761241096753274,0.31351197546736015,247.0440172024178,1.0,0.03863545754829243
"registered crowd M1 (200 draws, rebuilt as registered)",registered in the pre-registration; rebuilt 2026-09-24 as written,19,2026092401,0.6084596044903267,0.06075801176742291,0.31350959922091703,247.02782343080517,1.0,0.03858096141860547
"registered crowd M1 (200 draws, rebuilt as registered)",registered in the pre-registration; rebuilt 2026-09-24 as written,20,2026092401,0.593021102061534,0.04483305668136564,0.31351054971949427,247.07651756901814,1.0,0.03855659011826585
"registered crowd M1 (200 draws, rebuilt as registered)",registered in the pre-registration; rebuilt 2026-09-24 as written,21,2026092401,0.6257167613773825,0.07816725339047036,0.3135147590703363,246.9532735445027,1.0,0.038469667551216016
"registered crowd M1 (200 draws, rebuilt as registered)",registered in the pre-registration; rebuilt 2026-09-24 as written,22,2026092401,0.588012822016308,0.03879320608390602,0.3135000942351447,247.0422997590563,1.0,0.038600972197979116
"registered crowd M1 (200 draws, rebuilt as registered)",registered in the pre-registration; rebuilt 2026-09-24 as written,23,2026092401,0.5952443973541318,0.047813125510783434,0.3135144196065588,246.9983537114096,1.0,0.03860981954783989
"registered crowd M1 (200 draws, rebuilt as registered)",registered in the pre-registration; rebuilt 2026-09-24 as written,24,2026092401,0.6067639979820731,0.059905989836494644,0.3135137406790036,247.04250452462273,1.0,0.03855316592673664
"registered crowd M1 (200 draws, rebuilt as registered)",registered in the pre-registration; rebuilt 2026-09-24 as written,25,2026092401,0.6121865141857489,0.06294561050160519,0.3135058651193636,247.03558315900278,1.0,0.03856756112345141
"registered crowd M1 (200 draws, rebuilt as registered)",registered in the pre-registration; rebuilt 2026-09-24 as written,26,2026092401,0.6054802790381787,0.05708181623046677,0.3135074266527405,247.01051754935156,1.0,0.03857581481287381
"registered crowd M1 (200 draws, rebuilt as registered)",registered in the pre-registration; rebuilt 2026-09-24 as written,27,2026092401,0.6073743995329625,0.057671007257550096,0.31350756243825156,246.96989517965204,1.0,0.03854916139851804
"registered crowd M1 (200 draws, rebuilt as registered)",registered in the pre-registration; rebuilt 2026-09-24 as written,28,2026092401,0.6163935876290453,0.06745545616459327,0.31350518619180845,246.92937218112507,1.0,0.03851307146725837
"registered crowd M1 (200 draws, rebuilt as registered)",registered in the pre-registration; rebuilt 2026-09-24 as written,29,2026092401,0.6035798503903428,0.05555751766626009,0.31350532197731945,246.9764399379955,1.0,0.03853146239812199
"registered crowd M1 (200 draws, rebuilt as registered)",registered in the pre-registration; rebuilt 2026-09-24 as written,30,2026092401,0.6128136931804438,0.06416669436015135,0.31351299385869286,247.12429704878053,1.0,0.03852250697739687
"registered crowd M1 (200 draws, rebuilt as registered)",registered in the pre-registration; rebuilt 2026-09-24 as written,31,2026092401,0.5985972151383389,0.05011779019719748,0.31350498251354186,247.07301914343742,1.0,0.03863003908914708
"registered crowd M1 (200 draws, rebuilt as registered)",registered in the pre-registration; rebuilt 2026-09-24 as written,32,2026092401,0.614079952683948,0.06601320794603838,0.3135070871889629,246.95567881871224,1.0,0.0386341109314394
"registered crowd M1 (200 draws, rebuilt as registered)",registered in the pre-registration; rebuilt 2026-09-24 as written,33,2026092401,0.5954367147264605,0.047556158127933436,0.3135045072642533,246.99767028657175,1.0,0.03856577912151286
"registered crowd M1 (200 draws, rebuilt as registered)",registered in the pre-registration; rebuilt 2026-09-24 as written,34,2026092401,0.6075607638098216,0.05949199952258571,0.31351000657745015,247.0354385359708,1.0,0.03852633894966438
"registered crowd M1 (200 draws, rebuilt as registered)",registered in the pre-registration; rebuilt 2026-09-24 as written,35,2026092401,0.5894799771699096,0.04015274495194202,0.313507222974474,247.0690881795538,1.0,0.03867653972782454
"registered crowd M1 (200 draws, rebuilt as registered)",registered in the pre-registration; rebuilt 2026-09-24 as written,36,2026092401,0.5957106932718006,0.04707866269578454,0.3135070192962074,247.02867031033998,1.0,0.03862783908802689
"registered crowd M1 (200 draws, rebuilt as registered)",registered in the pre-registration; rebuilt 2026-09-24 as written,37,2026092401,0.6070243827185042,0.05839146765369272,0.3135100065774502,246.98500372882577,1.0,0.038566401976384904
"registered crowd M1 (200 draws, rebuilt as registered)",registered in the pre-registration; rebuilt 2026-09-24 as written,38,2026092401,0.5869763199288954,0.03762575114522627,0.31351346910798156,246.9423682934831,1.0,0.03855276621316543
"registered crowd M1 (200 draws, rebuilt as registered)",registered in the pre-registration; rebuilt 2026-09-24 as written,39,2026092401,0.6008452919356513,0.052390033010781135,0.31350430358598674,247.01820185163768,1.0,0.03851707798788992
"registered crowd M1 (200 draws, rebuilt as registered)",registered in the pre-registration; rebuilt 2026-09-24 as written,40,2026092401,0.5964118559263124,0.047611256059112865,0.3135057293338526,247.08132941042962,1.0,0.03848896660019001
"registered crowd M1 (200 draws, rebuilt as registered)",registered in the pre-registration; rebuilt 2026-09-24 as written,41,2026092401,0.5976714017121492,0.04993895455084862,0.31350606879763016,246.99573882416874,1.0,0.038511014005776945
"registered crowd M1 (200 draws, rebuilt as registered)",registered in the pre-registration; rebuilt 2026-09-24 as written,42,2026092401,0.6074383987032898,0.059206161214403155,0.31350627247589674,247.038996788191,1.0,0.038499078214571034
"registered crowd M1 (200 draws, rebuilt as registered)",registered in the pre-registration; rebuilt 2026-09-24 as written,43,2026092401,0.6037060936771949,0.055774446783610834,0.3135136727862481,246.93362752864556,1.0,0.03846958428924041
"registered crowd M1 (200 draws, rebuilt as registered)",registered in the pre-registration; rebuilt 2026-09-24 as written,44,2026092401,0.5933521860237931,0.04499524080753152,0.3135045751570088,247.03287841130376,1.0,0.038562089238581405
"registered crowd M1 (200 draws, rebuilt as registered)",registered in the pre-registration; rebuilt 2026-09-24 as written,45,2026092401,0.5934615695132788,0.04564368138596306,0.31350606879763016,246.99327110934675,1.0,0.038630338357083426
"registered crowd M1 (200 draws, rebuilt as registered)",registered in the pre-registration; rebuilt 2026-09-24 as written,46,2026092401,0.6065444765437368,0.05827011112394492,0.3135070192962074,247.0547558623096,1.0,0.03856958472652934
"registered crowd M1 (200 draws, rebuilt as registered)",registered in the pre-registration; rebuilt 2026-09-24 as written,47,2026092401,0.5918284517057851,0.04448713909233726,0.3135070192962074,246.918077431053,1.0,0.03855507527589612
"registered crowd M1 (200 draws, rebuilt as registered)",registered in the pre-registration; rebuilt 2026-09-24 as written,48,2026092401,0.5970223874826257,0.049359103616864394,0.31350566144109704,247.02217727471526,1.0,0.038561955622544754
"registered crowd M1 (200 draws, rebuilt as registered)",registered in the pre-registration; rebuilt 2026-09-24 as written,49,2026092401,0.5994254565696614,0.051270488513246164,0.3135079019020291,247.03043598629563,1.0,0.0385913485370292
"registered crowd M1 (200 draws, rebuilt as registered)",registered in the pre-registration; rebuilt 2026-09-24 as written,50,2026092401,0.6018480921365792,0.05409433040187085,0.31350437147874227,247.11383605946153,1.0,0.038559082440579505
"registered crowd M1 (200 draws, rebuilt as registered)",registered in the pre-registration; rebuilt 2026-09-24 as written,51,2026092401,0.6199102698249885,0.07171716607264078,0.3135038283366981,246.95088029209194,1.0,0.0386111239243136
"registered crowd M1 (200 draws, rebuilt as registered)",registered in the pre-registration; rebuilt 2026-09-24 as written,52,2026092401,0.6111296608569746,0.06271523818779888,0.31350790190202915,247.04094485191393,1.0,0.03854132355702296
"registered crowd M1 (200 draws, rebuilt as registered)",registered in the pre-registration; rebuilt 2026-09-24 as written,53,2026092401,0.5803026400620651,0.031282257694982704,0.3135077661165181,247.04919212096675,1.0,0.038551735055463866
"registered crowd M1 (200 draws, rebuilt as registered)",registered in the pre-registration; rebuilt 2026-09-24 as written,54,2026092401,0.6031987193661064,0.05378216252648322,0.3135070192962074,247.09123387642276,1.0,0.03868825903917118
"registered crowd M1 (200 draws, rebuilt as registered)",registered in the pre-registration; rebuilt 2026-09-24 as written,55,2026092401,0.6136168184901993,0.06613485221650674,0.3134975822031905,246.99646106300077,1.0,0.038480004833741595
"registered crowd M1 (200 draws, rebuilt as registered)",registered in the pre-registration; rebuilt 2026-09-24 as written,56,2026092401,0.6286920749796185,0.08089332245572345,0.3135082413658067,246.9398950114898,1.0,0.03858610935578723
"registered crowd M1 (200 draws, rebuilt as registered)",registered in the pre-registration; rebuilt 2026-09-24 as written,57,2026092401,0.5960042470571798,0.048014991956420436,0.3135119075746046,246.94490929617132,1.0,0.038466552556308785
"registered crowd M1 (200 draws, rebuilt as registered)",registered in the pre-registration; rebuilt 2026-09-24 as written,58,2026092401,0.6028343240264472,0.054822624203497185,0.3135125865021598,246.9414137058158,1.0,0.03855330785778912
"registered crowd M1 (200 draws, rebuilt as registered)",registered in the pre-registration; rebuilt 2026-09-24 as written,59,2026092401,0.6185727575131618,0.07052049842010669,0.31350864872233986,246.93483050345014,1.0,0.03860749844511471
"registered crowd M1 (200 draws, rebuilt as registered)",registered in the pre-registration; rebuilt 2026-09-24 as written,60,2026092401,0.5940146167252524,0.046543937993737294,0.31350640826140774,246.96955254425342,1.0,0.038426297585947546
"registered crowd M1 (200 draws, rebuilt as registered)",registered in the pre-registration; rebuilt 2026-09-24 as written,61,2026092401,0.6152287443540191,0.06759897057671488,0.3135070871889629,247.03484803715085,1.0,0.038585168616021764
"registered crowd M1 (200 draws, rebuilt as registered)",registered in the pre-registration; rebuilt 2026-09-24 as written,62,2026092401,0.607760368885944,0.059221312288157,0.31351258650215985,247.0602753408558,1.0,0.03851844248361003
"registered crowd M1 (200 draws, rebuilt as registered)",registered in the pre-registration; rebuilt 2026-09-24 as written,63,2026092401,0.6216214266994042,0.0728902326145299,0.3135079019020291,247.0177853621387,1.0,0.03841377068592477
"registered crowd M1 (200 draws, rebuilt as registered)",registered in the pre-registration; rebuilt 2026-09-24 as written,64,2026092401,0.5985418498609777,0.04944471012430743,0.31350090894821087,247.03243457953837,1.0,0.038627076028837554
"registered crowd M1 (200 draws, rebuilt as registered)",registered in the pre-registration; rebuilt 2026-09-24 as written,65,2026092401,0.6076593157070778,0.05870201763645246,0.3135045072642533,247.08319831387678,1.0,0.03868337158156228
"registered crowd M1 (200 draws, rebuilt as registered)",registered in the pre-registration; rebuilt 2026-09-24 as written,66,2026092401,0.6022307145062669,0.05378251145114212,0.31350226680332116,247.06682745104993,1.0,0.03841424459839614
"registered crowd M1 (200 draws, rebuilt as registered)",registered in the pre-registration; rebuilt 2026-09-24 as written,67,2026092401,0.615889580225381,0.06834073947139194,0.31350878450785086,247.02514275300172,1.0,0.038696920072434235
"registered crowd M1 (200 draws, rebuilt as registered)",registered in the pre-registration; rebuilt 2026-09-24 as written,68,2026092401,0.5943993889544865,0.04657570581595221,0.31350409990772016,246.9021752986693,1.0,0.038555001183505765
"registered crowd M1 (200 draws, rebuilt as registered)",registered in the pre-registration; rebuilt 2026-09-24 as written,69,2026092401,0.5904148401512705,0.04219670148381904,0.31350892029336186,247.01429931582,1.0,0.038569350855446036
"registered crowd M1 (200 draws, rebuilt as registered)",registered in the pre-registration; rebuilt 2026-09-24 as written,70,2026092401,0.6203585089980412,0.07117940515338958,0.31351156811082703,247.08081399603827,1.0,0.038643736869949784
"registered crowd M1 (200 draws, rebuilt as registered)",registered in the pre-registration; rebuilt 2026-09-24 as written,71,2026092401,0.5953424618477111,0.046808098566175724,0.31350858082958427,246.96448622593218,1.0,0.03865883102486236
"registered crowd M1 (200 draws, rebuilt as registered)",registered in the pre-registration; rebuilt 2026-09-24 as written,72,2026092401,0.60545122822677,0.056950902550582445,0.3135036246584315,247.0379026195307,1.0,0.038570868605756634
"registered crowd M1 (200 draws, rebuilt as registered)",registered in the pre-registration; rebuilt 2026-09-24 as written,73,2026092401,0.6212412988944752,0.0734683506528587,0.3135074266527405,246.90147430633547,1.0,0.03853077060674979
"registered crowd M1 (200 draws, rebuilt as registered)",registered in the pre-registration; rebuilt 2026-09-24 as written,74,2026092401,0.6014775049066132,0.05325541770284213,0.31351523431962497,247.0300728615675,1.0,0.0385919618450427
"registered crowd M1 (200 draws, rebuilt as registered)",registered in the pre-registration; rebuilt 2026-09-24 as written,75,2026092401,0.5896592965025776,0.0418034677672972,0.3135018594467881,246.9959340549142,1.0,0.03848749264770214
"registered crowd M1 (200 draws, rebuilt as registered)",registered in the pre-registration; rebuilt 2026-09-24 as written,76,2026092401,0.6006496057772276,0.051425505573051665,0.31350925975713945,247.06554132094632,1.0,0.03853617580824101
"registered crowd M1 (200 draws, rebuilt as registered)",registered in the pre-registration; rebuilt 2026-09-24 as written,77,2026092401,0.6035731994781279,0.05488812860744387,0.3135056614410971,247.0199406171797,1.0,0.03853466907481278
"registered crowd M1 (200 draws, rebuilt as registered)",registered in the pre-registration; rebuilt 2026-09-24 as written,78,2026092401,0.598690800538266,0.04989583509469597,0.3135099386846946,247.01408985980672,1.0,0.03864350460172687
"registered crowd M1 (200 draws, rebuilt as registered)",registered in the pre-registration; rebuilt 2026-09-24 as written,79,2026092401,0.6078655696032678,0.06053116661901627,0.3135109570760274,246.9857138214051,1.0,0.03858274332584482
"registered crowd M1 (200 draws, rebuilt as registered)",registered in the pre-registration; rebuilt 2026-09-24 as written,80,2026092401,0.5889930300663258,0.04089628396836361,0.3135070192962074,246.93523069958704,1.0,0.038549444742814576
"registered crowd M1 (200 draws, rebuilt as registered)",registered in the pre-registration; rebuilt 2026-09-24 as written,81,2026092401,0.6072108766056076,0.059038623950147306,0.3135046430497643,246.94663870477035,1.0,0.038546488523912084
"registered crowd M1 (200 draws, rebuilt as registered)",registered in the pre-registration; rebuilt 2026-09-24 as written,82,2026092401,0.6222565533763663,0.07503029307792286,0.3135018594467881,247.01783447107235,1.0,0.038722462991629424
"registered crowd M1 (200 draws, rebuilt as registered)",registered in the pre-registration; rebuilt 2026-09-24 as written,83,2026092401,0.6172230063756021,0.06966992176752065,0.3135079697947847,247.01157573203818,1.0,0.038576397656492616
"registered crowd M1 (200 draws, rebuilt as registered)",registered in the pre-registration; rebuilt 2026-09-24 as written,84,2026092401,0.6135879115451095,0.06629032361590309,0.31350538987007504,247.04145729787984,1.0,0.038540549577534576
"registered crowd M1 (200 draws, rebuilt as registered)",registered in the pre-registration; rebuilt 2026-09-24 as written,85,2026092401,0.6066019730599546,0.058875931178135804,0.31350925975713945,246.9211191448872,1.0,0.03849373055449743
"registered crowd M1 (200 draws, rebuilt as registered)",registered in the pre-registration; rebuilt 2026-09-24 as written,86,2026092401,0.6041691770469442,0.05560447257748588,0.31350912397162845,247.0287902302851,1.0,0.03863061157356967
"registered crowd M1 (200 draws, rebuilt as registered)",registered in the pre-registration; rebuilt 2026-09-24 as written,87,2026092401,0.6013827685161895,0.053846275334235916,0.31350898818611744,247.0283105008068,1.0,0.0386065904109592
"registered crowd M1 (200 draws, rebuilt as registered)",registered in the pre-registration; rebuilt 2026-09-24 as written,88,2026092401,0.6072478279287477,0.059393089136126204,0.31350640826140774,246.91016906756522,1.0,0.03855839881186858
"registered crowd M1 (200 draws, rebuilt as registered)",registered in the pre-registration; rebuilt 2026-09-24 as written,89,2026092401,0.5975744662412652,0.04933217657657357,0.3135070192962074,246.98132955048484,1.0,0.038503750801268166
"registered crowd M1 (200 draws, rebuilt as registered)",registered in the pre-registration; rebuilt 2026-09-24 as written,90,2026092401,0.608331879731703,0.05908619576343753,0.31351666006749085,247.05286367163302,1.0,0.03861040984256214
"registered crowd M1 (200 draws, rebuilt as registered)",registered in the pre-registration; rebuilt 2026-09-24 as written,91,2026092401,0.6015518168041308,0.05291591356107596,0.31350871661509533,246.98329249926735,1.0,0.038587350209682084
"registered crowd M1 (200 draws, rebuilt as registered)",registered in the pre-registration; rebuilt 2026-09-24 as written,92,2026092401,0.5965338081876537,0.04749004354710491,0.31350409990772016,246.9934427029532,1.0,0.038592033111307794
"registered crowd M1 (200 draws, rebuilt as registered)",registered in the pre-registration; rebuilt 2026-09-24 as written,93,2026092401,0.5962073023210506,0.04809782317805615,0.3135119075746046,246.93388759968326,1.0,0.03861770835679352
"registered crowd M1 (200 draws, rebuilt as registered)",registered in the pre-registration; rebuilt 2026-09-24 as written,94,2026092401,0.6025501434633901,0.05520393970327106,0.31350342098016504,247.0249535589571,1.0,0.038681556565742535
"registered crowd M1 (200 draws, rebuilt as registered)",registered in the pre-registration; rebuilt 2026-09-24 as written,95,2026092401,0.592662559387307,0.04380893890087617,0.3135117038963381,247.0101156048625,1.0,0.038560346177325795
"registered crowd M1 (200 draws, rebuilt as registered)",registered in the pre-registration; rebuilt 2026-09-24 as written,96,2026092401,0.6027887255250725,0.053731129678325114,0.3135093955426505,246.97855675572893,1.0,0.038632527126511704
"registered crowd M1 (200 draws, rebuilt as registered)",registered in the pre-registration; rebuilt 2026-09-24 as written,97,2026092401,0.6106217651826122,0.06238203302541335,0.3135063403686522,247.02653586495495,1.0,0.03854866198753917
"registered crowd M1 (200 draws, rebuilt as registered)",registered in the pre-registration; rebuilt 2026-09-24 as written,98,2026092401,0.6190570558417496,0.0708238684960221,0.3135105497194943,246.9492489499609,1.0,0.03850613244770376
"registered crowd M1 (200 draws, rebuilt as registered)",registered in the pre-registration; rebuilt 2026-09-24 as written,99,2026092401,0.6088805412857043,0.06041498378413552,0.31350606879763016,247.054447869265,1.0,0.038619943495263626
"registered crowd M1 (200 draws, rebuilt as registered)",registered in the pre-registration; rebuilt 2026-09-24 as written,100,2026092401,0.6001326935212836,0.052231987404892745,0.31350518619180845,247.05310852378696,1.0,0.03852216699695711
"registered crowd M1 (200 draws, rebuilt as registered)",registered in the pre-registration; rebuilt 2026-09-24 as written,101,2026092401,0.6029225370767305,0.055345699164828024,0.3135032851946539,246.8785916467638,1.0,0.0385206680923635
"registered crowd M1 (200 draws, rebuilt as registered)",registered in the pre-registration; rebuilt 2026-09-24 as written,102,2026092401,0.6184735354171081,0.07058879587995892,0.3135045751570088,247.05417521443647,1.0,0.03855234400919603
"registered crowd M1 (200 draws, rebuilt as registered)",registered in the pre-registration; rebuilt 2026-09-24 as written,103,2026092401,0.5958610565404169,0.04729857690189732,0.3135106855050053,247.00118624649502,1.0,0.03858061118288754
"registered crowd M1 (200 draws, rebuilt as registered)",registered in the pre-registration; rebuilt 2026-09-24 as written,104,2026092401,0.5983382612441301,0.049963828122388136,0.3135027420526098,247.03057631291216,1.0,0.03855603442208395
"registered crowd M1 (200 draws, rebuilt as registered)",registered in the pre-registration; rebuilt 2026-09-24 as written,105,2026092401,0.6146785391816573,0.06694892248111896,0.31350593301211915,247.0350571121428,1.0,0.03858639346648002
"registered crowd M1 (200 draws, rebuilt as registered)",registered in the pre-registration; rebuilt 2026-09-24 as written,106,2026092401,0.5864244608081091,0.03842110962152227,0.3135125865021598,247.05928085159354,1.0,0.03850133462919916
"registered crowd M1 (200 draws, rebuilt as registered)",registered in the pre-registration; rebuilt 2026-09-24 as written,107,2026092401,0.5983716219896329,0.05009411877532563,0.3135076303310071,246.99721630792584,1.0,0.038535509862184306
"registered crowd M1 (200 draws, rebuilt as registered)",registered in the pre-registration; rebuilt 2026-09-24 as written,108,2026092401,0.5870936761830212,0.03901652982228192,0.3135066798324298,246.99208817205772,1.0,0.0385252318536926
"registered crowd M1 (200 draws, rebuilt as registered)",registered in the pre-registration; rebuilt 2026-09-24 as written,109,2026092401,0.6047393820429839,0.05657923592877902,0.3135077661165181,247.10451022207434,1.0,0.03854090713302384
"registered crowd M1 (200 draws, rebuilt as registered)",registered in the pre-registration; rebuilt 2026-09-24 as written,110,2026092401,0.5912271059791645,0.04349321631535817,0.31350858082958427,246.92798019693905,1.0,0.03859061529076253
"registered crowd M1 (200 draws, rebuilt as registered)",registered in the pre-registration; rebuilt 2026-09-24 as written,111,2026092401,0.6049507269257737,0.0561684965474863,0.3135079019020291,247.0346961503732,1.0,0.03865566636846581
"registered crowd M1 (200 draws, rebuilt as registered)",registered in the pre-registration; rebuilt 2026-09-24 as written,112,2026092401,0.6105135188195606,0.062019733511426575,0.31350925975713945,246.9050563148996,1.0,0.0385240485928857
"registered crowd M1 (200 draws, rebuilt as registered)",registered in the pre-registration; rebuilt 2026-09-24 as written,113,2026092401,0.6075788951220709,0.05842877763831989,0.31350864872233986,246.96362527952564,1.0,0.038585192987683925
"registered crowd M1 (200 draws, rebuilt as registered)",registered in the pre-registration; rebuilt 2026-09-24 as written,114,2026092401,0.5930755178083357,0.045911628520134966,0.3135121791456267,246.93562752953267,1.0,0.038539498405719144
"registered crowd M1 (200 draws, rebuilt as registered)",registered in the pre-registration; rebuilt 2026-09-24 as written,115,2026092401,0.5950316612896632,0.04686953192205996,0.3135041678004757,246.98221095797106,1.0,0.038572101147816264
"registered crowd M1 (200 draws, rebuilt as registered)",registered in the pre-registration; rebuilt 2026-09-24 as written,116,2026092401,0.6125327988346834,0.06415130244631422,0.31350124841198845,246.94455085979564,1.0,0.03853889308178825
"registered crowd M1 (200 draws, rebuilt as registered)",registered in the pre-registration; rebuilt 2026-09-24 as written,117,2026092401,0.6006288689705648,0.052759384917082174,0.313505389870075,246.93200904218057,1.0,0.038539033656902984
"registered crowd M1 (200 draws, rebuilt as registered)",registered in the pre-registration; rebuilt 2026-09-24 as written,118,2026092401,0.6094824510738791,0.06063958064580316,0.3135076303310071,247.008477985546,1.0,0.038609139766666835
"registered crowd M1 (200 draws, rebuilt as registered)",registered in the pre-registration; rebuilt 2026-09-24 as written,119,2026092401,0.6105730805520152,0.06263132566532835,0.3135075624382515,246.97170968546035,1.0,0.03855219321877095
"registered crowd M1 (200 draws, rebuilt as registered)",registered in the pre-registration; rebuilt 2026-09-24 as written,120,2026092401,0.6061019903971692,0.057043236349132796,0.3135005694844333,247.02943222759166,1.0,0.038619105008353936
"registered crowd M1 (200 draws, rebuilt as registered)",registered in the pre-registration; rebuilt 2026-09-24 as written,121,2026092401,0.6063956786652518,0.05743467450243979,0.31350559354834157,246.89823265330043,1.0,0.03862130139969192
"registered crowd M1 (200 draws, rebuilt as registered)",registered in the pre-registration; rebuilt 2026-09-24 as written,122,2026092401,0.5845175980249704,0.03615311141448478,0.31350640826140774,247.04804300748486,1.0,0.03855709945554805
"registered crowd M1 (200 draws, rebuilt as registered)",registered in the pre-registration; rebuilt 2026-09-24 as written,123,2026092401,0.6116704969990826,0.0635614997638695,0.3135093955426505,247.00141225388032,1.0,0.038611737623478276
"registered crowd M1 (200 draws, rebuilt as registered)",registered in the pre-registration; rebuilt 2026-09-24 as written,124,2026092401,0.6175406162654759,0.06879685996752152,0.3135161169254467,246.9940378798743,1.0,0.0386007318614392
"registered crowd M1 (200 draws, rebuilt as registered)",registered in the pre-registration; rebuilt 2026-09-24 as written,125,2026092401,0.5957738803397475,0.04868716601310235,0.3135079019020291,246.96387377564307,1.0,0.038685118304746545
"registered crowd M1 (200 draws, rebuilt as registered)",registered in the pre-registration; rebuilt 2026-09-24 as written,126,2026092401,0.5996273301362637,0.05090068806711887,0.31350376044394257,246.98791000635507,1.0,0.03851866064684237
"registered crowd M1 (200 draws, rebuilt as registered)",registered in the pre-registration; rebuilt 2026-09-24 as written,127,2026092401,0.6071410108785523,0.05845491857802363,0.31351054971949427,246.91937770842694,1.0,0.03861137891934829
"registered crowd M1 (200 draws, rebuilt as registered)",registered in the pre-registration; rebuilt 2026-09-24 as written,128,2026092401,0.5923240620310684,0.04436211420006655,0.31350837715131774,247.08195096889392,1.0,0.038598869567100506
"registered crowd M1 (200 draws, rebuilt as registered)",registered in the pre-registration; rebuilt 2026-09-24 as written,129,2026092401,0.5993804900165438,0.05040860521075007,0.31350606879763016,247.00501151880783,1.0,0.03864831280564684
"registered crowd M1 (200 draws, rebuilt as registered)",registered in the pre-registration; rebuilt 2026-09-24 as written,130,2026092401,0.6128978973441456,0.0644543194317968,0.31350844504407327,246.96704142414555,1.0,0.038501843233245285
"registered crowd M1 (200 draws, rebuilt as registered)",registered in the pre-registration; rebuilt 2026-09-24 as written,131,2026092401,0.5783220680348378,0.029732971349030825,0.31350837715131774,247.0068887839533,1.0,0.038580462134829026
"registered crowd M1 (200 draws, rebuilt as registered)",registered in the pre-registration; rebuilt 2026-09-24 as written,132,2026092401,0.6072110878147572,0.05818734622752381,0.3135070871889629,246.9982120645975,1.0,0.038538391889781906
"registered crowd M1 (200 draws, rebuilt as registered)",registered in the pre-registration; rebuilt 2026-09-24 as written,133,2026092401,0.6021944572501259,0.05378846738826701,0.3135025383743433,247.02487108539626,1.0,0.038556925719646556
"registered crowd M1 (200 draws, rebuilt as registered)",registered in the pre-registration; rebuilt 2026-09-24 as written,134,2026092401,0.5963797541849994,0.0494360456150729,0.31351075339776086,246.91569392797675,1.0,0.03850329219844794
"registered crowd M1 (200 draws, rebuilt as registered)",registered in the pre-registration; rebuilt 2026-09-24 as written,135,2026092401,0.5987645320717957,0.0497697940733929,0.31350437147874227,246.99841252071914,1.0,0.038716089016014886
"registered crowd M1 (200 draws, rebuilt as registered)",registered in the pre-registration; rebuilt 2026-09-24 as written,136,2026092401,0.5940171568225995,0.0446189728473408,0.3135142159282922,247.1200795568686,1.0,0.03859880037749692
"registered crowd M1 (200 draws, rebuilt as registered)",registered in the pre-registration; rebuilt 2026-09-24 as written,137,2026092401,0.5984013895682604,0.04993491028013042,0.31351143232531603,247.0210326156708,1.0,0.03851533594860695
"registered crowd M1 (200 draws, rebuilt as registered)",registered in the pre-registration; rebuilt 2026-09-24 as written,138,2026092401,0.5954267336450203,0.04664922628615145,0.31350640826140774,246.98514897532291,1.0,0.03853436071993869
"registered crowd M1 (200 draws, rebuilt as registered)",registered in the pre-registration; rebuilt 2026-09-24 as written,139,2026092401,0.6050293163756606,0.056457485032223045,0.3135036925511871,247.09523438185795,1.0,0.038578873019520184
"registered crowd M1 (200 draws, rebuilt as registered)",registered in the pre-registration; rebuilt 2026-09-24 as written,140,2026092401,0.599015242809263,0.05151223721288984,0.3135089881861174,246.99794042956592,1.0,0.038511088507309575
"registered crowd M1 (200 draws, rebuilt as registered)",registered in the pre-registration; rebuilt 2026-09-24 as written,141,2026092401,0.5948490623537697,0.04684943205439593,0.3135138764645146,247.018371533715,1.0,0.038507672841133
"registered crowd M1 (200 draws, rebuilt as registered)",registered in the pre-registration; rebuilt 2026-09-24 as written,142,2026092401,0.5971878496071427,0.049052993944059695,0.31350559354834157,246.9060670092838,1.0,0.03859033332690872
"registered crowd M1 (200 draws, rebuilt as registered)",registered in the pre-registration; rebuilt 2026-09-24 as written,143,2026092401,0.6029768657945379,0.05513459258087754,0.31350769822376257,246.94453375571217,1.0,0.03863750056846605
"registered crowd M1 (200 draws, rebuilt as registered)",registered in the pre-registration; rebuilt 2026-09-24 as written,144,2026092401,0.5924333558174539,0.04455502824176359,0.3135050504062974,246.9580940303882,1.0,0.038531712335990745
"registered crowd M1 (200 draws, rebuilt as registered)",registered in the pre-registration; rebuilt 2026-09-24 as written,145,2026092401,0.6009249517203206,0.05208980438095862,0.31350925975713945,246.9769533852294,1.0,0.03856324548537339
"registered crowd M1 (200 draws, rebuilt as registered)",registered in the pre-registration; rebuilt 2026-09-24 as written,146,2026092401,0.5866993168528852,0.03800972392162525,0.31350844504407327,247.0850542066209,1.0,0.03860275925184416
"registered crowd M1 (200 draws, rebuilt as registered)",registered in the pre-registration; rebuilt 2026-09-24 as written,147,2026092401,0.6115958295342736,0.0645572223228781,0.31350892029336186,246.9353167364624,1.0,0.03854704541733691
"registered crowd M1 (200 draws, rebuilt as registered)",registered in the pre-registration; rebuilt 2026-09-24 as written,148,2026092401,0.607871421484936,0.060958832714463417,0.3135054577628305,246.94865418046166,1.0,0.03850480882404215
"registered crowd M1 (200 draws, rebuilt as registered)",registered in the pre-registration; rebuilt 2026-09-24 as written,149,2026092401,0.5908981713127867,0.0423590627614601,0.3135058651193636,247.07940437431876,1.0,0.03853810899582754
"registered crowd M1 (200 draws, rebuilt as registered)",registered in the pre-registration; rebuilt 2026-09-24 as written,150,2026092401,0.6083708174283019,0.059836243117569195,0.31350409990772016,247.00514417410713,1.0,0.038623001331633475
"registered crowd M1 (200 draws, rebuilt as registered)",registered in the pre-registration; rebuilt 2026-09-24 as written,151,2026092401,0.6151894973055471,0.06674652240325796,0.31350688351069633,247.02492276510768,1.0,0.03853516854141843
"registered crowd M1 (200 draws, rebuilt as registered)",registered in the pre-registration; rebuilt 2026-09-24 as written,152,2026092401,0.5947421852688853,0.04587406866700974,0.3135066119396743,246.9751123649347,1.0,0.03857786409348083
"registered crowd M1 (200 draws, rebuilt as registered)",registered in the pre-registration; rebuilt 2026-09-24 as written,153,2026092401,0.6020981856879685,0.05478273902060576,0.3135043714787422,246.99040740813058,1.0,0.038704611293948574
"registered crowd M1 (200 draws, rebuilt as registered)",registered in the pre-registration; rebuilt 2026-09-24 as written,154,2026092401,0.5920297562024748,0.044370501191664434,0.3134992116293229,246.96763427248501,1.0,0.03865002441763137
"registered crowd M1 (200 draws, rebuilt as registered)",registered in the pre-registration; rebuilt 2026-09-24 as written,155,2026092401,0.5993960785143143,0.049971395572130636,0.3135068156179408,246.9947857741369,1.0,0.03848406893769313
"registered crowd M1 (200 draws, rebuilt as registered)",registered in the pre-registration; rebuilt 2026-09-24 as written,156,2026092401,0.6163898903515993,0.06815377291990488,0.3135115002180715,246.9111934057339,1.0,0.03861624264305572
"registered crowd M1 (200 draws, rebuilt as registered)",registered in the pre-registration; rebuilt 2026-09-24 as written,157,2026092401,0.612497278654931,0.06366392336778533,0.31350593301211915,246.99355915968576,1.0,0.03860046984795776
"registered crowd M1 (200 draws, rebuilt as registered)",registered in the pre-registration; rebuilt 2026-09-24 as written,158,2026092401,0.6005766530117612,0.05258833827595968,0.31350932764989503,246.97159663989453,1.0,0.03842875500734779
"registered crowd M1 (200 draws, rebuilt as registered)",registered in the pre-registration; rebuilt 2026-09-24 as written,159,2026092401,0.6054068240551317,0.05758815359957788,0.31351319753695944,246.96353335949135,1.0,0.03862188055665818
"registered crowd M1 (200 draws, rebuilt as registered)",registered in the pre-registration; rebuilt 2026-09-24 as written,160,2026092401,0.6050953782868522,0.05720812607363077,0.3135106176122498,246.983671271838,1.0,0.03857563873874908
"registered crowd M1 (200 draws, rebuilt as registered)",registered in the pre-registration; rebuilt 2026-09-24 as written,161,2026092401,0.5943948535232619,0.04628113201045761,0.3135079019020291,247.00092154517333,1.0,0.038579004710793896
"registered crowd M1 (200 draws, rebuilt as registered)",registered in the pre-registration; rebuilt 2026-09-24 as written,162,2026092401,0.5948230212761298,0.045548137690115335,0.313503285194654,246.9933572519376,1.0,0.03870907663571641
"registered crowd M1 (200 draws, rebuilt as registered)",registered in the pre-registration; rebuilt 2026-09-24 as written,163,2026092401,0.6102636472417708,0.06240930387939724,0.31350661193967433,246.98574923735816,1.0,0.038547978917524275
"registered crowd M1 (200 draws, rebuilt as registered)",registered in the pre-registration; rebuilt 2026-09-24 as written,164,2026092401,0.6030491612332867,0.0556784981350714,0.3135072908672295,247.07938353793372,1.0,0.03863885012486779
"registered crowd M1 (200 draws, rebuilt as registered)",registered in the pre-registration; rebuilt 2026-09-24 as written,165,2026092401,0.6000595882397415,0.05227158838038742,0.31350518619180845,247.0269185918715,1.0,0.03856006503736855
"registered crowd M1 (200 draws, rebuilt as registered)",registered in the pre-registration; rebuilt 2026-09-24 as written,166,2026092401,0.5940614044805329,0.044910947808256954,0.3135068835106964,247.15798509876814,1.0,0.03854816208492667
"registered crowd M1 (200 draws, rebuilt as registered)",registered in the pre-registration; rebuilt 2026-09-24 as written,167,2026092401,0.5870921967616467,0.03840008373654169,0.31350898818611744,246.95983164016786,1.0,0.038554400028239115
"registered crowd M1 (200 draws, rebuilt as registered)",registered in the pre-registration; rebuilt 2026-09-24 as written,168,2026092401,0.6071976022980407,0.058542742505748764,0.31351414803553673,246.95329922696288,1.0,0.03851716786294728
"registered crowd M1 (200 draws, rebuilt as registered)",registered in the pre-registration; rebuilt 2026-09-24 as written,169,2026092401,0.6030570984236409,0.054395040052561745,0.31350898818611744,247.0642420501837,1.0,0.03862716338340073
"registered crowd M1 (200 draws, rebuilt as registered)",registered in the pre-registration; rebuilt 2026-09-24 as written,170,2026092401,0.6044173451577213,0.05616596888289385,0.31350409990772016,247.03122542925047,1.0,0.03858943437953222
"registered crowd M1 (200 draws, rebuilt as registered)",registered in the pre-registration; rebuilt 2026-09-24 as written,171,2026092401,0.5995943899973089,0.0514495285188288,0.31350715508171845,246.970658207335,1.0,0.03858342778909418
"registered crowd M1 (200 draws, rebuilt as registered)",registered in the pre-registration; rebuilt 2026-09-24 as written,172,2026092401,0.5983761196789474,0.05018859645270998,0.31349710695390187,246.97269969122564,1.0,0.03854633230637825
"registered crowd M1 (200 draws, rebuilt as registered)",registered in the pre-registration; rebuilt 2026-09-24 as written,173,2026092401,0.6019896170742264,0.05407813891688847,0.31351000657745015,247.02755537898216,1.0,0.0384960209834975
"registered crowd M1 (200 draws, rebuilt as registered)",registered in the pre-registration; rebuilt 2026-09-24 as written,174,2026092401,0.6029249790864752,0.05433703777044544,0.3135070192962074,246.95128068106968,1.0,0.03857283311099946
"registered crowd M1 (200 draws, rebuilt as registered)",registered in the pre-registration; rebuilt 2026-09-24 as written,175,2026092401,0.6135051028523815,0.064996222772437,0.31350892029336186,247.0810273098658,1.0,0.038511529962483554
"registered crowd M1 (200 draws, rebuilt as registered)",registered in the pre-registration; rebuilt 2026-09-24 as written,176,2026092401,0.5793737818973453,0.03138279901857456,0.31351068550500527,246.9918082912626,1.0,0.038496370730752356
"registered crowd M1 (200 draws, rebuilt as registered)",registered in the pre-registration; rebuilt 2026-09-24 as written,177,2026092401,0.5878947040598661,0.03984044429444221,0.31350844504407327,247.01837641425163,1.0,0.038544288597291164
"registered crowd M1 (200 draws, rebuilt as registered)",registered in the pre-registration; rebuilt 2026-09-24 as written,178,2026092401,0.6132240418681584,0.06426914840117902,0.31351122864704944,246.96366503440706,1.0,0.03857036620928584
"registered crowd M1 (200 draws, rebuilt as registered)",registered in the pre-registration; rebuilt 2026-09-24 as written,179,2026092401,0.5945379625685073,0.04692301270406054,0.31350803768754015,246.95527423948258,1.0,0.03850600786756163
"registered crowd M1 (200 draws, rebuilt as registered)",registered in the pre-registration; rebuilt 2026-09-24 as written,180,2026092401,0.6099622677096495,0.06130686454073284,0.313507358759985,246.98800542631386,1.0,0.03846667756678942
"registered crowd M1 (200 draws, rebuilt as registered)",registered in the pre-registration; rebuilt 2026-09-24 as written,181,2026092401,0.612728364558933,0.0644366797391336,0.31351075339776086,246.914867471616,1.0,0.03855245049791727
"registered crowd M1 (200 draws, rebuilt as registered)",registered in the pre-registration; rebuilt 2026-09-24 as written,182,2026092401,0.6169313406228217,0.06770660355368942,0.3135039641222091,247.0157955190089,1.0,0.03852599869846794
"registered crowd M1 (200 draws, rebuilt as registered)",registered in the pre-registration; rebuilt 2026-09-24 as written,183,2026092401,0.5956240991702397,0.04761168546183699,0.31351088918327186,246.9700855527907,1.0,0.03854333843612141
"registered crowd M1 (200 draws, rebuilt as registered)",registered in the pre-registration; rebuilt 2026-09-24 as written,184,2026092401,0.6286857503970287,0.08033581743474077,0.3135061366903857,246.98443173983895,1.0,0.038515769976483795
"registered crowd M1 (200 draws, rebuilt as registered)",registered in the pre-registration; rebuilt 2026-09-24 as written,185,2026092401,0.5836866322471563,0.03549311243095532,0.31350674772518533,247.12174355114962,1.0,0.03851266307986961
"registered crowd M1 (200 draws, rebuilt as registered)",registered in the pre-registration; rebuilt 2026-09-24 as written,186,2026092401,0.6152896081474641,0.06710602372357471,0.3135064761541632,247.04208501979872,1.0,0.03860798255051463
"registered crowd M1 (200 draws, rebuilt as registered)",registered in the pre-registration; rebuilt 2026-09-24 as written,187,2026092401,0.6117768273762115,0.06336164799355855,0.3135095313281615,247.02301120617017,1.0,0.038601542710391304
"registered crowd M1 (200 draws, rebuilt as registered)",registered in the pre-registration; rebuilt 2026-09-24 as written,188,2026092401,0.5981560533891707,0.04941406293163671,0.3135043035859867,246.91924741043667,1.0,0.0385406831195156
"registered crowd M1 (200 draws, rebuilt as registered)",registered in the pre-registration; rebuilt 2026-09-24 as written,189,2026092401,0.6028654350441627,0.05389254660635421,0.31350654404691874,247.06163865883622,1.0,0.038619884950710025
"registered crowd M1 (200 draws, rebuilt as registered)",registered in the pre-registration; rebuilt 2026-09-24 as written,190,2026092401,0.5915167582839601,0.043845595816453614,0.3135041678004757,247.06383976600623,1.0,0.03869467463668655
"registered crowd M1 (200 draws, rebuilt as registered)",registered in the pre-registration; rebuilt 2026-09-24 as written,191,2026092401,0.6011396270693948,0.05295489861706178,0.3135072229744739,247.17550613225947,1.0,0.03856890999230567
"registered crowd M1 (200 draws, rebuilt as registered)",registered in the pre-registration; rebuilt 2026-09-24 as written,192,2026092401,0.5942660726366736,0.046991515169079665,0.3135131296442039,246.93652200360913,1.0,0.03866216810278554
"registered crowd M1 (200 draws, rebuilt as registered)",registered in the pre-registration; rebuilt 2026-09-24 as written,193,2026092401,0.6156048036788954,0.0675895731183169,0.3135059330121191,246.8843386458613,1.0,0.038607616318554146
"registered crowd M1 (200 draws, rebuilt as registered)",registered in the pre-registration; rebuilt 2026-09-24 as written,194,2026092401,0.5993278387743517,0.051859003214852054,0.31350620458314116,246.90034263479615,1.0,0.03856405441014815
"registered crowd M1 (200 draws, rebuilt as registered)",registered in the pre-registration; rebuilt 2026-09-24 as written,195,2026092401,0.6055652328873695,0.058239284979491344,0.3135126543949153,246.9963626874253,1.0,0.03850392495240661
"registered crowd M1 (200 draws, rebuilt as registered)",registered in the pre-registration; rebuilt 2026-09-24 as written,196,2026092401,0.6255574441138406,0.07815591215785597,0.3135078340092736,247.09035341468407,1.0,0.03851339586962491
"registered crowd M1 (200 draws, rebuilt as registered)",registered in the pre-registration; rebuilt 2026-09-24 as written,197,2026092401,0.5884589923908202,0.04035619180570122,0.3135122470383822,246.93975654089533,1.0,0.038554648934536834
"registered crowd M1 (200 draws, rebuilt as registered)",registered in the pre-registration; rebuilt 2026-09-24 as written,198,2026092401,0.6094087338218598,0.062265901242738085,0.3135098707919391,246.86615745007276,1.0,0.03853696692871507
"registered crowd M1 (200 draws, rebuilt as registered)",registered in the pre-registration; rebuilt 2026-09-24 as written,199,2026092401,0.5875911576738646,0.03900283425637156,0.3135076303310071,247.10524267458004,1.0,0.03847942119965203
"registered crowd M1 (200 draws, rebuilt as registered)",registered in the pre-registration; rebuilt 2026-09-24 as written,200,2026092401,0.6025879720997128,0.05366635800906089,0.3135123149311377,246.9800791470807,1.0,0.03854143071161373
as-often crowd M2 (200 draws),"ADDED AFTER the run; unregistered sensitivity, never a verdict layer",1,2026092402,0.5973797593514671,0.3141820792299236,0.3135138764645146,127.27474305868607,1.0,0.03761568597558004
as-often crowd M2 (200 draws),"ADDED AFTER the run; unregistered sensitivity, never a verdict layer",2,2026092402,0.5989535147750499,0.3166216989481273,0.31350077316269986,127.28293121733334,1.0,0.03839342098082375
as-often crowd M2 (200 draws),"ADDED AFTER the run; unregistered sensitivity, never a verdict layer",3,2026092402,0.5987812558453647,0.3159950995627591,0.31352181991691014,127.26340546476102,1.0,0.038474431440451914
as-often crowd M2 (200 draws),"ADDED AFTER the run; unregistered sensitivity, never a verdict layer",4,2026092402,0.6210249810247374,0.3379929182411374,0.3135058651193636,127.28374054248151,1.0,0.03798891343954723
as-often crowd M2 (200 draws),"ADDED AFTER the run; unregistered sensitivity, never a verdict layer",5,2026092402,0.6092705874921553,0.3275594780550405,0.3135045751570088,127.28279615920088,1.0,0.03931247190125527
as-often crowd M2 (200 draws),"ADDED AFTER the run; unregistered sensitivity, never a verdict layer",6,2026092402,0.598305967503583,0.3150222224513609,0.31350566144109704,127.29068215421002,1.0,0.03945937985906282
as-often crowd M2 (200 draws),"ADDED AFTER the run; unregistered sensitivity, never a verdict layer",7,2026092402,0.6265163070384063,0.34395860936219264,0.3135172711022905,127.27386187612142,1.0,0.03796349411661016
as-often crowd M2 (200 draws),"ADDED AFTER the run; unregistered sensitivity, never a verdict layer",8,2026092402,0.619859217524078,0.3372443390662373,0.3135140801427812,127.28513761714558,1.0,0.039557285485852085
as-often crowd M2 (200 draws),"ADDED AFTER the run; unregistered sensitivity, never a verdict layer",9,2026092402,0.6248516447848448,0.3425705211476776,0.3134986684872788,127.2812209283682,1.0,0.038587937301044685
as-often crowd M2 (200 draws),"ADDED AFTER the run; unregistered sensitivity, never a verdict layer",10,2026092402,0.6029252185671342,0.3211600826624024,0.31350484672803086,127.28685412123305,1.0,0.03952596646604505
as-often crowd M2 (200 draws),"ADDED AFTER the run; unregistered sensitivity, never a verdict layer",11,2026092402,0.6089529135382273,0.32679797445107545,0.31350538987007504,127.2807456965802,1.0,0.03839068999509708
as-often crowd M2 (200 draws),"ADDED AFTER the run; unregistered sensitivity, never a verdict layer",12,2026092402,0.5950756143741267,0.31315417926565636,0.313521548345888,127.26987914188693,1.0,0.03864727081219274
as-often crowd M2 (200 draws),"ADDED AFTER the run; unregistered sensitivity, never a verdict layer",13,2026092402,0.5953794530137337,0.3121362126422106,0.3134964959191023,127.29059616268802,1.0,0.039379970871841516
as-often crowd M2 (200 draws),"ADDED AFTER the run; unregistered sensitivity, never a verdict layer",14,2026092402,0.5935078642081447,0.3104107635544446,0.31350959922091703,127.28081337962463,1.0,0.03891727472314247
as-often crowd M2 (200 draws),"ADDED AFTER the run; unregistered sensitivity, never a verdict layer",15,2026092402,0.6038546701697262,0.32092657100733096,0.3135004336989223,127.2851617479326,1.0,0.03940134914737862
as-often crowd M2 (200 draws),"ADDED AFTER the run; unregistered sensitivity, never a verdict layer",16,2026092402,0.602905776721812,0.32052673834726625,0.31350199523229916,127.29072688101026,1.0,0.03872266278240283
as-often crowd M2 (200 draws),"ADDED AFTER the run; unregistered sensitivity, never a verdict layer",17,2026092402,0.6090206540388519,0.326961324404407,0.3134960885625691,127.28720720171594,1.0,0.03907964428516699
as-often crowd M2 (200 draws),"ADDED AFTER the run; unregistered sensitivity, never a verdict layer",18,2026092402,0.5778088979573031,0.2954614328368944,0.313521548345888,127.26733890078827,1.0,0.03930189822460195
as-often crowd M2 (200 draws),"ADDED AFTER the run; unregistered sensitivity, never a verdict layer",19,2026092402,0.5930506846796594,0.3111868139213556,0.3135148948558474,127.26709910403764,1.0,0.03822342953218375
as-often crowd M2 (200 draws),"ADDED AFTER the run; unregistered sensitivity, never a verdict layer",20,2026092402,0.617159870474346,0.33430488403143876,0.31349656381185775,127.29431124311411,1.0,0.04006691028918949
as-often crowd M2 (200 draws),"ADDED AFTER the run; unregistered sensitivity, never a verdict layer",21,2026092402,0.6119091825665635,0.3290668066661789,0.3134963601335912,127.29620145096918,1.0,0.037867055562040515
as-often crowd M2 (200 draws),"ADDED AFTER the run; unregistered sensitivity, never a verdict layer",22,2026092402,0.6092388302925209,0.32669647113423284,0.3134959527770581,127.27853068440956,1.0,0.03905259038569863
as-often crowd M2 (200 draws),"ADDED AFTER the run; unregistered sensitivity, never a verdict layer",23,2026092402,0.5868072787086263,0.30508589504212463,0.3135211409893549,127.2557137452791,1.0,0.03908453388215565
as-often crowd M2 (200 draws),"ADDED AFTER the run; unregistered sensitivity, never a verdict layer",24,2026092402,0.6115649257608298,0.328933259145788,0.3135134691079815,127.26686131865378,1.0,0.03847069205407366
as-often crowd M2 (200 draws),"ADDED AFTER the run; unregistered sensitivity, never a verdict layer",25,2026092402,0.615599045428448,0.3335359903872363,0.31350932764989503,127.27497208809602,1.0,0.03957239447917303
as-often crowd M2 (200 draws),"ADDED AFTER the run; unregistered sensitivity, never a verdict layer",26,2026092402,0.6019811056933154,0.31936321167164505,0.31351910420668944,127.27082247847835,1.0,0.037962189396035996
as-often crowd M2 (200 draws),"ADDED AFTER the run; unregistered sensitivity, never a verdict layer",27,2026092402,0.6025261415847422,0.32035381588956496,0.31350260626709875,127.28548445431555,1.0,0.03806640441006883
as-often crowd M2 (200 draws),"ADDED AFTER the run; unregistered sensitivity, never a verdict layer",28,2026092402,0.6072316139872409,0.32461686588554717,0.31350518619180845,127.28272105532331,1.0,0.039543898166449494
as-often crowd M2 (200 draws),"ADDED AFTER the run; unregistered sensitivity, never a verdict layer",29,2026092402,0.5945342774315957,0.3124328608698723,0.31350036580616675,127.2890173702725,1.0,0.039098818385899806
as-often crowd M2 (200 draws),"ADDED AFTER the run; unregistered sensitivity, never a verdict layer",30,2026092402,0.5937689991748807,0.31198719513605144,0.31352664030255184,127.26024516884557,1.0,0.03935041573470935
as-often crowd M2 (200 draws),"ADDED AFTER the run; unregistered sensitivity, never a verdict layer",31,2026092402,0.6057313051329821,0.32343081362100107,0.3135176105660681,127.27009054373964,1.0,0.03739825320777958
as-often crowd M2 (200 draws),"ADDED AFTER the run; unregistered sensitivity, never a verdict layer",32,2026092402,0.5865155687585037,0.3036779705782782,0.31350559354834157,127.26882912903744,1.0,0.03899833227182865
as-often crowd M2 (200 draws),"ADDED AFTER the run; unregistered sensitivity, never a verdict layer",33,2026092402,0.6031792628194073,0.3212805909506282,0.31351272228767085,127.29139977175222,1.0,0.03712792598322478
as-often crowd M2 (200 draws),"ADDED AFTER the run; unregistered sensitivity, never a verdict layer",34,2026092402,0.626752982397936,0.34422617084938645,0.31351326542971497,127.27270997167463,1.0,0.036603582853376046
as-often crowd M2 (200 draws),"ADDED AFTER the run; unregistered sensitivity, never a verdict layer",35,2026092402,0.6054154165767855,0.32261403115360376,0.3134939838871481,127.29633511123195,1.0,0.03891488185784132
as-often crowd M2 (200 draws),"ADDED AFTER the run; unregistered sensitivity, never a verdict layer",36,2026092402,0.5986946522262357,0.3164493770711821,0.3135072908672295,127.26425559278304,1.0,0.03766909992108598
as-often crowd M2 (200 draws),"ADDED AFTER the run; unregistered sensitivity, never a verdict layer",37,2026092402,0.6086923879946319,0.3258968540912657,0.31350606879763016,127.28277926714445,1.0,0.038340798143477677
as-often crowd M2 (200 draws),"ADDED AFTER the run; unregistered sensitivity, never a verdict layer",38,2026092402,0.5949922623288496,0.31218907948452673,0.313491471855194,127.2990841684884,1.0,0.03944838829908536
as-often crowd M2 (200 draws),"ADDED AFTER the run; unregistered sensitivity, never a verdict layer",39,2026092402,0.6040540938038622,0.3216058701769678,0.3135057972266081,127.28400940422804,1.0,0.03830748114522024
as-often crowd M2 (200 draws),"ADDED AFTER the run; unregistered sensitivity, never a verdict layer",40,2026092402,0.5988283819614306,0.3163918149523614,0.31350029791341116,127.28081451775596,1.0,0.03899032848584573
as-often crowd M2 (200 draws),"ADDED AFTER the run; unregistered sensitivity, never a verdict layer",41,2026092402,0.5993732027729455,0.31651680927567954,0.3135081055802957,127.2908185112917,1.0,0.03841504507875789
as-often crowd M2 (200 draws),"ADDED AFTER the run; unregistered sensitivity, never a verdict layer",42,2026092402,0.6189731951780588,0.3363335125703933,0.3134982611307457,127.3032330281414,1.0,0.03840434030939777
as-often crowd M2 (200 draws),"ADDED AFTER the run; unregistered sensitivity, never a verdict layer",43,2026092402,0.6047834117464005,0.3215842904078188,0.3135231777720205,127.25488495782074,1.0,0.03807430101617222
as-often crowd M2 (200 draws),"ADDED AFTER the run; unregistered sensitivity, never a verdict layer",44,2026092402,0.5959166246315177,0.31291996068832184,0.3134975822031906,127.29397881830604,1.0,0.038349848978059965
as-often crowd M2 (200 draws),"ADDED AFTER the run; unregistered sensitivity, never a verdict layer",45,2026092402,0.6050996437472188,0.3223728821773078,0.3135027420526098,127.28658010462108,1.0,0.039534677735290735
as-often crowd M2 (200 draws),"ADDED AFTER the run; unregistered sensitivity, never a verdict layer",46,2026092402,0.6038113734637525,0.32148824329025383,0.313517474780557,127.26465939913038,1.0,0.038690000550041424
as-often crowd M2 (200 draws),"ADDED AFTER the run; unregistered sensitivity, never a verdict layer",47,2026092402,0.6027156646657558,0.3204430964671225,0.31349995844963363,127.2965538770859,1.0,0.03890287891309206
as-often crowd M2 (200 draws),"ADDED AFTER the run; unregistered sensitivity, never a verdict layer",48,2026092402,0.6164950217583587,0.33371028951183906,0.3135045072642533,127.27014077408397,1.0,0.03917453124895103
as-often crowd M2 (200 draws),"ADDED AFTER the run; unregistered sensitivity, never a verdict layer",49,2026092402,0.6040490898314647,0.3220652087757979,0.313499483200345,127.2878142159586,1.0,0.03876585276798246
as-often crowd M2 (200 draws),"ADDED AFTER the run; unregistered sensitivity, never a verdict layer",50,2026092402,0.6141169397093722,0.3318245667869258,0.31351353700073703,127.27270615843118,1.0,0.03936397088122074
as-often crowd M2 (200 draws),"ADDED AFTER the run; unregistered sensitivity, never a verdict layer",51,2026092402,0.6151023604916144,0.3321037235826785,0.3135090560788729,127.26846000918843,1.0,0.03934569299501268
as-often crowd M2 (200 draws),"ADDED AFTER the run; unregistered sensitivity, never a verdict layer",52,2026092402,0.6069208593490177,0.3244105600776022,0.3135057972266081,127.27568134719907,1.0,0.039799578228116306
as-often crowd M2 (200 draws),"ADDED AFTER the run; unregistered sensitivity, never a verdict layer",53,2026092402,0.6116666135400585,0.3289470043345503,0.31349330495959293,127.29528682800503,1.0,0.03882552337011676
as-often crowd M2 (200 draws),"ADDED AFTER the run; unregistered sensitivity, never a verdict layer",54,2026092402,0.609620756532832,0.327264130333903,0.3135031494091429,127.29334096957781,1.0,0.039369822958695413
as-often crowd M2 (200 draws),"ADDED AFTER the run; unregistered sensitivity, never a verdict layer",55,2026092402,0.6198730446073042,0.3374679022968824,0.313501316304744,127.28963229045021,1.0,0.038719931323571835
as-often crowd M2 (200 draws),"ADDED AFTER the run; unregistered sensitivity, never a verdict layer",56,2026092402,0.592870994256794,0.31008921225198466,0.3135093955426505,127.27718061953736,1.0,0.03832003490904051
as-often crowd M2 (200 draws),"ADDED AFTER the run; unregistered sensitivity, never a verdict layer",57,2026092402,0.6062554481506052,0.32467942599795985,0.31349500227848087,127.2935079384182,1.0,0.03919044557198988
as-often crowd M2 (200 draws),"ADDED AFTER the run; unregistered sensitivity, never a verdict layer",58,2026092402,0.5965919220601756,0.31338679739046743,0.3135206657400664,127.2588991155282,1.0,0.03767225703737277
as-often crowd M2 (200 draws),"ADDED AFTER the run; unregistered sensitivity, never a verdict layer",59,2026092402,0.5764653151527903,0.29378207467375156,0.31352596137499666,127.26173759456178,1.0,0.038614894588713325
as-often crowd M2 (200 draws),"ADDED AFTER the run; unregistered sensitivity, never a verdict layer",60,2026092402,0.5929215666593969,0.3106047771578946,0.31351720320953497,127.26932697690746,1.0,0.03780628563632702
as-often crowd M2 (200 draws),"ADDED AFTER the run; unregistered sensitivity, never a verdict layer",61,2026092402,0.6217108256615476,0.3389312005903081,0.31350925975713945,127.27106975087761,1.0,0.03860287549269519
as-often crowd M2 (200 draws),"ADDED AFTER the run; unregistered sensitivity, never a verdict layer",62,2026092402,0.6180799361743631,0.3356422431327555,0.31350036580616675,127.2903296808946,1.0,0.03796207625549476
as-often crowd M2 (200 draws),"ADDED AFTER the run; unregistered sensitivity, never a verdict layer",63,2026092402,0.5963357513081876,0.31380894262929065,0.3135004336989223,127.28266718422135,1.0,0.03908928112391266
as-often crowd M2 (200 draws),"ADDED AFTER the run; unregistered sensitivity, never a verdict layer",64,2026092402,0.5956508381004445,0.31294129218773403,0.313517203209535,127.28106049746337,1.0,0.03821058809007694
as-often crowd M2 (200 draws),"ADDED AFTER the run; unregistered sensitivity, never a verdict layer",65,2026092402,0.6139263160096325,0.3313942681161052,0.3135126543949153,127.28121769083273,1.0,0.03875253017532515
as-often crowd M2 (200 draws),"ADDED AFTER the run; unregistered sensitivity, never a verdict layer",66,2026092402,0.5966881364198993,0.3139722903910838,0.3134958169915471,127.28768924989433,1.0,0.03914919605025647
as-often crowd M2 (200 draws),"ADDED AFTER the run; unregistered sensitivity, never a verdict layer",67,2026092402,0.5930643088462455,0.31078062801906203,0.3134997547713671,127.29669397032833,1.0,0.0396011064687012
as-often crowd M2 (200 draws),"ADDED AFTER the run; unregistered sensitivity, never a verdict layer",68,2026092402,0.6013224215458843,0.3192835393746202,0.31350484672803086,127.28117577971466,1.0,0.039206323219093356
as-often crowd M2 (200 draws),"ADDED AFTER the run; unregistered sensitivity, never a verdict layer",69,2026092402,0.597754474280376,0.31520584773018007,0.31350213101781016,127.2719203594682,1.0,0.03910617791722468
as-often crowd M2 (200 draws),"ADDED AFTER the run; unregistered sensitivity, never a verdict layer",70,2026092402,0.6105325394122579,0.32797941331129193,0.313525486125708,127.26398022821006,1.0,0.03794279368863081
as-often crowd M2 (200 draws),"ADDED AFTER the run; unregistered sensitivity, never a verdict layer",71,2026092402,0.6027573068211298,0.31996295644686235,0.3135100744702057,127.2716938919546,1.0,0.038720148991115755
as-often crowd M2 (200 draws),"ADDED AFTER the run; unregistered sensitivity, never a verdict layer",72,2026092402,0.6014532254291395,0.31905114887071867,0.3135125865021598,127.27436812634973,1.0,0.03953257010647149
as-often crowd M2 (200 draws),"ADDED AFTER the run; unregistered sensitivity, never a verdict layer",73,2026092402,0.5923270516921526,0.310151376638088,0.31350002634238916,127.28413446124648,1.0,0.038383983634707124
as-often crowd M2 (200 draws),"ADDED AFTER the run; unregistered sensitivity, never a verdict layer",74,2026092402,0.5871077866144391,0.3044074474145028,0.3135072229744739,127.27942379125932,1.0,0.03863192861008432
as-often crowd M2 (200 draws),"ADDED AFTER the run; unregistered sensitivity, never a verdict layer",75,2026092402,0.6127288497031284,0.33045530813120866,0.3135013841974995,127.27642992587589,1.0,0.03777289356347035
as-often crowd M2 (200 draws),"ADDED AFTER the run; unregistered sensitivity, never a verdict layer",76,2026092402,0.6031876063012155,0.3203941514123419,0.31350864872233986,127.27618451899315,1.0,0.03798489465760473
as-often crowd M2 (200 draws),"ADDED AFTER the run; unregistered sensitivity, never a verdict layer",77,2026092402,0.6095198388201813,0.32636633740749316,0.31350878450785086,127.27780318173406,1.0,0.03870688172871985
as-often crowd M2 (200 draws),"ADDED AFTER the run; unregistered sensitivity, never a verdict layer",78,2026092402,0.595955457874971,0.3136349090102475,0.3135106855050053,127.26179156901085,1.0,0.038519325712568116
as-often crowd M2 (200 draws),"ADDED AFTER the run; unregistered sensitivity, never a verdict layer",79,2026092402,0.58774680790024,0.30485479048216263,0.3135098028991836,127.27669796628508,1.0,0.03889905864819464
as-often crowd M2 (200 draws),"ADDED AFTER the run; unregistered sensitivity, never a verdict layer",80,2026092402,0.5987892094092985,0.3165620800598777,0.3135054577628305,127.26932991489389,1.0,0.038204873164031025
as-often crowd M2 (200 draws),"ADDED AFTER the run; unregistered sensitivity, never a verdict layer",81,2026092402,0.596502539865292,0.314867754585724,0.31349411967265917,127.29548107012322,1.0,0.03776120792898306
as-often crowd M2 (200 draws),"ADDED AFTER the run; unregistered sensitivity, never a verdict layer",82,2026092402,0.5973065041110108,0.31448484471838595,0.31350443937149775,127.26998427824938,1.0,0.03936034885337581
as-often crowd M2 (200 draws),"ADDED AFTER the run; unregistered sensitivity, never a verdict layer",83,2026092402,0.61165330713555,0.32876867347379796,0.3134922186755047,127.2888038699736,1.0,0.03813545189976658
as-often crowd M2 (200 draws),"ADDED AFTER the run; unregistered sensitivity, never a verdict layer",84,2026092402,0.603045367931753,0.32104197349443564,0.31350430358598674,127.28372231941162,1.0,0.038884798295233065
as-often crowd M2 (200 draws),"ADDED AFTER the run; unregistered sensitivity, never a verdict layer",85,2026092402,0.5953136993642256,0.31217273075782676,0.31351523431962497,127.26659068712699,1.0,0.038499493590130884
as-often crowd M2 (200 draws),"ADDED AFTER the run; unregistered sensitivity, never a verdict layer",86,2026092402,0.6056272516977166,0.3233743350246354,0.3135124507166488,127.2848222166051,1.0,0.03822567651848515
as-often crowd M2 (200 draws),"ADDED AFTER the run; unregistered sensitivity, never a verdict layer",87,2026092402,0.5978355765087977,0.3152836911032603,0.313501316304744,127.2929579708464,1.0,0.03809081608698552
as-often crowd M2 (200 draws),"ADDED AFTER the run; unregistered sensitivity, never a verdict layer",88,2026092402,0.6091708697351017,0.32700587341786563,0.31350158787576604,127.28703406435646,1.0,0.03914349445599446
as-often crowd M2 (200 draws),"ADDED AFTER the run; unregistered sensitivity, never a verdict layer",89,2026092402,0.5896595146096205,0.30728641771160686,0.31351876474291185,127.26999199886245,1.0,0.038553197773943865
as-often crowd M2 (200 draws),"ADDED AFTER the run; unregistered sensitivity, never a verdict layer",90,2026092402,0.5989508693682954,0.3158869379234609,0.3135070192962074,127.27750252970174,1.0,0.03813928206372031
as-often crowd M2 (200 draws),"ADDED AFTER the run; unregistered sensitivity, never a verdict layer",91,2026092402,0.599846258004669,0.3174891939387523,0.31350070526994434,127.29160070752923,1.0,0.038344702547022935
as-often crowd M2 (200 draws),"ADDED AFTER the run; unregistered sensitivity, never a verdict layer",92,2026092402,0.5774605762647983,0.29510126940901543,0.3134964959191022,127.28496094147754,1.0,0.03835777824700462
as-often crowd M2 (200 draws),"ADDED AFTER the run; unregistered sensitivity, never a verdict layer",93,2026092402,0.5975017276352563,0.3142402451702406,0.3134966317046133,127.2947768962496,1.0,0.03932104782495045
as-often crowd M2 (200 draws),"ADDED AFTER the run; unregistered sensitivity, never a verdict layer",94,2026092402,0.6052454821317965,0.32253955917895494,0.31350640826140774,127.28905814353726,1.0,0.037743918958280054
as-often crowd M2 (200 draws),"ADDED AFTER the run; unregistered sensitivity, never a verdict layer",95,2026092402,0.6315692656883062,0.34894590662855046,0.31351537010513597,127.27330233285228,1.0,0.03835027176343382
as-often crowd M2 (200 draws),"ADDED AFTER the run; unregistered sensitivity, never a verdict layer",96,2026092402,0.6208959743221236,0.33873347080118765,0.3135101423629612,127.28754296402141,1.0,0.03806375692277974
as-often crowd M2 (200 draws),"ADDED AFTER the run; unregistered sensitivity, never a verdict layer",97,2026092402,0.5988758515093691,0.3161409918660652,0.3135133333224705,127.271817907967,1.0,0.03821084319216211
as-often crowd M2 (200 draws),"ADDED AFTER the run; unregistered sensitivity, never a verdict layer",98,2026092402,0.6167927125278495,0.3339850527976809,0.31351143232531603,127.26926537498282,1.0,0.03906712042349675
as-often crowd M2 (200 draws),"ADDED AFTER the run; unregistered sensitivity, never a verdict layer",99,2026092402,0.5820784232155647,0.2997539619244165,0.31351699953126844,127.2779984191182,1.0,0.039719331191922086
as-often crowd M2 (200 draws),"ADDED AFTER the run; unregistered sensitivity, never a verdict layer",100,2026092402,0.6024502181452847,0.31977771679914857,0.3135034888729205,127.27704670472923,1.0,0.03871100053967102
as-often crowd M2 (200 draws),"ADDED AFTER the run; unregistered sensitivity, never a verdict layer",101,2026092402,0.6111197539135117,0.32828181193827743,0.31349887216554534,127.2770881728178,1.0,0.039329429395611536
as-often crowd M2 (200 draws),"ADDED AFTER the run; unregistered sensitivity, never a verdict layer",102,2026092402,0.6064077675970215,0.3239629265489475,0.3135049146207864,127.27927557804698,1.0,0.03823352532858171
as-often crowd M2 (200 draws),"ADDED AFTER the run; unregistered sensitivity, never a verdict layer",103,2026092402,0.5937818939438161,0.3117349212800735,0.3135146232848253,127.27375594406638,1.0,0.03911782947347996
as-often crowd M2 (200 draws),"ADDED AFTER the run; unregistered sensitivity, never a verdict layer",104,2026092402,0.5812498835571687,0.29926722131493055,0.3135133333224705,127.26904894006171,1.0,0.0382662811705989
as-often crowd M2 (200 draws),"ADDED AFTER the run; unregistered sensitivity, never a verdict layer",105,2026092402,0.6025408428265715,0.3194745961397513,0.31350158787576604,127.28770800751175,1.0,0.03881951663201663
as-often crowd M2 (200 draws),"ADDED AFTER the run; unregistered sensitivity, never a verdict layer",106,2026092402,0.6200106042640845,0.33707123298718156,0.3135011126264774,127.28599622413653,1.0,0.03872082273166994
as-often crowd M2 (200 draws),"ADDED AFTER the run; unregistered sensitivity, never a verdict layer",107,2026092402,0.6078228061751572,0.3247048566738441,0.31351353700073703,127.27478474655683,1.0,0.03956255132340763
as-often crowd M2 (200 draws),"ADDED AFTER the run; unregistered sensitivity, never a verdict layer",108,2026092402,0.6018992173691518,0.3191848538112948,0.31351075339776086,127.27320559489337,1.0,0.03750691626955639
as-often crowd M2 (200 draws),"ADDED AFTER the run; unregistered sensitivity, never a verdict layer",109,2026092402,0.5921085264545716,0.30973523072508974,0.3135036925511871,127.28285024068892,1.0,0.03955837961067049
as-often crowd M2 (200 draws),"ADDED AFTER the run; unregistered sensitivity, never a verdict layer",110,2026092402,0.6107942407819507,0.32868393516163646,0.31350097684096634,127.29792134584575,1.0,0.039784597639764975
as-often crowd M2 (200 draws),"ADDED AFTER the run; unregistered sensitivity, never a verdict layer",111,2026092402,0.6018887027993483,0.3192278508988102,0.31349927952207846,127.29628403163743,1.0,0.03794185074994055
as-often crowd M2 (200 draws),"ADDED AFTER the run; unregistered sensitivity, never a verdict layer",112,2026092402,0.6000685766149781,0.317328998753389,0.31349805745247916,127.28883096708314,1.0,0.038743939424127266
as-often crowd M2 (200 draws),"ADDED AFTER the run; unregistered sensitivity, never a verdict layer",113,2026092402,0.5963984847513208,0.31356528945635964,0.31351251860940427,127.27473648347983,1.0,0.038537724234753594
as-often crowd M2 (200 draws),"ADDED AFTER the run; unregistered sensitivity, never a verdict layer",114,2026092402,0.6029842822703615,0.3198355725303029,0.31350898818611744,127.27391742529922,1.0,0.03937103875536548
as-often crowd M2 (200 draws),"ADDED AFTER the run; unregistered sensitivity, never a verdict layer",115,2026092402,0.6202805284736095,0.33766181625054487,0.3135167279602464,127.26436507949798,1.0,0.03835855120475601
as-often crowd M2 (200 draws),"ADDED AFTER the run; unregistered sensitivity, never a verdict layer",116,2026092402,0.5998111834729998,0.3175979214796517,0.3135031494091429,127.28677856874609,1.0,0.03830585563178285
as-often crowd M2 (200 draws),"ADDED AFTER the run; unregistered sensitivity, never a verdict layer",117,2026092402,0.6205331287948938,0.3382730691109479,0.3135170674240239,127.27074074799485,1.0,0.038089768609831286
as-often crowd M2 (200 draws),"ADDED AFTER the run; unregistered sensitivity, never a verdict layer",118,2026092402,0.5976495449560988,0.3143481874205215,0.3134977179887016,127.28275671740418,1.0,0.0381194067927467
as-often crowd M2 (200 draws),"ADDED AFTER the run; unregistered sensitivity, never a verdict layer",119,2026092402,0.600980760377442,0.31852723395986315,0.31350606879763016,127.27476571364643,1.0,0.03820761397641146
as-often crowd M2 (200 draws),"ADDED AFTER the run; unregistered sensitivity, never a verdict layer",120,2026092402,0.6097807422754528,0.3272189469705063,0.3135045751570088,127.27793092157711,1.0,0.038748547960821576
as-often crowd M2 (200 draws),"ADDED AFTER the run; unregistered sensitivity, never a verdict layer",121,2026092402,0.6122565242560506,0.32884731433518216,0.3135083092585622,127.28436233018542,1.0,0.03806484571644882
as-often crowd M2 (200 draws),"ADDED AFTER the run; unregistered sensitivity, never a verdict layer",122,2026092402,0.6085821756863666,0.32644368400884743,0.3135251466619305,127.2581049187015,1.0,0.038278698304679545
as-often crowd M2 (200 draws),"ADDED AFTER the run; unregistered sensitivity, never a verdict layer",123,2026092402,0.5917968404526575,0.3099627262928911,0.3135066798324298,127.27799873670594,1.0,0.03804620290514166
as-often crowd M2 (200 draws),"ADDED AFTER the run; unregistered sensitivity, never a verdict layer",124,2026092402,0.5964634616782165,0.3148913537091301,0.31350247048158775,127.27488885340858,1.0,0.037107267326213784
as-often crowd M2 (200 draws),"ADDED AFTER the run; unregistered sensitivity, never a verdict layer",125,2026092402,0.6118117743577712,0.3296986974887826,0.31350084105545534,127.28461662399212,1.0,0.03670356976335486
as-often crowd M2 (200 draws),"ADDED AFTER the run; unregistered sensitivity, never a verdict layer",126,2026092402,0.61866866257935,0.336473264138853,0.3135140801427812,127.28349589535428,1.0,0.0380362095758485
as-often crowd M2 (200 draws),"ADDED AFTER the run; unregistered sensitivity, never a verdict layer",127,2026092402,0.6158107821682727,0.3336386827149976,0.3135235172357981,127.26391544321027,1.0,0.03837222924678475
as-often crowd M2 (200 draws),"ADDED AFTER the run; unregistered sensitivity, never a verdict layer",128,2026092402,0.6109417976788637,0.32876663638021536,0.3135167279602463,127.27480902108928,1.0,0.03803827041443555
as-often crowd M2 (200 draws),"ADDED AFTER the run; unregistered sensitivity, never a verdict layer",129,2026092402,0.604467597943638,0.3227729235003153,0.3134990079510564,127.28281981259427,1.0,0.039518473168308296
as-often crowd M2 (200 draws),"ADDED AFTER the run; unregistered sensitivity, never a verdict layer",130,2026092402,0.6084845827121451,0.3263264980727756,0.31351686374575743,127.26081356960883,1.0,0.037934092348670644
as-often crowd M2 (200 draws),"ADDED AFTER the run; unregistered sensitivity, never a verdict layer",131,2026092402,0.607120629885866,0.3249093828025044,0.3135066798324298,127.27874559642305,1.0,0.03891222314259882
as-often crowd M2 (200 draws),"ADDED AFTER the run; unregistered sensitivity, never a verdict layer",132,2026092402,0.6200992020775699,0.33736358280101797,0.31350837715131774,127.27603187084158,1.0,0.03857981246074886
as-often crowd M2 (200 draws),"ADDED AFTER the run; unregistered sensitivity, never a verdict layer",133,2026092402,0.5965648768675749,0.3140960208940661,0.31351876474291185,127.29282109853548,1.0,0.038740081158928186
as-often crowd M2 (200 draws),"ADDED AFTER the run; unregistered sensitivity, never a verdict layer",134,2026092402,0.5919680748823275,0.30961300416645093,0.31350681561794086,127.27861288849378,1.0,0.03928533762755602
as-often crowd M2 (200 draws),"ADDED AFTER the run; unregistered sensitivity, never a verdict layer",135,2026092402,0.5900733210585112,0.30793664929857123,0.3135188326356674,127.27564194387347,1.0,0.038078293510362175
as-often crowd M2 (200 draws),"ADDED AFTER the run; unregistered sensitivity, never a verdict layer",136,2026092402,0.6091676798108147,0.32607554945836476,0.3135091918643839,127.290282985906,1.0,0.03851019725786277
as-often crowd M2 (200 draws),"ADDED AFTER the run; unregistered sensitivity, never a verdict layer",137,2026092402,0.5906361244950769,0.3076814605417461,0.313507494545496,127.28084176179466,1.0,0.03894005808535745
as-often crowd M2 (200 draws),"ADDED AFTER the run; unregistered sensitivity, never a verdict layer",138,2026092402,0.5951041208387297,0.31304866548874144,0.3135042356932312,127.2878916483666,1.0,0.03836354465994418
as-often crowd M2 (200 draws),"ADDED AFTER the run; unregistered sensitivity, never a verdict layer",139,2026092402,0.6325173065442756,0.349683326506649,0.3135040999077202,127.27751309964651,1.0,0.03840102632580257
as-often crowd M2 (200 draws),"ADDED AFTER the run; unregistered sensitivity, never a verdict layer",140,2026092402,0.6048351655526074,0.3222080331652787,0.31350932764989503,127.25460593760998,1.0,0.03911285973968938
as-often crowd M2 (200 draws),"ADDED AFTER the run; unregistered sensitivity, never a verdict layer",141,2026092402,0.6079867842259935,0.3250529038990942,0.3135178142443346,127.26252289703427,1.0,0.03916074163694317
as-often crowd M2 (200 draws),"ADDED AFTER the run; unregistered sensitivity, never a verdict layer",142,2026092402,0.5842413952307971,0.30169634186805216,0.31350593301211915,127.28981338372658,1.0,0.038514495641086055
as-often crowd M2 (200 draws),"ADDED AFTER the run; unregistered sensitivity, never a verdict layer",143,2026092402,0.593722339732886,0.3111733752049869,0.3134966995973688,127.28895712848613,1.0,0.03886971557075561
as-often crowd M2 (200 draws),"ADDED AFTER the run; unregistered sensitivity, never a verdict layer",144,2026092402,0.6035121547985552,0.32144441787650546,0.3135119075746046,127.28202693796663,1.0,0.03878922038255844
as-often crowd M2 (200 draws),"ADDED AFTER the run; unregistered sensitivity, never a verdict layer",145,2026092402,0.6025091142559911,0.3198970824614046,0.31350817347305115,127.27998224187068,1.0,0.038948419526010476
as-often crowd M2 (200 draws),"ADDED AFTER the run; unregistered sensitivity, never a verdict layer",146,2026092402,0.5936380132795351,0.31145141877576527,0.3134964280263467,127.29132904721632,1.0,0.04000997071157616
as-often crowd M2 (200 draws),"ADDED AFTER the run; unregistered sensitivity, never a verdict layer",147,2026092402,0.5949528162586866,0.3131741097100347,0.31350858082958427,127.28082549627118,1.0,0.03846241302223205
as-often crowd M2 (200 draws),"ADDED AFTER the run; unregistered sensitivity, never a verdict layer",148,2026092402,0.5948118564020992,0.3121089566261474,0.31350090894821087,127.28590317754838,1.0,0.03855582674078903
as-often crowd M2 (200 draws),"ADDED AFTER the run; unregistered sensitivity, never a verdict layer",149,2026092402,0.6075299543148589,0.3256280856440367,0.3135097350064281,127.26373045310389,1.0,0.03845642438259574
as-often crowd M2 (200 draws),"ADDED AFTER the run; unregistered sensitivity, never a verdict layer",150,2026092402,0.6025117696853246,0.3203470066044507,0.3135040320149647,127.27112241449167,1.0,0.03816281751095149
as-often crowd M2 (200 draws),"ADDED AFTER the run; unregistered sensitivity, never a verdict layer",151,2026092402,0.6120910005067072,0.3300566681989829,0.313489638750795,127.29600471619949,1.0,0.038228674689610484
as-often crowd M2 (200 draws),"ADDED AFTER the run; unregistered sensitivity, never a verdict layer",152,2026092402,0.5905575115896142,0.30817337416957424,0.3135030136236319,127.27289087579638,1.0,0.038952958677206294
as-often crowd M2 (200 draws),"ADDED AFTER the run; unregistered sensitivity, never a verdict layer",153,2026092402,0.6003146963266223,0.3174865278794229,0.31350593301211915,127.28309032953229,1.0,0.03934456902884229
as-often crowd M2 (200 draws),"ADDED AFTER the run; unregistered sensitivity, never a verdict layer",154,2026092402,0.6005075428459477,0.3180250044140827,0.31350769822376257,127.29793132339833,1.0,0.03901972631337314
as-often crowd M2 (200 draws),"ADDED AFTER the run; unregistered sensitivity, never a verdict layer",155,2026092402,0.6142249515144692,0.3315538255443299,0.3135045751570088,127.2859239525168,1.0,0.03907208957641602
as-often crowd M2 (200 draws),"ADDED AFTER the run; unregistered sensitivity, never a verdict layer",156,2026092402,0.6114400798329543,0.32913357476243543,0.31350138419749946,127.28240573635821,1.0,0.03956170276444653
as-often crowd M2 (200 draws),"ADDED AFTER the run; unregistered sensitivity, never a verdict layer",157,2026092402,0.6044709357659899,0.3216158241021107,0.3135181537081122,127.28001079419884,1.0,0.03890668459133743
as-often crowd M2 (200 draws),"ADDED AFTER the run; unregistered sensitivity, never a verdict layer",158,2026092402,0.6185534497423346,0.33584472247723607,0.3135190363139339,127.26774428723148,1.0,0.03727941337291302
as-often crowd M2 (200 draws),"ADDED AFTER the run; unregistered sensitivity, never a verdict layer",159,2026092402,0.5951345006734987,0.3126175800733734,0.3135019273395436,127.29665742684271,1.0,0.03771565562667227
as-often crowd M2 (200 draws),"ADDED AFTER the run; unregistered sensitivity, never a verdict layer",160,2026092402,0.598460131089419,0.31584961171312675,0.3135044393714978,127.28658933413027,1.0,0.037782487252151636
as-often crowd M2 (200 draws),"ADDED AFTER the run; unregistered sensitivity, never a verdict layer",161,2026092402,0.6058388953847911,0.32334882392809305,0.31349425545817017,127.29313545641372,1.0,0.03767456446053399
as-often crowd M2 (200 draws),"ADDED AFTER the run; unregistered sensitivity, never a verdict layer",162,2026092402,0.5976805952331973,0.31483551186331193,0.3135058651193636,127.27734832839603,1.0,0.03831158748483811
as-often crowd M2 (200 draws),"ADDED AFTER the run; unregistered sensitivity, never a verdict layer",163,2026092402,0.6022733519705217,0.3195179900974974,0.3135292202272615,127.25975752259252,1.0,0.03831219831412122
as-often crowd M2 (200 draws),"ADDED AFTER the run; unregistered sensitivity, never a verdict layer",164,2026092402,0.6060171972501357,0.32378533768804985,0.31350287783812086,127.29218189122399,1.0,0.0394803035936919
as-often crowd M2 (200 draws),"ADDED AFTER the run; unregistered sensitivity, never a verdict layer",165,2026092402,0.6106993961939926,0.3279100496343534,0.3134986005945232,127.27906736787612,1.0,0.03904922863956604
as-often crowd M2 (200 draws),"ADDED AFTER the run; unregistered sensitivity, never a verdict layer",166,2026092402,0.6205911643371239,0.3377098824280499,0.31350213101781016,127.29472728536776,1.0,0.03798135311615884
as-often crowd M2 (200 draws),"ADDED AFTER the run; unregistered sensitivity, never a verdict layer",167,2026092402,0.5879121830319518,0.3053661840996995,0.31350647615416327,127.2796288438611,1.0,0.039310501049013444
as-often crowd M2 (200 draws),"ADDED AFTER the run; unregistered sensitivity, never a verdict layer",168,2026092402,0.606238411773346,0.32366700993342024,0.3135076303310071,127.28704538670286,1.0,0.03800624078408052
as-often crowd M2 (200 draws),"ADDED AFTER the run; unregistered sensitivity, never a verdict layer",169,2026092402,0.6135908818034099,0.33032020002748114,0.31350769822376257,127.27701538800996,1.0,0.03948056279221862
as-often crowd M2 (200 draws),"ADDED AFTER the run; unregistered sensitivity, never a verdict layer",170,2026092402,0.6080069365275295,0.32502817167152653,0.31350681561794086,127.27392521232169,1.0,0.03776942388997758
as-often crowd M2 (200 draws),"ADDED AFTER the run; unregistered sensitivity, never a verdict layer",171,2026092402,0.5916382500642652,0.30873829034399436,0.31349860059452334,127.28770957784761,1.0,0.038494606237585424
as-often crowd M2 (200 draws),"ADDED AFTER the run; unregistered sensitivity, never a verdict layer",172,2026092402,0.5874887363720257,0.3049396209541782,0.3134897066435506,127.3013547438278,1.0,0.040100055767013
as-often crowd M2 (200 draws),"ADDED AFTER the run; unregistered sensitivity, never a verdict layer",173,2026092402,0.5907536685185263,0.3084119824863579,0.31352453562713084,127.27083097827911,1.0,0.03779998778675677
as-often crowd M2 (200 draws),"ADDED AFTER the run; unregistered sensitivity, never a verdict layer",174,2026092402,0.6048243472976385,0.32219595184549943,0.31351991891975567,127.26329300537843,1.0,0.03854959104522215
as-often crowd M2 (200 draws),"ADDED AFTER the run; unregistered sensitivity, never a verdict layer",175,2026092402,0.5997639768044075,0.31774333284424633,0.31353098543890495,127.26187191791891,1.0,0.03842739971758539
as-often crowd M2 (200 draws),"ADDED AFTER the run; unregistered sensitivity, never a verdict layer",176,2026092402,0.6150240338882216,0.33271421237226834,0.31350756243825156,127.27475669783043,1.0,0.039113079965558524
as-often crowd M2 (200 draws),"ADDED AFTER the run; unregistered sensitivity, never a verdict layer",177,2026092402,0.5894893147164093,0.30642447845682635,0.31351591324718014,127.27000742167853,1.0,0.03871466372270325
as-often crowd M2 (200 draws),"ADDED AFTER the run; unregistered sensitivity, never a verdict layer",178,2026092402,0.5756823284228745,0.29361937476930783,0.31350145209025504,127.2698346779068,1.0,0.03792188059679513
as-often crowd M2 (200 draws),"ADDED AFTER the run; unregistered sensitivity, never a verdict layer",179,2026092402,0.6094681335717529,0.32678807306831853,0.3135108891832719,127.28185876376256,1.0,0.038115856316633015
as-often crowd M2 (200 draws),"ADDED AFTER the run; unregistered sensitivity, never a verdict layer",180,2026092402,0.6233267556330786,0.3407275251703831,0.31350769822376257,127.27985473778972,1.0,0.03826956768427504
as-often crowd M2 (200 draws),"ADDED AFTER the run; unregistered sensitivity, never a verdict layer",181,2026092402,0.6097939677538415,0.32791890884132646,0.31352120888211044,127.26845971944023,1.0,0.037304491294615355
as-often crowd M2 (200 draws),"ADDED AFTER the run; unregistered sensitivity, never a verdict layer",182,2026092402,0.599658532590354,0.3179630737450199,0.31351048182673874,127.27769757617759,1.0,0.03867397213046841
as-often crowd M2 (200 draws),"ADDED AFTER the run; unregistered sensitivity, never a verdict layer",183,2026092402,0.6121125452573191,0.3293189002179246,0.3135098028991836,127.27522409276736,1.0,0.037993200541998964
as-often crowd M2 (200 draws),"ADDED AFTER the run; unregistered sensitivity, never a verdict layer",184,2026092402,0.6111456551066219,0.3283575001110749,0.31352039416904426,127.2543667132295,1.0,0.03917406202027469
as-often crowd M2 (200 draws),"ADDED AFTER the run; unregistered sensitivity, never a verdict layer",185,2026092402,0.6038962230984392,0.3213418884411776,0.3135174068878015,127.25738511204024,1.0,0.036995274623400194
as-often crowd M2 (200 draws),"ADDED AFTER the run; unregistered sensitivity, never a verdict layer",186,2026092402,0.6243572022735696,0.34149425517117044,0.31349024978559464,127.29968754701143,1.0,0.03792583454919649
as-often crowd M2 (200 draws),"ADDED AFTER the run; unregistered sensitivity, never a verdict layer",187,2026092402,0.599908993712412,0.31705330154969863,0.3135002300206557,127.2870658225059,1.0,0.0388881188847838
as-often crowd M2 (200 draws),"ADDED AFTER the run; unregistered sensitivity, never a verdict layer",188,2026092402,0.5987242311986087,0.3161167881449644,0.31351828949362326,127.27847432540956,1.0,0.03939152583260681
as-often crowd M2 (200 draws),"ADDED AFTER the run; unregistered sensitivity, never a verdict layer",189,2026092402,0.584984961592671,0.30245124821615,0.31349819323799016,127.29464731831075,1.0,0.03879178352156447
as-often crowd M2 (200 draws),"ADDED AFTER the run; unregistered sensitivity, never a verdict layer",190,2026092402,0.5939551700328558,0.31203505902639467,0.31351679585300185,127.27265119502569,1.0,0.038433036858918836
as-often crowd M2 (200 draws),"ADDED AFTER the run; unregistered sensitivity, never a verdict layer",191,2026092402,0.6052679893285812,0.32311710930890325,0.31351265439491527,127.27293405427041,1.0,0.038564776927702875
as-often crowd M2 (200 draws),"ADDED AFTER the run; unregistered sensitivity, never a verdict layer",192,2026092402,0.589160127242141,0.30659355348764084,0.3135066798324298,127.28143957416358,1.0,0.038180902727021716
as-often crowd M2 (200 draws),"ADDED AFTER the run; unregistered sensitivity, never a verdict layer",193,2026092402,0.609153281266875,0.3265017400879635,0.3134962243480802,127.27986282630505,1.0,0.03901400773272065
as-often crowd M2 (200 draws),"ADDED AFTER the run; unregistered sensitivity, never a verdict layer",194,2026092402,0.6036225049682138,0.32120421508821423,0.31350145209025504,127.28559537529945,1.0,0.038758029607601184
as-often crowd M2 (200 draws),"ADDED AFTER the run; unregistered sensitivity, never a verdict layer",195,2026092402,0.5947992111413056,0.3129600016597801,0.31351441960655874,127.27471986071724,1.0,0.038649448902927354
as-often crowd M2 (200 draws),"ADDED AFTER the run; unregistered sensitivity, never a verdict layer",196,2026092402,0.5837100890052499,0.30150288477270065,0.31349473070745876,127.29949283717319,1.0,0.03864819461790896
as-often crowd M2 (200 draws),"ADDED AFTER the run; unregistered sensitivity, never a verdict layer",197,2026092402,0.611443257023483,0.32951865261930247,0.3135216162386436,127.27285903843794,1.0,0.03714744488560264
as-often crowd M2 (200 draws),"ADDED AFTER the run; unregistered sensitivity, never a verdict layer",198,2026092402,0.6047611858676076,0.32278293397068275,0.31350572933385257,127.276478952215,1.0,0.039339830273378666
as-often crowd M2 (200 draws),"ADDED AFTER the run; unregistered sensitivity, never a verdict layer",199,2026092402,0.6003242350976834,0.31808168730047137,0.31350477883527533,127.28365278932652,1.0,0.03855123615988836
as-often crowd M2 (200 draws),"ADDED AFTER the run; unregistered sensitivity, never a verdict layer",200,2026092402,0.6196330090227371,0.3382834482101305,0.31350213101781016,127.26573964843374,1.0,0.0385340202113302
