base,model,universe,selection,concentration,cost,variant,cagr,sharpe,vol,max_dd,turnover_py,rebal_py
20260930,random,pit,argmax_conf,top1,0.0,primary,-0.040546009195239985,0.113377754408847,0.41311598800037924,-0.9745818869523261,9.530615270570793,4.81945885841364
20260930,random,pit,argmax_conf,top1,5.0,primary,-0.0428298985013309,0.10760687298529166,0.41312513579364807,-0.9748725931696182,9.530615270570793,4.81945885841364
20260930,random,pit,argmax_conf,top1,10.0,primary,-0.0451094770048418,0.10183555838450795,0.4131370777192259,-0.9751601175610751,9.530615270570793,4.81945885841364
20260930,random,pit,argmax_conf,top1,20.0,primary,-0.04965572566227827,0.09029209839794096,0.4131693429415081,-0.9757257535719083,9.530615270570793,4.81945885841364
20260930,random,pit,argmax_conf,top1,0.0,stress,-0.07690182654449151,0.03363375844390673,0.42478248491493653,-0.9798135821794735,9.530615270570793,4.81945885841364
20260930,random,pit,argmax_conf,top1,5.0,stress,-0.0790991742725039,0.02802315043035959,0.4247906566721438,-0.9801489711802238,9.530615270570793,4.81945885841364
20260930,random,pit,argmax_conf,top1,10.0,stress,-0.08129237454370641,0.022412614902709797,0.4248015458779132,-0.9804789502623503,9.530615270570793,4.81945885841364
20260930,random,pit,argmax_conf,top1,20.0,stress,-0.08566635586222082,0.01119219195913207,0.42483147574715424,-0.9811230159533223,9.530615270570793,4.81945885841364
20260930,random,pit,argmax_conf,top1,0.0,cost_v1,-0.040546009195239985,0.113377754408847,0.41311598800037924,-0.9745818869523261,9.530615270570793,4.81945885841364
20260930,random,pit,argmax_conf,top1,5.0,cost_v1,-0.042861182930714836,0.1075304848338371,0.4131289305709584,-0.9748713908772194,9.530615270570793,4.81945885841364
20260930,random,pit,argmax_conf,top1,10.0,cost_v1,-0.04517192769968659,0.10168287623634628,0.4131447391283385,-0.9751577393144641,9.530615270570793,4.81945885841364
20260930,random,pit,argmax_conf,top1,20.0,cost_v1,-0.04978015535901936,0.08998712917449679,0.4131849528280233,-0.9757211007838544,9.530615270570793,4.81945885841364
20260930,random,pit,argmax_conf,top10_ew,0.0,primary,0.0736884956187338,0.411339402991127,0.24859426833148238,-0.6718903022618166,9.490055445364618,4.81945885841364
20260930,random,pit,argmax_conf,top10_ew,5.0,primary,0.07114355100995429,0.4017742522274275,0.24859262957670566,-0.6725460296567807,9.490055445364618,4.81945885841364
20260930,random,pit,argmax_conf,top10_ew,10.0,primary,0.06860339441132068,0.39220170828407275,0.2485955969415459,-0.6732007737066936,9.490055445364618,4.81945885841364
20260930,random,pit,argmax_conf,top10_ew,20.0,primary,0.06353741857147988,0.37303657233006976,0.24861534911434358,-0.6745073157052369,9.490055445364618,4.81945885841364
20260930,random,pit,argmax_conf,top10_ew,0.0,stress,0.0564281280618768,0.3456073390572645,0.24964551915860583,-0.6718903022618166,9.504878056152972,4.81945885841364
20260930,random,pit,argmax_conf,top10_ew,5.0,stress,0.05392018817312083,0.33606798339597943,0.24964321612225562,-0.6725460296567807,9.504878056152972,4.81945885841364
20260930,random,pit,argmax_conf,top10_ew,10.0,stress,0.05141697437343651,0.3265224351901092,0.24964551299499727,-0.6732007737066936,9.504878056152972,4.81945885841364
20260930,random,pit,argmax_conf,top10_ew,20.0,stress,0.04642469866777943,0.3074148739038142,0.24966390570568237,-0.6745073157052369,9.504878056152972,4.81945885841364
20260930,random,pit,argmax_conf,top10_ew,0.0,cost_v1,0.0736884956187338,0.411339402991127,0.24859426833148238,-0.6718903022618166,9.490055445364618,4.81945885841364
20260930,random,pit,argmax_conf,top10_ew,5.0,cost_v1,0.07110463899776565,0.4016261076946697,0.24859541544469593,-0.6725473141396747,9.490055445364618,4.81945885841364
20260930,random,pit,argmax_conf,top10_ew,10.0,cost_v1,0.06852571254100681,0.39190539233750665,0.2486013261720896,-0.6732033389049659,9.490055445364618,4.81945885841364
20260930,random,pit,argmax_conf,top10_ew,20.0,cost_v1,0.0633826223371361,0.37244394180256396,0.24862743683664085,-0.6745124310538129,9.490055445364618,4.81945885841364
20260930,random,pit,fixed_1d,top1,0.0,primary,-0.07274472937504217,0.04853964816679472,0.43896740010399365,-0.9523453562185554,502.3608969607116,251.47828020756114
20260930,random,pit,fixed_1d,top1,5.0,primary,-0.18220860962621355,-0.23823502158999124,0.4387509605570438,-0.9904539509468624,502.3608969607116,251.47828020756114
20260930,random,pit,fixed_1d,top1,10.0,primary,-0.2787954318279299,-0.5252925876344418,0.4385346713476791,-0.9989022578938344,502.3608969607116,251.47828020756114
20260930,random,pit,fixed_1d,top1,20.0,primary,-0.4391995367732544,-1.100256899675496,0.43810254483220207,-0.9999855308616135,502.3608969607116,251.47828020756114
20260930,random,pit,fixed_1d,top1,0.0,stress,-0.12494587261480938,-0.06043583917384786,0.4553485900090472,-0.9523453562185554,502.3608969607116,251.47828020756114
20260930,random,pit,fixed_1d,top1,5.0,stress,-0.22824732934185132,-0.33693386225251104,0.4551051478561552,-0.9942848887362359,502.3608969607116,251.47828020756114
20260930,random,pit,fixed_1d,top1,10.0,stress,-0.31939666016384494,-0.6137276695164896,0.45486183874108543,-0.9993630292314867,502.3608969607116,251.47828020756114
20260930,random,pit,fixed_1d,top1,20.0,stress,-0.470770589790938,-1.1682035620034243,0.4543756204791659,-0.9999928846826565,502.3608969607116,251.47828020756114
20260930,random,pit,fixed_1d,top1,0.0,cost_v1,-0.07274472937504217,0.04853964816679472,0.43896740010399365,-0.9523453562185554,502.3608969607116,251.47828020756114
20260930,random,pit,fixed_1d,top1,5.0,cost_v1,-0.1824014759977174,-0.23843581194900165,0.4389674103266556,-0.9904904438414123,502.3608969607116,251.47828020756114
20260930,random,pit,fixed_1d,top1,10.0,cost_v1,-0.2791357365055578,-0.5254112217167132,0.4389674514467593,-0.9989106391640036,502.3608969607116,251.47828020756114
20260930,random,pit,fixed_1d,top1,20.0,cost_v1,-0.4397291746290083,-1.0993616478173585,0.43896762637925113,-0.9999857511904515,502.3608969607116,251.47828020756114
20260930,random,pit,fixed_1d,top10_ew,0.0,primary,0.02686257377936263,0.23286547523688444,0.26218976532247396,-0.5634724236885166,497.84625082867865,251.47828020756114
20260930,random,pit,fixed_1d,top10_ew,5.0,primary,-0.09333685353498511,-0.24295120009826043,0.2620608068269792,-0.8671351917133315,497.84625082867865,251.47828020756114
20260930,random,pit,fixed_1d,top10_ew,10.0,primary,-0.19951573672154377,-0.7192356791002356,0.2619321104515216,-0.9845366875658345,497.84625082867865,251.47828020756114
20260930,random,pit,fixed_1d,top10_ew,20.0,primary,-0.3761417024040352,-1.6732050711666469,0.26167550560691083,-0.9998421046502962,497.84625082867865,251.47828020756114
20260930,random,pit,fixed_1d,top10_ew,0.0,stress,0.008365724289560283,0.16386514701325663,0.26333740795150395,-0.5634724236885166,497.86285877080104,251.47828020756114
20260930,random,pit,fixed_1d,top10_ew,5.0,stress,-0.1096722521951079,-0.3098953086726476,0.2632070595792023,-0.8989957577427727,497.86285877080104,251.47828020756114
20260930,random,pit,fixed_1d,top10_ew,10.0,stress,-0.21394137313466577,-0.7841244625886384,0.26307697164977173,-0.988804676879196,497.86285877080104,251.47828020756114
20260930,random,pit,fixed_1d,top10_ew,20.0,stress,-0.3873894398849054,-1.7339859967144013,0.26281757866569966,-0.9998871622760397,497.86285877080104,251.47828020756114
20260930,random,pit,fixed_1d,top10_ew,0.0,cost_v1,0.02686257377936263,0.23286547523688444,0.26218976532247396,-0.5634724236885166,497.84625082867865,251.47828020756114
20260930,random,pit,fixed_1d,top10_ew,5.0,cost_v1,-0.09449868281841867,-0.24759902232581324,0.2621897661156236,-0.8700405167668708,497.84625082867865,251.47828020756114
20260930,random,pit,fixed_1d,top10_ew,10.0,cost_v1,-0.20156694781752293,-0.728063373335951,0.26218981863836494,-0.9852041944808924,497.84625082867865,251.47828020756114
20260930,random,pit,fixed_1d,top10_ew,20.0,cost_v1,-0.37933791455935995,-1.688990498163906,0.2621900788724679,-0.9998562645285269,497.84625082867865,251.47828020756114
20260930,random,pit,fixed_21d,top1,0.0,primary,0.006170222412654303,0.232660285510985,0.45241094803906584,-0.7737972101043193,23.880689399555227,12.021571534469977
20260930,random,pit,fixed_21d,top1,5.0,primary,0.0001796237383620003,0.2194390927325666,0.45240959130647745,-0.7883539446149048,23.880689399555227,12.021571534469977
20260930,random,pit,fixed_21d,top1,10.0,primary,-0.0057782617006516546,0.20621496460123495,0.45241450037804287,-0.8019804816728614,23.880689399555227,12.021571534469977
20260930,random,pit,fixed_21d,top1,20.0,primary,-0.01759654214818962,0.17976010099665077,0.4524431148574951,-0.8266753294319773,23.880689399555227,12.021571534469977
20260930,random,pit,fixed_21d,top1,0.0,stress,-0.05047354933787063,0.12048795629428113,0.4683568778415517,-0.894055540378365,23.880689399555227,12.021571534469977
20260930,random,pit,fixed_21d,top1,5.0,stress,-0.05612689881078847,0.10771713434470243,0.4683530921533484,-0.9009476729408518,23.880689399555227,12.021571534469977
20260930,random,pit,fixed_21d,top1,10.0,stress,-0.06174937668614533,0.09494487896115335,0.4683553589780437,-0.9073945429381948,23.880689399555227,12.021571534469977
20260930,random,pit,fixed_21d,top1,20.0,stress,-0.07290233036765292,0.06939804873350779,0.46837804957998264,-0.9190649375688074,23.880689399555227,12.021571534469977
20260930,random,pit,fixed_21d,top1,0.0,cost_v1,0.006170222412654303,0.232660285510985,0.45241094803906584,-0.7737972101043193,23.880689399555227,12.021571534469977
20260930,random,pit,fixed_21d,top1,5.0,cost_v1,0.0001354090944638564,0.21934584824465003,0.4524184161105176,-0.7884401889349961,23.880689399555227,12.021571534469977
20260930,random,pit,fixed_21d,top1,10.0,cost_v1,-0.00586620501130275,0.2060289641477482,0.45243222249379716,-0.802141892695206,23.880689399555227,12.021571534469977
20260930,random,pit,fixed_21d,top1,20.0,cost_v1,-0.017770499395730166,0.1793900961002591,0.45247884760868606,-0.8269579900694656,23.880689399555227,12.021571534469977
20260930,random,pit,fixed_21d,top10_ew,0.0,primary,0.05051545836226601,0.3204622403400645,0.25675380776793655,-0.5971900310097895,23.827426242470477,12.021571534469977
20260930,random,pit,fixed_21d,top10_ew,5.0,primary,0.04427475053125063,0.297210039038116,0.2567591286192521,-0.5987696713435668,23.827426242470477,12.021571534469977
20260930,random,pit,fixed_21d,top10_ew,10.0,primary,0.03806805402173463,0.2739471114004431,0.2567754062741724,-0.6003438896390276,23.827426242470477,12.021571534469977
20260930,random,pit,fixed_21d,top10_ew,20.0,primary,0.025756021087460113,0.22740100536957752,0.2568408222597418,-0.603690426061215,23.827426242470477,12.021571534469977
20260930,random,pit,fixed_21d,top10_ew,0.0,stress,0.03195526657389114,0.2509601124925743,0.2581883575137506,-0.6076812565761041,23.84351868886187,12.021571534469977
20260930,random,pit,fixed_21d,top10_ew,5.0,stress,0.025820688735462838,0.22782470355885154,0.2581946591420495,-0.6092221418720789,23.84351868886187,12.021571534469977
20260930,random,pit,fixed_21d,top10_ew,10.0,stress,0.01971956651279383,0.20468177729084014,0.2582118682603038,-0.6107577298942081,23.84351868886187,12.021571534469977
20260930,random,pit,fixed_21d,top10_ew,20.0,stress,0.007617025592471904,0.1583851151672548,0.25827899886357575,-0.6140217920655868,23.84351868886187,12.021571534469977
20260930,random,pit,fixed_21d,top10_ew,0.0,cost_v1,0.05051545836226601,0.3204622403400645,0.25675380776793655,-0.5971900310097895,23.827426242470477,12.021571534469977
20260930,random,pit,fixed_21d,top10_ew,5.0,cost_v1,0.04421701154918156,0.29699326217245914,0.2567665703913226,-0.5988258414015797,23.827426242470477,12.021571534469977
20260930,random,pit,fixed_21d,top10_ew,10.0,cost_v1,0.037953202814620335,0.2735147220967771,0.25679050006200355,-0.6004558377476126,23.827426242470477,12.021571534469977
20260930,random,pit,fixed_21d,top10_ew,20.0,cost_v1,0.02552880720172368,0.22654122995181675,0.25687184660524864,-0.6039077101697994,23.827426242470477,12.021571534469977
20260930,random,pit,fixed_126d,top1,0.0,primary,0.08105412985811156,0.39516183841307956,0.41021401861489437,-0.610418814313524,3.953039288361749,2.003595255744996
20260930,random,pit,fixed_126d,top1,5.0,primary,0.07998603380178038,0.39274704843134406,0.410201100871009,-0.6113917938116307,3.953039288361749,2.003595255744996
20260930,random,pit,fixed_126d,top1,10.0,primary,0.0789184703502368,0.39033097736296096,0.41018936955442237,-0.6123628283239639,3.953039288361749,2.003595255744996
20260930,random,pit,fixed_126d,top1,20.0,primary,0.0767849412216921,0.3854950750384584,0.41016946660004816,-0.6142990740583021,3.953039288361749,2.003595255744996
20260930,random,pit,fixed_126d,top1,0.0,stress,0.06037458299306375,0.35041706676408313,0.41614799562925786,-0.610418814313524,3.953039288361749,2.003595255744996
20260930,random,pit,fixed_126d,top1,5.0,stress,0.05932691860786088,0.3480393559042576,0.4161419457147255,-0.6113917938116307,3.953039288361749,2.003595255744996
20260930,random,pit,fixed_126d,top1,10.0,stress,0.05827977663921802,0.34566060762425144,0.4161370615039848,-0.6123628283239642,3.953039288361749,2.003595255744996
20260930,random,pit,fixed_126d,top1,20.0,stress,0.05618705991255313,0.3409000785113606,0.4161307903482667,-0.614299074058302,3.953039288361749,2.003595255744996
20260930,random,pit,fixed_126d,top1,0.0,cost_v1,0.08105412985811156,0.39516183841307956,0.41021401861489437,-0.610418814313524,3.953039288361749,2.003595255744996
20260930,random,pit,fixed_126d,top1,5.0,cost_v1,0.07997692038067905,0.3927264692926209,0.4102022106621616,-0.6113997248046623,3.953039288361749,2.003595255744996
20260930,random,pit,fixed_126d,top1,10.0,cost_v1,0.07890024850216526,0.3902898052563214,0.4101916162912259,-0.6123786586501925,3.953039288361749,2.003595255744996
20260930,random,pit,fixed_126d,top1,20.0,cost_v1,0.07674851753802714,0.38541267822679326,0.4101740686601205,-0.6143306083558251,3.953039288361749,2.003595255744996
20260930,random,pit,fixed_126d,top10_ew,0.0,primary,0.11461420250897825,0.5772943760470131,0.23699053950417276,-0.5207559401917179,3.961897213128516,2.003595255744996
20260930,random,pit,fixed_126d,top10_ew,5.0,primary,0.11351048324185542,0.5731146130116603,0.23698336533902864,-0.5212258788913565,3.961897213128516,2.003595255744996
20260930,random,pit,fixed_126d,top10_ew,10.0,primary,0.1124073188837651,0.5689297087746016,0.23697822722466516,-0.5216955871591096,3.961897213128516,2.003595255744996
20260930,random,pit,fixed_126d,top10_ew,20.0,primary,0.11020265484643965,0.5605449059677203,0.2369740596255517,-0.5226343123989585,3.961897213128516,2.003595255744996
20260930,random,pit,fixed_126d,top10_ew,0.0,stress,0.1029561432402446,0.5308313244034553,0.23861561324109196,-0.5317841207141241,3.9714076640183107,2.003595255744996
20260930,random,pit,fixed_126d,top10_ew,5.0,stress,0.10186134702826433,0.526665418937246,0.23861124165558664,-0.5322457896567305,3.9714076640183107,2.003595255744996
20260930,random,pit,fixed_126d,top10_ew,10.0,stress,0.10076710262449584,0.5224949177593512,0.23860889907576327,-0.5327072309244967,3.9714076640183107,2.003595255744996
20260930,random,pit,fixed_126d,top10_ew,20.0,stress,0.0985802691935993,0.5141405531207353,0.23861030112044146,-0.533629430435508,3.9714076640183107,2.003595255744996
20260930,random,pit,fixed_126d,top10_ew,0.0,cost_v1,0.11461420250897825,0.5772943760470131,0.23699053950417276,-0.5207559401917179,3.961897213128516,2.003595255744996
20260930,random,pit,fixed_126d,top10_ew,5.0,cost_v1,0.11350050864190186,0.5730767651071782,0.23698333984524156,-0.521231951574831,3.961897213128516,2.003595255744996
20260930,random,pit,fixed_126d,top10_ew,10.0,cost_v1,0.1123873723738702,0.5688538545201918,0.23697824118148914,-0.5217077264628087,3.961897213128516,2.003595255744996
20260930,random,pit,fixed_126d,top10_ew,20.0,cost_v1,0.11016277263093821,0.5603925814475023,0.2369743473260909,-0.5226585667533576,3.961897213128516,2.003595255744996
20260930,random,surv,argmax_conf,top1,0.0,primary,0.10273568706570169,0.4494473962260298,0.3701718601212423,-0.6672517734088477,9.963825055596738,4.981912527798369
20260930,random,surv,argmax_conf,top1,5.0,primary,0.09999155751006761,0.44270288952221437,0.37017420219797903,-0.6712218764650624,9.963825055596738,4.981912527798369
20260930,random,surv,argmax_conf,top1,10.0,primary,0.09725289611587162,0.4359545954076607,0.37017983269726684,-0.6751465622972226,9.963825055596738,4.981912527798369
20260930,random,surv,argmax_conf,top1,20.0,primary,0.09179194507539812,0.42244736594961046,0.3702009582756891,-0.6828616659795579,9.963825055596738,4.981912527798369
20260930,random,surv,argmax_conf,top1,0.0,stress,0.10273568706570169,0.4494473962260298,0.3701718601212423,-0.6672517734088477,9.963825055596738,4.981912527798369
20260930,random,surv,argmax_conf,top1,5.0,stress,0.09999155751006761,0.44270288952221437,0.37017420219797903,-0.6712218764650624,9.963825055596738,4.981912527798369
20260930,random,surv,argmax_conf,top1,10.0,stress,0.09725289611587162,0.4359545954076607,0.37017983269726684,-0.6751465622972226,9.963825055596738,4.981912527798369
20260930,random,surv,argmax_conf,top1,20.0,stress,0.09179194507539812,0.42244736594961046,0.3702009582756891,-0.6828616659795579,9.963825055596738,4.981912527798369
20260930,random,surv,argmax_conf,top1,0.0,cost_v1,0.10273568706570169,0.4494473962260298,0.3701718601212423,-0.6672517734088477,9.963825055596738,4.981912527798369
20260930,random,surv,argmax_conf,top1,5.0,cost_v1,0.09998991004648605,0.44269807248402826,0.37017823709010284,-0.6712432072985717,9.963825055596738,4.981912527798369
20260930,random,surv,argmax_conf,top1,10.0,cost_v1,0.0972495995424909,0.4359450896885186,0.3701879186168067,-0.6751887351596035,9.963825055596738,4.981912527798369
20260930,random,surv,argmax_conf,top1,20.0,cost_v1,0.0917853454764106,0.4224288728907262,0.3702171942182471,-0.6829440885317409,9.963825055596738,4.981912527798369
20260930,random,surv,argmax_conf,top10_ew,0.0,primary,0.16676562737282463,0.7105181382293124,0.2681652854101221,-0.5799940130216524,9.8906362995428,4.981912527798369
20260930,random,surv,argmax_conf,top10_ew,5.0,primary,0.16388346668568166,0.7012901243712484,0.2681567228641605,-0.5810429784990072,9.8906362995428,4.981912527798369
20260930,random,surv,argmax_conf,top10_ew,10.0,primary,0.16100700620802644,0.6920499387424697,0.2681526481552246,-0.5820898470946347,9.8906362995428,4.981912527798369
20260930,random,surv,argmax_conf,top10_ew,20.0,primary,0.15527115201606123,0.6735349053885044,0.2681579628414295,-0.5841773062188489,9.8906362995428,4.981912527798369
20260930,random,surv,argmax_conf,top10_ew,0.0,stress,0.16676562737282463,0.7105181382293124,0.2681652854101221,-0.5799940130216524,9.8906362995428,4.981912527798369
20260930,random,surv,argmax_conf,top10_ew,5.0,stress,0.16388346668568166,0.7012901243712484,0.2681567228641605,-0.5810429784990072,9.8906362995428,4.981912527798369
20260930,random,surv,argmax_conf,top10_ew,10.0,stress,0.16100700620802644,0.6920499387424697,0.2681526481552246,-0.5820898470946347,9.8906362995428,4.981912527798369
20260930,random,surv,argmax_conf,top10_ew,20.0,stress,0.15527115201606123,0.6735349053885044,0.2681579628414295,-0.5841773062188489,9.8906362995428,4.981912527798369
20260930,random,surv,argmax_conf,top10_ew,0.0,cost_v1,0.16676562737282463,0.7105181382293124,0.2681652854101221,-0.5799940130216524,9.8906362995428,4.981912527798369
20260930,random,surv,argmax_conf,top10_ew,5.0,cost_v1,0.16386446608590655,0.7012202958383799,0.26816210795809337,-0.5810719348824307,9.8906362995428,4.981912527798369
20260930,random,surv,argmax_conf,top10_ew,10.0,cost_v1,0.1609690726505859,0.6919104622990215,0.26816349243540827,-0.582147642603675,9.8906362995428,4.981912527798369
20260930,random,surv,argmax_conf,top10_ew,20.0,cost_v1,0.1551955549813282,0.673256725437403,0.2681799466626526,-0.5842924292742853,9.8906362995428,4.981912527798369
20260930,random,surv,fixed_1d,top1,0.0,primary,0.32648331381534823,0.7934592404313205,0.4974863344803821,-0.8755694194529234,501.332023721275,251.47828020756114
20260930,random,surv,fixed_1d,top1,5.0,primary,0.17019099925259873,0.5409335120758538,0.4972320516714801,-0.8967275135031878,501.332023721275,251.47828020756114
20260930,random,surv,fixed_1d,top1,10.0,primary,0.03224903887063868,0.2881491595957758,0.4969781316515694,-0.9245427989455806,501.332023721275,251.47828020756114
20260930,random,surv,fixed_1d,top1,20.0,primary,-0.19692120051255158,-0.21819478628354624,0.4964713822045055,-0.9865707209196686,501.332023721275,251.47828020756114
20260930,random,surv,fixed_1d,top1,0.0,stress,0.32648331381534823,0.7934592404313205,0.4974863344803821,-0.8755694194529234,501.332023721275,251.47828020756114
20260930,random,surv,fixed_1d,top1,5.0,stress,0.17019099925259873,0.5409335120758538,0.4972320516714801,-0.8967275135031878,501.332023721275,251.47828020756114
20260930,random,surv,fixed_1d,top1,10.0,stress,0.03224903887063868,0.2881491595957758,0.4969781316515694,-0.9245427989455806,501.332023721275,251.47828020756114
20260930,random,surv,fixed_1d,top1,20.0,stress,-0.19692120051255158,-0.21819478628354624,0.4964713822045055,-0.9865707209196686,501.332023721275,251.47828020756114
20260930,random,surv,fixed_1d,top1,0.0,cost_v1,0.32648331381534823,0.7934592404313205,0.4974863344803821,-0.8755694194529234,501.332023721275,251.47828020756114
20260930,random,surv,fixed_1d,top1,5.0,cost_v1,0.16981947403858988,0.5402405557370173,0.49748626268344986,-0.896897723613892,501.332023721275,251.47828020756114
20260930,random,surv,fixed_1d,top1,10.0,cost_v1,0.03159347708000282,0.2870217822247232,0.4974862181495162,-0.9248540953645732,501.332023721275,251.47828020756114
20260930,random,surv,fixed_1d,top1,20.0,cost_v1,-0.1979415586951645,-0.21941586473261998,0.49748621087067035,-0.9868211603937223,501.332023721275,251.47828020756114
20260930,random,surv,fixed_1d,top10_ew,0.0,primary,0.17193887795717333,0.7418353426423343,0.26003735130649624,-0.5303006314715426,495.3770206776126,251.47828020756114
20260930,random,surv,fixed_1d,top10_ew,5.0,primary,0.03539680148361701,0.2644587505725301,0.2599146185645431,-0.6178838587630209,495.3770206776126,251.47828020756114
20260930,random,surv,fixed_1d,top10_ew,10.0,primary,-0.08529273904512469,-0.2133685847007125,0.2597922609919759,-0.8814529435868829,495.3770206776126,251.47828020756114
20260930,random,surv,fixed_1d,top10_ew,20.0,primary,-0.28623871587000393,-1.1703697330695952,0.25954867347574034,-0.9982424546839412,495.3770206776126,251.47828020756114
20260930,random,surv,fixed_1d,top10_ew,0.0,stress,0.17193887795717333,0.7418353426423343,0.26003735130649624,-0.5303006314715426,495.3770206776126,251.47828020756114
20260930,random,surv,fixed_1d,top10_ew,5.0,stress,0.03539680148361701,0.2644587505725301,0.2599146185645431,-0.6178838587630209,495.3770206776126,251.47828020756114
20260930,random,surv,fixed_1d,top10_ew,10.0,stress,-0.08529273904512469,-0.2133685847007125,0.2597922609919759,-0.8814529435868829,495.3770206776126,251.47828020756114
20260930,random,surv,fixed_1d,top10_ew,20.0,stress,-0.28623871587000393,-1.1703697330695952,0.25954867347574034,-0.9982424546839412,495.3770206776126,251.47828020756114
20260930,random,surv,fixed_1d,top10_ew,0.0,cost_v1,0.17193887795717333,0.7418353426423343,0.26003735130649624,-0.5303006314715426,495.3770206776126,251.47828020756114
20260930,random,surv,fixed_1d,top10_ew,5.0,cost_v1,0.03350020276079335,0.2573939361304537,0.2600372975150811,-0.6192571841061978,495.3770206776126,251.47828020756114
20260930,random,surv,fixed_1d,top10_ew,10.0,cost_v1,-0.08864231742148854,-0.22704762526414993,0.260037295881451,-0.887235178961678,495.3770206776126,251.47828020756114
20260930,random,surv,fixed_1d,top10_ew,20.0,cost_v1,-0.29146158681895484,-1.1959300466817855,0.26003744908751875,-0.9984626795375594,495.3770206776126,251.47828020756114
20260930,random,surv,fixed_21d,top1,0.0,primary,0.09114357277362783,0.41675987103952206,0.4059924016978299,-0.72872336729643,23.934840622683467,12.021571534469977
20260930,random,surv,fixed_21d,top1,5.0,primary,0.08463236534554563,0.4019909415446652,0.40597290455408946,-0.7342292863225834,23.934840622683467,12.021571534469977
20260930,random,surv,fixed_21d,top1,10.0,primary,0.07815679809860043,0.3872138919049414,0.40596043323419084,-0.7396261269372596,23.934840622683467,12.021571534469977
20260930,random,surv,fixed_21d,top1,20.0,primary,0.06531187503151714,0.3576384970079314,0.4059565702912043,-0.7501009651672608,23.934840622683467,12.021571534469977
20260930,random,surv,fixed_21d,top1,0.0,stress,0.09114357277362783,0.41675987103952206,0.4059924016978299,-0.72872336729643,23.934840622683467,12.021571534469977
20260930,random,surv,fixed_21d,top1,5.0,stress,0.08463236534554563,0.4019909415446652,0.40597290455408946,-0.7342292863225834,23.934840622683467,12.021571534469977
20260930,random,surv,fixed_21d,top1,10.0,stress,0.07815679809860043,0.3872138919049414,0.40596043323419084,-0.7396261269372596,23.934840622683467,12.021571534469977
20260930,random,surv,fixed_21d,top1,20.0,stress,0.06531187503151714,0.3576384970079314,0.4059565702912043,-0.7501009651672608,23.934840622683467,12.021571534469977
20260930,random,surv,fixed_21d,top1,0.0,cost_v1,0.09114357277362783,0.41675987103952206,0.4059924016978299,-0.72872336729643,23.934840622683467,12.021571534469977
20260930,random,surv,fixed_21d,top1,5.0,cost_v1,0.08460821567484866,0.40193637755666567,0.4059831132249436,-0.7342160782427518,23.934840622683467,12.021571534469977
20260930,random,surv,fixed_21d,top1,10.0,cost_v1,0.0781087611657223,0.38710547059021666,0.4059808882147619,-0.7396002346762857,23.934840622683467,12.021571534469977
20260930,random,surv,fixed_21d,top1,20.0,cost_v1,0.0652168430591673,0.3574245127090738,0.40599762867836936,-0.7500512158098579,23.934840622683467,12.021571534469977
20260930,random,surv,fixed_21d,top10_ew,0.0,primary,0.1635687661194578,0.712772316075292,0.26025717363710454,-0.5043469816551565,23.652753074558863,12.021571534469977
20260930,random,surv,fixed_21d,top10_ew,5.0,primary,0.15670698598249988,0.6900340465821266,0.2602324774450691,-0.50580954306425,23.652753074558863,12.021571534469977
20260930,random,surv,fixed_21d,top10_ew,10.0,primary,0.149882325720899,0.6672640342195969,0.2602184766358219,-0.5072685071485492,23.652753074558863,12.021571534469977
20260930,random,surv,fixed_21d,top10_ew,20.0,primary,0.13634363483648881,0.6216399852917501,0.2602225667522734,-0.5101756716528992,23.652753074558863,12.021571534469977
20260930,random,surv,fixed_21d,top10_ew,0.0,stress,0.1635687661194578,0.712772316075292,0.26025717363710454,-0.5043469816551565,23.652753074558863,12.021571534469977
20260930,random,surv,fixed_21d,top10_ew,5.0,stress,0.15670698598249988,0.6900340465821266,0.2602324774450691,-0.50580954306425,23.652753074558863,12.021571534469977
20260930,random,surv,fixed_21d,top10_ew,10.0,stress,0.149882325720899,0.6672640342195969,0.2602184766358219,-0.5072685071485492,23.652753074558863,12.021571534469977
20260930,random,surv,fixed_21d,top10_ew,20.0,stress,0.13634363483648881,0.6216399852917501,0.2602225667522734,-0.5101756716528992,23.652753074558863,12.021571534469977
20260930,random,surv,fixed_21d,top10_ew,0.0,cost_v1,0.1635687661194578,0.712772316075292,0.26025717363710454,-0.5043469816551565,23.652753074558863,12.021571534469977
20260930,random,surv,fixed_21d,top10_ew,5.0,cost_v1,0.15660507314433625,0.689687318849281,0.2602369862797914,-0.505838340217904,23.652753074558863,12.021571534469977
20260930,random,surv,fixed_21d,top10_ew,10.0,cost_v1,0.1496796076528164,0.6665705145997727,0.26022781751916346,-0.5073259580169129,23.652753074558863,12.021571534469977
20260930,random,surv,fixed_21d,top10_ew,20.0,cost_v1,0.1359425963712131,0.6202532170049202,0.2602425390468232,-0.5102900013484952,23.652753074558863,12.021571534469977
20260930,random,surv,fixed_126d,top1,0.0,primary,-0.11150416838027533,-0.00028784695964186876,0.4854868449065477,-0.9317826229264496,4.007190511489992,2.003595255744996
20260930,random,surv,fixed_126d,top1,5.0,primary,-0.11239403506805612,-0.0023614244429667228,0.4854800726490454,-0.9328992513046793,4.007190511489992,2.003595255744996
20260930,random,surv,fixed_126d,top1,10.0,primary,-0.11328344910498889,-0.00443505047268538,0.4854743190098297,-0.9339981470134512,4.007190511489992,2.003595255744996
20260930,random,surv,fixed_126d,top1,20.0,primary,-0.11506091926575335,-0.008582395963854877,0.4854658677247154,-0.9361438281150136,4.007190511489992,2.003595255744996
20260930,random,surv,fixed_126d,top1,0.0,stress,-0.11150416838027533,-0.00028784695964186876,0.4854868449065477,-0.9317826229264496,4.007190511489992,2.003595255744996
20260930,random,surv,fixed_126d,top1,5.0,stress,-0.11239403506805612,-0.0023614244429667228,0.4854800726490454,-0.9328992513046793,4.007190511489992,2.003595255744996
20260930,random,surv,fixed_126d,top1,10.0,stress,-0.11328344910498889,-0.00443505047268538,0.4854743190098297,-0.9339981470134512,4.007190511489992,2.003595255744996
20260930,random,surv,fixed_126d,top1,20.0,stress,-0.11506091926575335,-0.008582395963854877,0.4854658677247154,-0.9361438281150136,4.007190511489992,2.003595255744996
20260930,random,surv,fixed_126d,top1,0.0,cost_v1,-0.11150416838027533,-0.00028784695964186876,0.4854868449065477,-0.9317826229264496,4.007190511489992,2.003595255744996
20260930,random,surv,fixed_126d,top1,5.0,cost_v1,-0.11239207762575198,-0.002355198205149989,0.48548175650463055,-0.9328967791751345,4.007190511489992,2.003595255744996
20260930,random,surv,fixed_126d,top1,10.0,cost_v1,-0.11327954240790006,-0.004422583444360328,0.4854776937201842,-0.9339932814875546,4.007190511489992,2.003595255744996
20260930,random,surv,fixed_126d,top1,20.0,cost_v1,-0.11505313858538113,-0.008557403494065694,0.4854726451002004,-0.9361344047413191,4.007190511489992,2.003595255744996
20260930,random,surv,fixed_126d,top10_ew,0.0,primary,0.14554256042926683,0.6519352487128479,0.26125381158668987,-0.524418001362682,3.979399578482067,2.003595255744996
20260930,random,surv,fixed_126d,top10_ew,5.0,primary,0.14440320519457894,0.6481264669469783,0.2612475484818308,-0.5246557923620006,3.979399578482067,2.003595255744996
20260930,random,surv,fixed_126d,top10_ew,10.0,primary,0.14326442527323513,0.6443129055374786,0.26124314927048653,-0.5248935833613195,3.979399578482067,2.003595255744996
20260930,random,surv,fixed_126d,top10_ew,20.0,primary,0.14098859132057195,0.6366717687134001,0.26123994286509655,-0.5253691653599567,3.979399578482067,2.003595255744996
20260930,random,surv,fixed_126d,top10_ew,0.0,stress,0.14554256042926683,0.6519352487128479,0.26125381158668987,-0.524418001362682,3.979399578482067,2.003595255744996
20260930,random,surv,fixed_126d,top10_ew,5.0,stress,0.14440320519457894,0.6481264669469783,0.2612475484818308,-0.5246557923620006,3.979399578482067,2.003595255744996
20260930,random,surv,fixed_126d,top10_ew,10.0,stress,0.14326442527323513,0.6443129055374786,0.26124314927048653,-0.5248935833613195,3.979399578482067,2.003595255744996
20260930,random,surv,fixed_126d,top10_ew,20.0,stress,0.14098859132057195,0.6366717687134001,0.26123994286509655,-0.5253691653599567,3.979399578482067,2.003595255744996
20260930,random,surv,fixed_126d,top10_ew,0.0,cost_v1,0.14554256042926683,0.6519352487128479,0.26125381158668987,-0.524418001362682,3.979399578482067,2.003595255744996
20260930,random,surv,fixed_126d,top10_ew,5.0,cost_v1,0.14439793613573393,0.6481083791695148,0.2612478317308755,-0.5246576859025884,3.979399578482067,2.003595255744996
20260930,random,surv,fixed_126d,top10_ew,10.0,cost_v1,0.1432538849338103,0.64427663407346,0.26124375778022796,-0.5248973704424947,3.979399578482067,2.003595255744996
20260930,random,surv,fixed_126d,top10_ew,20.0,cost_v1,0.14096750180067752,0.6365988512140577,0.261241327909381,-0.5253767395223075,3.979399578482067,2.003595255744996
20260930,logistic,pit,argmax_conf,top1,0.0,primary,-0.410677121467953,-0.35757627375710466,0.73414330542354,-0.9999687524805625,14.783283914010378,11.0468495181616
20260930,logistic,pit,argmax_conf,top1,5.0,primary,-0.4128516691927058,-0.3626315677286328,0.7341169356770165,-0.9999706387868962,14.783283914010378,11.0468495181616
20260930,logistic,pit,argmax_conf,top1,10.0,primary,-0.41501926122976707,-0.3676860099190341,0.7340929916364146,-0.9999724120777068,14.783283914010378,11.0468495181616
20260930,logistic,pit,argmax_conf,top1,20.0,primary,-0.41933365354142915,-0.3777921377323207,0.7340523815984166,-0.9999756460959922,14.783283914010378,11.0468495181616
20260930,logistic,pit,argmax_conf,top1,0.0,stress,-0.44385388408262016,-0.4184775065759105,0.743980070556464,-0.9999892821013805,14.783283914010378,11.0468495181616
20260930,logistic,pit,argmax_conf,top1,5.0,stress,-0.44590601257627493,-0.4234684671225532,0.7439530851799839,-0.99998992910442,14.783283914010378,11.0468495181616
20260930,logistic,pit,argmax_conf,top1,10.0,stress,-0.447951576962487,-0.42845841118591976,0.7439284933948344,-0.9999905373431369,14.783283914010378,11.0468495181616
20260930,logistic,pit,argmax_conf,top1,20.0,stress,-0.45202308447404227,-0.43843505626044443,0.7438864915249649,-0.9999916466113521,14.783283914010378,11.0468495181616
20260930,logistic,pit,argmax_conf,top1,0.0,cost_v1,-0.410677121467953,-0.35757627375710466,0.73414330542354,-0.9999687524805625,14.783283914010378,11.0468495181616
20260930,logistic,pit,argmax_conf,top1,5.0,cost_v1,-0.4139343566047252,-0.36512419096906035,0.734122598088482,-0.9999715418141514,14.783283914010378,11.0468495181616
20260930,logistic,pit,argmax_conf,top1,10.0,cost_v1,-0.4171752184924088,-0.3726707045746912,0.7341054944296506,-0.9999740833809293,14.783283914010378,11.0468495181616
20260930,logistic,pit,argmax_conf,top1,20.0,cost_v1,-0.4236081186690034,-0.3877590755533855,0.7340820990951562,-0.9999785088854226,14.783283914010378,11.0468495181616
20260930,logistic,pit,argmax_conf,top10_ew,0.0,primary,-0.07076266149428712,-0.011113830005004977,0.3721482055816988,-0.9377153182608843,11.158864919579843,11.0468495181616
20260930,logistic,pit,argmax_conf,top10_ew,5.0,primary,-0.073351798452444,-0.01864598415648968,0.37212230929281825,-0.9390776043930081,11.158864919579843,11.0468495181616
20260930,logistic,pit,argmax_conf,top10_ew,10.0,primary,-0.07593460133935415,-0.026179011452985283,0.37209890414280844,-0.9404106115510479,11.158864919579843,11.0468495181616
20260930,logistic,pit,argmax_conf,top10_ew,20.0,primary,-0.08108125869187366,-0.041247080650103164,0.3720595690898837,-0.9429912489460293,11.158864919579843,11.0468495181616
20260930,logistic,pit,argmax_conf,top10_ew,0.0,stress,-0.09520555702680622,-0.07951386336939421,0.37488837831707655,-0.9524864423209038,11.18015429719097,11.0468495181616
20260930,logistic,pit,argmax_conf,top10_ew,5.0,stress,-0.09773139300672151,-0.0870100397725731,0.37486191154392984,-0.9538147472236282,11.18015429719097,11.0468495181616
20260930,logistic,pit,argmax_conf,top10_ew,10.0,stress,-0.10025103899783117,-0.09450664817443591,0.3748379300010431,-0.9551064177703449,11.18015429719097,11.0468495181616
20260930,logistic,pit,argmax_conf,top10_ew,20.0,stress,-0.10527181366476734,-0.10950056423788997,0.3747974244648318,-0.9575838154654597,11.18015429719097,11.0468495181616
20260930,logistic,pit,argmax_conf,top10_ew,0.0,cost_v1,-0.07076266149428712,-0.011113830005004977,0.3721482055816988,-0.9377153182608843,11.158864919579843,11.0468495181616
20260930,logistic,pit,argmax_conf,top10_ew,5.0,cost_v1,-0.07587105228569058,-0.025986538458016847,0.3721035816760666,-0.9398957423364874,11.158864919579843,11.0468495181616
20260930,logistic,pit,argmax_conf,top10_ew,10.0,cost_v1,-0.08095389224081528,-0.040862034069841686,0.37206606385999946,-0.9420008747175913,11.158864919579843,11.0468495181616
20260930,logistic,pit,argmax_conf,top10_ew,20.0,cost_v1,-0.09104337967687404,-0.0706179784910706,0.37201235468921817,-0.9459954341433305,11.158864919579843,11.0468495181616
20260930,logistic,pit,fixed_1d,top1,0.0,primary,-0.6142583177798491,-0.18831738108658677,1.1847579740777996,-0.9999999946363884,266.15326167531504,251.47828020756114
20260930,logistic,pit,fixed_1d,top1,5.0,primary,-0.6390956305888293,-0.2446474050360907,1.1844516570522843,-0.9999999983659017,266.15326167531504,251.47828020756114
20260930,logistic,pit,fixed_1d,top1,10.0,primary,-0.6623449211081255,-0.30100320813892006,1.184158573860807,-0.9999999995024446,266.15326167531504,251.47828020756114
20260930,logistic,pit,fixed_1d,top1,20.0,primary,-0.7044763431812826,-0.41378465178872803,1.1836121478592325,-0.9999999999539537,266.15326167531504,251.47828020756114
20260930,logistic,pit,fixed_1d,top1,0.0,stress,-0.6999104535604839,-0.35894552529067464,1.2110274214020385,-0.9999999999416562,266.15326167531504,251.47828020756114
20260930,logistic,pit,fixed_1d,top1,5.0,stress,-0.7192327572657116,-0.4140850425123228,1.2106956651102612,-0.9999999999827287,266.15326167531504,251.47828020756114
20260930,logistic,pit,fixed_1d,top1,10.0,stress,-0.7373196516008546,-0.46924977166877807,1.210376844674711,-0.9999999999948903,266.15326167531504,251.47828020756114
20260930,logistic,pit,fixed_1d,top1,20.0,stress,-0.7700959885215037,-0.5796478461444186,1.2097780518661463,-0.9999999999995536,266.15326167531504,251.47828020756114
20260930,logistic,pit,fixed_1d,top1,0.0,cost_v1,-0.6142583177798491,-0.18831738108658677,1.1847579740777996,-0.9999999946363884,266.15326167531504,251.47828020756114
20260930,logistic,pit,fixed_1d,top1,5.0,cost_v1,-0.6601579685465748,-0.29464531400944,1.1847580000770834,-0.9999999994311523,266.15326167531504,251.47828020756114
20260930,logistic,pit,fixed_1d,top1,10.0,cost_v1,-0.7006153027652682,-0.4009732383911447,1.1847580375242495,-0.9999999999399733,266.15326167531504,251.47828020756114
20260930,logistic,pit,fixed_1d,top1,20.0,cost_v1,-0.7676993352756254,-0.6136290492022226,1.1847581467622228,-0.9999999999994045,266.15326167531504,251.47828020756114
20260930,logistic,pit,fixed_1d,top10_ew,0.0,primary,0.02417105598809033,0.27403360996779863,0.4397394284301454,-0.8986907616069684,203.77596688954685,251.47828020756114
20260930,logistic,pit,fixed_1d,top10_ew,5.0,primary,-0.02670348226435204,0.15792675738662806,0.43963014625099417,-0.9432602013683814,203.77596688954685,251.47828020756114
20260930,logistic,pit,fixed_1d,top10_ew,10.0,primary,-0.0750621092601308,0.04176177414965167,0.4395250022183361,-0.9682261933879908,203.77596688954685,251.47828020756114
20260930,logistic,pit,fixed_1d,top10_ew,20.0,primary,-0.16472101978080933,-0.19072961255629478,0.4393271403601404,-0.9900399802018052,203.77596688954685,251.47828020756114
20260930,logistic,pit,fixed_1d,top10_ew,0.0,stress,-0.06431310427062564,0.07011124607992529,0.44198011831873474,-0.960411261803182,203.82930005373984,251.47828020756114
20260930,logistic,pit,fixed_1d,top10_ew,5.0,stress,-0.11080415058123982,-0.04544572436156811,0.4418711160566131,-0.9778307365091998,203.82930005373984,251.47828020756114
20260930,logistic,pit,fixed_1d,top10_ew,10.0,stress,-0.1549954764075493,-0.16105822044305168,0.4417662291899747,-0.9875870911699156,203.82930005373984,251.47828020756114
20260930,logistic,pit,fixed_1d,top10_ew,20.0,stress,-0.23692641681440385,-0.3924370043469576,0.4415688132585551,-0.9969550589133956,203.82930005373984,251.47828020756114
20260930,logistic,pit,fixed_1d,top10_ew,0.0,cost_v1,0.02417105598809033,0.27403360996779863,0.4397394284301454,-0.8986907616069684,203.77596688954685,251.47828020756114
20260930,logistic,pit,fixed_1d,top10_ew,5.0,cost_v1,-0.09690128652549701,-0.012438027754121962,0.43973941434769565,-0.9768442310800326,203.77596688954685,251.47828020756114
20260930,logistic,pit,fixed_1d,top10_ew,10.0,cost_v1,-0.20371124842393817,-0.29890966285884335,0.4397394311084458,-0.9949831498540881,203.77596688954685,251.47828020756114
20260930,logistic,pit,fixed_1d,top10_ew,20.0,cost_v1,-0.3810449921152034,-0.8718526841003219,0.4397395571595256,-0.9999180974156691,203.77596688954685,251.47828020756114
20260930,logistic,pit,fixed_21d,top1,0.0,primary,-0.16415167455738788,0.12210349282968234,0.7397242294899062,-0.9904684915022557,22.20200148257969,12.021571534469977
20260930,logistic,pit,fixed_21d,top1,5.0,primary,-0.16877934190542243,0.11456561534227545,0.7396699454291858,-0.9912955842377312,22.20200148257969,12.021571534469977
20260930,logistic,pit,fixed_21d,top1,10.0,primary,-0.17338366216301904,0.10702611089107757,0.7396192581982247,-0.9920512648959802,22.20200148257969,12.021571534469977
20260930,logistic,pit,fixed_21d,top1,20.0,primary,-0.18252268623861712,0.09194265948209288,0.739528677131415,-0.9933724048574768,22.20200148257969,12.021571534469977
20260930,logistic,pit,fixed_21d,top1,0.0,stress,-0.22629580298333085,0.0335010127783768,0.7528324363272447,-0.9970494301605781,22.20200148257969,12.021571534469977
20260930,logistic,pit,fixed_21d,top1,5.0,stress,-0.23057940987777015,0.026088037538468976,0.75277718138959,-0.9973209175348513,22.20200148257969,12.021571534469977
20260930,logistic,pit,fixed_21d,top1,10.0,stress,-0.23484140550457855,0.018673886297703404,0.7527254605133233,-0.9975675414278117,22.20200148257969,12.021571534469977
20260930,logistic,pit,fixed_21d,top1,20.0,stress,-0.2433009562013897,0.0038424726289579747,0.7526326238094959,-0.9979950586505743,22.20200148257969,12.021571534469977
20260930,logistic,pit,fixed_21d,top1,0.0,cost_v1,-0.16415167455738788,0.12210349282968234,0.7397242294899062,-0.9904684915022557,22.20200148257969,12.021571534469977
20260930,logistic,pit,fixed_21d,top1,5.0,cost_v1,-0.16915934847871728,0.11396641341128656,0.7396999741619706,-0.991362073435028,22.20200148257969,12.021571534469977
20260930,logistic,pit,fixed_21d,top1,10.0,cost_v1,-0.1741395093175977,0.10582824575716002,0.7396795949871735,-0.9921722681215304,22.20200148257969,12.021571534469977
20260930,logistic,pit,fixed_21d,top1,20.0,cost_v1,-0.18401784105696017,0.08954915704712373,0.7396504663176249,-0.9935727614400429,22.20200148257969,12.021571534469977
20260930,logistic,pit,fixed_21d,top10_ew,0.0,primary,-0.05732848887731634,0.04207289818783203,0.3887706805791869,-0.8760819621273088,20.615700508352557,12.021571534469977
20260930,logistic,pit,fixed_21d,top10_ew,5.0,primary,-0.06217551439761304,0.02878960509600201,0.3887651005427952,-0.8830418532879765,20.615700508352557,12.021571534469977
20260930,logistic,pit,fixed_21d,top10_ew,10.0,primary,-0.06699973924338831,0.015505707654764684,0.3887651122581243,-0.8896135389628621,20.615700508352557,12.021571534469977
20260930,logistic,pit,fixed_21d,top10_ew,20.0,primary,-0.07658017577872611,-0.011061607523301072,0.3887819107006484,-0.901677121344258,20.615700508352557,12.021571534469977
20260930,logistic,pit,fixed_21d,top10_ew,0.0,stress,-0.11097154286496702,-0.10460727772872401,0.39205248959389505,-0.930514285134518,20.659342594519586,12.021571534469977
20260930,logistic,pit,fixed_21d,top10_ew,5.0,stress,-0.11555240063301031,-0.11781030007800632,0.39204389107788645,-0.9366525328007003,20.659342594519586,12.021571534469977
20260930,logistic,pit,fixed_21d,top10_ew,10.0,stress,-0.12011166395186867,-0.13101204099736202,0.3920408601307004,-0.942250919375782,20.659342594519586,12.021571534469977
20260930,logistic,pit,fixed_21d,top10_ew,20.0,stress,-0.12916577632495052,-0.15740942867100474,0.3920515012221123,-0.9520130741046241,20.659342594519586,12.021571534469977
20260930,logistic,pit,fixed_21d,top10_ew,0.0,cost_v1,-0.05732848887731634,0.04207289818783203,0.3887706805791869,-0.8760819621273088,20.615700508352557,12.021571534469977
20260930,logistic,pit,fixed_21d,top10_ew,5.0,cost_v1,-0.06298423606326342,0.026582538980679565,0.3887796487059323,-0.8845465848562487,20.615700508352557,12.021571534469977
20260930,logistic,pit,fixed_21d,top10_ew,10.0,cost_v1,-0.06860885943267947,0.011092683962167357,0.38879599252332353,-0.892436827936554,20.615700508352557,12.021571534469977
20260930,logistic,pit,fixed_21d,top10_ew,20.0,cost_v1,-0.07976535723651013,-0.019881988308485764,0.3888508030902413,-0.906646445752846,20.615700508352557,12.021571534469977
20260930,logistic,pit,fixed_126d,top1,0.0,primary,-0.23349641741721616,-0.01567165797080113,0.7227410951245223,-0.9977819871819756,3.898888065233506,2.003595255744996
20260930,logistic,pit,fixed_126d,top1,5.0,primary,-0.2342433628082834,-0.017022901264559322,0.722740366940822,-0.9978161096419994,3.898888065233506,2.003595255744996
20260930,logistic,pit,fixed_126d,top1,10.0,primary,-0.23498994315031518,-0.018374130703700416,0.7227402908254028,-0.99784972356582,3.898888065233506,2.003595255744996
20260930,logistic,pit,fixed_126d,top1,20.0,primary,-0.23648200871051905,-0.02107653338903232,0.7227420947984666,-0.9979154550391918,3.898888065233506,2.003595255744996
20260930,logistic,pit,fixed_126d,top1,0.0,stress,-0.26254092034596255,-0.06015073422895804,0.7294621312228923,-0.9989131737561852,3.898888065233506,2.003595255744996
20260930,logistic,pit,fixed_126d,top1,5.0,stress,-0.2632595623369005,-0.061489585992809626,0.7294612367797343,-0.9989298937610273,3.898888065233506,2.003595255744996
20260930,logistic,pit,fixed_126d,top1,10.0,stress,-0.26397785311131194,-0.06282838539484506,0.7294609883968222,-0.9989463645831385,3.898888065233506,2.003595255744996
20260930,logistic,pit,fixed_126d,top1,20.0,stress,-0.26541338103292156,-0.0655058128846948,0.7294624298126581,-0.9989785730039936,3.898888065233506,2.003595255744996
20260930,logistic,pit,fixed_126d,top1,0.0,cost_v1,-0.23349641741721616,-0.01567165797080113,0.7227410951245223,-0.9977819871819756,3.898888065233506,2.003595255744996
20260930,logistic,pit,fixed_126d,top1,5.0,cost_v1,-0.234264400516217,-0.0170603466197578,0.722740948255663,-0.9978172760009233,3.898888065233506,2.003595255744996
20260930,logistic,pit,fixed_126d,top1,10.0,cost_v1,-0.23503199827574894,-0.01844901824639398,0.7227414903468159,-0.997852020659256,3.898888065233506,2.003595255744996
20260930,logistic,pit,fixed_126d,top1,20.0,cost_v1,-0.23656603777922403,-0.021226294548095572,0.7227446414009867,-0.9979199098736725,3.898888065233506,2.003595255744996
20260930,logistic,pit,fixed_126d,top10_ew,0.0,primary,-0.12968837612603323,-0.23041853156210193,0.34451410050286835,-0.9511479560016176,3.744033925267305,2.003595255744996
20260930,logistic,pit,fixed_126d,top10_ew,5.0,primary,-0.13050280288737437,-0.2331463502008857,0.34450960741440706,-0.9518023042503019,3.744033925267305,2.003595255744996
20260930,logistic,pit,fixed_126d,top10_ew,10.0,primary,-0.13131684505360686,-0.2358733798945304,0.34450637054356764,-0.952448188001394,3.744033925267305,2.003595255744996
20260930,logistic,pit,fixed_126d,top10_ew,20.0,primary,-0.13294377563002457,-0.2413249529571776,0.34450366558264983,-0.9537149831809894,3.744033925267305,2.003595255744996
20260930,logistic,pit,fixed_126d,top10_ew,0.0,stress,-0.1530113902666429,-0.3039637110322427,0.3473634518166618,-0.96658720813883,3.766858945572866,2.003595255744996
20260930,logistic,pit,fixed_126d,top10_ew,5.0,stress,-0.15380882232513715,-0.30668693285453347,0.3473586293229048,-0.9670373582013795,3.766858945572866,2.003595255744996
20260930,logistic,pit,fixed_126d,top10_ew,10.0,stress,-0.15460587519489266,-0.3094091078592713,0.3473550669132654,-0.9674816513020905,3.766858945572866,2.003595255744996
20260930,logistic,pit,fixed_126d,top10_ew,20.0,stress,-0.15619884339794865,-0.3148501986794404,0.3473517224877049,-0.9683529597400278,3.766858945572866,2.003595255744996
20260930,logistic,pit,fixed_126d,top10_ew,0.0,cost_v1,-0.12968837612603323,-0.23041853156210193,0.34451410050286835,-0.9511479560016176,3.744033925267305,2.003595255744996
20260930,logistic,pit,fixed_126d,top10_ew,5.0,cost_v1,-0.13055954177042062,-0.233334070722595,0.3445107383618171,-0.9518522100043825,3.744033925267305,2.003595255744996
20260930,logistic,pit,fixed_126d,top10_ew,10.0,cost_v1,-0.13143027063451862,-0.23624867564246635,0.34450882155243684,-0.9525466568730772,3.744033925267305,2.003595255744996
20260930,logistic,pit,fixed_126d,top10_ew,20.0,cost_v1,-0.13317041802500185,-0.2420749359335674,0.3445093240069979,-0.9539066545226876,3.744033925267305,2.003595255744996
20260930,logistic,surv,argmax_conf,top1,0.0,primary,-0.07010305472996081,0.4215031808332552,1.1550290052699888,-0.982222997914269,3.79058561897702,2.1118977020014826
20260930,logistic,surv,argmax_conf,top1,5.0,primary,-0.0709840678416771,0.42067991129593263,1.1550274672200211,-0.9824175217293016,3.79058561897702,2.1118977020014826
20260930,logistic,surv,argmax_conf,top1,10.0,primary,-0.07186468017475378,0.4198564925530727,1.1550263336030149,-0.9826100127196845,3.79058561897702,2.1118977020014826
20260930,logistic,surv,argmax_conf,top1,20.0,primary,-0.0736247024561335,0.41820921090757646,1.1550252796722231,-0.9829889770030553,3.79058561897702,2.1118977020014826
20260930,logistic,surv,argmax_conf,top1,0.0,stress,-0.07010305472996081,0.4215031808332552,1.1550290052699888,-0.982222997914269,3.79058561897702,2.1118977020014826
20260930,logistic,surv,argmax_conf,top1,5.0,stress,-0.0709840678416771,0.42067991129593263,1.1550274672200211,-0.9824175217293016,3.79058561897702,2.1118977020014826
20260930,logistic,surv,argmax_conf,top1,10.0,stress,-0.07186468017475378,0.4198564925530727,1.1550263336030149,-0.9826100127196845,3.79058561897702,2.1118977020014826
20260930,logistic,surv,argmax_conf,top1,20.0,stress,-0.0736247024561335,0.41820921090757646,1.1550252796722231,-0.9829889770030553,3.79058561897702,2.1118977020014826
20260930,logistic,surv,argmax_conf,top1,0.0,cost_v1,-0.07010305472996081,0.4215031808332552,1.1550290052699888,-0.982222997914269,3.79058561897702,2.1118977020014826
20260930,logistic,surv,argmax_conf,top1,5.0,cost_v1,-0.07108098421619469,0.42058859383410596,1.1550253503416132,-0.9824436733896578,3.79058561897702,2.1118977020014826
20260930,logistic,surv,argmax_conf,top1,10.0,cost_v1,-0.07205837307593,0.41967383601343716,1.1550221496161084,-0.9826617181049954,3.79058561897702,2.1118977020014826
20260930,logistic,surv,argmax_conf,top1,20.0,cost_v1,-0.07401152903593844,0.41784381221366335,1.1550171107882794,-0.9830900351933591,3.79058561897702,2.1118977020014826
20260930,logistic,surv,argmax_conf,top10_ew,0.0,primary,0.42755584297730187,0.9048023053361725,0.5635182125006097,-0.7618733759194041,3.4787839791879023,2.1118977020014826
20260930,logistic,surv,argmax_conf,top10_ew,5.0,primary,0.4263145850695662,0.90325794935592,0.5635122185502016,-0.7622834880977377,3.4787839791879023,2.1118977020014826
20260930,logistic,surv,argmax_conf,top10_ew,10.0,primary,0.4250738905218634,0.9017125285503933,0.563506869508304,-0.762693073277909,3.4787839791879023,2.1118977020014826
20260930,logistic,surv,argmax_conf,top10_ew,20.0,primary,0.4225941913717066,0.8986185134602277,0.5634981062212885,-0.763510664439427,3.4787839791879023,2.1118977020014826
20260930,logistic,surv,argmax_conf,top10_ew,0.0,stress,0.42755584297730187,0.9048023053361725,0.5635182125006097,-0.7618733759194041,3.4787839791879023,2.1118977020014826
20260930,logistic,surv,argmax_conf,top10_ew,5.0,stress,0.4263145850695662,0.90325794935592,0.5635122185502016,-0.7622834880977377,3.4787839791879023,2.1118977020014826
20260930,logistic,surv,argmax_conf,top10_ew,10.0,stress,0.4250738905218634,0.9017125285503933,0.563506869508304,-0.762693073277909,3.4787839791879023,2.1118977020014826
20260930,logistic,surv,argmax_conf,top10_ew,20.0,stress,0.4225941913717066,0.8986185134602277,0.5634981062212885,-0.763510664439427,3.4787839791879023,2.1118977020014826
20260930,logistic,surv,argmax_conf,top10_ew,0.0,cost_v1,0.42755584297730187,0.9048023053361725,0.5635182125006097,-0.7618733759194041,3.4787839791879023,2.1118977020014826
20260930,logistic,surv,argmax_conf,top10_ew,5.0,cost_v1,0.4260553264220126,0.9029341985078871,0.5635124540384546,-0.7623256766337583,3.4787839791879023,2.1118977020014826
20260930,logistic,surv,argmax_conf,top10_ew,10.0,cost_v1,0.4245556399180641,0.901064564888742,0.5635076265218276,-0.7627773328274259,3.4787839791879023,2.1118977020014826
20260930,logistic,surv,argmax_conf,top10_ew,20.0,cost_v1,0.42155875687941435,0.8973207540562911,0.5635007644162497,-0.7636787141022802,3.4787839791879023,2.1118977020014826
20260930,logistic,surv,fixed_1d,top1,0.0,primary,0.008839638500866887,0.5439724280411486,1.1287504283137895,-0.9551935095074469,241.29785025945142,251.47828020756114
20260930,logistic,surv,fixed_1d,top1,5.0,primary,-0.05023314238521148,0.490394287157506,1.1285873994260214,-0.9700849266616358,241.29785025945142,251.47828020756114
20260930,logistic,surv,fixed_1d,top1,10.0,primary,-0.10587387828215655,0.4367952291673593,1.1284384132815874,-0.9886449534495512,241.29785025945142,251.47828020756114
20260930,logistic,surv,fixed_1d,top1,20.0,primary,-0.2076392160984577,0.3295423298502864,1.1281825909519108,-0.9985844174088486,241.29785025945142,251.47828020756114
20260930,logistic,surv,fixed_1d,top1,0.0,stress,0.008839638500866887,0.5439724280411486,1.1287504283137895,-0.9551935095074469,241.29785025945142,251.47828020756114
20260930,logistic,surv,fixed_1d,top1,5.0,stress,-0.05023314238521148,0.490394287157506,1.1285873994260214,-0.9700849266616358,241.29785025945142,251.47828020756114
20260930,logistic,surv,fixed_1d,top1,10.0,stress,-0.10587387828215655,0.4367952291673593,1.1284384132815874,-0.9886449534495512,241.29785025945142,251.47828020756114
20260930,logistic,surv,fixed_1d,top1,20.0,stress,-0.2076392160984577,0.3295423298502864,1.1281825909519108,-0.9985844174088486,241.29785025945142,251.47828020756114
20260930,logistic,surv,fixed_1d,top1,0.0,cost_v1,0.008839638500866887,0.5439724280411486,1.1287504283137895,-0.9551935095074469,241.29785025945142,251.47828020756114
20260930,logistic,surv,fixed_1d,top1,5.0,cost_v1,-0.11066772815143511,0.43236861538848415,1.1287503757545165,-0.9885895786864559,241.29785025945142,251.47828020756114
20260930,logistic,surv,fixed_1d,top1,10.0,cost_v1,-0.21606811491529676,0.32076478892770544,1.1287503352111594,-0.9985690983433684,241.29785025945142,251.47828020756114
20260930,logistic,surv,fixed_1d,top1,20.0,cost_v1,-0.3909907944762021,0.09755710883851128,1.1287502901721949,-0.999977568457973,241.29785025945142,251.47828020756114
20260930,logistic,surv,fixed_1d,top10_ew,0.0,primary,0.5163688733402709,1.1669271083814228,0.43999611420279094,-0.5509421560004778,204.3301627817575,251.47828020756114
20260930,logistic,surv,fixed_1d,top10_ew,5.0,primary,0.44084450594614366,1.0505218126003424,0.43994605840275186,-0.5563751347381487,204.3301627817575,251.47828020756114
20260930,logistic,surv,fixed_1d,top10_ew,10.0,primary,0.369063540921976,0.9340759893204752,0.4399026127333263,-0.5617434816705674,204.3301627817575,251.47828020756114
20260930,logistic,surv,fixed_1d,top10_ew,20.0,primary,0.23600230523613952,0.7010837041363464,0.43983555932344487,-0.5722892948071658,204.3301627817575,251.47828020756114
20260930,logistic,surv,fixed_1d,top10_ew,0.0,stress,0.5163688733402709,1.1669271083814228,0.43999611420279094,-0.5509421560004778,204.3301627817575,251.47828020756114
20260930,logistic,surv,fixed_1d,top10_ew,5.0,stress,0.44084450594614366,1.0505218126003424,0.43994605840275186,-0.5563751347381487,204.3301627817575,251.47828020756114
20260930,logistic,surv,fixed_1d,top10_ew,10.0,stress,0.369063540921976,0.9340759893204752,0.4399026127333263,-0.5617434816705674,204.3301627817575,251.47828020756114
20260930,logistic,surv,fixed_1d,top10_ew,20.0,stress,0.23600230523613952,0.7010837041363464,0.43983555932344487,-0.5722892948071658,204.3301627817575,251.47828020756114
20260930,logistic,surv,fixed_1d,top10_ew,0.0,cost_v1,0.5163688733402709,1.1669271083814228,0.43999611420279094,-0.5509421560004778,204.3301627817575,251.47828020756114
20260930,logistic,surv,fixed_1d,top10_ew,5.0,cost_v1,0.3373745848523051,0.8806228140372994,0.43999600397723326,-0.5663646232497221,204.3301627817575,251.47828020756114
20260930,logistic,surv,fixed_1d,top10_ew,10.0,cost_v1,0.17943493682482448,0.5943183346094526,0.4399959245768686,-0.581264851571667,204.3301627817575,251.47828020756114
20260930,logistic,surv,fixed_1d,top10_ew,20.0,cost_v1,-0.08286371271939041,0.02170906119700499,0.4399958582517783,-0.9455236729292967,204.3301627817575,251.47828020756114
20260930,logistic,surv,fixed_21d,top1,0.0,primary,-0.20405080950281096,0.3325407116328315,1.2083764843562248,-0.9998790599276887,17.653298739807262,12.021571534469977
20260930,logistic,surv,fixed_21d,top1,5.0,primary,-0.20755672351581167,0.32888085846933623,1.2083696899331389,-0.9998849021341757,17.653298739807262,12.021571534469977
20260930,logistic,surv,fixed_21d,top1,10.0,primary,-0.2110489323889213,0.3252204885980922,1.2083646624260649,-0.9998904648371384,17.653298739807262,12.021571534469977
20260930,logistic,surv,fixed_21d,top1,20.0,primary,-0.2179924216981105,0.3178982629181372,1.20835990824042,-0.9999008040796085,17.653298739807262,12.021571534469977
20260930,logistic,surv,fixed_21d,top1,0.0,stress,-0.20405080950281096,0.3325407116328315,1.2083764843562248,-0.9998790599276887,17.653298739807262,12.021571534469977
20260930,logistic,surv,fixed_21d,top1,5.0,stress,-0.20755672351581167,0.32888085846933623,1.2083696899331389,-0.9998849021341757,17.653298739807262,12.021571534469977
20260930,logistic,surv,fixed_21d,top1,10.0,stress,-0.2110489323889213,0.3252204885980922,1.2083646624260649,-0.9998904648371384,17.653298739807262,12.021571534469977
20260930,logistic,surv,fixed_21d,top1,20.0,stress,-0.2179924216981105,0.3178982629181372,1.20835990824042,-0.9999008040796085,17.653298739807262,12.021571534469977
20260930,logistic,surv,fixed_21d,top1,0.0,cost_v1,-0.20405080950281096,0.3325407116328315,1.2083764843562248,-0.9998790599276887,17.653298739807262,12.021571534469977
20260930,logistic,surv,fixed_21d,top1,5.0,cost_v1,-0.2088413661709999,0.32755357847928135,1.2083898419611752,-0.9998866643045501,17.653298739807262,12.021571534469977
20260930,logistic,surv,fixed_21d,top1,10.0,cost_v1,-0.2136054829526195,0.3225659221488159,1.2084055725414302,-0.9998937940237177,17.653298739807262,12.021571534469977
20260930,logistic,surv,fixed_21d,top1,20.0,cost_v1,-0.2230549271121608,0.31258915767335194,1.208444152243202,-0.9999067453200767,17.653298739807262,12.021571534469977
20260930,logistic,surv,fixed_21d,top10_ew,0.0,primary,0.3250393433387344,0.7767784570177158,0.5465897342384296,-0.8089142183493186,16.951518495674705,12.021571534469977
20260930,logistic,surv,fixed_21d,top10_ew,5.0,primary,0.3194348336638917,0.7689961921636372,0.5466105631339052,-0.8097857459169655,16.951518495674705,12.021571534469977
20260930,logistic,surv,fixed_21d,top10_ew,10.0,primary,0.31385196852823505,0.7612107137129279,0.5466341256282707,-0.810653576959878,16.951518495674705,12.021571534469977
20260930,logistic,surv,fixed_21d,top10_ew,20.0,primary,0.30275086935006446,0.7456305869189866,0.5466894499588374,-0.8123782074332108,16.951518495674705,12.021571534469977
20260930,logistic,surv,fixed_21d,top10_ew,0.0,stress,0.3250393433387344,0.7767784570177158,0.5465897342384296,-0.8089142183493186,16.951518495674705,12.021571534469977
20260930,logistic,surv,fixed_21d,top10_ew,5.0,stress,0.3194348336638917,0.7689961921636372,0.5466105631339052,-0.8097857459169655,16.951518495674705,12.021571534469977
20260930,logistic,surv,fixed_21d,top10_ew,10.0,stress,0.31385196852823505,0.7612107137129279,0.5466341256282707,-0.810653576959878,16.951518495674705,12.021571534469977
20260930,logistic,surv,fixed_21d,top10_ew,20.0,stress,0.30275086935006446,0.7456305869189866,0.5466894499588374,-0.8123782074332108,16.951518495674705,12.021571534469977
20260930,logistic,surv,fixed_21d,top10_ew,0.0,cost_v1,0.3250393433387344,0.7767784570177158,0.5465897342384296,-0.8089142183493186,16.951518495674705,12.021571534469977
20260930,logistic,surv,fixed_21d,top10_ew,5.0,cost_v1,0.3170744739522331,0.7657049051395398,0.546629868083935,-0.8102602556602062,16.951518495674705,12.021571534469977
20260930,logistic,surv,fixed_21d,top10_ew,10.0,cost_v1,0.3091535167091859,0.7546257420436444,0.5466752447042648,-0.8115974863788065,16.951518495674705,12.021571534469977
20260930,logistic,surv,fixed_21d,top10_ew,20.0,cost_v1,0.29344245876751507,0.7324518700860454,0.5467817208975039,-0.8142457405410048,16.951518495674705,12.021571534469977
20260930,logistic,surv,fixed_126d,top1,0.0,primary,0.10244897779633488,0.3388631140905585,5.351854924930833,-0.9952202108482219,3.6822831727205334,2.003595255744996
20260930,logistic,surv,fixed_126d,top1,5.0,primary,0.1014343126166044,0.3386903892791708,5.351855372080822,-0.9952583061018038,3.6822831727205334,2.003595255744996
20260930,logistic,surv,fixed_126d,top1,10.0,primary,0.10042008175360673,0.3385176591222424,5.351855904198403,-0.9952961165679557,3.6822831727205334,2.003595255744996
20260930,logistic,surv,fixed_126d,top1,20.0,primary,0.09839292307586933,0.3381721828046853,5.351857223336232,-0.9953708910772195,3.6822831727205334,2.003595255744996
20260930,logistic,surv,fixed_126d,top1,0.0,stress,0.10244897779633488,0.3388631140905585,5.351854924930833,-0.9952202108482219,3.6822831727205334,2.003595255744996
20260930,logistic,surv,fixed_126d,top1,5.0,stress,0.1014343126166044,0.3386903892791708,5.351855372080822,-0.9952583061018038,3.6822831727205334,2.003595255744996
20260930,logistic,surv,fixed_126d,top1,10.0,stress,0.10042008175360673,0.3385176591222424,5.351855904198403,-0.9952961165679557,3.6822831727205334,2.003595255744996
20260930,logistic,surv,fixed_126d,top1,20.0,stress,0.09839292307586933,0.3381721828046853,5.351857223336232,-0.9953708910772195,3.6822831727205334,2.003595255744996
20260930,logistic,surv,fixed_126d,top1,0.0,cost_v1,0.10244897779633488,0.3388631140905585,5.351854924930833,-0.9952202108482219,3.6822831727205334,2.003595255744996
20260930,logistic,surv,fixed_126d,top1,5.0,cost_v1,0.10134282433557718,0.3386754991980826,5.351856188196077,-0.9952614575025427,3.6822831727205334,2.003595255744996
20260930,logistic,surv,fixed_126d,top1,10.0,cost_v1,0.10023722575874583,0.33848787850967826,5.351857544501574,-0.9953023690264067,3.6822831727205334,2.003595255744996
20260930,logistic,surv,fixed_126d,top1,20.0,cost_v1,0.09802769325310656,0.338112619784261,5.351860536233039,-0.995383196879733,3.6822831727205334,2.003595255744996
20260930,logistic,surv,fixed_126d,top10_ew,0.0,primary,0.5902233571939326,0.7860023747575811,0.9304667408976682,-0.7672246982028993,3.3887573402819586,2.003595255744996
20260930,logistic,surv,fixed_126d,top10_ew,5.0,primary,0.5888764219887417,0.7850884022140825,0.9304683432431824,-0.7675367904055352,3.3887573402819586,2.003595255744996
20260930,logistic,surv,fixed_126d,top10_ew,10.0,primary,0.5875300569032924,0.784174109550892,0.9304703291651856,-0.7678486038516655,3.3887573402819586,2.003595255744996
20260930,logistic,surv,fixed_126d,top10_ew,20.0,primary,0.5848390370492094,0.7823445684059512,0.930475451728359,-0.7684713949719731,3.3887573402819586,2.003595255744996
20260930,logistic,surv,fixed_126d,top10_ew,0.0,stress,0.5902233571939326,0.7860023747575811,0.9304667408976682,-0.7672246982028993,3.3887573402819586,2.003595255744996
20260930,logistic,surv,fixed_126d,top10_ew,5.0,stress,0.5888764219887417,0.7850884022140825,0.9304683432431824,-0.7675367904055352,3.3887573402819586,2.003595255744996
20260930,logistic,surv,fixed_126d,top10_ew,10.0,stress,0.5875300569032924,0.784174109550892,0.9304703291651856,-0.7678486038516655,3.3887573402819586,2.003595255744996
20260930,logistic,surv,fixed_126d,top10_ew,20.0,stress,0.5848390370492094,0.7823445684059512,0.930475451728359,-0.7684713949719731,3.3887573402819586,2.003595255744996
20260930,logistic,surv,fixed_126d,top10_ew,0.0,cost_v1,0.5902233571939326,0.7860023747575811,0.9304667408976682,-0.7672246982028993,3.3887573402819586,2.003595255744996
20260930,logistic,surv,fixed_126d,top10_ew,5.0,cost_v1,0.5886323883557529,0.7849226275132861,0.930468026438506,-0.7675748872110302,3.3887573402819586,2.003595255744996
20260930,logistic,surv,fixed_126d,top10_ew,10.0,cost_v1,0.5870422165077442,0.7838424324359481,0.9304698471264655,-0.7679247249917425,3.3887573402819586,2.003595255744996
20260930,logistic,surv,fixed_126d,top10_ew,20.0,cost_v1,0.5838642637765392,0.7816807062606081,0.930475093930262,-0.7686233475754737,3.3887573402819586,2.003595255744996
20260930,gbt,pit,argmax_conf,top1,0.0,primary,-0.11899116784449115,0.2857130696349593,0.9674723138736313,-0.9967993420440934,4.873610081541883,2.5992587101556706
20260930,gbt,pit,argmax_conf,top1,5.0,primary,-0.12006419971993276,0.2844702534157108,0.967493593350702,-0.9968343650582774,4.873610081541883,2.5992587101556706
20260930,gbt,pit,argmax_conf,top1,10.0,primary,-0.1211364487125347,0.2832273196150932,0.9675154612409307,-0.99686902207282,4.873610081541883,2.5992587101556706
20260930,gbt,pit,argmax_conf,top1,20.0,primary,-0.12327859882600545,0.2807411084192289,0.967560962100204,-0.996937252646385,4.873610081541883,2.5992587101556706
20260930,gbt,pit,argmax_conf,top1,0.0,stress,-0.15237452597514745,0.25075362343142005,0.9725416913439943,-0.9975487831443915,4.873610081541883,2.5992587101556706
20260930,gbt,pit,argmax_conf,top1,5.0,stress,-0.15340689831793042,0.2495181193905988,0.972562700978141,-0.9975762115414097,4.873610081541883,2.5992587101556706
20260930,gbt,pit,argmax_conf,top1,10.0,stress,-0.15443851744302273,0.2482825192971259,0.9725842959705338,-0.9976033463674084,4.873610081541883,2.5992587101556706
20260930,gbt,pit,argmax_conf,top1,20.0,stress,-0.15649949678748698,0.24581103994131265,0.9726292418730422,-0.9976567472741431,4.873610081541883,2.5992587101556706
20260930,gbt,pit,argmax_conf,top1,0.0,cost_v1,-0.11899116784449115,0.2857130696349593,0.9674723138736313,-0.9967993420440934,4.873610081541883,2.5992587101556706
20260930,gbt,pit,argmax_conf,top1,5.0,cost_v1,-0.12016456103034234,0.2843588951228045,0.9675007326743043,-0.9968364338091809,4.873610081541883,2.5992587101556706
20260930,gbt,pit,argmax_conf,top1,10.0,cost_v1,-0.12133699602681258,0.28300460558142243,0.9675298167014711,-0.9968731142472362,4.873610081541883,2.5992587101556706
20260930,gbt,pit,argmax_conf,top1,20.0,cost_v1,-0.12367899262552151,0.2802956926958782,0.9675899801939688,-0.9969452585216233,4.873610081541883,2.5992587101556706
20260930,gbt,pit,argmax_conf,top10_ew,0.0,primary,0.020080062740359006,0.24523974108028995,0.39063578662675225,-0.7522399615199421,4.976189123510519,2.5992587101556706
20260930,gbt,pit,argmax_conf,top10_ew,5.0,primary,0.01881152269534625,0.24205325620364282,0.3906472159674163,-0.7545771401034022,4.976189123510519,2.5992587101556706
20260930,gbt,pit,argmax_conf,top10_ew,10.0,primary,0.017543958022611772,0.23886604650635856,0.3906601356676171,-0.7568933701040867,4.976189123510519,2.5992587101556706
20260930,gbt,pit,argmax_conf,top10_ew,20.0,primary,0.015011753627663271,0.23248959921445325,0.3906904455381585,-0.7614636945901325,4.976189123510519,2.5992587101556706
20260930,gbt,pit,argmax_conf,top10_ew,0.0,stress,-0.007007559186113288,0.17761699388633373,0.39313591157261796,-0.8060631248420581,4.998331340133082,2.5992587101556706
20260930,gbt,pit,argmax_conf,top10_ew,5.0,stress,-0.008247906310872466,0.17443967203432093,0.3931482649481716,-0.8079012772131274,4.998331340133082,2.5992587101556706
20260930,gbt,pit,argmax_conf,top10_ew,10.0,stress,-0.009487295258285178,0.17126189984484874,0.393162110519329,-0.809722875052971,4.998331340133082,2.5992587101556706
20260930,gbt,pit,argmax_conf,top10_ew,20.0,stress,-0.011963199772368371,0.16490514964365377,0.3931942776009284,-0.8133169710929851,4.998331340133082,2.5992587101556706
20260930,gbt,pit,argmax_conf,top10_ew,0.0,cost_v1,0.020080062740359006,0.24523974108028995,0.39063578662675225,-0.7522399615199421,4.976189123510519,2.5992587101556706
20260930,gbt,pit,argmax_conf,top10_ew,5.0,cost_v1,0.018749606510432892,0.24189823325554646,0.39064929366105755,-0.7547337840080466,4.976189123510519,2.5992587101556706
20260930,gbt,pit,argmax_conf,top10_ew,10.0,cost_v1,0.017420218121932285,0.2385559494679777,0.39066444981597004,-0.7572037490287846,4.976189123510519,2.5992587101556706
20260930,gbt,pit,argmax_conf,top10_ew,20.0,cost_v1,0.014764643584305626,0.23186922414423244,0.3906997086990554,-0.7620729701075724,4.976189123510519,2.5992587101556706
20260930,gbt,pit,fixed_1d,top1,0.0,primary,-0.18716583139783138,0.1823463694615349,0.8530200275857007,-0.9933246967815672,442.2530392883617,251.47828020756114
20260930,gbt,pit,fixed_1d,top1,5.0,primary,-0.2722655197666194,0.052435332820599145,0.8526554690147186,-0.9987804201108023,442.2530392883617,251.47828020756114
20260930,gbt,pit,fixed_1d,top1,10.0,primary,-0.348491679708119,-0.07758613236200865,0.8522986840165508,-0.9998293628837008,442.2530392883617,251.47828020756114
20260930,gbt,pit,fixed_1d,top1,20.0,primary,-0.4779141321118494,-0.33794663985597895,0.8516084736070432,-0.9999966694269128,442.2530392883617,251.47828020756114
20260930,gbt,pit,fixed_1d,top1,0.0,stress,-0.27610901944104316,0.06653656037766979,0.8700736881572942,-0.9989755075567078,442.2530392883617,251.47828020756114
20260930,gbt,pit,fixed_1d,top1,5.0,stress,-0.3518967990867756,-0.06085408249596273,0.869683260286414,-0.9998565176602767,442.2530392883617,251.47828020756114
20260930,gbt,pit,fixed_1d,top1,10.0,stress,-0.419782023153068,-0.1883575071221228,0.8693004421247592,-0.9999799247159558,442.2530392883617,251.47828020756114
20260930,gbt,pit,fixed_1d,top1,20.0,stress,-0.5350426133150141,-0.44368986657432774,0.8685576749770102,-0.999999608161447,442.2530392883617,251.47828020756114
20260930,gbt,pit,fixed_1d,top1,0.0,cost_v1,-0.18716583139783138,0.1823463694615349,0.8530200275857007,-0.9933246967815672,442.2530392883617,251.47828020756114
20260930,gbt,pit,fixed_1d,top1,5.0,cost_v1,-0.283437032830528,0.034667687157131755,0.8530200159032042,-0.9990791802841644,442.2530392883617,251.47828020756114
20260930,gbt,pit,fixed_1d,top1,10.0,cost_v1,-0.36834603913627095,-0.11301099708584611,0.853020020120652,-0.999902739242099,442.2530392883617,251.47828020756114
20260930,gbt,pit,fixed_1d,top1,20.0,cost_v1,-0.509265931393303,-0.40836833835548425,0.8530200762553792,-0.9999989185941203,442.2530392883617,251.47828020756114
20260930,gbt,pit,fixed_1d,top10_ew,0.0,primary,0.07891851951784079,0.38931597759981024,0.3870420311289853,-0.691351046446101,407.1830339728272,251.47828020756114
20260930,gbt,pit,fixed_1d,top10_ew,5.0,primary,-0.025526312327582068,0.12573532857698377,0.3869244344386018,-0.8376899656584968,407.1830339728272,251.47828020756114
20260930,gbt,pit,fixed_1d,top10_ew,10.0,primary,-0.11989763804090414,-0.13800453786049355,0.3868097799651243,-0.9507827203847795,407.1830339728272,251.47828020756114
20260930,gbt,pit,fixed_1d,top10_ew,20.0,primary,-0.2821989917958134,-0.6659383774800125,0.386589308072926,-0.998365168525119,407.1830339728272,251.47828020756114
20260930,gbt,pit,fixed_1d,top10_ew,0.0,stress,0.018451450415701176,0.24083938242879024,0.38912726447013063,-0.7641329399262661,407.22942156481565,251.47828020756114
20260930,gbt,pit,fixed_1d,top10_ew,5.0,stress,-0.08015053124587657,-0.021349534316870675,0.38900345220695426,-0.9090637028348805,407.22942156481565,251.47828020756114
20260930,gbt,pit,fixed_1d,top10_ew,10.0,stress,-0.16924150797529536,-0.28370327043165844,0.38888256380649006,-0.9772102389686762,407.22942156481565,251.47828020756114
20260930,gbt,pit,fixed_1d,top10_ew,20.0,stress,-0.32245901461783144,-0.8088821012838625,0.38864956944122325,-0.9994369615391018,407.22942156481565,251.47828020756114
20260930,gbt,pit,fixed_1d,top10_ew,0.0,cost_v1,0.07891851951784079,0.38931597759981024,0.3870420311289853,-0.691351046446101,407.1830339728272,251.47828020756114
20260930,gbt,pit,fixed_1d,top10_ew,5.0,cost_v1,-0.04859039481813532,0.06384002829965019,0.3870420067342815,-0.8806517558357495,407.1830339728272,251.47828020756114
20260930,gbt,pit,fixed_1d,top10_ew,10.0,cost_v1,-0.16108285841655945,-0.2616359383406619,0.3870420173822097,-0.9736630256856131,407.1830339728272,251.47828020756114
20260930,gbt,pit,fixed_1d,top10_ew,20.0,cost_v1,-0.34786127337181394,-0.9125875700203007,0.3870421438059409,-0.9997189768938836,407.1830339728272,251.47828020756114
20260930,gbt,pit,fixed_21d,top1,0.0,primary,-0.2108394710935504,0.07397983932480189,0.7487467619901602,-0.9981782007565191,22.58106004447739,12.021571534469977
20260930,gbt,pit,fixed_21d,top1,5.0,primary,-0.21528304137082066,0.06645384108519967,0.7487507047080705,-0.998349546652666,22.58106004447739,12.021571534469977
20260930,gbt,pit,fixed_21d,top1,10.0,primary,-0.21970378246145106,0.05892764097849847,0.7487582195137127,-0.9985048505512553,22.58106004447739,12.021571534469977
20260930,gbt,pit,fixed_21d,top1,20.0,primary,-0.22847720073546096,0.04387506606861675,0.7487839649068772,-0.9987731737089541,22.58106004447739,12.021571534469977
20260930,gbt,pit,fixed_21d,top1,0.0,stress,-0.25526637608256275,0.008656138494214592,0.7584753686439052,-0.9993751228914108,22.58106004447739,12.021571534469977
20260930,gbt,pit,fixed_21d,top1,5.0,stress,-0.25945978930396285,0.0012270141666818643,0.7584778210446459,-0.9994338945307866,22.58106004447739,12.021571534469977
20260930,gbt,pit,fixed_21d,top1,10.0,stress,-0.2636316585399826,-0.0062020332852953915,0.7584837997427437,-0.9994871637652812,22.58106004447739,12.021571534469977
20260930,gbt,pit,fixed_21d,top1,20.0,stress,-0.2719111648584256,-0.021059483130754536,0.7585063356482895,-0.99957919860367,22.58106004447739,12.021571534469977
20260930,gbt,pit,fixed_21d,top1,0.0,cost_v1,-0.2108394710935504,0.07397983932480189,0.7487467619901602,-0.9981782007565191,22.58106004447739,12.021571534469977
20260930,gbt,pit,fixed_21d,top1,5.0,cost_v1,-0.21561763108988918,0.06593336840400532,0.7487893800401784,-0.9983618499730732,22.58106004447739,12.021571534469977
20260930,gbt,pit,fixed_21d,top1,10.0,cost_v1,-0.22036927536588102,0.05788751752539368,0.7488358252083991,-0.9985270661312965,22.58106004447739,12.021571534469977
20260930,gbt,pit,fixed_21d,top1,20.0,cost_v1,-0.22979355124247303,0.04179816895245126,0.7489401939927349,-0.9988093844279259,22.58106004447739,12.021571534469977
20260930,gbt,pit,fixed_21d,top10_ew,0.0,primary,0.019788147327048478,0.24260233230939074,0.38297504346293754,-0.8258300708080509,21.634948323155616,12.021571534469977
20260930,gbt,pit,fixed_21d,top10_ew,5.0,primary,0.014286021725163023,0.22846097323632517,0.38299389183775484,-0.8324071359376516,21.634948323155616,12.021571534469977
20260930,gbt,pit,fixed_21d,top10_ew,10.0,primary,0.008811095152181148,0.21431757608283586,0.3830188698733479,-0.8394661439311116,21.634948323155616,12.021571534469977
20260930,gbt,pit,fixed_21d,top10_ew,20.0,primary,-0.0020576491354927784,0.1860273874465248,0.3830872098366335,-0.8531391544154434,21.634948323155616,12.021571534469977
20260930,gbt,pit,fixed_21d,top10_ew,0.0,stress,-0.007538055688539935,0.17226648286187707,0.38426147428500174,-0.8512412438652721,21.657142182862767,12.021571534469977
20260930,gbt,pit,fixed_21d,top10_ew,5.0,stress,-0.012898225815092701,0.15816200131196217,0.38427856522997633,-0.8568632996567568,21.657142182862767,12.021571534469977
20260930,gbt,pit,fixed_21d,top10_ew,10.0,stress,-0.01823187123459513,0.14405647965334198,0.38430177757327305,-0.8628966015012465,21.657142182862767,12.021571534469977
20260930,gbt,pit,fixed_21d,top10_ew,20.0,stress,-0.02882006457413444,0.11584501401236279,0.38436656172622535,-0.8745820263751916,21.657142182862767,12.021571534469977
20260930,gbt,pit,fixed_21d,top10_ew,0.0,cost_v1,0.019788147327048478,0.24260233230939074,0.38297504346293754,-0.8258300708080509,21.634948323155616,12.021571534469977
20260930,gbt,pit,fixed_21d,top10_ew,5.0,cost_v1,0.013660679688984656,0.22685620655254235,0.3830121334788018,-0.8331748958636505,21.634948323155616,12.021571534469977
20260930,gbt,pit,fixed_21d,top10_ew,10.0,cost_v1,0.007566981654757443,0.21110900614879527,0.3830567063150211,-0.8412785619541165,21.634948323155616,12.021571534469977
20260930,gbt,pit,fixed_21d,top10_ew,20.0,cost_v1,-0.0045197820347403495,0.17961507841732172,0.3831682895646807,-0.8564394416753964,21.634948323155616,12.021571534469977
20260930,gbt,pit,fixed_126d,top1,0.0,primary,-0.1603078801615293,0.2535319538967766,1.1534910621393897,-0.9991237497711933,3.953039288361749,2.003595255744996
20260930,gbt,pit,fixed_126d,top1,5.0,primary,-0.16113750729763743,0.25267486093140346,1.153491604701998,-0.9991270303474995,3.953039288361749,2.003595255744996
20260930,gbt,pit,fixed_126d,top1,10.0,primary,-0.161966720741192,0.25181767777938635,1.1534925640726705,-0.9991303002196023,3.953039288361749,2.003595255744996
20260930,gbt,pit,fixed_126d,top1,20.0,primary,-0.16362390658157155,0.2501030446343656,1.1534957332335958,-0.9991368079703231,3.953039288361749,2.003595255744996
20260930,gbt,pit,fixed_126d,top1,0.0,stress,-0.17637039920180153,0.23898064393235702,1.155621946915146,-0.9993866248502811,3.953039288361749,2.003595255744996
20260930,gbt,pit,fixed_126d,top1,5.0,stress,-0.17718415635252427,0.23812514980908991,1.1556224332193255,-0.9993889212536563,3.953039288361749,2.003595255744996
20260930,gbt,pit,fixed_126d,top1,10.0,stress,-0.17799750772424228,0.23726957098563822,1.155623335563096,-0.9993912101640892,3.953039288361749,2.003595255744996
20260930,gbt,pit,fixed_126d,top1,20.0,stress,-0.17962299316100305,0.23555816293626966,1.155626388365063,-0.9993957655895163,3.953039288361749,2.003595255744996
20260930,gbt,pit,fixed_126d,top1,0.0,cost_v1,-0.1603078801615293,0.2535319538967766,1.1534910621393897,-0.9991237497711933,3.953039288361749,2.003595255744996
20260930,gbt,pit,fixed_126d,top1,5.0,cost_v1,-0.16115227206379157,0.2526612418539335,1.1534938275410445,-0.9991272900358878,3.953039288361749,2.003595255744996
20260930,gbt,pit,fixed_126d,top1,10.0,cost_v1,-0.161996239365643,0.25179043975871135,1.1534970246145673,-0.9991308177855978,3.953039288361749,2.003595255744996
20260930,gbt,pit,fixed_126d,top1,20.0,cost_v1,-0.16368290017109488,0.2500485693280692,1.1535047137623773,-0.9991378358916417,3.953039288361749,2.003595255744996
20260930,gbt,pit,fixed_126d,top10_ew,0.0,primary,0.037840066432919484,0.29284145164852116,0.4072874753174565,-0.7710354851001161,3.9004534889319102,2.003595255744996
20260930,gbt,pit,fixed_126d,top10_ew,5.0,primary,0.036828304972454706,0.2904426562197441,0.40728835106089734,-0.771252949869527,3.9004534889319102,2.003595255744996
20260930,gbt,pit,fixed_126d,top10_ew,10.0,primary,0.035817044037876,0.28804306278747943,0.407290369757336,-0.771470311604909,3.9004534889319102,2.003595255744996
20260930,gbt,pit,fixed_126d,top10_ew,20.0,primary,0.03379602370304324,0.28324156283178137,0.40729783593160696,-0.771904725973586,3.9004534889319102,2.003595255744996
20260930,gbt,pit,fixed_126d,top10_ew,0.0,stress,0.017295066276089566,0.24415395812729726,0.40880688512904034,-0.771035485100116,3.917548855913929,2.003595255744996
20260930,gbt,pit,fixed_126d,top10_ew,5.0,stress,0.01629898803065788,0.24175372115419808,0.4088073378419791,-0.7712529498695269,3.917548855913929,2.003595255744996
20260930,gbt,pit,fixed_126d,top10_ew,10.0,stress,0.015303404848716395,0.23935281695444804,0.40880893923865996,-0.7714703116049089,3.917548855913929,2.003595255744996
20260930,gbt,pit,fixed_126d,top10_ew,20.0,stress,0.013313723632366825,0.23454908790642606,0.40881558801957085,-0.7719047259735858,3.917548855913929,2.003595255744996
20260930,gbt,pit,fixed_126d,top10_ew,0.0,cost_v1,0.037840066432919484,0.29284145164852116,0.4072874753174565,-0.7710354851001161,3.9004534889319102,2.003595255744996
20260930,gbt,pit,fixed_126d,top10_ew,5.0,cost_v1,0.036800279129251656,0.29037630135820525,0.4072887322682436,-0.7712714993550012,3.9004534889319102,2.003595255744996
20260930,gbt,pit,fixed_126d,top10_ew,10.0,cost_v1,0.035761013601589564,0.2879103020630395,0.40729121178147043,-0.7715073922536002,3.9004534889319102,2.003595255744996
20260930,gbt,pit,fixed_126d,top10_ew,20.0,cost_v1,0.03368404787049695,0.2829758454293075,0.4072998383949239,-0.7719788139819406,3.9004534889319102,2.003595255744996
20260930,gbt,surv,argmax_conf,top1,0.0,primary,0.4436085113632109,0.7047409524653606,1.6018809379922991,-0.9665573312201007,4.765307635285397,2.3826538176426983
20260930,gbt,surv,argmax_conf,top1,5.0,primary,0.44188930101769985,0.7039954082805637,1.601883088899591,-0.9666408543271714,4.765307635285397,2.3826538176426983
20260930,gbt,surv,argmax_conf,top1,10.0,primary,0.4401712891467515,0.7032497057563141,1.6018856050382122,-0.9667242104715719,4.765307635285397,2.3826538176426983
20260930,gbt,surv,argmax_conf,top1,20.0,primary,0.43673885983710203,0.7017578277360252,1.6018917330023086,-0.9668904228738877,4.765307635285397,2.3826538176426983
20260930,gbt,surv,argmax_conf,top1,0.0,stress,0.4436085113632109,0.7047409524653606,1.6018809379922991,-0.9665573312201007,4.765307635285397,2.3826538176426983
20260930,gbt,surv,argmax_conf,top1,5.0,stress,0.44188930101769985,0.7039954082805637,1.601883088899591,-0.9666408543271714,4.765307635285397,2.3826538176426983
20260930,gbt,surv,argmax_conf,top1,10.0,stress,0.4401712891467515,0.7032497057563141,1.6018856050382122,-0.9667242104715719,4.765307635285397,2.3826538176426983
20260930,gbt,surv,argmax_conf,top1,20.0,stress,0.43673885983710203,0.7017578277360252,1.6018917330023086,-0.9668904228738877,4.765307635285397,2.3826538176426983
20260930,gbt,surv,argmax_conf,top1,0.0,cost_v1,0.4436085113632109,0.7047409524653606,1.6018809379922991,-0.9665573312201007,4.765307635285397,2.3826538176426983
20260930,gbt,surv,argmax_conf,top1,5.0,cost_v1,0.4418842199935522,0.7039941620256597,1.6018848129216208,-0.966642873021338,4.765307635285397,2.3826538176426983
20260930,gbt,surv,argmax_conf,top1,10.0,cost_v1,0.44016112224659865,0.7032472131672638,1.6018890569340056,-0.9667282397654187,4.765307635285397,2.3826538176426983
20260930,gbt,surv,argmax_conf,top1,20.0,cost_v1,0.4367185067072077,0.7017528422700914,1.6018986521959742,-0.966898449156657,4.765307635285397,2.3826538176426983
20260930,gbt,surv,argmax_conf,top10_ew,0.0,primary,0.5735518311280483,0.8023799060255612,0.8543072155356989,-0.6932593092495409,4.374290150664664,2.3826538176426983
20260930,gbt,surv,argmax_conf,top10_ew,5.0,primary,0.5718315861066916,0.8010955154081862,0.8543116066470875,-0.6938431762081929,4.374290150664664,2.3826538176426983
20260930,gbt,surv,argmax_conf,top10_ew,10.0,primary,0.5701124370428179,0.799810597058979,0.8543165755572112,-0.694426211328107,4.374290150664664,2.3826538176426983
20260930,gbt,surv,argmax_conf,top10_ew,20.0,primary,0.5666774259591192,0.79723918767095,0.8543282467321643,-0.6955897892044349,4.374290150664664,2.3826538176426983
20260930,gbt,surv,argmax_conf,top10_ew,0.0,stress,0.5735518311280483,0.8023799060255612,0.8543072155356989,-0.6932593092495409,4.374290150664664,2.3826538176426983
20260930,gbt,surv,argmax_conf,top10_ew,5.0,stress,0.5718315861066916,0.8010955154081862,0.8543116066470875,-0.6938431762081929,4.374290150664664,2.3826538176426983
20260930,gbt,surv,argmax_conf,top10_ew,10.0,stress,0.5701124370428179,0.799810597058979,0.8543165755572112,-0.694426211328107,4.374290150664664,2.3826538176426983
20260930,gbt,surv,argmax_conf,top10_ew,20.0,stress,0.5666774259591192,0.79723918767095,0.8543282467321643,-0.6955897892044349,4.374290150664664,2.3826538176426983
20260930,gbt,surv,argmax_conf,top10_ew,0.0,cost_v1,0.5735518311280483,0.8023799060255612,0.8543072155356989,-0.6932593092495409,4.374290150664664,2.3826538176426983
20260930,gbt,surv,argmax_conf,top10_ew,5.0,cost_v1,0.5716738880699372,0.8009778297906842,0.8543125370335192,-0.6938919385262297,4.374290150664664,2.3826538176426983
20260930,gbt,surv,argmax_conf,top10_ew,10.0,cost_v1,0.5697972450131188,0.7995751233332153,0.8543185505647585,-0.6945235892342307,4.374290150664664,2.3826538176426983
20260930,gbt,surv,argmax_conf,top10_ew,20.0,cost_v1,0.5660478579073716,0.7967678334976601,0.8543326536673589,-0.695783958980237,4.374290150664664,2.3826538176426983
20260930,gbt,surv,fixed_1d,top1,0.0,primary,0.35725943555162076,0.7616197119587808,0.8827239315229103,-0.9751728870049319,432.77657524091916,251.47828020756114
20260930,gbt,surv,fixed_1d,top1,5.0,primary,0.21804408267737596,0.6387517026099676,0.882408974156879,-0.9845313082358357,432.77657524091916,251.47828020756114
20260930,gbt,surv,fixed_1d,top1,10.0,primary,0.09304902253917868,0.5157908928474395,0.8821026682047115,-0.9903644126832287,432.77657524091916,251.47828020756114
20260930,gbt,surv,fixed_1d,top1,20.0,primary,-0.11991968856327218,0.2696049608492942,0.8815160463611855,-0.9977986310444102,432.77657524091916,251.47828020756114
20260930,gbt,surv,fixed_1d,top1,0.0,stress,0.35725943555162076,0.7616197119587808,0.8827239315229103,-0.9751728870049319,432.77657524091916,251.47828020756114
20260930,gbt,surv,fixed_1d,top1,5.0,stress,0.21804408267737596,0.6387517026099676,0.882408974156879,-0.9845313082358357,432.77657524091916,251.47828020756114
20260930,gbt,surv,fixed_1d,top1,10.0,stress,0.09304902253917868,0.5157908928474395,0.8821026682047115,-0.9903644126832287,432.77657524091916,251.47828020756114
20260930,gbt,surv,fixed_1d,top1,20.0,stress,-0.11991968856327218,0.2696049608492942,0.8815160463611855,-0.9977986310444102,432.77657524091916,251.47828020756114
20260930,gbt,surv,fixed_1d,top1,0.0,cost_v1,0.35725943555162076,0.7616197119587808,0.8827239315229103,-0.9751728870049319,432.77657524091916,251.47828020756114
20260930,gbt,surv,fixed_1d,top1,5.0,cost_v1,0.1968255782406778,0.6189105097231127,0.8827238572049608,-0.9856909984450574,432.77657524091916,251.47828020756114
20260930,gbt,surv,fixed_1d,top1,10.0,cost_v1,0.055289061405254136,0.47620127516873095,0.8827237982519145,-0.9919065711326756,432.77657524091916,251.47828020756114
20260930,gbt,surv,fixed_1d,top1,20.0,cost_v1,-0.1797047079705888,0.19078273891218042,0.8827237264405422,-0.9991387561005252,432.77657524091916,251.47828020756114
20260930,gbt,surv,fixed_1d,top10_ew,0.0,primary,0.44953602119493064,1.1371613894994983,0.395566378028741,-0.6401864339522683,387.33862378416876,251.47828020756114
20260930,gbt,surv,fixed_1d,top10_ew,5.0,primary,0.3157273388684856,0.8918205137018805,0.39540848000738293,-0.6497269247673323,387.33862378416876,251.47828020756114
20260930,gbt,surv,fixed_1d,top10_ew,10.0,primary,0.1942247378585571,0.6462786354987167,0.39525362810261244,-0.6601368280161242,387.33862378416876,251.47828020756114
20260930,gbt,surv,fixed_1d,top10_ew,20.0,primary,-0.016269423513796344,0.15461365510144573,0.39495307690409065,-0.790991499030523,387.33862378416876,251.47828020756114
20260930,gbt,surv,fixed_1d,top10_ew,0.0,stress,0.44953602119493064,1.1371613894994983,0.395566378028741,-0.6401864339522683,387.33862378416876,251.47828020756114
20260930,gbt,surv,fixed_1d,top10_ew,5.0,stress,0.3157273388684856,0.8918205137018805,0.39540848000738293,-0.6497269247673323,387.33862378416876,251.47828020756114
20260930,gbt,surv,fixed_1d,top10_ew,10.0,stress,0.1942247378585571,0.6462786354987167,0.39525362810261244,-0.6601368280161242,387.33862378416876,251.47828020756114
20260930,gbt,surv,fixed_1d,top10_ew,20.0,stress,-0.016269423513796344,0.15461365510144573,0.39495307690409065,-0.790991499030523,387.33862378416876,251.47828020756114
20260930,gbt,surv,fixed_1d,top10_ew,0.0,cost_v1,0.44953602119493064,1.1371613894994983,0.395566378028741,-0.6401864339522683,387.33862378416876,251.47828020756114
20260930,gbt,surv,fixed_1d,top10_ew,5.0,cost_v1,0.2784136603603933,0.8186995715732983,0.39556627273906597,-0.6509345121637127,387.33862378416876,251.47828020756114
20260930,gbt,surv,fixed_1d,top10_ew,10.0,cost_v1,0.12742200995134456,0.5002375407538725,0.3955662017368512,-0.6635474873861887,387.33862378416876,251.47828020756114
20260930,gbt,surv,fixed_1d,top10_ew,20.0,cost_v1,-0.12333279526646956,-0.13668682831559026,0.39556616259486765,-0.9693007490201805,387.33862378416876,251.47828020756114
20260930,gbt,surv,fixed_21d,top1,0.0,primary,-0.1614472934123553,0.25463120398664907,0.9401713954627308,-0.9989517783762171,21.660489251297257,12.021571534469977
20260930,gbt,surv,fixed_21d,top1,5.0,primary,-0.16597701301294254,0.24887063148716923,0.9401723522014263,-0.9990138237802263,21.660489251297257,12.021571534469977
20260930,gbt,surv,fixed_21d,top1,10.0,primary,-0.17048450642750934,0.24310935888302918,0.9401760617853515,-0.9990722249736423,21.660489251297257,12.021571534469977
20260930,gbt,surv,fixed_21d,top1,20.0,primary,-0.1794332064997014,0.2315849158696948,0.9401917393343733,-0.9991789319524338,21.660489251297257,12.021571534469977
20260930,gbt,surv,fixed_21d,top1,0.0,stress,-0.1614472934123553,0.25463120398664907,0.9401713954627308,-0.9989517783762171,21.660489251297257,12.021571534469977
20260930,gbt,surv,fixed_21d,top1,5.0,stress,-0.16597701301294254,0.24887063148716923,0.9401723522014263,-0.9990138237802263,21.660489251297257,12.021571534469977
20260930,gbt,surv,fixed_21d,top1,10.0,stress,-0.17048450642750934,0.24310935888302918,0.9401760617853515,-0.9990722249736423,21.660489251297257,12.021571534469977
20260930,gbt,surv,fixed_21d,top1,20.0,stress,-0.1794332064997014,0.2315849158696948,0.9401917393343733,-0.9991789319524338,21.660489251297257,12.021571534469977
20260930,gbt,surv,fixed_21d,top1,0.0,cost_v1,-0.1614472934123553,0.25463120398664907,0.9401713954627308,-0.9989517783762171,21.660489251297257,12.021571534469977
20260930,gbt,surv,fixed_21d,top1,5.0,cost_v1,-0.16650410992607312,0.24821866999072445,0.940199281921066,-0.9990237395610414,21.660489251297257,12.021571534469977
20260930,gbt,surv,fixed_21d,top1,10.0,cost_v1,-0.1715329617768856,0.24180573219834725,0.9402302175466507,-0.999090793295099,21.660489251297257,12.021571534469977
20260930,gbt,surv,fixed_21d,top1,20.0,cost_v1,-0.18150733345116155,0.22897889523896944,0.9403012350661054,-0.9992114857748622,21.660489251297257,12.021571534469977
20260930,gbt,surv,fixed_21d,top10_ew,0.0,primary,0.38947387634013797,0.7637220855120459,0.6269551116608288,-0.691011555433607,20.61171515293922,12.021571534469977
20260930,gbt,surv,fixed_21d,top10_ew,5.0,primary,0.3823308832771368,0.755478311536495,0.6269501913563159,-0.6930999533904445,20.61171515293922,12.021571534469977
20260930,gbt,surv,fixed_21d,top10_ew,10.0,primary,0.3752215277426483,0.7472303205662703,0.6269487006518089,-0.6953350058362419,20.61171515293922,12.021571534469977
20260930,gbt,surv,fixed_21d,top10_ew,20.0,primary,0.36110315415160477,0.7307222290333452,0.6269560080843851,-0.6997592680708333,20.61171515293922,12.021571534469977
20260930,gbt,surv,fixed_21d,top10_ew,0.0,stress,0.38947387634013797,0.7637220855120459,0.6269551116608288,-0.691011555433607,20.61171515293922,12.021571534469977
20260930,gbt,surv,fixed_21d,top10_ew,5.0,stress,0.3823308832771368,0.755478311536495,0.6269501913563159,-0.6930999533904445,20.61171515293922,12.021571534469977
20260930,gbt,surv,fixed_21d,top10_ew,10.0,stress,0.3752215277426483,0.7472303205662703,0.6269487006518089,-0.6953350058362419,20.61171515293922,12.021571534469977
20260930,gbt,surv,fixed_21d,top10_ew,20.0,stress,0.36110315415160477,0.7307222290333452,0.6269560080843851,-0.6997592680708333,20.61171515293922,12.021571534469977
20260930,gbt,surv,fixed_21d,top10_ew,0.0,cost_v1,0.38947387634013797,0.7637220855120459,0.6269551116608288,-0.691011555433607,20.61171515293922,12.021571534469977
20260930,gbt,surv,fixed_21d,top10_ew,5.0,cost_v1,0.3811513396111983,0.7541110006275646,0.6269600972678901,-0.6934577124539356,20.61171515293922,12.021571534469977
20260930,gbt,surv,fixed_21d,top10_ew,10.0,cost_v1,0.37287452506226604,0.7444946373189713,0.6269696567450984,-0.696045217568475,20.61171515293922,12.021571534469977
20260930,gbt,surv,fixed_21d,top10_ew,20.0,cost_v1,0.35645714955845875,0.7252469195055479,0.6270024963730432,-0.7011586872488682,20.61171515293922,12.021571534469977
20260930,gbt,surv,fixed_126d,top1,0.0,primary,0.03336361504692498,0.4253029944031201,2.960193454665689,-0.9971854602902355,3.898888065233506,2.003595255744996
20260930,gbt,surv,fixed_126d,top1,5.0,primary,0.03235661535824996,0.4249736507638835,2.960195243381064,-0.9972064956162284,3.898888065233506,2.003595255744996
20260930,gbt,surv,fixed_126d,top1,10.0,primary,0.03135010082651957,0.4246442844723058,2.9601971927805657,-0.9972273841359945,3.898888065233506,2.003595255744996
20260930,gbt,surv,fixed_126d,top1,20.0,primary,0.029338527242418033,0.4239854841470423,2.960201573630654,-0.9972687245585748,3.898888065233506,2.003595255744996
20260930,gbt,surv,fixed_126d,top1,0.0,stress,0.03336361504692498,0.4253029944031201,2.960193454665689,-0.9971854602902355,3.898888065233506,2.003595255744996
20260930,gbt,surv,fixed_126d,top1,5.0,stress,0.03235661535824996,0.4249736507638835,2.960195243381064,-0.9972064956162284,3.898888065233506,2.003595255744996
20260930,gbt,surv,fixed_126d,top1,10.0,stress,0.03135010082651957,0.4246442844723058,2.9601971927805657,-0.9972273841359945,3.898888065233506,2.003595255744996
20260930,gbt,surv,fixed_126d,top1,20.0,stress,0.029338527242418033,0.4239854841470423,2.960201573630654,-0.9972687245585748,3.898888065233506,2.003595255744996
20260930,gbt,surv,fixed_126d,top1,0.0,cost_v1,0.03336361504692498,0.4253029944031201,2.960193454665689,-0.9971854602902355,3.898888065233506,2.003595255744996
20260930,gbt,surv,fixed_126d,top1,5.0,cost_v1,0.03232468368486585,0.424963618454776,2.9601957104156345,-0.9972066988247434,3.898888065233506,2.003595255744996
20260930,gbt,surv,fixed_126d,top1,10.0,cost_v1,0.03128627451127297,0.42462421889486485,2.9601981343755015,-0.9972277877194667,3.898888065233506,2.003595255744996
20260930,gbt,surv,fixed_126d,top1,20.0,cost_v1,0.029211022725648794,0.42394534917225485,2.9602034869233194,-0.9972695205011821,3.898888065233506,2.003595255744996
20260930,gbt,surv,fixed_126d,top10_ew,0.0,primary,0.45735073201634036,0.8728216662465352,0.6275410668626064,-0.7471772292999465,3.805822609326325,2.003595255744996
20260930,gbt,surv,fixed_126d,top10_ew,5.0,primary,0.455964461386019,0.8713006925829709,0.6275397034501204,-0.7474169074441854,3.805822609326325,2.003595255744996
20260930,gbt,surv,fixed_126d,top10_ew,10.0,primary,0.45457885866833037,0.8697787273184092,0.6275390507013877,-0.747656471963448,3.805822609326325,2.003595255744996
20260930,gbt,surv,fixed_126d,top10_ew,20.0,primary,0.45180965691361097,0.8667318426545138,0.6275398772016377,-0.7481352601270452,3.805822609326325,2.003595255744996
20260930,gbt,surv,fixed_126d,top10_ew,0.0,stress,0.45735073201634036,0.8728216662465352,0.6275410668626064,-0.7471772292999465,3.805822609326325,2.003595255744996
20260930,gbt,surv,fixed_126d,top10_ew,5.0,stress,0.455964461386019,0.8713006925829709,0.6275397034501204,-0.7474169074441854,3.805822609326325,2.003595255744996
20260930,gbt,surv,fixed_126d,top10_ew,10.0,stress,0.45457885866833037,0.8697787273184092,0.6275390507013877,-0.747656471963448,3.805822609326325,2.003595255744996
20260930,gbt,surv,fixed_126d,top10_ew,20.0,stress,0.45180965691361097,0.8667318426545138,0.6275398772016377,-0.7481352601270452,3.805822609326325,2.003595255744996
20260930,gbt,surv,fixed_126d,top10_ew,0.0,cost_v1,0.45735073201634036,0.8728216662465352,0.6275410668626064,-0.7471772292999465,3.805822609326325,2.003595255744996
20260930,gbt,surv,fixed_126d,top10_ew,5.0,cost_v1,0.45589557031969874,0.8712254164682005,0.6275388314360588,-0.7474343668401939,3.805822609326325,2.003595255744996
20260930,gbt,surv,fixed_126d,top10_ew,10.0,cost_v1,0.45444113622918847,0.8696280557354973,0.6275373894842845,-0.7476913736354737,3.805822609326325,2.003595255744996
20260930,gbt,surv,fixed_126d,top10_ew,20.0,cost_v1,0.4515344508613661,0.8664300255956874,0.6275368860239249,-0.7482049949911286,3.805822609326325,2.003595255744996
20260930,lstm,pit,argmax_conf,top1,0.0,primary,-0.5156850788415093,-0.3756514556499769,0.8748647968005531,-0.9999991830252605,5.415122312824314,3.140770941438102
20260930,lstm,pit,argmax_conf,top1,5.0,primary,-0.5163404518397983,-0.37717525933422424,0.8748756947307748,-0.9999992016057793,5.415122312824314,3.140770941438102
20260930,lstm,pit,argmax_conf,top1,10.0,primary,-0.5169952587098992,-0.37869870712966547,0.8748873271491993,-0.9999992197726039,5.415122312824314,3.140770941438102
20260930,lstm,pit,argmax_conf,top1,20.0,primary,-0.5183031749250129,-0.38174451981744867,0.8749127953316223,-0.9999992549010303,5.415122312824314,3.140770941438102
20260930,lstm,pit,argmax_conf,top1,0.0,stress,-0.5340368340917913,-0.41027270294919316,0.8803787416508235,-0.9999995996823913,5.415122312824314,3.140770941438102
20260930,lstm,pit,argmax_conf,top1,5.0,stress,-0.5346673735688803,-0.4117866580924939,0.8803893750848595,-0.9999996087868451,5.415122312824314,3.140770941438102
20260930,lstm,pit,argmax_conf,top1,10.0,stress,-0.5352973683696204,-0.4133002340185499,0.8804007384139126,-0.9999996176885889,5.415122312824314,3.140770941438102
20260930,lstm,pit,argmax_conf,top1,20.0,stress,-0.536555724768963,-0.4163262332763497,0.8804256546422098,-0.9999996349015172,5.415122312824314,3.140770941438102
20260930,lstm,pit,argmax_conf,top1,0.0,cost_v1,-0.5156850788415093,-0.3756514556499769,0.8748647968005531,-0.9999991830252605,5.415122312824314,3.140770941438102
20260930,lstm,pit,argmax_conf,top1,5.0,cost_v1,-0.5164677078591721,-0.3774366514381447,0.8748952646370085,-0.999999205053721,5.415122312824314,3.140770941438102
20260930,lstm,pit,argmax_conf,top1,10.0,cost_v1,-0.5172494806309379,-0.37922133843406775,0.8749266194839951,-0.9999992264993108,5.415122312824314,3.140770941438102
20260930,lstm,pit,argmax_conf,top1,20.0,cost_v1,-0.5188104594315867,-0.3827891647286981,0.8749919898254375,-0.9999992677020104,5.415122312824314,3.140770941438102
20260930,lstm,pit,argmax_conf,top10_ew,0.0,primary,-0.05259747554221694,0.055368542415406875,0.38955141007672245,-0.868815441765595,5.581008035249406,3.140770941438102
20260930,lstm,pit,argmax_conf,top10_ew,5.0,primary,-0.05391871470771947,0.05178236381049204,0.38955172779276453,-0.869682725211949,5.581008035249406,3.140770941438102
20260930,lstm,pit,argmax_conf,top10_ew,10.0,primary,-0.0552387020768913,0.04819599486559132,0.3895536312443833,-0.870544658263252,5.581008035249406,3.140770941438102
20260930,lstm,pit,argmax_conf,top10_ew,20.0,primary,-0.05787492396687011,0.04102286116575282,0.38956219524200875,-0.8722525955915557,5.581008035249406,3.140770941438102
20260930,lstm,pit,argmax_conf,top10_ew,0.0,stress,-0.13023224740725958,-0.15311572843462745,0.3975592545146061,-0.9533107594340229,5.641937022279194,3.140770941438102
20260930,lstm,pit,argmax_conf,top10_ew,5.0,stress,-0.13145845329600847,-0.1566691015821828,0.3975578596791739,-0.9541526127958221,5.641937022279194,3.140770941438102
20260930,lstm,pit,argmax_conf,top10_ew,10.0,stress,-0.13268348392269547,-0.16022186040361985,0.3975580510321739,-0.9549796637992969,5.641937022279194,3.140770941438102
20260930,lstm,pit,argmax_conf,top10_ew,20.0,stress,-0.13513002180474332,-0.1673253650016584,0.3975631922753233,-0.9565903690495258,5.641937022279194,3.140770941438102
20260930,lstm,pit,argmax_conf,top10_ew,0.0,cost_v1,-0.05259747554221694,0.055368542415406875,0.38955141007672245,-0.868815441765595,5.581008035249406,3.140770941438102
20260930,lstm,pit,argmax_conf,top10_ew,5.0,cost_v1,-0.054086389680170543,0.051329361501981224,0.3895546049683443,-0.8697894159420732,5.581008035249406,3.140770941438102
20260930,lstm,pit,argmax_conf,top10_ew,10.0,cost_v1,-0.05557370874725087,0.0472900047177207,0.3895597943902385,-0.8707566381292431,5.581008035249406,3.140770941438102
20260930,lstm,pit,argmax_conf,top10_ew,20.0,cost_v1,-0.05854356531150895,0.039211011771065334,0.3895761564753873,-0.8726710002070607,5.581008035249406,3.140770941438102
20260930,lstm,pit,fixed_1d,top1,0.0,primary,-0.5127441849697196,-0.20648797992045229,1.0320567047085494,-0.9999986375738272,302.7594885100074,251.47828020756114
20260930,lstm,pit,fixed_1d,top1,5.0,primary,-0.5482718695739448,-0.27988160407317675,1.0318066699584587,-0.9999996579600412,302.7594885100074,251.47828020756114
20260930,lstm,pit,fixed_1d,top1,10.0,primary,-0.5812249211980438,-0.3533058070195219,1.031571234899074,-0.9999999141893782,302.7594885100074,251.47828020756114
20260930,lstm,pit,fixed_1d,top1,20.0,primary,-0.640135578732392,-0.5002335362522475,1.031144203233814,-0.999999994610242,302.7594885100074,251.47828020756114
20260930,lstm,pit,fixed_1d,top1,0.0,stress,-0.5575987190212377,-0.28214382294816875,1.0437412022496584,-0.9999997710170526,302.7594885100074,251.47828020756114
20260930,lstm,pit,fixed_1d,top1,5.0,stress,-0.5898558880365363,-0.3547262739034036,1.0434787476736334,-0.999999942513349,302.7594885100074,251.47828020756114
20260930,lstm,pit,fixed_1d,top1,10.0,stress,-0.6197754329674767,-0.42733933368882016,1.0432307255683793,-0.99999998557781,302.7594885100074,251.47828020756114
20260930,lstm,pit,fixed_1d,top1,20.0,stress,-0.6732630457420461,-0.5726452823481619,1.0427780193636507,-0.9999999990941435,302.7594885100074,251.47828020756114
20260930,lstm,pit,fixed_1d,top1,0.0,cost_v1,-0.5127441849697196,-0.20648797992045229,1.0320567047085494,-0.9999986375738272,302.7594885100074,251.47828020756114
20260930,lstm,pit,fixed_1d,top1,5.0,cost_v1,-0.5706030097615715,-0.3285480024176507,1.0320567335110895,-0.9999998631900375,302.7594885100074,251.47828020756114
20260930,lstm,pit,fixed_1d,top1,10.0,cost_v1,-0.6216156167753761,-0.45060801236415576,1.0320567754553196,-0.999999986277992,302.7594885100074,251.47828020756114
20260930,lstm,pit,fixed_1d,top1,20.0,cost_v1,-0.7062362296131197,-0.6947279759540925,1.0320568987688423,-0.9999999998649376,302.7594885100074,251.47828020756114
20260930,lstm,pit,fixed_1d,top10_ew,0.0,primary,0.05939567440231652,0.3398970442852935,0.358906717064363,-0.678921996550655,243.27834207726417,251.47828020756114
20260930,lstm,pit,fixed_1d,top10_ew,5.0,primary,-0.003124353323343154,0.17007828450883505,0.35882137876892634,-0.8100702037532032,243.27834207726417,251.47828020756114
20260930,lstm,pit,fixed_1d,top10_ew,10.0,primary,-0.06197032494011456,0.0001787271086987182,0.3587412585533913,-0.9074732436609115,243.27834207726417,251.47828020756114
20260930,lstm,pit,fixed_1d,top10_ew,20.0,primary,-0.16948755720142195,-0.3398333097985228,0.35859668612456086,-0.9780533659740032,243.27834207726417,251.47828020756114
20260930,lstm,pit,fixed_1d,top10_ew,0.0,stress,-0.03571062585164897,0.08051742142269354,0.3629104441746212,-0.881769463952448,243.3433944098882,251.47828020756114
20260930,lstm,pit,fixed_1d,top10_ew,5.0,stress,-0.0926327337914471,-0.0874821298385396,0.36281585422376184,-0.9420437319713225,243.3433944098882,251.47828020756114
20260930,lstm,pit,fixed_1d,top10_ew,10.0,stress,-0.14620888385597974,-0.2555656702890808,0.36272641940060213,-0.9717715978127985,243.3433944098882,251.47828020756114
20260930,lstm,pit,fixed_1d,top10_ew,20.0,stress,-0.24409528667992486,-0.5919562567612339,0.3625630301771092,-0.9949746975960172,243.3433944098882,251.47828020756114
20260930,lstm,pit,fixed_1d,top10_ew,0.0,cost_v1,0.05939567440231652,0.3398970442852935,0.358906717064363,-0.678921996550655,243.27834207726417,251.47828020756114
20260930,lstm,pit,fixed_1d,top10_ew,5.0,cost_v1,-0.06580973682619651,-0.011093528654852297,0.3589066993639149,-0.9161969837516405,243.27834207726417,251.47828020756114
20260930,lstm,pit,fixed_1d,top10_ew,10.0,cost_v1,-0.17626953006239943,-0.3620840980908488,0.3589067194531503,-0.981996843330186,243.27834207726417,251.47828020756114
20260930,lstm,pit,fixed_1d,top10_ew,20.0,cost_v1,-0.3596718858071174,-1.064064782976498,0.35890687300063423,-0.9997359091558662,243.27834207726417,251.47828020756114
20260930,lstm,pit,fixed_21d,top1,0.0,primary,-0.2425243930278288,0.019299806579366835,0.7613894975968892,-0.9988359645086102,21.606338028169013,12.021571534469977
20260930,lstm,pit,fixed_21d,top1,5.0,primary,-0.24660594481794718,0.012243194472760404,0.761420255717786,-0.9989364415640543,21.606338028169013,12.021571534469977
20260930,lstm,pit,fixed_21d,top1,10.0,primary,-0.25066752193478636,0.00518712963913166,0.7614543634159529,-0.9990282894873355,21.606338028169013,12.021571534469977
20260930,lstm,pit,fixed_21d,top1,20.0,primary,-0.2587311032894797,-0.008922986108830416,0.7615326256996376,-0.9991889845231005,21.606338028169013,12.021571534469977
20260930,lstm,pit,fixed_21d,top1,0.0,stress,-0.25701418764668627,-0.0020676373388591436,0.7645904364509638,-0.9991851751699036,21.606338028169013,12.021571534469977
20260930,lstm,pit,fixed_21d,top1,5.0,stress,-0.26101766319696196,-0.009093855692520794,0.7646206119136923,-0.9992555091075166,21.606338028169013,12.021571534469977
20260930,lstm,pit,fixed_21d,top1,10.0,stress,-0.26500154617063654,-0.01611944917671918,0.7646541229834721,-0.9993198026527185,21.606338028169013,12.021571534469977
20260930,lstm,pit,fixed_21d,top1,20.0,stress,-0.27291087881204235,-0.030168394221473514,0.7647311501465142,-0.9994322891758384,21.606338028169013,12.021571534469977
20260930,lstm,pit,fixed_21d,top1,0.0,cost_v1,-0.2425243930278288,0.019299806579366835,0.7613894975968892,-0.9988359645086102,21.606338028169013,12.021571534469977
20260930,lstm,pit,fixed_21d,top1,5.0,cost_v1,-0.2471101901615569,0.011389896580544179,0.761438954080915,-0.9989494990516951,21.606338028169013,12.021571534469977
20260930,lstm,pit,fixed_21d,top1,10.0,cost_v1,-0.2516705329192144,0.0034809968331949875,0.7614921732475105,-0.9990520094493981,21.606338028169013,12.021571534469977
20260930,lstm,pit,fixed_21d,top1,20.0,cost_v1,-0.26071536864305267,-0.012333303955489767,0.761609896417534,-0.9992281177867276,21.606338028169013,12.021571534469977
20260930,lstm,pit,fixed_21d,top10_ew,0.0,primary,-0.0019639642017719172,0.1850351171808253,0.38112743821392026,-0.74787221121565,18.754841529971763,12.021571534469977
20260930,lstm,pit,fixed_21d,top10_ew,5.0,primary,-0.006633457458662728,0.17272997391827144,0.3811581245174968,-0.7494328612363603,18.754841529971763,12.021571534469977
20260930,lstm,pit,fixed_21d,top10_ew,10.0,primary,-0.011282985099600906,0.1604248155966008,0.3811935540965267,-0.7510532315398806,18.754841529971763,12.021571534469977
20260930,lstm,pit,fixed_21d,top10_ew,20.0,primary,-0.020522452754795473,0.1358162927204741,0.38127863761480507,-0.7543351521566442,18.754841529971763,12.021571534469977
20260930,lstm,pit,fixed_21d,top10_ew,0.0,stress,-0.054763620420349546,0.0447692032988143,0.383979100123685,-0.8089660117210306,18.794174919759314,12.021571534469977
20260930,lstm,pit,fixed_21d,top10_ew,5.0,stress,-0.05919533571580804,0.032541858695832655,0.3840076177248157,-0.8209752500068757,18.794174919759314,12.021571534469977
20260930,lstm,pit,fixed_21d,top10_ew,10.0,stress,-0.06360806196553781,0.020316079972499665,0.3840408623551605,-0.8322802670745378,18.794174919759314,12.021571534469977
20260930,lstm,pit,fixed_21d,top10_ew,20.0,stress,-0.07237684205306272,-0.004128976215238478,0.38412152761964696,-0.852847690251062,18.794174919759314,12.021571534469977
20260930,lstm,pit,fixed_21d,top10_ew,0.0,cost_v1,-0.0019639642017719172,0.1850351171808253,0.38112743821392026,-0.74787221121565,18.754841529971763,12.021571534469977
20260930,lstm,pit,fixed_21d,top10_ew,5.0,cost_v1,-0.00796767620600991,0.16921133317649933,0.3811801484222128,-0.7497607836878353,18.754841529971763,12.021571534469977
20260930,lstm,pit,fixed_21d,top10_ew,10.0,cost_v1,-0.013938262621337127,0.1533889012702952,0.38124037342238454,-0.7517384536517344,18.754841529971763,12.021571534469977
20260930,lstm,pit,fixed_21d,top10_ew,20.0,cost_v1,-0.02578072297376144,0.12175183690738568,0.381383353114042,-0.7556868082643031,18.754841529971763,12.021571534469977
20260930,lstm,pit,fixed_126d,top1,0.0,primary,-0.34383150972941023,-0.11440523874633106,0.8100994582117947,-0.999761992873704,3.5739807264640473,2.003595255744996
20260930,lstm,pit,fixed_126d,top1,5.0,primary,-0.34441766888027026,-0.11550644689283456,0.810097950695442,-0.9997654198836635,3.5739807264640473,2.003595255744996
20260930,lstm,pit,fixed_126d,top1,10.0,primary,-0.3450035795616795,-0.11660758515571076,0.8100969571478545,-0.9997687991399524,3.5739807264640473,2.003595255744996
20260930,lstm,pit,fixed_126d,top1,20.0,primary,-0.3461746555017169,-0.11880964364539698,0.8100965119655613,-0.9997754169562332,3.5739807264640473,2.003595255744996
20260930,lstm,pit,fixed_126d,top1,0.0,stress,-0.41563178544681856,-0.22989262936998053,0.8279213521100335,-0.9999719987024596,3.5739807264640473,2.003595255744996
20260930,lstm,pit,fixed_126d,top1,5.0,stress,-0.416153804991358,-0.23097045050893825,0.827919459488296,-0.9999724018867131,3.5739807264640473,2.003595255744996
20260930,lstm,pit,fixed_126d,top1,10.0,stress,-0.4166756032548521,-0.23204813562216234,0.8279180697704484,-0.9999727994527956,3.5739807264640473,2.003595255744996
20260930,lstm,pit,fixed_126d,top1,20.0,stress,-0.41771853592585495,-0.23420308991110167,0.8279167990556362,-0.9999735780321837,3.5739807264640473,2.003595255744996
20260930,lstm,pit,fixed_126d,top1,0.0,cost_v1,-0.34383150972941023,-0.11440523874633106,0.8100994582117947,-0.999761992873704,3.5739807264640473,2.003595255744996
20260930,lstm,pit,fixed_126d,top1,5.0,cost_v1,-0.34449313737579634,-0.11564364076718862,0.8101031855516838,-0.9997657914660165,3.5739807264640473,2.003595255744996
20260930,lstm,pit,fixed_126d,top1,10.0,cost_v1,-0.3451544317080564,-0.11688194271182953,0.8101075275335172,-0.9997695313042839,3.5739807264640473,2.003595255744996
20260930,lstm,pit,fixed_126d,top1,20.0,cost_v1,-0.34647602043207226,-0.11935823511128858,0.8101180553820874,-0.999776838225133,3.5739807264640473,2.003595255744996
20260930,lstm,pit,fixed_126d,top10_ew,0.0,primary,-0.024761726189557742,0.12578921105513693,0.38410819875438906,-0.7751633587562826,3.6620014235763922,2.003595255744996
20260930,lstm,pit,fixed_126d,top10_ew,5.0,primary,-0.025654351458555102,0.12340298508724042,0.38411035170439106,-0.7753811192688077,3.6620014235763922,2.003595255744996
20260930,lstm,pit,fixed_126d,top10_ew,10.0,primary,-0.026546565297251745,0.12101644732116004,0.38411357922264083,-0.7755987743864434,3.6620014235763922,2.003595255744996
20260930,lstm,pit,fixed_126d,top10_ew,20.0,primary,-0.028329758715034403,0.11624251658147322,0.3841232578465195,-0.7760337684370469,3.6620014235763922,2.003595255744996
20260930,lstm,pit,fixed_126d,top10_ew,0.0,stress,-0.07721840080437992,-0.015049675412222394,0.38729165789837333,-0.8291089501492453,3.703631692516287,2.003595255744996
20260930,lstm,pit,fixed_126d,top10_ew,5.0,stress,-0.07807261210819572,-0.017442778925420593,0.38729296282646447,-0.8314070382375294,3.703631692516287,2.003595255744996
20260930,lstm,pit,fixed_126d,top10_ew,10.0,stress,-0.07892642443685272,-0.01983581056787612,0.38729535616335203,-0.8336752795252492,3.703631692516287,2.003595255744996
20260930,lstm,pit,fixed_126d,top10_ew,20.0,stress,-0.08063285220010996,-0.024621577553394537,0.3873034079736308,-0.838123712795773,3.703631692516287,2.003595255744996
20260930,lstm,pit,fixed_126d,top10_ew,0.0,cost_v1,-0.024761726189557742,0.12578921105513693,0.38410819875438906,-0.7751633587562826,3.6620014235763922,2.003595255744996
20260930,lstm,pit,fixed_126d,top10_ew,5.0,cost_v1,-0.02573941548783165,0.1231754878562724,0.384110574719471,-0.7753949674141644,3.6620014235763922,2.003595255744996
20260930,lstm,pit,fixed_126d,top10_ew,10.0,cost_v1,-0.026716613835549685,0.12056139011677855,0.3841142470045127,-0.7756264569741345,3.6620014235763922,2.003595255744996
20260930,lstm,pit,fixed_126d,top10_ew,20.0,cost_v1,-0.028669537682875057,0.11533217697754962,0.38412548037263533,-0.7760890788003398,3.6620014235763922,2.003595255744996
20260930,lstm,surv,argmax_conf,top1,0.0,primary,0.29486934780126584,0.517209815142973,2.9309600021853672,-0.9710260293644443,5.631727205337286,2.8700148257968863
20260930,lstm,surv,argmax_conf,top1,5.0,primary,0.2930470919534922,0.5167252184937171,2.9309570952024586,-0.9711272862750207,5.631727205337286,2.8700148257968863
20260930,lstm,surv,argmax_conf,top1,10.0,primary,0.29122649941076806,0.516240578601873,2.9309544282716145,-0.9712282397185853,5.631727205337286,2.8700148257968863
20260930,lstm,surv,argmax_conf,top1,20.0,primary,0.28759030144375464,0.5152711695658374,2.930949814568681,-0.9714292392363145,5.631727205337286,2.8700148257968863
20260930,lstm,surv,argmax_conf,top1,0.0,stress,0.29486934780126584,0.517209815142973,2.9309600021853672,-0.9710260293644443,5.631727205337286,2.8700148257968863
20260930,lstm,surv,argmax_conf,top1,5.0,stress,0.2930470919534922,0.5167252184937171,2.9309570952024586,-0.9711272862750207,5.631727205337286,2.8700148257968863
20260930,lstm,surv,argmax_conf,top1,10.0,stress,0.29122649941076806,0.516240578601873,2.9309544282716145,-0.9712282397185853,5.631727205337286,2.8700148257968863
20260930,lstm,surv,argmax_conf,top1,20.0,stress,0.28759030144375464,0.5152711695658374,2.930949814568681,-0.9714292392363145,5.631727205337286,2.8700148257968863
20260930,lstm,surv,argmax_conf,top1,0.0,cost_v1,0.29486934780126584,0.517209815142973,2.9309600021853672,-0.9710260293644443,5.631727205337286,2.8700148257968863
20260930,lstm,surv,argmax_conf,top1,5.0,cost_v1,0.29302089669310116,0.5167195230931544,2.930958747090812,-0.9711245688305101,5.631727205337286,2.8700148257968863
20260930,lstm,surv,argmax_conf,top1,10.0,cost_v1,0.2911741623965223,0.5162291879101517,2.930957734506378,-0.9712228213221274,5.631727205337286,2.8700148257968863
20260930,lstm,surv,argmax_conf,top1,20.0,cost_v1,0.2874858412760817,0.5152483886311205,2.9309564368688195,-0.9714184681635817,5.631727205337286,2.8700148257968863
20260930,lstm,surv,argmax_conf,top10_ew,0.0,primary,0.4530104573570952,0.9212796144591183,0.5809774385570373,-0.7485500225719965,5.288984231952387,2.8700148257968863
20260930,lstm,surv,argmax_conf,top10_ew,5.0,primary,0.45109004900187966,0.9190039996823363,0.5809667895140943,-0.748921801084133,5.288984231952387,2.8700148257968863
20260930,lstm,surv,argmax_conf,top10_ew,10.0,primary,0.4491712981824443,0.9167266488302939,0.5809571878033574,-0.7492932130282906,5.288984231952387,2.8700148257968863
20260930,lstm,surv,argmax_conf,top10_ew,20.0,primary,0.4453387664346147,0.9121667875254653,0.5809411265805593,-0.7500349379357418,5.288984231952387,2.8700148257968863
20260930,lstm,surv,argmax_conf,top10_ew,0.0,stress,0.4530104573570952,0.9212796144591183,0.5809774385570373,-0.7485500225719965,5.288984231952387,2.8700148257968863
20260930,lstm,surv,argmax_conf,top10_ew,5.0,stress,0.45109004900187966,0.9190039996823363,0.5809667895140943,-0.748921801084133,5.288984231952387,2.8700148257968863
20260930,lstm,surv,argmax_conf,top10_ew,10.0,stress,0.4491712981824443,0.9167266488302939,0.5809571878033574,-0.7492932130282906,5.288984231952387,2.8700148257968863
20260930,lstm,surv,argmax_conf,top10_ew,20.0,stress,0.4453387664346147,0.9121667875254653,0.5809411265805593,-0.7500349379357418,5.288984231952387,2.8700148257968863
20260930,lstm,surv,argmax_conf,top10_ew,0.0,cost_v1,0.4530104573570952,0.9212796144591183,0.5809774385570373,-0.7485500225719965,5.288984231952387,2.8700148257968863
20260930,lstm,surv,argmax_conf,top10_ew,5.0,cost_v1,0.45093556412693636,0.9188205233841157,0.5809676450390374,-0.7489316373197887,5.288984231952387,2.8700148257968863
20260930,lstm,surv,argmax_conf,top10_ew,10.0,cost_v1,0.4488626005864036,0.9163594198423913,0.5809590748314691,-0.7493128658689823,5.288984231952387,2.8700148257968863
20260930,lstm,surv,argmax_conf,top10_ew,20.0,cost_v1,0.4447224592361798,0.9114312368891404,0.5809456045564575,-0.7500741651534405,5.288984231952387,2.8700148257968863
20260930,lstm,surv,fixed_1d,top1,0.0,primary,0.27243605937996307,0.6120278993776495,1.1215627007206603,-0.9710615210649514,285.16034099332836,251.47828020756114
20260930,lstm,surv,fixed_1d,top1,5.0,primary,0.18486082045261054,0.5483033845333807,1.1212180041299649,-0.9823760839583596,285.16034099332836,251.47828020756114
20260930,lstm,surv,fixed_1d,top1,10.0,primary,0.10327359158850458,0.48453365514996644,1.120887235413901,-0.9893625758460131,285.16034099332836,251.47828020756114
20260930,lstm,surv,fixed_1d,top1,20.0,primary,-0.043536355003446325,0.3568678942919747,1.1202675304341005,-0.9964687282651331,285.16034099332836,251.47828020756114
20260930,lstm,surv,fixed_1d,top1,0.0,stress,0.27243605937996307,0.6120278993776495,1.1215627007206603,-0.9710615210649514,285.16034099332836,251.47828020756114
20260930,lstm,surv,fixed_1d,top1,5.0,stress,0.18486082045261054,0.5483033845333807,1.1212180041299649,-0.9823760839583596,285.16034099332836,251.47828020756114
20260930,lstm,surv,fixed_1d,top1,10.0,stress,0.10327359158850458,0.48453365514996644,1.120887235413901,-0.9893625758460131,285.16034099332836,251.47828020756114
20260930,lstm,surv,fixed_1d,top1,20.0,stress,-0.043536355003446325,0.3568678942919747,1.1202675304341005,-0.9964687282651331,285.16034099332836,251.47828020756114
20260930,lstm,surv,fixed_1d,top1,0.0,cost_v1,0.27243605937996307,0.6120278993776495,1.1215627007206603,-0.9710615210649514,285.16034099332836,251.47828020756114
20260930,lstm,surv,fixed_1d,top1,5.0,cost_v1,0.12197525335288661,0.4997088608873369,1.1215626408726431,-0.9877246379545358,285.16034099332836,251.47828020756114
20260930,lstm,surv,fixed_1d,top1,10.0,cost_v1,-0.0107566430139584,0.3873898062331313,1.121562593117547,-0.9954323196583358,285.16034099332836,251.47828020756114
20260930,lstm,surv,fixed_1d,top1,20.0,cost_v1,-0.23111670757453018,0.16275166296560187,1.121562533886122,-0.99984086571404,285.16034099332836,251.47828020756114
20260930,lstm,surv,fixed_1d,top10_ew,0.0,primary,0.35655940850932644,1.0070667507385822,0.3707712771115421,-0.4866882515392068,215.7769191982998,251.47828020756114
20260930,lstm,surv,fixed_1d,top10_ew,5.0,primary,0.28531093536721075,0.861302823125992,0.3706694674049208,-0.5245782293030852,215.7769191982998,251.47828020756114
20260930,lstm,surv,fixed_1d,top10_ew,10.0,primary,0.2177880754411574,0.7154486443696368,0.3705729184386285,-0.5953641096697775,215.7769191982998,251.47828020756114
20260930,lstm,surv,fixed_1d,top10_ew,20.0,primary,0.09315343273531473,0.4234940991128871,0.370395618958331,-0.7310945166626279,215.7769191982998,251.47828020756114
20260930,lstm,surv,fixed_1d,top10_ew,0.0,stress,0.35655940850932644,1.0070667507385822,0.3707712771115421,-0.4866882515392068,215.7769191982998,251.47828020756114
20260930,lstm,surv,fixed_1d,top10_ew,5.0,stress,0.28531093536721075,0.861302823125992,0.3706694674049208,-0.5245782293030852,215.7769191982998,251.47828020756114
20260930,lstm,surv,fixed_1d,top10_ew,10.0,stress,0.2177880754411574,0.7154486443696368,0.3705729184386285,-0.5953641096697775,215.7769191982998,251.47828020756114
20260930,lstm,surv,fixed_1d,top10_ew,20.0,stress,0.09315343273531473,0.4234940991128871,0.370395618958331,-0.7310945166626279,215.7769191982998,251.47828020756114
20260930,lstm,surv,fixed_1d,top10_ew,0.0,cost_v1,0.35655940850932644,1.0070667507385822,0.3707712771115421,-0.4866882515392068,215.7769191982998,251.47828020756114
20260930,lstm,surv,fixed_1d,top10_ew,5.0,cost_v1,0.19637974718564077,0.6673079245135898,0.3707711869750909,-0.596788854279787,215.7769191982998,251.47828020756114
20260930,lstm,surv,fixed_1d,top10_ew,10.0,cost_v1,0.055047452741287195,0.32754890077809434,0.37077113341905904,-0.7434695428586848,215.7769191982998,251.47828020756114
20260930,lstm,surv,fixed_1d,top10_ew,20.0,cost_v1,-0.17965623103926676,-0.35196933697554944,0.3707711360483052,-0.9895592518278944,215.7769191982998,251.47828020756114
20260930,lstm,surv,fixed_21d,top1,0.0,primary,0.03396769098806263,0.3630545099207072,3.9035514815965375,-0.9994798562290778,18.62802075611564,12.021571534469977
20260930,lstm,surv,fixed_21d,top1,5.0,primary,0.029162497771054507,0.3618567788982319,3.9035455586003223,-0.999505477511789,18.62802075611564,12.021571534469977
20260930,lstm,surv,fixed_21d,top1,10.0,primary,0.02437725518101863,0.3606589905239508,3.90354021700299,-0.9995298486226988,18.62802075611564,12.021571534469977
20260930,lstm,surv,fixed_21d,top1,20.0,primary,0.014866330344657896,0.3582632438590376,3.903531278014257,-0.9995750791203067,18.62802075611564,12.021571534469977
20260930,lstm,surv,fixed_21d,top1,0.0,stress,0.03396769098806263,0.3630545099207072,3.9035514815965375,-0.9994798562290778,18.62802075611564,12.021571534469977
20260930,lstm,surv,fixed_21d,top1,5.0,stress,0.029162497771054507,0.3618567788982319,3.9035455586003223,-0.999505477511789,18.62802075611564,12.021571534469977
20260930,lstm,surv,fixed_21d,top1,10.0,stress,0.02437725518101863,0.3606589905239508,3.90354021700299,-0.9995298486226988,18.62802075611564,12.021571534469977
20260930,lstm,surv,fixed_21d,top1,20.0,stress,0.014866330344657896,0.3582632438590376,3.903531278014257,-0.9995750791203067,18.62802075611564,12.021571534469977
20260930,lstm,surv,fixed_21d,top1,0.0,cost_v1,0.03396769098806263,0.3630545099207072,3.9035514815965375,-0.9994798562290778,18.62802075611564,12.021571534469977
20260930,lstm,surv,fixed_21d,top1,5.0,cost_v1,0.0277207431504245,0.36151137133554107,3.90355635506601,-0.9995145348030888,18.62802075611564,12.021571534469977
20260930,lstm,surv,fixed_21d,top1,10.0,cost_v1,0.021508382342974697,0.35996816885946575,3.9035619631641985,-0.9995469172800481,18.62802075611564,12.021571534469977
20260930,lstm,surv,fixed_21d,top1,20.0,cost_v1,0.009186726416641644,0.35688157572201057,3.903575383233642,-0.9996053879607999,18.62802075611564,12.021571534469977
20260930,lstm,surv,fixed_21d,top10_ew,0.0,primary,0.35619989411796626,0.7451353042323055,0.6015897872697193,-0.6610470286956265,17.29955764193284,12.021571534469977
20260930,lstm,surv,fixed_21d,top10_ew,5.0,primary,0.3503460415133801,0.7379269979193245,0.60158426995182,-0.6630900352446032,17.29955764193284,12.021571534469977
20260930,lstm,surv,fixed_21d,top10_ew,10.0,primary,0.34451525781537695,0.7307153860925211,0.601581365122837,-0.6651216104287744,17.29955764193284,12.021571534469977
20260930,lstm,surv,fixed_21d,top10_ew,20.0,primary,0.3329225681615624,0.7162826214656804,0.6015833930489624,-0.6691507025286305,17.29955764193284,12.021571534469977
20260930,lstm,surv,fixed_21d,top10_ew,0.0,stress,0.35619989411796626,0.7451353042323055,0.6015897872697193,-0.6610470286956265,17.29955764193284,12.021571534469977
20260930,lstm,surv,fixed_21d,top10_ew,5.0,stress,0.3503460415133801,0.7379269979193245,0.60158426995182,-0.6630900352446032,17.29955764193284,12.021571534469977
20260930,lstm,surv,fixed_21d,top10_ew,10.0,stress,0.34451525781537695,0.7307153860925211,0.601581365122837,-0.6651216104287744,17.29955764193284,12.021571534469977
20260930,lstm,surv,fixed_21d,top10_ew,20.0,stress,0.3329225681615624,0.7162826214656804,0.6015833930489624,-0.6691507025286305,17.29955764193284,12.021571534469977
20260930,lstm,surv,fixed_21d,top10_ew,0.0,cost_v1,0.35619989411796626,0.7451353042323055,0.6015897872697193,-0.6610470286956265,17.29955764193284,12.021571534469977
20260930,lstm,surv,fixed_21d,top10_ew,5.0,cost_v1,0.3480736376648852,0.7351171891772142,0.6015963666411516,-0.6634236902522155,17.29955764193284,12.021571534469977
20260930,lstm,surv,fixed_21d,top10_ew,10.0,cost_v1,0.339992041090178,0.7250935481358353,0.6016077126739883,-0.6657848720901984,17.29955764193284,12.021571534469977
20260930,lstm,surv,fixed_21d,top10_ew,20.0,cost_v1,0.3239619355326775,0.7050306439780436,0.6016447035318827,-0.6704611684968486,17.29955764193284,12.021571534469977
20260930,lstm,surv,fixed_126d,top1,0.0,primary,0.3573872861074019,0.6888411038641781,1.6024565629540333,-0.937957368606536,3.898888065233506,2.003595255744996
20260930,lstm,surv,fixed_126d,top1,5.0,primary,0.3560645294759335,0.6882347256935823,1.6024648798163825,-0.9379883899222328,3.898888065233506,2.003595255744996
20260930,lstm,surv,fixed_126d,top1,10.0,primary,0.3547424101282428,0.6876282284999089,1.6024734887226166,-0.9380194112379295,3.898888065233506,2.003595255744996
20260930,lstm,surv,fixed_126d,top1,20.0,primary,0.3521000832953931,0.6864148783856285,1.6024915826477528,-0.938081453869323,3.898888065233506,2.003595255744996
20260930,lstm,surv,fixed_126d,top1,0.0,stress,0.3573872861074019,0.6888411038641781,1.6024565629540333,-0.937957368606536,3.898888065233506,2.003595255744996
20260930,lstm,surv,fixed_126d,top1,5.0,stress,0.3560645294759335,0.6882347256935823,1.6024648798163825,-0.9379883899222328,3.898888065233506,2.003595255744996
20260930,lstm,surv,fixed_126d,top1,10.0,stress,0.3547424101282428,0.6876282284999089,1.6024734887226166,-0.9380194112379295,3.898888065233506,2.003595255744996
20260930,lstm,surv,fixed_126d,top1,20.0,stress,0.3521000832953931,0.6864148783856285,1.6024915826477528,-0.938081453869323,3.898888065233506,2.003595255744996
20260930,lstm,surv,fixed_126d,top1,0.0,cost_v1,0.3573872861074019,0.6888411038641781,1.6024565629540333,-0.937957368606536,3.898888065233506,2.003595255744996
20260930,lstm,surv,fixed_126d,top1,5.0,cost_v1,0.35601046262984304,0.6882105791064232,1.6024663400296448,-0.9379881803187526,3.898888065233506,2.003595255744996
20260930,lstm,surv,fixed_126d,top1,10.0,cost_v1,0.35463433788437193,0.6875799287416087,1.6024764277770507,-0.9380189920309692,3.898888065233506,2.003595255744996
20260930,lstm,surv,fixed_126d,top1,20.0,cost_v1,0.3518841845845897,0.6863182526777117,1.6024975352635968,-0.9380806154554022,3.898888065233506,2.003595255744996
20260930,lstm,surv,fixed_126d,top10_ew,0.0,primary,0.41322371243437517,0.836577581359433,0.6091646548295753,-0.7375496969804575,3.782077740871791,2.003595255744996
20260930,lstm,surv,fixed_126d,top10_ew,5.0,primary,0.4118878015519196,0.8350219263988046,0.6091603645931556,-0.7378041689288155,3.782077740871791,2.003595255744996
20260930,lstm,surv,fixed_126d,top10_ew,10.0,primary,0.41055252986829416,0.8334652567686508,0.6091567999344906,-0.7380585175687222,3.782077740871791,2.003595255744996
20260930,lstm,surv,fixed_126d,top10_ew,20.0,primary,0.40788390404294783,0.8303488956201615,0.6091518473987819,-0.7385668449231824,3.782077740871791,2.003595255744996
20260930,lstm,surv,fixed_126d,top10_ew,0.0,stress,0.41322371243437517,0.836577581359433,0.6091646548295753,-0.7375496969804575,3.782077740871791,2.003595255744996
20260930,lstm,surv,fixed_126d,top10_ew,5.0,stress,0.4118878015519196,0.8350219263988046,0.6091603645931556,-0.7378041689288155,3.782077740871791,2.003595255744996
20260930,lstm,surv,fixed_126d,top10_ew,10.0,stress,0.41055252986829416,0.8334652567686508,0.6091567999344906,-0.7380585175687222,3.782077740871791,2.003595255744996
20260930,lstm,surv,fixed_126d,top10_ew,20.0,stress,0.40788390404294783,0.8303488956201615,0.6091518473987819,-0.7385668449231824,3.782077740871791,2.003595255744996
20260930,lstm,surv,fixed_126d,top10_ew,0.0,cost_v1,0.41322371243437517,0.836577581359433,0.6091646548295753,-0.7375496969804575,3.782077740871791,2.003595255744996
20260930,lstm,surv,fixed_126d,top10_ew,5.0,cost_v1,0.4118155354418771,0.834938564375226,0.6091583925318698,-0.7378133822066155,3.782077740871791,2.003595255744996
20260930,lstm,surv,fixed_126d,top10_ew,10.0,cost_v1,0.41040806099757754,0.8332983955641786,0.6091529476001311,-0.7380769351024539,3.782077740871791,2.003595255744996
20260930,lstm,surv,fixed_126d,top10_ew,20.0,cost_v1,0.40759521974860435,0.8300146286421627,0.6091445099189371,-0.7386036439031732,3.782077740871791,2.003595255744996
20260930,planted0.00,pit,argmax_conf,top1,0.0,primary,-0.005285776740157733,0.20066317803824515,0.4197430369323411,-0.9365738232446161,11.155151964418087,5.631727205337286
20260930,planted0.00,pit,argmax_conf,top1,5.0,primary,-0.008056644392303691,0.19401107021455655,0.41974964159859485,-0.9367005804905708,11.155151964418087,5.631727205337286
20260930,planted0.00,pit,argmax_conf,top1,10.0,primary,-0.01082116081367901,0.18735773544279946,0.41975946411447546,-0.9368271476482184,11.155151964418087,5.631727205337286
20260930,planted0.00,pit,argmax_conf,top1,20.0,primary,-0.016331185658844616,0.17404799786714192,0.41978876171759644,-0.9370797124590399,11.155151964418087,5.631727205337286
20260930,planted0.00,pit,argmax_conf,top1,0.0,stress,-0.04297768167997096,0.11983040137207804,0.43124148477788077,-0.9365738232446161,11.155151964418087,5.631727205337286
20260930,planted0.00,pit,argmax_conf,top1,5.0,stress,-0.045643555075773334,0.11335716398148968,0.43124707720862443,-0.9367005804905708,11.155151964418087,5.631727205337286
20260930,planted0.00,pit,argmax_conf,top1,10.0,stress,-0.048303317902877674,0.10688331820826964,0.4312558017361506,-0.9368271476482184,11.155151964418087,5.631727205337286
20260930,planted0.00,pit,argmax_conf,top1,20.0,stress,-0.05360455581424495,0.09393436604742499,0.43128264625299173,-0.9370797124590399,11.155151964418087,5.631727205337286
20260930,planted0.00,pit,argmax_conf,top1,0.0,cost_v1,-0.005285776740157733,0.20066317803824515,0.4197430369323411,-0.9365738232446161,11.155151964418087,5.631727205337286
20260930,planted0.00,pit,argmax_conf,top1,5.0,cost_v1,-0.008088680561553985,0.1939368099395015,0.4197546294634449,-0.9367024391079339,11.155151964418087,5.631727205337286
20260930,planted0.00,pit,argmax_conf,top1,10.0,cost_v1,-0.01088508654256315,0.18720934809567993,0.4197695074528242,-0.9368308592902179,11.155151964418087,5.631727205337286
20260930,planted0.00,pit,argmax_conf,top1,20.0,cost_v1,-0.01645845222974185,0.17375177609509573,0.4198091183320372,-0.9370871134057984,11.155151964418087,5.631727205337286
20260930,planted0.00,pit,argmax_conf,top10_ew,0.0,primary,0.08779795785983402,0.4468654482079098,0.2680266285703163,-0.7128663804358466,11.153988100905343,5.631727205337286
20260930,planted0.00,pit,argmax_conf,top10_ew,5.0,primary,0.08476811574191956,0.4364287533787905,0.26804268229336314,-0.7134353831299968,11.153988100905343,5.631727205337286
20260930,planted0.00,pit,argmax_conf,top10_ew,10.0,primary,0.08174522376651461,0.4259853424959657,0.26806374884729967,-0.7140035397863999,11.153988100905343,5.631727205337286
20260930,planted0.00,pit,argmax_conf,top10_ew,20.0,primary,0.07572024014457535,0.40508073024010804,0.2681209154403164,-0.7151373183415122,11.153988100905343,5.631727205337286
20260930,planted0.00,pit,argmax_conf,top10_ew,0.0,stress,0.08016501651503893,0.42030830465930885,0.26842857170996487,-0.7186758728400504,11.160493177835317,5.631727205337286
20260930,planted0.00,pit,argmax_conf,top10_ew,5.0,stress,0.07715468182992846,0.40988325130910447,0.2684442726348304,-0.7192347154564532,11.160493177835317,5.631727205337286
20260930,planted0.00,pit,argmax_conf,top10_ew,10.0,stress,0.07415125660671995,0.3994519611069731,0.2684649847031038,-0.7197927250955765,11.160493177835317,5.631727205337286
20260930,planted0.00,pit,argmax_conf,top10_ew,20.0,stress,0.0681650847109625,0.37857301957612416,0.2685214373509803,-0.7209062487539899,11.160493177835317,5.631727205337286
20260930,planted0.00,pit,argmax_conf,top10_ew,0.0,cost_v1,0.08779795785983402,0.4468654482079098,0.2680266285703163,-0.7128663804358466,11.153988100905343,5.631727205337286
20260930,planted0.00,pit,argmax_conf,top10_ew,5.0,cost_v1,0.08473371596541313,0.4363079480464755,0.26804632387875194,-0.7134421241601544,11.153988100905343,5.631727205337286
20260930,planted0.00,pit,argmax_conf,top10_ew,10.0,cost_v1,0.08167657606408363,0.4257438299222026,0.26807116293148486,-0.714017001950159,11.153988100905343,5.631727205337286
20260930,planted0.00,pit,argmax_conf,top10_ew,20.0,cost_v1,0.07558355061024802,0.40459818883672694,0.2681362662558739,-0.7151641632002843,11.153988100905343,5.631727205337286
20260930,planted0.00,pit,fixed_1d,top1,0.0,primary,0.14717247393280064,0.5308468842582617,0.4371138369814687,-0.7864216008366945,502.5775018532246,251.47828020756114
20260930,planted0.00,pit,fixed_1d,top1,5.0,primary,0.011692230439215079,0.2427279794031258,0.436895595750995,-0.8089447368866101,502.5775018532246,251.47828020756114
20260930,planted0.00,pit,fixed_1d,top1,10.0,primary,-0.10784398978991927,-0.04567890351610982,0.4366774716308913,-0.9496773998497339,502.5775018532246,251.47828020756114
20260930,planted0.00,pit,fixed_1d,top1,20.0,primary,-0.3063449392331872,-0.6233574008892266,0.43624157542437264,-0.9989283600929262,502.5775018532246,251.47828020756114
20260930,planted0.00,pit,fixed_1d,top1,0.0,stress,0.12522814544658556,0.4873867799274603,0.4426975895599336,-0.7864216008366945,502.5775018532246,251.47828020756114
20260930,planted0.00,pit,fixed_1d,top1,5.0,stress,-0.007660488647218022,0.20289569841053612,0.44247014101814364,-0.8662613180981833,502.5775018532246,251.47828020756114
20260930,planted0.00,pit,fixed_1d,top1,10.0,stress,-0.12491009361812877,-0.08188799398012744,0.4422428041247581,-0.9647741804947058,502.5775018532246,251.47828020756114
20260930,planted0.00,pit,fixed_1d,top1,20.0,stress,-0.3196139069389834,-0.6523341531488065,0.441788465972544,-0.9992498520778232,502.5775018532246,251.47828020756114
20260930,planted0.00,pit,fixed_1d,top1,0.0,cost_v1,0.14717247393280064,0.5308468842582617,0.4371138369814687,-0.7864216008366945,502.5775018532246,251.47828020756114
20260930,planted0.00,pit,fixed_1d,top1,5.0,cost_v1,0.011618326627842679,0.24265453412825458,0.43711379534164146,-0.8092918204771887,502.5775018532246,251.47828020756114
20260930,planted0.00,pit,fixed_1d,top1,10.0,cost_v1,-0.10797440241528033,-0.04553786767614856,0.4371137847302789,-0.9498350797868135,502.5775018532246,251.47828020756114
20260930,planted0.00,pit,fixed_1d,top1,20.0,cost_v1,-0.3065479475199048,-0.6219225808205738,0.43711385659295077,-0.9989347700717023,502.5775018532246,251.47828020756114
20260930,planted0.00,pit,fixed_1d,top10_ew,0.0,primary,0.06403459724127614,0.36932824463049924,0.2605882198432383,-0.5546165566648662,498.2229073110733,251.47828020756114
20260930,planted0.00,pit,fixed_1d,top10_ew,5.0,primary,-0.06060450524693839,-0.10977220635975826,0.26046237727074134,-0.8113196641865671,498.2229073110733,251.47828020756114
20260930,planted0.00,pit,fixed_1d,top10_ew,10.0,primary,-0.17069486214245588,-0.5893352844848997,0.26033677856850157,-0.9780840190742758,498.2229073110733,251.47828020756114
20260930,planted0.00,pit,fixed_1d,top10_ew,20.0,primary,-0.3538021730847313,-1.5498465960606844,0.2600863141873215,-0.999723493953005,498.2229073110733,251.47828020756114
20260930,planted0.00,pit,fixed_1d,top10_ew,0.0,stress,0.04668576627261545,0.3059945511482267,0.2613348007211777,-0.5546165566648662,498.23793474783184,251.47828020756114
20260930,planted0.00,pit,fixed_1d,top10_ew,5.0,stress,-0.07592459859164624,-0.17175228689249294,0.26120773415809106,-0.8607311384448629,498.23793474783184,251.47828020756114
20260930,planted0.00,pit,fixed_1d,top10_ew,10.0,stress,-0.18422262053595728,-0.649963554413415,0.2610809102836196,-0.9838244846805447,498.23793474783184,251.47828020756114
20260930,planted0.00,pit,fixed_1d,top10_ew,20.0,stress,-0.3643478455332593,-1.6077767369976133,0.26082799201589196,-0.9997959477390024,498.23793474783184,251.47828020756114
20260930,planted0.00,pit,fixed_1d,top10_ew,0.0,cost_v1,0.06403459724127614,0.36932824463049924,0.2605882198432383,-0.5546165566648662,498.2229073110733,251.47828020756114
20260930,planted0.00,pit,fixed_1d,top10_ew,5.0,cost_v1,-0.061702971047170485,-0.11408913970684033,0.2605882061029758,-0.8151163382930434,498.2229073110733,251.47828020756114
20260930,planted0.00,pit,fixed_1d,top10_ew,10.0,cost_v1,-0.1726341325144568,-0.5975064556828085,0.2605882444102341,-0.9789575586851045,498.2229073110733,251.47828020756114
20260930,planted0.00,pit,fixed_1d,top10_ew,20.0,cost_v1,-0.35682373220632146,-1.5643397239121806,0.2605884771671906,-0.9997459875943209,498.2229073110733,251.47828020756114
20260930,planted0.00,pit,fixed_21d,top1,0.0,primary,-0.11649190100477591,-0.026414005969958795,0.46904869932460036,-0.9364481984197381,24.043143068939955,12.021571534469977
20260930,planted0.00,pit,fixed_21d,top1,5.0,primary,-0.12178786762207783,-0.03929678349176011,0.46900120317248656,-0.9428292689314165,24.043143068939955,12.021571534469977
20260930,planted0.00,pit,fixed_21d,top1,10.0,primary,-0.1270547091578893,-0.052181487487087744,0.4689598459373852,-0.9485833262985175,24.043143068939955,12.021571534469977
20260930,planted0.00,pit,fixed_21d,top1,20.0,primary,-0.13750159933359074,-0.07795465146230629,0.4688955544746337,-0.9584189715873008,24.043143068939955,12.021571534469977
20260930,planted0.00,pit,fixed_21d,top1,0.0,stress,-0.11649190100477591,-0.026414005969958795,0.46904869932460036,-0.9364481984197381,24.043143068939955,12.021571534469977
20260930,planted0.00,pit,fixed_21d,top1,5.0,stress,-0.12178786762207783,-0.03929678349176011,0.46900120317248656,-0.9428292689314165,24.043143068939955,12.021571534469977
20260930,planted0.00,pit,fixed_21d,top1,10.0,stress,-0.1270547091578893,-0.052181487487087744,0.4689598459373852,-0.9485833262985175,24.043143068939955,12.021571534469977
20260930,planted0.00,pit,fixed_21d,top1,20.0,stress,-0.13750159933359074,-0.07795465146230629,0.4688955544746337,-0.9584189715873008,24.043143068939955,12.021571534469977
20260930,planted0.00,pit,fixed_21d,top1,0.0,cost_v1,-0.11649190100477591,-0.026414005969958795,0.46904869932460036,-0.9364481984197381,24.043143068939955,12.021571534469977
20260930,planted0.00,pit,fixed_21d,top1,5.0,cost_v1,-0.12177539427812611,-0.03925582398825892,0.4690110248474225,-0.9428121226956508,24.043143068939955,12.021571534469977
20260930,planted0.00,pit,fixed_21d,top1,10.0,cost_v1,-0.1270299074274558,-0.052099026308328154,0.46897946213362496,-0.9485524673469992,24.043143068939955,12.021571534469977
20260930,planted0.00,pit,fixed_21d,top1,20.0,cost_v1,-0.13745257109065256,-0.07778757541362995,0.46893467669359473,-0.9583690018447312,24.043143068939955,12.021571534469977
20260930,planted0.00,pit,fixed_21d,top10_ew,0.0,primary,0.07798224027640388,0.4220701532429206,0.2567649463389895,-0.5700197258394568,23.806782694738647,12.021571534469977
20260930,planted0.00,pit,fixed_21d,top10_ew,5.0,primary,0.07158389551977673,0.39883194639550074,0.2567746581901281,-0.5719374801083892,23.806782694738647,12.021571534469977
20260930,planted0.00,pit,fixed_21d,top10_ew,10.0,primary,0.06522039026312809,0.37557949887496894,0.2567953082162639,-0.5738476279741298,23.806782694738647,12.021571534469977
20260930,planted0.00,pit,fixed_21d,top10_ew,20.0,primary,0.05259720858905825,0.32904379630149816,0.256869410844209,-0.5776452100573137,23.806782694738647,12.021571534469977
20260930,planted0.00,pit,fixed_21d,top10_ew,0.0,stress,0.05952827310577402,0.35418194591008406,0.2582088390386841,-0.5860336547833513,23.821783849634464,12.021571534469977
20260930,planted0.00,pit,fixed_21d,top10_ew,5.0,stress,0.053235509765397815,0.33106245599491485,0.2582233188833013,-0.587883477825861,23.821783849634464,12.021571534469977
20260930,planted0.00,pit,fixed_21d,top10_ew,10.0,stress,0.046977032798029894,0.3079325815816605,0.258248681639857,-0.5897259498486811,23.821783849634464,12.021571534469977
20260930,planted0.00,pit,fixed_21d,top10_ew,20.0,stress,0.03456225883530473,0.26165340137560467,0.2583320416917024,-0.5971196256559796,23.821783849634464,12.021571534469977
20260930,planted0.00,pit,fixed_21d,top10_ew,0.0,cost_v1,0.07798224027640388,0.4220701532429206,0.2567649463389895,-0.5700197258394568,23.806782694738647,12.021571534469977
20260930,planted0.00,pit,fixed_21d,top10_ew,5.0,cost_v1,0.07151871550046152,0.39859063968717606,0.2567818984239899,-0.5719518129105323,23.806782694738647,12.021571534469977
20260930,planted0.00,pit,fixed_21d,top10_ew,10.0,cost_v1,0.06509073889359973,0.37509791663856235,0.25681001622284266,-0.5738761802925063,23.806782694738647,12.021571534469977
20260930,planted0.00,pit,fixed_21d,top10_ew,20.0,cost_v1,0.05234071956998676,0.3280851363034847,0.2568997328410961,-0.5777018638994218,23.806782694738647,12.021571534469977
20260930,planted0.00,pit,fixed_126d,top1,0.0,primary,0.021142738695139718,0.26369987865056876,0.4196688475496714,-0.8808938732677687,3.953039288361749,2.003595255744996
20260930,planted0.00,pit,fixed_126d,top1,5.0,primary,0.02013383590107254,0.2613393838629515,0.4196675895597222,-0.8809534263311348,3.953039288361749,2.003595255744996
20260930,planted0.00,pit,fixed_126d,top1,10.0,primary,0.019125436195145396,0.25897816604575846,0.41966748028518985,-0.881012979394501,3.953039288361749,2.003595255744996
20260930,planted0.00,pit,fixed_126d,top1,20.0,primary,0.017110146010098193,0.25425363889281893,0.4196707078765323,-0.8811320855212332,3.953039288361749,2.003595255744996
20260930,planted0.00,pit,fixed_126d,top1,0.0,stress,0.001609240290650682,0.22185482768604312,0.42546317060689615,-0.8808938732677687,3.953039288361749,2.003595255744996
20260930,planted0.00,pit,fixed_126d,top1,5.0,stress,0.0006196368563806676,0.2195264253074869,0.42546177928894907,-0.8809534263311348,3.953039288361749,2.003595255744996
20260930,planted0.00,pit,fixed_126d,top1,10.0,stress,-0.00036947311335133737,0.21719742926798538,0.42546152104205454,-0.881012979394501,3.953039288361749,2.003595255744996
20260930,planted0.00,pit,fixed_126d,top1,20.0,stress,-0.0023462126960955842,0.21253773064100612,0.4254644037606236,-0.8811320855212332,3.953039288361749,2.003595255744996
20260930,planted0.00,pit,fixed_126d,top1,0.0,cost_v1,0.021142738695139718,0.26369987865056876,0.4196688475496714,-0.8808938732677687,3.953039288361749,2.003595255744996
20260930,planted0.00,pit,fixed_126d,top1,5.0,cost_v1,0.020120603759437694,0.26130867947184727,0.41966828099480286,-0.8809556001696329,3.953039288361749,2.003595255744996
20260930,planted0.00,pit,fixed_126d,top1,10.0,cost_v1,0.01909898138009014,0.2589167418134983,0.419668900947088,-0.8810173270714972,3.953039288361749,2.003595255744996
20260930,planted0.00,pit,fixed_126d,top1,20.0,cost_v1,0.01705727428676118,0.25413073225258737,0.4196737003420225,-0.8811407808752255,3.953039288361749,2.003595255744996
20260930,planted0.00,pit,fixed_126d,top10_ew,0.0,primary,0.08155224071415401,0.4348100711954796,0.2572483172678034,-0.7212415147128484,3.959060354317622,2.003595255744996
20260930,planted0.00,pit,fixed_126d,top10_ew,5.0,primary,0.08048202695483764,0.4309581196749137,0.2572411748539428,-0.7215155058220206,3.959060354317622,2.003595255744996
20260930,planted0.00,pit,fixed_126d,top10_ew,10.0,primary,0.07941235096775978,0.4271028441680023,0.2572359055672652,-0.7217893622519866,3.959060354317622,2.003595255744996
20260930,planted0.00,pit,fixed_126d,top10_ew,20.0,primary,0.07727461226353705,0.41938265672350994,0.25723098679498363,-0.7223366710743006,3.959060354317622,2.003595255744996
20260930,planted0.00,pit,fixed_126d,top10_ew,0.0,stress,0.06790699686097468,0.3848177628436228,0.2583377678741561,-0.7268815554205206,3.9706806892938524,2.003595255744996
20260930,planted0.00,pit,fixed_126d,top10_ew,5.0,stress,0.06684718452547855,0.38096962966152137,0.25833049741476455,-0.7271513172042607,3.9706806892938524,2.003595255744996
20260930,planted0.00,pit,fixed_126d,top10_ew,10.0,stress,0.06578790635644105,0.37711854130970346,0.2583251028471885,-0.7274209457188048,3.9706806892938524,2.003595255744996
20260930,planted0.00,pit,fixed_126d,top10_ew,20.0,stress,0.06367095247124954,0.36940783346560796,0.258319941816713,-0.7279598029403049,3.9706806892938524,2.003595255744996
20260930,planted0.00,pit,fixed_126d,top10_ew,0.0,cost_v1,0.08155224071415401,0.4348100711954796,0.2572483172678034,-0.7212415147128484,3.959060354317622,2.003595255744996
20260930,planted0.00,pit,fixed_126d,top10_ew,5.0,cost_v1,0.0804715539191907,0.43092025828887587,0.25724132751846585,-0.7215171859940839,3.959060354317622,2.003595255744996
20260930,planted0.00,pit,fixed_126d,top10_ew,10.0,cost_v1,0.07939140820194068,0.42702702084599903,0.25723627331569937,-0.7217927209381236,3.959060354317622,2.003595255744996
20260930,planted0.00,pit,fixed_126d,top10_ew,20.0,cost_v1,0.07723273999669567,0.4192306225628462,0.25723197196255276,-0.722343381814615,3.959060354317622,2.003595255744996
20260930,planted0.00,surv,argmax_conf,top1,0.0,primary,0.2880767823823225,0.7741886102444063,0.465954252149201,-0.7637887886183485,9.747220163083766,4.873610081541883
20260930,planted0.00,surv,argmax_conf,top1,5.0,primary,0.2849410328957529,0.7689320140767439,0.46597168416528467,-0.7639068942240393,9.747220163083766,4.873610081541883
20260930,planted0.00,surv,argmax_conf,top1,10.0,primary,0.281811362575739,0.7636716423684905,0.4659916599801066,-0.7640249998297303,9.747220163083766,4.873610081541883
20260930,planted0.00,surv,argmax_conf,top1,20.0,primary,0.27557022435232703,0.75313992113212,0.46603924165589383,-0.7642612110411119,9.747220163083766,4.873610081541883
20260930,planted0.00,surv,argmax_conf,top1,0.0,stress,0.2880767823823225,0.7741886102444063,0.465954252149201,-0.7637887886183485,9.747220163083766,4.873610081541883
20260930,planted0.00,surv,argmax_conf,top1,5.0,stress,0.2849410328957529,0.7689320140767439,0.46597168416528467,-0.7639068942240393,9.747220163083766,4.873610081541883
20260930,planted0.00,surv,argmax_conf,top1,10.0,stress,0.281811362575739,0.7636716423684905,0.4659916599801066,-0.7640249998297303,9.747220163083766,4.873610081541883
20260930,planted0.00,surv,argmax_conf,top1,20.0,stress,0.27557022435232703,0.75313992113212,0.46603924165589383,-0.7642612110411119,9.747220163083766,4.873610081541883
20260930,planted0.00,surv,argmax_conf,top1,0.0,cost_v1,0.2880767823823225,0.7741886102444063,0.465954252149201,-0.7637887886183485,9.747220163083766,4.873610081541883
20260930,planted0.00,surv,argmax_conf,top1,5.0,cost_v1,0.2849327368422143,0.7689168028434026,0.4659738723556851,-0.7639097762046565,9.747220163083766,4.873610081541883
20260930,planted0.00,surv,argmax_conf,top1,10.0,cost_v1,0.28179479302891197,0.763641230338233,0.46599606102214997,-0.7640307637909646,9.747220163083766,4.873610081541883
20260930,planted0.00,surv,argmax_conf,top1,20.0,cost_v1,0.2755371754396603,0.7530791436242714,0.4660481422251361,-0.7642727389635806,9.747220163083766,4.873610081541883
20260930,planted0.00,surv,argmax_conf,top10_ew,0.0,primary,0.15736262914690502,0.6868017559229201,0.26402755741116474,-0.5875702464523107,9.67629125627259,4.873610081541883
20260930,planted0.00,surv,argmax_conf,top10_ew,5.0,primary,0.15456557840963048,0.6776024482916725,0.26403596894629455,-0.5884973888990845,9.67629125627259,4.873610081541883
20260930,planted0.00,surv,argmax_conf,top10_ew,10.0,primary,0.15177390999954588,0.668392475407898,0.26404882526604373,-0.5894520007242969,9.67629125627259,4.873610081541883
20260930,planted0.00,surv,argmax_conf,top10_ew,20.0,primary,0.14620668933414538,0.6499424082568256,0.2640878694384024,-0.5921157384252986,9.67629125627259,4.873610081541883
20260930,planted0.00,surv,argmax_conf,top10_ew,0.0,stress,0.15736262914690502,0.6868017559229201,0.26402755741116474,-0.5875702464523107,9.67629125627259,4.873610081541883
20260930,planted0.00,surv,argmax_conf,top10_ew,5.0,stress,0.15456557840963048,0.6776024482916725,0.26403596894629455,-0.5884973888990845,9.67629125627259,4.873610081541883
20260930,planted0.00,surv,argmax_conf,top10_ew,10.0,stress,0.15177390999954588,0.668392475407898,0.26404882526604373,-0.5894520007242969,9.67629125627259,4.873610081541883
20260930,planted0.00,surv,argmax_conf,top10_ew,20.0,stress,0.14620668933414538,0.6499424082568256,0.2640878694384024,-0.5921157384252986,9.67629125627259,4.873610081541883
20260930,planted0.00,surv,argmax_conf,top10_ew,0.0,cost_v1,0.15736262914690502,0.6868017559229201,0.26402755741116474,-0.5875702464523107,9.67629125627259,4.873610081541883
20260930,planted0.00,surv,argmax_conf,top10_ew,5.0,cost_v1,0.15454411956036496,0.6775291334912401,0.2640377312657245,-0.5884023261203385,9.67629125627259,4.873610081541883
20260930,planted0.00,surv,argmax_conf,top10_ew,10.0,cost_v1,0.15173106790676671,0.6682457513989413,0.26405243899493114,-0.5892616130396674,9.67629125627259,4.873610081541883
20260930,planted0.00,surv,argmax_conf,top10_ew,20.0,cost_v1,0.14612130702939852,0.6496486370354146,0.26409545281382824,-0.5917372743901328,9.67629125627259,4.873610081541883
20260930,planted0.00,surv,fixed_1d,top1,0.0,primary,0.23157744893367305,0.6743212232684891,0.455248704963565,-0.7624742175740624,502.0901408450704,251.47828020756114
20260930,planted0.00,surv,fixed_1d,top1,5.0,primary,0.08626142323518038,0.3979476667106825,0.45501905393903347,-0.8023900011911063,502.0901408450704,251.47828020756114
20260930,planted0.00,surv,fixed_1d,top1,10.0,primary,-0.04196866806590127,0.12129493898140403,0.45478961025639913,-0.8429388320502069,502.0901408450704,251.47828020756114
20260930,planted0.00,surv,fixed_1d,top1,20.0,primary,-0.254944716926348,-0.4328482047916235,0.45433134617306536,-0.9968849672690596,502.0901408450704,251.47828020756114
20260930,planted0.00,surv,fixed_1d,top1,0.0,stress,0.23157744893367305,0.6743212232684891,0.455248704963565,-0.7624742175740624,502.0901408450704,251.47828020756114
20260930,planted0.00,surv,fixed_1d,top1,5.0,stress,0.08626142323518038,0.3979476667106825,0.45501905393903347,-0.8023900011911063,502.0901408450704,251.47828020756114
20260930,planted0.00,surv,fixed_1d,top1,10.0,stress,-0.04196866806590127,0.12129493898140403,0.45478961025639913,-0.8429388320502069,502.0901408450704,251.47828020756114
20260930,planted0.00,surv,fixed_1d,top1,20.0,stress,-0.254944716926348,-0.4328482047916235,0.45433134617306536,-0.9968849672690596,502.0901408450704,251.47828020756114
20260930,planted0.00,surv,fixed_1d,top1,0.0,cost_v1,0.23157744893367305,0.6743212232684891,0.455248704963565,-0.7624742175740624,502.0901408450704,251.47828020756114
20260930,planted0.00,surv,fixed_1d,top1,5.0,cost_v1,0.08608762589576724,0.39760906628579024,0.45524864725844516,-0.8026120877090113,502.0901408450704,251.47828020756114
20260930,planted0.00,surv,fixed_1d,top1,10.0,cost_v1,-0.042275326053934026,0.12089683124194207,0.4552486193457671,-0.8438763553866047,502.0901408450704,251.47828020756114
20260930,planted0.00,surv,fixed_1d,top1,20.0,cost_v1,-0.2554219878230948,-0.43252765572555474,0.455248652897753,-0.9969191559574911,502.0901408450704,251.47828020756114
20260930,planted0.00,surv,fixed_1d,top10_ew,0.0,primary,0.17668141654358926,0.7568697629546274,0.2603460108909528,-0.4215530004387201,495.2044067918768,251.47828020756114
20260930,planted0.00,surv,fixed_1d,top10_ew,5.0,primary,0.039631673567049,0.2802251009724456,0.26021826275729254,-0.459823723690832,495.2044067918768,251.47828020756114
20260930,planted0.00,surv,fixed_1d,top10_ew,10.0,primary,-0.08151180580798012,-0.19688750146095843,0.2600908907736031,-0.8565957517646008,495.2044067918768,251.47828020756114
20260930,planted0.00,surv,fixed_1d,top10_ew,20.0,primary,-0.28322635019808984,-1.1525109781886491,0.25983727746716373,-0.9979928694375382,495.2044067918768,251.47828020756114
20260930,planted0.00,surv,fixed_1d,top10_ew,0.0,stress,0.17668141654358926,0.7568697629546274,0.2603460108909528,-0.4215530004387201,495.2044067918768,251.47828020756114
20260930,planted0.00,surv,fixed_1d,top10_ew,5.0,stress,0.039631673567049,0.2802251009724456,0.26021826275729254,-0.459823723690832,495.2044067918768,251.47828020756114
20260930,planted0.00,surv,fixed_1d,top10_ew,10.0,stress,-0.08151180580798012,-0.19688750146095843,0.2600908907736031,-0.8565957517646008,495.2044067918768,251.47828020756114
20260930,planted0.00,surv,fixed_1d,top10_ew,20.0,stress,-0.28322635019808984,-1.1525109781886491,0.25983727746716373,-0.9979928694375382,495.2044067918768,251.47828020756114
20260930,planted0.00,surv,fixed_1d,top10_ew,0.0,cost_v1,0.17668141654358926,0.7568697629546274,0.2603460108909528,-0.4215530004387201,495.2044067918768,251.47828020756114
20260930,planted0.00,surv,fixed_1d,top10_ew,5.0,cost_v1,0.03768455416238292,0.2730027027624078,0.2603459554499258,-0.46258380738161387,495.2044067918768,251.47828020756114
20260930,planted0.00,surv,fixed_1d,top10_ew,10.0,cost_v1,-0.08495068699794728,-0.21086452131557418,0.260345952104847,-0.8640454603491655,495.2044067918768,251.47828020756114
20260930,planted0.00,surv,fixed_1d,top10_ew,20.0,cost_v1,-0.2885887125893756,-1.17859829925132,0.2603461017025105,-0.9982413411234606,495.2044067918768,251.47828020756114
20260930,planted0.00,surv,fixed_21d,top1,0.0,primary,0.12280843049530188,0.485382479373255,0.4255235270026568,-0.6436215767583602,24.043143068939955,12.021571534469977
20260930,planted0.00,surv,fixed_21d,top1,5.0,primary,0.11607803835482189,0.47122905040810964,0.4255070695764742,-0.646196607271291,24.043143068939955,12.021571534469977
20260930,planted0.00,surv,fixed_21d,top1,10.0,primary,0.10938465989545376,0.45706727804757036,0.42549735990611565,-0.6487542843261453,24.043143068939955,12.021571534469977
20260930,planted0.00,surv,fixed_21d,top1,20.0,primary,0.09610820394097397,0.4287213951219482,0.4254981853596107,-0.6540351158422792,24.043143068939955,12.021571534469977
20260930,planted0.00,surv,fixed_21d,top1,0.0,stress,0.12280843049530188,0.485382479373255,0.4255235270026568,-0.6436215767583602,24.043143068939955,12.021571534469977
20260930,planted0.00,surv,fixed_21d,top1,5.0,stress,0.11607803835482189,0.47122905040810964,0.4255070695764742,-0.646196607271291,24.043143068939955,12.021571534469977
20260930,planted0.00,surv,fixed_21d,top1,10.0,stress,0.10938465989545376,0.45706727804757036,0.42549735990611565,-0.6487542843261453,24.043143068939955,12.021571534469977
20260930,planted0.00,surv,fixed_21d,top1,20.0,stress,0.09610820394097397,0.4287213951219482,0.4254981853596107,-0.6540351158422792,24.043143068939955,12.021571534469977
20260930,planted0.00,surv,fixed_21d,top1,0.0,cost_v1,0.12280843049530188,0.485382479373255,0.4255235270026568,-0.6436215767583602,24.043143068939955,12.021571534469977
20260930,planted0.00,surv,fixed_21d,top1,5.0,cost_v1,0.11608203452659183,0.4712359430544862,0.4255186991311801,-0.6461262037607287,24.043143068939955,12.021571534469977
20260930,planted0.00,surv,fixed_21d,top1,10.0,cost_v1,0.10939259814792801,0.4570818464977963,0.42552061051397627,-0.6486144809186863,24.043143068939955,12.021571534469977
20260930,planted0.00,surv,fixed_21d,top1,20.0,cost_v1,0.0961238660512016,0.4287536643477671,0.4255446503589613,-0.6540620052520898,24.043143068939955,12.021571534469977
20260930,planted0.00,surv,fixed_21d,top10_ew,0.0,primary,0.12767578683102365,0.5950161275161187,0.258721465833018,-0.5634355908557944,23.72668532311165,12.021571534469977
20260930,planted0.00,surv,fixed_21d,top10_ew,5.0,primary,0.12100494454230426,0.5720399583568971,0.25871565680321945,-0.5656799656411224,23.72668532311165,12.021571534469977
20260930,planted0.00,surv,fixed_21d,top10_ew,10.0,primary,0.1143703023913023,0.5490398297800085,0.25872065135901107,-0.5679138725341957,23.72668532311165,12.021571534469977
20260930,planted0.00,surv,fixed_21d,top10_ew,20.0,primary,0.10120890435906915,0.502979236726771,0.25876304737186234,-0.5723504578430423,23.72668532311165,12.021571534469977
20260930,planted0.00,surv,fixed_21d,top10_ew,0.0,stress,0.12767578683102365,0.5950161275161187,0.258721465833018,-0.5634355908557944,23.72668532311165,12.021571534469977
20260930,planted0.00,surv,fixed_21d,top10_ew,5.0,stress,0.12100494454230426,0.5720399583568971,0.25871565680321945,-0.5656799656411224,23.72668532311165,12.021571534469977
20260930,planted0.00,surv,fixed_21d,top10_ew,10.0,stress,0.1143703023913023,0.5490398297800085,0.25872065135901107,-0.5679138725341957,23.72668532311165,12.021571534469977
20260930,planted0.00,surv,fixed_21d,top10_ew,20.0,stress,0.10120890435906915,0.502979236726771,0.25876304737186234,-0.5723504578430423,23.72668532311165,12.021571534469977
20260930,planted0.00,surv,fixed_21d,top10_ew,0.0,cost_v1,0.12767578683102365,0.5950161275161187,0.258721465833018,-0.5634355908557944,23.72668532311165,12.021571534469977
20260930,planted0.00,surv,fixed_21d,top10_ew,5.0,cost_v1,0.12092066084212938,0.5717434312539176,0.25872004385785535,-0.565618851410616,23.72668532311165,12.021571534469977
20260930,planted0.00,surv,fixed_21d,top10_ew,10.0,cost_v1,0.11420265174430733,0.5484469827207527,0.25872970584998534,-0.5677922809539113,23.72668532311165,12.021571534469977
20260930,planted0.00,surv,fixed_21d,top10_ew,20.0,cost_v1,0.10087724294619327,0.5017948317692427,0.25878227534588144,-0.5721098043355578,23.72668532311165,12.021571534469977
20260930,planted0.00,surv,fixed_126d,top1,0.0,primary,0.002410453467925011,0.21106525288050024,0.413984627839941,-0.9126826960247536,4.007190511489992,2.003595255744996
20260930,planted0.00,surv,fixed_126d,top1,5.0,primary,0.0014064963999462776,0.20863491216728408,0.41397244795885535,-0.9132485589308602,4.007190511489992,2.003595255744996
20260930,planted0.00,surv,fixed_126d,top1,10.0,primary,0.00040305001747165115,0.20620383122399252,0.4139614670046614,-0.913811035137151,4.007190511489992,2.003595255744996
20260930,planted0.00,surv,fixed_126d,top1,20.0,primary,-0.0016023107354644628,0.20133953273917365,0.41394310224818814,-0.9149259017159377,4.007190511489992,2.003595255744996
20260930,planted0.00,surv,fixed_126d,top1,0.0,stress,0.002410453467925011,0.21106525288050024,0.413984627839941,-0.9126826960247536,4.007190511489992,2.003595255744996
20260930,planted0.00,surv,fixed_126d,top1,5.0,stress,0.0014064963999462776,0.20863491216728408,0.41397244795885535,-0.9132485589308602,4.007190511489992,2.003595255744996
20260930,planted0.00,surv,fixed_126d,top1,10.0,stress,0.00040305001747165115,0.20620383122399252,0.4139614670046614,-0.913811035137151,4.007190511489992,2.003595255744996
20260930,planted0.00,surv,fixed_126d,top1,20.0,stress,-0.0016023107354644628,0.20133953273917365,0.41394310224818814,-0.9149259017159377,4.007190511489992,2.003595255744996
20260930,planted0.00,surv,fixed_126d,top1,0.0,cost_v1,0.002410453467925011,0.21106525288050024,0.413984627839941,-0.9126826960247536,4.007190511489992,2.003595255744996
20260930,planted0.00,surv,fixed_126d,top1,5.0,cost_v1,0.0014108479903902627,0.2086461896085579,0.41397406047253255,-0.9132505048791063,4.007190511489992,2.003595255744996
20260930,planted0.00,surv,fixed_126d,top1,10.0,cost_v1,0.0004117417695734815,0.20622640373283824,0.4139646956927583,-0.9138149038022494,4.007190511489992,2.003595255744996
20260930,planted0.00,surv,fixed_126d,top1,20.0,cost_v1,-0.0015849729054647765,0.20138474819099808,0.413949574212105,-0.914933546882349,4.007190511489992,2.003595255744996
20260930,planted0.00,surv,fixed_126d,top10_ew,0.0,primary,0.09865662061377223,0.49469500681662804,0.25789670972130785,-0.573508706261599,3.9176186989156117,2.003595255744996
20260930,planted0.00,surv,fixed_126d,top10_ew,5.0,primary,0.09758085789318138,0.49089734534544704,0.25788656287174655,-0.5739350909325139,3.9176186989156117,2.003595255744996
20260930,planted0.00,surv,fixed_126d,top10_ew,10.0,primary,0.09650562858419964,0.48709591336409763,0.2578782539703692,-0.5743612623577821,3.9176186989156117,2.003595255744996
20260930,planted0.00,surv,fixed_126d,top10_ew,20.0,primary,0.09435677015598953,0.47948206046239056,0.2578671506835265,-0.5752129654713777,3.9176186989156117,2.003595255744996
20260930,planted0.00,surv,fixed_126d,top10_ew,0.0,stress,0.09865662061377223,0.49469500681662804,0.25789670972130785,-0.573508706261599,3.9176186989156117,2.003595255744996
20260930,planted0.00,surv,fixed_126d,top10_ew,5.0,stress,0.09758085789318138,0.49089734534544704,0.25788656287174655,-0.5739350909325139,3.9176186989156117,2.003595255744996
20260930,planted0.00,surv,fixed_126d,top10_ew,10.0,stress,0.09650562858419964,0.48709591336409763,0.2578782539703692,-0.5743612623577821,3.9176186989156117,2.003595255744996
20260930,planted0.00,surv,fixed_126d,top10_ew,20.0,stress,0.09435677015598953,0.47948206046239056,0.2578671506835265,-0.5752129654713777,3.9176186989156117,2.003595255744996
20260930,planted0.00,surv,fixed_126d,top10_ew,0.0,cost_v1,0.09865662061377223,0.49469500681662804,0.25789670972130785,-0.573508706261599,3.9176186989156117,2.003595255744996
20260930,planted0.00,surv,fixed_126d,top10_ew,5.0,cost_v1,0.09755951228952209,0.4908210125633339,0.25788739985522735,-0.5739281514681764,3.9176186989156117,2.003595255744996
20260930,planted0.00,surv,fixed_126d,top10_ew,10.0,cost_v1,0.09646295290262352,0.48694309316241186,0.25788002055731984,-0.5743473904307667,3.9176186989156117,2.003595255744996
20260930,planted0.00,surv,fixed_126d,top10_ew,20.0,cost_v1,0.0942714809369476,0.4791758249823154,0.2578710542856109,-0.5751852496239853,3.9176186989156117,2.003595255744996
20260930,planted0.01,pit,argmax_conf,top1,0.0,primary,-0.00741834762233784,0.21284174773056053,0.4354627682728052,-0.8298503232034184,11.0468495181616,5.5234247590808
20260930,planted0.01,pit,argmax_conf,top1,5.0,primary,-0.01015647119618135,0.20649667512462377,0.4354793503214125,-0.830360134597735,11.0468495181616,5.5234247590808
20260930,planted0.01,pit,argmax_conf,top1,10.0,primary,-0.012888399148568652,0.2001506714932319,0.43549900948386644,-0.8308686724194883,11.0468495181616,5.5234247590808
20260930,planted0.01,pit,argmax_conf,top1,20.0,primary,-0.018333711963321897,0.1874564104522378,0.4355475574184077,-0.8318819375275147,11.0468495181616,5.5234247590808
20260930,planted0.01,pit,argmax_conf,top1,0.0,stress,-0.00741834762233784,0.21284174773056053,0.4354627682728052,-0.8298503232034184,11.0468495181616,5.5234247590808
20260930,planted0.01,pit,argmax_conf,top1,5.0,stress,-0.01015647119618135,0.20649667512462377,0.4354793503214125,-0.830360134597735,11.0468495181616,5.5234247590808
20260930,planted0.01,pit,argmax_conf,top1,10.0,stress,-0.012888399148568652,0.2001506714932319,0.43549900948386644,-0.8308686724194883,11.0468495181616,5.5234247590808
20260930,planted0.01,pit,argmax_conf,top1,20.0,stress,-0.018333711963321897,0.1874564104522378,0.4355475574184077,-0.8318819375275147,11.0468495181616,5.5234247590808
20260930,planted0.01,pit,argmax_conf,top1,0.0,cost_v1,-0.00741834762233784,0.21284174773056053,0.4354627682728052,-0.8298503232034184,11.0468495181616,5.5234247590808
20260930,planted0.01,pit,argmax_conf,top1,5.0,cost_v1,-0.01016533881937498,0.2064781789639841,0.4354833573741085,-0.8303605290034188,11.0468495181616,5.5234247590808
20260930,planted0.01,pit,argmax_conf,top1,10.0,cost_v1,-0.012906101749957988,0.2001137844424444,0.4355070530073831,-0.8308694594574466,11.0468495181616,5.5234247590808
20260930,planted0.01,pit,argmax_conf,top1,20.0,cost_v1,-0.018368986812219212,0.18738306431628918,0.4355637617753507,-0.8318835045286863,11.0468495181616,5.5234247590808
20260930,planted0.01,pit,argmax_conf,top10_ew,0.0,primary,0.04727318891902743,0.3101418137483944,0.251370919461852,-0.5635824432295413,10.923622758318707,5.5234247590808
20260930,planted0.01,pit,argmax_conf,top10_ew,5.0,primary,0.04441638378636692,0.2992522429521515,0.25138525575553244,-0.5648682940392913,10.923622758318707,5.5234247590808
20260930,planted0.01,pit,argmax_conf,top10_ew,10.0,primary,0.04156596956034808,0.28835791330430155,0.2514048237610975,-0.5661509870353871,10.923622758318707,5.5234247590808
20260930,planted0.01,pit,argmax_conf,top10_ew,20.0,primary,0.03588426919419008,0.26655770794372197,0.2514596496959031,-0.5687069243983254,10.923622758318707,5.5234247590808
20260930,planted0.01,pit,argmax_conf,top10_ew,0.0,stress,0.044691220493411565,0.3002821420055925,0.25147614829001974,-0.5635824432295413,10.925773204262164,5.5234247590808
20260930,planted0.01,pit,argmax_conf,top10_ew,5.0,stress,0.04184089821775738,0.289395667139941,0.25149042872729455,-0.5648682940392913,10.925773204262164,5.5234247590808
20260930,planted0.01,pit,argmax_conf,top10_ew,10.0,stress,0.038996953628108955,0.27850463550720506,0.25150994058780934,-0.5661509870353871,10.925773204262164,5.5234247590808
20260930,planted0.01,pit,argmax_conf,top10_ew,20.0,stress,0.033328152955967694,0.25671162987079615,0.2515646533830714,-0.5687069243983254,10.925773204262164,5.5234247590808
20260930,planted0.01,pit,argmax_conf,top10_ew,0.0,cost_v1,0.04727318891902743,0.3101418137483944,0.251370919461852,-0.5635824432295413,10.923622758318707,5.5234247590808
20260930,planted0.01,pit,argmax_conf,top10_ew,5.0,cost_v1,0.044380053090189,0.2991128639267628,0.251389344568167,-0.5649173153846785,10.923622758318707,5.5234247590808
20260930,planted0.01,pit,argmax_conf,top10_ew,10.0,cost_v1,0.04149346548610855,0.28807936406582096,0.25141315129695935,-0.5662487840410637,10.923622758318707,5.5234247590808
20260930,planted0.01,pit,argmax_conf,top10_ew,20.0,cost_v1,0.03573988876881029,0.2660015602227902,0.25147690316288834,-0.5689015386243254,10.923622758318707,5.5234247590808
20260930,planted0.01,pit,fixed_1d,top1,0.0,primary,0.10912887584486741,0.449380373075291,0.4501459076601853,-0.7524478526239519,502.30674573758336,251.47828020756114
20260930,planted0.01,pit,fixed_1d,top1,5.0,primary,-0.02179221618845051,0.16975512897151093,0.4499237715476019,-0.8619604287979904,502.30674573758336,251.47828020756114
20260930,planted0.01,pit,fixed_1d,top1,10.0,primary,-0.1373136501003337,-0.11014631932613049,0.4497018192972283,-0.965378509356266,502.30674573758336,251.47828020756114
20260930,planted0.01,pit,fixed_1d,top1,20.0,primary,-0.3291667643942242,-0.6707780890529977,0.44925846747291104,-0.9995337380496597,502.30674573758336,251.47828020756114
20260930,planted0.01,pit,fixed_1d,top1,0.0,stress,0.0671015486218347,0.36825428369962543,0.46091956535135464,-0.752447852623952,502.30674573758336,251.47828020756114
20260930,planted0.01,pit,fixed_1d,top1,5.0,stress,-0.05885865591219286,0.09515044094836414,0.4606796739075637,-0.902281069462676,502.30674573758336,251.47828020756114
20260930,planted0.01,pit,fixed_1d,top1,10.0,stress,-0.1700027291674162,-0.17823791220917817,0.4604399543729707,-0.9798817231532851,502.30674573758336,251.47828020756114
20260930,planted0.01,pit,fixed_1d,top1,20.0,stress,-0.35458610791588163,-0.7258687006221993,0.45996103210632017,-0.9997715316521149,502.30674573758336,251.47828020756114
20260930,planted0.01,pit,fixed_1d,top1,0.0,cost_v1,0.10912887584486741,0.449380373075291,0.4501459076601853,-0.7524478526239519,502.30674573758336,251.47828020756114
20260930,planted0.01,pit,fixed_1d,top1,5.0,cost_v1,-0.02194811488100601,0.16953140351671958,0.4501458743423673,-0.8622189683370359,502.30674573758336,251.47828020756114
20260930,planted0.01,pit,fixed_1d,top1,10.0,cost_v1,-0.13758872522107413,-0.11031760008421092,0.45014587115471627,-0.965625077128276,502.30674573758336,251.47828020756114
20260930,planted0.01,pit,fixed_1d,top1,20.0,cost_v1,-0.32959487633526474,-0.6700154846354565,0.4501459551699119,-0.9995390843282631,502.30674573758336,251.47828020756114
20260930,planted0.01,pit,fixed_1d,top10_ew,0.0,primary,0.21954523931711623,0.8857104965603502,0.2642137838023702,-0.588849625605786,497.9574436548774,251.47828020756114
20260930,planted0.01,pit,fixed_1d,top10_ew,5.0,primary,0.07676139114928371,0.4134286201775395,0.26408843325091774,-0.6320798738878135,497.9574436548774,251.47828020756114
20260930,planted0.01,pit,fixed_1d,top10_ew,10.0,primary,-0.04936407768809792,-0.05930175322039337,0.26396333450692927,-0.8625301482691627,497.9574436548774,251.47828020756114
20260930,planted0.01,pit,fixed_1d,top10_ew,20.0,primary,-0.2591621420578327,-1.0061051194395834,0.26371389387403044,-0.9968989083876437,497.9574436548774,251.47828020756114
20260930,planted0.01,pit,fixed_1d,top10_ew,0.0,stress,0.19963812090448396,0.821511616874504,0.26504963827303635,-0.588849625605786,497.9724866839784,251.47828020756114
20260930,planted0.01,pit,fixed_1d,top10_ew,5.0,stress,0.0591810046235588,0.35070642553259695,0.2649230636531608,-0.6320798738878135,497.9724866839784,251.47828020756114
20260930,planted0.01,pit,fixed_1d,top10_ew,10.0,stress,-0.06488872337236518,-0.12054874825610126,0.2647967395895847,-0.8922561912891933,497.9724866839784,251.47828020756114
20260930,planted0.01,pit,fixed_1d,top10_ew,20.0,stress,-0.27126611436368575,-1.0644062572865671,0.26454484456635036,-0.9977122986115181,497.9724866839784,251.47828020756114
20260930,planted0.01,pit,fixed_1d,top10_ew,0.0,cost_v1,0.21954523931711623,0.8857104965603502,0.2642137838023702,-0.588849625605786,497.9574436548774,251.47828020756114
20260930,planted0.01,pit,fixed_1d,top10_ew,5.0,cost_v1,0.07550363618409683,0.4089267203869574,0.26421371410828753,-0.6326074222694533,497.9574436548774,251.47828020756114
20260930,planted0.01,pit,fixed_1d,top10_ew,10.0,cost_v1,-0.05158470901104406,-0.06785729413398735,0.2642136957475294,-0.86641927828653,497.9574436548774,251.47828020756114
20260930,planted0.01,pit,fixed_1d,top10_ew,20.0,cost_v1,-0.2626225434319137,-1.021424926622838,0.2642138130259997,-0.9971515799788266,497.9574436548774,251.47828020756114
20260930,planted0.01,pit,fixed_21d,top1,0.0,primary,0.12990609016540433,0.4995181099849865,0.43490850918759355,-0.5728143635466278,23.98899184581171,12.021571534469977
20260930,planted0.01,pit,fixed_21d,top1,5.0,primary,0.12314836345843849,0.48569951571381753,0.43491070735760945,-0.580331859689641,23.98899184581171,12.021571534469977
20260930,planted0.01,pit,fixed_21d,top1,10.0,primary,0.11642771351975711,0.471873940530112,0.43491946838250317,-0.5877207018398093,23.98899184581171,12.021571534469977
20260930,planted0.01,pit,fixed_21d,top1,20.0,primary,0.10309690442751407,0.4442043549583387,0.4349566771135609,-0.6021209475679391,23.98899184581171,12.021571534469977
20260930,planted0.01,pit,fixed_21d,top1,0.0,stress,0.10829205133115516,0.4562108464409865,0.44051804625659974,-0.7009700595750885,23.98899184581171,12.021571534469977
20260930,planted0.01,pit,fixed_21d,top1,5.0,stress,0.10166359356852661,0.4425693461198733,0.4405193352885682,-0.7062323067855818,23.98899184581171,12.021571534469977
20260930,planted0.01,pit,fixed_21d,top1,10.0,stress,0.09507150333054071,0.4289216169152297,0.4405271036403255,-0.7114044962026186,23.98899184581171,12.021571534469977
20260930,planted0.01,pit,fixed_21d,top1,20.0,stress,0.08199570005508128,0.40160988382928714,0.44056207664634933,-0.7214846680406455,23.98899184581171,12.021571534469977
20260930,planted0.01,pit,fixed_21d,top1,0.0,cost_v1,0.12990609016540433,0.4995181099849865,0.43490850918759355,-0.5728143635466278,23.98899184581171,12.021571534469977
20260930,planted0.01,pit,fixed_21d,top1,5.0,cost_v1,0.12312699842102548,0.4856559086578031,0.43492257309032784,-0.5805101884672297,23.98899184581171,12.021571534469977
20260930,planted0.01,pit,fixed_21d,top1,10.0,cost_v1,0.11638521064189611,0.47178745237050307,0.4349432298445766,-0.5880711671877028,23.98899184581171,12.021571534469977
20260930,planted0.01,pit,fixed_21d,top1,20.0,cost_v1,0.1030128009178286,0.44403430544503636,0.4350043178510146,-0.6027977329354407,23.98899184581171,12.021571534469977
20260930,planted0.01,pit,fixed_21d,top10_ew,0.0,primary,0.10039641108130382,0.5006979600924383,0.2582287725083881,-0.5660611045971684,23.805392436388246,12.021571534469977
20260930,planted0.01,pit,fixed_21d,top10_ew,5.0,primary,0.09386540801479559,0.47758382895201107,0.25824305389730884,-0.5682259237650003,23.805392436388246,12.021571534469977
20260930,planted0.01,pit,fixed_21d,top10_ew,10.0,primary,0.08736996517291229,0.4544531304720447,0.2582682029432498,-0.570381018282553,23.805392436388246,12.021571534469977
20260930,planted0.01,pit,fixed_21d,top10_ew,20.0,primary,0.07448505625749857,0.40815375329099846,0.25835108993986006,-0.5746621886308508,23.805392436388246,12.021571534469977
20260930,planted0.01,pit,fixed_21d,top10_ew,0.0,stress,0.08238686508253279,0.4359941478233036,0.2592185871713373,-0.5660611045971684,23.819942600930798,12.021571534469977
20260930,planted0.01,pit,fixed_21d,top10_ew,5.0,stress,0.07595883544018522,0.41296012634489376,0.25923151093761393,-0.5682259237650003,23.819942600930798,12.021571534469977
20260930,planted0.01,pit,fixed_21d,top10_ew,10.0,stress,0.06956582688355328,0.38991209959480894,0.25925527345796257,-0.570381018282553,23.819942600930798,12.021571534469977
20260930,planted0.01,pit,fixed_21d,top10_ew,20.0,stress,0.05688417936395962,0.34378562612210556,0.2593353014842068,-0.5746621886308508,23.819942600930798,12.021571534469977
20260930,planted0.01,pit,fixed_21d,top10_ew,0.0,cost_v1,0.10039641108130382,0.5006979600924383,0.2582287725083881,-0.5660611045971684,23.805392436388246,12.021571534469977
20260930,planted0.01,pit,fixed_21d,top10_ew,5.0,cost_v1,0.09379875242680269,0.47734407417366226,0.2582469694417418,-0.5682325643619238,23.805392436388246,12.021571534469977
20260930,planted0.01,pit,fixed_21d,top10_ew,10.0,cost_v1,0.08723737826829447,0.4539739640372333,0.25827626852826274,-0.5703942407571545,23.805392436388246,12.021571534469977
20260930,planted0.01,pit,fixed_21d,top10_ew,20.0,cost_v1,0.07422275812945966,0.4071971740811068,0.2583681566217379,-0.5746884000862486,23.805392436388246,12.021571534469977
20260930,planted0.01,pit,fixed_126d,top1,0.0,primary,0.07000542069842086,0.37092097147662306,0.42048102988383135,-0.7679251455914188,4.007190511489992,2.003595255744996
20260930,planted0.01,pit,fixed_126d,top1,5.0,primary,0.0689337643712451,0.3685322147113812,0.4204767961034005,-0.768504752830325,4.007190511489992,2.003595255744996
20260930,planted0.01,pit,fixed_126d,top1,10.0,primary,0.06786265316633555,0.3661423875694094,0.4204737362845688,-0.7690832014345058,4.007190511489992,2.003595255744996
20260930,planted0.01,pit,fixed_126d,top1,20.0,primary,0.06572206607581377,0.3613596020692735,0.4204711386243866,-0.7702366296887576,4.007190511489992,2.003595255744996
20260930,planted0.01,pit,fixed_126d,top1,0.0,stress,0.07000542069842086,0.37092097147662306,0.42048102988383135,-0.7679251455914188,4.007190511489992,2.003595255744996
20260930,planted0.01,pit,fixed_126d,top1,5.0,stress,0.0689337643712451,0.3685322147113812,0.4204767961034005,-0.768504752830325,4.007190511489992,2.003595255744996
20260930,planted0.01,pit,fixed_126d,top1,10.0,stress,0.06786265316633555,0.3661423875694094,0.4204737362845688,-0.7690832014345058,4.007190511489992,2.003595255744996
20260930,planted0.01,pit,fixed_126d,top1,20.0,stress,0.06572206607581377,0.3613596020692735,0.4204711386243866,-0.7702366296887576,4.007190511489992,2.003595255744996
20260930,planted0.01,pit,fixed_126d,top1,0.0,cost_v1,0.07000542069842086,0.37092097147662306,0.42048102988383135,-0.7679251455914188,4.007190511489992,2.003595255744996
20260930,planted0.01,pit,fixed_126d,top1,5.0,cost_v1,0.06893588247721749,0.3685370346675266,0.42047761192440014,-0.7685021397161491,4.007190511489992,2.003595255744996
20260930,planted0.01,pit,fixed_126d,top1,10.0,cost_v1,0.06786687985085949,0.3661520278873257,0.4204753781693593,-0.7690779856394494,4.007190511489992,2.003595255744996
20260930,planted0.01,pit,fixed_126d,top1,20.0,cost_v1,0.06573048137883486,0.3613788849114421,0.42047446333793626,-0.7702262397380846,4.007190511489992,2.003595255744996
20260930,planted0.01,pit,fixed_126d,top10_ew,0.0,primary,0.06364389812235771,0.3650402161224053,0.2681682873105941,-0.6592877503271559,3.94476717823165,2.003595255744996
20260930,planted0.01,pit,fixed_126d,top10_ew,5.0,primary,0.0625952036412254,0.36135752029177703,0.2681585120537773,-0.659683450659931,3.94476717823165,2.003595255744996
20260930,planted0.01,pit,fixed_126d,top10_ew,10.0,primary,0.06154703395956451,0.3576721718938549,0.26815052414309526,-0.6601031001694149,3.94476717823165,2.003595255744996
20260930,planted0.01,pit,fixed_126d,top10_ew,20.0,primary,0.05945226894914768,0.3502938105520649,0.26813991096333584,-0.6609414038222379,3.94476717823165,2.003595255744996
20260930,planted0.01,pit,fixed_126d,top10_ew,0.0,stress,0.05388834947424703,0.33049466524412363,0.26873323625569817,-0.666191293668738,3.9532123899209504,2.003595255744996
20260930,planted0.01,pit,fixed_126d,top10_ew,5.0,stress,0.05284704949960073,0.32681009420790313,0.26872563257721177,-0.6666043494717306,3.9532123899209504,2.003595255744996
20260930,planted0.01,pit,fixed_126d,top10_ew,10.0,stress,0.05180627180847597,0.32312316354250487,0.2687198178212775,-0.6670170776500046,3.9532123899209504,2.003595255744996
20260930,planted0.01,pit,fixed_126d,top10_ew,20.0,stress,0.04972628323146089,0.3157425168444982,0.268713555505868,-0.6678415516209857,3.9532123899209504,2.003595255744996
20260930,planted0.01,pit,fixed_126d,top10_ew,0.0,cost_v1,0.06364389812235771,0.3650402161224053,0.2681682873105941,-0.6592877503271559,3.94476717823165,2.003595255744996
20260930,planted0.01,pit,fixed_126d,top10_ew,5.0,cost_v1,0.06258178615766496,0.3613101885330264,0.26815891935158626,-0.6595984805978102,3.94476717823165,2.003595255744996
20260930,planted0.01,pit,fixed_126d,top10_ew,10.0,cost_v1,0.061520205623278645,0.357577424527188,0.2681514080068648,-0.6599333273271317,3.94476717823165,2.003595255744996
20260930,planted0.01,pit,fixed_126d,top10_ew,20.0,cost_v1,0.059398638841616336,0.350103995843244,0.26814195574581823,-0.6606025267717186,3.94476717823165,2.003595255744996
20260930,planted0.01,surv,argmax_conf,top1,0.0,primary,0.1276177812701691,0.49758011868060853,0.4133829851899743,-0.6735108503937621,8.230985915492957,4.169644180874722
20260930,planted0.01,surv,argmax_conf,top1,5.0,primary,0.12529924018425675,0.49258869623857204,0.4133882503551072,-0.6741633391224744,8.230985915492957,4.169644180874722
20260930,planted0.01,surv,argmax_conf,top1,10.0,primary,0.12298431739285931,0.4875945283300043,0.4133959509851981,-0.6748148493629195,8.230985915492957,4.169644180874722
20260930,planted0.01,surv,argmax_conf,top1,20.0,primary,0.11836531127338601,0.4775983105525845,0.41341865805283556,-0.6761149382934507,8.230985915492957,4.169644180874722
20260930,planted0.01,surv,argmax_conf,top1,0.0,stress,0.1276177812701691,0.49758011868060853,0.4133829851899743,-0.6735108503937621,8.230985915492957,4.169644180874722
20260930,planted0.01,surv,argmax_conf,top1,5.0,stress,0.12529924018425675,0.49258869623857204,0.4133882503551072,-0.6741633391224744,8.230985915492957,4.169644180874722
20260930,planted0.01,surv,argmax_conf,top1,10.0,stress,0.12298431739285931,0.4875945283300043,0.4133959509851981,-0.6748148493629195,8.230985915492957,4.169644180874722
20260930,planted0.01,surv,argmax_conf,top1,20.0,stress,0.11836531127338601,0.4775983105525845,0.41341865805283556,-0.6761149382934507,8.230985915492957,4.169644180874722
20260930,planted0.01,surv,argmax_conf,top1,0.0,cost_v1,0.1276177812701691,0.49758011868060853,0.4133829851899743,-0.6735108503937621,8.230985915492957,4.169644180874722
20260930,planted0.01,surv,argmax_conf,top1,5.0,cost_v1,0.12526711373594668,0.49251914483782955,0.41338993507387745,-0.6741702095485057,8.230985915492957,4.169644180874722
20260930,planted0.01,surv,argmax_conf,top1,10.0,cost_v1,0.1229201726585678,0.48745541122517777,0.41339936975249636,-0.6748285695300547,8.230985915492957,4.169644180874722
20260930,planted0.01,surv,argmax_conf,top1,20.0,cost_v1,0.11823745369579552,0.4773200315949772,0.41342569276862046,-0.6761422960126011,8.230985915492957,4.169644180874722
20260930,planted0.01,surv,argmax_conf,top10_ew,0.0,primary,0.1646198361277853,0.6401831643042118,0.30838750867371234,-0.5047383884597536,8.212677079452417,4.169644180874722
20260930,planted0.01,surv,argmax_conf,top10_ew,5.0,primary,0.16223054264649694,0.6334968809792357,0.30839830944553975,-0.5049720313678169,8.212677079452417,4.169644180874722
20260930,planted0.01,surv,argmax_conf,top10_ew,10.0,primary,0.1598449828436801,0.6268045439093791,0.30841231929447466,-0.5052056742758803,8.212677079452417,4.169644180874722
20260930,planted0.01,surv,argmax_conf,top10_ew,20.0,primary,0.1550850482258752,0.6134025514054237,0.3084499643744248,-0.509619940152322,8.212677079452417,4.169644180874722
20260930,planted0.01,surv,argmax_conf,top10_ew,0.0,stress,0.1646198361277853,0.6401831643042118,0.30838750867371234,-0.5047383884597536,8.212677079452417,4.169644180874722
20260930,planted0.01,surv,argmax_conf,top10_ew,5.0,stress,0.16223054264649694,0.6334968809792357,0.30839830944553975,-0.5049720313678169,8.212677079452417,4.169644180874722
20260930,planted0.01,surv,argmax_conf,top10_ew,10.0,stress,0.1598449828436801,0.6268045439093791,0.30841231929447466,-0.5052056742758803,8.212677079452417,4.169644180874722
20260930,planted0.01,surv,argmax_conf,top10_ew,20.0,stress,0.1550850482258752,0.6134025514054237,0.3084499643744248,-0.509619940152322,8.212677079452417,4.169644180874722
20260930,planted0.01,surv,argmax_conf,top10_ew,0.0,cost_v1,0.1646198361277853,0.6401831643042118,0.30838750867371234,-0.5047383884597536,8.212677079452417,4.169644180874722
20260930,planted0.01,surv,argmax_conf,top10_ew,5.0,cost_v1,0.1621909107034385,0.6333841680598568,0.308400183428567,-0.5049849262115573,8.212677079452417,4.169644180874722
20260930,planted0.01,surv,argmax_conf,top10_ew,10.0,cost_v1,0.15976583763549979,0.6265789648346638,0.30841618843234386,-0.5052314639633608,8.212677079452417,4.169644180874722
20260930,planted0.01,surv,argmax_conf,top10_ew,20.0,cost_v1,0.1549272318353574,0.6129508277066489,0.3084581870052356,-0.5097329725812103,8.212677079452417,4.169644180874722
20260930,planted0.01,surv,fixed_1d,top1,0.0,primary,0.007914143056433565,0.24815956087651564,0.47349009144257853,-0.8251621457666047,502.0901408450704,251.47828020756114
20260930,planted0.01,surv,fixed_1d,top1,5.0,primary,-0.11101145220225184,-0.01756911799534111,0.4732510890282573,-0.9528850506875086,502.0901408450704,251.47828020756114
20260930,planted0.01,surv,fixed_1d,top1,10.0,primary,-0.2159540460096505,-0.2835662021454521,0.4730123005001894,-0.9929313607749929,502.0901408450704,251.47828020756114
20260930,planted0.01,surv,fixed_1d,top1,20.0,primary,-0.3902521379612689,-0.8163657661286021,0.4725353663995339,-0.9999116125055407,502.0901408450704,251.47828020756114
20260930,planted0.01,surv,fixed_1d,top1,0.0,stress,0.007914143056433565,0.24815956087651564,0.47349009144257853,-0.8251621457666047,502.0901408450704,251.47828020756114
20260930,planted0.01,surv,fixed_1d,top1,5.0,stress,-0.11101145220225184,-0.01756911799534111,0.4732510890282573,-0.9528850506875086,502.0901408450704,251.47828020756114
20260930,planted0.01,surv,fixed_1d,top1,10.0,stress,-0.2159540460096505,-0.2835662021454521,0.4730123005001894,-0.9929313607749929,502.0901408450704,251.47828020756114
20260930,planted0.01,surv,fixed_1d,top1,20.0,stress,-0.3902521379612689,-0.8163657661286021,0.4725353663995339,-0.9999116125055407,502.0901408450704,251.47828020756114
20260930,planted0.01,surv,fixed_1d,top1,0.0,cost_v1,0.007914143056433565,0.24815956087651564,0.47349009144257853,-0.8251621457666047,502.0901408450704,251.47828020756114
20260930,planted0.01,surv,fixed_1d,top1,5.0,cost_v1,-0.11124883139494457,-0.01789220357776813,0.4734900790466181,-0.9531383093091881,502.0901408450704,251.47828020756114
20260930,planted0.01,surv,fixed_1d,top1,10.0,cost_v1,-0.21637288791200127,-0.283943964784784,0.4734900952953354,-0.9930071803065385,502.0901408450704,251.47828020756114
20260930,planted0.01,surv,fixed_1d,top1,20.0,cost_v1,-0.39090399651236296,-0.816047284313446,0.4734902137267863,-0.9999134235491828,502.0901408450704,251.47828020756114
20260930,planted0.01,surv,fixed_1d,top10_ew,0.0,primary,0.2559405433560069,1.008032515868184,0.260179350732477,-0.6607527992077168,495.7788172767814,251.47828020756114
20260930,planted0.01,surv,fixed_1d,top10_ew,5.0,primary,0.10949996468252765,0.5305253718613357,0.2600549877413436,-0.6919190130505302,495.7788172767814,251.47828020756114
20260930,planted0.01,surv,fixed_1d,top10_ew,10.0,primary,-0.019925894158217772,0.052561233208346186,0.2599309761578849,-0.7297751186757084,495.7788172767814,251.47828020756114
20260930,planted0.01,surv,fixed_1d,top10_ew,20.0,primary,-0.23538593313894385,-0.9047328747116677,0.25968400922633345,-0.9940387612465575,495.7788172767814,251.47828020756114
20260930,planted0.01,surv,fixed_1d,top10_ew,0.0,stress,0.2559405433560069,1.008032515868184,0.260179350732477,-0.6607527992077168,495.7788172767814,251.47828020756114
20260930,planted0.01,surv,fixed_1d,top10_ew,5.0,stress,0.10949996468252765,0.5305253718613357,0.2600549877413436,-0.6919190130505302,495.7788172767814,251.47828020756114
20260930,planted0.01,surv,fixed_1d,top10_ew,10.0,stress,-0.019925894158217772,0.052561233208346186,0.2599309761578849,-0.7297751186757084,495.7788172767814,251.47828020756114
20260930,planted0.01,surv,fixed_1d,top10_ew,20.0,stress,-0.23538593313894385,-0.9047328747116677,0.25968400922633345,-0.9940387612465575,495.7788172767814,251.47828020756114
20260930,planted0.01,surv,fixed_1d,top10_ew,0.0,cost_v1,0.2559405433560069,1.008032515868184,0.260179350732477,-0.6607527992077168,495.7788172767814,251.47828020756114
20260930,planted0.01,surv,fixed_1d,top10_ew,5.0,cost_v1,0.107617328614793,0.5238556182657913,0.2601792682664881,-0.692632487362983,495.7788172767814,251.47828020756114
20260930,planted0.01,surv,fixed_1d,top10_ew,10.0,cost_v1,-0.023250704684614654,0.03967840578555312,0.26017923792981423,-0.7313752087353318,495.7788172767814,251.47828020756114
20260930,planted0.01,surv,fixed_1d,top10_ew,20.0,cost_v1,-0.2405698452883498,-0.9286757996962439,0.2601793336444538,-0.994735504044633,495.7788172767814,251.47828020756114
20260930,planted0.01,surv,fixed_21d,top1,0.0,primary,0.15023013121788065,0.5321671144996852,0.47315026610293687,-0.7105641891596033,23.934840622683467,12.021571534469977
20260930,planted0.01,surv,fixed_21d,top1,5.0,primary,0.14336633126914688,0.5194955552427712,0.4731124475180059,-0.7158708405213711,23.934840622683467,12.021571534469977
20260930,planted0.01,surv,fixed_21d,top1,10.0,primary,0.13654009379594556,0.506815473068941,0.47308069333923375,-0.7210827798366346,23.934840622683467,12.021571534469977
20260930,planted0.01,surv,fixed_21d,top1,20.0,primary,0.1229995592636246,0.4814316797597288,0.47303538285206215,-0.7312290716336741,23.934840622683467,12.021571534469977
20260930,planted0.01,surv,fixed_21d,top1,0.0,stress,0.15023013121788065,0.5321671144996852,0.47315026610293687,-0.7105641891596033,23.934840622683467,12.021571534469977
20260930,planted0.01,surv,fixed_21d,top1,5.0,stress,0.14336633126914688,0.5194955552427712,0.4731124475180059,-0.7158708405213711,23.934840622683467,12.021571534469977
20260930,planted0.01,surv,fixed_21d,top1,10.0,stress,0.13654009379594556,0.506815473068941,0.47308069333923375,-0.7210827798366346,23.934840622683467,12.021571534469977
20260930,planted0.01,surv,fixed_21d,top1,20.0,stress,0.1229995592636246,0.4814316797597288,0.47303538285206215,-0.7312290716336741,23.934840622683467,12.021571534469977
20260930,planted0.01,surv,fixed_21d,top1,0.0,cost_v1,0.15023013121788065,0.5321671144996852,0.47315026610293687,-0.7105641891596033,23.934840622683467,12.021571534469977
20260930,planted0.01,surv,fixed_21d,top1,5.0,cost_v1,0.1433542174632263,0.5194718847973885,0.47312099063227625,-0.7158425183111752,23.934840622683467,12.021571534469977
20260930,planted0.01,surv,fixed_21d,top1,10.0,cost_v1,0.13651600398793118,0.5067685927940366,0.4730977749100468,-0.7210271455583339,23.934840622683467,12.021571534469977
20260930,planted0.01,surv,fixed_21d,top1,20.0,cost_v1,0.12295192658272946,0.48133976702429065,0.47306952604657565,-0.7311217391039108,23.934840622683467,12.021571534469977
20260930,planted0.01,surv,fixed_21d,top10_ew,0.0,primary,0.22843110181174464,0.7980577596272161,0.3215006660756957,-0.5576234589989812,23.665662938228262,12.021571534469977
20260930,planted0.01,surv,fixed_21d,top10_ew,5.0,primary,0.22118287323471497,0.7795920670288721,0.32150767481865167,-0.5615038924129098,23.665662938228262,12.021571534469977
20260930,planted0.01,surv,fixed_21d,top10_ew,10.0,primary,0.21397387647317934,0.7611067063941044,0.32152333202710714,-0.565352167769635,23.665662938228262,12.021571534469977
20260930,planted0.01,surv,fixed_21d,top10_ew,20.0,primary,0.19967280645549224,0.7240829742874052,0.32158058608980317,-0.5729532461074375,23.665662938228262,12.021571534469977
20260930,planted0.01,surv,fixed_21d,top10_ew,0.0,stress,0.22843110181174464,0.7980577596272161,0.3215006660756957,-0.5576234589989812,23.665662938228262,12.021571534469977
20260930,planted0.01,surv,fixed_21d,top10_ew,5.0,stress,0.22118287323471497,0.7795920670288721,0.32150767481865167,-0.5615038924129098,23.665662938228262,12.021571534469977
20260930,planted0.01,surv,fixed_21d,top10_ew,10.0,stress,0.21397387647317934,0.7611067063941044,0.32152333202710714,-0.565352167769635,23.665662938228262,12.021571534469977
20260930,planted0.01,surv,fixed_21d,top10_ew,20.0,stress,0.19967280645549224,0.7240829742874052,0.32158058608980317,-0.5729532461074375,23.665662938228262,12.021571534469977
20260930,planted0.01,surv,fixed_21d,top10_ew,0.0,cost_v1,0.22843110181174464,0.7980577596272161,0.3215006660756957,-0.5576234589989812,23.665662938228262,12.021571534469977
20260930,planted0.01,surv,fixed_21d,top10_ew,5.0,cost_v1,0.22107018394479883,0.7792962308324973,0.3215133504797867,-0.5615849038077221,23.665662938228262,12.021571534469977
20260930,planted0.01,surv,fixed_21d,top10_ew,10.0,cost_v1,0.21374972396674075,0.7605150874354172,0.3215349532644074,-0.5655128287152893,23.665662938228262,12.021571534469977
20260930,planted0.01,surv,fixed_21d,top10_ew,20.0,cost_v1,0.19922936942775826,0.7229002435417743,0.3216049060445293,-0.5732691851333291,23.665662938228262,12.021571534469977
20260930,planted0.01,surv,fixed_126d,top1,0.0,primary,0.13818658523523397,0.5142344468011787,0.4331300000688255,-0.6262680494949946,4.007190511489992,2.003595255744996
20260930,planted0.01,surv,fixed_126d,top1,5.0,primary,0.13704664254711396,0.5119173269362198,0.43312051917885636,-0.6270149529849218,4.007190511489992,2.003595255744996
20260930,planted0.01,surv,fixed_126d,top1,10.0,primary,0.13590727971666428,0.5095987584085637,0.4331121832977359,-0.627760736399866,4.007190511489992,2.003595255744996
20260930,planted0.01,surv,fixed_126d,top1,20.0,primary,0.13363029357824918,0.5049573483126182,0.4330989468174161,-0.6292489474856648,4.007190511489992,2.003595255744996
20260930,planted0.01,surv,fixed_126d,top1,0.0,stress,0.13818658523523397,0.5142344468011787,0.4331300000688255,-0.6262680494949946,4.007190511489992,2.003595255744996
20260930,planted0.01,surv,fixed_126d,top1,5.0,stress,0.13704664254711396,0.5119173269362198,0.43312051917885636,-0.6270149529849218,4.007190511489992,2.003595255744996
20260930,planted0.01,surv,fixed_126d,top1,10.0,stress,0.13590727971666428,0.5095987584085637,0.4331121832977359,-0.627760736399866,4.007190511489992,2.003595255744996
20260930,planted0.01,surv,fixed_126d,top1,20.0,stress,0.13363029357824918,0.5049573483126182,0.4330989468174161,-0.6292489474856648,4.007190511489992,2.003595255744996
20260930,planted0.01,surv,fixed_126d,top1,0.0,cost_v1,0.13818658523523397,0.5142344468011787,0.4331300000688255,-0.6262680494949946,4.007190511489992,2.003595255744996
20260930,planted0.01,surv,fixed_126d,top1,5.0,cost_v1,0.13705191099783787,0.511927995388443,0.4331208844338429,-0.6270151824596286,4.007190511489992,2.003595255744996
20260930,planted0.01,surv,fixed_126d,top1,10.0,cost_v1,0.13591780340697346,0.509620094348001,0.43311291828509135,-0.6277611949981119,4.007190511489992,2.003595255744996
20260930,planted0.01,surv,fixed_126d,top1,20.0,cost_v1,0.13365128816077254,0.5050000163064023,0.43310043469084314,-0.6292498632776156,4.007190511489992,2.003595255744996
20260930,planted0.01,surv,fixed_126d,top10_ew,0.0,primary,0.17063431020865205,0.7302835761201143,0.26368238160573604,-0.5743525831507541,3.9566979621762783,2.003595255744996
20260930,planted0.01,surv,fixed_126d,top10_ew,5.0,primary,0.16947663881893016,0.7265298221813666,0.2636780083113183,-0.5747661084141064,3.9566979621762783,2.003595255744996
20260930,planted0.01,surv,fixed_126d,top10_ew,10.0,primary,0.16831954783659642,0.7227709359432505,0.26367546190204827,-0.575179432875503,3.9566979621762783,2.003595255744996
20260930,planted0.01,surv,fixed_126d,top10_ew,20.0,primary,0.16600710704611177,0.7152380782387338,0.26367584991269255,-0.5760054793924283,3.9566979621762783,2.003595255744996
20260930,planted0.01,surv,fixed_126d,top10_ew,0.0,stress,0.17063431020865205,0.7302835761201143,0.26368238160573604,-0.5743525831507541,3.9566979621762783,2.003595255744996
20260930,planted0.01,surv,fixed_126d,top10_ew,5.0,stress,0.16947663881893016,0.7265298221813666,0.2636780083113183,-0.5747661084141064,3.9566979621762783,2.003595255744996
20260930,planted0.01,surv,fixed_126d,top10_ew,10.0,stress,0.16831954783659642,0.7227709359432505,0.26367546190204827,-0.575179432875503,3.9566979621762783,2.003595255744996
20260930,planted0.01,surv,fixed_126d,top10_ew,20.0,stress,0.16600710704611177,0.7152380782387338,0.26367584991269255,-0.5760054793924283,3.9566979621762783,2.003595255744996
20260930,planted0.01,surv,fixed_126d,top10_ew,0.0,cost_v1,0.17063431020865205,0.7302835761201143,0.26368238160573604,-0.5743525831507541,3.9566979621762783,2.003595255744996
20260930,planted0.01,surv,fixed_126d,top10_ew,5.0,cost_v1,0.16946404341927024,0.7264880957344259,0.26367844686560615,-0.5747687340667447,3.9566979621762783,2.003595255744996
20260930,planted0.01,surv,fixed_126d,top10_ew,10.0,cost_v1,0.16829436281455123,0.7226873262899752,0.26367640052379343,-0.5751846815164722,3.9566979621762783,2.003595255744996
20260930,planted0.01,surv,fixed_126d,top10_ew,20.0,cost_v1,0.16595676015489347,0.71507024623497,0.2636779731704119,-0.5760159660171381,3.9566979621762783,2.003595255744996
20260930,planted0.03,pit,argmax_conf,top1,0.0,primary,0.36249556123788973,0.9692495326418946,0.40367578216256733,-0.6640134033819503,12.346478873239436,6.173239436619718
20260930,planted0.03,pit,argmax_conf,top1,5.0,primary,0.3582954954122317,0.961619755038402,0.4036463469765356,-0.6640134033819504,12.346478873239436,6.173239436619718
20260930,planted0.03,pit,argmax_conf,top1,10.0,primary,0.35410629410431604,0.9539799779106755,0.40362067162753057,-0.6640134033819504,12.346478873239436,6.173239436619718
20260930,planted0.03,pit,argmax_conf,top1,20.0,primary,0.3457603942159708,0.9386712656600986,0.403580603205878,-0.6640134033819503,12.346478873239436,6.173239436619718
20260930,planted0.03,pit,argmax_conf,top1,0.0,stress,0.36249556123788973,0.9692495326418946,0.40367578216256733,-0.6640134033819503,12.346478873239436,6.173239436619718
20260930,planted0.03,pit,argmax_conf,top1,5.0,stress,0.3582954954122317,0.961619755038402,0.4036463469765356,-0.6640134033819504,12.346478873239436,6.173239436619718
20260930,planted0.03,pit,argmax_conf,top1,10.0,stress,0.35410629410431604,0.9539799779106755,0.40362067162753057,-0.6640134033819504,12.346478873239436,6.173239436619718
20260930,planted0.03,pit,argmax_conf,top1,20.0,stress,0.3457603942159708,0.9386712656600986,0.403580603205878,-0.6640134033819503,12.346478873239436,6.173239436619718
20260930,planted0.03,pit,argmax_conf,top1,0.0,cost_v1,0.36249556123788973,0.9692495326418946,0.40367578216256733,-0.6640134033819503,12.346478873239436,6.173239436619718
20260930,planted0.03,pit,argmax_conf,top1,5.0,cost_v1,0.3583140324667109,0.9616460377088875,0.4036518538060132,-0.6640134033819504,12.346478873239436,6.173239436619718
20260930,planted0.03,pit,argmax_conf,top1,10.0,cost_v1,0.3541432624331933,0.9540328105481365,0.4036316615061012,-0.6640134033819504,12.346478873239436,6.173239436619718
20260930,planted0.03,pit,argmax_conf,top1,20.0,cost_v1,0.34583390925615176,0.9387779949522232,0.40360248721543884,-0.6640134033819504,12.346478873239436,6.173239436619718
20260930,planted0.03,pit,argmax_conf,top10_ew,0.0,primary,0.11974270015477306,0.5748277027946894,0.25318026978227776,-0.6528836780738272,12.245484459572495,6.173239436619718
20260930,planted0.03,pit,argmax_conf,top10_ew,5.0,primary,0.11631914952645017,0.5627347225171988,0.25315709680319975,-0.6535435094397626,12.245484459572495,6.173239436619718
20260930,planted0.03,pit,argmax_conf,top10_ew,10.0,primary,0.1129043814049786,0.5506267632720019,0.2531397920897554,-0.654202400485077,12.245484459572495,6.173239436619718
20260930,planted0.03,pit,argmax_conf,top10_ew,20.0,primary,0.10610111987844117,0.52636925696599,0.2531227918658272,-0.6555173651854067,12.245484459572495,6.173239436619718
20260930,planted0.03,pit,argmax_conf,top10_ew,0.0,stress,0.11080221209456464,0.542351292117199,0.253839132325931,-0.6528836780738272,12.252784999592983,6.173239436619718
20260930,planted0.03,pit,argmax_conf,top10_ew,5.0,stress,0.10740397437831439,0.530280117747725,0.2538157197591226,-0.6535435094397626,12.252784999592983,6.173239436619718
20260930,planted0.03,pit,argmax_conf,top10_ew,10.0,stress,0.10401445949245902,0.518194752034231,0.2537981668031568,-0.654202400485077,12.252784999592983,6.173239436619718
20260930,planted0.03,pit,argmax_conf,top10_ew,20.0,stress,0.09726152585832293,0.4939847765938209,0.2537806441812911,-0.6555173651854067,12.252784999592983,6.173239436619718
20260930,planted0.03,pit,argmax_conf,top10_ew,0.0,cost_v1,0.11974270015477306,0.5748277027946894,0.25318026978227776,-0.6528836780738272,12.245484459572495,6.173239436619718
20260930,planted0.03,pit,argmax_conf,top10_ew,5.0,cost_v1,0.11629875685556668,0.5626589386298596,0.25315989086609214,-0.6535740697735215,12.245484459572495,6.173239436619718
20260930,planted0.03,pit,argmax_conf,top10_ew,10.0,cost_v1,0.11286369414306341,0.5504752596622379,0.25314546962628176,-0.6542634312518038,12.245484459572495,6.173239436619718
20260930,planted0.03,pit,argmax_conf,top10_ew,20.0,cost_v1,0.1060201365815514,0.5260665826427382,0.25313450382808683,-0.6556390676446138,12.245484459572495,6.173239436619718
20260930,planted0.03,pit,fixed_1d,top1,0.0,primary,0.519426523511985,1.160798902764704,0.4484247205218857,-0.7352468054647892,502.4150481838399,251.47828020756114
20260930,planted0.03,pit,fixed_1d,top1,5.0,primary,0.3400377875178171,0.880044020391051,0.44819461561660323,-0.7604473789475402,502.4150481838399,251.47828020756114
20260930,planted0.03,pit,fixed_1d,top1,10.0,primary,0.18175403546393598,0.5990005318192088,0.44796464290335675,-0.7833128461514408,502.4150481838399,251.47828020756114
20260930,planted0.03,pit,fixed_1d,top1,20.0,primary,-0.08110644915429088,0.03604695298722115,0.4475050948680564,-0.9257391220598342,502.4150481838399,251.47828020756114
20260930,planted0.03,pit,fixed_1d,top1,0.0,stress,0.4618521179711039,1.0623769764277282,0.45932828255952585,-0.7352468054647892,502.4150481838399,251.47828020756114
20260930,planted0.03,pit,fixed_1d,top1,5.0,stress,0.28926081487400124,0.7882886960692265,0.4590805367262531,-0.7604473789475402,502.4150481838399,251.47828020756114
20260930,planted0.03,pit,fixed_1d,top1,10.0,stress,0.13697478155825205,0.513904293476525,0.4588329117954927,-0.7833128461514408,502.4150481838399,251.47828020756114
20260930,planted0.03,pit,fixed_1d,top1,20.0,stress,-0.11592534241871055,-0.03575392916188354,0.45833802542524965,-0.963612171048681,502.4150481838399,251.47828020756114
20260930,planted0.03,pit,fixed_1d,top1,0.0,cost_v1,0.519426523511985,1.160798902764704,0.4484247205218857,-0.7352468054647892,502.4150481838399,251.47828020756114
20260930,planted0.03,pit,fixed_1d,top1,5.0,cost_v1,0.34006747978859453,0.8798759927780735,0.44842461066643086,-0.7607434142563727,502.4150481838399,251.47828020756114
20260930,planted0.03,pit,fixed_1d,top1,10.0,cost_v1,0.181806424794708,0.5989529047511293,0.4484245310567775,-0.7837956661803918,502.4150481838399,251.47828020756114
20260930,planted0.03,pit,fixed_1d,top1,20.0,cost_v1,-0.08102491697962966,0.037106421951913715,0.4484244625749331,-0.9257965421744752,502.4150481838399,251.47828020756114
20260930,planted0.03,pit,fixed_1d,top10_ew,0.0,primary,0.6364783267602856,2.011031796219871,0.26273247465028793,-0.4737749164614091,498.25442357562133,251.47828020756114
20260930,planted0.03,pit,fixed_1d,top10_ew,5.0,primary,0.44477280456861035,1.5358179662548792,0.262600105949504,-0.4921531709249334,498.25442357562133,251.47828020756114
20260930,planted0.03,pit,fixed_1d,top10_ew,10.0,primary,0.2754458188826525,1.0601238398015889,0.26246797821861667,-0.5104342082797377,498.25442357562133,251.47828020756114
20260930,planted0.03,pit,fixed_1d,top10_ew,20.0,primary,-0.006183304363831743,0.10729704120427702,0.2622044471229965,-0.6963443470374391,498.25442357562133,251.47828020756114
20260930,planted0.03,pit,fixed_1d,top10_ew,0.0,stress,0.6095584545260182,1.9389590560691536,0.2641044915612672,-0.48976270530003574,498.26957271509787,251.47828020756114
20260930,planted0.03,pit,fixed_1d,top10_ew,5.0,stress,0.42100108086403143,1.4662019836126647,0.2639707687717453,-0.5075860593492507,498.26957271509787,251.47828020756114
20260930,planted0.03,pit,fixed_1d,top10_ew,10.0,stress,0.254455377014124,0.992964787867008,0.2638372851863802,-0.5253149034188678,498.26957271509787,251.47828020756114
20260930,planted0.03,pit,fixed_1d,top10_ew,20.0,stress,-0.022546305914085685,0.04505226485901191,0.26357103708118784,-0.7423530078717333,498.26957271509787,251.47828020756114
20260930,planted0.03,pit,fixed_1d,top10_ew,0.0,cost_v1,0.6364783267602856,2.011031796219871,0.26273247465028793,-0.4737749164614091,498.25442357562133,251.47828020756114
20260930,planted0.03,pit,fixed_1d,top10_ew,5.0,cost_v1,0.4434051372567147,1.531560873773731,0.2627322839422322,-0.4925675312462324,498.25442357562133,251.47828020756114
20260930,planted0.03,pit,fixed_1d,top10_ew,10.0,cost_v1,0.2730310490383032,1.0520890485464274,0.26273214485685054,-0.5112794122493681,498.25442357562133,251.47828020756114
20260930,planted0.03,pit,fixed_1d,top10_ew,20.0,cost_v1,-0.009946488463619008,0.09314382024683728,0.2627320215544072,-0.7076562225306086,498.25442357562133,251.47828020756114
20260930,planted0.03,pit,fixed_21d,top1,0.0,primary,0.10592077368181196,0.5364939465239652,0.46265275493591035,-0.8780188347120863,23.934840622683467,12.021571534469977
20260930,planted0.03,pit,fixed_21d,top1,5.0,primary,0.09932138590540496,0.5235318255701621,0.46263010452665015,-0.8794742227755221,23.934840622683467,12.021571534469977
20260930,planted0.03,pit,fixed_21d,top1,10.0,primary,0.09275812097999614,0.510561619896432,0.46261362938965767,-0.8809129614762519,23.934840622683467,12.021571534469977
20260930,planted0.03,pit,fixed_21d,top1,20.0,primary,0.0797392409621056,0.48459902675923006,0.4625992073243076,-0.8837412179845714,23.934840622683467,12.021571534469977
20260930,planted0.03,pit,fixed_21d,top1,0.0,stress,0.06401500849030439,0.45579062242970164,0.47315425156200913,-0.9035070612679208,23.934840622683467,12.021571534469977
20260930,planted0.03,pit,fixed_21d,top1,5.0,stress,0.057665685999898963,0.44311340743618916,0.47313046305352235,-0.9062424051525225,23.934840622683467,12.021571534469977
20260930,planted0.03,pit,fixed_21d,top1,10.0,stress,0.05135111758639144,0.4304294241410514,0.4731127126652342,-0.9089015137428376,23.934840622683467,12.021571534469977
20260930,planted0.03,pit,fixed_21d,top1,20.0,stress,0.03882555150388356,0.4050430906168995,0.4730953287366406,-0.9139993220514746,23.934840622683467,12.021571534469977
20260930,planted0.03,pit,fixed_21d,top1,0.0,cost_v1,0.10592077368181196,0.5364939465239652,0.46265275493591035,-0.8780188347120863,23.934840622683467,12.021571534469977
20260930,planted0.03,pit,fixed_21d,top1,5.0,cost_v1,0.09930236208956811,0.5234931830037913,0.4626391539241792,-0.8794645052748954,23.934840622683467,12.021571534469977
20260930,planted0.03,pit,fixed_21d,top1,10.0,cost_v1,0.09272027978705077,0.5104848155354477,0.46263175120386785,-0.8808937483212828,23.934840622683467,12.021571534469977
20260930,planted0.03,pit,fixed_21d,top1,20.0,cost_v1,0.07966437825643036,0.48444735831974006,0.46263554157853537,-0.8837036645697924,23.934840622683467,12.021571534469977
20260930,planted0.03,pit,fixed_21d,top10_ew,0.0,primary,0.22892091863938613,0.9506643420759876,0.2502987461448105,-0.5126206191284621,23.809524485921752,12.021571534469977
20260930,planted0.03,pit,fixed_21d,top10_ew,5.0,primary,0.22162584261956852,0.9267368540120317,0.2503283497306046,-0.5142985046740509,23.809524485921752,12.021571534469977
20260930,planted0.03,pit,fixed_21d,top10_ew,10.0,primary,0.21437049423369658,0.9027746138978896,0.2503691600239118,-0.5159714370538584,23.809524485921752,12.021571534469977
20260930,planted0.03,pit,fixed_21d,top10_ew,20.0,primary,0.1999781938180787,0.8547588995801042,0.25048437731859635,-0.5193024910510238,23.809524485921752,12.021571534469977
20260930,planted0.03,pit,fixed_21d,top10_ew,0.0,stress,0.21681927337184237,0.9083536631693939,0.25133042715942266,-0.5126206191284621,23.818565554520372,12.021571534469977
20260930,planted0.03,pit,fixed_21d,top10_ew,5.0,stress,0.20959329938633142,0.8845248709413872,0.25135865003652696,-0.5142985046740509,23.818565554520372,12.021571534469977
20260930,planted0.03,pit,fixed_21d,top10_ew,10.0,stress,0.20240669171437964,0.8606631876373272,0.25139804269414684,-0.5159714370538584,23.818565554520372,12.021571534469977
20260930,planted0.03,pit,fixed_21d,top10_ew,20.0,stress,0.1881507956204751,0.812854007645626,0.251510314869232,-0.5193024910510238,23.818565554520372,12.021571534469977
20260930,planted0.03,pit,fixed_21d,top10_ew,0.0,cost_v1,0.22892091863938613,0.9506643420759876,0.2502987461448105,-0.5126206191284621,23.809524485921752,12.021571534469977
20260930,planted0.03,pit,fixed_21d,top10_ew,5.0,cost_v1,0.2215503610217595,0.9264725846083816,0.2503345890460802,-0.5143181912941175,23.809524485921752,12.021571534469977
20260930,planted0.03,pit,fixed_21d,top10_ew,10.0,cost_v1,0.21422035108612358,0.9022464976988943,0.2503818803517134,-0.5160106939987177,23.809524485921752,12.021571534469977
20260930,planted0.03,pit,fixed_21d,top10_ew,20.0,cost_v1,0.19968116348374143,0.8537048021225999,0.25051078067179544,-0.5193805414766557,23.809524485921752,12.021571534469977
20260930,planted0.03,pit,fixed_126d,top1,0.0,primary,0.017445622580934073,0.29099211626722066,0.4946457448704144,-0.8584632087442358,4.007190511489992,2.003595255744996
20260930,planted0.03,pit,fixed_126d,top1,5.0,primary,0.01642660714614852,0.2889610736254813,0.49464173902932895,-0.8586754077962181,4.007190511489992,2.003595255744996
20260930,planted0.03,pit,fixed_126d,top1,10.0,primary,0.015408110056646551,0.2869294193961044,0.49463873079335136,-0.858887394649166,4.007190511489992,2.003595255744996
20260930,planted0.03,pit,fixed_126d,top1,20.0,primary,0.013372670868326386,0.2828643252694796,0.49463570720349004,-0.8595319929819706,4.007190511489992,2.003595255744996
20260930,planted0.03,pit,fixed_126d,top1,0.0,stress,0.017445622580934073,0.29099211626722066,0.4946457448704144,-0.8584632087442358,4.007190511489992,2.003595255744996
20260930,planted0.03,pit,fixed_126d,top1,5.0,stress,0.01642660714614852,0.2889610736254813,0.49464173902932895,-0.8586754077962181,4.007190511489992,2.003595255744996
20260930,planted0.03,pit,fixed_126d,top1,10.0,stress,0.015408110056646551,0.2869294193961044,0.49463873079335136,-0.858887394649166,4.007190511489992,2.003595255744996
20260930,planted0.03,pit,fixed_126d,top1,20.0,stress,0.013372670868326386,0.2828643252694796,0.49463570720349004,-0.8595319929819706,4.007190511489992,2.003595255744996
20260930,planted0.03,pit,fixed_126d,top1,0.0,cost_v1,0.017445622580934073,0.29099211626722066,0.4946457448704144,-0.8584632087442358,4.007190511489992,2.003595255744996
20260930,planted0.03,pit,fixed_126d,top1,5.0,cost_v1,0.016428402841140333,0.2889649664564753,0.4946424959603069,-0.8586704797566445,4.007190511489992,2.003595255744996
20260930,planted0.03,pit,fixed_126d,top1,10.0,cost_v1,0.015411692436448243,0.2869372060644646,0.49464025370042175,-0.8588775484213321,4.007190511489992,2.003595255744996
20260930,planted0.03,pit,fixed_126d,top1,20.0,cost_v1,0.013379799628718603,0.2828799030039616,0.4946387891799325,-0.8594052442367133,4.007190511489992,2.003595255744996
20260930,planted0.03,pit,fixed_126d,top10_ew,0.0,primary,0.14227555707998452,0.645172445609287,0.25866983320179643,-0.6109990564003123,3.9611107216842796,2.003595255744996
20260930,planted0.03,pit,fixed_126d,top10_ew,5.0,primary,0.14114467134563435,0.6413390179155269,0.25866645236997343,-0.6111935568721121,3.9611107216842796,2.003595255744996
20260930,planted0.03,pit,fixed_126d,top10_ew,10.0,primary,0.14001435411247964,0.6375008999215367,0.25866493394668233,-0.6113880573439121,3.9611107216842796,2.003595255744996
20260930,planted0.03,pit,fixed_126d,top10_ew,20.0,primary,0.1377554251003199,0.6298109242974794,0.2586674844166597,-0.6117770582875117,3.9611107216842796,2.003595255744996
20260930,planted0.03,pit,fixed_126d,top10_ew,0.0,stress,0.12991332551827917,0.6015313142717943,0.259786891630842,-0.6109990564003123,3.971094013811997,2.003595255744996
20260930,planted0.03,pit,fixed_126d,top10_ew,5.0,stress,0.1287918601300646,0.5977045659157976,0.2597833207247069,-0.6111935568721121,3.971094013811997,2.003595255744996
20260930,planted0.03,pit,fixed_126d,top10_ew,10.0,stress,0.12767095997877353,0.5938734520034806,0.25978161343649653,-0.611388057343912,3.971094013811997,2.003595255744996
20260930,planted0.03,pit,fixed_126d,top10_ew,20.0,stress,0.12543085533778897,0.5861984569127433,0.2597837898207146,-0.6117770582875116,3.971094013811997,2.003595255744996
20260930,planted0.03,pit,fixed_126d,top10_ew,0.0,cost_v1,0.14227555707998452,0.645172445609287,0.25866983320179643,-0.6109990564003123,3.9611107216842796,2.003595255744996
20260930,planted0.03,pit,fixed_126d,top10_ew,5.0,cost_v1,0.14113320771080118,0.6412991101288931,0.2586671124641178,-0.6111916205385619,3.9611107216842796,2.003595255744996
20260930,planted0.03,pit,fixed_126d,top10_ew,10.0,cost_v1,0.13999143079020304,0.6374209494159833,0.2586663167324736,-0.6113841846768115,3.9611107216842796,2.003595255744996
20260930,planted0.03,pit,fixed_126d,top10_ew,20.0,cost_v1,0.13770959429065033,0.6296504985932826,0.2586705003153724,-0.6117693129533107,3.9611107216842796,2.003595255744996
20260930,planted0.03,surv,argmax_conf,top1,0.0,primary,0.282204419061836,0.634641709213492,0.6442152178171116,-0.7314418737610415,12.671386212008894,6.335693106004447
20260930,planted0.03,surv,argmax_conf,top1,5.0,primary,0.2781480107924217,0.6297102514392567,0.6441970884845837,-0.7318445095653752,12.671386212008894,6.335693106004447
20260930,planted0.03,surv,argmax_conf,top1,10.0,primary,0.2741024239949337,0.6247761733277878,0.6441813746699643,-0.7322467427339379,12.671386212008894,6.335693106004447
20260930,planted0.03,surv,argmax_conf,top1,20.0,primary,0.2660436208478991,0.6149003767629418,0.6441571942743783,-0.7330500019694255,12.671386212008894,6.335693106004447
20260930,planted0.03,surv,argmax_conf,top1,0.0,stress,0.282204419061836,0.634641709213492,0.6442152178171116,-0.7314418737610415,12.671386212008894,6.335693106004447
20260930,planted0.03,surv,argmax_conf,top1,5.0,stress,0.2781480107924217,0.6297102514392567,0.6441970884845837,-0.7318445095653752,12.671386212008894,6.335693106004447
20260930,planted0.03,surv,argmax_conf,top1,10.0,stress,0.2741024239949337,0.6247761733277878,0.6441813746699643,-0.7322467427339379,12.671386212008894,6.335693106004447
20260930,planted0.03,surv,argmax_conf,top1,20.0,stress,0.2660436208478991,0.6149003767629418,0.6441571942743783,-0.7330500019694255,12.671386212008894,6.335693106004447
20260930,planted0.03,surv,argmax_conf,top1,0.0,cost_v1,0.282204419061836,0.634641709213492,0.6442152178171116,-0.7314418737610415,12.671386212008894,6.335693106004447
20260930,planted0.03,surv,argmax_conf,top1,5.0,cost_v1,0.2781626516809157,0.6297278716382657,0.6442022499056306,-0.7318498013269048,12.671386212008894,6.335693106004447
20260930,planted0.03,surv,argmax_conf,top1,10.0,cost_v1,0.2741316175711743,0.6248115069074155,0.644191683553866,-0.7322573156342185,12.671386212008894,6.335693106004447
20260930,planted0.03,surv,argmax_conf,top1,20.0,cost_v1,0.2661016565273491,0.6149714150567569,0.6441777559753354,-0.7330711053108738,12.671386212008894,6.335693106004447
20260930,planted0.03,surv,argmax_conf,top10_ew,0.0,primary,0.24786370561171678,0.9496707339563818,0.27280777671652234,-0.5586327934584026,12.466837749961043,6.335693106004447
20260930,planted0.03,surv,argmax_conf,top10_ew,5.0,primary,0.24397958040097367,0.938242216406202,0.27279648630632963,-0.5592945132979807,12.466837749961043,6.335693106004447
20260930,planted0.03,surv,argmax_conf,top10_ew,10.0,primary,0.24010564741524254,0.9267940767768876,0.27279069285336355,-0.5599555714177749,12.466837749961043,6.335693106004447
20260930,planted0.03,surv,argmax_conf,top10_ew,20.0,primary,0.23238827108559024,0.9038416933356545,0.2727955978877018,-0.5612757038221114,12.466837749961043,6.335693106004447
20260930,planted0.03,surv,argmax_conf,top10_ew,0.0,stress,0.24786370561171678,0.9496707339563818,0.27280777671652234,-0.5586327934584026,12.466837749961043,6.335693106004447
20260930,planted0.03,surv,argmax_conf,top10_ew,5.0,stress,0.24397958040097367,0.938242216406202,0.27279648630632963,-0.5592945132979807,12.466837749961043,6.335693106004447
20260930,planted0.03,surv,argmax_conf,top10_ew,10.0,stress,0.24010564741524254,0.9267940767768876,0.27279069285336355,-0.5599555714177749,12.466837749961043,6.335693106004447
20260930,planted0.03,surv,argmax_conf,top10_ew,20.0,stress,0.23238827108559024,0.9038416933356545,0.2727955978877018,-0.5612757038221114,12.466837749961043,6.335693106004447
20260930,planted0.03,surv,argmax_conf,top10_ew,0.0,cost_v1,0.24786370561171678,0.9496707339563818,0.27280777671652234,-0.5586327934584026,12.466837749961043,6.335693106004447
20260930,planted0.03,surv,argmax_conf,top10_ew,5.0,cost_v1,0.24392152521371502,0.938057522159861,0.2728018488195005,-0.5592915750003691,12.466837749961043,6.335693106004447
20260930,planted0.03,surv,argmax_conf,top10_ew,10.0,cost_v1,0.23998983759222225,0.9264245448270445,0.2728015924840304,-0.5599497008106031,12.466837749961043,6.335693106004447
20260930,planted0.03,surv,argmax_conf,top10_ew,20.0,cost_v1,0.23215784990111832,0.9031021987823435,0.27281809420797754,-0.5612639865416698,12.466837749961043,6.335693106004447
20260930,planted0.03,surv,fixed_1d,top1,0.0,primary,0.8745764916128984,1.6151295484932673,0.4541351899234535,-0.6578272994981512,501.76523350630094,251.47828020756114
20260930,planted0.03,surv,fixed_1d,top1,5.0,primary,0.6535261977881535,1.3382531577879708,0.4539110149525228,-0.6782418418508357,501.76523350630094,251.47828020756114
20260930,planted0.03,surv,fixed_1d,top1,10.0,primary,0.4584506523382963,1.0611024371558637,0.4536871437825184,-0.6974477345771255,501.76523350630094,251.47828020756114
20260930,planted0.03,surv,fixed_1d,top1,20.0,primary,0.1344129710847919,0.5059786084370901,0.4532403146453718,-0.8322274197215744,501.76523350630094,251.47828020756114
20260930,planted0.03,surv,fixed_1d,top1,0.0,stress,0.8745764916128984,1.6151295484932673,0.4541351899234535,-0.6578272994981512,501.76523350630094,251.47828020756114
20260930,planted0.03,surv,fixed_1d,top1,5.0,stress,0.6535261977881535,1.3382531577879708,0.4539110149525228,-0.6782418418508357,501.76523350630094,251.47828020756114
20260930,planted0.03,surv,fixed_1d,top1,10.0,stress,0.4584506523382963,1.0611024371558637,0.4536871437825184,-0.6974477345771255,501.76523350630094,251.47828020756114
20260930,planted0.03,surv,fixed_1d,top1,20.0,stress,0.1344129710847919,0.5059786084370901,0.4532403146453718,-0.8322274197215744,501.76523350630094,251.47828020756114
20260930,planted0.03,surv,fixed_1d,top1,0.0,cost_v1,0.8745764916128984,1.6151295484932673,0.4541351899234535,-0.6578272994981512,501.76523350630094,251.47828020756114
20260930,planted0.03,surv,fixed_1d,top1,5.0,cost_v1,0.6534665098601937,1.3377393259247334,0.4541350309619481,-0.6784551548043822,501.76523350630094,251.47828020756114
20260930,planted0.03,surv,fixed_1d,top1,10.0,cost_v1,0.45834540821691894,1.0603488394334222,0.45413490186589917,-0.6978490109442514,501.76523350630094,251.47828020756114
20260930,planted0.03,surv,fixed_1d,top1,20.0,cost_v1,0.13424939945389225,0.5055672935873529,0.45413473327026654,-0.8335071660428361,501.76523350630094,251.47828020756114
20260930,planted0.03,surv,fixed_1d,top10_ew,0.0,primary,0.6981442032341412,2.159732693753971,0.2616597697354341,-0.46765864763462495,495.362709349142,251.47828020756114
20260930,planted0.03,surv,fixed_1d,top10_ew,5.0,primary,0.5002995504136551,1.6853536908860376,0.26152668440172644,-0.4976673930900135,495.362709349142,251.47828020756114
20260930,planted0.03,surv,fixed_1d,top10_ew,10.0,primary,0.32542404119272694,1.2104899427323599,0.26139396548084803,-0.5259980626989653,495.362709349142,251.47828020756114
20260930,planted0.03,surv,fixed_1d,top10_ew,20.0,primary,0.03425784900984685,0.2593132518275577,0.26112962911078447,-0.7392174395990478,495.362709349142,251.47828020756114
20260930,planted0.03,surv,fixed_1d,top10_ew,0.0,stress,0.6981442032341412,2.159732693753971,0.2616597697354341,-0.46765864763462495,495.362709349142,251.47828020756114
20260930,planted0.03,surv,fixed_1d,top10_ew,5.0,stress,0.5002995504136551,1.6853536908860376,0.26152668440172644,-0.4976673930900135,495.362709349142,251.47828020756114
20260930,planted0.03,surv,fixed_1d,top10_ew,10.0,stress,0.32542404119272694,1.2104899427323599,0.26139396548084803,-0.5259980626989653,495.362709349142,251.47828020756114
20260930,planted0.03,surv,fixed_1d,top10_ew,20.0,stress,0.03425784900984685,0.2593132518275577,0.26112962911078447,-0.7392174395990478,495.362709349142,251.47828020756114
20260930,planted0.03,surv,fixed_1d,top10_ew,0.0,cost_v1,0.6981442032341412,2.159732693753971,0.2616597697354341,-0.46765864763462495,495.362709349142,251.47828020756114
20260930,planted0.03,surv,fixed_1d,top10_ew,5.0,cost_v1,0.4978236406612877,1.67829633298322,0.26165956312318084,-0.49834184050466046,495.362709349142,251.47828020756114
20260930,planted0.03,surv,fixed_1d,top10_ew,10.0,cost_v1,0.3210509384599227,1.1968589748101937,0.26165940834521734,-0.5272706524239719,495.362709349142,251.47828020756114
20260930,planted0.03,surv,fixed_1d,top10_ew,20.0,cost_v1,0.027437772589005816,0.23398241071498843,0.2616592542924967,-0.763001858095446,495.362709349142,251.47828020756114
20260930,planted0.03,surv,fixed_21d,top1,0.0,primary,0.4297890324495661,1.0212130632600542,0.4464436075525932,-0.7101739864988966,24.043143068939955,12.021571534469977
20260930,planted0.03,surv,fixed_21d,top1,5.0,primary,0.42121852246301494,1.007723361433899,0.446430213312402,-0.7111868572269344,24.043143068939955,12.021571534469977
20260930,planted0.03,surv,fixed_21d,top1,10.0,primary,0.41269514585546907,0.9942185024179877,0.4464232613741871,-0.7121966923808934,24.043143068939955,12.021571534469977
20260930,planted0.03,surv,fixed_21d,top1,20.0,primary,0.39578885035754463,0.9671656479163956,0.4464286853286446,-0.7142072862919537,24.043143068939955,12.021571534469977
20260930,planted0.03,surv,fixed_21d,top1,0.0,stress,0.4297890324495661,1.0212130632600542,0.4464436075525932,-0.7101739864988966,24.043143068939955,12.021571534469977
20260930,planted0.03,surv,fixed_21d,top1,5.0,stress,0.42121852246301494,1.007723361433899,0.446430213312402,-0.7111868572269344,24.043143068939955,12.021571534469977
20260930,planted0.03,surv,fixed_21d,top1,10.0,stress,0.41269514585546907,0.9942185024179877,0.4464232613741871,-0.7121966923808934,24.043143068939955,12.021571534469977
20260930,planted0.03,surv,fixed_21d,top1,20.0,stress,0.39578885035754463,0.9671656479163956,0.4464286853286446,-0.7142072862919537,24.043143068939955,12.021571534469977
20260930,planted0.03,surv,fixed_21d,top1,0.0,cost_v1,0.4297890324495661,1.0212130632600542,0.4464436075525932,-0.7101739864988966,24.043143068939955,12.021571534469977
20260930,planted0.03,surv,fixed_21d,top1,5.0,cost_v1,0.42123276773292817,1.0077346850745499,0.4464390197233007,-0.7111859778866867,24.043143068939955,12.021571534469977
20260930,planted0.03,surv,fixed_21d,top1,10.0,cost_v1,0.4127234672462783,0.9942417243717786,0.4464408553468352,-0.7121949410958568,24.043143068939955,12.021571534469977
20260930,planted0.03,surv,fixed_21d,top1,20.0,cost_v1,0.3958448220429007,0.9672143882232576,0.4464637963582165,-0.7142038131616107,24.043143068939955,12.021571534469977
20260930,planted0.03,surv,fixed_21d,top10_ew,0.0,primary,0.3353910017300592,1.2651920907719991,0.25474987812038724,-0.4382093850869051,23.771789499704177,12.021571534469977
20260930,planted0.03,surv,fixed_21d,top10_ew,5.0,primary,0.3274764306291398,1.2417978012814381,0.2547479429296143,-0.4408480340934513,23.771789499704177,12.021571534469977
20260930,planted0.03,surv,fixed_21d,top10_ew,10.0,primary,0.31960489182326945,1.21835043972536,0.25475703030800345,-0.44361198170371896,23.771789499704177,12.021571534469977
20260930,planted0.03,surv,fixed_21d,top10_ew,20.0,primary,0.3039900605034782,1.1713087366764037,0.25480826662456296,-0.44910302214666165,23.771789499704177,12.021571534469977
20260930,planted0.03,surv,fixed_21d,top10_ew,0.0,stress,0.3353910017300592,1.2651920907719991,0.25474987812038724,-0.4382093850869051,23.771789499704177,12.021571534469977
20260930,planted0.03,surv,fixed_21d,top10_ew,5.0,stress,0.3274764306291398,1.2417978012814381,0.2547479429296143,-0.4408480340934513,23.771789499704177,12.021571534469977
20260930,planted0.03,surv,fixed_21d,top10_ew,10.0,stress,0.31960489182326945,1.21835043972536,0.25475703030800345,-0.44361198170371896,23.771789499704177,12.021571534469977
20260930,planted0.03,surv,fixed_21d,top10_ew,20.0,stress,0.3039900605034782,1.1713087366764037,0.25480826662456296,-0.44910302214666165,23.771789499704177,12.021571534469977
20260930,planted0.03,surv,fixed_21d,top10_ew,0.0,cost_v1,0.3353910017300592,1.2651920907719991,0.25474987812038724,-0.4382093850869051,23.771789499704177,12.021571534469977
20260930,planted0.03,surv,fixed_21d,top10_ew,5.0,cost_v1,0.3273950200071092,1.2415311089654788,0.25475444758753696,-0.4408812713204826,23.771789499704177,12.021571534469977
20260930,planted0.03,surv,fixed_21d,top10_ew,10.0,cost_v1,0.31944295448922366,1.217817168455151,0.2547702732135254,-0.4436781582862771,23.771789499704177,12.021571534469977
20260930,planted0.03,surv,fixed_21d,top10_ew,20.0,cost_v1,0.30366969537323674,1.1702430796045835,0.25483568306219173,-0.44923419093962524,23.771789499704177,12.021571534469977
20260930,planted0.03,surv,fixed_126d,top1,0.0,primary,0.03051613778939455,0.2840683486098331,0.4201462019226721,-0.8441914312347448,4.007190511489992,2.003595255744996
20260930,planted0.03,surv,fixed_126d,top1,5.0,primary,0.029484031672962097,0.2816738700634366,0.42013027030820504,-0.8445028147373167,4.007190511489992,2.003595255744996
20260930,planted0.03,surv,fixed_126d,top1,10.0,primary,0.02845245056068535,0.2792784221275398,0.42011552374272265,-0.8448137312814717,4.007190511489992,2.003595255744996
20260930,planted0.03,surv,fixed_126d,top1,20.0,primary,0.02639086330285023,0.2744846984647717,0.4200895862478733,-0.8454341653625977,4.007190511489992,2.003595255744996
20260930,planted0.03,surv,fixed_126d,top1,0.0,stress,0.03051613778939455,0.2840683486098331,0.4201462019226721,-0.8441914312347448,4.007190511489992,2.003595255744996
20260930,planted0.03,surv,fixed_126d,top1,5.0,stress,0.029484031672962097,0.2816738700634366,0.42013027030820504,-0.8445028147373167,4.007190511489992,2.003595255744996
20260930,planted0.03,surv,fixed_126d,top1,10.0,stress,0.02845245056068535,0.2792784221275398,0.42011552374272265,-0.8448137312814717,4.007190511489992,2.003595255744996
20260930,planted0.03,surv,fixed_126d,top1,20.0,stress,0.02639086330285023,0.2744846984647717,0.4200895862478733,-0.8454341653625977,4.007190511489992,2.003595255744996
20260930,planted0.03,surv,fixed_126d,top1,0.0,cost_v1,0.03051613778939455,0.2840683486098331,0.4201462019226721,-0.8441914312347448,4.007190511489992,2.003595255744996
20260930,planted0.03,surv,fixed_126d,top1,5.0,cost_v1,0.029490750880001748,0.2816897230138418,0.4201309747453983,-0.8445056437843816,4.007190511489992,2.003595255744996
20260930,planted0.03,surv,fixed_126d,top1,10.0,cost_v1,0.02846587499514608,0.27931013735953325,0.42011693225878277,-0.8448193812989746,4.007190511489992,2.003595255744996
20260930,planted0.03,surv,fixed_126d,top1,20.0,cost_v1,0.02641765629533044,0.27454816573030844,0.4200924018227134,-0.8454454331371667,4.007190511489992,2.003595255744996
20260930,planted0.03,surv,fixed_126d,top10_ew,0.0,primary,0.17449487804903985,0.7333624753775958,0.26864680870994107,-0.602069952680869,3.9976655575944546,2.003595255744996
20260930,planted0.03,surv,fixed_126d,top10_ew,5.0,primary,0.1733213663390447,0.7296425320154902,0.26864064288793077,-0.6022689177045286,3.9976655575944546,2.003595255744996
20260930,planted0.03,surv,fixed_126d,top10_ew,10.0,primary,0.1721484500611945,0.7259174743925688,0.2686363064663813,-0.6024678827281882,3.9976655575944546,2.003595255744996
20260930,planted0.03,surv,fixed_126d,top10_ew,20.0,primary,0.16980440375008965,0.7184523191479504,0.2686331221416645,-0.6028658127755073,3.9976655575944546,2.003595255744996
20260930,planted0.03,surv,fixed_126d,top10_ew,0.0,stress,0.17449487804903985,0.7333624753775958,0.26864680870994107,-0.602069952680869,3.9976655575944546,2.003595255744996
20260930,planted0.03,surv,fixed_126d,top10_ew,5.0,stress,0.1733213663390447,0.7296425320154902,0.26864064288793077,-0.6022689177045286,3.9976655575944546,2.003595255744996
20260930,planted0.03,surv,fixed_126d,top10_ew,10.0,stress,0.1721484500611945,0.7259174743925688,0.2686363064663813,-0.6024678827281882,3.9976655575944546,2.003595255744996
20260930,planted0.03,surv,fixed_126d,top10_ew,20.0,stress,0.16980440375008965,0.7184523191479504,0.2686331221416645,-0.6028658127755073,3.9976655575944546,2.003595255744996
20260930,planted0.03,surv,fixed_126d,top10_ew,0.0,cost_v1,0.17449487804903985,0.7333624753775958,0.26864680870994107,-0.602069952680869,3.9976655575944546,2.003595255744996
20260930,planted0.03,surv,fixed_126d,top10_ew,5.0,cost_v1,0.17332152582700178,0.7296426958687282,0.26864084283765444,-0.6022706659171366,3.9976655575944546,2.003595255744996
20260930,planted0.03,surv,fixed_126d,top10_ew,10.0,cost_v1,0.17214876099404997,0.7259177426504095,0.2686367304196421,-0.6024713791534044,3.9976655575944546,2.003595255744996
20260930,planted0.03,surv,fixed_126d,top10_ew,20.0,cost_v1,0.16980499349118894,0.7184526219471824,0.26863406624856206,-0.6028728056259397,3.9976655575944546,2.003595255744996
20260930,planted0.10,pit,argmax_conf,top1,0.0,primary,0.3621841316235008,1.0315618420370605,0.3633327856733823,-0.374658088767709,10.667790956263898,5.360971089696071
20260930,planted0.10,pit,argmax_conf,top1,5.0,primary,0.3585551985713378,1.0242405560556518,0.3633104790370364,-0.3759078348899383,10.667790956263898,5.360971089696071
20260930,planted0.10,pit,argmax_conf,top1,10.0,primary,0.35493413839433896,1.0169082854945894,0.3632917754211308,-0.377155706861913,10.667790956263898,5.360971089696071
20260930,planted0.10,pit,argmax_conf,top1,20.0,primary,0.3477155839248727,1.0022116513499062,0.36326517936955766,-0.37964583585263323,10.667790956263898,5.360971089696071
20260930,planted0.10,pit,argmax_conf,top1,0.0,stress,0.3361268327235558,0.9688376779219471,0.37005649146528435,-0.374658088767709,10.667790956263898,5.360971089696071
20260930,planted0.10,pit,argmax_conf,top1,5.0,stress,0.3325673177412649,0.9616458060419111,0.3700341217769622,-0.3759078348899383,10.667790956263898,5.360971089696071
20260930,planted0.10,pit,argmax_conf,top1,10.0,stress,0.32901552503345477,0.9544439394916957,0.37001528963067853,-0.377155706861913,10.667790956263898,5.360971089696071
20260930,planted0.10,pit,argmax_conf,top1,20.0,stress,0.3219350547092006,0.9400110379219391,0.3699882400234582,-0.37964583585263323,10.667790956263898,5.360971089696071
20260930,planted0.10,pit,argmax_conf,top1,0.0,cost_v1,0.3621841316235008,1.0315618420370605,0.3633327856733823,-0.374658088767709,10.667790956263898,5.360971089696071
20260930,planted0.10,pit,argmax_conf,top1,5.0,cost_v1,0.3585492457072197,1.0242189542292564,0.36331564445249775,-0.37591419957231076,10.667790956263898,5.360971089696071
20260930,planted0.10,pit,argmax_conf,top1,10.0,cost_v1,0.35492225276625144,1.01686524923358,0.36330212036381654,-0.3771684175575123,10.667790956263898,5.360971089696071
20260930,planted0.10,pit,argmax_conf,top1,20.0,cost_v1,0.34769189297063985,1.0021262579575891,0.36328592509088536,-0.3796711826767416,10.667790956263898,5.360971089696071
20260930,planted0.10,pit,argmax_conf,top10_ew,0.0,primary,0.2306472753277251,0.9819514530672495,0.24169478376254377,-0.4931123239903956,10.577205857177237,5.360971089696071
20260930,planted0.10,pit,argmax_conf,top10_ew,5.0,primary,0.22739657411867698,0.9710254529355735,0.24167982410416017,-0.4931123239903956,10.577205857177237,5.360971089696071
20260930,planted0.10,pit,argmax_conf,top10_ew,10.0,primary,0.22415286751753172,0.9600770593056969,0.2416701607115276,-0.4931123239903954,10.577205857177237,5.360971089696071
20260930,planted0.10,pit,argmax_conf,top10_ew,20.0,primary,0.21768639164340509,0.9381159545216876,0.2416667249166495,-0.4931123239903952,10.577205857177237,5.360971089696071
20260930,planted0.10,pit,argmax_conf,top10_ew,0.0,stress,0.22329896406701333,0.9549198682354226,0.24243699969092689,-0.4931123239903954,10.582703431468703,5.360971089696071
20260930,planted0.10,pit,argmax_conf,top10_ew,5.0,stress,0.22006599544569405,0.9440217961635025,0.24242148802277236,-0.4931123239903953,10.582703431468703,5.360971089696071
20260930,planted0.10,pit,argmax_conf,top10_ew,10.0,stress,0.21683998692992001,0.9331019826983326,0.24241126211029487,-0.4931123239903952,10.582703431468703,5.360971089696071
20260930,planted0.10,pit,argmax_conf,top10_ew,20.0,stress,0.21040880392427375,0.9111999719891962,0.24240666988235002,-0.49311232399039506,10.582703431468703,5.360971089696071
20260930,planted0.10,pit,argmax_conf,top10_ew,0.0,cost_v1,0.2306472753277251,0.9819514530672495,0.24169478376254377,-0.4931123239903956,10.577205857177237,5.360971089696071
20260930,planted0.10,pit,argmax_conf,top10_ew,5.0,cost_v1,0.22735898715335523,0.9708919788207702,0.24168195946368606,-0.4931123239903956,10.577205857177237,5.360971089696071
20260930,planted0.10,pit,argmax_conf,top10_ew,10.0,cost_v1,0.22407784949007392,0.9598097329573646,0.24167457326030056,-0.4931123239903954,10.577205857177237,5.360971089696071
20260930,planted0.10,pit,argmax_conf,top10_ew,20.0,cost_v1,0.2175369777555427,0.937579907206604,0.24167611676726397,-0.4931123239903952,10.577205857177237,5.360971089696071
20260930,planted0.10,pit,fixed_1d,top1,0.0,primary,5.113744382100438,4.207592732104891,0.45628891997269777,-0.3671337426627296,502.25259451445515,251.47828020756114
20260930,planted0.10,pit,fixed_1d,top1,5.0,primary,4.392153723288969,3.931788445991842,0.4560574532055142,-0.37405884500501296,502.25259451445515,251.47828020756114
20260930,planted0.10,pit,fixed_1d,top1,10.0,primary,3.755432003445546,3.655702927066897,0.4558261270873162,-0.3809115782199445,502.25259451445515,251.47828020756114
20260930,planted0.10,pit,fixed_1d,top1,20.0,primary,2.697970644110929,3.1026874943568603,0.4553638976551482,-0.39440281293571566,502.25259451445515,251.47828020756114
20260930,planted0.10,pit,fixed_1d,top1,0.0,stress,4.996794212836329,4.121449396878004,0.46187692589130647,-0.3671337426627296,502.25259451445515,251.47828020756114
20260930,planted0.10,pit,fixed_1d,top1,5.0,stress,4.289006903398523,3.849022827156612,0.46163663042119146,-0.37405884500501296,502.25259451445515,251.47828020756114
20260930,planted0.10,pit,fixed_1d,top1,10.0,stress,3.6644650700953108,3.5763114508448868,0.4613964699996151,-0.3809115782199445,502.25259451445515,251.47828020756114
20260930,planted0.10,pit,fixed_1d,top1,20.0,stress,2.627231950156265,3.0300334514736336,0.46091655514636387,-0.39440281293571566,502.25259451445515,251.47828020756114
20260930,planted0.10,pit,fixed_1d,top1,0.0,cost_v1,5.113744382100438,4.207592732104891,0.45628891997269777,-0.3671337426627296,502.25259451445515,251.47828020756114
20260930,planted0.10,pit,fixed_1d,top1,5.0,cost_v1,4.395815910072702,3.9315151287626904,0.4562884818208893,-0.37423012508026765,502.25259451445515,251.47828020756114
20260930,planted0.10,pit,fixed_1d,top1,10.0,cost_v1,3.761896931578545,3.6554367570843653,0.4562880733932403,-0.38125054154499594,502.25259451445515,251.47828020756114
20260930,planted0.10,pit,fixed_1d,top1,20.0,cost_v1,2.708042256215653,3.103277924525829,0.45628734571073365,-0.3950665674811711,502.25259451445515,251.47828020756114
20260930,planted0.10,pit,fixed_1d,top10_ew,0.0,primary,3.790779809857815,5.883499873193226,0.2738870081599029,-0.3287104503673963,498.29900237236575,251.47828020756114
20260930,planted0.10,pit,fixed_1d,top10_ew,5.0,primary,3.229515964699617,5.427541138400977,0.2737538884513083,-0.33502582092268507,498.29900237236575,251.47828020756114
20260930,planted0.10,pit,fixed_1d,top10_ew,10.0,primary,2.7337761587609526,4.971134576179582,0.2736209982069474,-0.3412848783172159,498.29900237236575,251.47828020756114
20260930,planted0.10,pit,fixed_1d,top10_ew,20.0,primary,1.909262078648518,4.05697993682314,0.27335590744898036,-0.3536535445261041,498.29900237236575,251.47828020756114
20260930,planted0.10,pit,fixed_1d,top10_ew,0.0,stress,3.7282566414428295,5.818894244302113,0.2746902863091581,-0.32871045036739643,498.3110121990887,251.47828020756114
20260930,planted0.10,pit,fixed_1d,top10_ew,5.0,stress,3.1743051593669254,5.364269473057506,0.2745561724795545,-0.33502582092268507,498.3110121990887,251.47828020756114
20260930,planted0.10,pit,fixed_1d,top10_ew,10.0,stress,2.6850255088942268,4.909196252851001,0.27442228706801175,-0.34128487831721466,498.3110121990887,251.47828020756114
20260930,planted0.10,pit,fixed_1d,top10_ew,20.0,stress,1.8712595383483612,3.9977063700929056,0.2741552028371311,-0.353653544526104,498.3110121990887,251.47828020756114
20260930,planted0.10,pit,fixed_1d,top10_ew,0.0,cost_v1,3.790779809857815,5.883499873193226,0.2738870081599029,-0.3287104503673963,498.29900237236575,251.47828020756114
20260930,planted0.10,pit,fixed_1d,top10_ew,5.0,cost_v1,3.227817228737867,5.423567240313018,0.27388639946763205,-0.3352045083424686,498.29900237236575,251.47828020756114
20260930,planted0.10,pit,fixed_1d,top10_ew,10.0,cost_v1,2.73077613147463,4.963631665659762,0.27388584029453905,-0.34163903061887735,498.29900237236575,251.47828020756114
20260930,planted0.10,pit,fixed_1d,top10_ew,20.0,cost_v1,1.9045845845522997,4.043752688839928,0.27388487050707316,-0.3543465517155655,498.29900237236575,251.47828020756114
20260930,planted0.10,pit,fixed_21d,top1,0.0,primary,0.32024155242576025,0.8260362401119924,0.47187021498185955,-0.7956173829382236,23.880689399555227,12.021571534469977
20260930,planted0.10,pit,fixed_21d,top1,5.0,primary,0.31238101638769056,0.8133654756932999,0.47184421606149646,-0.7960258417006001,23.880689399555227,12.021571534469977
20260930,planted0.10,pit,fixed_21d,top1,10.0,primary,0.3045634048683228,0.8006830564327269,0.471824262122711,-0.7964336879280944,23.880689399555227,12.021571534469977
20260930,planted0.10,pit,fixed_21d,top1,20.0,primary,0.289056103442082,0.7752851936332684,0.47180249202544233,-0.7972475452288819,23.880689399555227,12.021571534469977
20260930,planted0.10,pit,fixed_21d,top1,0.0,stress,0.2949865755448564,0.7829194098457074,0.4770686838732726,-0.7956173829382236,23.880689399555227,12.021571534469977
20260930,planted0.10,pit,fixed_21d,top1,5.0,stress,0.2872764041544891,0.7703852270590882,0.4770421557568131,-0.7960258417006001,23.880689399555227,12.021571534469977
20260930,planted0.10,pit,fixed_21d,top1,10.0,stress,0.27960833617722747,0.7578401511530197,0.47702160670029314,-0.7964336879280944,23.880689399555227,12.021571534469977
20260930,planted0.10,pit,fixed_21d,top1,20.0,stress,0.26439767481528853,0.7327191977617314,0.4769984486331631,-0.7972475452288819,23.880689399555227,12.021571534469977
20260930,planted0.10,pit,fixed_21d,top1,0.0,cost_v1,0.32024155242576025,0.8260362401119924,0.47187021498185955,-0.7956173829382236,23.880689399555227,12.021571534469977
20260930,planted0.10,pit,fixed_21d,top1,5.0,cost_v1,0.3123456551537036,0.8133002167727482,0.47185520327468544,-0.7960267501102343,23.880689399555227,12.021571534469977
20260930,planted0.10,pit,fixed_21d,top1,10.0,cost_v1,0.30449307121236013,0.8005530721509829,0.47184626872758817,-0.7964355020566689,23.880689399555227,12.021571534469977
20260930,planted0.10,pit,fixed_21d,top1,20.0,cost_v1,0.28891697975578223,0.7750273856357267,0.47184663225968404,-0.7972511627391964,23.880689399555227,12.021571534469977
20260930,planted0.10,pit,fixed_21d,top10_ew,0.0,primary,0.3840189804325349,1.4042164745777281,0.2552351136955394,-0.48042968964859856,23.752643781922497,12.021571534469977
20260930,planted0.10,pit,fixed_21d,top10_ew,5.0,primary,0.37582279042719047,1.3807910547357634,0.2552540473668018,-0.4831253540403593,23.752643781922497,12.021571534469977
20260930,planted0.10,pit,fixed_21d,top10_ew,10.0,primary,0.3676711280968341,1.3573108114784547,0.25528394536173665,-0.4858083273275299,23.752643781922497,12.021571534469977
20260930,planted0.10,pit,fixed_21d,top10_ew,20.0,primary,0.35150050701637925,1.3101981293252076,0.25537661750673607,-0.49113641504209304,23.752643781922497,12.021571534469977
20260930,planted0.10,pit,fixed_21d,top10_ew,0.0,stress,0.3590510679970067,1.3294454438545784,0.25600648794136266,-0.48042968964859856,23.768929772487418,12.021571534469977
20260930,planted0.10,pit,fixed_21d,top10_ew,5.0,stress,0.3509972353114392,1.306077363184395,0.256026550141357,-0.4831253540403593,23.768929772487418,12.021571534469977
20260930,planted0.10,pit,fixed_21d,top10_ew,10.0,stress,0.3429871870782788,1.282658127426563,0.2560575550210966,-0.4858083273275299,23.768929772487418,12.021571534469977
20260930,planted0.10,pit,fixed_21d,top10_ew,20.0,stress,0.3270975786030348,1.235678366972349,0.25615237552329345,-0.49113641504209304,23.768929772487418,12.021571534469977
20260930,planted0.10,pit,fixed_21d,top10_ew,0.0,cost_v1,0.3840189804325349,1.4042164745777281,0.2552351136955394,-0.48042968964859856,23.752643781922497,12.021571534469977
20260930,planted0.10,pit,fixed_21d,top10_ew,5.0,cost_v1,0.3757255155072279,1.3804823056266062,0.25526107144578414,-0.4830319531830116,23.752643781922497,12.021571534469977
20260930,planted0.10,pit,fixed_21d,top10_ew,10.0,cost_v1,0.3674776353375171,1.3566932810486485,0.25529825951719454,-0.4856224813357293,23.752643781922497,12.021571534469977
20260930,planted0.10,pit,fixed_21d,top10_ew,20.0,cost_v1,0.35111771856808516,1.3089634356446918,0.2554063055200085,-0.49076851958622525,23.752643781922497,12.021571534469977
20260930,planted0.10,pit,fixed_126d,top1,0.0,primary,0.15704982214964947,0.5459194090206919,0.4576566396411229,-0.6861599710271644,4.007190511489992,2.003595255744996
20260930,planted0.10,pit,fixed_126d,top1,5.0,primary,0.1558909871206131,0.5437266647764772,0.4576490025148504,-0.686787180481967,4.007190511489992,2.003595255744996
20260930,planted0.10,pit,fixed_126d,top1,10.0,primary,0.1547327415592643,0.5415325665197002,0.4576424477974013,-0.6874134493579284,4.007190511489992,2.003595255744996
20260930,planted0.10,pit,fixed_126d,top1,20.0,primary,0.15241801878826422,0.5371403698203115,0.4576325857673347,-0.6886631691361114,4.007190511489992,2.003595255744996
20260930,planted0.10,pit,fixed_126d,top1,0.0,stress,0.15704982214964947,0.5459194090206919,0.4576566396411229,-0.6861599710271644,4.007190511489992,2.003595255744996
20260930,planted0.10,pit,fixed_126d,top1,5.0,stress,0.1558909871206131,0.5437266647764772,0.4576490025148504,-0.686787180481967,4.007190511489992,2.003595255744996
20260930,planted0.10,pit,fixed_126d,top1,10.0,stress,0.1547327415592643,0.5415325665197002,0.4576424477974013,-0.6874134493579284,4.007190511489992,2.003595255744996
20260930,planted0.10,pit,fixed_126d,top1,20.0,stress,0.15241801878826422,0.5371403698203115,0.4576325857673347,-0.6886631691361114,4.007190511489992,2.003595255744996
20260930,planted0.10,pit,fixed_126d,top1,0.0,cost_v1,0.15704982214964947,0.5459194090206919,0.4576566396411229,-0.6861599710271644,4.007190511489992,2.003595255744996
20260930,planted0.10,pit,fixed_126d,top1,5.0,cost_v1,0.1558949752261345,0.5437340345728162,0.4576501866275081,-0.6868060294874242,4.007190511489992,2.003595255744996
20260930,planted0.10,pit,fixed_126d,top1,10.0,cost_v1,0.15474070552115804,0.5415473110718867,0.45764482157271463,-0.6874510901716581,4.007190511489992,2.003595255744996
20260930,planted0.10,pit,fixed_126d,top1,20.0,cost_v1,0.15243389776263072,0.5371698789527569,0.4576373554848866,-0.6887382223220853,4.007190511489992,2.003595255744996
20260930,planted0.10,pit,fixed_126d,top10_ew,0.0,primary,0.18584857914548425,0.7827875997799869,0.26245629935337167,-0.7154046616887344,3.950365497612617,2.003595255744996
20260930,planted0.10,pit,fixed_126d,top10_ew,5.0,primary,0.18467773879137606,0.7790373428487913,0.2624446252584871,-0.7157602635817415,3.950365497612617,2.003595255744996
20260930,planted0.10,pit,fixed_126d,top10_ew,10.0,primary,0.18350748537677508,0.7752813354402089,0.2624347847599702,-0.7161155809861337,3.950365497612617,2.003595255744996
20260930,planted0.10,pit,fixed_126d,top10_ew,20.0,primary,0.18116873931507937,0.7677523794724365,0.26242060533869915,-0.7168253627559658,3.950365497612617,2.003595255744996
20260930,planted0.10,pit,fixed_126d,top10_ew,0.0,stress,0.1693277885321598,0.7280146764731125,0.2631289263093178,-0.7154046616887344,3.9630727223570754,2.003595255744996
20260930,planted0.10,pit,fixed_126d,top10_ew,5.0,stress,0.16816954705634002,0.7242601878537968,0.26311694491711957,-0.7157602635817415,3.9630727223570754,2.003595255744996
20260930,planted0.10,pit,fixed_126d,top10_ew,10.0,stress,0.16701188815155144,0.7205003171791396,0.2631068040202566,-0.7161155809861337,3.9630727223570754,2.003595255744996
20260930,planted0.10,pit,fixed_126d,top10_ew,20.0,stress,0.16469831800440482,0.7129647408300757,0.26309204452521373,-0.7168253627559658,3.9630727223570754,2.003595255744996
20260930,planted0.10,pit,fixed_126d,top10_ew,0.0,cost_v1,0.18584857914548425,0.7827875997799869,0.26245629935337167,-0.7154046616887344,3.950365497612617,2.003595255744996
20260930,planted0.10,pit,fixed_126d,top10_ew,5.0,cost_v1,0.18466564942600328,0.7789987726408621,0.2624444144829442,-0.7156845973537038,3.950365497612617,2.003595255744996
20260930,planted0.10,pit,fixed_126d,top10_ew,10.0,cost_v1,0.183483310980032,0.7752039991740989,0.2624344264685267,-0.7159643953378065,3.950365497612617,2.003595255744996
20260930,planted0.10,pit,fixed_126d,top10_ew,20.0,cost_v1,0.18112040790438222,0.7675969375437329,0.2624201418329471,-0.7165235782634123,3.950365497612617,2.003595255744996
20260930,planted0.10,surv,argmax_conf,top1,0.0,primary,0.40259209186136835,0.9440476976979577,0.4790443834749689,-0.6400244075759633,10.397034840622682,5.198517420311341
20260930,planted0.10,surv,argmax_conf,top1,5.0,primary,0.39895022148092196,0.9386208933199519,0.47902622224984026,-0.6400244075759627,10.397034840622682,5.198517420311341
20260930,planted0.10,surv,argmax_conf,top1,10.0,primary,0.3953160015699697,0.9331884660810443,0.47901073602655325,-0.6400244075759629,10.397034840622682,5.198517420311341
20260930,planted0.10,surv,argmax_conf,top1,20.0,primary,0.38807046405460865,0.9223071031768831,0.4789877895785167,-0.6400244075759629,10.397034840622682,5.198517420311341
20260930,planted0.10,surv,argmax_conf,top1,0.0,stress,0.40259209186136835,0.9440476976979577,0.4790443834749689,-0.6400244075759633,10.397034840622682,5.198517420311341
20260930,planted0.10,surv,argmax_conf,top1,5.0,stress,0.39895022148092196,0.9386208933199519,0.47902622224984026,-0.6400244075759627,10.397034840622682,5.198517420311341
20260930,planted0.10,surv,argmax_conf,top1,10.0,stress,0.3953160015699697,0.9331884660810443,0.47901073602655325,-0.6400244075759629,10.397034840622682,5.198517420311341
20260930,planted0.10,surv,argmax_conf,top1,20.0,stress,0.38807046405460865,0.9223071031768831,0.4789877895785167,-0.6400244075759629,10.397034840622682,5.198517420311341
20260930,planted0.10,surv,argmax_conf,top1,0.0,cost_v1,0.40259209186136835,0.9440476976979577,0.4790443834749689,-0.6400244075759633,10.397034840622682,5.198517420311341
20260930,planted0.10,surv,argmax_conf,top1,5.0,cost_v1,0.3989660755905371,0.9386418409808013,0.47902899408899513,-0.6400244075759629,10.397034840622682,5.198517420311341
20260930,planted0.10,surv,argmax_conf,top1,10.0,cost_v1,0.3953476330847592,0.9332304505713078,0.4790162667767685,-0.6400244075759629,10.397034840622682,5.198517420311341
20260930,planted0.10,surv,argmax_conf,top1,20.0,cost_v1,0.38813342115647176,0.9223914264371664,0.47899879917796934,-0.6400244075759629,10.397034840622682,5.198517420311341
20260930,planted0.10,surv,argmax_conf,top10_ew,0.0,primary,0.39831064610276146,1.3812964946550175,0.26934048982938535,-0.5753844220711299,10.286665159225286,5.198517420311341
20260930,planted0.10,surv,argmax_conf,top10_ew,5.0,primary,0.39471839414038956,1.3718272186298106,0.26931458185977347,-0.5755967298600944,10.286665159225286,5.198517420311341
20260930,planted0.10,surv,argmax_conf,top10_ew,10.0,primary,0.39113360704945044,1.3623326020465654,0.2692933227298273,-0.575809037649059,10.286665159225286,5.198517420311341
20260930,planted0.10,surv,argmax_conf,top10_ew,20.0,primary,0.38398638009585495,1.343269272139267,0.269264755152597,-0.5762336532269878,10.286665159225286,5.198517420311341
20260930,planted0.10,surv,argmax_conf,top10_ew,0.0,stress,0.39831064610276146,1.3812964946550175,0.26934048982938535,-0.5753844220711299,10.286665159225286,5.198517420311341
20260930,planted0.10,surv,argmax_conf,top10_ew,5.0,stress,0.39471839414038956,1.3718272186298106,0.26931458185977347,-0.5755967298600944,10.286665159225286,5.198517420311341
20260930,planted0.10,surv,argmax_conf,top10_ew,10.0,stress,0.39113360704945044,1.3623326020465654,0.2692933227298273,-0.575809037649059,10.286665159225286,5.198517420311341
20260930,planted0.10,surv,argmax_conf,top10_ew,20.0,stress,0.38398638009585495,1.343269272139267,0.269264755152597,-0.5762336532269878,10.286665159225286,5.198517420311341
20260930,planted0.10,surv,argmax_conf,top10_ew,0.0,cost_v1,0.39831064610276146,1.3812964946550175,0.26934048982938535,-0.5753844220711299,10.286665159225286,5.198517420311341
20260930,planted0.10,surv,argmax_conf,top10_ew,5.0,cost_v1,0.3946920528562228,1.3717398990448293,0.26931853794398947,-0.5755965072407198,10.286665159225286,5.198517420311341
20260930,planted0.10,surv,argmax_conf,top10_ew,10.0,cost_v1,0.3910810253528867,1.3621577986054514,0.26930132030660225,-0.5758085924103095,10.286665159225286,5.198517420311341
20260930,planted0.10,surv,argmax_conf,top10_ew,20.0,cost_v1,0.3838816193685357,1.3429190710526846,0.26928109115860743,-0.576232762749489,10.286665159225286,5.198517420311341
20260930,planted0.10,surv,fixed_1d,top1,0.0,primary,5.119166627671011,3.0250808335707178,0.6526606418912928,-0.38047912925949745,501.9818383988139,251.47828020756114
20260930,planted0.10,surv,fixed_1d,top1,5.0,primary,4.397301347274653,2.8323387460314096,0.6523368447776531,-0.3844939563825419,501.9818383988139,251.47828020756114
20260930,planted0.10,surv,fixed_1d,top1,10.0,primary,3.760294061780142,2.639404445623391,0.6520132396145336,-0.38848475469201726,501.9818383988139,251.47828020756114
20260930,planted0.10,surv,fixed_1d,top1,20.0,primary,2.7022529260183874,2.2529587389326156,0.6513666062840396,-0.39639479178896286,501.9818383988139,251.47828020756114
20260930,planted0.10,surv,fixed_1d,top1,0.0,stress,5.119166627671011,3.0250808335707178,0.6526606418912928,-0.38047912925949745,501.9818383988139,251.47828020756114
20260930,planted0.10,surv,fixed_1d,top1,5.0,stress,4.397301347274653,2.8323387460314096,0.6523368447776531,-0.3844939563825419,501.9818383988139,251.47828020756114
20260930,planted0.10,surv,fixed_1d,top1,10.0,stress,3.760294061780142,2.639404445623391,0.6520132396145336,-0.38848475469201726,501.9818383988139,251.47828020756114
20260930,planted0.10,surv,fixed_1d,top1,20.0,stress,2.7022529260183874,2.2529587389326156,0.6513666062840396,-0.39639479178896286,501.9818383988139,251.47828020756114
20260930,planted0.10,surv,fixed_1d,top1,0.0,cost_v1,5.119166627671011,3.0250808335707178,0.6526606418912928,-0.38047912925949745,501.9818383988139,251.47828020756114
20260930,planted0.10,surv,fixed_1d,top1,5.0,cost_v1,4.4005251275895,2.8320678448889294,0.6526603265839755,-0.38465255448519364,501.9818383988139,251.47828020756114
20260930,planted0.10,surv,fixed_1d,top1,10.0,cost_v1,3.765985447915307,2.6390545856853107,0.652660032057572,-0.38880002350962106,501.9818383988139,251.47828020756114
20260930,planted0.10,surv,fixed_1d,top1,20.0,cost_v1,2.7111206491784583,2.253027329458129,0.652659505347616,-0.3970176842073745,501.9818383988139,251.47828020756114
20260930,planted0.10,surv,fixed_1d,top10_ew,0.0,primary,3.7989029197297883,5.74331747246456,0.2812003870388518,-0.2934768289629922,494.7867473453173,251.47828020756114
20260930,planted0.10,surv,fixed_1d,top10_ew,5.0,primary,3.240410880935655,5.302496738446414,0.28105641894259886,-0.2993570518373493,494.7867473453173,251.47828020756114
20260930,planted0.10,surv,fixed_1d,top10_ew,10.0,primary,2.7466871207842125,4.861217807408327,0.2809128180391268,-0.3051911952567333,494.7867473453173,251.47828020756114
20260930,planted0.10,surv,fixed_1d,top10_ew,20.0,primary,1.9244677141844915,3.977289441162594,0.2806267200638608,-0.31672259605616415,494.7867473453173,251.47828020756114
20260930,planted0.10,surv,fixed_1d,top10_ew,0.0,stress,3.7989029197297883,5.74331747246456,0.2812003870388518,-0.2934768289629922,494.7867473453173,251.47828020756114
20260930,planted0.10,surv,fixed_1d,top10_ew,5.0,stress,3.240410880935655,5.302496738446414,0.28105641894259886,-0.2993570518373493,494.7867473453173,251.47828020756114
20260930,planted0.10,surv,fixed_1d,top10_ew,10.0,stress,2.7466871207842125,4.861217807408327,0.2809128180391268,-0.3051911952567333,494.7867473453173,251.47828020756114
20260930,planted0.10,surv,fixed_1d,top10_ew,20.0,stress,1.9244677141844915,3.977289441162594,0.2806267200638608,-0.31672259605616415,494.7867473453173,251.47828020756114
20260930,planted0.10,surv,fixed_1d,top10_ew,0.0,cost_v1,3.7989029197297883,5.74331747246456,0.2812003870388518,-0.2934768289629922,494.7867473453173,251.47828020756114
20260930,planted0.10,surv,fixed_1d,top10_ew,5.0,cost_v1,3.2349856087452844,5.295346085723012,0.28119979279552537,-0.29959095426628735,494.7867473453173,251.47828020756114
20260930,planted0.10,surv,fixed_1d,top10_ew,10.0,cost_v1,2.737101596781047,4.847371974210884,0.28119924678354785,-0.30565526602725135,494.7867473453173,251.47828020756114
20260930,planted0.10,surv,fixed_1d,top10_ew,20.0,cost_v1,1.9095089874856028,3.9514164988411444,0.2811982994547384,-0.31763596859844323,494.7867473453173,251.47828020756114
20260930,planted0.10,surv,fixed_21d,top1,0.0,primary,0.6647407552305888,1.364464897401515,0.44477100514837536,-0.5942903204882815,24.043143068939955,12.021571534469977
20260930,planted0.10,surv,fixed_21d,top1,5.0,primary,0.6547618863597879,1.3509344668062262,0.44475310868734746,-0.5953035809198721,24.043143068939955,12.021571534469977
20260930,planted0.10,surv,fixed_21d,top1,10.0,primary,0.6448378961145622,1.337383464687716,0.44474169098676886,-0.5963148158441135,24.043143068939955,12.021571534469977
20260930,planted0.10,surv,fixed_21d,top1,20.0,primary,0.6251534542167605,1.3102221051591731,0.44473829357975897,-0.5983312213205487,24.043143068939955,12.021571534469977
20260930,planted0.10,surv,fixed_21d,top1,0.0,stress,0.6647407552305888,1.364464897401515,0.44477100514837536,-0.5942903204882815,24.043143068939955,12.021571534469977
20260930,planted0.10,surv,fixed_21d,top1,5.0,stress,0.6547618863597879,1.3509344668062262,0.44475310868734746,-0.5953035809198721,24.043143068939955,12.021571534469977
20260930,planted0.10,surv,fixed_21d,top1,10.0,stress,0.6448378961145622,1.337383464687716,0.44474169098676886,-0.5963148158441135,24.043143068939955,12.021571534469977
20260930,planted0.10,surv,fixed_21d,top1,20.0,stress,0.6251534542167605,1.3102221051591731,0.44473829357975897,-0.5983312213205487,24.043143068939955,12.021571534469977
20260930,planted0.10,surv,fixed_21d,top1,0.0,cost_v1,0.6647407552305888,1.364464897401515,0.44477100514837536,-0.5942903204882815,24.043143068939955,12.021571534469977
20260930,planted0.10,surv,fixed_21d,top1,5.0,cost_v1,0.6547899879082055,1.3509586971335945,0.44476005527482626,-0.5953007090712852,24.043143068939955,12.021571534469977
20260930,planted0.10,surv,fixed_21d,top1,10.0,cost_v1,0.6448937763229003,1.3374324429226452,0.4447555529724403,-0.5963090840095778,24.043143068939955,12.021571534469977
20260930,planted0.10,surv,fixed_21d,top1,20.0,cost_v1,0.6252639332363024,1.3103221235068825,0.4447658915839696,-0.5983198049918732,24.043143068939955,12.021571534469977
20260930,planted0.10,surv,fixed_21d,top10_ew,0.0,primary,0.7594362256672247,1.7543835223023494,0.3526394216016449,-0.42815096558266086,23.667046199002204,12.021571534469977
20260930,planted0.10,surv,fixed_21d,top10_ew,5.0,primary,0.7490542524138395,1.7375428097797987,0.3526368764251108,-0.4290083103189922,23.667046199002204,12.021571534469977
20260930,planted0.10,surv,fixed_21d,top10_ew,10.0,primary,0.7387284767413651,1.7206632306313772,0.35264224679021533,-0.42986479771065866,23.667046199002204,12.021571534469977
20260930,planted0.10,surv,fixed_21d,top10_ew,20.0,primary,0.7182444122776199,1.6867920404406307,0.3526767321659649,-0.43157520217554424,23.667046199002204,12.021571534469977
20260930,planted0.10,surv,fixed_21d,top10_ew,0.0,stress,0.7594362256672247,1.7543835223023494,0.3526394216016449,-0.42815096558266086,23.667046199002204,12.021571534469977
20260930,planted0.10,surv,fixed_21d,top10_ew,5.0,stress,0.7490542524138395,1.7375428097797987,0.3526368764251108,-0.4290083103189922,23.667046199002204,12.021571534469977
20260930,planted0.10,surv,fixed_21d,top10_ew,10.0,stress,0.7387284767413651,1.7206632306313772,0.35264224679021533,-0.42986479771065866,23.667046199002204,12.021571534469977
20260930,planted0.10,surv,fixed_21d,top10_ew,20.0,stress,0.7182444122776199,1.6867920404406307,0.3526767321659649,-0.43157520217554424,23.667046199002204,12.021571534469977
20260930,planted0.10,surv,fixed_21d,top10_ew,0.0,cost_v1,0.7594362256672247,1.7543835223023494,0.3526394216016449,-0.42815096558266086,23.667046199002204,12.021571534469977
20260930,planted0.10,surv,fixed_21d,top10_ew,5.0,cost_v1,0.7489140184184035,1.7372959230890455,0.3526416100643517,-0.429009131786917,23.667046199002204,12.021571534469977
20260930,planted0.10,surv,fixed_21d,top10_ew,10.0,cost_v1,0.7384495315059323,1.720168869325567,0.3526519303993644,-0.4298664391495245,23.667046199002204,12.021571534469977
20260930,planted0.10,surv,fixed_21d,top10_ew,20.0,cost_v1,0.7176925678329205,1.6858011724257047,0.35269696326845623,-0.4315784790693963,23.667046199002204,12.021571534469977
20260930,planted0.10,surv,fixed_126d,top1,0.0,primary,0.3507246823750507,0.8272893813186863,0.504672697692837,-0.7564621096535986,4.007190511489992,2.003595255744996
20260930,planted0.10,surv,fixed_126d,top1,5.0,primary,0.3493718736657314,0.8253015938026639,0.5046667122773503,-0.7567055866594723,4.007190511489992,2.003595255744996
20260930,planted0.10,surv,fixed_126d,top1,10.0,primary,0.3480197530932059,0.8233121581825245,0.5046617081882597,-0.756948941896401,4.007190511489992,2.003595255744996
20260930,planted0.10,surv,fixed_126d,top1,20.0,primary,0.3453175762985745,0.8193283886954257,0.504654644100311,-0.7574352870634229,4.007190511489992,2.003595255744996
20260930,planted0.10,surv,fixed_126d,top1,0.0,stress,0.3507246823750507,0.8272893813186863,0.504672697692837,-0.7564621096535986,4.007190511489992,2.003595255744996
20260930,planted0.10,surv,fixed_126d,top1,5.0,stress,0.3493718736657314,0.8253015938026639,0.5046667122773503,-0.7567055866594723,4.007190511489992,2.003595255744996
20260930,planted0.10,surv,fixed_126d,top1,10.0,stress,0.3480197530932059,0.8233121581825245,0.5046617081882597,-0.756948941896401,4.007190511489992,2.003595255744996
20260930,planted0.10,surv,fixed_126d,top1,20.0,stress,0.3453175762985745,0.8193283886954257,0.504654644100311,-0.7574352870634229,4.007190511489992,2.003595255744996
20260930,planted0.10,surv,fixed_126d,top1,0.0,cost_v1,0.3507246823750507,0.8272893813186863,0.504672697692837,-0.7564621096535986,4.007190511489992,2.003595255744996
20260930,planted0.10,surv,fixed_126d,top1,5.0,cost_v1,0.3493785776287899,0.8253123369581042,0.504665549443474,-0.756698038556674,4.007190511489992,2.003595255744996
20260930,planted0.10,surv,fixed_126d,top1,10.0,cost_v1,0.3480331448344156,0.8233336270093673,0.5046593877786697,-0.7569338532199472,4.007190511489992,2.003595255744996
20260930,planted0.10,surv,fixed_126d,top1,20.0,cost_v1,0.3453442950965384,0.8193712563178651,0.5046500243415026,-0.7574051398270878,4.007190511489992,2.003595255744996
20260930,planted0.10,surv,fixed_126d,top10_ew,0.0,primary,0.3153050631315786,1.1801854609521543,0.2617943229474288,-0.4566412299239162,3.963417017018026,2.003595255744996
20260930,planted0.10,surv,fixed_126d,top10_ew,5.0,primary,0.31400211510851217,1.1764009561902542,0.2617907756447087,-0.4569021028204111,3.963417017018026,2.003595255744996
20260930,planted0.10,surv,fixed_126d,top10_ew,10.0,primary,0.3126998222647235,1.172608084575654,0.26178907336219487,-0.4571629757169059,3.963417017018026,2.003595255744996
20260930,planted0.10,surv,fixed_126d,top10_ew,20.0,primary,0.3100972020580752,1.1649975607935,0.2617912039627427,-0.4576847215098957,3.963417017018026,2.003595255744996
20260930,planted0.10,surv,fixed_126d,top10_ew,0.0,stress,0.3153050631315786,1.1801854609521543,0.2617943229474288,-0.4566412299239162,3.963417017018026,2.003595255744996
20260930,planted0.10,surv,fixed_126d,top10_ew,5.0,stress,0.31400211510851217,1.1764009561902542,0.2617907756447087,-0.4569021028204111,3.963417017018026,2.003595255744996
20260930,planted0.10,surv,fixed_126d,top10_ew,10.0,stress,0.3126998222647235,1.172608084575654,0.26178907336219487,-0.4571629757169059,3.963417017018026,2.003595255744996
20260930,planted0.10,surv,fixed_126d,top10_ew,20.0,stress,0.3100972020580752,1.1649975607935,0.2617912039627427,-0.4576847215098957,3.963417017018026,2.003595255744996
20260930,planted0.10,surv,fixed_126d,top10_ew,0.0,cost_v1,0.3153050631315786,1.1801854609521543,0.2617943229474288,-0.4566412299239162,3.963417017018026,2.003595255744996
20260930,planted0.10,surv,fixed_126d,top10_ew,5.0,cost_v1,0.31399031589459137,1.1763629559427933,0.2617918154403736,-0.4569069547836543,3.963417017018026,2.003595255744996
20260930,planted0.10,surv,fixed_126d,top10_ew,10.0,cost_v1,0.3126762271575776,1.1725318586681583,0.2617912099654437,-0.4571726796433925,3.963417017018026,2.003595255744996
20260930,planted0.10,surv,fixed_126d,top10_ew,20.0,cost_v1,0.3100500251787415,1.1648442214189603,0.26179570512329065,-0.45770412936286875,3.963417017018026,2.003595255744996
20260931,random,pit,argmax_conf,top1,0.0,primary,-0.16200789975378105,0.00995134088077914,0.5518490633101636,-0.9865235967019852,9.530615270570793,4.765307635285397
20260931,random,pit,argmax_conf,top1,5.0,primary,-0.16400266337008063,0.0056251925524184974,0.5518481866114155,-0.9868235041451626,9.530615270570793,4.765307635285397
20260931,random,pit,argmax_conf,top1,10.0,primary,-0.16599366754931177,0.001299025509196687,0.5518494209471082,-0.9871168824497326,9.530615270570793,4.765307635285397
20260931,random,pit,argmax_conf,top1,20.0,primary,-0.1699644184815451,-0.0073531661342791255,0.5518582226409293,-0.9876846046763113,9.530615270570793,4.765307635285397
20260931,random,pit,argmax_conf,top1,0.0,stress,-0.16200789975378105,0.00995134088077914,0.5518490633101636,-0.9865235967019852,9.530615270570793,4.765307635285397
20260931,random,pit,argmax_conf,top1,5.0,stress,-0.16400266337008063,0.0056251925524184974,0.5518481866114155,-0.9868235041451626,9.530615270570793,4.765307635285397
20260931,random,pit,argmax_conf,top1,10.0,stress,-0.16599366754931177,0.001299025509196687,0.5518494209471082,-0.9871168824497326,9.530615270570793,4.765307635285397
20260931,random,pit,argmax_conf,top1,20.0,stress,-0.1699644184815451,-0.0073531661342791255,0.5518582226409293,-0.9876846046763113,9.530615270570793,4.765307635285397
20260931,random,pit,argmax_conf,top1,0.0,cost_v1,-0.16200789975378105,0.00995134088077914,0.5518490633101636,-0.9865235967019852,9.530615270570793,4.765307635285397
20260931,random,pit,argmax_conf,top1,5.0,cost_v1,-0.16400288808407504,0.005625731241336147,0.5518491953729334,-0.9868238596913959,9.530615270570793,4.765307635285397
20260931,random,pit,argmax_conf,top1,10.0,cost_v1,-0.16599412213355647,0.001300118672264382,0.5518514497170726,-0.9871175780965825,9.530615270570793,4.765307635285397
20260931,random,pit,argmax_conf,top1,20.0,cost_v1,-0.16996534814863973,-0.00735091563763196,0.5518623251209415,-0.9876859361420917,9.530615270570793,4.765307635285397
20260931,random,pit,argmax_conf,top10_ew,0.0,primary,0.06466667013858785,0.36762742805694953,0.27082784362433726,-0.6245584472790062,9.42758438786018,4.765307635285397
20260931,random,pit,argmax_conf,top10_ew,5.0,primary,0.062159700010044006,0.3589041312290117,0.2708291551472382,-0.6249267680049162,9.42758438786018,4.765307635285397
20260931,random,pit,argmax_conf,top10_ew,10.0,primary,0.05965740278108389,0.35017547200492616,0.2708346793634197,-0.6252949080405313,9.42758438786018,4.765307635285397
20260931,random,pit,argmax_conf,top10_ew,20.0,primary,0.0546668013516336,0.3327036987838689,0.2708583646480368,-0.6260306460408778,9.42758438786018,4.765307635285397
20260931,random,pit,argmax_conf,top10_ew,0.0,stress,0.05234751186164921,0.32437279708571654,0.2718849003467151,-0.6329950224188557,9.438199533727241,4.765307635285397
20260931,random,pit,argmax_conf,top10_ew,5.0,stress,0.04986676219107533,0.3156743241667442,0.27188570562089176,-0.6333570167679918,9.438199533727241,4.765307635285397
20260931,random,pit,argmax_conf,top10_ew,10.0,stress,0.04739064183009911,0.3069711544287573,0.2718907165379323,-0.6337188325359768,9.438199533727241,4.765307635285397
20260931,random,pit,argmax_conf,top10_ew,20.0,stress,0.04245226357665466,0.28955234249580986,0.271913354175424,-0.6344419283284943,9.438199533727241,4.765307635285397
20260931,random,pit,argmax_conf,top10_ew,0.0,cost_v1,0.06466667013858785,0.36762742805694953,0.27082784362433726,-0.6245584472790062,9.42758438786018,4.765307635285397
20260931,random,pit,argmax_conf,top10_ew,5.0,cost_v1,0.06213284990074386,0.3588102832969038,0.27083019979277434,-0.6249413199404118,9.42758438786018,4.765307635285397
20260931,random,pit,argmax_conf,top10_ew,10.0,cost_v1,0.0596037966618288,0.34998770377727995,0.27083688028223085,-0.6253239974956719,9.42758438786018,4.765307635285397
20260931,random,pit,argmax_conf,top10_ew,20.0,cost_v1,0.054559964828435836,0.33232793463856714,0.2708632127372444,-0.626088767287756,9.42758438786018,4.765307635285397
20260931,random,pit,fixed_1d,top1,0.0,primary,0.06425572562145665,0.35875893641898104,0.4226937764339207,-0.7026313951356438,502.25259451445515,251.47828020756114
20260931,random,pit,fixed_1d,top1,5.0,primary,-0.061355844156817496,0.06100140894796538,0.42248017537525756,-0.8615583387011214,502.25259451445515,251.47828020756114
20260931,random,pit,fixed_1d,top1,10.0,primary,-0.17219378436542065,-0.23705725401149003,0.42226675653040285,-0.9791762585014986,502.25259451445515,251.47828020756114
20260931,random,pit,fixed_1d,top1,20.0,primary,-0.35627239902113095,-0.8340782666893132,0.4218404665881163,-0.9997451319685852,502.25259451445515,251.47828020756114
20260931,random,pit,fixed_1d,top1,0.0,stress,0.043897516400912995,0.31594944307926986,0.4284533708130976,-0.7026313951356438,502.25259451445515,251.47828020756114
20260931,random,pit,fixed_1d,top1,5.0,stress,-0.07931122240685018,0.02218523296339528,0.4282303046837609,-0.8684590388749107,502.25259451445515,251.47828020756114
20260931,random,pit,fixed_1d,top1,10.0,stress,-0.18802893725794056,-0.27188507000246004,0.42800741412545906,-0.9854233811992874,502.25259451445515,251.47828020756114
20260931,random,pit,fixed_1d,top1,20.0,stress,-0.3685863014660665,-0.8609444172747993,0.42756216082005766,-0.999821592381048,502.25259451445515,251.47828020756114
20260931,random,pit,fixed_1d,top1,0.0,cost_v1,0.06425572562145665,0.35875893641898104,0.4226937764339207,-0.7026313951356438,502.25259451445515,251.47828020756114
20260931,random,pit,fixed_1d,top1,5.0,cost_v1,-0.06153385976049508,0.060734977444822494,0.42269375385134517,-0.8619475142224584,502.25259451445515,251.47828020756114
20260931,random,pit,fixed_1d,top1,10.0,cost_v1,-0.17250788582982046,-0.23728899536064427,0.42269376335576064,-0.9793318354285353,502.25259451445515,251.47828020756114
20260931,random,pit,fixed_1d,top1,20.0,cost_v1,-0.35676125627137,-0.8333367109869999,0.4226938786255483,-0.9997489292759425,502.25259451445515,251.47828020756114
20260931,random,pit,fixed_1d,top10_ew,0.0,primary,0.027558026017839632,0.2348466397233751,0.25595716528923135,-0.5631064417309863,498.4773681691216,251.47828020756114
20260931,random,pit,fixed_1d,top10_ew,5.0,primary,-0.09286601213938284,-0.25317848299873486,0.25582917210963685,-0.872913950460386,498.4773681691216,251.47828020756114
20260931,random,pit,fixed_1d,top10_ew,10.0,primary,-0.1992265666819324,-0.7416915122977951,0.25570140744479314,-0.985295062391887,498.4773681691216,251.47828020756114
20260931,random,pit,fixed_1d,top10_ew,20.0,primary,-0.3761137899791085,-1.7201789630563953,0.25544656503027785,-0.9998472943062832,498.4773681691216,251.47828020756114
20260931,random,pit,fixed_1d,top10_ew,0.0,stress,0.007575117665899356,0.15820122614604692,0.2565087734012379,-0.5757928967177699,498.49532759223234,251.47828020756114
20260931,random,pit,fixed_1d,top10_ew,5.0,stress,-0.11051103127762996,-0.32879565172013064,0.2563790539229825,-0.9115780822346786,498.49532759223234,251.47828020756114
20260931,random,pit,fixed_1d,top10_ew,10.0,stress,-0.21480625537866238,-0.8162848645956378,0.25624956162446255,-0.9897696809963009,498.49532759223234,251.47828020756114
20260931,random,pit,fixed_1d,top10_ew,20.0,stress,-0.3882575050006475,-1.7927380801768416,0.25599125994504146,-0.9998937793395962,498.49532759223234,251.47828020756114
20260931,random,pit,fixed_1d,top10_ew,0.0,cost_v1,0.027558026017839632,0.2348466397233751,0.25595716528923135,-0.5631064417309863,498.4773681691216,251.47828020756114
20260931,random,pit,fixed_1d,top10_ew,5.0,cost_v1,-0.09388436743985873,-0.25731724873238265,0.25595716649888955,-0.8752895179292679,498.4773681691216,251.47828020756114
20260931,random,pit,fixed_1d,top10_ew,10.0,cost_v1,-0.20102433738835923,-0.7494809773758186,0.25595722069776333,-0.9858825172798854,498.4773681691216,251.47828020756114
20260931,random,pit,fixed_1d,top10_ew,20.0,cost_v1,-0.3789146620497139,-1.733806732553961,0.2559574880629898,-0.9998593062083514,498.4773681691216,251.47828020756114
20260931,random,pit,fixed_21d,top1,0.0,primary,-0.11814861942381605,-0.06955180785129764,0.4377205687239858,-0.9561696956283625,23.98899184581171,12.021571534469977
20260931,random,pit,fixed_21d,top1,5.0,primary,-0.12342278395657036,-0.0832600131617103,0.4377302209390818,-0.9603119287890556,23.98899184581171,12.021571534469977
20260931,random,pit,fixed_21d,top1,10.0,primary,-0.1286680113948332,-0.09696617360473207,0.43774637532785177,-0.9640644783363457,23.98899184581171,12.021571534469977
20260931,random,pit,fixed_21d,top1,20.0,primary,-0.13907223215664144,-0.12436991911161507,0.43779818745760535,-0.970543092589326,23.98899184581171,12.021571534469977
20260931,random,pit,fixed_21d,top1,0.0,stress,-0.13501760539681806,-0.10540086740495797,0.44325842670224175,-0.9693187874623517,23.98899184581171,12.021571534469977
20260931,random,pit,fixed_21d,top1,5.0,stress,-0.14019088013171976,-0.11893729911329057,0.44326708375116375,-0.9722183506254576,23.98899184581171,12.021571534469977
20260931,random,pit,fixed_21d,top1,10.0,stress,-0.14533577131148123,-0.13247128320071325,0.4432821618133793,-0.9748451352638268,23.98899184581171,12.021571534469977
20260931,random,pit,fixed_21d,top1,20.0,stress,-0.155540969133646,-0.15952955852691023,0.4433315780780889,-0.9793801651636819,23.98899184581171,12.021571534469977
20260931,random,pit,fixed_21d,top1,0.0,cost_v1,-0.11814861942381605,-0.06955180785129764,0.4377205687239858,-0.9561696956283625,23.98899184581171,12.021571534469977
20260931,random,pit,fixed_21d,top1,5.0,cost_v1,-0.12344446298305078,-0.08330587574288753,0.4377388228508807,-0.9603325957978815,23.98899184581171,12.021571534469977
20260931,random,pit,fixed_21d,top1,10.0,cost_v1,-0.12871113580975602,-0.09705734431850147,0.43776362704327576,-0.9641019122082728,23.98899184581171,12.021571534469977
20260931,random,pit,fixed_21d,top1,20.0,cost_v1,-0.13915755326468593,-0.12455001817666837,0.43783288087768835,-0.9706044891873712,23.98899184581171,12.021571534469977
20260931,random,pit,fixed_21d,top10_ew,0.0,primary,0.037296602941111034,0.2720513274641918,0.25277955136802754,-0.569937648643758,23.74247137791055,12.021571534469977
20260931,random,pit,fixed_21d,top10_ew,5.0,primary,0.031156333823396443,0.24851982396276637,0.25277628037968475,-0.5713977324664524,23.74247137791055,12.021571534469977
20260931,random,pit,fixed_21d,top10_ew,10.0,primary,0.025049408720611455,0.22497786798466138,0.2527840689744896,-0.5767318749323374,23.74247137791055,12.021571534469977
20260931,random,pit,fixed_21d,top10_ew,20.0,primary,0.012934932285231238,0.17787496655945034,0.2528328193738879,-0.6061798501794344,23.74247137791055,12.021571534469977
20260931,random,pit,fixed_21d,top10_ew,0.0,stress,0.02324796869240453,0.2181166713526712,0.2535414230220532,-0.5985840920820229,23.75488786079691,12.021571534469977
20260931,random,pit,fixed_21d,top10_ew,5.0,stress,0.017187701386929266,0.19464390259788292,0.25353702103527714,-0.6127934282401621,23.75488786079691,12.021571534469977
20260931,random,pit,fixed_21d,top10_ew,10.0,stress,0.011160360963754945,0.17116286735762526,0.2535436563143752,-0.6265064367711307,23.75488786079691,12.021571534469977
20260931,random,pit,fixed_21d,top10_ew,20.0,stress,-0.0007961896196535534,0.12418826845533666,0.2535900337635031,-0.6525113051175121,23.75488786079691,12.021571534469977
20260931,random,pit,fixed_21d,top10_ew,0.0,cost_v1,0.037296602941111034,0.2720513274641918,0.25277955136802754,-0.569937648643758,23.74247137791055,12.021571534469977
20260931,random,pit,fixed_21d,top10_ew,5.0,cost_v1,0.031079854747601665,0.2482259549880303,0.2527820002251518,-0.5714511565960227,23.74247137791055,12.021571534469977
20260931,random,pit,fixed_21d,top10_ew,10.0,cost_v1,0.024897281927142245,0.22439097419744952,0.25279579322097173,-0.5771645202405891,23.74247137791055,12.021571534469977
20260931,random,pit,fixed_21d,top10_ew,20.0,cost_v1,0.012633979542116425,0.17670503473249363,0.2528574026762052,-0.6069853058962316,23.74247137791055,12.021571534469977
20260931,random,pit,fixed_126d,top1,0.0,primary,-0.06764531440519905,0.26505173105213353,0.7262977791342784,-0.9920748754842967,3.898888065233506,2.003595255744996
20260931,random,pit,fixed_126d,top1,5.0,primary,-0.06855387902390386,0.2637036259843515,0.7262931652830175,-0.9920788380465545,3.898888065233506,2.003595255744996
20260931,random,pit,fixed_126d,top1,10.0,primary,-0.06946199960661636,0.2623552675626682,0.7262892053851794,-0.9920828006088124,3.898888065233506,2.003595255744996
20260931,random,pit,fixed_126d,top1,20.0,primary,-0.07127690869234182,0.25965780519664705,0.7262832474907919,-0.9920907257333281,3.898888065233506,2.003595255744996
20260931,random,pit,fixed_126d,top1,0.0,stress,-0.10297427960734695,0.21821353728011378,0.7330221308519795,-0.9920748754842967,3.898888065233506,2.003595255744996
20260931,random,pit,fixed_126d,top1,5.0,stress,-0.10384841671869405,0.21687754286886138,0.7330173865344224,-0.9920788380465545,3.898888065233506,2.003595255744996
20260931,random,pit,fixed_126d,top1,10.0,stress,-0.10472212661954727,0.21554134063390756,0.7330132901697652,-0.9920828006088124,3.898888065233506,2.003595255744996
20260931,random,pit,fixed_126d,top1,20.0,stress,-0.10646826481697758,0.21286832684182214,0.7330070413408847,-0.9920907257333281,3.898888065233506,2.003595255744996
20260931,random,pit,fixed_126d,top1,0.0,cost_v1,-0.06764531440519905,0.26505173105213353,0.7262977791342784,-0.9920748754842967,3.898888065233506,2.003595255744996
20260931,random,pit,fixed_126d,top1,5.0,cost_v1,-0.06857588130959036,0.2636713266856703,0.7262937012406209,-0.992078827001085,3.898888065233506,2.003595255744996
20260931,random,pit,fixed_126d,top1,10.0,cost_v1,-0.06950598297614097,0.2622906592325863,0.7262903089176913,-0.9920827785178731,3.898888065233506,2.003595255744996
20260931,random,pit,fixed_126d,top1,20.0,cost_v1,-0.07136479059902467,0.2595285506794862,0.7262855810205017,-0.9920906815514495,3.898888065233506,2.003595255744996
20260931,random,pit,fixed_126d,top10_ew,0.0,primary,0.12121602404497667,0.5748012939024533,0.25734404922920057,-0.6143142818160985,3.9657665888762983,2.003595255744996
20260931,random,pit,fixed_126d,top10_ew,5.0,primary,0.12010468342677583,0.5709530042788429,0.2573324428212433,-0.6146998711128527,3.9657665888762983,2.003595255744996
20260931,random,pit,fixed_126d,top10_ew,10.0,primary,0.11899390208760585,0.5671002158483288,0.25732272021986313,-0.615085267566748,3.9657665888762983,2.003595255744996
20260931,random,pit,fixed_126d,top10_ew,20.0,primary,0.11677401719773473,0.5593814774411111,0.2573089272496308,-0.6158554819459613,3.9657665888762983,2.003595255744996
20260931,random,pit,fixed_126d,top10_ew,0.0,stress,0.11079081140886649,0.5371734005774494,0.2585502156721316,-0.6143142818160985,3.9741721972240462,2.003595255744996
20260931,random,pit,fixed_126d,top10_ew,5.0,stress,0.10968747117017785,0.533329012624889,0.25854278106612344,-0.6146998711128527,3.9741721972240462,2.003595255744996
20260931,random,pit,fixed_126d,top10_ew,10.0,stress,0.10858468742586225,0.5294805556541543,0.2585372253242078,-0.615085267566748,3.9741721972240462,2.003595255744996
20260931,random,pit,fixed_126d,top10_ew,20.0,stress,0.10638078937194573,0.5217717685122998,0.25853175087620306,-0.6158554819459613,3.9741721972240462,2.003595255744996
20260931,random,pit,fixed_126d,top10_ew,0.0,cost_v1,0.12121602404497667,0.5748012939024533,0.25734404922920057,-0.6143142818160985,3.9657665888762983,2.003595255744996
20260931,random,pit,fixed_126d,top10_ew,5.0,cost_v1,0.12009715752569572,0.5709266570843875,0.2573325851975855,-0.6146950313019809,3.9657665888762983,2.003595255744996
20260931,random,pit,fixed_126d,top10_ew,10.0,cost_v1,0.1189788504793805,0.5670474118902787,0.25732305573889874,-0.6150755928109446,3.9657665888762983,2.003595255744996
20260931,random,pit,fixed_126d,top10_ew,20.0,cost_v1,0.11674391480163804,0.559275442751181,0.25730980135643716,-0.6158361518981164,3.9657665888762983,2.003595255744996
20260931,random,surv,argmax_conf,top1,0.0,primary,0.07009737104297642,0.3673247979337019,0.4096172629118611,-0.5574481421194821,9.205707931801333,4.602853965900667
20260931,random,surv,argmax_conf,top1,5.0,primary,0.06763684096496969,0.3616940225784971,0.4096150442261334,-0.5589947521600065,9.205707931801333,4.602853965900667
20260931,random,surv,argmax_conf,top1,10.0,primary,0.06518074878626123,0.35606079393433065,0.4096155776344239,-0.5605367270094652,9.205707931801333,4.602853965900667
20260931,random,surv,argmax_conf,top1,20.0,primary,0.06028185490828997,0.3447874311662024,0.40962490063458457,-0.5636068174407357,9.205707931801333,4.602853965900667
20260931,random,surv,argmax_conf,top1,0.0,stress,0.07009737104297642,0.3673247979337019,0.4096172629118611,-0.5574481421194821,9.205707931801333,4.602853965900667
20260931,random,surv,argmax_conf,top1,5.0,stress,0.06763684096496969,0.3616940225784971,0.4096150442261334,-0.5589947521600065,9.205707931801333,4.602853965900667
20260931,random,surv,argmax_conf,top1,10.0,stress,0.06518074878626123,0.35606079393433065,0.4096155776344239,-0.5605367270094652,9.205707931801333,4.602853965900667
20260931,random,surv,argmax_conf,top1,20.0,stress,0.06028185490828997,0.3447874311662024,0.40962490063458457,-0.5636068174407357,9.205707931801333,4.602853965900667
20260931,random,surv,argmax_conf,top1,0.0,cost_v1,0.07009737104297642,0.3673247979337019,0.4096172629118611,-0.5574481421194821,9.205707931801333,4.602853965900667
20260931,random,surv,argmax_conf,top1,5.0,cost_v1,0.06763734020510404,0.3616954425866471,0.4096177497026654,-0.5590081237226964,9.205707931801333,4.602853965900667
20260931,random,surv,argmax_conf,top1,10.0,cost_v1,0.06518173758258916,0.3560636983928996,0.4096210000321589,-0.5605633898076716,9.205707931801333,4.602853965900667
20260931,random,surv,argmax_conf,top1,20.0,cost_v1,0.06028379394567418,0.3447934999813725,0.4096357909881484,-0.5636598229346059,9.205707931801333,4.602853965900667
20260931,random,surv,argmax_conf,top10_ew,0.0,primary,0.1746330980787547,0.7367775949428402,0.2676141215976665,-0.56560888475888,8.992996235199554,4.602853965900667
20260931,random,surv,argmax_conf,top10_ew,5.0,primary,0.17199455549582976,0.7283441124956299,0.2676198398638707,-0.5669753817324374,8.992996235199554,4.602853965900667
20260931,random,surv,argmax_conf,top10_ew,10.0,primary,0.1693606593048702,0.719900169036493,0.2676295810266859,-0.5683382140802777,8.992996235199554,4.602853965900667
20260931,random,surv,argmax_conf,top10_ew,20.0,primary,0.1641067823782847,0.702982432615707,0.26766113010386516,-0.5710529174362048,8.992996235199554,4.602853965900667
20260931,random,surv,argmax_conf,top10_ew,0.0,stress,0.1746330980787547,0.7367775949428402,0.2676141215976665,-0.56560888475888,8.992996235199554,4.602853965900667
20260931,random,surv,argmax_conf,top10_ew,5.0,stress,0.17199455549582976,0.7283441124956299,0.2676198398638707,-0.5669753817324374,8.992996235199554,4.602853965900667
20260931,random,surv,argmax_conf,top10_ew,10.0,stress,0.1693606593048702,0.719900169036493,0.2676295810266859,-0.5683382140802777,8.992996235199554,4.602853965900667
20260931,random,surv,argmax_conf,top10_ew,20.0,stress,0.1641067823782847,0.702982432615707,0.26766113010386516,-0.5710529174362048,8.992996235199554,4.602853965900667
20260931,random,surv,argmax_conf,top10_ew,0.0,cost_v1,0.1746330980787547,0.7367775949428402,0.2676141215976665,-0.56560888475888,8.992996235199554,4.602853965900667
20260931,random,surv,argmax_conf,top10_ew,5.0,cost_v1,0.17193203420813497,0.7281408613956843,0.2676218217595294,-0.5669171647193509,8.992996235199554,4.602853965900667
20260931,random,surv,argmax_conf,top10_ew,10.0,cost_v1,0.169235834189998,0.7194932543532868,0.26763375139374285,-0.5682221598519117,8.992996235199554,4.602853965900667
20260931,random,surv,argmax_conf,top10_ew,20.0,cost_v1,0.16385800039514242,0.7021670727842507,0.26767029661672187,-0.5708223220260125,8.992996235199554,4.602853965900667
20260931,random,surv,fixed_1d,top1,0.0,primary,0.18290968784071615,0.36304905951698363,1.1479069356747025,-0.7342649938817234,501.22372127501853,251.47828020756114
20260931,random,surv,fixed_1d,top1,5.0,primary,0.04356213807715714,0.2536304431261177,1.1473315934250712,-0.8528949898469705,501.22372127501853,251.47828020756114
20260931,random,surv,fixed_1d,top1,10.0,primary,-0.07942787609890545,0.14410201266223832,1.1467564154261403,-0.979530964121192,501.22372127501853,251.47828020756114
20260931,random,surv,fixed_1d,top1,20.0,primary,-0.2837657840739902,-0.07528476349807571,1.1456065531698996,-0.999678626771186,501.22372127501853,251.47828020756114
20260931,random,surv,fixed_1d,top1,0.0,stress,0.18290968784071615,0.36304905951698363,1.1479069356747025,-0.7342649938817234,501.22372127501853,251.47828020756114
20260931,random,surv,fixed_1d,top1,5.0,stress,0.04356213807715714,0.2536304431261177,1.1473315934250712,-0.8528949898469705,501.22372127501853,251.47828020756114
20260931,random,surv,fixed_1d,top1,10.0,stress,-0.07942787609890545,0.14410201266223832,1.1467564154261403,-0.979530964121192,501.22372127501853,251.47828020756114
20260931,random,surv,fixed_1d,top1,20.0,stress,-0.2837657840739902,-0.07528476349807571,1.1456065531698996,-0.999678626771186,501.22372127501853,251.47828020756114
20260931,random,surv,fixed_1d,top1,0.0,cost_v1,0.18290968784071615,0.36304905951698363,1.1479069356747025,-0.7342649938817234,501.22372127501853,251.47828020756114
20260931,random,surv,fixed_1d,top1,5.0,cost_v1,0.043123610644965726,0.2533077018003274,1.1479069024944286,-0.8540922625669525,501.22372127501853,251.47828020756114
20260931,random,surv,fixed_1d,top1,10.0,cost_v1,-0.08020167855551041,0.14356633626179155,1.1479068811295468,-0.979862528660487,501.22372127501853,251.47828020756114
20260931,random,surv,fixed_1d,top1,20.0,cost_v1,-0.28497022390156135,-0.07591640472611977,1.1479068738459628,-0.9996888513974984,501.22372127501853,251.47828020756114
20260931,random,surv,fixed_1d,top10_ew,0.0,primary,0.20014916796604165,0.7642564761545718,0.2934711565706445,-0.5942129143139769,495.4219318592389,251.47828020756114
20260931,random,surv,fixed_1d,top10_ew,5.0,primary,0.06030841329219716,0.34122688943184404,0.2933306152551049,-0.6278795495692349,495.4219318592389,251.47828020756114
20260931,random,surv,fixed_1d,top10_ew,10.0,primary,-0.06329544362392847,-0.08220816631869664,0.29319039963764276,-0.8987085169842733,495.4219318592389,251.47828020756114
20260931,random,surv,fixed_1d,top10_ew,20.0,primary,-0.2690903142066202,-0.9302913554315673,0.2929109473667935,-0.9981010719632137,495.4219318592389,251.47828020756114
20260931,random,surv,fixed_1d,top10_ew,0.0,stress,0.20014916796604165,0.7642564761545718,0.2934711565706445,-0.5942129143139769,495.4219318592389,251.47828020756114
20260931,random,surv,fixed_1d,top10_ew,5.0,stress,0.06030841329219716,0.34122688943184404,0.2933306152551049,-0.6278795495692349,495.4219318592389,251.47828020756114
20260931,random,surv,fixed_1d,top10_ew,10.0,stress,-0.06329544362392847,-0.08220816631869664,0.29319039963764276,-0.8987085169842733,495.4219318592389,251.47828020756114
20260931,random,surv,fixed_1d,top10_ew,20.0,stress,-0.2690903142066202,-0.9302913554315673,0.2929109473667935,-0.9981010719632137,495.4219318592389,251.47828020756114
20260931,random,surv,fixed_1d,top10_ew,0.0,cost_v1,0.20014916796604165,0.7642564761545718,0.2934711565706445,-0.5942129143139769,495.4219318592389,251.47828020756114
20260931,random,surv,fixed_1d,top10_ew,5.0,cost_v1,0.058387382730133774,0.33500524851857433,0.29347109739419275,-0.6289556799521885,495.4219318592389,251.47828020756114
20260931,random,surv,fixed_1d,top10_ew,10.0,cost_v1,-0.06668817031020158,-0.09424613738680206,0.29347108443343045,-0.9045104224151195,495.4219318592389,251.47828020756114
20260931,random,surv,fixed_1d,top10_ew,20.0,cost_v1,-0.27438046238904734,-0.9527485728262324,0.29347119715897685,-0.9983304167133346,495.4219318592389,251.47828020756114
20260931,random,surv,fixed_21d,top1,0.0,primary,0.012397613285674902,0.24004011927955787,0.4251961533344814,-0.8474315802823146,23.934840622683467,12.021571534469977
20260931,random,surv,fixed_21d,top1,5.0,primary,0.006356308525897081,0.22595757341738018,0.4252308953680596,-0.8508268782453764,23.934840622683467,12.021571534469977
20260931,random,surv,fixed_21d,top1,10.0,primary,0.0003480718565338492,0.21187401457509775,0.42527228898745817,-0.8541482588331999,23.934840622683467,12.021571534469977
20260931,random,surv,fixed_21d,top1,20.0,primary,-0.011569855151822184,0.18370650541126798,0.42537502290442364,-0.8613481193382382,23.934840622683467,12.021571534469977
20260931,random,surv,fixed_21d,top1,0.0,stress,0.012397613285674902,0.24004011927955787,0.4251961533344814,-0.8474315802823146,23.934840622683467,12.021571534469977
20260931,random,surv,fixed_21d,top1,5.0,stress,0.006356308525897081,0.22595757341738018,0.4252308953680596,-0.8508268782453764,23.934840622683467,12.021571534469977
20260931,random,surv,fixed_21d,top1,10.0,stress,0.0003480718565338492,0.21187401457509775,0.42527228898745817,-0.8541482588331999,23.934840622683467,12.021571534469977
20260931,random,surv,fixed_21d,top1,20.0,stress,-0.011569855151822184,0.18370650541126798,0.42537502290442364,-0.8613481193382382,23.934840622683467,12.021571534469977
20260931,random,surv,fixed_21d,top1,0.0,cost_v1,0.012397613285674902,0.24004011927955787,0.4251961533344814,-0.8474315802823146,23.934840622683467,12.021571534469977
20260931,random,surv,fixed_21d,top1,5.0,cost_v1,0.006309597625862029,0.22585333203204924,0.4252413520035537,-0.8508612885061305,23.934840622683467,12.021571534469977
20260931,random,surv,fixed_21d,top1,10.0,cost_v1,0.0002551614291446125,0.21166620670216338,0.42529328878030165,-0.8542155754544354,23.934840622683467,12.021571534469977
20260931,random,surv,fixed_21d,top1,20.0,cost_v1,-0.011753645744476127,0.18329364320104702,0.42541736646524847,-0.8614827765927536,23.934840622683467,12.021571534469977
20260931,random,surv,fixed_21d,top10_ew,0.0,primary,0.1875373871123054,0.796403081029562,0.2582805260729823,-0.5782473627899238,23.643691329239385,12.021571534469977
20260931,random,surv,fixed_21d,top10_ew,5.0,primary,0.18053693538673143,0.7734373109357783,0.2582911790804114,-0.5800998170157026,23.643691329239385,12.021571534469977
20260931,random,surv,fixed_21d,top10_ew,10.0,primary,0.17357433934015987,0.750442245832938,0.25831256744235026,-0.5819450368734683,23.643691329239385,12.021571534469977
20260931,random,surv,fixed_21d,top10_ew,20.0,primary,0.15976197010633086,0.7043757643664085,0.25838753822808225,-0.5856138723215542,23.643691329239385,12.021571534469977
20260931,random,surv,fixed_21d,top10_ew,0.0,stress,0.1875373871123054,0.796403081029562,0.2582805260729823,-0.5782473627899238,23.643691329239385,12.021571534469977
20260931,random,surv,fixed_21d,top10_ew,5.0,stress,0.18053693538673143,0.7734373109357783,0.2582911790804114,-0.5800998170157026,23.643691329239385,12.021571534469977
20260931,random,surv,fixed_21d,top10_ew,10.0,stress,0.17357433934015987,0.750442245832938,0.25831256744235026,-0.5819450368734683,23.643691329239385,12.021571534469977
20260931,random,surv,fixed_21d,top10_ew,20.0,stress,0.15976197010633086,0.7043757643664085,0.25838753822808225,-0.5856138723215542,23.643691329239385,12.021571534469977
20260931,random,surv,fixed_21d,top10_ew,0.0,cost_v1,0.1875373871123054,0.796403081029562,0.2582805260729823,-0.5782473627899238,23.643691329239385,12.021571534469977
20260931,random,surv,fixed_21d,top10_ew,5.0,cost_v1,0.18041843702991134,0.7730320879982775,0.2582990418362843,-0.5801669506024993,23.643691329239385,12.021571534469977
20260931,random,surv,fixed_21d,top10_ew,10.0,cost_v1,0.17333863140053007,0.7496322337987786,0.2583286574558327,-0.582078769794307,23.643691329239385,12.021571534469977
20260931,random,surv,fixed_21d,top10_ew,20.0,cost_v1,0.15929567116920884,0.7027580954336439,0.25842117156855904,-0.5858792123065487,23.643691329239385,12.021571534469977
20260931,random,surv,fixed_126d,top1,0.0,primary,-0.03135244383888269,0.11525811827696293,0.39317962420599134,-0.9375183874110605,4.007190511489992,2.003595255744996
20260931,random,surv,fixed_126d,top1,5.0,primary,-0.03232258591693482,0.11270311027401281,0.39317654912841876,-0.9377678769272262,4.007190511489992,2.003595255744996
20260931,random,surv,fixed_126d,top1,10.0,primary,-0.03329223451024299,0.11014771129946209,0.3931747269680881,-0.9380164943212195,4.007190511489992,2.003595255744996
20260931,random,surv,fixed_126d,top1,20.0,primary,-0.035230051285629616,0.10503583812434121,0.39317484145685383,-0.9385111231937684,4.007190511489992,2.003595255744996
20260931,random,surv,fixed_126d,top1,0.0,stress,-0.03135244383888269,0.11525811827696293,0.39317962420599134,-0.9375183874110605,4.007190511489992,2.003595255744996
20260931,random,surv,fixed_126d,top1,5.0,stress,-0.03232258591693482,0.11270311027401281,0.39317654912841876,-0.9377678769272262,4.007190511489992,2.003595255744996
20260931,random,surv,fixed_126d,top1,10.0,stress,-0.03329223451024299,0.11014771129946209,0.3931747269680881,-0.9380164943212195,4.007190511489992,2.003595255744996
20260931,random,surv,fixed_126d,top1,20.0,stress,-0.035230051285629616,0.10503583812434121,0.39317484145685383,-0.9385111231937684,4.007190511489992,2.003595255744996
20260931,random,surv,fixed_126d,top1,0.0,cost_v1,-0.03135244383888269,0.11525811827696293,0.39317962420599134,-0.9375183874110605,4.007190511489992,2.003595255744996
20260931,random,surv,fixed_126d,top1,5.0,cost_v1,-0.032321778163778236,0.1127060118440935,0.39317764027374713,-0.937766525136633,4.007190511489992,2.003595255744996
20260931,random,surv,fixed_126d,top1,10.0,cost_v1,-0.03329062654239101,0.1101535248441582,0.39317692278570987,-0.9380138002083893,4.007190511489992,2.003595255744996
20260931,random,surv,fixed_126d,top1,20.0,cost_v1,-0.03522686546425979,0.10504750779776799,0.39317928715775086,-0.9385057726710615,4.007190511489992,2.003595255744996
20260931,random,surv,fixed_126d,top10_ew,0.0,primary,0.11735799355271492,0.5642769386861373,0.2547137288931573,-0.5940937531099997,3.947462329663905,2.003595255744996
20260931,random,surv,fixed_126d,top10_ew,5.0,primary,0.11625558739550401,0.5604052229035289,0.2547035799245647,-0.5943981320568863,3.947462329663905,2.003595255744996
20260931,random,surv,fixed_126d,top10_ew,10.0,primary,0.11515373321004096,0.5565290781921399,0.25469531662783323,-0.5947024095272113,3.947462329663905,2.003595255744996
20260931,random,surv,fixed_126d,top10_ew,20.0,primary,0.11295168070647388,0.5487638433492931,0.2546844477422421,-0.5953106600381759,3.947462329663905,2.003595255744996
20260931,random,surv,fixed_126d,top10_ew,0.0,stress,0.11735799355271492,0.5642769386861373,0.2547137288931573,-0.5940937531099997,3.947462329663905,2.003595255744996
20260931,random,surv,fixed_126d,top10_ew,5.0,stress,0.11625558739550401,0.5604052229035289,0.2547035799245647,-0.5943981320568863,3.947462329663905,2.003595255744996
20260931,random,surv,fixed_126d,top10_ew,10.0,stress,0.11515373321004096,0.5565290781921399,0.25469531662783323,-0.5947024095272113,3.947462329663905,2.003595255744996
20260931,random,surv,fixed_126d,top10_ew,20.0,stress,0.11295168070647388,0.5487638433492931,0.2546844477422421,-0.5953106600381759,3.947462329663905,2.003595255744996
20260931,random,surv,fixed_126d,top10_ew,0.0,cost_v1,0.11735799355271492,0.5642769386861373,0.2547137288931573,-0.5940937531099997,3.947462329663905,2.003595255744996
20260931,random,surv,fixed_126d,top10_ew,5.0,cost_v1,0.11624206097886502,0.5603558679315471,0.2547049678603463,-0.5942963100566296,3.947462329663905,2.003595255744996
20260931,random,surv,fixed_126d,top10_ew,10.0,cost_v1,0.1151266868193801,0.5564302569698566,0.25469816155277536,-0.5944988670032596,3.947462329663905,2.003595255744996
20260931,random,surv,fixed_126d,top10_ew,20.0,cost_v1,0.11289761373950302,0.5485657734694449,0.25469041369519985,-0.5949039808965195,3.947462329663905,2.003595255744996
20260931,logistic,pit,argmax_conf,top1,0.0,primary,-0.5154794507584866,-0.3000214952843585,0.9327012136894127,-0.9999991321586412,29.620719051149,29.729021497405483
20260931,logistic,pit,argmax_conf,top1,5.0,primary,-0.5190550389593858,-0.30798882233561814,0.9326262056775049,-0.9999992280034764,29.620719051149,29.729021497405483
20260931,logistic,pit,argmax_conf,top1,10.0,primary,-0.5226059856938149,-0.31595617236880125,0.9325549127216981,-0.9999993133028571,29.620719051149,29.729021497405483
20260931,logistic,pit,argmax_conf,top1,20.0,primary,-0.5296345849985291,-0.33189055927211053,0.932423475342613,-0.9999994567626579,29.620719051149,29.729021497405483
20260931,logistic,pit,argmax_conf,top1,0.0,stress,-0.5600821887951031,-0.3819918829757698,0.9455914058261672,-0.9999997916313039,29.620719051149,29.729021497405483
20260931,logistic,pit,argmax_conf,top1,5.0,stress,-0.5633286247565333,-0.3898521683858483,0.9455179081171377,-0.9999998146436473,29.620719051149,29.729021497405483
20260931,logistic,pit,argmax_conf,top1,10.0,stress,-0.566552687631804,-0.39771213498803487,0.9454480734622435,-0.9999998351240272,29.620719051149,29.729021497405483
20260931,logistic,pit,argmax_conf,top1,20.0,stress,-0.5729342663425655,-0.41343074460935986,0.9453193965195392,-0.999999869568723,29.620719051149,29.729021497405483
20260931,logistic,pit,argmax_conf,top1,0.0,cost_v1,-0.5154794507584866,-0.3000214952843585,0.9327012136894127,-0.9999991321586412,29.620719051149,29.729021497405483
20260931,logistic,pit,argmax_conf,top1,5.0,cost_v1,-0.5227682821649393,-0.315958940563538,0.9327875145651494,-0.9999993225770456,29.620719051149,29.729021497405483
20260931,logistic,pit,argmax_conf,top1,10.0,cost_v1,-0.529951182492214,-0.33189093528655544,0.9328808474200884,-0.9999994712831206,29.620719051149,29.729021497405483
20260931,logistic,pit,argmax_conf,top1,20.0,cost_v1,-0.5440051124283347,-0.3637371423972563,0.9330886004680436,-0.9999996780558297,29.620719051149,29.729021497405483
20260931,logistic,pit,argmax_conf,top10_ew,0.0,primary,-0.01764117288822109,0.18339991859835617,0.44750949378075,-0.8035856269493611,26.559751395518585,29.729021497405483
20260931,logistic,pit,argmax_conf,top10_ew,5.0,primary,-0.024143311438173165,0.16853584492261123,0.4474942318963368,-0.8103161278478068,26.559751395518585,29.729021497405483
20260931,logistic,pit,argmax_conf,top10_ew,10.0,primary,-0.03060429063154191,0.1536693998804704,0.44748292284211444,-0.8168172278597552,26.559751395518585,29.729021497405483
20260931,logistic,pit,argmax_conf,top10_ew,20.0,primary,-0.04340376513325217,0.12393097070723118,0.4474721643182966,-0.8291620706743512,26.559751395518585,29.729021497405483
20260931,logistic,pit,argmax_conf,top10_ew,0.0,stress,-0.04274351252238395,0.12655529265006912,0.448967589609066,-0.8179042027846142,26.57830337984111,29.729021497405483
20260931,logistic,pit,argmax_conf,top10_ew,5.0,stress,-0.049083913015110836,0.11173218129960955,0.44895675164598975,-0.8282453976324928,26.57830337984111,29.729021497405483
20260931,logistic,pit,argmax_conf,top10_ew,10.0,stress,-0.055384150558088985,0.09690750290048743,0.4489498578091653,-0.838001429402095,26.57830337984111,29.729021497405483
20260931,logistic,pit,argmax_conf,top10_ew,20.0,stress,-0.06786510756095265,0.0672550075215271,0.4489479031370915,-0.855888120178762,26.57830337984111,29.729021497405483
20260931,logistic,pit,argmax_conf,top10_ew,0.0,cost_v1,-0.01764117288822109,0.18339991859835617,0.44750949378075,-0.8035856269493611,26.559751395518585,29.729021497405483
20260931,logistic,pit,argmax_conf,top10_ew,5.0,cost_v1,-0.032163115918046215,0.15011170356409417,0.44754047184888174,-0.8236185715292597,26.559751395518585,29.729021497405483
20260931,logistic,pit,argmax_conf,top10_ew,10.0,cost_v1,-0.046477511886950595,0.1168242671128568,0.44758612099260203,-0.8416168757628821,26.559751395518585,29.729021497405483
20260931,logistic,pit,argmax_conf,top10_ew,20.0,cost_v1,-0.07449508174192587,0.05026482030816283,0.4477214131144238,-0.8792113653887472,26.559751395518585,29.729021497405483
20260931,logistic,pit,fixed_1d,top1,0.0,primary,-0.6297903458816403,-0.21326522260343012,1.1959166529578578,-0.9999999926634454,243.6263528539659,251.47828020756114
20260931,logistic,pit,fixed_1d,top1,5.0,primary,-0.6516709042094817,-0.2643072083235958,1.1956488199217998,-0.9999999975767895,243.6263528539659,251.47828020756114
20260931,logistic,pit,fixed_1d,top1,10.0,primary,-0.672268208737811,-0.3153686029207202,1.1953941158322672,-0.9999999992000733,243.6263528539659,251.47828020756114
20260931,logistic,pit,fixed_1d,top1,20.0,primary,-0.7099074487199397,-0.41754292322784414,1.1949241276420366,-0.9999999999129743,243.6263528539659,251.47828020756114
20260931,logistic,pit,fixed_1d,top1,0.0,stress,-0.7006506641996932,-0.35639555874031065,1.2179687542072901,-0.9999999998549324,243.6263528539659,251.47828020756114
20260931,logistic,pit,fixed_1d,top1,5.0,stress,-0.7183431541969565,-0.4065343118871214,1.2176819182851908,-0.9999999999520852,243.6263528539659,251.47828020756114
20260931,logistic,pit,fixed_1d,top1,10.0,stress,-0.7349980127649094,-0.45669185863305684,1.217407966227192,-0.9999999999841829,243.6263528539659,251.47828020756114
20260931,logistic,pit,fixed_1d,top1,20.0,stress,-0.7654328795041657,-0.5570569942623221,1.216898748099743,-0.9999999999982793,243.6263528539659,251.47828020756114
20260931,logistic,pit,fixed_1d,top1,0.0,cost_v1,-0.6297903458816403,-0.21326522260343012,1.1959166529578578,-0.9999999926634454,243.6263528539659,251.47828020756114
20260931,logistic,pit,fixed_1d,top1,5.0,cost_v1,-0.6738456846590148,-0.31860104565130193,1.195916681589763,-0.9999999992705025,243.6263528539659,251.47828020756114
20260931,logistic,pit,fixed_1d,top1,10.0,cost_v1,-0.7126769129044568,-0.42393685963514277,1.1959167215627338,-0.9999999999275488,243.6263528539659,251.47828020756114
20260931,logistic,pit,fixed_1d,top1,20.0,cost_v1,-0.7770634813150259,-0.6346084484237462,1.1959168355318681,-0.9999999999992879,243.6263528539659,251.47828020756114
20260931,logistic,pit,fixed_1d,top10_ew,0.0,primary,0.04161407597416522,0.3155006373183667,0.45063909237835525,-0.7704308680764378,197.45653363849817,251.47828020756114
20260931,logistic,pit,fixed_1d,top10_ew,5.0,primary,-0.008561426794786109,0.2057265116722302,0.45054110035368655,-0.8695193828414134,197.45653363849817,251.47828020756114
20260931,logistic,pit,fixed_1d,top10_ew,10.0,primary,-0.05633061409566076,0.09590385099530797,0.4504467400129292,-0.9258477722136261,197.45653363849817,251.47828020756114
20260931,logistic,pit,fixed_1d,top10_ew,20.0,primary,-0.145104141142828,-0.12387656325520183,0.4502689234281345,-0.9760603624700284,197.45653363849817,251.47828020756114
20260931,logistic,pit,fixed_1d,top10_ew,0.0,stress,-0.0563944066282589,0.09816479175839762,0.4535590764101208,-0.9358464556825308,197.52085458549172,251.47828020756114
20260931,logistic,pit,fixed_1d,top10_ew,5.0,stress,-0.10186319650606734,-0.010941809439594689,0.4534612529303821,-0.9635447486196178,197.52085458549172,251.47828020756114
20260931,logistic,pit,fixed_1d,top10_ew,10.0,stress,-0.14515070157534582,-0.12009453970411343,0.45336703613407076,-0.9792868957009399,197.52085458549172,251.47828020756114
20260931,logistic,pit,fixed_1d,top10_ew,20.0,stress,-0.2255936198430868,-0.33852806942132174,0.45318943150345037,-0.9941561489958703,197.52085458549172,251.47828020756114
20260931,logistic,pit,fixed_1d,top10_ew,0.0,cost_v1,0.04161407597416522,0.3155006373183667,0.45063909237835525,-0.7704308680764378,197.45653363849817,251.47828020756114
20260931,logistic,pit,fixed_1d,top10_ew,5.0,cost_v1,-0.0815147151501775,0.035957926736046766,0.4506390734583202,-0.9475067746036793,197.45653363849817,251.47828020756114
20260931,logistic,pit,fixed_1d,top10_ew,10.0,cost_v1,-0.19013953429974229,-0.2435847910509251,0.45063908463547725,-0.9885256554739158,197.45653363849817,251.47828020756114
20260931,logistic,pit,fixed_1d,top10_ew,20.0,cost_v1,-0.3704880461830573,-0.8026700241983927,0.45063919728135204,-0.9998573488113254,197.45653363849817,251.47828020756114
20260931,logistic,pit,fixed_21d,top1,0.0,primary,-0.1387846074955752,0.12083169743665255,0.6828377169105949,-0.9722828741495179,22.41860637509266,12.021571534469977
20260931,logistic,pit,fixed_21d,top1,5.0,primary,-0.14359911031047534,0.11260522567290461,0.6828171969509904,-0.973759951219164,22.41860637509266,12.021571534469977
20260931,logistic,pit,fixed_21d,top1,10.0,primary,-0.14838906989228173,0.1043776609711313,0.6828005920121898,-0.9751589923342576,22.41860637509266,12.021571534469977
20260931,logistic,pit,fixed_21d,top1,20.0,primary,-0.15789581098227112,0.08791981845096025,0.6827791282721976,-0.9777391018662509,22.41860637509266,12.021571534469977
20260931,logistic,pit,fixed_21d,top1,0.0,stress,-0.17141794875875838,0.07240555418033147,0.6899651474610558,-0.9805980122350764,22.41860637509266,12.021571534469977
20260931,logistic,pit,fixed_21d,top1,5.0,stress,-0.17605001949599408,0.06426270348551495,0.6899437871448494,-0.9816319661662206,22.41860637509266,12.021571534469977
20260931,logistic,pit,fixed_21d,top1,10.0,stress,-0.18065847699710114,0.056119033419078396,0.6899263013630176,-0.9826112949301082,22.41860637509266,12.021571534469977
20260931,logistic,pit,fixed_21d,top1,20.0,stress,-0.18980498680349944,0.03982978370928384,0.6899029545156133,-0.9844173715717462,22.41860637509266,12.021571534469977
20260931,logistic,pit,fixed_21d,top1,0.0,cost_v1,-0.1387846074955752,0.12083169743665255,0.6828377169105949,-0.9722828741495179,22.41860637509266,12.021571534469977
20260931,logistic,pit,fixed_21d,top1,5.0,cost_v1,-0.14395185268557664,0.11201346030845612,0.6828329479479489,-0.9739290574914339,22.41860637509266,12.021571534469977
20260931,logistic,pit,fixed_21d,top1,10.0,cost_v1,-0.14909066469809507,0.10319446531531884,0.6828323786664507,-0.9754782255558003,22.41860637509266,12.021571534469977
20260931,logistic,pit,fixed_21d,top1,20.0,cost_v1,-0.1592835577704823,0.08555485263056592,0.6828438391114252,-0.978307878304873,22.41860637509266,12.021571534469977
20260931,logistic,pit,fixed_21d,top10_ew,0.0,primary,0.010218767809395235,0.220222484224997,0.38674118240091965,-0.8475154567896895,21.012225711814025,12.021571534469977
20260931,logistic,pit,fixed_21d,top10_ew,5.0,primary,0.004924763285214517,0.20660690354018163,0.3867256687087504,-0.856357982772596,21.012225711814025,12.021571534469977
20260931,logistic,pit,fixed_21d,top10_ew,10.0,primary,-0.0003438517928275875,0.19298732024929285,0.3867159864492264,-0.8646912535752687,21.012225711814025,12.021571534469977
20260931,logistic,pit,fixed_21d,top10_ew,20.0,primary,-0.010805355213836298,0.1657386088794553,0.3867141177163466,-0.8799448793996778,21.012225711814025,12.021571534469977
20260931,logistic,pit,fixed_21d,top10_ew,0.0,stress,-0.03691723650462242,0.09861529861360321,0.3895596408877528,-0.9146722343930136,21.04928663849497,12.021571534469977
20260931,logistic,pit,fixed_21d,top10_ew,5.0,stress,-0.04197310725289782,0.08507132819355527,0.389543202727825,-0.9196293237274985,21.04928663849497,12.021571534469977
20260931,logistic,pit,fixed_21d,top10_ew,10.0,stress,-0.04700468774131816,0.07152514820538472,0.3895325724554429,-0.9243004090150047,21.04928663849497,12.021571534469977
20260931,logistic,pit,fixed_21d,top10_ew,20.0,stress,-0.05699540117323665,0.04442858249986488,0.38952873721550163,-0.9328491837743798,21.04928663849497,12.021571534469977
20260931,logistic,pit,fixed_21d,top10_ew,0.0,cost_v1,0.010218767809395235,0.220222484224997,0.38674118240091965,-0.8475154567896895,21.012225711814025,12.021571534469977
20260931,logistic,pit,fixed_21d,top10_ew,5.0,cost_v1,0.00416269085077281,0.20465117386747195,0.38674170955840875,-0.8579316345539815,21.012225711814025,12.021571534469977
20260931,logistic,pit,fixed_21d,top10_ew,10.0,cost_v1,-0.001860086415276907,0.18907628084139066,0.3867496516402363,-0.8676409914505039,21.012225711814025,12.021571534469977
20260931,logistic,pit,fixed_21d,top10_ew,20.0,cost_v1,-0.013806407361834139,0.15791933194476943,0.386787778323416,-0.8851266280710444,21.012225711814025,12.021571534469977
20260931,logistic,pit,fixed_126d,top1,0.0,primary,-0.1530953005778215,0.11919898320873339,0.7129717140755937,-0.9850948957060294,3.7364343958487765,2.003595255744996
20260931,logistic,pit,fixed_126d,top1,5.0,primary,-0.15388622266175755,0.11788176489128538,0.7129656071577586,-0.9853205287465784,3.7364343958487765,2.003595255744996
20260931,logistic,pit,fixed_126d,top1,10.0,primary,-0.15467678698645648,0.1165644203619824,0.7129601341868225,-0.98554285379233,3.7364343958487765,2.003595255744996
20260931,logistic,pit,fixed_126d,top1,20.0,primary,-0.15625684234224524,0.11392936670418655,0.7129510901423528,-0.9859777669367497,3.7364343958487765,2.003595255744996
20260931,logistic,pit,fixed_126d,top1,0.0,stress,-0.23105746030343122,0.004942595494209791,0.7299149861678028,-0.9948875494883616,3.7364343958487765,2.003595255744996
20260931,logistic,pit,fixed_126d,top1,5.0,stress,-0.23177557373028856,0.0036549990057331457,0.7299086051047852,-0.994964941617316,3.7364343958487765,2.003595255744996
20260931,logistic,pit,fixed_126d,top1,10.0,stress,-0.23249336233158246,0.002367377995598365,0.7299028432686102,-0.9950411991041128,3.7364343958487765,2.003595255744996
20260931,logistic,pit,fixed_126d,top1,20.0,stress,-0.23392796504304525,-0.000207924483122353,0.7298931773338718,-0.9951903743050274,3.7364343958487765,2.003595255744996
20260931,logistic,pit,fixed_126d,top1,0.0,cost_v1,-0.1530953005778215,0.11919898320873339,0.7129717140755937,-0.9850948957060294,3.7364343958487765,2.003595255744996
20260931,logistic,pit,fixed_126d,top1,5.0,cost_v1,-0.1539408750903537,0.11779206406063512,0.7129669065130518,-0.9853309241031322,3.7364343958487765,2.003595255744996
20260931,logistic,pit,fixed_126d,top1,10.0,cost_v1,-0.15478602688885512,0.11638501193445484,0.7129627973276249,-0.9855633300178455,3.7364343958487765,2.003595255744996
20260931,logistic,pit,fixed_126d,top1,20.0,cost_v1,-0.15647506234683772,0.11357052527140989,0.7129566741343651,-0.9860174889389515,3.7364343958487765,2.003595255744996
20260931,logistic,pit,fixed_126d,top10_ew,0.0,primary,-0.05790394533107179,-0.02134253248276848,0.3240312548856398,-0.9090777166836043,3.812897785294047,2.003595255744996
20260931,logistic,pit,fixed_126d,top10_ew,5.0,primary,-0.05880175801928189,-0.02430037725280159,0.3240205855521521,-0.9097624922615211,3.812897785294047,2.003595255744996
20260931,logistic,pit,fixed_126d,top10_ew,10.0,primary,-0.059699138109341465,-0.027258299992345136,0.32401130491752395,-0.9104424317043758,3.812897785294047,2.003595255744996
20260931,logistic,pit,fixed_126d,top10_ew,20.0,primary,-0.0614926005287344,-0.03317422722055816,0.32399691020432786,-0.9117879295293724,3.812897785294047,2.003595255744996
20260931,logistic,pit,fixed_126d,top10_ew,0.0,stress,-0.07813761665385943,-0.08552725867581495,0.32631958796713695,-0.9193746970201646,3.8314527899539823,2.003595255744996
20260931,logistic,pit,fixed_126d,top10_ew,5.0,stress,-0.07902042080227434,-0.08848064684567905,0.3263088177004655,-0.9199838450166347,3.8314527899539823,2.003595255744996
20260931,logistic,pit,fixed_126d,top10_ew,10.0,stress,-0.0799027971529307,-0.09143384020207104,0.3262994384375161,-0.9205886772770129,3.8314527899539823,2.003595255744996
20260931,logistic,pit,fixed_126d,top10_ew,20.0,stress,-0.08166626649531494,-0.09733949119524153,0.3262848533848167,-0.9217855085947239,3.8314527899539823,2.003595255744996
20260931,logistic,pit,fixed_126d,top10_ew,0.0,cost_v1,-0.05790394533107179,-0.02134253248276848,0.3240312548856398,-0.9090777166836043,3.812897785294047,2.003595255744996
20260931,logistic,pit,fixed_126d,top10_ew,5.0,cost_v1,-0.05884485969927977,-0.024440661457312492,0.32402181282863385,-0.9097993179425812,3.812897785294047,2.003595255744996
20260931,logistic,pit,fixed_126d,top10_ew,10.0,cost_v1,-0.059785303334498385,-0.027538840404071997,0.32401390728529916,-0.9105155478155411,3.812897785294047,2.003595255744996
20260931,logistic,pit,fixed_126d,top10_ew,20.0,cost_v1,-0.061664778409325605,-0.03373517187345341,0.3240027061676677,-0.9119320424978477,3.812897785294047,2.003595255744996
20260931,logistic,surv,argmax_conf,top1,0.0,primary,0.09731976096393247,0.336962387267301,5.350326104591699,-0.9854191916496208,3.898888065233506,2.057746478873239
20260931,logistic,surv,argmax_conf,top1,5.0,primary,0.09625043682519041,0.3367801479405624,5.350327456148158,-0.9854991859098616,3.898888065233506,2.057746478873239
20260931,logistic,surv,argmax_conf,top1,10.0,primary,0.09518162787035322,0.33659790310737886,5.350328896694784,-0.9855787809980441,3.898888065233506,2.057746478873239
20260931,logistic,surv,argmax_conf,top1,20.0,primary,0.09304555552144689,0.33623339695808874,5.350332044758247,-0.9857367808253875,3.898888065233506,2.057746478873239
20260931,logistic,surv,argmax_conf,top1,0.0,stress,0.09731976096393247,0.336962387267301,5.350326104591699,-0.9854191916496208,3.898888065233506,2.057746478873239
20260931,logistic,surv,argmax_conf,top1,5.0,stress,0.09625043682519041,0.3367801479405624,5.350327456148158,-0.9854991859098616,3.898888065233506,2.057746478873239
20260931,logistic,surv,argmax_conf,top1,10.0,stress,0.09518162787035322,0.33659790310737886,5.350328896694784,-0.9855787809980441,3.898888065233506,2.057746478873239
20260931,logistic,surv,argmax_conf,top1,20.0,stress,0.09304555552144689,0.33623339695808874,5.350332044758247,-0.9857367808253875,3.898888065233506,2.057746478873239
20260931,logistic,surv,argmax_conf,top1,0.0,cost_v1,0.09731976096393247,0.336962387267301,5.350326104591699,-0.9854191916496208,3.898888065233506,2.057746478873239
20260931,logistic,surv,argmax_conf,top1,5.0,cost_v1,0.09618733705194349,0.3367696242729349,5.350327764746128,-0.9855020633887593,3.898888065233506,2.057746478873239
20260931,logistic,surv,argmax_conf,top1,10.0,cost_v1,0.09505551299326043,0.3365768553866598,5.3503295204617505,-0.9855845067661774,3.898888065233506,2.057746478873239
20260931,logistic,surv,argmax_conf,top1,20.0,cost_v1,0.09279366436653236,0.33619129997974734,5.350333318576189,-0.9857481164018462,3.898888065233506,2.057746478873239
20260931,logistic,surv,argmax_conf,top10_ew,0.0,primary,0.6198491002814839,0.8210174552049609,0.918831550374184,-0.8169639408595514,3.4534824146395526,2.057746478873239
20260931,logistic,surv,argmax_conf,top10_ew,5.0,primary,0.6184508798053381,0.8200739992735132,0.91883098932602,-0.8172868472208712,3.4534824146395526,2.057746478873239
20260931,logistic,surv,argmax_conf,top10_ew,10.0,primary,0.6170532785509524,0.81913019004881,0.918830823279711,-0.817609327277523,3.4534824146395526,2.057746478873239
20260931,logistic,surv,argmax_conf,top10_ew,20.0,primary,0.614259933605166,0.8172415165883498,0.9188316761930054,-0.8182530099737533,3.4534824146395526,2.057746478873239
20260931,logistic,surv,argmax_conf,top10_ew,0.0,stress,0.6198491002814839,0.8210174552049609,0.918831550374184,-0.8169639408595514,3.4534824146395526,2.057746478873239
20260931,logistic,surv,argmax_conf,top10_ew,5.0,stress,0.6184508798053381,0.8200739992735132,0.91883098932602,-0.8172868472208712,3.4534824146395526,2.057746478873239
20260931,logistic,surv,argmax_conf,top10_ew,10.0,stress,0.6170532785509524,0.81913019004881,0.918830823279711,-0.817609327277523,3.4534824146395526,2.057746478873239
20260931,logistic,surv,argmax_conf,top10_ew,20.0,stress,0.614259933605166,0.8172415165883498,0.9188316761930054,-0.8182530099737533,3.4534824146395526,2.057746478873239
20260931,logistic,surv,argmax_conf,top10_ew,0.0,cost_v1,0.6198491002814839,0.8210174552049609,0.918831550374184,-0.8169639408595514,3.4534824146395526,2.057746478873239
20260931,logistic,surv,argmax_conf,top10_ew,5.0,cost_v1,0.6181868412128424,0.8198957589994288,0.9188313845877487,-0.8173280058239748,3.4534824146395526,2.057746478873239
20260931,logistic,surv,argmax_conf,top10_ew,10.0,cost_v1,0.6165254585807576,0.8187735665319411,0.9188317752543691,-0.8176915275381116,3.4534824146395526,2.057746478873239
20260931,logistic,surv,argmax_conf,top10_ew,20.0,cost_v1,0.6132053225254754,0.8165277009741589,0.9188342259429261,-0.8184169433774969,3.4534824146395526,2.057746478873239
20260931,logistic,surv,fixed_1d,top1,0.0,primary,0.5470229069643779,0.8782746435032267,1.292221065253854,-0.9447387020495278,208.91541882876203,251.47828020756114
20260931,logistic,surv,fixed_1d,top1,5.0,primary,0.4682782797607088,0.837800782881668,1.2919476192792623,-0.945041873610832,208.91541882876203,251.47828020756114
20260931,logistic,surv,fixed_1d,top1,10.0,primary,0.393505423482557,0.7973023711321753,1.2916861853463832,-0.9453435186999131,208.91541882876203,251.47828020756114
20260931,logistic,surv,fixed_1d,top1,20.0,primary,0.25509087791864604,0.7162363410509326,1.2911993824559906,-0.9628737625592061,208.91541882876203,251.47828020756114
20260931,logistic,surv,fixed_1d,top1,0.0,stress,0.5470229069643779,0.8782746435032267,1.292221065253854,-0.9447387020495278,208.91541882876203,251.47828020756114
20260931,logistic,surv,fixed_1d,top1,5.0,stress,0.4682782797607088,0.837800782881668,1.2919476192792623,-0.945041873610832,208.91541882876203,251.47828020756114
20260931,logistic,surv,fixed_1d,top1,10.0,stress,0.393505423482557,0.7973023711321753,1.2916861853463832,-0.9453435186999131,208.91541882876203,251.47828020756114
20260931,logistic,surv,fixed_1d,top1,20.0,stress,0.25509087791864604,0.7162363410509326,1.2911993824559906,-0.9628737625592061,208.91541882876203,251.47828020756114
20260931,logistic,surv,fixed_1d,top1,0.0,cost_v1,0.5470229069643779,0.8782746435032267,1.292221065253854,-0.9447387020495278,208.91541882876203,251.47828020756114
20260931,logistic,surv,fixed_1d,top1,5.0,cost_v1,0.36401276905398205,0.7807891530470196,1.2922209759416339,-0.9470921540058329,208.91541882876203,251.47828020756114
20260931,logistic,surv,fixed_1d,top1,10.0,cost_v1,0.2025760665732914,0.6833036435653136,1.2922208971252689,-0.9664235623154078,208.91541882876203,251.47828020756114
20260931,logistic,surv,fixed_1d,top1,20.0,cost_v1,-0.06541679719669813,0.48833257702711286,1.2922207709801106,-0.9987947340634179,208.91541882876203,251.47828020756114
20260931,logistic,surv,fixed_1d,top10_ew,0.0,primary,0.5790663442597643,1.2417565761987743,0.4488052917209982,-0.48799222975470824,185.39475245504403,251.47828020756114
20260931,logistic,surv,fixed_1d,top10_ew,5.0,primary,0.5075407137991976,1.138230024701913,0.4487394877155536,-0.49657364402142534,185.39475245504403,251.47828020756114
20260931,logistic,surv,fixed_1d,top10_ew,10.0,primary,0.439239352028461,1.0346613511813076,0.4486787811461305,-0.5201075902608925,185.39475245504403,251.47828020756114
20260931,logistic,surv,fixed_1d,top10_ew,20.0,primary,0.31173731505437674,0.8274116806407658,0.4485726684197716,-0.6175813200842284,185.39475245504403,251.47828020756114
20260931,logistic,surv,fixed_1d,top10_ew,0.0,stress,0.5790663442597643,1.2417565761987743,0.4488052917209982,-0.48799222975470824,185.39475245504403,251.47828020756114
20260931,logistic,surv,fixed_1d,top10_ew,5.0,stress,0.5075407137991976,1.138230024701913,0.4487394877155536,-0.49657364402142534,185.39475245504403,251.47828020756114
20260931,logistic,surv,fixed_1d,top10_ew,10.0,stress,0.439239352028461,1.0346613511813076,0.4486787811461305,-0.5201075902608925,185.39475245504403,251.47828020756114
20260931,logistic,surv,fixed_1d,top10_ew,20.0,stress,0.31173731505437674,0.8274116806407658,0.4485726684197716,-0.6175813200842284,185.39475245504403,251.47828020756114
20260931,logistic,surv,fixed_1d,top10_ew,0.0,cost_v1,0.5790663442597643,1.2417565761987743,0.4488052917209982,-0.48799222975470824,185.39475245504403,251.47828020756114
20260931,logistic,surv,fixed_1d,top10_ew,5.0,cost_v1,0.3926975381386526,0.9610719175872667,0.44880517313634427,-0.5528601263574453,185.39475245504403,251.47828020756114
20260931,logistic,surv,fixed_1d,top10_ew,10.0,cost_v1,0.2282477128929179,0.6803870648353747,0.44880508477184117,-0.6761126699388373,185.39475245504403,251.47828020756114
20260931,logistic,surv,fixed_1d,top10_ew,20.0,cost_v1,-0.04487031297995725,0.11901700370801,0.44880499870335255,-0.9178886849718609,185.39475245504403,251.47828020756114
20260931,logistic,surv,fixed_21d,top1,0.0,primary,-0.3396018200601456,0.15319433699061738,1.1222530847621999,-0.9999665033408474,18.194810971089694,12.021571534469977
20260931,logistic,surv,fixed_21d,top1,5.0,primary,-0.3425996989738703,0.14914458736886374,1.1222526761891432,-0.999969125662869,18.194810971089694,12.021571534469977
20260931,logistic,surv,fixed_21d,top1,10.0,primary,-0.3455854544336784,0.1450945829528918,1.1222542155465007,-0.9999715438543604,18.194810971089694,12.021571534469977
20260931,logistic,surv,fixed_21d,top1,20.0,primary,-0.3515207669263316,0.13699389410619975,1.1222631380102535,-0.9999758298289474,18.194810971089694,12.021571534469977
20260931,logistic,surv,fixed_21d,top1,0.0,stress,-0.3396018200601456,0.15319433699061738,1.1222530847621999,-0.9999665033408474,18.194810971089694,12.021571534469977
20260931,logistic,surv,fixed_21d,top1,5.0,stress,-0.3425996989738703,0.14914458736886374,1.1222526761891432,-0.999969125662869,18.194810971089694,12.021571534469977
20260931,logistic,surv,fixed_21d,top1,10.0,stress,-0.3455854544336784,0.1450945829528918,1.1222542155465007,-0.9999715438543604,18.194810971089694,12.021571534469977
20260931,logistic,surv,fixed_21d,top1,20.0,stress,-0.3515207669263316,0.13699389410619975,1.1222631380102535,-0.9999758298289474,18.194810971089694,12.021571534469977
20260931,logistic,surv,fixed_21d,top1,0.0,cost_v1,-0.3396018200601456,0.15319433699061738,1.1222530847621999,-0.9999665033408474,18.194810971089694,12.021571534469977
20260931,logistic,surv,fixed_21d,top1,5.0,cost_v1,-0.3435986470050426,0.14782450197318583,1.1222825441354203,-0.9999699360349177,18.194810971089694,12.021571534469977
20260931,logistic,surv,fixed_21d,top1,10.0,cost_v1,-0.3475732981280161,0.1424546246319331,1.122314557897319,-0.9999730184346147,18.194810971089694,12.021571534469977
20260931,logistic,surv,fixed_21d,top1,20.0,cost_v1,-0.3554565198914643,0.13171488975044193,1.1223862476954056,-0.9999782711284693,18.194810971089694,12.021571534469977
20260931,logistic,surv,fixed_21d,top10_ew,0.0,primary,0.287640353410737,0.7429499503654529,0.5180662219167138,-0.8198493996955213,17.03806210058079,12.021571534469977
20260931,logistic,surv,fixed_21d,top10_ew,5.0,primary,0.2821662696094209,0.7347107151908585,0.5180607067166196,-0.8206615897792275,17.03806210058079,12.021571534469977
20260931,logistic,surv,fixed_21d,top10_ew,10.0,primary,0.27671341658053694,0.7264671516024448,0.5180581530753299,-0.8214703749858026,17.03806210058079,12.021571534469977
20260931,logistic,surv,fixed_21d,top10_ew,20.0,primary,0.26587110511429146,0.7099676044091358,0.518061930593552,-0.8230777835334604,17.03806210058079,12.021571534469977
20260931,logistic,surv,fixed_21d,top10_ew,0.0,stress,0.287640353410737,0.7429499503654529,0.5180662219167138,-0.8198493996955213,17.03806210058079,12.021571534469977
20260931,logistic,surv,fixed_21d,top10_ew,5.0,stress,0.2821662696094209,0.7347107151908585,0.5180607067166196,-0.8206615897792275,17.03806210058079,12.021571534469977
20260931,logistic,surv,fixed_21d,top10_ew,10.0,stress,0.27671341658053694,0.7264671516024448,0.5180581530753299,-0.8214703749858026,17.03806210058079,12.021571534469977
20260931,logistic,surv,fixed_21d,top10_ew,20.0,stress,0.26587110511429146,0.7099676044091358,0.518061930593552,-0.8230777835334604,17.03806210058079,12.021571534469977
20260931,logistic,surv,fixed_21d,top10_ew,0.0,cost_v1,0.287640353410737,0.7429499503654529,0.5180662219167138,-0.8198493996955213,17.03806210058079,12.021571534469977
20260931,logistic,surv,fixed_21d,top10_ew,5.0,cost_v1,0.2799213516500887,0.7313156037810878,0.5180736098127217,-0.8211172518882923,17.03806210058079,12.021571534469977
20260931,logistic,surv,fixed_21d,top10_ew,10.0,cost_v1,0.27224479027355475,0.7196739001435817,0.5180865327936008,-0.8223768164734704,17.03806210058079,12.021571534469977
20260931,logistic,surv,fixed_21d,top10_ew,20.0,cost_v1,0.25701814060617734,0.6963699192440029,0.5181289821759338,-0.8248712826230377,17.03806210058079,12.021571534469977
20260931,logistic,surv,fixed_126d,top1,0.0,primary,0.14958625847175533,0.3450438112600099,5.349957731269832,-0.9854191916496208,3.79058561897702,2.003595255744996
20260931,logistic,surv,fixed_126d,top1,5.0,primary,0.14849710491348822,0.3448661722439478,5.349958652369332,-0.9854991859098616,3.79058561897702,2.003595255744996
20260931,logistic,surv,fixed_126d,top1,10.0,primary,0.14740844681831433,0.3446885276869527,5.349959660419838,-0.9855787809980441,3.79058561897702,2.003595255744996
20260931,logistic,surv,fixed_126d,top1,20.0,primary,0.1452326170776428,0.34433322198483524,5.34996193737367,-0.9857367808253875,3.79058561897702,2.003595255744996
20260931,logistic,surv,fixed_126d,top1,0.0,stress,0.14958625847175533,0.3450438112600099,5.349957731269832,-0.9854191916496208,3.79058561897702,2.003595255744996
20260931,logistic,surv,fixed_126d,top1,5.0,stress,0.14849710491348822,0.3448661722439478,5.349958652369332,-0.9854991859098616,3.79058561897702,2.003595255744996
20260931,logistic,surv,fixed_126d,top1,10.0,stress,0.14740844681831433,0.3446885276869527,5.349959660419838,-0.9855787809980441,3.79058561897702,2.003595255744996
20260931,logistic,surv,fixed_126d,top1,20.0,stress,0.1452326170776428,0.34433322198483524,5.34996193737367,-0.9857367808253875,3.79058561897702,2.003595255744996
20260931,logistic,surv,fixed_126d,top1,0.0,cost_v1,0.14958625847175533,0.3450438112600099,5.349957731269832,-0.9854191916496208,3.79058561897702,2.003595255744996
20260931,logistic,surv,fixed_126d,top1,5.0,cost_v1,0.14843426810710691,0.3448561339135944,5.349958908633666,-0.9855020633887593,3.79058561897702,2.003595255744996
20260931,logistic,surv,fixed_126d,top1,10.0,cost_v1,0.14728285520539552,0.3446684506535837,5.349960179070789,-0.9855845067661774,3.79058561897702,2.003595255744996
20260931,logistic,surv,fixed_126d,top1,20.0,cost_v1,0.14498176178662137,0.34429306643199403,5.349962999164628,-0.9857481164018462,3.79058561897702,2.003595255744996
20260931,logistic,surv,fixed_126d,top10_ew,0.0,primary,0.6590234897321807,0.8599568842157188,0.893046057194077,-0.7606187558653144,3.374947129305952,2.003595255744996
20260931,logistic,surv,fixed_126d,top10_ew,5.0,primary,0.6576240059908764,0.8590088349278222,0.8930442605931265,-0.7609330648881274,3.374947129305952,2.003595255744996
20260931,logistic,surv,fixed_126d,top10_ew,10.0,primary,0.6562251130411685,0.8580603984801906,0.8930428629658984,-0.7612470998740646,3.374947129305952,2.003595255744996
20260931,logistic,surv,fixed_126d,top10_ew,20.0,primary,0.6534290994693872,0.8561623691774822,0.8930412646395673,-0.7618743482109689,3.374947129305952,2.003595255744996
20260931,logistic,surv,fixed_126d,top10_ew,0.0,stress,0.6590234897321807,0.8599568842157188,0.893046057194077,-0.7606187558653144,3.374947129305952,2.003595255744996
20260931,logistic,surv,fixed_126d,top10_ew,5.0,stress,0.6576240059908764,0.8590088349278222,0.8930442605931265,-0.7609330648881274,3.374947129305952,2.003595255744996
20260931,logistic,surv,fixed_126d,top10_ew,10.0,stress,0.6562251130411685,0.8580603984801906,0.8930428629658984,-0.7612470998740646,3.374947129305952,2.003595255744996
20260931,logistic,surv,fixed_126d,top10_ew,20.0,stress,0.6534290994693872,0.8561623691774822,0.8930412646395673,-0.7618743482109689,3.374947129305952,2.003595255744996
20260931,logistic,surv,fixed_126d,top10_ew,0.0,cost_v1,0.6590234897321807,0.8599568842157188,0.893046057194077,-0.7606187558653144,3.374947129305952,2.003595255744996
20260931,logistic,surv,fixed_126d,top10_ew,5.0,cost_v1,0.6573663165915571,0.8588339706967203,0.8930450717200299,-0.7609799788579974,3.374947129305952,2.003595255744996
20260931,logistic,surv,fixed_126d,top10_ew,10.0,cost_v1,0.6557099718659578,0.8577105191855242,0.8930446438205208,-0.7613408384396226,3.374947129305952,2.003595255744996
20260931,logistic,surv,fixed_126d,top10_ew,20.0,cost_v1,0.6523997676542186,0.8554620106005381,0.8930454607472772,-0.7620614681009803,3.374947129305952,2.003595255744996
20260931,gbt,pit,argmax_conf,top1,0.0,primary,-0.16078478673945507,0.2762400593216017,1.0124666350717524,-0.9992895786520596,5.902483320978503,3.032468495181616
20260931,gbt,pit,argmax_conf,top1,5.0,primary,-0.16202254194211585,0.2747648276207446,1.0124429939830604,-0.9992964732958878,5.902483320978503,3.032468495181616
20260931,gbt,pit,argmax_conf,top1,10.0,primary,-0.16325908105031794,0.2732893288857705,1.012420086908906,-0.9993033043833423,5.902483320978503,3.032468495181616
20260931,gbt,pit,argmax_conf,top1,20.0,primary,-0.16572851338158523,0.2703375430269014,1.0123764750019169,-0.9993167781042728,5.902483320978503,3.032468495181616
20260931,gbt,pit,argmax_conf,top1,0.0,stress,-0.17683818300626442,0.25954294407486606,1.014892847508351,-0.9995027050649106,5.902483320978503,3.032468495181616
20260931,gbt,pit,argmax_conf,top1,5.0,stress,-0.17805226111819117,0.2580708601139328,1.0148691674505108,-0.9995075313155082,5.902483320978503,3.032468495181616
20260931,gbt,pit,argmax_conf,top1,10.0,stress,-0.1792651463984003,0.2565985223070897,1.014846219650625,-0.9995123130766448,5.902483320978503,3.032468495181616
20260931,gbt,pit,argmax_conf,top1,20.0,stress,-0.1816873408160291,0.25365309778747913,1.0148025210218339,-0.9995217446811355,5.902483320978503,3.032468495181616
20260931,gbt,pit,argmax_conf,top1,0.0,cost_v1,-0.16078478673945507,0.2762400593216017,1.0124666350717524,-0.9992895786520596,5.902483320978503,3.032468495181616
20260931,gbt,pit,argmax_conf,top1,5.0,cost_v1,-0.16204221145326758,0.27474480707312215,1.0124478549814557,-0.9992965972166299,5.902483320978503,3.032468495181616
20260931,gbt,pit,argmax_conf,top1,10.0,cost_v1,-0.1632983741885904,0.27324929936862924,1.012429815859759,-0.9993035498817702,5.902483320978503,3.032468495181616
20260931,gbt,pit,argmax_conf,top1,20.0,cost_v1,-0.1658069162954533,0.2702575306309187,1.0123959606789714,-0.999317259854524,5.902483320978503,3.032468495181616
20260931,gbt,pit,argmax_conf,top10_ew,0.0,primary,0.09136700021412092,0.41536025993909254,0.41162387355672747,-0.7962312015673277,5.692383740914142,3.032468495181616
20260931,gbt,pit,argmax_conf,top10_ew,5.0,primary,0.08981462086321423,0.4118950078440688,0.411614017009305,-0.7965367019638491,5.692383740914142,3.032468495181616
20260931,gbt,pit,argmax_conf,top10_ew,10.0,primary,0.08826372220976686,0.408427985336982,0.41160577738861404,-0.7968418968599994,5.692383740914142,3.032468495181616
20260931,gbt,pit,argmax_conf,top10_ew,20.0,primary,0.0851663640888296,0.4014887917830154,0.4115941492967977,-0.7974513707624931,5.692383740914142,3.032468495181616
20260931,gbt,pit,argmax_conf,top10_ew,0.0,stress,0.0811109413110569,0.3924082251910119,0.41227249521102405,-0.7962312015673279,5.700448886090765,3.032468495181616
20260931,gbt,pit,argmax_conf,top10_ew,5.0,stress,0.07957097265285884,0.38894307504514575,0.4122624904654495,-0.7965367019638492,5.700448886090765,3.032468495181616
20260931,gbt,pit,argmax_conf,top10_ew,10.0,stress,0.07803247502684507,0.38547624308549483,0.41225410448635685,-0.7968418968599995,5.700448886090765,3.032468495181616
20260931,gbt,pit,argmax_conf,top10_ew,20.0,stress,0.0749598899795556,0.37853769636861395,0.41224218920370237,-0.7974513707624932,5.700448886090765,3.032468495181616
20260931,gbt,pit,argmax_conf,top10_ew,0.0,cost_v1,0.09136700021412092,0.41536025993909254,0.41162387355672747,-0.7962312015673277,5.692383740914142,3.032468495181616
20260931,gbt,pit,argmax_conf,top10_ew,5.0,cost_v1,0.08971800781622741,0.4116792773988155,0.4116144670760614,-0.7965366217302677,5.692383740914142,3.032468495181616
20260931,gbt,pit,argmax_conf,top10_ew,10.0,cost_v1,0.08807068577622079,0.40799631939283965,0.41160688380178506,-0.7968417366008459,5.692383740914142,3.032468495181616
20260931,gbt,pit,argmax_conf,top10_ew,20.0,cost_v1,0.08478104933092401,0.4006246719986661,0.4115971872512624,-0.797451051075454,5.692383740914142,3.032468495181616
20260931,gbt,pit,fixed_1d,top1,0.0,primary,-0.2345235229034215,0.0790187167658438,0.8304631008582629,-0.999613855228968,443.3360637509266,251.47828020756114
20260931,gbt,pit,fixed_1d,top1,5.0,primary,-0.31485066749151125,-0.05477987915768812,0.8300640205637088,-0.9999403200321482,443.3360637509266,251.47828020756114
20260931,gbt,pit,fixed_1d,top1,10.0,primary,-0.3867824234530164,-0.1887054211326854,0.8296727306015882,-0.9999907848581274,443.3360637509266,251.47828020756114
20260931,gbt,pit,fixed_1d,top1,20.0,primary,-0.5088647480590242,-0.45692292699443743,0.8289135655842675,-0.9999997809050515,443.3360637509266,251.47828020756114
20260931,gbt,pit,fixed_1d,top1,0.0,stress,-0.3566627911991821,-0.09440372098824414,0.8565124609183831,-0.999968199321474,443.3360637509266,251.47828020756114
20260931,gbt,pit,fixed_1d,top1,5.0,stress,-0.42417295321781445,-0.2242060849387731,0.8560633988188376,-0.9999950850986095,443.3360637509266,251.47828020756114
20260931,gbt,pit,fixed_1d,top1,10.0,stress,-0.48462729308197394,-0.3541415905390146,0.8556218499285579,-0.9999992410935321,443.3360637509266,251.47828020756114
20260931,gbt,pit,fixed_1d,top1,20.0,stress,-0.587230187234703,-0.6143991063278216,0.8547613381513688,-0.999999981956591,443.3360637509266,251.47828020756114
20260931,gbt,pit,fixed_1d,top1,0.0,cost_v1,-0.2345235229034215,0.0790187167658438,0.8304631008582629,-0.999613855228968,443.3360637509266,251.47828020756114
20260931,gbt,pit,fixed_1d,top1,5.0,cost_v1,-0.3251927378315336,-0.07267119450507173,0.8304631005165574,-0.9999540047533337,443.3360637509266,251.47828020756114
20260931,gbt,pit,fixed_1d,top1,10.0,cost_v1,-0.40516007776532403,-0.22436110148855085,0.8304631165066682,-0.9999945271861518,443.3360637509266,251.47828020756114
20260931,gbt,pit,fixed_1d,top1,20.0,cost_v1,-0.5378764464492107,-0.5277408667957597,0.8304631974823339,-0.9999999227659099,443.3360637509266,251.47828020756114
20260931,gbt,pit,fixed_1d,top10_ew,0.0,primary,0.12380502962442486,0.49184177827729364,0.3972143117724137,-0.6782280734823023,410.1558774278131,251.47828020756114
20260931,gbt,pit,fixed_1d,top10_ew,5.0,primary,0.014260600367977272,0.23310071769936755,0.39702395184303557,-0.7068883408898736,410.1558774278131,251.47828020756114
20260931,gbt,pit,fixed_1d,top10_ew,10.0,primary,-0.0846450939658514,-0.02588840452344888,0.39683624431700754,-0.8847435941900422,410.1558774278131,251.47828020756114
20260931,gbt,pit,fixed_1d,top10_ew,20.0,primary,-0.25455863335371254,-0.5445914207932392,0.3964688014910815,-0.9955967781850558,410.1558774278131,251.47828020756114
20260931,gbt,pit,fixed_1d,top10_ew,0.0,stress,0.05897474827093596,0.3423103659619419,0.399563010424684,-0.689263670657877,410.20574295116654,251.47828020756114
20260931,gbt,pit,fixed_1d,top10_ew,5.0,stress,-0.04426217999205029,0.08504515996548134,0.3993679315703222,-0.7957540268538735,410.20574295116654,251.47828020756114
20260931,gbt,pit,fixed_1d,top10_ew,10.0,stress,-0.13747178613702127,-0.17247036311864467,0.3991754863124918,-0.9448309128636889,410.20574295116654,251.47828020756114
20260931,gbt,pit,fixed_1d,top10_ew,20.0,stress,-0.29759687837882265,-0.688233366869279,0.39879851178475323,-0.9985316574356903,410.20574295116654,251.47828020756114
20260931,gbt,pit,fixed_1d,top10_ew,0.0,cost_v1,0.12380502962442486,0.49184177827729364,0.3972143117724137,-0.6782280734823023,410.1558774278131,251.47828020756114
20260931,gbt,pit,fixed_1d,top10_ew,5.0,cost_v1,-0.008990333371002968,0.17470097026507936,0.39721427589048197,-0.7442995216587207,410.1558774278131,251.47828020756114
20260931,gbt,pit,fixed_1d,top10_ew,10.0,cost_v1,-0.12614883370895924,-0.14243988279992043,0.39721427415377397,-0.933599544412513,410.1558774278131,251.47828020756114
20260931,gbt,pit,fixed_1d,top10_ew,20.0,cost_v1,-0.3206798451597592,-0.7767213969446581,0.39721437311602187,-0.9992075848365497,410.1558774278131,251.47828020756114
20260931,gbt,pit,fixed_21d,top1,0.0,primary,-0.26398142690949333,0.015575236594165615,0.7856155417361558,-0.9988071774614105,21.985396590066713,12.021571534469977
20260931,gbt,pit,fixed_21d,top1,5.0,primary,-0.2680167435092251,0.008560823369762067,0.7855977491100421,-0.9989163895262492,21.985396590066713,12.021571534469977
20260931,gbt,pit,fixed_21d,top1,10.0,primary,-0.27203192374967133,0.0015460858372723205,0.785583294116967,-0.9990156494385369,21.985396590066713,12.021571534469977
20260931,gbt,pit,fixed_21d,top1,20.0,primary,-0.2800022370276841,-0.012484004561483754,0.7855643977243709,-0.999187841798969,21.985396590066713,12.021571534469977
20260931,gbt,pit,fixed_21d,top1,0.0,stress,-0.29187078592554294,-0.02565648698177541,0.791806907191927,-0.9994155169759985,21.985396590066713,12.021571534469977
20260931,gbt,pit,fixed_21d,top1,5.0,stress,-0.295753195523321,-0.03261700910993559,0.7917883544804581,-0.9994690308859467,21.985396590066713,12.021571534469977
20260931,gbt,pit,fixed_21d,top1,10.0,stress,-0.2996162317726585,-0.03957769190521484,0.7917731132745209,-0.9995176682413113,21.985396590066713,12.021571534469977
20260931,gbt,pit,fixed_21d,top1,20.0,stress,-0.307284532388752,-0.05349919012461084,0.7917525661026473,-0.9996020424950491,21.985396590066713,12.021571534469977
20260931,gbt,pit,fixed_21d,top1,0.0,cost_v1,-0.26398142690949333,0.015575236594165615,0.7856155417361558,-0.9988071774614105,21.985396590066713,12.021571534469977
20260931,gbt,pit,fixed_21d,top1,5.0,cost_v1,-0.2684101246346159,0.007909815241807148,0.785630087280336,-0.9989266794224292,21.985396590066713,12.021571534469977
20260931,gbt,pit,fixed_21d,top1,10.0,cost_v1,-0.27281438377486655,0.0002446765903176947,0.785648282660382,-0.9990342605671235,21.985396590066713,12.021571534469977
20260931,gbt,pit,fixed_21d,top1,20.0,cost_v1,-0.281550076382045,-0.015084325429372627,0.785695621862919,-0.9992182793947825,21.985396590066713,12.021571534469977
20260931,gbt,pit,fixed_21d,top10_ew,0.0,primary,0.07079566574728124,0.37085613428606407,0.3899825933691231,-0.6729732092778189,21.621928757627952,12.021571534469977
20260931,gbt,pit,fixed_21d,top10_ew,5.0,primary,0.06502180409763914,0.3569679208615624,0.39000256023735075,-0.6742755839396494,21.621928757627952,12.021571534469977
20260931,gbt,pit,fixed_21d,top10_ew,10.0,primary,0.059276467318939874,0.3430758368503338,0.3900285439218302,-0.6755733532721334,21.621928757627952,12.021571534469977
20260931,gbt,pit,fixed_21d,top10_ew,20.0,primary,0.047870856672682205,0.3152826358622366,0.3900985566519199,-0.6781551328447625,21.621928757627952,12.021571534469977
20260931,gbt,pit,fixed_21d,top10_ew,0.0,stress,0.043538475847326064,0.3048639880148307,0.39106743398773414,-0.6763946320272661,21.643276127845635,12.021571534469977
20260931,gbt,pit,fixed_21d,top10_ew,5.0,stress,0.03790604673297415,0.29100504621917395,0.3910858387318924,-0.6781605966348789,21.643276127845635,12.021571534469977
20260931,gbt,pit,fixed_21d,top10_ew,10.0,stress,0.032301471382871316,0.2771431486935168,0.39111025531184407,-0.6799177320790235,21.643276127845635,12.021571534469977
20260931,gbt,pit,fixed_21d,top10_ew,20.0,stress,0.021175381813283822,0.2494130484381591,0.3911771191989706,-0.6911286802943291,21.643276127845635,12.021571534469977
20260931,gbt,pit,fixed_21d,top10_ew,0.0,cost_v1,0.07079566574728124,0.37085613428606407,0.3899825933691231,-0.6729732092778189,21.621928757627952,12.021571534469977
20260931,gbt,pit,fixed_21d,top10_ew,5.0,cost_v1,0.0643620755460581,0.3553786379530149,0.3900219740789549,-0.6744385111137456,21.621928757627952,12.021571534469977
20260931,gbt,pit,fixed_21d,top10_ew,10.0,cost_v1,0.05796394019732487,0.339897863954313,0.39006870264399246,-0.675897975885188,21.621928757627952,12.021571534469977
20260931,gbt,pit,fixed_21d,top10_ew,20.0,cost_v1,0.04527332390221073,0.3089299950927381,0.39018419236479235,-0.6789511845168612,21.621928757627952,12.021571534469977
20260931,gbt,pit,fixed_126d,top1,0.0,primary,-0.2625407973926994,0.10630141299839424,0.956045839376644,-0.9990464637110699,3.79058561897702,2.003595255744996
20260931,gbt,pit,fixed_126d,top1,5.0,primary,-0.2632394840486624,0.10530593211980457,0.9560388906097479,-0.9990566617741448,3.79058561897702,2.003595255744996
20260931,gbt,pit,fixed_126d,top1,10.0,primary,-0.2639378428950463,0.10431038469408913,0.9560324191342415,-0.9990667556149914,3.79058561897702,2.003595255744996
20260931,gbt,pit,fixed_126d,top1,20.0,primary,-0.265333577173992,0.10231909615630182,0.9560209080954531,-0.9990871009584981,3.79058561897702,2.003595255744996
20260931,gbt,pit,fixed_126d,top1,0.0,stress,-0.3173698351507801,0.03780350585186944,0.9662268012393701,-0.9997633699372683,3.79058561897702,2.003595255744996
20260931,gbt,pit,fixed_126d,top1,5.0,stress,-0.31801657545241546,0.036818028555049835,0.9662196709735735,-0.9997666604640216,3.79058561897702,2.003595255744996
20260931,gbt,pit,fixed_126d,top1,10.0,stress,-0.3186630123166454,0.035832519199356566,0.9662130129674938,-0.9997699067880776,3.79058561897702,2.003595255744996
20260931,gbt,pit,fixed_126d,top1,20.0,stress,-0.3199549757466953,0.03386141008781525,0.9662011137728456,-0.9997762691125879,3.79058561897702,2.003595255744996
20260931,gbt,pit,fixed_126d,top1,0.0,cost_v1,-0.2625407973926994,0.10630141299839424,0.956045839376644,-0.9990464637110699,3.79058561897702,2.003595255744996
20260931,gbt,pit,fixed_126d,top1,5.0,cost_v1,-0.2632802686161261,0.10525180430501148,0.9560440738485435,-0.9990574875589319,3.79058561897702,2.003595255744996
20260931,gbt,pit,fixed_126d,top1,10.0,cost_v1,-0.2640193693498488,0.10420213496793752,0.9560428291514912,-0.999068389446426,3.79058561897702,2.003595255744996
20260931,gbt,pit,fixed_126d,top1,20.0,cost_v1,-0.2654964593502732,0.10210262122323595,0.9560419022578167,-0.9990898377647087,3.79058561897702,2.003595255744996
20260931,gbt,pit,fixed_126d,top10_ew,0.0,primary,0.00649931079413113,0.20897168443809186,0.3863547416841641,-0.7866180869287436,3.8822974182483088,2.003595255744996
20260931,gbt,pit,fixed_126d,top10_ew,5.0,primary,0.00552266869319884,0.20645578032719755,0.3863567593102007,-0.7868847076424623,3.8822974182483088,2.003595255744996
20260931,gbt,pit,fixed_126d,top10_ew,10.0,primary,0.004546507221379725,0.2039392730604342,0.3863599693837114,-0.7871511150542864,3.8822974182483088,2.003595255744996
20260931,gbt,pit,fixed_126d,top10_ew,20.0,primary,0.0025956261236428357,0.1989045423973671,0.386369966743228,-0.7876832902923228,3.8822974182483088,2.003595255744996
20260931,gbt,pit,fixed_126d,top10_ew,0.0,stress,-0.010274444193137056,0.1662793718740055,0.3878704485933152,-0.7866180869287436,3.897239030004149,2.003595255744996
20260931,gbt,pit,fixed_126d,top10_ew,5.0,stress,-0.011238505289111522,0.16376387054060826,0.38787217629200027,-0.7868847076424623,3.897239030004149,2.003595255744996
20260931,gbt,pit,fixed_126d,top10_ew,10.0,stress,-0.012202090051337877,0.16124789401942202,0.38787510093654676,-0.7871511150542864,3.897239030004149,2.003595255744996
20260931,gbt,pit,fixed_126d,top10_ew,20.0,stress,-0.01412783061562184,0.15621460868007367,0.3878845409438441,-0.7876832902923228,3.897239030004149,2.003595255744996
20260931,gbt,pit,fixed_126d,top10_ew,0.0,cost_v1,0.00649931079413113,0.20897168443809186,0.3863547416841641,-0.7866180869287436,3.8822974182483088,2.003595255744996
20260931,gbt,pit,fixed_126d,top10_ew,5.0,cost_v1,0.0054905122423953845,0.20637286922142564,0.38635670285484114,-0.7868272714594242,3.8822974182483088,2.003595255744996
20260931,gbt,pit,fixed_126d,top10_ew,10.0,cost_v1,0.004482220121407421,0.20377340065424038,0.3863599528152875,-0.787036353481809,3.8822974182483088,2.003595255744996
20260931,gbt,pit,fixed_126d,top10_ew,20.0,cost_v1,0.0024671551680146564,0.19857260767131568,0.3863703189625037,-0.7874542100016902,3.8822974182483088,2.003595255744996
20260931,gbt,surv,argmax_conf,top1,0.0,primary,0.012684097499636726,0.34741126888525126,3.924254404481845,-0.9916287443234241,4.548702742772424,2.274351371386212
20260931,gbt,surv,argmax_conf,top1,5.0,primary,0.01153286806076581,0.34711610862744385,3.9242358458494446,-0.9917162044057003,4.548702742772424,2.274351371386212
20260931,gbt,surv,argmax_conf,top1,10.0,primary,0.010382379134225017,0.3468209324012258,3.924217436308309,-0.991802793812778,4.548702742772424,2.274351371386212
20260931,gbt,surv,argmax_conf,top1,20.0,primary,0.008083622362853538,0.3462305321764985,3.9241810645082156,-0.991973393481023,4.548702742772424,2.274351371386212
20260931,gbt,surv,argmax_conf,top1,0.0,stress,0.012684097499636726,0.34741126888525126,3.924254404481845,-0.9916287443234241,4.548702742772424,2.274351371386212
20260931,gbt,surv,argmax_conf,top1,5.0,stress,0.01153286806076581,0.34711610862744385,3.9242358458494446,-0.9917162044057003,4.548702742772424,2.274351371386212
20260931,gbt,surv,argmax_conf,top1,10.0,stress,0.010382379134225017,0.3468209324012258,3.924217436308309,-0.991802793812778,4.548702742772424,2.274351371386212
20260931,gbt,surv,argmax_conf,top1,20.0,stress,0.008083622362853538,0.3462305321764985,3.9241810645082156,-0.991973393481023,4.548702742772424,2.274351371386212
20260931,gbt,surv,argmax_conf,top1,0.0,cost_v1,0.012684097499636726,0.34741126888525126,3.924254404481845,-0.9916287443234241,4.548702742772424,2.274351371386212
20260931,gbt,surv,argmax_conf,top1,5.0,cost_v1,0.011544708574359186,0.3471219500798643,3.9242430858016952,-0.9917151775359949,4.548702742772424,2.274351371386212
20260931,gbt,surv,argmax_conf,top1,10.0,cost_v1,0.010406029530853678,0.3468326168920151,3.92423191096817,-0.9918007606175602,4.548702742772424,2.274351371386212
20260931,gbt,surv,argmax_conf,top1,20.0,cost_v1,0.008130800726499299,0.3462539074952794,3.9242099928458924,-0.9919694080990413,4.548702742772424,2.274351371386212
20260931,gbt,surv,argmax_conf,top10_ew,0.0,primary,0.525357785266896,0.5994787566270805,1.2844148078840774,-0.678150717357243,4.23902745602571,2.274351371386212
20260931,gbt,surv,argmax_conf,top10_ew,5.0,primary,0.5237417597298644,0.5986566400802554,1.284422450941405,-0.6784420535715305,4.23902745602571,2.274351371386212
20260931,gbt,surv,argmax_conf,top10_ew,10.0,primary,0.5221266997927816,0.5978343602336813,1.2844304658644115,-0.6787332585066265,4.23902745602571,2.274351371386212
20260931,gbt,surv,argmax_conf,top10_ew,20.0,primary,0.5188994761663528,0.5961893135236092,1.2844476112792946,-0.6793152745392451,4.23902745602571,2.274351371386212
20260931,gbt,surv,argmax_conf,top10_ew,0.0,stress,0.525357785266896,0.5994787566270805,1.2844148078840774,-0.678150717357243,4.23902745602571,2.274351371386212
20260931,gbt,surv,argmax_conf,top10_ew,5.0,stress,0.5237417597298644,0.5986566400802554,1.284422450941405,-0.6784420535715305,4.23902745602571,2.274351371386212
20260931,gbt,surv,argmax_conf,top10_ew,10.0,stress,0.5221266997927816,0.5978343602336813,1.2844304658644115,-0.6787332585066265,4.23902745602571,2.274351371386212
20260931,gbt,surv,argmax_conf,top10_ew,20.0,stress,0.5188994761663528,0.5961893135236092,1.2844476112792946,-0.6793152745392451,4.23902745602571,2.274351371386212
20260931,gbt,surv,argmax_conf,top10_ew,0.0,cost_v1,0.525357785266896,0.5994787566270805,1.2844148078840774,-0.678150717357243,4.23902745602571,2.274351371386212
20260931,gbt,surv,argmax_conf,top10_ew,5.0,cost_v1,0.5236006877315829,0.5985870998920881,1.284424777285873,-0.6784910726252718,4.23902745602571,2.274351371386212
20260931,gbt,surv,argmax_conf,top10_ew,10.0,cost_v1,0.5218447188312427,0.5976952524803951,1.2844351861931642,-0.6788312482067201,4.23902745602571,2.274351371386212
20260931,gbt,surv,argmax_conf,top10_ew,20.0,cost_v1,0.5183361663057895,0.5959109893278628,1.2844573224810434,-0.6795110603098778,4.23902745602571,2.274351371386212
20260931,gbt,surv,fixed_1d,top1,0.0,primary,1.4608044323974663,1.1617648676497212,1.1790442482601189,-0.7745710215088173,434.9426241660489,251.47828020756114
20260931,gbt,surv,fixed_1d,top1,5.0,primary,1.2072016163138448,1.0693532779972914,1.1784423537449835,-0.7829786675546027,434.9426241660489,251.47828020756114
20260931,gbt,surv,fixed_1d,top1,10.0,primary,0.9796266693694031,0.9768420458296438,1.177846723218987,-0.7910767138388617,434.9426241660489,251.47828020756114
20260931,gbt,surv,fixed_1d,top1,20.0,primary,0.5921901699309533,0.7915259361051875,1.176674292084223,-0.9212226630276289,434.9426241660489,251.47828020756114
20260931,gbt,surv,fixed_1d,top1,0.0,stress,1.4608044323974663,1.1617648676497212,1.1790442482601189,-0.7745710215088173,434.9426241660489,251.47828020756114
20260931,gbt,surv,fixed_1d,top1,5.0,stress,1.2072016163138448,1.0693532779972914,1.1784423537449835,-0.7829786675546027,434.9426241660489,251.47828020756114
20260931,gbt,surv,fixed_1d,top1,10.0,stress,0.9796266693694031,0.9768420458296438,1.177846723218987,-0.7910767138388617,434.9426241660489,251.47828020756114
20260931,gbt,surv,fixed_1d,top1,20.0,stress,0.5921901699309533,0.7915259361051875,1.176674292084223,-0.9212226630276289,434.9426241660489,251.47828020756114
20260931,gbt,surv,fixed_1d,top1,0.0,cost_v1,1.4608044323974663,1.1617648676497212,1.1790442482601189,-0.7745710215088173,434.9426241660489,251.47828020756114
20260931,gbt,surv,fixed_1d,top1,5.0,cost_v1,1.1705368730680545,1.054921762855737,1.1790441289294429,-0.7851381079976251,434.9426241660489,251.47828020756114
20260931,gbt,surv,fixed_1d,top1,10.0,cost_v1,0.9143878833915882,0.9480786271847029,1.1790440211021178,-0.8004238712824239,434.9426241660489,251.47828020756114
20260931,gbt,surv,fixed_1d,top1,20.0,cost_v1,0.4889272154256161,0.7343922757204364,1.1790438399575311,-0.9502959964970065,434.9426241660489,251.47828020756114
20260931,gbt,surv,fixed_1d,top10_ew,0.0,primary,0.5392981548096545,1.289709360632087,0.39525457494536265,-0.6757500642637753,385.07577372047194,251.47828020756114
20260931,gbt,surv,fixed_1d,top10_ew,5.0,primary,0.39799433054971023,1.0456025746849864,0.39510485694613373,-0.6843007237329125,385.07577372047194,251.47828020756114
20260931,gbt,surv,fixed_1d,top10_ew,10.0,primary,0.2696134868623712,0.8013044043298944,0.39495825124261746,-0.6926297083885653,385.07577372047194,251.47828020756114
20260931,gbt,surv,fixed_1d,top10_ew,20.0,primary,0.04701782242971819,0.31215617307113924,0.3946743905222104,-0.7852657971246492,385.07577372047194,251.47828020756114
20260931,gbt,surv,fixed_1d,top10_ew,0.0,stress,0.5392981548096545,1.289709360632087,0.39525457494536265,-0.6757500642637753,385.07577372047194,251.47828020756114
20260931,gbt,surv,fixed_1d,top10_ew,5.0,stress,0.39799433054971023,1.0456025746849864,0.39510485694613373,-0.6843007237329125,385.07577372047194,251.47828020756114
20260931,gbt,surv,fixed_1d,top10_ew,10.0,stress,0.2696134868623712,0.8013044043298944,0.39495825124261746,-0.6926297083885653,385.07577372047194,251.47828020756114
20260931,gbt,surv,fixed_1d,top10_ew,20.0,stress,0.04701782242971819,0.31215617307113924,0.3946743905222104,-0.7852657971246492,385.07577372047194,251.47828020756114
20260931,gbt,surv,fixed_1d,top10_ew,0.0,cost_v1,0.5392981548096545,1.289709360632087,0.39525457494536265,-0.6757500642637753,385.07577372047194,251.47828020756114
20260931,gbt,surv,fixed_1d,top10_ew,5.0,cost_v1,0.3576201979133147,0.970996399738634,0.39525445324500674,-0.6852157759988957,385.07577372047194,251.47828020756114
20260931,gbt,surv,fixed_1d,top10_ew,10.0,cost_v1,0.19730986704044362,0.6522831859504592,0.39525436585915297,-0.6944098016893204,385.07577372047194,251.47828020756114
20260931,gbt,surv,fixed_1d,top10_ew,20.0,cost_v1,-0.0689324686785292,0.01485633172329686,0.39525429403103324,-0.9434253827673315,385.07577372047194,251.47828020756114
20260931,gbt,surv,fixed_21d,top1,0.0,primary,0.2378263777358851,0.6097396478188563,1.3002953117868568,-0.9928955226598124,22.310303928836174,12.021571534469977
20260931,gbt,surv,fixed_21d,top1,5.0,primary,0.23093981248317674,0.6054493439977469,1.3002434018564852,-0.9930536275775037,22.310303928836174,12.021571534469977
20260931,gbt,surv,fixed_21d,top1,10.0,primary,0.2240881513355426,0.6011577410507767,1.300193560756904,-0.9932082904701783,22.310303928836174,12.021571534469977
20260931,gbt,surv,fixed_21d,top1,20.0,primary,0.21048890353209093,0.592570718714728,1.3001000859919754,-0.9935075817280203,22.310303928836174,12.021571534469977
20260931,gbt,surv,fixed_21d,top1,0.0,stress,0.2378263777358851,0.6097396478188563,1.3002953117868568,-0.9928955226598124,22.310303928836174,12.021571534469977
20260931,gbt,surv,fixed_21d,top1,5.0,stress,0.23093981248317674,0.6054493439977469,1.3002434018564852,-0.9930536275775037,22.310303928836174,12.021571534469977
20260931,gbt,surv,fixed_21d,top1,10.0,stress,0.2240881513355426,0.6011577410507767,1.300193560756904,-0.9932082904701783,22.310303928836174,12.021571534469977
20260931,gbt,surv,fixed_21d,top1,20.0,stress,0.21048890353209093,0.592570718714728,1.3001000859919754,-0.9935075817280203,22.310303928836174,12.021571534469977
20260931,gbt,surv,fixed_21d,top1,0.0,cost_v1,0.2378263777358851,0.6097396478188563,1.3002953117868568,-0.9928955226598124,22.310303928836174,12.021571534469977
20260931,gbt,surv,fixed_21d,top1,5.0,cost_v1,0.230388295481897,0.6051141629664408,1.300282978862061,-0.9930660808111955,22.310303928836174,12.021571534469977
20260931,gbt,surv,fixed_21d,top1,10.0,cost_v1,0.2229911924504986,0.6004875719056962,1.3002728512763368,-0.9932326279537743,22.310303928836174,12.021571534469977
20260931,gbt,surv,fixed_21d,top1,20.0,cost_v1,0.20831910381815688,0.591231165143089,1.3002592123170085,-0.9935540565671465,22.310303928836174,12.021571534469977
20260931,gbt,surv,fixed_21d,top10_ew,0.0,primary,0.44605960597748173,0.9367048281545692,0.5331390859404983,-0.628199212390164,20.711606099150018,12.021571534469977
20260931,gbt,surv,fixed_21d,top10_ew,5.0,primary,0.43858977698746027,0.9269643555200181,0.5331435111625953,-0.6292285089775562,20.711606099150018,12.021571534469977
20260931,gbt,surv,fixed_21d,top10_ew,10.0,primary,0.43115529687581966,0.9172170617973291,0.5331519952457064,-0.6302554322259524,20.711606099150018,12.021571534469977
20260931,gbt,surv,fixed_21d,top10_ew,20.0,primary,0.41639177592985144,0.8977029045820901,0.5331811391272528,-0.6323021762018695,20.711606099150018,12.021571534469977
20260931,gbt,surv,fixed_21d,top10_ew,0.0,stress,0.44605960597748173,0.9367048281545692,0.5331390859404983,-0.628199212390164,20.711606099150018,12.021571534469977
20260931,gbt,surv,fixed_21d,top10_ew,5.0,stress,0.43858977698746027,0.9269643555200181,0.5331435111625953,-0.6292285089775562,20.711606099150018,12.021571534469977
20260931,gbt,surv,fixed_21d,top10_ew,10.0,stress,0.43115529687581966,0.9172170617973291,0.5331519952457064,-0.6302554322259524,20.711606099150018,12.021571534469977
20260931,gbt,surv,fixed_21d,top10_ew,20.0,stress,0.41639177592985144,0.8977029045820901,0.5331811391272528,-0.6323021762018695,20.711606099150018,12.021571534469977
20260931,gbt,surv,fixed_21d,top10_ew,0.0,cost_v1,0.44605960597748173,0.9367048281545692,0.5331390859404983,-0.628199212390164,20.711606099150018,12.021571534469977
20260931,gbt,surv,fixed_21d,top10_ew,5.0,cost_v1,0.4373778038903777,0.9253667205185448,0.5331637564252444,-0.6293301109328856,20.711606099150018,12.021571534469977
20260931,gbt,surv,fixed_21d,top10_ew,10.0,cost_v1,0.42874380497178444,0.9140204441911054,0.5331938041255437,-0.6304581422044313,20.711606099150018,12.021571534469977
20260931,gbt,surv,fixed_21d,top10_ew,20.0,cost_v1,0.4116182600839631,0.8913047707471103,0.533270027374317,-0.6327056261941828,20.711606099150018,12.021571534469977
20260931,gbt,surv,fixed_126d,top1,0.0,primary,-0.17892762600715062,0.31337694882526496,1.44064258242438,-0.9960242778445312,3.898888065233506,2.003595255744996
20260931,gbt,surv,fixed_126d,top1,5.0,primary,-0.17972775058377688,0.3127059498194653,1.4406509021648923,-0.996069748062822,3.898888065233506,2.003595255744996
20260931,gbt,surv,fixed_126d,top1,10.0,primary,-0.18052748967270205,0.31203488843301563,1.4406595456971905,-0.9961147206023339,3.898888065233506,2.003595255744996
20260931,gbt,surv,fixed_126d,top1,20.0,primary,-0.18212581138067563,0.3106925803376661,1.4406778041136132,-0.9962031934018679,3.898888065233506,2.003595255744996
20260931,gbt,surv,fixed_126d,top1,0.0,stress,-0.17892762600715062,0.31337694882526496,1.44064258242438,-0.9960242778445312,3.898888065233506,2.003595255744996
20260931,gbt,surv,fixed_126d,top1,5.0,stress,-0.17972775058377688,0.3127059498194653,1.4406509021648923,-0.996069748062822,3.898888065233506,2.003595255744996
20260931,gbt,surv,fixed_126d,top1,10.0,stress,-0.18052748967270205,0.31203488843301563,1.4406595456971905,-0.9961147206023339,3.898888065233506,2.003595255744996
20260931,gbt,surv,fixed_126d,top1,20.0,stress,-0.18212581138067563,0.3106925803376661,1.4406778041136132,-0.9962031934018679,3.898888065233506,2.003595255744996
20260931,gbt,surv,fixed_126d,top1,0.0,cost_v1,-0.17892762600715062,0.31337694882526496,1.44064258242438,-0.9960242778445312,3.898888065233506,2.003595255744996
20260931,gbt,surv,fixed_126d,top1,5.0,cost_v1,-0.17976268226403813,0.3126780201412576,1.4406529655493505,-0.9960706245723226,3.898888065233506,2.003595255744996
20260931,gbt,surv,fixed_126d,top1,10.0,cost_v1,-0.1805973139459357,0.31197902670059613,1.440663694231735,-0.9961164543109878,3.898888065233506,2.003595255744996
20260931,gbt,surv,fixed_126d,top1,20.0,cost_v1,-0.18226530358796178,0.3105808475737966,1.4406861882376167,-0.9962065847925358,3.898888065233506,2.003595255744996
20260931,gbt,surv,fixed_126d,top10_ew,0.0,primary,0.42259999748429466,0.8470792474068031,0.6056186741162527,-0.7638884153043772,3.8363050723270278,2.003595255744996
20260931,gbt,surv,fixed_126d,top10_ew,5.0,primary,0.42123594696809796,0.8454913010279205,0.6056160130560265,-0.7641072572520748,3.8363050723270278,2.003595255744996
20260931,gbt,surv,fixed_126d,top10_ew,10.0,primary,0.4198725592031394,0.8439022953601832,0.6056141021634863,-0.7643259983631988,3.8363050723270278,2.003595255744996
20260931,gbt,surv,fixed_126d,top10_ew,20.0,primary,0.4171477718699934,0.8407211297098197,0.6056125309070808,-0.7647631780757257,3.8363050723270278,2.003595255744996
20260931,gbt,surv,fixed_126d,top10_ew,0.0,stress,0.42259999748429466,0.8470792474068031,0.6056186741162527,-0.7638884153043772,3.8363050723270278,2.003595255744996
20260931,gbt,surv,fixed_126d,top10_ew,5.0,stress,0.42123594696809796,0.8454913010279205,0.6056160130560265,-0.7641072572520748,3.8363050723270278,2.003595255744996
20260931,gbt,surv,fixed_126d,top10_ew,10.0,stress,0.4198725592031394,0.8439022953601832,0.6056141021634863,-0.7643259983631988,3.8363050723270278,2.003595255744996
20260931,gbt,surv,fixed_126d,top10_ew,20.0,stress,0.4171477718699934,0.8407211297098197,0.6056125309070808,-0.7647631780757257,3.8363050723270278,2.003595255744996
20260931,gbt,surv,fixed_126d,top10_ew,0.0,cost_v1,0.42259999748429466,0.8470792474068031,0.6056186741162527,-0.7638884153043772,3.8363050723270278,2.003595255744996
20260931,gbt,surv,fixed_126d,top10_ew,5.0,cost_v1,0.42117895193320165,0.8454245574578142,0.6056168422362741,-0.7641315804852926,3.8363050723270278,2.003595255744996
20260931,gbt,surv,fixed_126d,top10_ew,10.0,cost_v1,0.419758617233537,0.8437687119756987,0.6056158325553294,-0.7643746205257418,3.8363050723270278,2.003595255744996
20260931,gbt,surv,fixed_126d,top10_ew,20.0,cost_v1,0.4169200803834088,0.8404535813563828,0.6056162798036419,-0.7648603251852416,3.8363050723270278,2.003595255744996
20260931,lstm,pit,argmax_conf,top1,0.0,primary,-0.38559133951831526,0.049540302242404584,1.050935950175119,-0.9999384857523899,5.577575982209043,3.032468495181616
20260931,lstm,pit,argmax_conf,top1,5.0,primary,-0.3864476789956567,0.048228613808535784,1.0509519893952255,-0.9999398998044189,5.577575982209043,3.032468495181616
20260931,lstm,pit,argmax_conf,top1,10.0,primary,-0.38730324215377465,0.0469169375449935,1.0509686528311541,-0.9999412820233391,5.577575982209043,3.032468495181616
20260931,lstm,pit,argmax_conf,top1,20.0,primary,-0.3890120408328438,0.04429363088000565,1.051003852230603,-0.9999439537526607,5.577575982209043,3.032468495181616
20260931,lstm,pit,argmax_conf,top1,0.0,stress,-0.4201803416082588,0.0030598565404245377,1.0578885822762487,-0.9999789006141476,5.577575982209043,3.032468495181616
20260931,lstm,pit,argmax_conf,top1,5.0,stress,-0.42098847224696145,0.0017574939246292277,1.0579042636982925,-0.9999793856339688,5.577575982209043,3.032468495181616
20260931,lstm,pit,argmax_conf,top1,10.0,stress,-0.4217958702704262,0.00045516965155894406,1.0579205652449752,-0.9999798597350342,5.577575982209043,3.032468495181616
20260931,lstm,pit,argmax_conf,top1,20.0,stress,-0.4234084697178061,-0.002149354713513567,1.0579550285965045,-0.9999807761381447,5.577575982209043,3.032468495181616
20260931,lstm,pit,argmax_conf,top1,0.0,cost_v1,-0.38559133951831526,0.049540302242404584,1.050935950175119,-0.9999384857523899,5.577575982209043,3.032468495181616
20260931,lstm,pit,argmax_conf,top1,5.0,cost_v1,-0.3865447333530131,0.04809349749454519,1.0509660244595427,-0.9999400739193983,5.577575982209043,3.032468495181616
20260931,lstm,pit,argmax_conf,top1,10.0,cost_v1,-0.38749713674455044,0.04664674389082649,1.050996811997236,-0.9999416218696403,5.577575982209043,3.032468495181616
20260931,lstm,pit,argmax_conf,top1,20.0,cost_v1,-0.3893989742870343,0.04375340188938605,1.0510605265802677,-0.9999446010894109,5.577575982209043,3.032468495181616
20260931,lstm,pit,argmax_conf,top10_ew,0.0,primary,-0.08550843245880202,-0.0030607342310908277,0.42019969070541535,-0.908967616577349,5.44681283897431,3.032468495181616
20260931,lstm,pit,argmax_conf,top10_ew,5.0,primary,-0.08675313053785894,-0.006287066710217115,0.4202174628336371,-0.91069920991199,5.44681283897431,3.032468495181616
20260931,lstm,pit,argmax_conf,top10_ew,10.0,primary,-0.08799669292494416,-0.009513094071327399,0.42023665865768556,-0.9123986292888382,5.44681283897431,3.032468495181616
20260931,lstm,pit,argmax_conf,top10_ew,20.0,primary,-0.09048041275625929,-0.01596410250514238,0.42027932059848444,-0.9157032702849917,5.44681283897431,3.032468495181616
20260931,lstm,pit,argmax_conf,top10_ew,0.0,stress,-0.14105014106607772,-0.14324556446955,0.42682288333173385,-0.9631233768929284,5.4907064023987475,3.032468495181616
20260931,lstm,pit,argmax_conf,top10_ew,5.0,stress,-0.14222865904598025,-0.14643953902450296,0.42684146411234836,-0.9639843020834495,5.4907064023987475,3.032468495181616
20260931,lstm,pit,argmax_conf,top10_ew,10.0,stress,-0.1434060925832682,-0.14963273721114695,0.4268614664236677,-0.9648255038976207,5.4907064023987475,3.032468495181616
20260931,lstm,pit,argmax_conf,top10_ew,20.0,stress,-0.14575770838476831,-0.15601667763448604,0.42690573482496436,-0.9664505005821785,5.4907064023987475,3.032468495181616
20260931,lstm,pit,argmax_conf,top10_ew,0.0,cost_v1,-0.08550843245880202,-0.0030607342310908277,0.42019969070541535,-0.908967616577349,5.44681283897431,3.032468495181616
20260931,lstm,pit,argmax_conf,top10_ew,5.0,cost_v1,-0.08690416412380897,-0.006675441286659742,0.4202227540715044,-0.9108760213752191,5.44681283897431,3.032468495181616
20260931,lstm,pit,argmax_conf,top10_ew,10.0,cost_v1,-0.08829846800305652,-0.01028970788978769,0.4202476021016588,-0.9127453522787354,5.44681283897431,3.032468495181616
20260931,lstm,pit,argmax_conf,top10_ew,20.0,cost_v1,-0.09108279537228303,-0.017516735955925965,0.42030265086533153,-0.9163699007134777,5.44681283897431,3.032468495181616
20260931,lstm,pit,fixed_1d,top1,0.0,primary,-0.41219928203589995,-0.043706645803478196,0.9872431193379317,-0.9999954693371873,315.59332839140103,251.47828020756114
20260931,lstm,pit,fixed_1d,top1,5.0,primary,-0.4568041263232139,-0.12386833025083095,0.9869149228451022,-0.9999988363874364,315.59332839140103,251.47828020756114
20260931,lstm,pit,fixed_1d,top1,10.0,primary,-0.4980439172575941,-0.2040802780941945,0.9866015654543652,-0.999999702239974,315.59332839140103,251.47828020756114
20260931,lstm,pit,fixed_1d,top1,20.0,primary,-0.5714190146577948,-0.36464064463495244,0.9860194238996839,-0.9999999808522684,315.59332839140103,251.47828020756114
20260931,lstm,pit,fixed_1d,top1,0.0,stress,-0.49635437676351657,-0.17218611345089702,1.0067804425612688,-0.9999997388163404,315.59332839140103,251.47828020756114
20260931,lstm,pit,fixed_1d,top1,5.0,stress,-0.5345731708443743,-0.2508183788492211,1.0064321699932566,-0.9999999329200604,315.59332839140103,251.47828020756114
20260931,lstm,pit,fixed_1d,top1,10.0,stress,-0.5699086843483855,-0.3295003213009117,1.0060984395614483,-0.9999999828347294,315.59332839140103,251.47828020756114
20260931,lstm,pit,fixed_1d,top1,20.0,stress,-0.6327787107548848,-0.4869997474841662,1.0054746623962219,-0.9999999988961715,315.59332839140103,251.47828020756114
20260931,lstm,pit,fixed_1d,top1,0.0,cost_v1,-0.41219928203589995,-0.043706645803478196,0.9872431193379317,-0.9999954693371873,315.59332839140103,251.47828020756114
20260931,lstm,pit,fixed_1d,top1,5.0,cost_v1,-0.48195029088008434,-0.17130730425096913,0.987243130912757,-0.9999994949912284,315.59332839140103,251.47828020756114
20260931,lstm,pit,fixed_1d,top1,10.0,cost_v1,-0.5434534964435082,-0.2989079555468521,0.9872431562258093,-0.9999999448323174,315.59332839140103,251.47828020756114
20260931,lstm,pit,fixed_1d,top1,20.0,cost_v1,-0.6454896850296438,-0.5541092153758986,0.9872432480665911,-0.999999999347963,315.59332839140103,251.47828020756114
20260931,lstm,pit,fixed_1d,top10_ew,0.0,primary,0.07426687859325942,0.37765319978205947,0.36880634372320603,-0.7378319293023106,243.2792509169593,251.47828020756114
20260931,lstm,pit,fixed_1d,top10_ew,5.0,primary,0.01086908500971795,0.21239322424116056,0.3687146886798832,-0.8693018968375892,243.2792509169593,251.47828020756114
20260931,lstm,pit,fixed_1d,top10_ew,10.0,primary,-0.04880290086772998,0.047050477294879656,0.36862765901181915,-0.9373520480874739,243.2792509169593,251.47828020756114
20260931,lstm,pit,fixed_1d,top10_ew,20.0,primary,-0.15782891811737287,-0.2838586426289012,0.36846748873708934,-0.985633759032181,243.2792509169593,251.47828020756114
20260931,lstm,pit,fixed_1d,top10_ew,0.0,stress,-0.0553558433159439,0.03299439581035331,0.3737450065719143,-0.9286683398715123,243.366901578497,251.47828020756114
20260931,lstm,pit,fixed_1d,top10_ew,5.0,stress,-0.11112344210022496,-0.13015474858585893,0.37364361344725133,-0.9656408826750861,243.366901578497,251.47828020756114
20260931,lstm,pit,fixed_1d,top10_ew,10.0,stress,-0.16361250252859483,-0.2933888832675193,0.3735467772203384,-0.9835344437671221,243.366901578497,251.47828020756114
20260931,lstm,pit,fixed_1d,top10_ew,20.0,stress,-0.25951156228608263,-0.620088451460774,0.37336678947541074,-0.997772108889541,243.366901578497,251.47828020756114
20260931,lstm,pit,fixed_1d,top10_ew,0.0,cost_v1,0.07426687859325942,0.37765319978205947,0.36880634372320603,-0.7378319293023106,243.2792509169593,251.47828020756114
20260931,lstm,pit,fixed_1d,top10_ew,5.0,cost_v1,-0.052690933445211696,0.03608403916864206,0.36880632145052894,-0.941321577233186,243.2792509169593,251.47828020756114
20260931,lstm,pit,fixed_1d,top10_ew,10.0,cost_v1,-0.1646973542295187,-0.30548513223907486,0.36880633595317214,-0.987396478721657,243.2792509169593,251.47828020756114
20260931,lstm,pit,fixed_1d,top10_ew,20.0,cost_v1,-0.35066914681002626,-0.9886230987250488,0.3688064752843909,-0.9997970413813866,243.2792509169593,251.47828020756114
20260931,lstm,pit,fixed_21d,top1,0.0,primary,-0.2185919224206161,0.13385291355985793,0.8389791116036186,-0.9982576591572014,20.577464788732392,12.021571534469977
20260931,lstm,pit,fixed_21d,top1,5.0,primary,-0.22260244188177913,0.12775327264751096,0.8390065100826192,-0.9983513352214068,20.577464788732392,12.021571534469977
20260931,lstm,pit,fixed_21d,top1,10.0,primary,-0.22659435325254218,0.12165361138130916,0.8390367964277194,-0.9984400178805224,20.577464788732392,12.021571534469977
20260931,lstm,pit,fixed_21d,top1,20.0,primary,-0.23452266012234513,0.10945447987465232,0.8391060314356001,-0.9986034446688092,20.577464788732392,12.021571534469977
20260931,lstm,pit,fixed_21d,top1,0.0,stress,-0.24820118937449787,0.09440004805589468,0.8447947708219631,-0.9987803614308114,20.577464788732392,12.021571534469977
20260931,lstm,pit,fixed_21d,top1,5.0,stress,-0.2520597414517085,0.0883437773783336,0.8448211986108939,-0.9988459346746384,20.577464788732392,12.021571534469977
20260931,lstm,pit,fixed_21d,top1,10.0,stress,-0.25590039053990155,0.08228760624802876,0.8448504944553303,-0.9989080125349621,20.577464788732392,12.021571534469977
20260931,lstm,pit,fixed_21d,top1,20.0,stress,-0.26352827646278076,0.0701758093778471,0.8449176890881845,-0.9990224112848147,20.577464788732392,12.021571534469977
20260931,lstm,pit,fixed_21d,top1,0.0,cost_v1,-0.2185919224206161,0.13385291355985793,0.8389791116036186,-0.9982576591572014,20.577464788732392,12.021571534469977
20260931,lstm,pit,fixed_21d,top1,5.0,cost_v1,-0.2233418244646901,0.12666571499095386,0.8390418781893249,-0.9983759553373387,20.577464788732392,12.021571534469977
20260931,lstm,pit,fixed_21d,top1,10.0,cost_v1,-0.22806526519390846,0.11947910570059292,0.8391080576350861,-0.9984862747898761,20.577464788732392,12.021571534469977
20260931,lstm,pit,fixed_21d,top1,20.0,cost_v1,-0.23743329813183622,0.1051080054902005,0.8392506518356687,-0.9986850846371675,20.577464788732392,12.021571534469977
20260931,lstm,pit,fixed_21d,top10_ew,0.0,primary,0.024663194902954988,0.26962088366855314,0.425354410068048,-0.7949137697699902,18.99872026751446,12.021571534469977
20260931,lstm,pit,fixed_21d,top10_ew,5.0,primary,0.019806924900253486,0.2584461510749316,0.4253833692242384,-0.7961920338944316,18.99872026751446,12.021571534469977
20260931,lstm,pit,fixed_21d,top10_ew,10.0,primary,0.014971704280367648,0.24727042502687305,0.4254166550176235,-0.7974628737004358,18.99872026751446,12.021571534469977
20260931,lstm,pit,fixed_21d,top10_ew,20.0,primary,0.005364080464024035,0.22491735945520244,0.42549620232241325,-0.7999824400599889,18.99872026751446,12.021571534469977
20260931,lstm,pit,fixed_21d,top10_ew,0.0,stress,-0.01823204036246162,0.1698378516244868,0.4269090337790036,-0.8005006305572792,19.02940318395827,12.021571534469977
20260931,lstm,pit,fixed_21d,top10_ew,5.0,stress,-0.022892511576720787,0.15869313717802633,0.4269357211741294,-0.8030792949955199,19.02940318395827,12.021571534469977
20260931,lstm,pit,fixed_21d,top10_ew,10.0,stress,-0.027532749309915894,0.1475483213120849,0.42696673358695764,-0.8071779635455326,19.02940318395827,12.021571534469977
20260931,lstm,pit,fixed_21d,top10_ew,20.0,stress,-0.03675284275760338,0.12525974103764118,0.42704172956523956,-0.8151259961329457,19.02940318395827,12.021571534469977
20260931,lstm,pit,fixed_21d,top10_ew,0.0,cost_v1,0.024663194902954988,0.26962088366855314,0.425354410068048,-0.7949137697699902,18.99872026751446,12.021571534469977
20260931,lstm,pit,fixed_21d,top10_ew,5.0,cost_v1,0.018499842011675982,0.255434462092022,0.4254025550394012,-0.7963629254604957,18.99872026751446,12.021571534469977
20260931,lstm,pit,fixed_21d,top10_ew,10.0,cost_v1,0.01237049249725386,0.2412474323173075,0.4254574348723367,-0.7978025696111897,18.99872026751446,12.021571534469977
20260931,lstm,pit,fixed_21d,top10_ew,20.0,cost_v1,0.00021312176995902377,0.21287424863825136,0.4255873883816313,-0.8006535535557453,18.99872026751446,12.021571534469977
20260931,lstm,pit,fixed_126d,top1,0.0,primary,-0.2091687104144876,0.12764543751577823,0.8230325349876512,-0.9991039722438423,3.6822831727205334,2.003595255744996
20260931,lstm,pit,fixed_126d,top1,5.0,primary,-0.20989656548057345,0.12653090261428213,0.8230377505301335,-0.9991062100183933,3.6822831727205334,2.003595255744996
20260931,lstm,pit,fixed_126d,top1,10.0,primary,-0.2106240983010722,0.12541630170075307,0.8230434919735286,-0.9991084432081891,3.6822831727205334,2.003595255744996
20260931,lstm,pit,fixed_126d,top1,20.0,primary,-0.21207819718903598,0.12318691039635156,0.8230565525180255,-0.9991128958630232,3.6822831727205334,2.003595255744996
20260931,lstm,pit,fixed_126d,top1,0.0,stress,-0.26796588656152553,0.04785847411041231,0.8348382533875791,-0.9995609464144368,3.6822831727205334,2.003595255744996
20260931,lstm,pit,fixed_126d,top1,5.0,stress,-0.2686396266436777,0.04676021858742703,0.8348431114608846,-0.9995620429239295,3.6822831727205334,2.003595255744996
20260931,lstm,pit,fixed_126d,top1,10.0,stress,-0.2693130684387417,0.04566194748856979,0.8348484880030222,-0.9995631371868922,3.6822831727205334,2.003595255744996
20260931,lstm,pit,fixed_126d,top1,20.0,stress,-0.27065905715254224,0.04346536675127466,0.8348607964527609,-0.9995653189876865,3.6822831727205334,2.003595255744996
20260931,lstm,pit,fixed_126d,top1,0.0,cost_v1,-0.2091687104144876,0.12764543751577823,0.8230325349876512,-0.9991039722438423,3.6822831727205334,2.003595255744996
20260931,lstm,pit,fixed_126d,top1,5.0,cost_v1,-0.2099666050278136,0.12642484042349622,0.8230399011805294,-0.9991067010777223,3.6822831727205334,2.003595255744996
20260931,lstm,pit,fixed_126d,top1,10.0,cost_v1,-0.2107640970066954,0.1252041731562004,0.8230478723026093,-0.9991094229871361,3.6822831727205334,2.003595255744996
20260931,lstm,pit,fixed_126d,top1,20.0,cost_v1,-0.21235787306411535,0.12276263888157464,0.8230656292627381,-0.9991148460887647,3.6822831727205334,2.003595255744996
20260931,lstm,pit,fixed_126d,top10_ew,0.0,primary,-0.036642407597304305,0.11091880211572404,0.40697233883059886,-0.8227573026208699,3.603133620888414,2.003595255744996
20260931,lstm,pit,fixed_126d,top10_ew,5.0,primary,-0.03750998763519575,0.10870275599790503,0.4069736468247336,-0.8229290150408505,3.603133620888414,2.003595255744996
20260931,lstm,pit,fixed_126d,top10_ew,10.0,primary,-0.038377174688835725,0.10648646686349636,0.4069759380312828,-0.8231006443281934,3.603133620888414,2.003595255744996
20260931,lstm,pit,fixed_126d,top10_ew,20.0,primary,-0.04011036987353567,0.10205322383404981,0.4069834700080763,-0.8267544010759161,3.603133620888414,2.003595255744996
20260931,lstm,pit,fixed_126d,top10_ew,0.0,stress,-0.09327288385932675,-0.03405552671519707,0.41069194615126187,-0.9347059258206835,3.6453757638836177,2.003595255744996
20260931,lstm,pit,fixed_126d,top10_ew,5.0,stress,-0.09409903438004719,-0.03627707426104727,0.41069251174213584,-0.9355800057187271,3.6453757638836177,2.003595255744996
20260931,lstm,pit,fixed_126d,top10_ew,10.0,stress,-0.09492480542040094,-0.03849852239363757,0.4106940725754577,-0.9364427748112932,3.6453757638836177,2.003595255744996
20260931,lstm,pit,fixed_126d,top10_ew,20.0,stress,-0.09657520909007566,-0.042941055832169554,0.4107001799168218,-0.9381349441279094,3.6453757638836177,2.003595255744996
20260931,lstm,pit,fixed_126d,top10_ew,0.0,cost_v1,-0.036642407597304305,0.11091880211572404,0.40697233883059886,-0.8227573026208699,3.603133620888414,2.003595255744996
20260931,lstm,pit,fixed_126d,top10_ew,5.0,cost_v1,-0.03760789295924494,0.1084523442580703,0.40697344783065764,-0.8229421685017683,3.603133620888414,2.003595255744996
20260931,lstm,pit,fixed_126d,top10_ew,10.0,cost_v1,-0.03857289371849104,0.10598558121203504,0.40697578034158083,-0.823126938152781,3.603133620888414,2.003595255744996
20260931,lstm,pit,fixed_126d,top10_ew,20.0,cost_v1,-0.040501441432422514,0.10105122859450541,0.40698411580083954,-0.8276296841200048,3.603133620888414,2.003595255744996
20260931,lstm,surv,argmax_conf,top1,0.0,primary,0.19487759220098066,0.42098707913595673,2.7722945260357807,-0.9880782125042086,5.5234247590808,2.9241660489251298
20260931,lstm,surv,argmax_conf,top1,5.0,primary,0.1932283687161085,0.42048804281771396,2.7722927916243285,-0.988131753376937,5.5234247590808,2.9241660489251298
20260931,lstm,surv,argmax_conf,top1,10.0,primary,0.1915806061166152,0.4199889685226471,2.7722913037711154,-0.9881850804072503,5.5234247590808,2.9241660489251298
20260931,lstm,surv,argmax_conf,top1,20.0,primary,0.18828946127380375,0.4189907065342202,2.772289067740928,-0.9882910959291883,5.5234247590808,2.9241660489251298
20260931,lstm,surv,argmax_conf,top1,0.0,stress,0.19487759220098066,0.42098707913595673,2.7722945260357807,-0.9880782125042086,5.5234247590808,2.9241660489251298
20260931,lstm,surv,argmax_conf,top1,5.0,stress,0.1932283687161085,0.42048804281771396,2.7722927916243285,-0.988131753376937,5.5234247590808,2.9241660489251298
20260931,lstm,surv,argmax_conf,top1,10.0,stress,0.1915806061166152,0.4199889685226471,2.7722913037711154,-0.9881850804072503,5.5234247590808,2.9241660489251298
20260931,lstm,surv,argmax_conf,top1,20.0,stress,0.18828946127380375,0.4189907065342202,2.772289067740928,-0.9882910959291883,5.5234247590808,2.9241660489251298
20260931,lstm,surv,argmax_conf,top1,0.0,cost_v1,0.19487759220098066,0.42098707913595673,2.7722945260357807,-0.9880782125042086,5.5234247590808,2.9241660489251298
20260931,lstm,surv,argmax_conf,top1,5.0,cost_v1,0.1931197104859952,0.4204582648137061,2.7722974471098243,-0.9881391490232162,5.5234247590808,2.9241660489251298
20260931,lstm,surv,argmax_conf,top1,10.0,cost_v1,0.19136352688019453,0.419929412046025,2.7723006293508385,-0.9881998051642563,5.5234247590808,2.9241660489251298
20260931,lstm,surv,argmax_conf,top1,20.0,cost_v1,0.1878562508536734,0.41887159177332883,2.772307777330106,-0.9883202808961326,5.5234247590808,2.9241660489251298
20260931,lstm,surv,argmax_conf,top10_ew,0.0,primary,0.43199593315618023,0.890881572458019,0.58978342390221,-0.7462412198282034,5.233477067001843,2.9241660489251298
20260931,lstm,surv,argmax_conf,top10_ew,5.0,primary,0.4301231596283992,0.8886632434392875,0.5897720322743599,-0.7465873376844203,5.233477067001843,2.9241660489251298
20260931,lstm,surv,argmax_conf,top10_ew,10.0,primary,0.4282519975320278,0.8864433292533012,0.5897616382607612,-0.7469331419733829,5.233477067001843,2.9241660489251298
20260931,lstm,surv,argmax_conf,top10_ew,20.0,primary,0.42451450492668075,0.8819987898150639,0.5897438432822456,-0.7476238104154225,5.233477067001843,2.9241660489251298
20260931,lstm,surv,argmax_conf,top10_ew,0.0,stress,0.43199593315618023,0.890881572458019,0.58978342390221,-0.7462412198282034,5.233477067001843,2.9241660489251298
20260931,lstm,surv,argmax_conf,top10_ew,5.0,stress,0.4301231596283992,0.8886632434392875,0.5897720322743599,-0.7465873376844203,5.233477067001843,2.9241660489251298
20260931,lstm,surv,argmax_conf,top10_ew,10.0,stress,0.4282519975320278,0.8864433292533012,0.5897616382607612,-0.7469331419733829,5.233477067001843,2.9241660489251298
20260931,lstm,surv,argmax_conf,top10_ew,20.0,stress,0.42451450492668075,0.8819987898150639,0.5897438432822456,-0.7476238104154225,5.233477067001843,2.9241660489251298
20260931,lstm,surv,argmax_conf,top10_ew,0.0,cost_v1,0.43199593315618023,0.890881572458019,0.58978342390221,-0.7462412198282034,5.233477067001843,2.9241660489251298
20260931,lstm,surv,argmax_conf,top10_ew,5.0,cost_v1,0.4299122706929497,0.8884118049030565,0.5897742244563141,-0.7466236492561071,5.233477067001843,2.9241660489251298
20260931,lstm,surv,argmax_conf,top10_ew,10.0,cost_v1,0.427830602506432,0.8859401163077972,0.5897662525441674,-0.7470056945520833,5.233477067001843,2.9241660489251298
20260931,lstm,surv,argmax_conf,top10_ew,20.0,cost_v1,0.42367324529783934,0.8809910371586445,0.5897539915125719,-0.7477686335197646,5.233477067001843,2.9241660489251298
20260931,lstm,surv,fixed_1d,top1,0.0,primary,0.41088655728313284,0.34060520203922223,5.283280288700088,-0.9325256146602975,279.63691623424756,251.47828020756114
20260931,lstm,surv,fixed_1d,top1,5.0,primary,0.3155983515645693,0.32732003828320544,5.28330953412858,-0.9466422385452765,279.63691623424756,251.47828020756114
20260931,lstm,surv,fixed_1d,top1,10.0,primary,0.2267028393807431,0.3140348452244505,5.283341746988567,-0.9677782672586634,279.63691623424756,251.47828020756114
20260931,lstm,surv,fixed_1d,top1,20.0,primary,0.06641411305189915,0.28746446075265225,5.283415074780919,-0.9897910125812939,279.63691623424756,251.47828020756114
20260931,lstm,surv,fixed_1d,top1,0.0,stress,0.41088655728313284,0.34060520203922223,5.283280288700088,-0.9325256146602975,279.63691623424756,251.47828020756114
20260931,lstm,surv,fixed_1d,top1,5.0,stress,0.3155983515645693,0.32732003828320544,5.28330953412858,-0.9466422385452765,279.63691623424756,251.47828020756114
20260931,lstm,surv,fixed_1d,top1,10.0,stress,0.2267028393807431,0.3140348452244505,5.283341746988567,-0.9677782672586634,279.63691623424756,251.47828020756114
20260931,lstm,surv,fixed_1d,top1,20.0,stress,0.06641411305189915,0.28746446075265225,5.283415074780919,-0.9897910125812939,279.63691623424756,251.47828020756114
20260931,lstm,surv,fixed_1d,top1,0.0,cost_v1,0.41088655728313284,0.34060520203922223,5.283280288700088,-0.9325256146602975,279.63691623424756,251.47828020756114
20260931,lstm,surv,fixed_1d,top1,5.0,cost_v1,0.24403980377075518,0.316761518576504,5.283280253312131,-0.9663111125248869,279.63691623424756,251.47828020756114
20260931,lstm,surv,fixed_1d,top1,10.0,cost_v1,0.09685444364942719,0.2929178346520417,5.283280220491319,-0.9875232035287599,279.63691623424756,251.47828020756114
20260931,lstm,surv,fixed_1d,top1,20.0,cost_v1,-0.1474969105828613,0.24523046555691372,5.283280162551151,-0.9992836302651098,279.63691623424756,251.47828020756114
20260931,lstm,surv,fixed_1d,top10_ew,0.0,primary,0.5565675625464308,0.891180638263856,0.6404924439781546,-0.48277765784793725,212.74216559548492,251.47828020756114
20260931,lstm,surv,fixed_1d,top10_ew,5.0,primary,0.4759340592798891,0.8081011571080714,0.6402151053412419,-0.5175874049324283,212.74216559548492,251.47828020756114
20260931,lstm,surv,fixed_1d,top10_ew,10.0,primary,0.3994592718245993,0.7249464432343857,0.6399406109935544,-0.5500611656544643,212.74216559548492,251.47828020756114
20260931,lstm,surv,fixed_1d,top10_ew,20.0,primary,0.2581425766226553,0.5584153578454011,0.6394001697805304,-0.6935370544403032,212.74216559548492,251.47828020756114
20260931,lstm,surv,fixed_1d,top10_ew,0.0,stress,0.5565675625464308,0.891180638263856,0.6404924439781546,-0.48277765784793725,212.74216559548492,251.47828020756114
20260931,lstm,surv,fixed_1d,top10_ew,5.0,stress,0.4759340592798891,0.8081011571080714,0.6402151053412419,-0.5175874049324283,212.74216559548492,251.47828020756114
20260931,lstm,surv,fixed_1d,top10_ew,10.0,stress,0.3994592718245993,0.7249464432343857,0.6399406109935544,-0.5500611656544643,212.74216559548492,251.47828020756114
20260931,lstm,surv,fixed_1d,top10_ew,20.0,stress,0.2581425766226553,0.5584153578454011,0.6394001697805304,-0.6935370544403032,212.74216559548492,251.47828020756114
20260931,lstm,surv,fixed_1d,top10_ew,0.0,cost_v1,0.5565675625464308,0.891180638263856,0.6404924439781546,-0.48277765784793725,212.74216559548492,251.47828020756114
20260931,lstm,surv,fixed_1d,top10_ew,5.0,cost_v1,0.37284614512183056,0.6944994502829304,0.6404923586163919,-0.5698837496719493,212.74216559548492,251.47828020756114
20260931,lstm,surv,fixed_1d,top10_ew,10.0,cost_v1,0.21073330055010975,0.4978181934177618,0.6404922944304716,-0.7537430071988199,212.74216559548492,251.47828020756114
20260931,lstm,surv,fixed_1d,top10_ew,20.0,cost_v1,-0.05850114655526306,0.10445555106631976,0.6404922295861818,-0.9794577877841754,212.74216559548492,251.47828020756114
20260931,lstm,surv,fixed_21d,top1,0.0,primary,0.3316329003897318,0.4479631898111642,3.991780012851549,-0.9919326311940752,19.711045218680503,12.021571534469977
20260931,lstm,surv,fixed_21d,top1,5.0,primary,0.32508544421069585,0.4467292926676077,3.991785479952768,-0.99211610847083,19.711045218680503,12.021571534469977
20260931,lstm,surv,fixed_21d,top1,10.0,primary,0.31856693786638846,0.44549533278898956,3.9917915394663233,-0.9922955015896017,19.711045218680503,12.021571534469977
20260931,lstm,surv,fixed_21d,top1,20.0,primary,0.3056163204580107,0.4430272270265363,3.9918054357193893,-0.9926423892041409,19.711045218680503,12.021571534469977
20260931,lstm,surv,fixed_21d,top1,0.0,stress,0.3316329003897318,0.4479631898111642,3.991780012851549,-0.9919326311940752,19.711045218680503,12.021571534469977
20260931,lstm,surv,fixed_21d,top1,5.0,stress,0.32508544421069585,0.4467292926676077,3.991785479952768,-0.99211610847083,19.711045218680503,12.021571534469977
20260931,lstm,surv,fixed_21d,top1,10.0,stress,0.31856693786638846,0.44549533278898956,3.9917915394663233,-0.9922955015896017,19.711045218680503,12.021571534469977
20260931,lstm,surv,fixed_21d,top1,20.0,stress,0.3056163204580107,0.4430272270265363,3.9918054357193893,-0.9926423892041409,19.711045218680503,12.021571534469977
20260931,lstm,surv,fixed_21d,top1,0.0,cost_v1,0.3316329003897318,0.4479631898111642,3.991780012851549,-0.9919326311940752,19.711045218680503,12.021571534469977
20260931,lstm,surv,fixed_21d,top1,5.0,cost_v1,0.32360020938312184,0.4464531426370897,3.9917930422863903,-0.9921739704271397,19.711045218680503,12.021571534469977
20260931,lstm,surv,fixed_21d,top1,10.0,cost_v1,0.31561194515267776,0.44494302525028023,3.991806790073305,-0.9924082069158606,19.711045218680503,12.021571534469977
20260931,lstm,surv,fixed_21d,top1,20.0,cost_v1,0.2997678043019876,0.4419225831058061,3.991836440673278,-0.9928561881692981,19.711045218680503,12.021571534469977
20260931,lstm,surv,fixed_21d,top10_ew,0.0,primary,0.5387338565415487,0.9461569491067252,0.6152037288636776,-0.6901263196453847,17.395898158896888,12.021571534469977
20260931,lstm,surv,fixed_21d,top10_ew,5.0,primary,0.5320551948558123,0.9390611696474948,0.6152081884667988,-0.6919663462197396,17.395898158896888,12.021571534469977
20260931,lstm,surv,fixed_21d,top10_ew,10.0,primary,0.5254029752488947,0.9319615471280082,0.615215252885542,-0.6937962370518312,17.395898158896888,12.021571534469977
20260931,lstm,surv,fixed_21d,top10_ew,20.0,primary,0.5121774838036921,0.917751134824132,0.6152371957778945,-0.6974258171960195,17.395898158896888,12.021571534469977
20260931,lstm,surv,fixed_21d,top10_ew,0.0,stress,0.5387338565415487,0.9461569491067252,0.6152037288636776,-0.6901263196453847,17.395898158896888,12.021571534469977
20260931,lstm,surv,fixed_21d,top10_ew,5.0,stress,0.5320551948558123,0.9390611696474948,0.6152081884667988,-0.6919663462197396,17.395898158896888,12.021571534469977
20260931,lstm,surv,fixed_21d,top10_ew,10.0,stress,0.5254029752488947,0.9319615471280082,0.615215252885542,-0.6937962370518312,17.395898158896888,12.021571534469977
20260931,lstm,surv,fixed_21d,top10_ew,20.0,stress,0.5121774838036921,0.917751134824132,0.6152371957778945,-0.6974258171960195,17.395898158896888,12.021571534469977
20260931,lstm,surv,fixed_21d,top10_ew,0.0,cost_v1,0.5387338565415487,0.9461569491067252,0.6152037288636776,-0.6901263196453847,17.395898158896888,12.021571534469977
20260931,lstm,surv,fixed_21d,top10_ew,5.0,cost_v1,0.529504874387446,0.9363350936938818,0.615225604556127,-0.6922958796268932,17.395898158896888,12.021571534469977
20260931,lstm,surv,fixed_21d,top10_ew,10.0,cost_v1,0.5203266622386091,0.9265069188278628,0.6152521404916156,-0.6944513308059447,17.395898158896888,12.021571534469977
20260931,lstm,surv,fixed_21d,top10_ew,20.0,cost_v1,0.5021215328671835,0.9068325112319302,0.6153191905741227,-0.698720245152509,17.395898158896888,12.021571534469977
20260931,lstm,surv,fixed_126d,top1,0.0,primary,0.3007758387224335,0.7232595449730577,1.2105645713574489,-0.9880782125042086,3.898888065233506,2.003595255744996
20260931,lstm,surv,fixed_126d,top1,5.0,primary,0.2995082492258072,0.7224681118553259,1.210501982959258,-0.988131753376937,3.898888065233506,2.003595255744996
20260931,lstm,surv,fixed_126d,top1,10.0,primary,0.2982412704342823,0.7216763495337535,1.2104398094454334,-0.9881850804072503,3.898888065233506,2.003595255744996
20260931,lstm,surv,fixed_126d,top1,20.0,primary,0.2957091449772693,0.7200918401818228,1.2103167073262053,-0.9882910959291883,3.898888065233506,2.003595255744996
20260931,lstm,surv,fixed_126d,top1,0.0,stress,0.3007758387224335,0.7232595449730577,1.2105645713574489,-0.9880782125042086,3.898888065233506,2.003595255744996
20260931,lstm,surv,fixed_126d,top1,5.0,stress,0.2995082492258072,0.7224681118553259,1.210501982959258,-0.988131753376937,3.898888065233506,2.003595255744996
20260931,lstm,surv,fixed_126d,top1,10.0,stress,0.2982412704342823,0.7216763495337535,1.2104398094454334,-0.9881850804072503,3.898888065233506,2.003595255744996
20260931,lstm,surv,fixed_126d,top1,20.0,stress,0.2957091449772693,0.7200918401818228,1.2103167073262053,-0.9882910959291883,3.898888065233506,2.003595255744996
20260931,lstm,surv,fixed_126d,top1,0.0,cost_v1,0.3007758387224335,0.7232595449730577,1.2105645713574489,-0.9880782125042086,3.898888065233506,2.003595255744996
20260931,lstm,surv,fixed_126d,top1,5.0,cost_v1,0.29949103436699387,0.7224540169870503,1.210525100045044,-0.9881391490232162,3.898888065233506,2.003595255744996
20260931,lstm,surv,fixed_126d,top1,10.0,cost_v1,0.2982068559648918,0.7216481920000016,1.2104860388008711,-0.9881998051642563,3.898888065233506,2.003595255744996
20260931,lstm,surv,fixed_126d,top1,20.0,cost_v1,0.2956403770349929,0.7200356540901686,1.2104091466756048,-0.9883202808961326,3.898888065233506,2.003595255744996
20260931,lstm,surv,fixed_126d,top10_ew,0.0,primary,0.531512580477651,0.9798812259617317,0.6058371319484673,-0.7462412198282042,3.7046493120419703,2.003595255744996
20260931,lstm,surv,fixed_126d,top10_ew,5.0,primary,0.5300944824552105,0.9783526385583236,0.6058288700876299,-0.7465873376844216,3.7046493120419703,2.003595255744996
20260931,lstm,surv,fixed_126d,top10_ew,10.0,primary,0.5286770468924342,0.9768228714479151,0.6058213140178622,-0.7469331419733835,3.7046493120419703,2.003595255744996
20260931,lstm,surv,fixed_126d,top10_ew,20.0,primary,0.5258441630901844,0.973759819158824,0.6058083193547072,-0.7476238104154229,3.7046493120419703,2.003595255744996
20260931,lstm,surv,fixed_126d,top10_ew,0.0,stress,0.531512580477651,0.9798812259617317,0.6058371319484673,-0.7462412198282042,3.7046493120419703,2.003595255744996
20260931,lstm,surv,fixed_126d,top10_ew,5.0,stress,0.5300944824552105,0.9783526385583236,0.6058288700876299,-0.7465873376844216,3.7046493120419703,2.003595255744996
20260931,lstm,surv,fixed_126d,top10_ew,10.0,stress,0.5286770468924342,0.9768228714479151,0.6058213140178622,-0.7469331419733835,3.7046493120419703,2.003595255744996
20260931,lstm,surv,fixed_126d,top10_ew,20.0,stress,0.5258441630901844,0.973759819158824,0.6058083193547072,-0.7476238104154229,3.7046493120419703,2.003595255744996
20260931,lstm,surv,fixed_126d,top10_ew,0.0,cost_v1,0.531512580477651,0.9798812259617317,0.6058371319484673,-0.7462412198282042,3.7046493120419703,2.003595255744996
20260931,lstm,surv,fixed_126d,top10_ew,5.0,cost_v1,0.5299904863788003,0.9782420138000533,0.605826332724487,-0.746623649256108,3.7046493120419703,2.003595255744996
20260931,lstm,surv,fixed_126d,top10_ew,10.0,cost_v1,0.5284691493858076,0.9766014185163419,0.6058163552404289,-0.7470056945520844,3.7046493120419703,2.003595255744996
20260931,lstm,surv,fixed_126d,top10_ew,20.0,cost_v1,0.525428746712125,0.9733161047699124,0.6057988656511433,-0.7477686335197646,3.7046493120419703,2.003595255744996
20260931,planted0.00,pit,argmax_conf,top1,0.0,primary,0.04094911013063851,0.2921728052447239,0.3669447041492494,-0.6345022564846583,10.667790956263898,5.360971089696071
20260931,planted0.00,pit,argmax_conf,top1,5.0,primary,0.038175964750600144,0.284882961074642,0.36691333848398744,-0.6408443970372766,10.667790956263898,5.360971089696071
20260931,planted0.00,pit,argmax_conf,top1,10.0,primary,0.035408835636796754,0.27758917073121797,0.3668855409630933,-0.6470795795136347,10.667790956263898,5.360971089696071
20260931,planted0.00,pit,argmax_conf,top1,20.0,primary,0.029892585904490288,0.26299059724801893,0.3668406534948233,-0.6592360489228428,10.667790956263898,5.360971089696071
20260931,planted0.00,pit,argmax_conf,top1,0.0,stress,0.02103673450343324,0.24343182846208777,0.37355714076075297,-0.6345022564846575,10.667790956263898,5.360971089696071
20260931,planted0.00,pit,argmax_conf,top1,5.0,stress,0.01831663678147799,0.23626688415384292,0.37352586618577727,-0.6408443970372764,10.667790956263898,5.360971089696071
20260931,planted0.00,pit,argmax_conf,top1,10.0,stress,0.015602440240253479,0.22909859000108318,0.373498096598032,-0.6470795795136342,10.667790956263898,5.360971089696071
20260931,planted0.00,pit,argmax_conf,top1,20.0,stress,0.010191711167558681,0.21475275494311194,0.37345307541307343,-0.6592360489228424,10.667790956263898,5.360971089696071
20260931,planted0.00,pit,argmax_conf,top1,0.0,cost_v1,0.04094911013063851,0.2921728052447239,0.3669447041492494,-0.6345022564846583,10.667790956263898,5.360971089696071
20260931,planted0.00,pit,argmax_conf,top1,5.0,cost_v1,0.03817312828976216,0.28487615337575867,0.3669166200713339,-0.6408045126333217,10.667790956263898,5.360971089696071
20260931,planted0.00,pit,argmax_conf,top1,10.0,cost_v1,0.035403170861896927,0.27757567563477664,0.36689211638316854,-0.6470011541543284,10.667790956263898,5.360971089696071
20260931,planted0.00,pit,argmax_conf,top1,20.0,cost_v1,0.029881288936591366,0.2629640927194605,0.3668538529410466,-0.6590844408678989,10.667790956263898,5.360971089696071
20260931,planted0.00,pit,argmax_conf,top10_ew,0.0,primary,0.08861595130822741,0.4737578293106861,0.2409400967829307,-0.6178510392699367,10.596366622330438,5.360971089696071
20260931,planted0.00,pit,argmax_conf,top10_ew,5.0,primary,0.08573521639944648,0.46274551780073786,0.2409304720137684,-0.6188840474626118,10.596366622330438,5.360971089696071
20260931,planted0.00,pit,argmax_conf,top10_ew,10.0,primary,0.08286069163698717,0.45172234914880866,0.24092616849987786,-0.6199147466745482,10.596366622330438,5.360971089696071
20260931,planted0.00,pit,argmax_conf,top10_ew,20.0,primary,0.07713023119007967,0.42964635961644965,0.2409335260259047,-0.6219692345114856,10.596366622330438,5.360971089696071
20260931,planted0.00,pit,argmax_conf,top10_ew,0.0,stress,0.0735268059853249,0.4149481481938891,0.24200478280995913,-0.6379457467213823,10.608676105922294,5.360971089696071
20260931,planted0.00,pit,argmax_conf,top10_ew,5.0,stress,0.07068270409462185,0.4039701785138796,0.24199453733605922,-0.6389285696105651,10.608676105922294,5.360971089696071
20260931,planted0.00,pit,argmax_conf,top10_ew,10.0,stress,0.06784474068007551,0.39298265664296206,0.2419896013360335,-0.639909186338717,10.608676105922294,5.360971089696071
20260931,planted0.00,pit,argmax_conf,top10_ew,20.0,stress,0.062187188345896205,0.3709818466346624,0.24199565870770115,-0.6418638170054559,10.608676105922294,5.360971089696071
20260931,planted0.00,pit,argmax_conf,top10_ew,0.0,cost_v1,0.08861595130822741,0.4737578293106861,0.2409400967829307,-0.6178510392699367,10.596366622330438,5.360971089696071
20260931,planted0.00,pit,argmax_conf,top10_ew,5.0,cost_v1,0.08570473673809276,0.46262711106924376,0.2409322461512197,-0.6188006740338228,10.596366622330438,5.360971089696071
20260931,planted0.00,pit,argmax_conf,top10_ew,10.0,cost_v1,0.08279985816336355,0.4514854442921488,0.24092985085151516,-0.619748420094485,10.596366622330438,5.360971089696071
20260931,planted0.00,pit,argmax_conf,top10_ew,20.0,cost_v1,0.0770090664823575,0.4291722920130916,0.2409414265283762,-0.6216382573775183,10.596366622330438,5.360971089696071
20260931,planted0.00,pit,fixed_1d,top1,0.0,primary,0.0029931663918694174,0.23731388675898007,0.45570852458629474,-0.8871759647635807,502.63165307635285,251.47828020756114
20260931,planted0.00,pit,fixed_1d,top1,5.0,primary,-0.11547158080634379,-0.03908035604136477,0.4554791651984104,-0.9610126493301021,502.63165307635285,251.47828020756114
20260931,planted0.00,pit,fixed_1d,top1,10.0,primary,-0.21999335912746287,-0.3157530383468628,0.4552498935311822,-0.9953421237543921,502.63165307635285,251.47828020756114
20260931,planted0.00,pit,fixed_1d,top1,20.0,primary,-0.3935579792389091,-0.869934764175708,0.45479161388930933,-0.999950125490195,502.63165307635285,251.47828020756114
20260931,planted0.00,pit,fixed_1d,top1,0.0,stress,-0.01619314779615888,0.19926350467595538,0.4610497821849147,-0.9034097479304106,502.63165307635285,251.47828020756114
20260931,planted0.00,pit,fixed_1d,top1,5.0,stress,-0.13239177600561902,-0.07393864283980267,0.4608116069736025,-0.9727088549958369,502.63165307635285,251.47828020756114
20260931,planted0.00,pit,fixed_1d,top1,10.0,stress,-0.23491415119463666,-0.34742328858670213,0.46057351459690804,-0.9967394866836007,502.63165307635285,251.47828020756114
20260931,planted0.00,pit,fixed_1d,top1,20.0,stress,-0.4051586436671648,-0.8952412368734453,0.4600975788617129,-0.9999650878437311,502.63165307635285,251.47828020756114
20260931,planted0.00,pit,fixed_1d,top1,0.0,cost_v1,0.0029931663918694174,0.23731388675898007,0.45570852458629474,-0.8871759647635807,502.63165307635285,251.47828020756114
20260931,planted0.00,pit,fixed_1d,top1,5.0,cost_v1,-0.11558986138207406,-0.039119113018380676,0.45570851391689454,-0.9611279049108016,502.63165307635285,251.47828020756114
20260931,planted0.00,pit,fixed_1d,top1,10.0,cost_v1,-0.22020207991125218,-0.31555210513111914,0.455708533009876,-0.9953687225924183,502.63165307635285,251.47828020756114
20260931,planted0.00,pit,fixed_1d,top1,20.0,cost_v1,-0.3938828859152329,-0.8684178497163538,0.45570866048296305,-0.9999506941201973,502.63165307635285,251.47828020756114
20260931,planted0.00,pit,fixed_1d,top10_ew,0.0,primary,0.06873976540466531,0.3851371801365467,0.262830548276216,-0.6451544549830386,498.1751573663141,251.47828020756114
20260931,planted0.00,pit,fixed_1d,top10_ew,5.0,primary,-0.05643922322931394,-0.08983298363885447,0.26270182879172427,-0.7295186169065098,498.1751573663141,251.47828020756114
20260931,planted0.00,pit,fixed_1d,top10_ew,10.0,primary,-0.16700776368081072,-0.5652683018611218,0.26257335481872607,-0.9706430611674381,498.1751573663141,251.47828020756114
20260931,planted0.00,pit,fixed_1d,top10_ew,20.0,primary,-0.3509136323067562,-1.5175317847792318,0.26231714484943874,-0.9996882415854714,498.1751573663141,251.47828020756114
20260931,planted0.00,pit,fixed_1d,top10_ew,0.0,stress,0.044335098636850034,0.2969334804713435,0.26416699601650984,-0.6451544549830386,498.19607519804316,251.47828020756114
20260931,planted0.00,pit,fixed_1d,top10_ew,5.0,stress,-0.0779902523747773,-0.17565577218973413,0.26403606739912805,-0.823463423938885,498.19607519804316,251.47828020756114
20260931,planted0.00,pit,fixed_1d,top10_ew,10.0,stress,-0.18603765816931717,-0.6487133486936563,0.2639053821036496,-0.9808412977243326,498.19607519804316,251.47828020756114
20260931,planted0.00,pit,fixed_1d,top10_ew,20.0,stress,-0.36574880846640856,-1.5962310084746298,0.2636447429250675,-0.999796581997552,498.19607519804316,251.47828020756114
20260931,planted0.00,pit,fixed_1d,top10_ew,0.0,cost_v1,0.06873976540466531,0.3851371801365467,0.262830548276216,-0.6451544549830386,498.1751573663141,251.47828020756114
20260931,planted0.00,pit,fixed_1d,top10_ew,5.0,cost_v1,-0.057551989964566785,-0.09415594754293398,0.2628305326118508,-0.7352292369363398,498.1751573663141,251.47828020756114
20260931,planted0.00,pit,fixed_1d,top10_ew,10.0,cost_v1,-0.16897229468054686,-0.5734490197634057,0.26283056855096576,-0.9718701673932947,498.1751573663141,251.47828020756114
20260931,planted0.00,pit,fixed_1d,top10_ew,20.0,cost_v1,-0.353974591145803,-1.532033868591044,0.26283079523952113,-0.9997140501798698,498.1751573663141,251.47828020756114
20260931,planted0.00,pit,fixed_21d,top1,0.0,primary,-0.1581233365379111,-0.07805249521281075,0.46658252520458576,-0.9793720405397092,23.934840622683467,12.021571534469977
20260931,planted0.00,pit,fixed_21d,top1,5.0,primary,-0.16314709034393704,-0.09088737754895647,0.46658790626298047,-0.9799015859544908,23.934840622683467,12.021571534469977
20260931,planted0.00,pit,fixed_21d,top1,10.0,primary,-0.1681433514154964,-0.10372060841271892,0.4665993848118978,-0.9804177921039937,23.934840622683467,12.021571534469977
20260931,planted0.00,pit,fixed_21d,top1,20.0,primary,-0.17805394210876369,-0.1293801046372788,0.466640632342424,-0.9814114969867973,23.934840622683467,12.021571534469977
20260931,planted0.00,pit,fixed_21d,top1,0.0,stress,-0.1581233365379111,-0.07805249521281075,0.46658252520458576,-0.9793720405397092,23.934840622683467,12.021571534469977
20260931,planted0.00,pit,fixed_21d,top1,5.0,stress,-0.16314709034393704,-0.09088737754895647,0.46658790626298047,-0.9799015859544908,23.934840622683467,12.021571534469977
20260931,planted0.00,pit,fixed_21d,top1,10.0,stress,-0.1681433514154964,-0.10372060841271892,0.4665993848118978,-0.9804177921039937,23.934840622683467,12.021571534469977
20260931,planted0.00,pit,fixed_21d,top1,20.0,stress,-0.17805394210876369,-0.1293801046372788,0.466640632342424,-0.9814114969867973,23.934840622683467,12.021571534469977
20260931,planted0.00,pit,fixed_21d,top1,0.0,cost_v1,-0.1581233365379111,-0.07805249521281075,0.46658252520458576,-0.9793720405397092,23.934840622683467,12.021571534469977
20260931,planted0.00,pit,fixed_21d,top1,5.0,cost_v1,-0.16317791250799807,-0.09095634413864626,0.4665962535391943,-0.9799154627218938,23.934840622683467,12.021571534469977
20260931,planted0.00,pit,fixed_21d,top1,10.0,cost_v1,-0.16820465327388523,-0.10385806593127495,0.46661612723063983,-0.9804448323276892,23.934840622683467,12.021571534469977
20260931,planted0.00,pit,fixed_21d,top1,20.0,cost_v1,-0.17817518632444862,-0.1296530915706035,0.4666743073008096,-0.9814628312374237,23.934840622683467,12.021571534469977
20260931,planted0.00,pit,fixed_21d,top10_ew,0.0,primary,0.030258563912135994,0.24550433107248154,0.25956716260459495,-0.46456847632980447,23.81212601571988,12.021571534469977
20260931,planted0.00,pit,fixed_21d,top10_ew,5.0,primary,0.02414211361343832,0.22252318132092191,0.2595818810933643,-0.4728144013330978,23.81212601571988,12.021571534469977
20260931,planted0.00,pit,fixed_21d,top10_ew,10.0,primary,0.018058975669241306,0.19953632675395847,0.25960741188033937,-0.4900712438468475,23.81212601571988,12.021571534469977
20260931,planted0.00,pit,fixed_21d,top10_ew,20.0,primary,0.005991977252891134,0.15355700443396053,0.2596908962426167,-0.5229324635996667,23.81212601571988,12.021571534469977
20260931,planted0.00,pit,fixed_21d,top10_ew,0.0,stress,0.025616468654409807,0.22814378109078085,0.26006367431230504,-0.480076664502752,23.816285379464393,12.021571534469977
20260931,planted0.00,pit,fixed_21d,top10_ew,5.0,stress,0.019526516942184546,0.20520381306390065,0.26007795078694146,-0.48136614531154587,23.816285379464393,12.021571534469977
20260931,planted0.00,pit,fixed_21d,top10_ew,10.0,stress,0.01346973907445248,0.18225879853011054,0.26010302268533786,-0.49007124384684764,23.816285379464393,12.021571534469977
20260931,planted0.00,pit,fixed_21d,top10_ew,20.0,stress,0.0014550479079464829,0.13636506848834945,0.26018553892649016,-0.5229324635996664,23.816285379464393,12.021571534469977
20260931,planted0.00,pit,fixed_21d,top10_ew,0.0,cost_v1,0.030258563912135994,0.24550433107248154,0.25956716260459495,-0.46456847632980447,23.81212601571988,12.021571534469977
20260931,planted0.00,pit,fixed_21d,top10_ew,5.0,cost_v1,0.024079382757881573,0.22228750629090854,0.2595868049025893,-0.47296675277279765,23.81212601571988,12.021571534469977
20260931,planted0.00,pit,fixed_21d,top10_ew,10.0,cost_v1,0.017934195895600524,0.19906572579775392,0.25961749178523,-0.49036607330497795,23.81212601571988,12.021571534469977
20260931,planted0.00,pit,fixed_21d,top10_ew,20.0,cost_v1,0.005745125292729414,0.1526191664290928,0.25971198223540815,-0.5234845004463253,23.81212601571988,12.021571534469977
20260931,planted0.00,pit,fixed_126d,top1,0.0,primary,0.001235016953269108,0.2055772091661823,0.40204664881069746,-0.8398286091124292,3.953039288361749,2.003595255744996
20260931,planted0.00,pit,fixed_126d,top1,5.0,primary,0.0002457832567019924,0.20311174057138498,0.4020413919357774,-0.8399086948078729,3.953039288361749,2.003595255744996
20260931,planted0.00,pit,fixed_126d,top1,10.0,primary,-0.0007429571596960782,0.20064560744402868,0.4020373374035575,-0.8399887805033168,3.953039288361749,2.003595255744996
20260931,planted0.00,pit,fixed_126d,top1,20.0,primary,-0.0027189581888666936,0.1957114359618881,0.4020328355019392,-0.8401489518942042,3.953039288361749,2.003595255744996
20260931,planted0.00,pit,fixed_126d,top1,0.0,stress,-0.017917665492640955,0.16265181397091183,0.40808682440189714,-0.8398286091124292,3.953039288361749,2.003595255744996
20260931,planted0.00,pit,fixed_126d,top1,5.0,stress,-0.018887976080712687,0.16022231590800215,0.4080814882543508,-0.8399086948078729,3.953039288361749,2.003595255744996
20260931,planted0.00,pit,fixed_126d,top1,10.0,stress,-0.019857802824600257,0.15779229627496785,0.4080773366513832,-0.8399887805033168,3.953039288361749,2.003595255744996
20260931,planted0.00,pit,fixed_126d,top1,20.0,stress,-0.02179600481599886,0.15293077683932757,0.4080725872134829,-0.8401489518942042,3.953039288361749,2.003595255744996
20260931,planted0.00,pit,fixed_126d,top1,0.0,cost_v1,0.001235016953269108,0.2055772091661823,0.40204664881069746,-0.8398286091124292,3.953039288361749,2.003595255744996
20260931,planted0.00,pit,fixed_126d,top1,5.0,cost_v1,0.0002341700383028389,0.20308312933838316,0.4020421018418266,-0.8399084464788523,3.953039288361749,2.003595255744996
20260931,planted0.00,pit,fixed_126d,top1,10.0,cost_v1,-0.0007661757261389068,0.20058837517775133,0.402038793360063,-0.8399882838452755,3.953039288361749,2.003595255744996
20260931,planted0.00,pit,fixed_126d,top1,20.0,cost_v1,-0.0027653638070339603,0.19559693597216787,0.4020358919687148,-0.8401479585781219,3.953039288361749,2.003595255744996
20260931,planted0.00,pit,fixed_126d,top10_ew,0.0,primary,0.04204049931999565,0.2912673900464097,0.24659091186128024,-0.6004967221818363,3.932138624882327,2.003595255744996
20260931,planted0.00,pit,fixed_126d,top10_ew,5.0,primary,0.04101639269161539,0.28727430915084123,0.2465783786115037,-0.6007962997022902,3.932138624882327,2.003595255744996
20260931,planted0.00,pit,fixed_126d,top10_ew,10.0,primary,0.03999279664716582,0.28327860091989626,0.24656777885972436,-0.6010957773469245,3.932138624882327,2.003595255744996
20260931,planted0.00,pit,fixed_126d,top10_ew,20.0,primary,0.03794713626599178,0.2752796761759061,0.24655238080216546,-0.6016944330087353,3.932138624882327,2.003595255744996
20260931,planted0.00,pit,fixed_126d,top10_ew,0.0,stress,0.0353096265292181,0.2649029973691964,0.24714263401724917,-0.6004967221818363,3.9380587763971806,2.003595255744996
20260931,planted0.00,pit,fixed_126d,top10_ew,5.0,stress,0.03429060340985801,0.2609115709325997,0.24712997392996774,-0.6007962997022902,3.9380587763971806,2.003595255744996
20260931,planted0.00,pit,fixed_126d,top10_ew,10.0,stress,0.03327208912498114,0.2569177238487444,0.247119248782116,-0.6010957773469245,3.9380587763971806,2.003595255744996
20260931,planted0.00,pit,fixed_126d,top10_ew,20.0,stress,0.031236587014762618,0.24892314090758758,0.24710360426704348,-0.6016944330087353,3.9380587763971806,2.003595255744996
20260931,planted0.00,pit,fixed_126d,top10_ew,0.0,cost_v1,0.04204049931999565,0.2912673900464097,0.24659091186128024,-0.6004967221818363,3.932138624882327,2.003595255744996
20260931,planted0.00,pit,fixed_126d,top10_ew,5.0,cost_v1,0.0410002004970309,0.28721097888562397,0.24657912358532008,-0.6006982666093852,3.932138624882327,2.003595255744996
20260931,planted0.00,pit,fixed_126d,top10_ew,10.0,cost_v1,0.0399604220405092,0.28315186138076476,0.2465693542254832,-0.6008998110369341,3.932138624882327,2.003595255744996
20260931,planted0.00,pit,fixed_126d,top10_ew,20.0,cost_v1,0.037882426223068144,0.2750259040251942,0.2465558731645375,-0.6013028998920318,3.932138624882327,2.003595255744996
20260931,planted0.00,surv,argmax_conf,top1,0.0,primary,0.16650801105053792,0.5269490375529516,0.5378256079118726,-0.7898080650748498,10.18042994810971,5.090214974054855
20260931,planted0.00,surv,argmax_conf,top1,5.0,primary,0.16354216100251295,0.5222034363340207,0.5378215158409384,-0.7899131610423124,10.18042994810971,5.090214974054855
20260931,planted0.00,surv,argmax_conf,top1,10.0,primary,0.16058238112203838,0.5174555309927598,0.5378197435025984,-0.7900182570097749,10.18042994810971,5.090214974054855
20260931,planted0.00,surv,argmax_conf,top1,20.0,primary,0.15468099421389625,0.5079530535967971,0.5378231580854188,-0.7902284489447,10.18042994810971,5.090214974054855
20260931,planted0.00,surv,argmax_conf,top1,0.0,stress,0.16650801105053792,0.5269490375529516,0.5378256079118726,-0.7898080650748498,10.18042994810971,5.090214974054855
20260931,planted0.00,surv,argmax_conf,top1,5.0,stress,0.16354216100251295,0.5222034363340207,0.5378215158409384,-0.7899131610423124,10.18042994810971,5.090214974054855
20260931,planted0.00,surv,argmax_conf,top1,10.0,stress,0.16058238112203838,0.5174555309927598,0.5378197435025984,-0.7900182570097749,10.18042994810971,5.090214974054855
20260931,planted0.00,surv,argmax_conf,top1,20.0,stress,0.15468099421389625,0.5079530535967971,0.5378231580854188,-0.7902284489447,10.18042994810971,5.090214974054855
20260931,planted0.00,surv,argmax_conf,top1,0.0,cost_v1,0.16650801105053792,0.5269490375529516,0.5378256079118726,-0.7898080650748498,10.18042994810971,5.090214974054855
20260931,planted0.00,surv,argmax_conf,top1,5.0,cost_v1,0.16354635872829948,0.522210216495421,0.537823349779092,-0.7899065011098889,10.18042994810971,5.090214974054855
20260931,planted0.00,surv,argmax_conf,top1,10.0,cost_v1,0.1605907509275286,0.5174691205113708,0.5378234146867444,-0.7900049371449281,10.18042994810971,5.090214974054855
20260931,planted0.00,surv,argmax_conf,top1,20.0,cost_v1,0.154697631603969,0.5079803495950084,0.5378305135898822,-0.7902018092150065,10.18042994810971,5.090214974054855
20260931,planted0.00,surv,argmax_conf,top10_ew,0.0,primary,0.20057973491037284,0.8131269073734609,0.2700640488752349,-0.54012278304247,10.100007731424958,5.090214974054855
20260931,planted0.00,surv,argmax_conf,top10_ew,5.0,primary,0.19755134607561087,0.80376082165195,0.27005950624062475,-0.5403527216509488,10.100007731424958,5.090214974054855
20260931,planted0.00,surv,argmax_conf,top10_ew,10.0,primary,0.19452910556337888,0.7943810530397087,0.27005950807385326,-0.5405826602594275,10.100007731424958,5.090214974054855
20260931,planted0.00,surv,argmax_conf,top10_ew,20.0,primary,0.188503031684099,0.7755823631637764,0.27007314491404966,-0.541042537476385,10.100007731424958,5.090214974054855
20260931,planted0.00,surv,argmax_conf,top10_ew,0.0,stress,0.20057973491037284,0.8131269073734609,0.2700640488752349,-0.54012278304247,10.100007731424958,5.090214974054855
20260931,planted0.00,surv,argmax_conf,top10_ew,5.0,stress,0.19755134607561087,0.80376082165195,0.27005950624062475,-0.5403527216509488,10.100007731424958,5.090214974054855
20260931,planted0.00,surv,argmax_conf,top10_ew,10.0,stress,0.19452910556337888,0.7943810530397087,0.27005950807385326,-0.5405826602594275,10.100007731424958,5.090214974054855
20260931,planted0.00,surv,argmax_conf,top10_ew,20.0,stress,0.188503031684099,0.7755823631637764,0.27007314491404966,-0.541042537476385,10.100007731424958,5.090214974054855
20260931,planted0.00,surv,argmax_conf,top10_ew,0.0,cost_v1,0.20057973491037284,0.8131269073734609,0.2700640488752349,-0.54012278304247,10.100007731424958,5.090214974054855
20260931,planted0.00,surv,argmax_conf,top10_ew,5.0,cost_v1,0.19753073565206525,0.8036932556785946,0.27006137576126904,-0.5403443526595997,10.100007731424958,5.090214974054855
20260931,planted0.00,surv,argmax_conf,top10_ew,10.0,cost_v1,0.1944879611610153,0.7942458112545655,0.27006332893810575,-0.5405659222767294,10.100007731424958,5.090214974054855
20260931,planted0.00,surv,argmax_conf,top10_ew,20.0,cost_v1,0.18842104806861504,0.7753114906017715,0.27008111352497394,-0.5410090615109888,10.100007731424958,5.090214974054855
20260931,planted0.00,surv,fixed_1d,top1,0.0,primary,0.019615004906777367,0.2619845716390208,0.5512313640319902,-0.7648137924038512,502.4150481838399,251.47828020756114
20260931,planted0.00,surv,fixed_1d,top1,5.0,primary,-0.10076425626445773,0.03358617008915583,0.5509553012635641,-0.9194853766556919,502.4150481838399,251.47828020756114
20260931,planted0.00,surv,fixed_1d,top1,10.0,primary,-0.20698096001932131,-0.19504119498070513,0.5506793365937254,-0.9905140383379356,502.4150481838399,251.47828020756114
20260931,planted0.00,surv,fixed_1d,top1,20.0,primary,-0.3833741291907571,-0.6529837037894879,0.5501277021402771,-0.999895521940248,502.4150481838399,251.47828020756114
20260931,planted0.00,surv,fixed_1d,top1,0.0,stress,0.019615004906777367,0.2619845716390208,0.5512313640319902,-0.7648137924038512,502.4150481838399,251.47828020756114
20260931,planted0.00,surv,fixed_1d,top1,5.0,stress,-0.10076425626445773,0.03358617008915583,0.5509553012635641,-0.9194853766556919,502.4150481838399,251.47828020756114
20260931,planted0.00,surv,fixed_1d,top1,10.0,stress,-0.20698096001932131,-0.19504119498070513,0.5506793365937254,-0.9905140383379356,502.4150481838399,251.47828020756114
20260931,planted0.00,surv,fixed_1d,top1,20.0,stress,-0.3833741291907571,-0.6529837037894879,0.5501277021402771,-0.999895521940248,502.4150481838399,251.47828020756114
20260931,planted0.00,surv,fixed_1d,top1,0.0,cost_v1,0.019615004906777367,0.2619845716390208,0.5512313640319902,-0.7648137924038512,502.4150481838399,251.47828020756114
20260931,planted0.00,surv,fixed_1d,top1,5.0,cost_v1,-0.10092763457444553,0.033454626237107314,0.5512313481276404,-0.9197589790756346,502.4150481838399,251.47828020756114
20260931,planted0.00,surv,fixed_1d,top1,10.0,cost_v1,-0.2072692485102141,-0.1950753236446661,0.5512313568281518,-0.9905778736326212,502.4150481838399,251.47828020756114
20260931,planted0.00,surv,fixed_1d,top1,20.0,cost_v1,-0.3838228554134253,-0.652135114439377,0.55123144804375,-0.9998968811332807,502.4150481838399,251.47828020756114
20260931,planted0.00,surv,fixed_1d,top10_ew,0.0,primary,0.14037950802746324,0.6332769894713632,0.26223096275763064,-0.6413521461200788,496.07641898770964,251.47828020756114
20260931,planted0.00,surv,fixed_1d,top10_ew,5.0,primary,0.007338168963944458,0.15922624299568003,0.26210354346193837,-0.7691048864505883,496.07641898770964,251.47828020756114
20260931,planted0.00,surv,fixed_1d,top10_ew,10.0,primary,-0.11023656493014078,-0.31528523005000425,0.26197646374255107,-0.9492787905029092,496.07641898770964,251.47828020756114
20260931,planted0.00,surv,fixed_1d,top10_ew,20.0,primary,-0.305946235171327,-1.2656856392385147,0.2617233250099443,-0.9990920553710548,496.07641898770964,251.47828020756114
20260931,planted0.00,surv,fixed_1d,top10_ew,0.0,stress,0.14037950802746324,0.6332769894713632,0.26223096275763064,-0.6413521461200788,496.07641898770964,251.47828020756114
20260931,planted0.00,surv,fixed_1d,top10_ew,5.0,stress,0.007338168963944458,0.15922624299568003,0.26210354346193837,-0.7691048864505883,496.07641898770964,251.47828020756114
20260931,planted0.00,surv,fixed_1d,top10_ew,10.0,stress,-0.11023656493014078,-0.31528523005000425,0.26197646374255107,-0.9492787905029092,496.07641898770964,251.47828020756114
20260931,planted0.00,surv,fixed_1d,top10_ew,20.0,stress,-0.305946235171327,-1.2656856392385147,0.2617233250099443,-0.9990920553710548,496.07641898770964,251.47828020756114
20260931,planted0.00,surv,fixed_1d,top10_ew,0.0,cost_v1,0.14037950802746324,0.6332769894713632,0.26223096275763064,-0.6413521461200788,496.07641898770964,251.47828020756114
20260931,planted0.00,surv,fixed_1d,top10_ew,5.0,cost_v1,0.0056549090076103425,0.1528879985492564,0.26223092043608526,-0.7743989047835925,496.07641898770964,251.47828020756114
20260931,planted0.00,surv,fixed_1d,top10_ew,10.0,cost_v1,-0.11320908860828138,-0.3275010828380544,0.2622309298360149,-0.951579103154985,496.07641898770964,251.47828020756114
20260931,planted0.00,surv,fixed_1d,top10_ew,20.0,cost_v1,-0.31058031144227083,-1.2882783800068092,0.2622311038002464,-0.9991932809634052,496.07641898770964,251.47828020756114
20260931,planted0.00,surv,fixed_21d,top1,0.0,primary,0.012515638556487962,0.24567224856622058,0.43455485114163156,-0.7816964204351464,24.043143068939955,12.021571534469977
20260931,planted0.00,surv,fixed_21d,top1,5.0,primary,0.006446368758747267,0.2318187763733397,0.4345454360880252,-0.7916175627695308,24.043143068939955,12.021571534469977
20260931,planted0.00,surv,fixed_21d,top1,10.0,primary,0.0004104768106452106,0.21796139675358275,0.43454261419899104,-0.8010924527961658,24.043143068939955,12.021571534469977
20260931,planted0.00,surv,fixed_21d,top1,20.0,primary,-0.011561840918201005,0.19023743814771515,0.4345567501283113,-0.8187820568875355,24.043143068939955,12.021571534469977
20260931,planted0.00,surv,fixed_21d,top1,0.0,stress,0.012515638556487962,0.24567224856622058,0.43455485114163156,-0.7816964204351464,24.043143068939955,12.021571534469977
20260931,planted0.00,surv,fixed_21d,top1,5.0,stress,0.006446368758747267,0.2318187763733397,0.4345454360880252,-0.7916175627695308,24.043143068939955,12.021571534469977
20260931,planted0.00,surv,fixed_21d,top1,10.0,stress,0.0004104768106452106,0.21796139675358275,0.43454261419899104,-0.8010924527961658,24.043143068939955,12.021571534469977
20260931,planted0.00,surv,fixed_21d,top1,20.0,stress,-0.011561840918201005,0.19023743814771515,0.4345567501283113,-0.8187820568875355,24.043143068939955,12.021571534469977
20260931,planted0.00,surv,fixed_21d,top1,0.0,cost_v1,0.012515638556487962,0.24567224856622058,0.43455485114163156,-0.7816964204351464,24.043143068939955,12.021571534469977
20260931,planted0.00,surv,fixed_21d,top1,5.0,cost_v1,0.0064393937700144566,0.23181001109805338,0.434563234919615,-0.7916397810917001,24.043143068939955,12.021571534469977
20260931,planted0.00,surv,fixed_21d,top1,10.0,cost_v1,0.00039659333336961033,0.21794499914127202,0.43457821738009345,-0.8011348908988231,24.043143068939955,12.021571534469977
20260931,planted0.00,surv,fixed_21d,top1,20.0,cost_v1,-0.011589343518323858,0.19020918053321895,0.43462797531835345,-0.8188594647958801,24.043143068939955,12.021571534469977
20260931,planted0.00,surv,fixed_21d,top10_ew,0.0,primary,0.15279432493513956,0.6878049641553963,0.2543291904507222,-0.5020461471743314,23.715796519615985,12.021571534469977
20260931,planted0.00,surv,fixed_21d,top10_ew,5.0,primary,0.14597801346946948,0.6644234809467652,0.2543358235122157,-0.5034702714474906,23.715796519615985,12.021571534469977
20260931,planted0.00,surv,fixed_21d,top10_ew,10.0,primary,0.13919867483947113,0.6410155699779198,0.2543534264836683,-0.5048910040151287,23.715796519615985,12.021571534469977
20260931,planted0.00,surv,fixed_21d,top10_ew,20.0,primary,0.12575018702392082,0.5941326294857661,0.2544215316296186,-0.5077223198532956,23.715796519615985,12.021571534469977
20260931,planted0.00,surv,fixed_21d,top10_ew,0.0,stress,0.15279432493513956,0.6878049641553963,0.2543291904507222,-0.5020461471743314,23.715796519615985,12.021571534469977
20260931,planted0.00,surv,fixed_21d,top10_ew,5.0,stress,0.14597801346946948,0.6644234809467652,0.2543358235122157,-0.5034702714474906,23.715796519615985,12.021571534469977
20260931,planted0.00,surv,fixed_21d,top10_ew,10.0,stress,0.13919867483947113,0.6410155699779198,0.2543534264836683,-0.5048910040151287,23.715796519615985,12.021571534469977
20260931,planted0.00,surv,fixed_21d,top10_ew,20.0,stress,0.12575018702392082,0.5941326294857661,0.2544215316296186,-0.5077223198532956,23.715796519615985,12.021571534469977
20260931,planted0.00,surv,fixed_21d,top10_ew,0.0,cost_v1,0.15279432493513956,0.6878049641553963,0.2543291904507222,-0.5020461471743314,23.715796519615985,12.021571534469977
20260931,planted0.00,surv,fixed_21d,top10_ew,5.0,cost_v1,0.1458846400693612,0.6640905020263075,0.25434322597665593,-0.5035437594313148,23.715796519615985,12.021571534469977
20260931,planted0.00,surv,fixed_21d,top10_ew,10.0,cost_v1,0.13901294377165452,0.6403502763887114,0.2543685347473015,-0.5050376170871367,23.715796519615985,12.021571534469977
20260931,planted0.00,surv,fixed_21d,top10_ew,20.0,cost_v1,0.12538275774959784,0.5928052284237163,0.2544529570690735,-0.5080140987149768,23.715796519615985,12.021571534469977
20260931,planted0.00,surv,fixed_126d,top1,0.0,primary,-0.01842662113946758,0.16405823144544363,0.4172666589809146,-0.891991509623351,4.007190511489992,2.003595255744996
20260931,planted0.00,surv,fixed_126d,top1,5.0,primary,-0.019409708983411766,0.16164868735548704,0.4172604062142441,-0.8932267995763831,4.007190511489992,2.003595255744996
20260931,planted0.00,surv,fixed_126d,top1,10.0,primary,-0.020392296757455353,0.15923861932703176,0.41725533709813106,-0.8944485690841936,4.007190511489992,2.003595255744996
20260931,planted0.00,surv,fixed_126d,top1,20.0,primary,-0.02235597213941487,0.1544169933695518,0.417248749980064,-0.8968521106656702,4.007190511489992,2.003595255744996
20260931,planted0.00,surv,fixed_126d,top1,0.0,stress,-0.01842662113946758,0.16405823144544363,0.4172666589809146,-0.891991509623351,4.007190511489992,2.003595255744996
20260931,planted0.00,surv,fixed_126d,top1,5.0,stress,-0.019409708983411766,0.16164868735548704,0.4172604062142441,-0.8932267995763831,4.007190511489992,2.003595255744996
20260931,planted0.00,surv,fixed_126d,top1,10.0,stress,-0.020392296757455353,0.15923861932703176,0.41725533709813106,-0.8944485690841936,4.007190511489992,2.003595255744996
20260931,planted0.00,surv,fixed_126d,top1,20.0,stress,-0.02235597213941487,0.1544169933695518,0.417248749980064,-0.8968521106656702,4.007190511489992,2.003595255744996
20260931,planted0.00,surv,fixed_126d,top1,0.0,cost_v1,-0.01842662113946758,0.16405823144544363,0.4172666589809146,-0.891991509623351,4.007190511489992,2.003595255744996
20260931,planted0.00,surv,fixed_126d,top1,5.0,cost_v1,-0.019407034364824605,0.1616553025476391,0.41726048698204415,-0.8932217516430717,4.007190511489992,2.003595255744996
20260931,planted0.00,surv,fixed_126d,top1,10.0,cost_v1,-0.02038695701268023,0.1592518471275572,0.4172555082625403,-0.8944385836979932,4.007190511489992,2.003595255744996
20260931,planted0.00,surv,fixed_126d,top1,20.0,cost_v1,-0.02234533057940935,0.1544434390776668,0.41724913082225645,-0.8968325749102738,4.007190511489992,2.003595255744996
20260931,planted0.00,surv,fixed_126d,top10_ew,0.0,primary,0.1722237463699514,0.755901380482802,0.2531917437173183,-0.5313377736924145,3.8950155457405797,2.003595255744996
20260931,planted0.00,surv,fixed_126d,top10_ew,5.0,primary,0.17108257060887433,0.7520431313212244,0.25319269229160335,-0.5315547822368856,3.8950155457405797,2.003595255744996
20260931,planted0.00,surv,fixed_126d,top10_ew,10.0,primary,0.16994195817513602,0.748179479330077,0.25319547903680795,-0.5317717907813564,3.8950155457405797,2.003595255744996
20260931,planted0.00,surv,fixed_126d,top10_ew,20.0,primary,0.16766242324103064,0.7404363052163795,0.2532065667571763,-0.5322058078702985,3.8950155457405797,2.003595255744996
20260931,planted0.00,surv,fixed_126d,top10_ew,0.0,stress,0.1722237463699514,0.755901380482802,0.2531917437173183,-0.5313377736924145,3.8950155457405797,2.003595255744996
20260931,planted0.00,surv,fixed_126d,top10_ew,5.0,stress,0.17108257060887433,0.7520431313212244,0.25319269229160335,-0.5315547822368856,3.8950155457405797,2.003595255744996
20260931,planted0.00,surv,fixed_126d,top10_ew,10.0,stress,0.16994195817513602,0.748179479330077,0.25319547903680795,-0.5317717907813564,3.8950155457405797,2.003595255744996
20260931,planted0.00,surv,fixed_126d,top10_ew,20.0,stress,0.16766242324103064,0.7404363052163795,0.2532065667571763,-0.5322058078702985,3.8950155457405797,2.003595255744996
20260931,planted0.00,surv,fixed_126d,top10_ew,0.0,cost_v1,0.1722237463699514,0.755901380482802,0.2531917437173183,-0.5313377736924145,3.8950155457405797,2.003595255744996
20260931,planted0.00,surv,fixed_126d,top10_ew,5.0,cost_v1,0.17105032670226583,0.751933295126615,0.25319310899966246,-0.5315722257769417,3.8950155457405797,2.003595255744996
20260931,planted0.00,surv,fixed_126d,top10_ew,10.0,cost_v1,0.16987749560997822,0.7479594430058961,0.253196440896696,-0.5318066778614687,3.8950155457405797,2.003595255744996
20260931,planted0.00,surv,fixed_126d,top10_ew,20.0,cost_v1,0.16753359914736166,0.7399948110593214,0.2532090041784721,-0.5322755820305232,3.8950155457405797,2.003595255744996
20260931,planted0.01,pit,argmax_conf,top1,0.0,primary,-0.1335347110685069,0.07333957384032282,0.6223142174024375,-0.9791981103717875,9.855522609340252,4.981912527798369
20260931,planted0.01,pit,argmax_conf,top1,5.0,primary,-0.13566747698692716,0.06935003320020024,0.6222877580465416,-0.9792137091887725,9.855522609340252,4.981912527798369
20260931,planted0.01,pit,argmax_conf,top1,10.0,primary,-0.1377960447542369,0.06535994859436096,0.622263247398748,-0.979229302805285,9.855522609340252,4.981912527798369
20260931,planted0.01,pit,argmax_conf,top1,20.0,primary,-0.14204061061918583,0.057378297112150554,0.6222200731303266,-0.9792604744368929,9.855522609340252,4.981912527798369
20260931,planted0.01,pit,argmax_conf,top1,0.0,stress,-0.16636698242884285,0.02077246828840326,0.6301190487474402,-0.9850762331004078,9.855522609340252,4.981912527798369
20260931,planted0.01,pit,argmax_conf,top1,5.0,stress,-0.1684189331660021,0.016830142706525816,0.6300924076805495,-0.9855282649551027,9.855522609340252,4.981912527798369
20260931,planted0.01,pit,argmax_conf,top1,10.0,stress,-0.17046684482920937,0.012887444372907586,0.6300676911683588,-0.9859668183814432,9.855522609340252,4.981912527798369
20260931,planted0.01,pit,argmax_conf,top1,20.0,stress,-0.17455057477832303,0.005001073801402365,0.6300240326964682,-0.9868050606325189,9.855522609340252,4.981912527798369
20260931,planted0.01,pit,argmax_conf,top1,0.0,cost_v1,-0.1335347110685069,0.07333957384032282,0.6223142174024375,-0.9791981103717875,9.855522609340252,4.981912527798369
20260931,planted0.01,pit,argmax_conf,top1,5.0,cost_v1,-0.13567824335500311,0.06933207909779183,0.6222901924792934,-0.9792081294394425,9.855522609340252,4.981912527798369
20260931,planted0.01,pit,argmax_conf,top1,10.0,cost_v1,-0.13781753564387478,0.06532406862354526,0.6222681325729407,-0.9792181485070975,9.855522609340252,4.981912527798369
20260931,planted0.01,pit,argmax_conf,top1,20.0,cost_v1,-0.14208342535445095,0.057306652083692504,0.6222299086279813,-0.9792381866424075,9.855522609340252,4.981912527798369
20260931,planted0.01,pit,argmax_conf,top10_ew,0.0,primary,0.06463155649337349,0.3720278675353402,0.2585052729434884,-0.6066830885644461,9.913278152414213,4.981912527798369
20260931,planted0.01,pit,argmax_conf,top10_ew,5.0,primary,0.061995674616512675,0.36243242397395586,0.2584715516221765,-0.6068797470201639,9.913278152414213,4.981912527798369
20260931,planted0.01,pit,argmax_conf,top10_ew,10.0,primary,0.05936501816877948,0.35282806773477027,0.25844252445984206,-0.6070764054758817,9.913278152414213,4.981912527798369
20260931,planted0.01,pit,argmax_conf,top10_ew,20.0,primary,0.054119350440757996,0.3335946920543917,0.258398558684089,-0.6074697223873171,9.913278152414213,4.981912527798369
20260931,planted0.01,pit,argmax_conf,top10_ew,0.0,stress,0.05707159785628613,0.34387128607614564,0.26018171886141706,-0.6066830885644461,9.91962329524371,4.981912527798369
20260931,planted0.01,pit,argmax_conf,top10_ew,5.0,stress,0.05445275994480858,0.33432799344437714,0.26014786316565497,-0.6068797470201639,9.91962329524371,4.981912527798369
20260931,planted0.01,pit,argmax_conf,top10_ew,10.0,stress,0.05183911706871047,0.32477638606110926,0.26011867712499837,-0.6070764054758817,9.91962329524371,4.981912527798369
20260931,planted0.01,pit,argmax_conf,top10_ew,20.0,stress,0.046627385463060556,0.30565026764231623,0.2600743200459216,-0.6074697223873171,9.91962329524371,4.981912527798369
20260931,planted0.01,pit,argmax_conf,top10_ew,0.0,cost_v1,0.06463155649337349,0.3720278675353402,0.2585052729434884,-0.6066830885644461,9.913278152414213,4.981912527798369
20260931,planted0.01,pit,argmax_conf,top10_ew,5.0,cost_v1,0.061992274427447924,0.3624195319651721,0.25847276574623135,-0.6068796890807323,9.913278152414213,4.981912527798369
20260931,planted0.01,pit,argmax_conf,top10_ew,10.0,cost_v1,0.059358224309701946,0.35280232303505504,0.258444987977357,-0.6070762895970185,9.913278152414213,4.981912527798369
20260931,planted0.01,pit,argmax_conf,top10_ew,20.0,cost_v1,0.054105788845063785,0.333543379309225,0.25840362656590143,-0.607469490629591,9.913278152414213,4.981912527798369
20260931,planted0.01,pit,fixed_1d,top1,0.0,primary,0.257727764376279,0.7586592312114512,0.41990242358509283,-0.6731904579870452,502.4150481838399,251.47828020756114
20260931,planted0.01,pit,fixed_1d,top1,5.0,primary,0.10923607899437071,0.4588274704742446,0.41969252683292285,-0.7036316380982861,502.4150481838399,251.47828020756114
20260931,planted0.01,pit,fixed_1d,top1,10.0,primary,-0.02178565545387945,0.15869558847840745,0.4194828079642902,-0.7901618236351564,502.4150481838399,251.47828020756114
20260931,planted0.01,pit,fixed_1d,top1,20.0,primary,-0.2393723631230329,-0.44246881093707824,0.4190639049456634,-0.9953293419449107,502.4150481838399,251.47828020756114
20260931,planted0.01,pit,fixed_1d,top1,0.0,stress,0.257727764376279,0.7586592312114512,0.41990242358509283,-0.6731904579870452,502.4150481838399,251.47828020756114
20260931,planted0.01,pit,fixed_1d,top1,5.0,stress,0.10923607899437071,0.4588274704742446,0.41969252683292285,-0.7036316380982861,502.4150481838399,251.47828020756114
20260931,planted0.01,pit,fixed_1d,top1,10.0,stress,-0.02178565545387945,0.15869558847840745,0.4194828079642902,-0.7901618236351564,502.4150481838399,251.47828020756114
20260931,planted0.01,pit,fixed_1d,top1,20.0,stress,-0.2393723631230329,-0.44246881093707824,0.4190639049456634,-0.9953293419449107,502.4150481838399,251.47828020756114
20260931,planted0.01,pit,fixed_1d,top1,0.0,cost_v1,0.257727764376279,0.7586592312114512,0.41990242358509283,-0.6731904579870452,502.4150481838399,251.47828020756114
20260931,planted0.01,pit,fixed_1d,top1,5.0,cost_v1,0.10916330577749322,0.45865418973949035,0.4199023580535766,-0.7037399367104341,502.4150481838399,251.47828020756114
20260931,planted0.01,pit,fixed_1d,top1,10.0,cost_v1,-0.02191405525711798,0.15864904242390462,0.4199023248223512,-0.7901591510581331,502.4150481838399,251.47828020756114
20260931,planted0.01,pit,fixed_1d,top1,20.0,cost_v1,-0.2395721828892936,-0.44136129280940034,0.4199023552607956,-0.9953505285089551,502.4150481838399,251.47828020756114
20260931,planted0.01,pit,fixed_1d,top10_ew,0.0,primary,0.26429920662187945,1.0445145886559668,0.25653295513939733,-0.43521779472696576,498.18344634421845,251.47828020756114
20260931,planted0.01,pit,fixed_1d,top10_ew,5.0,primary,0.11621248325791056,0.5578714407380472,0.2564084817982792,-0.4672680946258533,498.18344634421845,251.47828020756114
20260931,planted0.01,pit,fixed_1d,top10_ew,10.0,primary,-0.014589813071710145,0.07075551137700846,0.25628426463837606,-0.7257515548940957,498.18344634421845,251.47828020756114
20260931,planted0.01,pit,fixed_1d,top10_ew,20.0,primary,-0.23214931919786086,-0.9048915873357812,0.2560366003528943,-0.9936988266395278,498.18344634421845,251.47828020756114
20260931,planted0.01,pit,fixed_1d,top10_ew,0.0,stress,0.237612767534354,0.9586976728865969,0.25742649315402877,-0.43521779472696576,498.2026622806465,251.47828020756114
20260931,planted0.01,pit,fixed_1d,top10_ew,5.0,stress,0.09264656168908947,0.47372747072994204,0.2572995438482552,-0.4761463881032092,498.2026622806465,251.47828020756114
20260931,planted0.01,pit,fixed_1d,top10_ew,10.0,stress,-0.03539882502400793,-0.01172151604369117,0.257172848675199,-0.7496494776856208,498.2026622806465,251.47828020756114
20260931,planted0.01,pit,fixed_1d,top10_ew,20.0,stress,-0.24837134583901188,-0.9840529058976161,0.2569202222303316,-0.9956245566903538,498.2026622806465,251.47828020756114
20260931,planted0.01,pit,fixed_1d,top10_ew,0.0,cost_v1,0.26429920662187945,1.0445145886559668,0.25653295513939733,-0.43521779472696576,498.18344634421845,251.47828020756114
20260931,planted0.01,pit,fixed_1d,top10_ew,5.0,cost_v1,0.11499310629776249,0.5534555495568371,0.25653286911602197,-0.46775824553652945,498.18344634421845,251.47828020756114
20260931,planted0.01,pit,fixed_1d,top10_ew,10.0,cost_v1,-0.016742643158634052,0.06239616826356561,0.2565328359629347,-0.731908572286555,498.18344634421845,251.47828020756114
20260931,planted0.01,pit,fixed_1d,top10_ew,20.0,cost_v1,-0.23550393217270826,-0.9197224064436507,0.2565329282676736,-0.9941795023356319,498.18344634421845,251.47828020756114
20260931,planted0.01,pit,fixed_21d,top1,0.0,primary,-0.012808516274982917,0.18770092502343116,0.43291424924117194,-0.7746095412133124,23.934840622683467,12.021571534469977
20260931,planted0.01,pit,fixed_21d,top1,5.0,primary,-0.018699411211118733,0.1738312538078578,0.43287331982593136,-0.7761261745810929,23.934840622683467,12.021571534469977
20260931,planted0.01,pit,fixed_21d,top1,10.0,primary,-0.024558067941223727,0.15995651328672633,0.4328390097383711,-0.7776333399720494,23.934840622683467,12.021571534469977
20260931,planted0.01,pit,fixed_21d,top1,20.0,primary,-0.03617930791103585,0.1321943646330838,0.43279025353965694,-0.7806194845583428,23.934840622683467,12.021571534469977
20260931,planted0.01,pit,fixed_21d,top1,0.0,stress,-0.012808516274982917,0.18770092502343116,0.43291424924117194,-0.7746095412133124,23.934840622683467,12.021571534469977
20260931,planted0.01,pit,fixed_21d,top1,5.0,stress,-0.018699411211118733,0.1738312538078578,0.43287331982593136,-0.7761261745810929,23.934840622683467,12.021571534469977
20260931,planted0.01,pit,fixed_21d,top1,10.0,stress,-0.024558067941223727,0.15995651328672633,0.4328390097383711,-0.7776333399720494,23.934840622683467,12.021571534469977
20260931,planted0.01,pit,fixed_21d,top1,20.0,stress,-0.03617930791103585,0.1321943646330838,0.43279025353965694,-0.7806194845583428,23.934840622683467,12.021571534469977
20260931,planted0.01,pit,fixed_21d,top1,0.0,cost_v1,-0.012808516274982917,0.18770092502343116,0.43291424924117194,-0.7746095412133124,23.934840622683467,12.021571534469977
20260931,planted0.01,pit,fixed_21d,top1,5.0,cost_v1,-0.018714018646511454,0.17380284602152,0.4328838546940399,-0.7760611887313913,23.934840622683467,12.021571534469977
20260931,planted0.01,pit,fixed_21d,top1,10.0,cost_v1,-0.024587118154939525,0.15990036863441992,0.4328600830497981,-0.7775042026754418,23.934840622683467,12.021571534469977
20260931,planted0.01,pit,fixed_21d,top1,20.0,cost_v1,-0.03623675477619015,0.13208476768387625,0.4328324125308154,-0.7803645179541399,23.934840622683467,12.021571534469977
20260931,planted0.01,pit,fixed_21d,top10_ew,0.0,primary,0.07254388971295822,0.40559582891947665,0.2510888046554461,-0.5993919601438776,23.854516507631057,12.021571534469977
20260931,planted0.01,pit,fixed_21d,top10_ew,5.0,primary,0.06616509524414504,0.38178149174782744,0.25110731864718033,-0.6013904995065754,23.854516507631057,12.021571534469977
20260931,planted0.01,pit,fixed_21d,top10_ew,10.0,primary,0.0598211042222101,0.3579546805989205,0.25113704728430003,-0.6033800611695834,23.854516507631057,12.021571534469977
20260931,planted0.01,pit,fixed_21d,top10_ew,20.0,primary,0.04723684215769208,0.3102764421860877,0.25123013106821107,-0.6073323947347263,23.854516507631057,12.021571534469977
20260931,planted0.01,pit,fixed_21d,top10_ew,0.0,stress,0.061814207315994185,0.36524043908812864,0.2516026109208105,-0.5993919601438776,23.86338508802758,12.021571534469977
20260931,planted0.01,pit,fixed_21d,top10_ew,5.0,stress,0.05549688473241887,0.34147025087990795,0.2516199821605707,-0.6013904995065754,23.86338508802758,12.021571534469977
20260931,planted0.01,pit,fixed_21d,top10_ew,10.0,stress,0.04921404309320199,0.3176892044803465,0.2516485535347935,-0.6033800611695834,23.86338508802758,12.021571534469977
20260931,planted0.01,pit,fixed_21d,top10_ew,20.0,stress,0.036751118425799145,0.2701072692771402,0.25173927993768036,-0.6073323947347263,23.86338508802758,12.021571534469977
20260931,planted0.01,pit,fixed_21d,top10_ew,0.0,cost_v1,0.07254388971295822,0.40559582891947665,0.2510888046554461,-0.5993919601438776,23.854516507631057,12.021571534469977
20260931,planted0.01,pit,fixed_21d,top10_ew,5.0,cost_v1,0.06611075282929502,0.38157489457969523,0.25111351433738444,-0.6013996256044534,23.854516507631057,12.021571534469977
20260931,planted0.01,pit,fixed_21d,top10_ew,10.0,cost_v1,0.0597130091685687,0.35754243416828313,0.25114964010889423,-0.6033982323181676,23.854516507631057,12.021571534469977
20260931,planted0.01,pit,fixed_21d,top10_ew,20.0,cost_v1,0.047022993753555786,0.3094560876198671,0.2512561186675673,-0.6073684147609186,23.854516507631057,12.021571534469977
20260931,planted0.01,pit,fixed_126d,top1,0.0,primary,-0.04267868140349973,0.1852152337086091,0.5555290957652483,-0.9791981103717875,3.79058561897702,2.003595255744996
20260931,planted0.01,pit,fixed_126d,top1,5.0,primary,-0.043585670737157134,0.183509346022581,0.5555335273447427,-0.9792137091887725,3.79058561897702,2.003595255744996
20260931,planted0.01,pit,fixed_126d,top1,10.0,primary,-0.044492234529852404,0.18180322125175427,0.5555387665510645,-0.979229302805285,3.79058561897702,2.003595255744996
20260931,planted0.01,pit,fixed_126d,top1,20.0,primary,-0.04630408551171916,0.17839029027819361,0.5555516677492702,-0.9792604744368929,3.79058561897702,2.003595255744996
20260931,planted0.01,pit,fixed_126d,top1,0.0,stress,-0.11385415326467851,0.06596604950120886,0.5728732963054388,-0.9810867485028957,3.79058561897702,2.003595255744996
20260931,planted0.01,pit,fixed_126d,top1,5.0,stress,-0.1146937092376219,0.06431279401665196,0.5728771666338173,-0.9813077318748755,3.79058561897702,2.003595255744996
20260931,planted0.01,pit,fixed_126d,top1,10.0,stress,-0.11553287130796552,0.06265947520882566,0.5728818201475503,-0.9815262384393825,3.79058561897702,2.003595255744996
20260931,planted0.01,pit,fixed_126d,top1,20.0,stress,-0.11721001375877649,0.059352674760725456,0.5728934766515282,-0.9819559272014288,3.79058561897702,2.003595255744996
20260931,planted0.01,pit,fixed_126d,top1,0.0,cost_v1,-0.04267868140349973,0.1852152337086091,0.5555290957652483,-0.9791981103717875,3.79058561897702,2.003595255744996
20260931,planted0.01,pit,fixed_126d,top1,5.0,cost_v1,-0.04364061419708698,0.18340666439893363,0.5555348372356357,-0.9792081294394425,3.79058561897702,2.003595255744996
20260931,planted0.01,pit,fixed_126d,top1,10.0,cost_v1,-0.04460206297571245,0.18159783949964342,0.555541474961712,-0.9792181485070975,3.79058561897702,2.003595255744996
20260931,planted0.01,pit,fixed_126d,top1,20.0,cost_v1,-0.04652350849167142,0.17797945803103868,0.5555574390480933,-0.9792381866424075,3.79058561897702,2.003595255744996
20260931,planted0.01,pit,fixed_126d,top10_ew,0.0,primary,0.041723228976337845,0.28810100593805993,0.2570827344574178,-0.6066830885644461,3.941520073590144,2.003595255744996
20260931,planted0.01,pit,fixed_126d,top10_ew,5.0,primary,0.040696991957352324,0.2842603581884211,0.257075155790724,-0.6068797470201639,3.941520073590144,2.003595255744996
20260931,planted0.01,pit,fixed_126d,top10_ew,10.0,primary,0.03967126740240845,0.2804174539716356,0.25706943810149924,-0.6070764054758817,3.941520073590144,2.003595255744996
20260931,planted0.01,pit,fixed_126d,top10_ew,20.0,primary,0.037621355642305065,0.2727252089905754,0.2570635861117491,-0.6074697223873171,3.941520073590144,2.003595255744996
20260931,planted0.01,pit,fixed_126d,top10_ew,0.0,stress,0.026831448340302266,0.232195942499457,0.259202690982488,-0.6066830885644461,3.954228642858562,2.003595255744996
20260931,planted0.01,pit,fixed_126d,top10_ew,5.0,stress,0.025816621110156923,0.22837290693277598,0.2591948500237834,-0.6068797470201639,3.954228642858562,2.003595255744996
20260931,planted0.01,pit,fixed_126d,top10_ew,10.0,stress,0.024802302574814306,0.22454803154786954,0.2591888657032869,-0.6070764054758817,3.954228642858562,2.003595255744996
20260931,planted0.01,pit,fixed_126d,top10_ew,20.0,stress,0.022775191545844287,0.21689308928681586,0.2591824674514384,-0.6074697223873171,3.954228642858562,2.003595255744996
20260931,planted0.01,pit,fixed_126d,top10_ew,0.0,cost_v1,0.041723228976337845,0.28810100593805993,0.2570827344574178,-0.6066830885644461,3.941520073590144,2.003595255744996
20260931,planted0.01,pit,fixed_126d,top10_ew,5.0,cost_v1,0.040682237204516136,0.2842050596513801,0.2570754181745058,-0.6068796890807323,3.941520073590144,2.003595255744996
20260931,planted0.01,pit,fixed_126d,top10_ew,10.0,cost_v1,0.03964176667136887,0.28030677974080853,0.2570700386716259,-0.6070762895970185,3.941520073590144,2.003595255744996
20260931,planted0.01,pit,fixed_126d,top10_ew,20.0,cost_v1,0.037562389317357336,0.2725035705433849,0.2570650904485494,-0.607469490629591,3.941520073590144,2.003595255744996
20260931,planted0.01,surv,argmax_conf,top1,0.0,primary,0.1414684674759925,0.5147532772106223,0.47742019851877704,-0.8090860481583019,11.696664195700519,5.8483320978502595
20260931,planted0.01,surv,argmax_conf,top1,5.0,primary,0.13813467114064792,0.5086134369601274,0.4774121683608883,-0.8094675897865024,11.696664195700519,5.8483320978502595
20260931,planted0.01,surv,argmax_conf,top1,10.0,primary,0.13480895840578921,0.5024702362923873,0.4774071347373541,-0.8098485592454224,11.696664195700519,5.8483320978502595
20260931,planted0.01,surv,argmax_conf,top1,20.0,primary,0.12818172139187434,0.4901742157835084,0.4774060574160591,-0.810608783944383,11.696664195700519,5.8483320978502595
20260931,planted0.01,surv,argmax_conf,top1,0.0,stress,0.1414684674759925,0.5147532772106223,0.47742019851877704,-0.8090860481583019,11.696664195700519,5.8483320978502595
20260931,planted0.01,surv,argmax_conf,top1,5.0,stress,0.13813467114064792,0.5086134369601274,0.4774121683608883,-0.8094675897865024,11.696664195700519,5.8483320978502595
20260931,planted0.01,surv,argmax_conf,top1,10.0,stress,0.13480895840578921,0.5024702362923873,0.4774071347373541,-0.8098485592454224,11.696664195700519,5.8483320978502595
20260931,planted0.01,surv,argmax_conf,top1,20.0,stress,0.12818172139187434,0.4901742157835084,0.4774060574160591,-0.810608783944383,11.696664195700519,5.8483320978502595
20260931,planted0.01,surv,argmax_conf,top1,0.0,cost_v1,0.1414684674759925,0.5147532772106223,0.47742019851877704,-0.8090860481583019,11.696664195700519,5.8483320978502595
20260931,planted0.01,surv,argmax_conf,top1,5.0,cost_v1,0.13813963603146884,0.5086222866790515,0.4774151987268895,-0.8094589754791062,11.696664195700519,5.8483320978502595
20260931,planted0.01,surv,argmax_conf,top1,10.0,cost_v1,0.1348188555890033,0.5024880128097001,0.4774131964027049,-0.8098313566551676,11.696664195700519,5.8483320978502595
20260931,planted0.01,surv,argmax_conf,top1,20.0,cost_v1,0.12820138588538788,0.4902100770872629,0.47741818425184546,-0.8105744827047326,11.696664195700519,5.8483320978502595
20260931,planted0.01,surv,argmax_conf,top10_ew,0.0,primary,0.17347689237058228,0.7442778522422038,0.2612289521636397,-0.5230588091248471,11.428935816488591,5.8483320978502595
20260931,planted0.01,surv,argmax_conf,top10_ew,5.0,primary,0.1701279647559304,0.7333452322339152,0.26121022113142583,-0.5237738632648841,11.428935816488591,5.8483320978502595
20260931,planted0.01,surv,argmax_conf,top10_ew,10.0,primary,0.16678696798864867,0.7223965371683614,0.26119673529274456,-0.524488202350841,11.428935816488591,5.8483320978502595
20260931,planted0.01,surv,argmax_conf,top10_ew,20.0,primary,0.16012870728471285,0.7004535444678128,0.26118550212988645,-0.525914736791337,11.428935816488591,5.8483320978502595
20260931,planted0.01,surv,argmax_conf,top10_ew,0.0,stress,0.17347689237058228,0.7442778522422038,0.2612289521636397,-0.5230588091248471,11.428935816488591,5.8483320978502595
20260931,planted0.01,surv,argmax_conf,top10_ew,5.0,stress,0.1701279647559304,0.7333452322339152,0.26121022113142583,-0.5237738632648841,11.428935816488591,5.8483320978502595
20260931,planted0.01,surv,argmax_conf,top10_ew,10.0,stress,0.16678696798864867,0.7223965371683614,0.26119673529274456,-0.524488202350841,11.428935816488591,5.8483320978502595
20260931,planted0.01,surv,argmax_conf,top10_ew,20.0,stress,0.16012870728471285,0.7004535444678128,0.26118550212988645,-0.525914736791337,11.428935816488591,5.8483320978502595
20260931,planted0.01,surv,argmax_conf,top10_ew,0.0,cost_v1,0.17347689237058228,0.7442778522422038,0.2612289521636397,-0.5230588091248471,11.428935816488591,5.8483320978502595
20260931,planted0.01,surv,argmax_conf,top10_ew,5.0,cost_v1,0.1700567679171774,0.7331045513196095,0.261214203885179,-0.5237471727983656,11.428935816488591,5.8483320978502595
20260931,planted0.01,surv,argmax_conf,top10_ew,10.0,cost_v1,0.16664491079186416,0.7219148486207514,0.26120493348424356,-0.5244348738157911,11.428935816488591,5.8483320978502595
20260931,planted0.01,surv,argmax_conf,top10_ew,20.0,cost_v1,0.15984593506991462,0.6994890436582469,0.2612028283033036,-0.5258082891587936,11.428935816488591,5.8483320978502595
20260931,planted0.01,surv,fixed_1d,top1,0.0,primary,0.14483399800980146,0.5287070397125019,0.44148651562715713,-0.8093214506734177,501.6569310600444,251.47828020756114
20260931,planted0.01,surv,fixed_1d,top1,5.0,primary,0.009862372367411165,0.24396664769961646,0.44127170564533,-0.8388159292653186,501.6569310600444,251.47828020756114
20260931,planted0.01,surv,fixed_1d,top1,10.0,primary,-0.10925250767562766,-0.04105106641879253,0.44105726909921267,-0.9318210886648769,501.6569310600444,251.47828020756114
20260931,planted0.01,surv,fixed_1d,top1,20.0,primary,-0.30712072600043305,-0.6119171774245636,0.4406295184939903,-0.999080700829079,501.6569310600444,251.47828020756114
20260931,planted0.01,surv,fixed_1d,top1,0.0,stress,0.14483399800980146,0.5287070397125019,0.44148651562715713,-0.8093214506734177,501.6569310600444,251.47828020756114
20260931,planted0.01,surv,fixed_1d,top1,5.0,stress,0.009862372367411165,0.24396664769961646,0.44127170564533,-0.8388159292653186,501.6569310600444,251.47828020756114
20260931,planted0.01,surv,fixed_1d,top1,10.0,stress,-0.10925250767562766,-0.04105106641879253,0.44105726909921267,-0.9318210886648769,501.6569310600444,251.47828020756114
20260931,planted0.01,surv,fixed_1d,top1,20.0,stress,-0.30712072600043305,-0.6119171774245636,0.4406295184939903,-0.999080700829079,501.6569310600444,251.47828020756114
20260931,planted0.01,surv,fixed_1d,top1,0.0,cost_v1,0.14483399800980146,0.5287070397125019,0.44148651562715713,-0.8093214506734177,501.6569310600444,251.47828020756114
20260931,planted0.01,surv,fixed_1d,top1,5.0,cost_v1,0.00955257917042962,0.24336907471485647,0.44148647406405805,-0.8389723856957529,501.6569310600444,251.47828020756114
20260931,planted0.01,surv,fixed_1d,top1,10.0,cost_v1,-0.10979911467534575,-0.04196894108780723,0.44148646322210405,-0.9322924027926418,501.6569310600444,251.47828020756114
20260931,planted0.01,surv,fixed_1d,top1,20.0,cost_v1,-0.30797141360963043,-0.612644886842867,0.44148653370163393,-0.9991017607372049,501.6569310600444,251.47828020756114
20260931,planted0.01,surv,fixed_1d,top10_ew,0.0,primary,0.37280573888293445,1.2985743023724665,0.27316485227966053,-0.4984466948023537,495.5891496323143,251.47828020756114
20260931,planted0.01,surv,fixed_1d,top10_ew,5.0,primary,0.21279640578861603,0.8439574014724092,0.27302436286393134,-0.535543889111319,495.5891496323143,251.47828020756114
20260931,planted0.01,surv,fixed_1d,top10_ew,10.0,primary,0.07137163924302037,0.38887191188095177,0.27288421436138277,-0.5795723100525713,495.5891496323143,251.47828020756114
20260931,planted0.01,surv,fixed_1d,top10_ew,20.0,primary,-0.16407980430921842,-0.5227008872667087,0.27260494219774495,-0.9757486591199933,495.5891496323143,251.47828020756114
20260931,planted0.01,surv,fixed_1d,top10_ew,0.0,stress,0.37280573888293445,1.2985743023724665,0.27316485227966053,-0.4984466948023537,495.5891496323143,251.47828020756114
20260931,planted0.01,surv,fixed_1d,top10_ew,5.0,stress,0.21279640578861603,0.8439574014724092,0.27302436286393134,-0.535543889111319,495.5891496323143,251.47828020756114
20260931,planted0.01,surv,fixed_1d,top10_ew,10.0,stress,0.07137163924302037,0.38887191188095177,0.27288421436138277,-0.5795723100525713,495.5891496323143,251.47828020756114
20260931,planted0.01,surv,fixed_1d,top10_ew,20.0,stress,-0.16407980430921842,-0.5227008872667087,0.27260494219774495,-0.9757486591199933,495.5891496323143,251.47828020756114
20260931,planted0.01,surv,fixed_1d,top10_ew,0.0,cost_v1,0.37280573888293445,1.2985743023724665,0.27316485227966053,-0.4984466948023537,495.5891496323143,251.47828020756114
20260931,planted0.01,surv,fixed_1d,top10_ew,5.0,cost_v1,0.21073306758174626,0.8374140296815775,0.2731647372932033,-0.5366471107979723,495.5891496323143,251.47828020756114
20260931,planted0.01,surv,fixed_1d,top10_ew,10.0,cost_v1,0.06772753741321358,0.3762533003583255,0.2731646719579651,-0.5815681969661065,495.5891496323143,251.47828020756114
20260931,planted0.01,surv,fixed_1d,top10_ew,20.0,cost_v1,-0.16976205526609123,-0.5460685223226521,0.27316469024126105,-0.9784760237033194,495.5891496323143,251.47828020756114
20260931,planted0.01,surv,fixed_21d,top1,0.0,primary,0.19322842248209793,0.6107798855806871,0.4752400405170665,-0.813964635017413,23.934840622683467,12.021571534469977
20260931,planted0.01,surv,fixed_21d,top1,5.0,primary,0.1861080376453792,0.5981645921922121,0.4752223947127776,-0.8181956628739835,23.934840622683467,12.021571534469977
20260931,planted0.01,surv,fixed_21d,top1,10.0,primary,0.17902661945734066,0.5855409419720133,0.4752107706771999,-0.8223325091157907,23.934840622683467,12.021571534469977
20260931,planted0.01,surv,fixed_21d,top1,20.0,primary,0.16497990808971363,0.5602704869958497,0.475205589450842,-0.8303318166386274,23.934840622683467,12.021571534469977
20260931,planted0.01,surv,fixed_21d,top1,0.0,stress,0.19322842248209793,0.6107798855806871,0.4752400405170665,-0.813964635017413,23.934840622683467,12.021571534469977
20260931,planted0.01,surv,fixed_21d,top1,5.0,stress,0.1861080376453792,0.5981645921922121,0.4752223947127776,-0.8181956628739835,23.934840622683467,12.021571534469977
20260931,planted0.01,surv,fixed_21d,top1,10.0,stress,0.17902661945734066,0.5855409419720133,0.4752107706771999,-0.8223325091157907,23.934840622683467,12.021571534469977
20260931,planted0.01,surv,fixed_21d,top1,20.0,stress,0.16497990808971363,0.5602704869958497,0.475205589450842,-0.8303318166386274,23.934840622683467,12.021571534469977
20260931,planted0.01,surv,fixed_21d,top1,0.0,cost_v1,0.19322842248209793,0.6107798855806871,0.4752400405170665,-0.813964635017413,23.934840622683467,12.021571534469977
20260931,planted0.01,surv,fixed_21d,top1,5.0,cost_v1,0.1860826244349374,0.5981149036183707,0.4752349368908831,-0.8181688049670214,23.934840622683467,12.021571534469977
20260931,planted0.01,surv,fixed_21d,top1,10.0,cost_v1,0.17897607698287876,0.5854422159742163,0.47523586749853447,-0.8222799865753412,23.934840622683467,12.021571534469977
20260931,planted0.01,surv,fixed_21d,top1,20.0,cost_v1,0.1648799502704157,0.5600756556792013,0.4752558310437058,-0.8302313901632243,23.934840622683467,12.021571534469977
20260931,planted0.01,surv,fixed_21d,top10_ew,0.0,primary,0.2083764519944422,0.875307595092478,0.2534968465619568,-0.41298285531206935,23.695068794396118,12.021571534469977
20260931,planted0.01,surv,fixed_21d,top10_ew,5.0,primary,0.20123771921689282,0.8518666648392189,0.25350038891543897,-0.4132470130201813,23.695068794396118,12.021571534469977
20260931,planted0.01,surv,fixed_21d,top10_ew,10.0,primary,0.19413767485659061,0.8283904687264965,0.25351492379778023,-0.413511170728293,23.695068794396118,12.021571534469977
20260931,planted0.01,surv,fixed_21d,top10_ew,20.0,primary,0.18005288914115747,0.7813445523357075,0.25357696215844244,-0.415390810295446,23.695068794396118,12.021571534469977
20260931,planted0.01,surv,fixed_21d,top10_ew,0.0,stress,0.2083764519944422,0.875307595092478,0.2534968465619568,-0.41298285531206935,23.695068794396118,12.021571534469977
20260931,planted0.01,surv,fixed_21d,top10_ew,5.0,stress,0.20123771921689282,0.8518666648392189,0.25350038891543897,-0.4132470130201813,23.695068794396118,12.021571534469977
20260931,planted0.01,surv,fixed_21d,top10_ew,10.0,stress,0.19413767485659061,0.8283904687264965,0.25351492379778023,-0.413511170728293,23.695068794396118,12.021571534469977
20260931,planted0.01,surv,fixed_21d,top10_ew,20.0,stress,0.18005288914115747,0.7813445523357075,0.25357696215844244,-0.415390810295446,23.695068794396118,12.021571534469977
20260931,planted0.01,surv,fixed_21d,top10_ew,0.0,cost_v1,0.2083764519944422,0.875307595092478,0.2534968465619568,-0.41298285531206935,23.695068794396118,12.021571534469977
20260931,planted0.01,surv,fixed_21d,top10_ew,5.0,cost_v1,0.2011368033432821,0.8515208687623749,0.2535061252763153,-0.41326230223015914,23.695068794396118,12.021571534469977
20260931,planted0.01,surv,fixed_21d,top10_ew,10.0,cost_v1,0.1939369400252544,0.8276989541233396,0.253526715106613,-0.41354174914824904,23.695068794396118,12.021571534469977
20260931,planted0.01,surv,fixed_21d,top10_ew,20.0,cost_v1,0.1796557746949241,0.7799623921894983,0.253601815581396,-0.415645422145288,23.695068794396118,12.021571534469977
20260931,planted0.01,surv,fixed_126d,top1,0.0,primary,0.05627818781533711,0.34292444175141096,0.40014169191315596,-0.7865399060643553,4.007190511489992,2.003595255744996
20260931,planted0.01,surv,fixed_126d,top1,5.0,primary,0.05522027990072953,0.34041653895106927,0.4001467393239406,-0.7882411979309768,4.007190511489992,2.003595255744996
20260931,planted0.01,surv,fixed_126d,top1,10.0,primary,0.05416291011494634,0.33790766615055007,0.4001530103356573,-0.7899297715061393,4.007190511489992,2.003595255744996
20260931,planted0.01,surv,fixed_126d,top1,20.0,primary,0.052049784882962635,0.3328871030067625,0.4001692229205635,-0.7932691183401973,4.007190511489992,2.003595255744996
20260931,planted0.01,surv,fixed_126d,top1,0.0,stress,0.05627818781533711,0.34292444175141096,0.40014169191315596,-0.7865399060643553,4.007190511489992,2.003595255744996
20260931,planted0.01,surv,fixed_126d,top1,5.0,stress,0.05522027990072953,0.34041653895106927,0.4001467393239406,-0.7882411979309768,4.007190511489992,2.003595255744996
20260931,planted0.01,surv,fixed_126d,top1,10.0,stress,0.05416291011494634,0.33790766615055007,0.4001530103356573,-0.7899297715061393,4.007190511489992,2.003595255744996
20260931,planted0.01,surv,fixed_126d,top1,20.0,stress,0.052049784882962635,0.3328871030067625,0.4001692229205635,-0.7932691183401973,4.007190511489992,2.003595255744996
20260931,planted0.01,surv,fixed_126d,top1,0.0,cost_v1,0.05627818781533711,0.34292444175141096,0.40014169191315596,-0.7865399060643553,4.007190511489992,2.003595255744996
20260931,planted0.01,surv,fixed_126d,top1,5.0,cost_v1,0.055217580791006915,0.3404104183771765,0.40014846525806735,-0.7882527051087652,4.007190511489992,2.003595255744996
20260931,planted0.01,surv,fixed_126d,top1,10.0,cost_v1,0.05415750712406253,0.3378954294535148,0.4001564828528845,-0.7899526137583734,4.007190511489992,2.003595255744996
20260931,planted0.01,surv,fixed_126d,top1,20.0,cost_v1,0.05203895985846896,0.3328626493034366,0.4001762504814851,-0.7933141216263444,4.007190511489992,2.003595255744996
20260931,planted0.01,surv,fixed_126d,top10_ew,0.0,primary,0.17056422258069537,0.7516429831353604,0.2522836906129375,-0.5343030850654893,3.951029589566767,2.003595255744996
20260931,planted0.01,surv,fixed_126d,top10_ew,5.0,primary,0.16940827866566455,0.7477333525830634,0.25227542202497416,-0.534768665556195,3.951029589566767,2.003595255744996
20260931,planted0.01,surv,fixed_126d,top10_ew,10.0,primary,0.16825291385218688,0.7438178468116202,0.25226905910594244,-0.5352340131984434,3.951029589566767,2.003595255744996
20260931,planted0.01,surv,fixed_126d,top10_ew,20.0,primary,0.16594392147985326,0.7359695614903745,0.2522620508082961,-0.5361640099375675,3.951029589566767,2.003595255744996
20260931,planted0.01,surv,fixed_126d,top10_ew,0.0,stress,0.17056422258069537,0.7516429831353604,0.2522836906129375,-0.5343030850654893,3.951029589566767,2.003595255744996
20260931,planted0.01,surv,fixed_126d,top10_ew,5.0,stress,0.16940827866566455,0.7477333525830634,0.25227542202497416,-0.534768665556195,3.951029589566767,2.003595255744996
20260931,planted0.01,surv,fixed_126d,top10_ew,10.0,stress,0.16825291385218688,0.7438178468116202,0.25226905910594244,-0.5352340131984434,3.951029589566767,2.003595255744996
20260931,planted0.01,surv,fixed_126d,top10_ew,20.0,stress,0.16594392147985326,0.7359695614903745,0.2522620508082961,-0.5361640099375675,3.951029589566767,2.003595255744996
20260931,planted0.01,surv,fixed_126d,top10_ew,0.0,cost_v1,0.17056422258069537,0.7516429831353604,0.2522836906129375,-0.5343030850654893,3.951029589566767,2.003595255744996
20260931,planted0.01,surv,fixed_126d,top10_ew,5.0,cost_v1,0.1693954976174663,0.747691405099836,0.25227467464898873,-0.5347664114963222,3.951029589566767,2.003595255744996
20260931,planted0.01,surv,fixed_126d,top10_ew,10.0,cost_v1,0.1682273573534221,0.743733726181104,0.2522676322257024,-0.5352295073714021,3.951029589566767,2.003595255744996
20260931,planted0.01,surv,fixed_126d,top10_ew,20.0,cost_v1,0.16589283091869267,0.7358004336958672,0.2522594686159505,-0.5361550074543031,3.951029589566767,2.003595255744996
20260931,planted0.03,pit,argmax_conf,top1,0.0,primary,0.06830528880046116,0.3625149498824267,0.36139793373072177,-0.5712449823723014,10.234581171237954,5.144366197183098
20260931,planted0.03,pit,argmax_conf,top1,5.0,primary,0.06557469201811617,0.35541970899508946,0.361393693357692,-0.573703849109891,10.234581171237954,5.144366197183098
20260931,planted0.03,pit,argmax_conf,top1,10.0,primary,0.06284972438097625,0.34832097166875814,0.36139290785340844,-0.5761498077552013,10.234581171237954,5.144366197183098
20260931,planted0.03,pit,argmax_conf,top1,20.0,primary,0.05741664125794488,0.33411382215291485,0.3614017014421077,-0.5810032465250003,10.234581171237954,5.144366197183098
20260931,planted0.03,pit,argmax_conf,top1,0.0,stress,0.04786961525206346,0.3116874832902148,0.36811419840254256,-0.6998714927717692,10.234581171237954,5.144366197183098
20260931,planted0.03,pit,argmax_conf,top1,5.0,stress,0.045191252213219846,0.30472142015167003,0.36810958514008774,-0.7015926994587699,10.234581171237954,5.144366197183098
20260931,planted0.03,pit,argmax_conf,top1,10.0,stress,0.04251841063933748,0.2977524388274434,0.3681083637091378,-0.703304870481329,10.234581171237954,5.144366197183098
20260931,planted0.03,pit,argmax_conf,top1,20.0,stress,0.03718925727704714,0.28380649218380355,0.36811609638304643,-0.7067022775623306,10.234581171237954,5.144366197183098
20260931,planted0.03,pit,argmax_conf,top1,0.0,cost_v1,0.06830528880046116,0.3625149498824267,0.36139793373072177,-0.5712449823723014,10.234581171237954,5.144366197183098
20260931,planted0.03,pit,argmax_conf,top1,5.0,cost_v1,0.06556144302480571,0.3553853207718131,0.3613970016463847,-0.5737948873725194,10.234581171237954,5.144366197183098
20260931,planted0.03,pit,argmax_conf,top1,10.0,cost_v1,0.06282327685243305,0.3482522888209609,0.3613995626683256,-0.5763308848754316,10.234581171237954,5.144366197183098
20260931,planted0.03,pit,argmax_conf,top1,20.0,cost_v1,0.05736394763438146,0.33397684454914656,0.36141516363272835,-0.5813614330373543,10.234581171237954,5.144366197183098
20260931,planted0.03,pit,argmax_conf,top10_ew,0.0,primary,0.11456566258696599,0.5817062923847532,0.23399601318611166,-0.42797577439436796,10.178319094311846,5.144366197183098
20260931,planted0.03,pit,argmax_conf,top10_ew,5.0,primary,0.11173246987504792,0.5708022905126473,0.2339982317549159,-0.43054474119331454,10.178319094311846,5.144366197183098
20260931,planted0.03,pit,argmax_conf,top10_ew,10.0,primary,0.10890508817190825,0.5598859072759982,0.23400571144459617,-0.4331034475307288,10.178319094311846,5.144366197183098
20260931,planted0.03,pit,argmax_conf,top10_ew,20.0,primary,0.10326772153038055,0.53801895337474,0.2340364518140622,-0.4381902222161642,10.178319094311846,5.144366197183098
20260931,planted0.03,pit,argmax_conf,top10_ew,0.0,stress,0.09958415665393683,0.5220276405138372,0.23541798606867867,-0.42797577439436796,10.189904029702051,5.144366197183098
20260931,planted0.03,pit,argmax_conf,top10_ew,5.0,stress,0.09678586846853587,0.5111789700179563,0.23541964476260124,-0.43054474119331454,10.189904029702051,5.144366197183098
20260931,planted0.03,pit,argmax_conf,top10_ew,10.0,stress,0.09399332643697234,0.5003193153460691,0.23542654390637166,-0.4331034475307288,10.189904029702051,5.144366197183098
20260931,planted0.03,pit,argmax_conf,top10_ew,20.0,stress,0.08842544493505367,0.4785699636466591,0.23545606135093522,-0.4381902222161642,10.189904029702051,5.144366197183098
20260931,planted0.03,pit,argmax_conf,top10_ew,0.0,cost_v1,0.11456566258696599,0.5817062923847532,0.23399601318611166,-0.42797577439436796,10.178319094311846,5.144366197183098
20260931,planted0.03,pit,argmax_conf,top10_ew,5.0,cost_v1,0.11170189243730522,0.5706794989795554,0.23400172780721826,-0.4305794685288523,10.178319094311846,5.144366197183098
20260931,planted0.03,pit,argmax_conf,top10_ew,10.0,cost_v1,0.10884405277695675,0.5596403429098222,0.234012836934708,-0.43317262350012453,10.178319094311846,5.144366197183098
20260931,planted0.03,pit,argmax_conf,top10_ew,20.0,cost_v1,0.1031461276459682,0.5375280126595506,0.23405123526326124,-0.43832746521651456,10.178319094311846,5.144366197183098
20260931,planted0.03,pit,fixed_1d,top1,0.0,primary,0.9115977370679071,1.7111344317384851,0.4340581714624571,-0.66535069569997,501.76523350630094,251.47828020756114
20260931,planted0.03,pit,fixed_1d,top1,5.0,primary,0.6861818990687734,1.4214671995981452,0.4338368071813546,-0.677186703187652,501.76523350630094,251.47828020756114
20260931,planted0.03,pit,fixed_1d,top1,10.0,primary,0.48725379673202474,1.1315034461558429,0.4336157365435893,-0.688609700818896,501.76523350630094,251.47828020756114
20260931,planted0.03,pit,fixed_1d,top1,20.0,primary,0.15681669742095905,0.5506869170819517,0.43317447799580466,-0.7102730469145235,501.76523350630094,251.47828020756114
20260931,planted0.03,pit,fixed_1d,top1,0.0,stress,0.9115977370679071,1.7111344317384851,0.4340581714624571,-0.66535069569997,501.76523350630094,251.47828020756114
20260931,planted0.03,pit,fixed_1d,top1,5.0,stress,0.6861818990687734,1.4214671995981452,0.4338368071813546,-0.677186703187652,501.76523350630094,251.47828020756114
20260931,planted0.03,pit,fixed_1d,top1,10.0,stress,0.48725379673202474,1.1315034461558429,0.4336157365435893,-0.688609700818896,501.76523350630094,251.47828020756114
20260931,planted0.03,pit,fixed_1d,top1,20.0,stress,0.15681669742095905,0.5506869170819517,0.43317447799580466,-0.7102730469145235,501.76523350630094,251.47828020756114
20260931,planted0.03,pit,fixed_1d,top1,0.0,cost_v1,0.9115977370679071,1.7111344317384851,0.4340581714624571,-0.66535069569997,501.76523350630094,251.47828020756114
20260931,planted0.03,pit,fixed_1d,top1,5.0,cost_v1,0.6861482252159863,1.4209138051866994,0.4340580028552062,-0.6773790720207038,501.76523350630094,251.47828020756114
20260931,planted0.03,pit,fixed_1d,top1,10.0,cost_v1,0.4871944683645988,1.1306928717698164,0.4340578654948098,-0.6889809154543314,501.76523350630094,251.47828020756114
20260931,planted0.03,pit,fixed_1d,top1,20.0,cost_v1,0.15672463423274774,0.5502503350479544,0.43405768451469273,-0.7109641651439214,501.76523350630094,251.47828020756114
20260931,planted0.03,pit,fixed_1d,top10_ew,0.0,primary,0.6024003948275938,1.963000147714011,0.2577699864297896,-0.49109370632799165,498.52463545539894,251.47828020756114
20260931,planted0.03,pit,fixed_1d,top10_ew,5.0,primary,0.4145913304242872,1.4783805845173024,0.25763871723161097,-0.5079887222431222,498.52463545539894,251.47828020756114
20260931,planted0.03,pit,fixed_1d,top10_ew,10.0,primary,0.24871713124974493,0.9932660574230412,0.25750767521036455,-0.5243308290444352,498.52463545539894,251.47828020756114
20260931,planted0.03,pit,fixed_1d,top10_ew,20.0,primary,-0.027141885932454923,0.0215542293334038,0.2572462740867619,-0.7230733721671638,498.52463545539894,251.47828020756114
20260931,planted0.03,pit,fixed_1d,top10_ew,0.0,stress,0.5838530511399076,1.9106161233658896,0.2588744123202371,-0.49109370632799165,498.53526620490527,251.47828020756114
20260931,planted0.03,pit,fixed_1d,top10_ew,5.0,stress,0.3982141072112657,1.4280563860803261,0.2587418483546249,-0.5079887222431222,498.53526620490527,251.47828020756114
20260931,planted0.03,pit,fixed_1d,top10_ew,10.0,stress,0.23425700728322307,0.9450011008981279,0.2586095100205633,-0.5243308290444352,498.53526620490527,251.47828020756114
20260931,planted0.03,pit,fixed_1d,top10_ew,20.0,stress,-0.0384126926783932,-0.02259409395073457,0.2583455116334673,-0.7630757898055336,498.53526620490527,251.47828020756114
20260931,planted0.03,pit,fixed_1d,top10_ew,0.0,cost_v1,0.6024003948275938,1.963000147714011,0.2577699864297896,-0.49109370632799165,498.52463545539894,251.47828020756114
20260931,planted0.03,pit,fixed_1d,top10_ew,5.0,cost_v1,0.4133337297813915,1.4742985614703266,0.2577698013900133,-0.5082896920401485,498.52463545539894,251.47828020756114
20260931,planted0.03,pit,fixed_1d,top10_ew,10.0,cost_v1,0.24649677958240557,0.9855960724162782,0.25776966896673814,-0.5249128960591476,498.52463545539894,251.47828020756114
20260931,planted0.03,pit,fixed_1d,top10_ew,20.0,cost_v1,-0.03060182861858085,0.008189582933197728,0.2577695619699834,-0.7301180767037689,498.52463545539894,251.47828020756114
20260931,planted0.03,pit,fixed_21d,top1,0.0,primary,0.20532637181046587,0.6488748666286065,0.43295208802705176,-0.7054592183211531,24.043143068939955,12.021571534469977
20260931,planted0.03,pit,fixed_21d,top1,5.0,primary,0.19810134666885038,0.6349509525193561,0.43296710637780017,-0.7075874377942251,24.043143068939955,12.021571534469977
20260931,planted0.03,pit,fixed_21d,top1,10.0,primary,0.19091605543441803,0.6210185306808623,0.4329887298827145,-0.7097013149256362,24.043143068939955,12.021571534469977
20260931,planted0.03,pit,fixed_21d,top1,20.0,primary,0.17666388021780044,0.5931307255906642,0.4330517880950345,-0.7138864003674659,24.043143068939955,12.021571534469977
20260931,planted0.03,pit,fixed_21d,top1,0.0,stress,0.20532637181046587,0.6488748666286065,0.43295208802705176,-0.7054592183211531,24.043143068939955,12.021571534469977
20260931,planted0.03,pit,fixed_21d,top1,5.0,stress,0.19810134666885038,0.6349509525193561,0.43296710637780017,-0.7075874377942251,24.043143068939955,12.021571534469977
20260931,planted0.03,pit,fixed_21d,top1,10.0,stress,0.19091605543441803,0.6210185306808623,0.4329887298827145,-0.7097013149256362,24.043143068939955,12.021571534469977
20260931,planted0.03,pit,fixed_21d,top1,20.0,stress,0.17666388021780044,0.5931307255906642,0.4330517880950345,-0.7138864003674659,24.043143068939955,12.021571534469977
20260931,planted0.03,pit,fixed_21d,top1,0.0,cost_v1,0.20532637181046587,0.6488748666286065,0.43295208802705176,-0.7054592183211531,24.043143068939955,12.021571534469977
20260931,planted0.03,pit,fixed_21d,top1,5.0,cost_v1,0.19809177551462676,0.6349287592492291,0.4329773463158209,-0.7075256788069901,24.043143068939955,12.021571534469977
20260931,planted0.03,pit,fixed_21d,top1,10.0,cost_v1,0.190897006965431,0.6209747832348472,0.43300922588644797,-0.7095786740882208,24.043143068939955,12.021571534469977
20260931,planted0.03,pit,fixed_21d,top1,20.0,cost_v1,0.17662615621401745,0.5930458013997025,0.4330928427209517,-0.7136445926218932,24.043143068939955,12.021571534469977
20260931,planted0.03,pit,fixed_21d,top10_ew,0.0,primary,0.19742929738277315,0.8289434521459803,0.25759441065853234,-0.5476563874742892,23.83690490520292,12.021571534469977
20260931,planted0.03,pit,fixed_21d,top10_ew,5.0,primary,0.19031300898005332,0.8057213944265355,0.25760641819729063,-0.5496878673841894,23.83690490520292,12.021571534469977
20260931,planted0.03,pit,fixed_21d,top10_ew,10.0,primary,0.18323551917018843,0.7824682981712828,0.2576293575249367,-0.5517112335568948,23.83690490520292,12.021571534469977
20260931,planted0.03,pit,fixed_21d,top10_ew,20.0,primary,0.16919616629073508,0.7358809049774723,0.2577080184788991,-0.5557337380843527,23.83690490520292,12.021571534469977
20260931,planted0.03,pit,fixed_21d,top10_ew,0.0,stress,0.17956526073082224,0.7692135548151424,0.2582185583508525,-0.5476563874742892,23.850623292656472,12.021571534469977
20260931,planted0.03,pit,fixed_21d,top10_ew,5.0,stress,0.17255111450459126,0.7460413398679813,0.2582290569333833,-0.5496878673841894,23.850623292656472,12.021571534469977
20260931,planted0.03,pit,fixed_21d,top10_ew,10.0,stress,0.16557523211950476,0.7228404491104023,0.2582504732493737,-0.5517112335568948,23.850623292656472,12.021571534469977
20260931,planted0.03,pit,fixed_21d,top10_ew,20.0,stress,0.15173749999167097,0.6763644746042691,0.2583260468359601,-0.5557337380843527,23.850623292656472,12.021571534469977
20260931,planted0.03,pit,fixed_21d,top10_ew,0.0,cost_v1,0.19742929738277315,0.8289434521459803,0.25759441065853234,-0.5476563874742892,23.83690490520292,12.021571534469977
20260931,planted0.03,pit,fixed_21d,top10_ew,5.0,cost_v1,0.1902523527162152,0.8055123194960618,0.2576115050093975,-0.5496908805185161,23.83690490520292,12.021571534469977
20260931,planted0.03,pit,fixed_21d,top10_ew,10.0,cost_v1,0.18311486453492987,0.7820505111565589,0.2576397290952648,-0.5517172369975775,23.83690490520292,12.021571534469977
20260931,planted0.03,pit,fixed_21d,top10_ew,20.0,cost_v1,0.16895746919102272,0.7350471195267794,0.2577295504042629,-0.555745654106238,23.83690490520292,12.021571534469977
20260931,planted0.03,pit,fixed_126d,top1,0.0,primary,0.05268189056951855,0.38666639882469633,0.4629282013560897,-0.9255734488292549,3.844736842105263,2.003595255744996
20260931,planted0.03,pit,fixed_126d,top1,5.0,primary,0.0516703115813677,0.38458479526931605,0.4629256514304616,-0.9262957589951458,3.844736842105263,2.003595255744996
20260931,planted0.03,pit,fixed_126d,top1,10.0,primary,0.05065921703640486,0.3825023431645456,0.46292410070720075,-0.9270114107438666,3.844736842105263,2.003595255744996
20260931,planted0.03,pit,fixed_126d,top1,20.0,primary,0.048638481249925425,0.3783349471948207,0.462923996901477,-0.9284229710569158,3.844736842105263,2.003595255744996
20260931,planted0.03,pit,fixed_126d,top1,0.0,stress,-0.00658032113890572,0.2720114702911106,0.4785536546744717,-0.9479014150677121,3.844736842105263,2.003595255744996
20260931,planted0.03,pit,fixed_126d,top1,5.0,stress,-0.007534951861210448,0.2699973968888645,0.47855079736904726,-0.9484070321752252,3.844736842105263,2.003595255744996
20260931,planted0.03,pit,fixed_126d,top1,10.0,stress,-0.008489125412739607,0.26798275816197714,0.4785489066381083,-0.9489079883907984,3.844736842105263,2.003595255744996
20260931,planted0.03,pit,fixed_126d,top1,20.0,stress,-0.010396101028118832,0.2639518335224513,0.4785480249396563,-0.9498960805931058,3.844736842105263,2.003595255744996
20260931,planted0.03,pit,fixed_126d,top1,0.0,cost_v1,0.05268189056951855,0.38666639882469633,0.4629282013560897,-0.9255734488292549,3.844736842105263,2.003595255744996
20260931,planted0.03,pit,fixed_126d,top1,5.0,cost_v1,0.05162932144749477,0.3845004262044627,0.4629256784979525,-0.9263171891362623,3.844736842105263,2.003595255744996
20260931,planted0.03,pit,fixed_126d,top1,10.0,cost_v1,0.0505772795136632,0.3823335416028154,0.4629242312672081,-0.9270538655481213,3.844736842105263,2.003595255744996
20260931,planted0.03,pit,fixed_126d,top1,20.0,cost_v1,0.04847477720678306,0.3779970968252764,0.46292456372075175,-0.9285062805073907,3.844736842105263,2.003595255744996
20260931,planted0.03,pit,fixed_126d,top10_ew,0.0,primary,0.11441068262958232,0.5603992193282246,0.24934815489328196,-0.6649535764924637,3.939948752948847,2.003595255744996
20260931,planted0.03,pit,fixed_126d,top10_ew,5.0,primary,0.11331327655793344,0.55645622730778,0.24933436815857482,-0.6652885391543653,3.939948752948847,2.003595255744996
20260931,planted0.03,pit,fixed_126d,top10_ew,10.0,primary,0.11221641882472944,0.5525085406558806,0.2493225031068747,-0.6656233342930553,3.939948752948847,2.003595255744996
20260931,planted0.03,pit,fixed_126d,top10_ew,20.0,primary,0.11002434832620134,0.5445994438468247,0.24930453910555234,-0.6662924220007999,3.939948752948847,2.003595255744996
20260931,planted0.03,pit,fixed_126d,top10_ew,0.0,stress,0.09883928316759394,0.5023495890955982,0.250844544694869,-0.6649535764924637,3.952376314894185,2.003595255744996
20260931,planted0.03,pit,fixed_126d,top10_ew,5.0,stress,0.09775379870555811,0.49841479255183674,0.2508306131445792,-0.6652885391543653,3.952376314894185,2.003595255744996
20260931,planted0.03,pit,fixed_126d,top10_ew,10.0,stress,0.0966688584899209,0.49447577046939195,0.2508186032252673,-0.6656233342930553,3.952376314894185,2.003595255744996
20260931,planted0.03,pit,fixed_126d,top10_ew,20.0,stress,0.09450061075065541,0.48658540756709556,0.25080034933964596,-0.6662924220007999,3.952376314894185,2.003595255744996
20260931,planted0.03,pit,fixed_126d,top10_ew,0.0,cost_v1,0.11441068262958232,0.5603992193282246,0.24934815489328196,-0.6649535764924637,3.939948752948847,2.003595255744996
20260931,planted0.03,pit,fixed_126d,top10_ew,5.0,cost_v1,0.11329893178471151,0.5564039037791629,0.24933479177904996,-0.6652849376237309,3.939948752948847,2.003595255744996
20260931,planted0.03,pit,fixed_126d,top10_ew,10.0,cost_v1,0.11218773666213999,0.5524037365438703,0.24932342512058636,-0.6656161348708929,3.939948752948847,2.003595255744996
20260931,planted0.03,pit,fixed_126d,top10_ew,20.0,cost_v1,0.10996701357991268,0.5443892267144376,0.24930668221529623,-0.6662780377129006,3.939948752948847,2.003595255744996
20260931,planted0.03,surv,argmax_conf,top1,0.0,primary,0.18894667735996018,0.6135458166736402,0.4412420947406959,-0.8178260893641628,10.18042994810971,5.144366197183098
20260931,planted0.03,surv,argmax_conf,top1,5.0,primary,0.18592377693686624,0.607771199026101,0.4412199652605515,-0.8178260893641627,10.18042994810971,5.144366197183098
20260931,planted0.03,surv,argmax_conf,top1,10.0,primary,0.18290706344559937,0.6019921235084427,0.4412006783825078,-0.8178260893641627,10.18042994810971,5.144366197183098
20260931,planted0.03,surv,argmax_conf,top1,20.0,primary,0.1768921588844794,0.5904210416112147,0.44117063386903344,-0.8178260893641628,10.18042994810971,5.144366197183098
20260931,planted0.03,surv,argmax_conf,top1,0.0,stress,0.18894667735996018,0.6135458166736402,0.4412420947406959,-0.8178260893641628,10.18042994810971,5.144366197183098
20260931,planted0.03,surv,argmax_conf,top1,5.0,stress,0.18592377693686624,0.607771199026101,0.4412199652605515,-0.8178260893641627,10.18042994810971,5.144366197183098
20260931,planted0.03,surv,argmax_conf,top1,10.0,stress,0.18290706344559937,0.6019921235084427,0.4412006783825078,-0.8178260893641627,10.18042994810971,5.144366197183098
20260931,planted0.03,surv,argmax_conf,top1,20.0,stress,0.1768921588844794,0.5904210416112147,0.44117063386903344,-0.8178260893641628,10.18042994810971,5.144366197183098
20260931,planted0.03,surv,argmax_conf,top1,0.0,cost_v1,0.18894667735996018,0.6135458166736402,0.4412420947406959,-0.8178260893641628,10.18042994810971,5.144366197183098
20260931,planted0.03,surv,argmax_conf,top1,5.0,cost_v1,0.1859038285740342,0.607731725668706,0.44122310151816785,-0.8178260893641626,10.18042994810971,5.144366197183098
20260931,planted0.03,surv,argmax_conf,top1,10.0,cost_v1,0.18286725577588459,0.6019132317307121,0.4412069687336815,-0.8178260893641627,10.18042994810971,5.144366197183098
20260931,planted0.03,surv,argmax_conf,top1,20.0,cost_v1,0.17681289885488538,0.5902634843845396,0.44118328567837095,-0.8178260893641628,10.18042994810971,5.144366197183098
20260931,planted0.03,surv,argmax_conf,top10_ew,0.0,primary,0.23960722142820456,0.9278530428737576,0.2719540877472163,-0.53527648551895,10.059607998373952,5.144366197183098
20260931,planted0.03,surv,argmax_conf,top10_ew,5.0,primary,0.23649289003001606,0.9186163906463329,0.2719383677036425,-0.536529839847548,10.059607998373952,5.144366197183098
20260931,planted0.03,surv,argmax_conf,top10_ew,10.0,primary,0.23338487070237468,0.9093638037670315,0.27192709317632924,-0.5377803991625216,10.059607998373952,5.144366197183098
20260931,planted0.03,surv,argmax_conf,top10_ew,20.0,primary,0.22718772934290477,0.8908126283738196,0.27191788266434164,-0.5402731525034745,10.059607998373952,5.144366197183098
20260931,planted0.03,surv,argmax_conf,top10_ew,0.0,stress,0.23960722142820456,0.9278530428737576,0.2719540877472163,-0.53527648551895,10.059607998373952,5.144366197183098
20260931,planted0.03,surv,argmax_conf,top10_ew,5.0,stress,0.23649289003001606,0.9186163906463329,0.2719383677036425,-0.536529839847548,10.059607998373952,5.144366197183098
20260931,planted0.03,surv,argmax_conf,top10_ew,10.0,stress,0.23338487070237468,0.9093638037670315,0.27192709317632924,-0.5377803991625216,10.059607998373952,5.144366197183098
20260931,planted0.03,surv,argmax_conf,top10_ew,20.0,stress,0.22718772934290477,0.8908126283738196,0.27191788266434164,-0.5402731525034745,10.059607998373952,5.144366197183098
20260931,planted0.03,surv,argmax_conf,top10_ew,0.0,cost_v1,0.23960722142820456,0.9278530428737576,0.2719540877472163,-0.53527648551895,10.059607998373952,5.144366197183098
20260931,planted0.03,surv,argmax_conf,top10_ew,5.0,cost_v1,0.2364297739092578,0.9184229098788402,0.2719405849677972,-0.5364310734653233,10.059607998373952,5.144366197183098
20260931,planted0.03,surv,argmax_conf,top10_ew,10.0,cost_v1,0.23325889073440664,0.908976324394263,0.27193172390608095,-0.537583365621239,10.059607998373952,5.144366197183098
20260931,planted0.03,surv,argmax_conf,top10_ew,20.0,cost_v1,0.22693677625317243,0.8900357210451009,0.2719279285131235,-0.5398810762589562,10.059607998373952,5.144366197183098
20260931,planted0.03,surv,fixed_1d,top1,0.0,primary,0.9140715854076713,1.6485232067283264,0.45587390323429516,-0.4686470237160103,502.0901408450704,251.47828020756114
20260931,planted0.03,surv,fixed_1d,top1,5.0,primary,0.6882268502876057,1.372538993774734,0.4556413944879277,-0.5028409929545454,502.0901408450704,251.47828020756114
20260931,planted0.03,surv,fixed_1d,top1,10.0,primary,0.4889364263070437,1.0962724422534638,0.4554091064948405,-0.5348499718191719,502.0901408450704,251.47828020756114
20260931,planted0.03,surv,fixed_1d,top1,20.0,primary,0.15793697809642016,0.5428922014593761,0.45494519412074436,-0.7257336552846523,502.0901408450704,251.47828020756114
20260931,planted0.03,surv,fixed_1d,top1,0.0,stress,0.9140715854076713,1.6485232067283264,0.45587390323429516,-0.4686470237160103,502.0901408450704,251.47828020756114
20260931,planted0.03,surv,fixed_1d,top1,5.0,stress,0.6882268502876057,1.372538993774734,0.4556413944879277,-0.5028409929545454,502.0901408450704,251.47828020756114
20260931,planted0.03,surv,fixed_1d,top1,10.0,stress,0.4889364263070437,1.0962724422534638,0.4554091064948405,-0.5348499718191719,502.0901408450704,251.47828020756114
20260931,planted0.03,surv,fixed_1d,top1,20.0,stress,0.15793697809642016,0.5428922014593761,0.45494519412074436,-0.7257336552846523,502.0901408450704,251.47828020756114
20260931,planted0.03,surv,fixed_1d,top1,0.0,cost_v1,0.9140715854076713,1.6485232067283264,0.45587390323429516,-0.4686470237160103,502.0901408450704,251.47828020756114
20260931,planted0.03,surv,fixed_1d,top1,5.0,cost_v1,0.6883265692987923,1.3721909797085818,0.4558737406204797,-0.5030309980130275,502.0901408450704,251.47828020756114
20260931,planted0.03,surv,fixed_1d,top1,10.0,cost_v1,0.48911247404045555,1.0958584840302303,0.455873607758211,-0.5352056553782946,502.0901408450704,251.47828020756114
20260931,planted0.03,surv,fixed_1d,top1,20.0,cost_v1,0.15821127668434798,0.543192903107326,0.45587343128841196,-0.7272581028086197,502.0901408450704,251.47828020756114
20260931,planted0.03,surv,fixed_1d,top10_ew,0.0,primary,0.7035009688271949,2.195661228212229,0.2584968780699228,-0.4616435891308496,495.53338530642884,251.47828020756114
20260931,planted0.03,surv,fixed_1d,top10_ew,5.0,primary,0.5049679717433844,1.715279799809098,0.25837117239520824,-0.49042639966395896,495.53338530642884,251.47828020756114
20260931,planted0.03,surv,fixed_1d,top10_ew,10.0,primary,0.32949150065142363,1.2344289664945152,0.2582458299226464,-0.5191695506790199,495.53338530642884,251.47828020756114
20260931,planted0.03,surv,fixed_1d,top10_ew,20.0,primary,0.03734300092377052,0.27132447344669236,0.2579962366999037,-0.6346426949244168,495.53338530642884,251.47828020756114
20260931,planted0.03,surv,fixed_1d,top10_ew,0.0,stress,0.7035009688271949,2.195661228212229,0.2584968780699228,-0.4616435891308496,495.53338530642884,251.47828020756114
20260931,planted0.03,surv,fixed_1d,top10_ew,5.0,stress,0.5049679717433844,1.715279799809098,0.25837117239520824,-0.49042639966395896,495.53338530642884,251.47828020756114
20260931,planted0.03,surv,fixed_1d,top10_ew,10.0,stress,0.32949150065142363,1.2344289664945152,0.2582458299226464,-0.5191695506790199,495.53338530642884,251.47828020756114
20260931,planted0.03,surv,fixed_1d,top10_ew,20.0,stress,0.03734300092377052,0.27132447344669236,0.2579962366999037,-0.6346426949244168,495.53338530642884,251.47828020756114
20260931,planted0.03,surv,fixed_1d,top10_ew,0.0,cost_v1,0.7035009688271949,2.195661228212229,0.2584968780699228,-0.4616435891308496,495.53338530642884,251.47828020756114
20260931,planted0.03,surv,fixed_1d,top10_ew,5.0,cost_v1,0.5025513043166163,1.7083342014049678,0.25849666790650616,-0.49110094017339345,495.53338530642884,251.47828020756114
20260931,planted0.03,surv,fixed_1d,top10_ew,10.0,cost_v1,0.325223122019338,1.2210061343474552,0.2584965102116049,-0.5204423183985591,495.53338530642884,251.47828020756114
20260931,planted0.03,surv,fixed_1d,top10_ew,20.0,cost_v1,0.030686518089769965,0.24634806646490465,0.2584963522277011,-0.6589127295359376,495.53338530642884,251.47828020756114
20260931,planted0.03,surv,fixed_21d,top1,0.0,primary,0.33599118069639533,0.8934324098668376,0.4245658546261842,-0.7468735834276758,24.043143068939955,12.021571534469977
20260931,planted0.03,surv,fixed_21d,top1,5.0,primary,0.3279829182910772,0.879234000280467,0.42456597236271987,-0.7477581980788665,24.043143068939955,12.021571534469977
20260931,planted0.03,surv,fixed_21d,top1,10.0,primary,0.32001869719341913,0.8650218312598839,0.4245728473073585,-0.7486401615395046,24.043143068939955,12.021571534469977
20260931,planted0.03,surv,fixed_21d,top1,20.0,primary,0.3042214983264102,0.8365589362008323,0.42460686718544427,-0.750396161374512,24.043143068939955,12.021571534469977
20260931,planted0.03,surv,fixed_21d,top1,0.0,stress,0.33599118069639533,0.8934324098668376,0.4245658546261842,-0.7468735834276758,24.043143068939955,12.021571534469977
20260931,planted0.03,surv,fixed_21d,top1,5.0,stress,0.3279829182910772,0.879234000280467,0.42456597236271987,-0.7477581980788665,24.043143068939955,12.021571534469977
20260931,planted0.03,surv,fixed_21d,top1,10.0,stress,0.32001869719341913,0.8650218312598839,0.4245728473073585,-0.7486401615395046,24.043143068939955,12.021571534469977
20260931,planted0.03,surv,fixed_21d,top1,20.0,stress,0.3042214983264102,0.8365589362008323,0.42460686718544427,-0.750396161374512,24.043143068939955,12.021571534469977
20260931,planted0.03,surv,fixed_21d,top1,0.0,cost_v1,0.33599118069639533,0.8934324098668376,0.4245658546261842,-0.7468735834276758,24.043143068939955,12.021571534469977
20260931,planted0.03,surv,fixed_21d,top1,5.0,cost_v1,0.32798531397785635,0.8792270644465149,0.424576256402025,-0.7477617776937305,24.043143068939955,12.021571534469977
20260931,planted0.03,surv,fixed_21d,top1,10.0,cost_v1,0.32002345049727077,0.8650086556175983,0.4245934119491708,-0.7486473004988731,24.043143068939955,12.021571534469977
20260931,planted0.03,surv,fixed_21d,top1,20.0,cost_v1,0.3042308542005494,0.8365353760215143,0.4246479807609492,-0.7504103584976464,24.043143068939955,12.021571534469977
20260931,planted0.03,surv,fixed_21d,top10_ew,0.0,primary,0.28856407005527007,1.0918153499485153,0.26487790656117854,-0.5199385291995002,23.789143095549342,12.021571534469977
20260931,planted0.03,surv,fixed_21d,top10_ew,5.0,primary,0.2809214719619688,1.069293464308785,0.26487832876867773,-0.5218314988163408,23.789143095549342,12.021571534469977
20260931,planted0.03,surv,fixed_21d,top10_ew,10.0,primary,0.2733204575021526,1.0467297202916412,0.2648893615591466,-0.5237179349727201,23.789143095549342,12.021571534469977
20260931,planted0.03,surv,fixed_21d,top10_ew,20.0,primary,0.25824235693398956,1.0014875566933457,0.26494325231201715,-0.5274712841954908,23.789143095549342,12.021571534469977
20260931,planted0.03,surv,fixed_21d,top10_ew,0.0,stress,0.28856407005527007,1.0918153499485153,0.26487790656117854,-0.5199385291995002,23.789143095549342,12.021571534469977
20260931,planted0.03,surv,fixed_21d,top10_ew,5.0,stress,0.2809214719619688,1.069293464308785,0.26487832876867773,-0.5218314988163408,23.789143095549342,12.021571534469977
20260931,planted0.03,surv,fixed_21d,top10_ew,10.0,stress,0.2733204575021526,1.0467297202916412,0.2648893615591466,-0.5237179349727201,23.789143095549342,12.021571534469977
20260931,planted0.03,surv,fixed_21d,top10_ew,20.0,stress,0.25824235693398956,1.0014875566933457,0.26494325231201715,-0.5274712841954908,23.789143095549342,12.021571534469977
20260931,planted0.03,surv,fixed_21d,top10_ew,0.0,cost_v1,0.28856407005527007,1.0918153499485153,0.26487790656117854,-0.5199385291995002,23.789143095549342,12.021571534469977
20260931,planted0.03,surv,fixed_21d,top10_ew,5.0,cost_v1,0.28084723108809717,1.0690596709299136,0.2648830676622596,-0.5218699921815284,23.789143095549342,12.021571534469977
20260931,planted0.03,surv,fixed_21d,top10_ew,10.0,cost_v1,0.2731727820373906,1.0462621189422294,0.26489905448772416,-0.52379465274807,23.789143095549342,12.021571534469977
20260931,planted0.03,surv,fixed_21d,top10_ew,20.0,cost_v1,0.25795020732254703,1.0005526486400553,0.26496349614670567,-0.5276236487565931,23.789143095549342,12.021571534469977
20260931,planted0.03,surv,fixed_126d,top1,0.0,primary,0.08085510873860824,0.3955950301674621,0.45919273553562384,-0.6168775035829239,4.007190511489992,2.003595255744996
20260931,planted0.03,surv,fixed_126d,top1,5.0,primary,0.07977258598345816,0.3934057330266282,0.4591750139913971,-0.6180254353202608,4.007190511489992,2.003595255744996
20260931,planted0.03,surv,fixed_126d,top1,10.0,primary,0.07869061387802878,0.39121533990684093,0.45915838041901846,-0.6191704993806857,4.007190511489992,2.003595255744996
20260931,planted0.03,surv,fixed_126d,top1,20.0,primary,0.07652832156835032,0.3868313271630123,0.4591283776550592,-0.6214520473978672,4.007190511489992,2.003595255744996
20260931,planted0.03,surv,fixed_126d,top1,0.0,stress,0.08085510873860824,0.3955950301674621,0.45919273553562384,-0.6168775035829239,4.007190511489992,2.003595255744996
20260931,planted0.03,surv,fixed_126d,top1,5.0,stress,0.07977258598345816,0.3934057330266282,0.4591750139913971,-0.6180254353202608,4.007190511489992,2.003595255744996
20260931,planted0.03,surv,fixed_126d,top1,10.0,stress,0.07869061387802878,0.39121533990684093,0.45915838041901846,-0.6191704993806857,4.007190511489992,2.003595255744996
20260931,planted0.03,surv,fixed_126d,top1,20.0,stress,0.07652832156835032,0.3868313271630123,0.4591283776550592,-0.6214520473978672,4.007190511489992,2.003595255744996
20260931,planted0.03,surv,fixed_126d,top1,0.0,cost_v1,0.08085510873860824,0.3955950301674621,0.45919273553562384,-0.6168775035829239,4.007190511489992,2.003595255744996
20260931,planted0.03,surv,fixed_126d,top1,5.0,cost_v1,0.07978155401360398,0.393423945228436,0.4591756714571658,-0.6180293208396396,4.007190511489992,2.003595255744996
20260931,planted0.03,surv,fixed_126d,top1,10.0,cost_v1,0.07870853344231366,0.39125177538337746,0.4591596912046277,-0.619178251150243,4.007190511489992,2.003595255744996
20260931,planted0.03,surv,fixed_126d,top1,20.0,cost_v1,0.0765640947570625,0.3869042416939703,0.4591309826223126,-0.6214674740895092,4.007190511489992,2.003595255744996
20260931,planted0.03,surv,fixed_126d,top10_ew,0.0,primary,0.1586074649431739,0.7007801864232179,0.2582612465046945,-0.5107895135805887,3.936175051629764,2.003595255744996
20260931,planted0.03,surv,fixed_126d,top10_ew,5.0,primary,0.15746762900135547,0.6969783592010129,0.2582503261954822,-0.5114007821139452,3.936175051629764,2.003595255744996
20260931,planted0.03,surv,fixed_126d,top10_ew,10.0,primary,0.15632836206674994,0.6931712451507588,0.25824125569334944,-0.5120115616202695,3.936175051629764,2.003595255744996
20260931,planted0.03,surv,fixed_126d,top10_ew,20.0,primary,0.1540515351698426,0.6855414798651193,0.25822866485028234,-0.5132316542856363,3.936175051629764,2.003595255744996
20260931,planted0.03,surv,fixed_126d,top10_ew,0.0,stress,0.1586074649431739,0.7007801864232179,0.2582612465046945,-0.5107895135805887,3.936175051629764,2.003595255744996
20260931,planted0.03,surv,fixed_126d,top10_ew,5.0,stress,0.15746762900135547,0.6969783592010129,0.2582503261954822,-0.5114007821139452,3.936175051629764,2.003595255744996
20260931,planted0.03,surv,fixed_126d,top10_ew,10.0,stress,0.15632836206674994,0.6931712451507588,0.25824125569334944,-0.5120115616202695,3.936175051629764,2.003595255744996
20260931,planted0.03,surv,fixed_126d,top10_ew,20.0,stress,0.1540515351698426,0.6855414798651193,0.25822866485028234,-0.5132316542856363,3.936175051629764,2.003595255744996
20260931,planted0.03,surv,fixed_126d,top10_ew,0.0,cost_v1,0.1586074649431739,0.7007801864232179,0.2582612465046945,-0.5107895135805887,3.936175051629764,2.003595255744996
20260931,planted0.03,surv,fixed_126d,top10_ew,5.0,cost_v1,0.15745135391857001,0.6969244029979258,0.258249967784078,-0.5112714523031574,3.936175051629764,2.003595255744996
20260931,planted0.03,surv,fixed_126d,top10_ew,10.0,cost_v1,0.15629582093660765,0.6930631091471632,0.2582406167788802,-0.5117531535733818,3.936175051629764,2.003595255744996
20260931,planted0.03,surv,fixed_126d,top10_ew,20.0,cost_v1,0.15398648909646573,0.6853243318158067,0.2582276987092514,-0.5127158437567977,3.936175051629764,2.003595255744996
20260931,planted0.10,pit,argmax_conf,top1,0.0,primary,0.20551622796673175,0.6365849600312117,0.45677620456058615,-0.7712631649417991,11.0468495181616,5.5234247590808
20260931,planted0.10,pit,argmax_conf,top1,5.0,primary,0.20219070568396558,0.6305326752824959,0.45675487124428205,-0.771720295621017,11.0468495181616,5.5234247590808
20260931,planted0.10,pit,argmax_conf,top1,10.0,primary,0.1988727081445696,0.6244757591336803,0.45673651175861213,-0.7721767407757402,11.0468495181616,5.5234247590808
20260931,planted0.10,pit,argmax_conf,top1,20.0,primary,0.19225923413080404,0.6123485020078177,0.456708715655643,-0.7734729265862603,11.0468495181616,5.5234247590808
20260931,planted0.10,pit,argmax_conf,top1,0.0,stress,0.20551622796673175,0.6365849600312117,0.45677620456058615,-0.7712631649417991,11.0468495181616,5.5234247590808
20260931,planted0.10,pit,argmax_conf,top1,5.0,stress,0.20219070568396558,0.6305326752824959,0.45675487124428205,-0.771720295621017,11.0468495181616,5.5234247590808
20260931,planted0.10,pit,argmax_conf,top1,10.0,stress,0.1988727081445696,0.6244757591336803,0.45673651175861213,-0.7721767407757402,11.0468495181616,5.5234247590808
20260931,planted0.10,pit,argmax_conf,top1,20.0,stress,0.19225923413080404,0.6123485020078177,0.456708715655643,-0.7734729265862603,11.0468495181616,5.5234247590808
20260931,planted0.10,pit,argmax_conf,top1,0.0,cost_v1,0.20551622796673175,0.6365849600312117,0.45677620456058615,-0.7712631649417991,11.0468495181616,5.5234247590808
20260931,planted0.10,pit,argmax_conf,top1,5.0,cost_v1,0.202201244662902,0.6305495487641999,0.4567603234620176,-0.7717308740463793,11.0468495181616,5.5234247590808
20260931,planted0.10,pit,argmax_conf,top1,10.0,cost_v1,0.19889372908478187,0.6245096672253904,0.4567474048057843,-0.7721978659918189,11.0468495181616,5.5234247590808
20260931,planted0.10,pit,argmax_conf,top1,20.0,cost_v1,0.19230104869077436,0.612416960828194,0.4567304557681932,-0.7735466038026865,11.0468495181616,5.5234247590808
20260931,planted0.10,pit,argmax_conf,top10_ew,0.0,primary,0.30598928074857445,1.1337738588131177,0.2672063668275736,-0.4764243132798388,10.90983584785214,5.5234247590808
20260931,planted0.10,pit,argmax_conf,top10_ew,5.0,primary,0.30243122800223277,1.1235789080993797,0.2671929305277152,-0.47720928419360087,10.90983584785214,5.5234247590808
20260931,planted0.10,pit,argmax_conf,top10_ew,10.0,primary,0.29888112484601503,1.1133623216995543,0.267184440189049,-0.47799347013651483,10.90983584785214,5.5234247590808
20260931,planted0.10,pit,argmax_conf,top10_ew,20.0,primary,0.29180471185438206,1.0928664989028594,0.2671822990066542,-0.47955948868052445,10.90983584785214,5.5234247590808
20260931,planted0.10,pit,argmax_conf,top10_ew,0.0,stress,0.2976217376140633,1.1085929485210126,0.26754326412193885,-0.4764243132798388,10.915722307593688,5.5234247590808
20260931,planted0.10,pit,argmax_conf,top10_ew,5.0,stress,0.29408457619368256,1.0984045624201175,0.2675297425090356,-0.47720928419360087,10.915722307593688,5.5234247590808
20260931,planted0.10,pit,argmax_conf,top10_ew,10.0,stress,0.2905553219976169,1.088195032457452,0.2675211655972284,-0.47799347013651483,10.915722307593688,5.5234247590808
20260931,planted0.10,pit,argmax_conf,top10_ew,20.0,stress,0.28352048009396413,1.0677147931602984,0.26751884750509725,-0.47955948868052445,10.915722307593688,5.5234247590808
20260931,planted0.10,pit,argmax_conf,top10_ew,0.0,cost_v1,0.30598928074857445,1.1337738588131177,0.2672063668275736,-0.4764243132798388,10.90983584785214,5.5234247590808
20260931,planted0.10,pit,argmax_conf,top10_ew,5.0,cost_v1,0.30239398946481244,1.1234583195626502,0.2671970488975025,-0.47720021474609386,10.90983584785214,5.5234247590808
20260931,planted0.10,pit,argmax_conf,top10_ew,10.0,cost_v1,0.2988068073661214,1.1131209608010624,0.2671927957060526,-0.47797535027553206,10.90983584785214,5.5234247590808
20260931,planted0.10,pit,argmax_conf,top10_ew,20.0,cost_v1,0.29165671372974455,1.0923831316034192,0.26719948421843737,-0.47952332503484496,10.90983584785214,5.5234247590808
20260931,planted0.10,pit,fixed_1d,top1,0.0,primary,5.398048793471119,4.032371195723784,0.49097622066992624,-0.3898179430062463,502.30674573758336,251.47828020756114
20260931,planted0.10,pit,fixed_1d,top1,5.0,primary,4.64282588550595,3.7759920125286848,0.49073208588559825,-0.40459898673352435,502.30674573758336,251.47828020756114
20260931,planted0.10,pit,fixed_1d,top1,10.0,primary,3.9764364451472103,3.5193563926410434,0.4904881207216855,-0.425261658274248,502.30674573758336,251.47828020756114
20260931,planted0.10,pit,fixed_1d,top1,20.0,primary,2.8697250312038123,3.005315371042312,0.4900007002683527,-0.47004442087890375,502.30674573758336,251.47828020756114
20260931,planted0.10,pit,fixed_1d,top1,0.0,stress,5.398048793471119,4.032371195723784,0.49097622066992624,-0.3898179430062463,502.30674573758336,251.47828020756114
20260931,planted0.10,pit,fixed_1d,top1,5.0,stress,4.64282588550595,3.7759920125286848,0.49073208588559825,-0.40459898673352435,502.30674573758336,251.47828020756114
20260931,planted0.10,pit,fixed_1d,top1,10.0,stress,3.9764364451472103,3.5193563926410434,0.4904881207216855,-0.425261658274248,502.30674573758336,251.47828020756114
20260931,planted0.10,pit,fixed_1d,top1,20.0,stress,2.8697250312038123,3.005315371042312,0.4900007002683527,-0.47004442087890375,502.30674573758336,251.47828020756114
20260931,planted0.10,pit,fixed_1d,top1,0.0,cost_v1,5.398048793471119,4.032371195723784,0.49097622066992624,-0.3898179430062463,502.30674573758336,251.47828020756114
20260931,planted0.10,pit,fixed_1d,top1,5.0,cost_v1,4.64682825828539,3.775798103893043,0.4909758003335024,-0.4047700235153866,502.30674573758336,251.47828020756114
20260931,planted0.10,pit,fixed_1d,top1,10.0,cost_v1,3.9835019776140204,3.5192243747396503,0.49097540762126185,-0.42558981852681743,502.30674573758336,251.47828020756114
20260931,planted0.10,pit,fixed_1d,top1,20.0,cost_v1,2.8807325255631935,3.006075177687679,0.49097470506959096,-0.47065014609975053,502.30674573758336,251.47828020756114
20260931,planted0.10,pit,fixed_1d,top10_ew,0.0,primary,3.588806071738646,5.819666705759302,0.26923788832016493,-0.2613574232111666,498.10067823521285,251.47828020756114
20260931,planted0.10,pit,fixed_1d,top10_ew,5.0,primary,3.0514054272834557,5.356073651874792,0.2691042823282744,-0.2694048126863281,498.10067823521285,251.47828020756114
20260931,planted0.10,pit,fixed_1d,top10_ew,10.0,primary,2.576719476035303,4.892015748165759,0.2689709120985183,-0.2773684724979869,498.10067823521285,251.47828020756114
20260931,planted0.10,pit,fixed_1d,top10_ew,20.0,primary,1.7871647399893233,3.962507490297049,0.26870488032902057,-0.29304791564044197,498.10067823521285,251.47828020756114
20260931,planted0.10,pit,fixed_1d,top10_ew,0.0,stress,3.5660215349698285,5.791098528724884,0.2697229372648461,-0.2613574232111665,498.10503524579497,251.47828020756114
20260931,planted0.10,pit,fixed_1d,top10_ew,5.0,stress,3.031284822125408,5.3283436192745475,0.2695886329326119,-0.2694048126863282,498.10503524579497,251.47828020756114
20260931,planted0.10,pit,fixed_1d,top10_ew,10.0,stress,2.558952434660137,4.8651231635953,0.2694545636341631,-0.2773684724979868,498.10503524579497,251.47828020756114
20260931,planted0.10,pit,fixed_1d,top10_ew,20.0,stress,1.7733136842518689,3.9372876664428302,0.2691871315427156,-0.29304791564044197,498.10503524579497,251.47828020756114
20260931,planted0.10,pit,fixed_1d,top10_ew,0.0,cost_v1,3.588806071738646,5.819666705759302,0.26923788832016493,-0.2613574232111666,498.10067823521285,251.47828020756114
20260931,planted0.10,pit,fixed_1d,top10_ew,5.0,cost_v1,3.04949263757866,5.351791785483548,0.2692372869280991,-0.26956254366312515,498.10067823521285,251.47828020756114
20260931,planted0.10,pit,fixed_1d,top10_ew,10.0,cost_v1,2.5733413590648495,4.883913861247759,0.2692367359103275,-0.2776806286687147,498.10067823521285,251.47828020756114
20260931,planted0.10,pit,fixed_1d,top10_ew,20.0,cost_v1,1.7818975494916964,3.9481500512932777,0.2692357849988756,-0.2936592022669663,498.10067823521285,251.47828020756114
20260931,planted0.10,pit,fixed_21d,top1,0.0,primary,0.6413060084108424,1.3952224114172345,0.41725451577878064,-0.6554359934230385,23.98899184581171,12.021571534469977
20260931,planted0.10,pit,fixed_21d,top1,5.0,primary,0.6314897081502457,1.3807531641923405,0.4172716157366884,-0.6557804712886137,23.98899184581171,12.021571534469977
20260931,planted0.10,pit,fixed_21d,top1,10.0,primary,0.6217272657483555,1.3662626814945305,0.4172955636970945,-0.6561247768721858,23.98899184581171,12.021571534469977
20260931,planted0.10,pit,fixed_21d,top1,20.0,primary,0.6023628802914416,1.3372208956535767,0.41736399857313605,-0.65681287119332,23.98899184581171,12.021571534469977
20260931,planted0.10,pit,fixed_21d,top1,0.0,stress,0.6099093710146444,1.3373084770613595,0.4231538912791281,-0.6710440707983285,23.98899184581171,12.021571534469977
20260931,planted0.10,pit,fixed_21d,top1,5.0,stress,0.6002808473284797,1.3230468996730487,0.4231698348138052,-0.6719476722329409,23.98899184581171,12.021571534469977
20260931,planted0.10,pit,fixed_21d,top1,10.0,stress,0.5907051512509334,1.308765513256612,0.4231925310163988,-0.6728492213908732,23.98899184581171,12.021571534469977
20260931,planted0.10,pit,fixed_21d,top1,20.0,stress,0.5717111882414332,1.2801460762471963,0.42325817675699173,-0.6746461776452022,23.98899184581171,12.021571534469977
20260931,planted0.10,pit,fixed_21d,top1,0.0,cost_v1,0.6413060084108424,1.3952224114172345,0.41725451577878064,-0.6554359934230385,23.98899184581171,12.021571534469977
20260931,planted0.10,pit,fixed_21d,top1,5.0,cost_v1,0.6314717467458391,1.3807106175454675,0.4172785269139326,-0.6557956670443887,23.98899184581171,12.021571534469977
20260931,planted0.10,pit,fixed_21d,top1,10.0,cost_v1,0.6216915324994208,1.366178000685879,0.4173094085849524,-0.6561551528767751,23.98899184581171,12.021571534469977
20260931,planted0.10,pit,fixed_21d,top1,20.0,cost_v1,0.6022921666444603,1.337053209768747,0.4173917770953305,-0.6568735611746551,23.98899184581171,12.021571534469977
20260931,planted0.10,pit,fixed_21d,top10_ew,0.0,primary,0.4659582627789305,1.6458871736571796,0.25235189155900073,-0.41515780457393614,23.832059716126757,12.021571534469977
20260931,planted0.10,pit,fixed_21d,top10_ew,5.0,primary,0.4572478803129696,1.6222563706501982,0.2523405726857002,-0.4168925795467653,23.832059716126757,12.021571534469977
20260931,planted0.10,pit,fixed_21d,top10_ew,10.0,primary,0.44858497782199214,1.5985525096661524,0.25234045126546895,-0.4186230647237513,23.832059716126757,12.021571534469977
20260931,planted0.10,pit,fixed_21d,top10_ew,20.0,primary,0.4314006718459247,1.5509382620199783,0.25237379935841764,-0.42207119963616313,23.832059716126757,12.021571534469977
20260931,planted0.10,pit,fixed_21d,top10_ew,0.0,stress,0.455915111179938,1.6161120013725891,0.2528061572879271,-0.43628245493555107,23.83831076628485,12.021571534469977
20260931,planted0.10,pit,fixed_21d,top10_ew,5.0,stress,0.4472621399719505,1.592518750012647,0.2527944619694722,-0.4379592030952818,23.83831076628485,12.021571534469977
20260931,planted0.10,pit,fixed_21d,top10_ew,10.0,stress,0.43865634821515465,1.568853912176809,0.2527939493150744,-0.4396317932507643,23.83831076628485,12.021571534469977
20260931,planted0.10,pit,fixed_21d,top10_ew,20.0,stress,0.42158536784395295,1.5213220621417831,0.25282647078670234,-0.4429645325465609,23.83831076628485,12.021571534469977
20260931,planted0.10,pit,fixed_21d,top10_ew,0.0,cost_v1,0.4659582627789305,1.6458871736571796,0.25235189155900073,-0.41515780457393614,23.832059716126757,12.021571534469977
20260931,planted0.10,pit,fixed_21d,top10_ew,5.0,cost_v1,0.45718690491167235,1.6220544052540156,0.25234713530165764,-0.4169043706124076,23.832059716126757,12.021571534469977
20260931,planted0.10,pit,fixed_21d,top10_ew,10.0,cost_v1,0.4484636864327396,1.598148767660753,0.2523537429896471,-0.4186465887199424,23.832059716126757,12.021571534469977
20260931,planted0.10,pit,fixed_21d,top10_ew,20.0,cost_v1,0.4311607073453805,1.5501318745807764,0.25240104509668987,-0.42211801577607433,23.832059716126757,12.021571534469977
20260931,planted0.10,pit,fixed_126d,top1,0.0,primary,0.22531126420350223,0.7291330295646344,0.37774454096214005,-0.6089507825165176,4.007190511489992,2.003595255744996
20260931,planted0.10,pit,fixed_126d,top1,5.0,primary,0.22408406241214496,0.7264696505979326,0.3777483477852745,-0.6091463071252596,4.007190511489992,2.003595255744996
20260931,planted0.10,pit,fixed_126d,top1,10.0,primary,0.22285748486477708,0.7238038363198525,0.3777534536097379,-0.6093418317340014,4.007190511489992,2.003595255744996
20260931,planted0.10,pit,fixed_126d,top1,20.0,primary,0.22040620244761633,0.7184650127018237,0.3777675620385672,-0.6097328809514847,4.007190511489992,2.003595255744996
20260931,planted0.10,pit,fixed_126d,top1,0.0,stress,0.22531126420350223,0.7291330295646344,0.37774454096214005,-0.6089507825165176,4.007190511489992,2.003595255744996
20260931,planted0.10,pit,fixed_126d,top1,5.0,stress,0.22408406241214496,0.7264696505979326,0.3777483477852745,-0.6091463071252596,4.007190511489992,2.003595255744996
20260931,planted0.10,pit,fixed_126d,top1,10.0,stress,0.22285748486477708,0.7238038363198525,0.3777534536097379,-0.6093418317340014,4.007190511489992,2.003595255744996
20260931,planted0.10,pit,fixed_126d,top1,20.0,stress,0.22040620244761633,0.7184650127018237,0.3777675620385672,-0.6097328809514847,4.007190511489992,2.003595255744996
20260931,planted0.10,pit,fixed_126d,top1,0.0,cost_v1,0.22531126420350223,0.7291330295646344,0.37774454096214005,-0.6089507825165176,4.007190511489992,2.003595255744996
20260931,planted0.10,pit,fixed_126d,top1,5.0,cost_v1,0.22408383784387187,0.726469640430816,0.37774787331950616,-0.6091453059019212,4.007190511489992,2.003595255744996
20260931,planted0.10,pit,fixed_126d,top1,10.0,cost_v1,0.22285702750364278,0.7238037726239822,0.37775252381375524,-0.6093398292873249,4.007190511489992,2.003595255744996
20260931,planted0.10,pit,fixed_126d,top1,20.0,cost_v1,0.2204052548769535,0.7184647134299537,0.37776577900438135,-0.6097288760581321,4.007190511489992,2.003595255744996
20260931,planted0.10,pit,fixed_126d,top10_ew,0.0,primary,0.2590972787703245,1.0659647051542123,0.2447712954192157,-0.4805479444725448,3.9093222651064528,2.003595255744996
20260931,planted0.10,pit,fixed_126d,top10_ew,5.0,primary,0.25786702902781733,1.0619970884179772,0.24476015230218212,-0.48119699984839204,3.9093222651064528,2.003595255744996
20260931,planted0.10,pit,fixed_126d,top10_ew,10.0,primary,0.2566373883048316,1.0580207662439627,0.24475093941572704,-0.4818455359669783,3.9093222651064528,2.003595255744996
20260931,planted0.10,pit,fixed_126d,top10_ew,20.0,primary,0.2541799338671349,1.05004237484807,0.24473830516081654,-0.48314105121154605,3.9093222651064528,2.003595255744996
20260931,planted0.10,pit,fixed_126d,top10_ew,0.0,stress,0.24555461027417103,1.0164129871081573,0.24645833776976606,-0.4805479444725448,3.918698890977577,2.003595255744996
20260931,planted0.10,pit,fixed_126d,top10_ew,5.0,stress,0.2443346747489521,1.0124611391902612,0.24644709705857493,-0.48119699984839204,3.918698890977577,2.003595255744996
20260931,planted0.10,pit,fixed_126d,top10_ew,10.0,stress,0.2431153448998027,1.0085010523820013,0.24643778149643056,-0.4818455359669783,3.918698890977577,2.003595255744996
20260931,planted0.10,pit,fixed_126d,top10_ew,20.0,stress,0.24067850217895215,1.0005565266297642,0.24642492664747576,-0.48314105121154605,3.918698890977577,2.003595255744996
20260931,planted0.10,pit,fixed_126d,top10_ew,0.0,cost_v1,0.2590972787703245,1.0659647051542123,0.2447712954192157,-0.4805479444725448,3.9093222651064528,2.003595255744996
20260931,planted0.10,pit,fixed_126d,top10_ew,5.0,cost_v1,0.2578408348870025,1.0619088046942717,0.24476103856892764,-0.481057213224907,3.9093222651064528,2.003595255744996
20260931,planted0.10,pit,fixed_126d,top10_ew,10.0,cost_v1,0.2565850192638339,1.057843772919567,0.2447528157570809,-0.48156623224015815,3.9093222651064528,2.003595255744996
20260931,planted0.10,pit,fixed_126d,top10_ew,20.0,cost_v1,0.25407527279345365,1.049686714310481,0.24474247301806817,-0.4825835210593279,3.9093222651064528,2.003595255744996
20260931,planted0.10,surv,argmax_conf,top1,0.0,primary,0.23371909538168367,0.6766433618991469,0.4766909168987748,-0.662076332112664,8.664195700518903,4.386249073387694
20260931,planted0.10,surv,argmax_conf,top1,5.0,primary,0.2310490288525049,0.6720935905389932,0.47667481661283956,-0.6646019083161481,8.664195700518903,4.386249073387694
20260931,planted0.10,surv,argmax_conf,top1,10.0,primary,0.22838341761887393,0.66754036812218,0.47666096109151906,-0.6671098584408622,8.664195700518903,4.386249073387694
20260931,planted0.10,surv,argmax_conf,top1,20.0,primary,0.22306554013034385,0.6584238252984843,0.476639985094048,-0.672073336903035,8.664195700518903,4.386249073387694
20260931,planted0.10,surv,argmax_conf,top1,0.0,stress,0.23371909538168367,0.6766433618991469,0.4766909168987748,-0.662076332112664,8.664195700518903,4.386249073387694
20260931,planted0.10,surv,argmax_conf,top1,5.0,stress,0.2310490288525049,0.6720935905389932,0.47667481661283956,-0.6646019083161481,8.664195700518903,4.386249073387694
20260931,planted0.10,surv,argmax_conf,top1,10.0,stress,0.22838341761887393,0.66754036812218,0.47666096109151906,-0.6671098584408622,8.664195700518903,4.386249073387694
20260931,planted0.10,surv,argmax_conf,top1,20.0,stress,0.22306554013034385,0.6584238252984843,0.476639985094048,-0.672073336903035,8.664195700518903,4.386249073387694
20260931,planted0.10,surv,argmax_conf,top1,0.0,cost_v1,0.23371909538168367,0.6766433618991469,0.4766909168987748,-0.662076332112664,8.664195700518903,4.386249073387694
20260931,planted0.10,surv,argmax_conf,top1,5.0,cost_v1,0.23102442385487088,0.6720493458171664,0.4766800909774495,-0.664579205463115,8.664195700518903,4.386249073387694
20260931,planted0.10,surv,argmax_conf,top1,10.0,cost_v1,0.22833429759136226,0.6674519498079262,0.47667152984616634,-0.6670647689440737,8.664195700518903,4.386249073387694
20260931,planted0.10,surv,argmax_conf,top1,20.0,cost_v1,0.22296765924047546,0.6582472788727839,0.4766612024095685,-0.6719844104961945,8.664195700518903,4.386249073387694
20260931,planted0.10,surv,argmax_conf,top10_ew,0.0,primary,0.365862629098352,1.3604748934239368,0.25337096838458906,-0.47552522687960097,8.629849471451177,4.386249073387694
20260931,planted0.10,surv,argmax_conf,top10_ew,5.0,primary,0.3629182884480189,1.3520143250881191,0.2533520722224981,-0.4760495705340282,8.629849471451177,4.386249073387694
20260931,planted0.10,surv,argmax_conf,top10_ew,10.0,primary,0.35997885707734967,1.343530580041851,0.25333730822175105,-0.4765736519510687,8.629849471451177,4.386249073387694
20260931,planted0.10,surv,argmax_conf,top10_ew,20.0,primary,0.35411469900966996,1.3264951924458979,0.25332017939204304,-0.4776210280729901,8.629849471451177,4.386249073387694
20260931,planted0.10,surv,argmax_conf,top10_ew,0.0,stress,0.365862629098352,1.3604748934239368,0.25337096838458906,-0.47552522687960097,8.629849471451177,4.386249073387694
20260931,planted0.10,surv,argmax_conf,top10_ew,5.0,stress,0.3629182884480189,1.3520143250881191,0.2533520722224981,-0.4760495705340282,8.629849471451177,4.386249073387694
20260931,planted0.10,surv,argmax_conf,top10_ew,10.0,stress,0.35997885707734967,1.343530580041851,0.25333730822175105,-0.4765736519510687,8.629849471451177,4.386249073387694
20260931,planted0.10,surv,argmax_conf,top10_ew,20.0,stress,0.35411469900966996,1.3264951924458979,0.25332017939204304,-0.4776210280729901,8.629849471451177,4.386249073387694
20260931,planted0.10,surv,argmax_conf,top10_ew,0.0,cost_v1,0.365862629098352,1.3604748934239368,0.25337096838458906,-0.47552522687960097,8.629849471451177,4.386249073387694
20260931,planted0.10,surv,argmax_conf,top10_ew,5.0,cost_v1,0.3628806780113516,1.351911541827966,0.25335062932809616,-0.47604466598832096,8.629849471451177,4.386249073387694
20260931,planted0.10,surv,argmax_conf,top10_ew,10.0,cost_v1,0.3599037550199258,1.343324224479656,0.25333455053126996,-0.47656384775837957,8.629849471451177,4.386249073387694
20260931,planted0.10,surv,argmax_conf,top10_ew,20.0,cost_v1,0.35396496941973465,1.326079393888359,0.2533151767466328,-0.47760143928251375,8.629849471451177,4.386249073387694
20260931,planted0.10,surv,fixed_1d,top1,0.0,primary,5.804726117566601,3.617335569624953,0.5719056255894374,-0.33307628290019076,502.30674573758336,251.47828020756114
20260931,planted0.10,surv,fixed_1d,top1,5.0,primary,5.001499174114711,3.397266566625091,0.5716150063180331,-0.3400440790616104,502.30674573758336,251.47828020756114
20260931,planted0.10,surv,fixed_1d,top1,10.0,primary,4.292752163185403,3.1769728325989597,0.5713245386781375,-0.3478752075690549,502.30674573758336,251.47828020756114
20260931,planted0.10,surv,fixed_1d,top1,20.0,primary,3.1156950202873395,2.7357104972394173,0.5707440592187863,-0.3633628392315188,502.30674573758336,251.47828020756114
20260931,planted0.10,surv,fixed_1d,top1,0.0,stress,5.804726117566601,3.617335569624953,0.5719056255894374,-0.33307628290019076,502.30674573758336,251.47828020756114
20260931,planted0.10,surv,fixed_1d,top1,5.0,stress,5.001499174114711,3.397266566625091,0.5716150063180331,-0.3400440790616104,502.30674573758336,251.47828020756114
20260931,planted0.10,surv,fixed_1d,top1,10.0,stress,4.292752163185403,3.1769728325989597,0.5713245386781375,-0.3478752075690549,502.30674573758336,251.47828020756114
20260931,planted0.10,surv,fixed_1d,top1,20.0,stress,3.1156950202873395,2.7357104972394173,0.5707440592187863,-0.3633628392315188,502.30674573758336,251.47828020756114
20260931,planted0.10,surv,fixed_1d,top1,0.0,cost_v1,5.804726117566601,3.617335569624953,0.5719056255894374,-0.33307628290019076,502.30674573758336,251.47828020756114
20260931,planted0.10,surv,fixed_1d,top1,5.0,cost_v1,5.005889252350102,3.3970691730925413,0.5719052479836656,-0.3401849279090826,502.30674573758336,251.47828020756114
20260931,planted0.10,surv,fixed_1d,top1,10.0,cost_v1,4.300502216332263,3.176802353961574,0.5719048940930759,-0.3481537622813412,502.30674573758336,251.47828020756114
20260931,planted0.10,surv,fixed_1d,top1,20.0,cost_v1,3.1277692208304613,2.7362675575058986,0.5719042574576155,-0.3639071767356551,502.30674573758336,251.47828020756114
20260931,planted0.10,surv,fixed_1d,top10_ew,0.0,primary,3.7371464854129277,5.770305037725423,0.2774573173360005,-0.2730396099273541,495.5269686191898,251.47828020756114
20260931,planted0.10,surv,fixed_1d,top10_ew,5.0,primary,3.1850667010650824,5.322796402837059,0.27731895442185917,-0.279157668232464,495.5269686191898,251.47828020756114
20260931,planted0.10,surv,fixed_1d,top10_ew,10.0,primary,2.6971016335700444,4.874835000060313,0.277180932293291,-0.2852272428644277,495.5269686191898,251.47828020756114
20260931,planted0.10,surv,fixed_1d,top10_ew,20.0,primary,1.8846930125450827,3.977557772393983,0.27690591242996687,-0.2972223801145114,495.5269686191898,251.47828020756114
20260931,planted0.10,surv,fixed_1d,top10_ew,0.0,stress,3.7371464854129277,5.770305037725423,0.2774573173360005,-0.2730396099273541,495.5269686191898,251.47828020756114
20260931,planted0.10,surv,fixed_1d,top10_ew,5.0,stress,3.1850667010650824,5.322796402837059,0.27731895442185917,-0.279157668232464,495.5269686191898,251.47828020756114
20260931,planted0.10,surv,fixed_1d,top10_ew,10.0,stress,2.6971016335700444,4.874835000060313,0.277180932293291,-0.2852272428644277,495.5269686191898,251.47828020756114
20260931,planted0.10,surv,fixed_1d,top10_ew,20.0,stress,1.8846930125450827,3.977557772393983,0.27690591242996687,-0.2972223801145114,495.5269686191898,251.47828020756114
20260931,planted0.10,surv,fixed_1d,top10_ew,0.0,cost_v1,3.7371464854129277,5.770305037725423,0.2774573173360005,-0.2730396099273541,495.5269686191898,251.47828020756114
20260931,planted0.10,surv,fixed_1d,top10_ew,5.0,cost_v1,3.1804610573197687,5.316290336005195,0.27745672051236453,-0.2793188886817357,495.5269686191898,251.47828020756114
20260931,planted0.10,surv,fixed_1d,top10_ew,10.0,cost_v1,2.6889650343259732,4.862272824431366,0.2774561725707404,-0.2855471022933508,495.5269686191898,251.47828020756114
20260931,planted0.10,surv,fixed_1d,top10_ew,20.0,cost_v1,1.8719978564658275,3.954230331507838,0.2774552233346606,-0.2978518891289881,495.5269686191898,251.47828020756114
20260931,planted0.10,surv,fixed_21d,top1,0.0,primary,0.6824835448781224,1.2934016799358052,0.49022207020418895,-0.5043369039782599,23.934840622683467,12.021571534469977
20260931,planted0.10,surv,fixed_21d,top1,5.0,primary,0.6724436144714538,1.2811201877068776,0.49023923605395314,-0.5050800269369282,23.934840622683467,12.021571534469977
20260931,planted0.10,surv,fixed_21d,top1,10.0,primary,0.6624586280670977,1.2688244890784752,0.4902622233730014,-0.5058224067727001,23.934840622683467,12.021571534469977
20260931,planted0.10,surv,fixed_21d,top1,20.0,primary,0.6426523945828806,1.24419224225564,0.4903256589365538,-0.5073049385625428,23.934840622683467,12.021571534469977
20260931,planted0.10,surv,fixed_21d,top1,0.0,stress,0.6824835448781224,1.2934016799358052,0.49022207020418895,-0.5043369039782599,23.934840622683467,12.021571534469977
20260931,planted0.10,surv,fixed_21d,top1,5.0,stress,0.6724436144714538,1.2811201877068776,0.49023923605395314,-0.5050800269369282,23.934840622683467,12.021571534469977
20260931,planted0.10,surv,fixed_21d,top1,10.0,stress,0.6624586280670977,1.2688244890784752,0.4902622233730014,-0.5058224067727001,23.934840622683467,12.021571534469977
20260931,planted0.10,surv,fixed_21d,top1,20.0,stress,0.6426523945828806,1.24419224225564,0.4903256589365538,-0.5073049385625428,23.934840622683467,12.021571534469977
20260931,planted0.10,surv,fixed_21d,top1,0.0,cost_v1,0.6824835448781224,1.2934016799358052,0.49022207020418895,-0.5043369039782599,23.934840622683467,12.021571534469977
20260931,planted0.10,surv,fixed_21d,top1,5.0,cost_v1,0.6723980039165858,1.281051004648827,0.49024752938706445,-0.505105445031123,23.934840622683467,12.021571534469977
20260931,planted0.10,surv,fixed_21d,top1,10.0,cost_v1,0.6623679151024215,1.2686864795866135,0.49027883638736114,-0.5058731916197237,23.934840622683467,12.021571534469977
20260931,planted0.10,surv,fixed_21d,top1,20.0,cost_v1,0.642472985790163,1.2439176730845587,0.49035898915075093,-0.5074063030466949,23.934840622683467,12.021571534469977
20260931,planted0.10,surv,fixed_21d,top10_ew,0.0,primary,0.5749593121824739,1.6001918129274089,0.31443234715693913,-0.5219601505850372,23.72350153556305,12.021571534469977
20260931,planted0.10,surv,fixed_21d,top10_ew,5.0,primary,0.5656437813826218,1.5811347661726947,0.3144627689106041,-0.5219601505850373,23.72350153556305,12.021571534469977
20260931,planted0.10,surv,fixed_21d,top10_ew,10.0,primary,0.5563787968926373,1.5620373398296359,0.31450206279733894,-0.5219601505850372,23.72350153556305,12.021571534469977
20260931,planted0.10,surv,fixed_21d,top10_ew,20.0,primary,0.5379994697668724,1.5237279464897184,0.31460725292205466,-0.5219601505850373,23.72350153556305,12.021571534469977
20260931,planted0.10,surv,fixed_21d,top10_ew,0.0,stress,0.5749593121824739,1.6001918129274089,0.31443234715693913,-0.5219601505850372,23.72350153556305,12.021571534469977
20260931,planted0.10,surv,fixed_21d,top10_ew,5.0,stress,0.5656437813826218,1.5811347661726947,0.3144627689106041,-0.5219601505850373,23.72350153556305,12.021571534469977
20260931,planted0.10,surv,fixed_21d,top10_ew,10.0,stress,0.5563787968926373,1.5620373398296359,0.31450206279733894,-0.5219601505850372,23.72350153556305,12.021571534469977
20260931,planted0.10,surv,fixed_21d,top10_ew,20.0,stress,0.5379994697668724,1.5237279464897184,0.31460725292205466,-0.5219601505850373,23.72350153556305,12.021571534469977
20260931,planted0.10,surv,fixed_21d,top10_ew,0.0,cost_v1,0.5749593121824739,1.6001918129274089,0.31443234715693913,-0.5219601505850372,23.72350153556305,12.021571534469977
20260931,planted0.10,surv,fixed_21d,top10_ew,5.0,cost_v1,0.5655193809730192,1.5808579484759973,0.31446855109501254,-0.5219601505850371,23.72350153556305,12.021571534469977
20260931,planted0.10,surv,fixed_21d,top10_ew,10.0,cost_v1,0.5561313485189239,1.5614832860577024,0.3145138688537526,-0.5219601505850373,23.72350153556305,12.021571534469977
20260931,planted0.10,surv,fixed_21d,top10_ew,20.0,cost_v1,0.5375099427915424,1.5226184596127403,0.31463182928881556,-0.5219601505850372,23.72350153556305,12.021571534469977
20260931,planted0.10,surv,fixed_126d,top1,0.0,primary,0.19581116767779472,0.6362058411020867,0.4256734548942465,-0.8003929090031066,4.007190511489992,2.003595255744996
20260931,planted0.10,surv,fixed_126d,top1,5.0,primary,0.19461351149852746,0.6338450624868484,0.4256773148736859,-0.8004927125486051,4.007190511489992,2.003595255744996
20260931,planted0.10,surv,fixed_126d,top1,10.0,primary,0.1934164645342049,0.6314826169533123,0.42568232738026285,-0.8005925160941035,4.007190511489992,2.003595255744996
20260931,planted0.10,surv,fixed_126d,top1,20.0,primary,0.1910241981973091,0.6267528024004134,0.4256958098026188,-0.8007921231851003,4.007190511489992,2.003595255744996
20260931,planted0.10,surv,fixed_126d,top1,0.0,stress,0.19581116767779472,0.6362058411020867,0.4256734548942465,-0.8003929090031066,4.007190511489992,2.003595255744996
20260931,planted0.10,surv,fixed_126d,top1,5.0,stress,0.19461351149852746,0.6338450624868484,0.4256773148736859,-0.8004927125486051,4.007190511489992,2.003595255744996
20260931,planted0.10,surv,fixed_126d,top1,10.0,stress,0.1934164645342049,0.6314826169533123,0.42568232738026285,-0.8005925160941035,4.007190511489992,2.003595255744996
20260931,planted0.10,surv,fixed_126d,top1,20.0,stress,0.1910241981973091,0.6267528024004134,0.4256958098026188,-0.8007921231851003,4.007190511489992,2.003595255744996
20260931,planted0.10,surv,fixed_126d,top1,0.0,cost_v1,0.19581116767779472,0.6362058411020867,0.4256734548942465,-0.8003929090031066,4.007190511489992,2.003595255744996
20260931,planted0.10,surv,fixed_126d,top1,5.0,cost_v1,0.19461056412149635,0.633837728187604,0.42568036984485974,-0.8004932154650733,4.007190511489992,2.003595255744996
20260931,planted0.10,surv,fixed_126d,top1,10.0,cost_v1,0.19341056416593982,0.6314679571893844,0.42568845441290676,-0.8005935219270401,4.007190511489992,2.003595255744996
20260931,planted0.10,surv,fixed_126d,top1,20.0,cost_v1,0.19101237505276525,0.62672351988383,0.42570813212511716,-0.8007941348509735,4.007190511489992,2.003595255744996
20260931,planted0.10,surv,fixed_126d,top10_ew,0.0,primary,0.2738316900185058,1.0507168494906534,0.2642261478938398,-0.49153631438238665,3.9289353551512916,2.003595255744996
20260931,planted0.10,surv,fixed_126d,top10_ew,5.0,primary,0.2725808010250117,1.0470160227578644,0.2642167997536378,-0.49153631438238643,3.9289353551512916,2.003595255744996
20260931,planted0.10,surv,fixed_126d,top10_ew,10.0,primary,0.2713305352172566,1.0433078181256632,0.2642092536744143,-0.4915363143823863,3.9289353551512916,2.003595255744996
20260931,planted0.10,surv,fixed_126d,top10_ew,20.0,primary,0.26883187310503387,1.0358695741756612,0.26419956827967384,-0.4915363143823863,3.9289353551512916,2.003595255744996
20260931,planted0.10,surv,fixed_126d,top10_ew,0.0,stress,0.2738316900185058,1.0507168494906534,0.2642261478938398,-0.49153631438238665,3.9289353551512916,2.003595255744996
20260931,planted0.10,surv,fixed_126d,top10_ew,5.0,stress,0.2725808010250117,1.0470160227578644,0.2642167997536378,-0.49153631438238643,3.9289353551512916,2.003595255744996
20260931,planted0.10,surv,fixed_126d,top10_ew,10.0,stress,0.2713305352172566,1.0433078181256632,0.2642092536744143,-0.4915363143823863,3.9289353551512916,2.003595255744996
20260931,planted0.10,surv,fixed_126d,top10_ew,20.0,stress,0.26883187310503387,1.0358695741756612,0.26419956827967384,-0.4915363143823863,3.9289353551512916,2.003595255744996
20260931,planted0.10,surv,fixed_126d,top10_ew,0.0,cost_v1,0.2738316900185058,1.0507168494906534,0.2642261478938398,-0.49153631438238665,3.9289353551512916,2.003595255744996
20260931,planted0.10,surv,fixed_126d,top10_ew,5.0,cost_v1,0.2725603857286325,1.0469543585285925,0.2642170631082118,-0.49153631438238654,3.9289353551512916,2.003595255744996
20260931,planted0.10,surv,fixed_126d,top10_ew,10.0,cost_v1,0.2712897171581412,1.0431841688292358,0.26420986265425567,-0.49153631438238665,3.9289353551512916,2.003595255744996
20260931,planted0.10,surv,fixed_126d,top10_ew,20.0,cost_v1,0.2687502871707521,1.0356210114490336,0.2642011153173005,-0.49153631438238665,3.9289353551512916,2.003595255744996
20260932,random,pit,argmax_conf,top1,0.0,primary,0.09383711535351269,0.42781394550396684,0.3719013822076216,-0.6349319430969325,10.397034840622682,5.252668643439584
20260932,random,pit,argmax_conf,top1,5.0,primary,0.09099693977217616,0.4208115840779875,0.37189233101541186,-0.6360257791747561,10.397034840622682,5.252668643439584
20260932,random,pit,argmax_conf,top1,10.0,primary,0.08816273790703955,0.4138050923646244,0.3718866853525347,-0.6371168827133845,10.397034840622682,5.252668643439584
20260932,random,pit,argmax_conf,top1,20.0,primary,0.08251221684682863,0.39978048692430124,0.37188561114161917,-0.6455964931098427,10.397034840622682,5.252668643439584
20260932,random,pit,argmax_conf,top1,0.0,stress,0.05238922649511224,0.32883235389390264,0.3848571000419561,-0.6775478247830249,10.397034840622682,5.252668643439584
20260932,random,pit,argmax_conf,top1,5.0,stress,0.0496566713996609,0.3220638732528943,0.38484747801154734,-0.6792366737889652,10.397034840622682,5.252668643439584
20260932,random,pit,argmax_conf,top1,10.0,stress,0.04692986366319252,0.31529235798994154,0.38484114684538845,-0.6809174958765297,10.397034840622682,5.252668643439584
20260932,random,pit,argmax_conf,top1,20.0,stress,0.04149345324670417,0.3017409175738794,0.38483835767107216,-0.6842551962337007,10.397034840622682,5.252668643439584
20260932,random,pit,argmax_conf,top1,0.0,cost_v1,0.09383711535351269,0.42781394550396684,0.3719013822076216,-0.6349319430969325,10.397034840622682,5.252668643439584
20260932,random,pit,argmax_conf,top1,5.0,cost_v1,0.09096983597580999,0.4207437352836976,0.37189711498243894,-0.6360384679448695,10.397034840622682,5.252668643439584
20260932,random,pit,argmax_conf,top1,10.0,cost_v1,0.08810864390581341,0.4136695092302831,0.37189631216358626,-0.6371421968623863,10.397034840622682,5.252668643439584
20260932,random,pit,argmax_conf,top1,20.0,cost_v1,0.0824044821476082,0.39950980053421487,0.3719050997377968,-0.6456181558820715,10.397034840622682,5.252668643439584
20260932,random,pit,argmax_conf,top10_ew,0.0,primary,0.06775496675596848,0.39273486029543764,0.24231937390887406,-0.5445245536418805,10.380487579902601,5.252668643439584
20260932,random,pit,argmax_conf,top10_ew,5.0,primary,0.06498692485764712,0.38198699839700295,0.24234399709487275,-0.5452074252617674,10.380487579902601,5.252668643439584
20260932,random,pit,argmax_conf,top10_ew,10.0,primary,0.06222470148989334,0.3712334363905081,0.24237376750184733,-0.5458896140100912,10.380487579902601,5.252668643439584
20260932,random,pit,argmax_conf,top10_ew,20.0,primary,0.05671767283911766,0.3497119721866882,0.2424487420665366,-0.5472519442584763,10.380487579902601,5.252668643439584
20260932,random,pit,argmax_conf,top10_ew,0.0,stress,0.0578007874406119,0.3534332680991574,0.2436211723476462,-0.5659740439889567,10.38890483830334,5.252668643439584
20260932,random,pit,argmax_conf,top10_ew,5.0,stress,0.055056329472662924,0.3427386671845758,0.24364587519673053,-0.5666247574577594,10.38890483830334,5.252668643439584
20260932,random,pit,argmax_conf,top10_ew,10.0,stress,0.052317645212941244,0.33203924833740195,0.24367570503803823,-0.5672748202131479,10.38890483830334,5.252668643439584
20260932,random,pit,argmax_conf,top10_ew,20.0,stress,0.04685756056900825,0.31062867512272996,0.24375073784460272,-0.5685729948857584,10.38890483830334,5.252668643439584
20260932,random,pit,argmax_conf,top10_ew,0.0,cost_v1,0.06775496675596848,0.39273486029543764,0.24231937390887406,-0.5445245536418805,10.380487579902601,5.252668643439584
20260932,random,pit,argmax_conf,top10_ew,5.0,cost_v1,0.0649472315548667,0.3818303351366746,0.24234860507920997,-0.5452283575449957,10.380487579902601,5.252668643439584
20260932,random,pit,argmax_conf,top10_ew,10.0,cost_v1,0.06214547656403635,0.3709203108184293,0.24238314838367211,-0.5459314362387191,10.380487579902601,5.252668643439584
20260932,random,pit,argmax_conf,top10_ew,20.0,cost_v1,0.05655986823811854,0.3490866566833118,0.24246816196429266,-0.5473354194929225,10.380487579902601,5.252668643439584
20260932,random,pit,fixed_1d,top1,0.0,primary,-0.0719125576862173,0.07418204298320231,0.46159886650914117,-0.9349590368468002,502.4150481838399,251.47828020756114
20260932,random,pit,fixed_1d,top1,5.0,primary,-0.1814857677197116,-0.19856766185221375,0.4613669595123859,-0.9919995855298238,502.4150481838399,251.47828020756114
20260932,random,pit,fixed_1d,top1,10.0,primary,-0.27816776032237467,-0.4715915368786403,0.46113521291805626,-0.9990169341025058,502.4150481838399,251.47828020756114
20260932,random,pit,fixed_1d,top1,20.0,primary,-0.4387267435315001,-1.0184623091086589,0.46067220190481484,-0.9999856282897355,502.4150481838399,251.47828020756114
20260932,random,pit,fixed_1d,top1,0.0,stress,-0.0719125576862173,0.07418204298320231,0.46159886650914117,-0.9349590368468002,502.4150481838399,251.47828020756114
20260932,random,pit,fixed_1d,top1,5.0,stress,-0.1814857677197116,-0.19856766185221375,0.4613669595123859,-0.9919995855298238,502.4150481838399,251.47828020756114
20260932,random,pit,fixed_1d,top1,10.0,stress,-0.27816776032237467,-0.4715915368786403,0.46113521291805626,-0.9990169341025058,502.4150481838399,251.47828020756114
20260932,random,pit,fixed_1d,top1,20.0,stress,-0.4387267435315001,-1.0184623091086589,0.46067220190481484,-0.9999856282897355,502.4150481838399,251.47828020756114
20260932,random,pit,fixed_1d,top1,0.0,cost_v1,-0.0719125576862173,0.07418204298320231,0.46159886650914117,-0.9349590368468002,502.4150481838399,251.47828020756114
20260932,random,pit,fixed_1d,top1,5.0,cost_v1,-0.18167334362882848,-0.1987234640828677,0.46159887321356746,-0.9920339487062685,502.4150481838399,251.47828020756114
20260932,random,pit,fixed_1d,top1,10.0,cost_v1,-0.27849872609441395,-0.47162893320034227,0.46159890930058334,-0.9990253650372802,502.4150481838399,251.47828020756114
20260932,random,pit,fixed_1d,top1,20.0,cost_v1,-0.43924183389420535,-1.0174395491315982,0.46159906962235087,-0.9999858728232857,502.4150481838399,251.47828020756114
20260932,random,pit,fixed_1d,top10_ew,0.0,primary,0.018953186639221853,0.2027181573058438,0.25746654718280776,-0.5931209502905923,497.9791907668953,251.47828020756114
20260932,random,pit,fixed_1d,top10_ew,5.0,primary,-0.10035032149565604,-0.28196369278534056,0.25733648612228865,-0.8848417221958331,497.9791907668953,251.47828020756114
20260932,random,pit,fixed_1d,top10_ew,10.0,primary,-0.20573429582305514,-0.7671349459025651,0.2572066842966794,-0.9876966349749761,497.9791907668953,251.47828020756114
20260932,random,pit,fixed_1d,top10_ew,20.0,primary,-0.38102940355570136,-1.7389427405146782,0.2569478599208927,-0.9998696751966201,497.9791907668953,251.47828020756114
20260932,random,pit,fixed_1d,top10_ew,0.0,stress,0.0006496995653135773,0.13267741807341396,0.2584465636633155,-0.6172169122664384,497.9957567255762,251.47828020756114
20260932,random,pit,fixed_1d,top10_ew,5.0,stress,-0.11651441673102747,-0.35018540418242855,0.2583151390401843,-0.9149958457291673,497.9957567255762,251.47828020756114
20260932,random,pit,fixed_1d,top10_ew,10.0,stress,-0.22000818168930103,-0.833538982965446,0.25818397209647587,-0.9911979519153086,497.9957567255762,251.47828020756114
20260932,random,pit,fixed_1d,top10_ew,20.0,stress,-0.3921580800777553,-1.8017155963150806,0.25792241281907563,-0.9999067775988264,497.9957567255762,251.47828020756114
20260932,random,pit,fixed_1d,top10_ew,0.0,cost_v1,0.018953186639221853,0.2027181573058438,0.25746654718280776,-0.5931209502905923,497.9791907668953,251.47828020756114
20260932,random,pit,fixed_1d,top10_ew,5.0,cost_v1,-0.10147631138881263,-0.28656044662595187,0.25746655169628185,-0.887328015541541,497.9791907668953,251.47828020756114
20260932,random,pit,fixed_1d,top10_ew,10.0,cost_v1,-0.2077221964748377,-0.7758388746639373,0.257466608888324,-0.9882459555297135,497.9791907668953,251.47828020756114
20260932,random,pit,fixed_1d,top10_ew,20.0,cost_v1,-0.3841268526511127,-1.75439400176469,0.2574668813079401,-0.999881063427437,497.9791907668953,251.47828020756114
20260932,random,pit,fixed_21d,top1,0.0,primary,0.0727305080495555,0.37393926536157596,0.38433536189236983,-0.8219545384313662,24.043143068939955,12.021571534469977
20260932,random,pit,fixed_21d,top1,5.0,primary,0.06630029539338111,0.35826776495869195,0.3843010568614054,-0.8281658028574423,24.043143068939955,12.021571534469977
20260932,random,pit,fixed_21d,top1,10.0,primary,0.05990544558617161,0.34258679672932163,0.38427423299533336,-0.8341633287167664,24.043143068939955,12.021571534469977
20260932,random,pit,fixed_21d,top1,20.0,primary,0.04722112744753448,0.31120010892243793,0.38424303458798326,-0.8455459362479398,24.043143068939955,12.021571534469977
20260932,random,pit,fixed_21d,top1,0.0,stress,0.0727305080495555,0.37393926536157596,0.38433536189236983,-0.8219545384313662,24.043143068939955,12.021571534469977
20260932,random,pit,fixed_21d,top1,5.0,stress,0.06630029539338111,0.35826776495869195,0.3843010568614054,-0.8281658028574423,24.043143068939955,12.021571534469977
20260932,random,pit,fixed_21d,top1,10.0,stress,0.05990544558617161,0.34258679672932163,0.38427423299533336,-0.8341633287167664,24.043143068939955,12.021571534469977
20260932,random,pit,fixed_21d,top1,20.0,stress,0.04722112744753448,0.31120010892243793,0.38424303458798326,-0.8455459362479398,24.043143068939955,12.021571534469977
20260932,random,pit,fixed_21d,top1,0.0,cost_v1,0.0727305080495555,0.37393926536157596,0.38433536189236983,-0.8219545384313662,24.043143068939955,12.021571534469977
20260932,random,pit,fixed_21d,top1,5.0,cost_v1,0.06630996148174972,0.3582918276856826,0.38431276725491614,-0.8281476894582421,24.043143068939955,12.021571534469977
20260932,random,pit,fixed_21d,top1,10.0,cost_v1,0.05992466204111113,0.3426358978033752,0.38429763352603163,-0.834128349499478,24.043143068939955,12.021571534469977
20260932,random,pit,fixed_21d,top1,20.0,cost_v1,0.047259101263042336,0.311302203372385,0.3842897518852338,-0.845480716749175,24.043143068939955,12.021571534469977
20260932,random,pit,fixed_21d,top10_ew,0.0,primary,0.020463911154306347,0.20717338168135202,0.25185293938273356,-0.6308944276794336,23.79485855978272,12.021571534469977
20260932,random,pit,fixed_21d,top10_ew,5.0,primary,0.014409991070702732,0.18350780767483837,0.2518651217593674,-0.6327358086350896,23.79485855978272,12.021571534469977
20260932,random,pit,fixed_21d,top10_ew,10.0,primary,0.008389018898633749,0.1598374596926168,0.2518884345806742,-0.6345689178671343,23.79485855978272,12.021571534469977
20260932,random,pit,fixed_21d,top10_ew,20.0,primary,-0.003554733613753802,0.11249500189916214,0.25196843772444283,-0.6382104532269535,23.79485855978272,12.021571534469977
20260932,random,pit,fixed_21d,top10_ew,0.0,stress,0.008670782072514482,0.16116124017959016,0.2524512788082594,-0.6308944276794336,23.80546847340403,12.021571534469977
20260932,random,pit,fixed_21d,top10_ew,5.0,stress,0.0026841640782764298,0.1375442100638075,0.25246268693391916,-0.6327358086350896,23.80546847340403,12.021571534469977
20260932,random,pit,fixed_21d,top10_ew,10.0,stress,-0.003269857674155552,0.11392429959262215,0.2524852082919767,-0.6345689178671343,23.80546847340403,12.021571534469977
20260932,random,pit,fixed_21d,top10_ew,20.0,stress,-0.01508075768990813,0.06668831675419616,0.25256357734653806,-0.6382104532269535,23.80546847340403,12.021571534469977
20260932,random,pit,fixed_21d,top10_ew,0.0,cost_v1,0.020463911154306347,0.20717338168135202,0.25185293938273356,-0.6308944276794336,23.79485855978272,12.021571534469977
20260932,random,pit,fixed_21d,top10_ew,5.0,cost_v1,0.0143436477140928,0.18324939932164871,0.25187130879208747,-0.6327435188969142,23.79485855978272,12.021571534469977
20260932,random,pit,fixed_21d,top10_ew,10.0,cost_v1,0.008257053472179976,0.1593217064527838,0.25190106131959744,-0.6345842700109728,23.79485855978272,12.021571534469977
20260932,random,pit,fixed_21d,top10_ew,20.0,cost_v1,-0.00381580065085263,0.11146817362228367,0.2519946980586963,-0.6382408856110762,23.79485855978272,12.021571534469977
20260932,random,pit,fixed_126d,top1,0.0,primary,0.19692525336044686,0.6618564010540913,0.3699176348827137,-0.4881369558804587,3.79058561897702,2.003595255744996
20260932,random,pit,fixed_126d,top1,5.0,primary,0.19579125747328274,0.6592865636105028,0.3699184508500707,-0.48839288740251874,3.79058561897702,2.003595255744996
20260932,random,pit,fixed_126d,top1,10.0,primary,0.19465779363394176,0.6567145700442137,0.3699204877209553,-0.48864881892457823,3.79058561897702,2.003595255744996
20260932,random,pit,fixed_126d,top1,20.0,primary,0.19239246207452187,0.6515642167547311,0.36992822408054943,-0.4891606819686981,3.79058561897702,2.003595255744996
20260932,random,pit,fixed_126d,top1,0.0,stress,0.10793557138471543,0.4543455871800807,0.3955801409744745,-0.4881369558804577,3.79058561897702,2.003595255744996
20260932,random,pit,fixed_126d,top1,5.0,stress,0.10688588647108732,0.4519457292079438,0.39558747551336837,-0.4883928874025174,3.79058561897702,2.003595255744996
20260932,random,pit,fixed_126d,top1,10.0,stress,0.10583669404828688,0.4495446678995926,0.3955959472857801,-0.48864881892457723,3.79058561897702,2.003595255744996
20260932,random,pit,fixed_126d,top1,20.0,stress,0.10373978665276229,0.4447390187684886,0.3956163022291159,-0.4891606819686968,3.79058561897702,2.003595255744996
20260932,random,pit,fixed_126d,top1,0.0,cost_v1,0.19692525336044686,0.6618564010540913,0.3699176348827137,-0.4881369558804587,3.79058561897702,2.003595255744996
20260932,random,pit,fixed_126d,top1,5.0,cost_v1,0.1957271021800988,0.6591406143222023,0.3699190876158409,-0.4883988130783702,3.79058561897702,2.003595255744996
20260932,random,pit,fixed_126d,top1,10.0,cost_v1,0.19452955196860078,0.6564224603357909,0.36992188641305357,-0.48866067027628146,3.79058561897702,2.003595255744996
20260932,random,pit,fixed_126d,top1,20.0,cost_v1,0.1921362544478349,0.6509791697929682,0.36993152206283425,-0.48918438467210357,3.79058561897702,2.003595255744996
20260932,random,pit,fixed_126d,top10_ew,0.0,primary,0.08250579244376954,0.4461976393608996,0.24646721856274076,-0.4921789452947799,3.90456291899317,2.003595255744996
20260932,random,pit,fixed_126d,top10_ew,5.0,primary,0.08144937607388769,0.442223428537616,0.24647303187164038,-0.4926866393942215,3.90456291899317,2.003595255744996
20260932,random,pit,fixed_126d,top10_ew,10.0,primary,0.08039348294506898,0.43824604504950077,0.24648073498970852,-0.4931940795831359,3.90456291899317,2.003595255744996
20260932,random,pit,fixed_126d,top10_ew,20.0,primary,0.0782832663652615,0.43028212863926735,0.24650180990121287,-0.4942081982293819,3.90456291899317,2.003595255744996
20260932,random,pit,fixed_126d,top10_ew,0.0,stress,0.062424402613266095,0.36924824538149326,0.24814602153483648,-0.4921789452947799,3.9207091195129817,2.003595255744996
20260932,random,pit,fixed_126d,top10_ew,5.0,stress,0.0613832973165267,0.36528500167506134,0.24815581733181727,-0.4926866393942215,3.9207091195129817,2.003595255744996
20260932,random,pit,fixed_126d,top10_ew,10.0,stress,0.06034270994087687,0.3613193223859412,0.2481675008610345,-0.4931940795831359,3.9207091195129817,2.003595255744996
20260932,random,pit,fixed_126d,top10_ew,20.0,stress,0.058263088907889005,0.35338102207198147,0.24819653000675504,-0.4942081982293819,3.9207091195129817,2.003595255744996
20260932,random,pit,fixed_126d,top10_ew,0.0,cost_v1,0.08250579244376954,0.4461976393608996,0.24646721856274076,-0.4921789452947799,3.90456291899317,2.003595255744996
20260932,random,pit,fixed_126d,top10_ew,5.0,cost_v1,0.08142002412427551,0.4421116048179127,0.2464749399602878,-0.492695222731532,3.90456291899317,2.003595255744996
20260932,random,pit,fixed_126d,top10_ew,10.0,cost_v1,0.08033480143555338,0.4380222366726865,0.24648468128940892,-0.493211238050692,3.90456291899317,2.003595255744996
20260932,random,pit,fixed_126d,top10_ew,20.0,cost_v1,0.07816599294648285,0.42983390518171855,0.24651022273486095,-0.4942424823362359,3.90456291899317,2.003595255744996
20260932,random,surv,argmax_conf,top1,0.0,primary,0.011755934964169157,0.26506811247098216,0.5761598386759621,-0.9916854113186014,10.072127501853224,5.036063750926612
20260932,random,surv,argmax_conf,top1,5.0,primary,0.009210873989653923,0.2606944128575979,0.5761713536080172,-0.9916999524974797,10.072127501853224,5.036063750926612
20260932,random,surv,argmax_conf,top1,10.0,primary,0.006670953228347765,0.2563199426076722,0.576184993826442,-0.9917144749841196,10.072127501853224,5.036063750926612
20260932,random,surv,argmax_conf,top1,20.0,primary,0.0016065010179127093,0.2475688843176958,0.5762186494951682,-0.9917434639430002,10.072127501853224,5.036063750926612
20260932,random,surv,argmax_conf,top1,0.0,stress,0.011755934964169157,0.26506811247098216,0.5761598386759621,-0.9916854113186014,10.072127501853224,5.036063750926612
20260932,random,surv,argmax_conf,top1,5.0,stress,0.009210873989653923,0.2606944128575979,0.5761713536080172,-0.9916999524974797,10.072127501853224,5.036063750926612
20260932,random,surv,argmax_conf,top1,10.0,stress,0.006670953228347765,0.2563199426076722,0.576184993826442,-0.9917144749841196,10.072127501853224,5.036063750926612
20260932,random,surv,argmax_conf,top1,20.0,stress,0.0016065010179127093,0.2475688843176958,0.5762186494951682,-0.9917434639430002,10.072127501853224,5.036063750926612
20260932,random,surv,argmax_conf,top1,0.0,cost_v1,0.011755934964169157,0.26506811247098216,0.5761598386759621,-0.9916854113186014,10.072127501853224,5.036063750926612
20260932,random,surv,argmax_conf,top1,5.0,cost_v1,0.009203486060523902,0.26068321572666264,0.5761739892096677,-0.9916980094304305,10.072127501853224,5.036063750926612
20260932,random,surv,argmax_conf,top1,10.0,cost_v1,0.00665619971988507,0.2562975800418711,0.5761902851635297,-0.9917105948158034,10.072127501853224,5.036063750926612
20260932,random,surv,argmax_conf,top1,20.0,cost_v1,0.0015770833053783129,0.24752428838467097,0.5762293125796808,-0.9917357274328942,10.072127501853224,5.036063750926612
20260932,random,surv,argmax_conf,top10_ew,0.0,primary,0.06649146964734709,0.3764537529728155,0.26471475075809603,-0.7336254412787553,9.96785456868699,5.036063750926612
20260932,random,surv,argmax_conf,top10_ew,5.0,primary,0.06383646721234992,0.36701586835508276,0.2647229645834226,-0.7342109560814769,9.96785456868699,5.036063750926612
20260932,random,surv,argmax_conf,top10_ew,10.0,primary,0.06118677050452126,0.35757242433361486,0.26473572794798167,-0.7347954533094468,9.96785456868699,5.036063750926612
20260932,random,surv,argmax_conf,top10_ew,20.0,primary,0.055903262281358446,0.33867081269740495,0.26477490042857377,-0.7359614002677026,9.96785456868699,5.036063750926612
20260932,random,surv,argmax_conf,top10_ew,0.0,stress,0.06649146964734709,0.3764537529728155,0.26471475075809603,-0.7336254412787553,9.96785456868699,5.036063750926612
20260932,random,surv,argmax_conf,top10_ew,5.0,stress,0.06383646721234992,0.36701586835508276,0.2647229645834226,-0.7342109560814769,9.96785456868699,5.036063750926612
20260932,random,surv,argmax_conf,top10_ew,10.0,stress,0.06118677050452126,0.35757242433361486,0.26473572794798167,-0.7347954533094468,9.96785456868699,5.036063750926612
20260932,random,surv,argmax_conf,top10_ew,20.0,stress,0.055903262281358446,0.33867081269740495,0.26477490042857377,-0.7359614002677026,9.96785456868699,5.036063750926612
20260932,random,surv,argmax_conf,top10_ew,0.0,cost_v1,0.06649146964734709,0.3764537529728155,0.26471475075809603,-0.7336254412787553,9.96785456868699,5.036063750926612
20260932,random,surv,argmax_conf,top10_ew,5.0,cost_v1,0.06380646021633707,0.36690782013442297,0.26472629763076766,-0.7341655177853881,9.96785456868699,5.036063750926612
20260932,random,surv,argmax_conf,top10_ew,10.0,cost_v1,0.06112687066026745,0.35735641673045804,0.26474251411898764,-0.7347047727440479,9.96785456868699,5.036063750926612
20260932,random,surv,argmax_conf,top10_ew,20.0,cost_v1,0.055783918248150544,0.33823922881933527,0.2647889522632443,-0.7357808213507868,9.96785456868699,5.036063750926612
20260932,random,surv,fixed_1d,top1,0.0,primary,0.16592097426267283,0.5681548110342112,0.4333406849618533,-0.7477532909212414,501.76523350630094,251.47828020756114
20260932,random,surv,fixed_1d,top1,5.0,primary,0.028435420514147047,0.27799816939210087,0.433127956405098,-0.8181321362819988,501.76523350630094,251.47828020756114
20260932,random,surv,fixed_1d,top1,10.0,primary,-0.09289475942443792,-0.012443620154186853,0.43291557640763983,-0.9313771253239674,501.76523350630094,251.47828020756114
20260932,random,surv,fixed_1d,top1,20.0,primary,-0.29443490897845215,-0.5941815101424072,0.4324918641437399,-0.9988796949426515,501.76523350630094,251.47828020756114
20260932,random,surv,fixed_1d,top1,0.0,stress,0.16592097426267283,0.5681548110342112,0.4333406849618533,-0.7477532909212414,501.76523350630094,251.47828020756114
20260932,random,surv,fixed_1d,top1,5.0,stress,0.028435420514147047,0.27799816939210087,0.433127956405098,-0.8181321362819988,501.76523350630094,251.47828020756114
20260932,random,surv,fixed_1d,top1,10.0,stress,-0.09289475942443792,-0.012443620154186853,0.43291557640763983,-0.9313771253239674,501.76523350630094,251.47828020756114
20260932,random,surv,fixed_1d,top1,20.0,stress,-0.29443490897845215,-0.5941815101424072,0.4324918641437399,-0.9988796949426515,501.76523350630094,251.47828020756114
20260932,random,surv,fixed_1d,top1,0.0,cost_v1,0.16592097426267283,0.5681548110342112,0.4333406849618533,-0.7477532909212414,501.76523350630094,251.47828020756114
20260932,random,surv,fixed_1d,top1,5.0,cost_v1,0.02816105957618875,0.2774531395788188,0.433340639440322,-0.8182718061945798,501.76523350630094,251.47828020756114
20260932,random,surv,fixed_1d,top1,10.0,cost_v1,-0.09337884154026443,-0.013248591994891614,0.433340625217424,-0.9316623719139722,501.76523350630094,251.47828020756114
20260932,random,surv,fixed_1d,top1,20.0,cost_v1,-0.2951882660023539,-0.5946519835412197,0.4333406906675338,-0.9989026196258848,501.76523350630094,251.47828020756114
20260932,random,surv,fixed_1d,top10_ew,0.0,primary,0.2365617216594318,0.9492819958290502,0.25975807297413206,-0.5265371173852904,495.19789522421456,251.47828020756114
20260932,random,surv,fixed_1d,top10_ew,5.0,primary,0.09253941305049107,0.47156291268105593,0.2596329003071274,-0.5760136178082124,495.19789522421456,251.47828020756114
20260932,random,surv,fixed_1d,top10_ew,10.0,primary,-0.03476759134995955,-0.006617012926572345,0.25950811512003097,-0.6957630567866453,495.19789522421456,251.47828020756114
20260932,random,surv,fixed_1d,top10_ew,20.0,primary,-0.2467454579181959,-0.9643534647468426,0.25925970942181775,-0.9951553579323185,495.19789522421456,251.47828020756114
20260932,random,surv,fixed_1d,top10_ew,0.0,stress,0.2365617216594318,0.9492819958290502,0.25975807297413206,-0.5265371173852904,495.19789522421456,251.47828020756114
20260932,random,surv,fixed_1d,top10_ew,5.0,stress,0.09253941305049107,0.47156291268105593,0.2596329003071274,-0.5760136178082124,495.19789522421456,251.47828020756114
20260932,random,surv,fixed_1d,top10_ew,10.0,stress,-0.03476759134995955,-0.006617012926572345,0.25950811512003097,-0.6957630567866453,495.19789522421456,251.47828020756114
20260932,random,surv,fixed_1d,top10_ew,20.0,stress,-0.2467454579181959,-0.9643534647468426,0.25925970942181775,-0.9951553579323185,495.19789522421456,251.47828020756114
20260932,random,surv,fixed_1d,top10_ew,0.0,cost_v1,0.2365617216594318,0.9492819958290502,0.25975807297413206,-0.5265371173852904,495.19789522421456,251.47828020756114
20260932,random,surv,fixed_1d,top10_ew,5.0,cost_v1,0.0905186643721525,0.46431982590747906,0.25975799687583895,-0.5773256198249515,495.19789522421456,251.47828020756114
20260932,random,surv,fixed_1d,top10_ew,10.0,cost_v1,-0.03833655558534099,-0.020642624012312875,0.2597579729914062,-0.7110077258405803,495.19789522421456,251.47828020756114
20260932,random,surv,fixed_1d,top10_ew,20.0,cost_v1,-0.25231079919462795,-0.9905671940613083,0.25975808186414745,-0.9957481210924096,495.19789522421456,251.47828020756114
20260932,random,surv,fixed_21d,top1,0.0,primary,0.02908694295508707,0.2765617107357928,0.4085633761126203,-0.6465001033699662,23.826538176426983,12.021571534469977
20260932,random,surv,fixed_21d,top1,5.0,primary,0.02297375174630001,0.26193503438865257,0.4085175120906315,-0.6487909720719152,23.826538176426983,12.021571534469977
20260932,random,surv,fixed_21d,top1,10.0,primary,0.016893857476058427,0.24730085252787776,0.4084786197919253,-0.6510681298828918,23.826538176426983,12.021571534469977
20260932,random,surv,fixed_21d,top1,20.0,primary,0.004833300836519561,0.2180129580458821,0.4084217579739983,-0.6640901192646205,23.826538176426983,12.021571534469977
20260932,random,surv,fixed_21d,top1,0.0,stress,0.02908694295508707,0.2765617107357928,0.4085633761126203,-0.6465001033699662,23.826538176426983,12.021571534469977
20260932,random,surv,fixed_21d,top1,5.0,stress,0.02297375174630001,0.26193503438865257,0.4085175120906315,-0.6487909720719152,23.826538176426983,12.021571534469977
20260932,random,surv,fixed_21d,top1,10.0,stress,0.016893857476058427,0.24730085252787776,0.4084786197919253,-0.6510681298828918,23.826538176426983,12.021571534469977
20260932,random,surv,fixed_21d,top1,20.0,stress,0.004833300836519561,0.2180129580458821,0.4084217579739983,-0.6640901192646205,23.826538176426983,12.021571534469977
20260932,random,surv,fixed_21d,top1,0.0,cost_v1,0.02908694295508707,0.2765617107357928,0.4085633761126203,-0.6465001033699662,23.826538176426983,12.021571534469977
20260932,random,surv,fixed_21d,top1,5.0,cost_v1,0.022939562900397226,0.26185299770715903,0.4085155720291794,-0.6487724933368242,23.826538176426983,12.021571534469977
20260932,random,surv,fixed_21d,top1,10.0,cost_v1,0.01682586565312283,0.2471365975975571,0.408474782899137,-0.6510313932027856,23.826538176426983,12.021571534469977
20260932,random,surv,fixed_21d,top1,20.0,cost_v1,0.0046988487868857565,0.21768375666636894,0.40841425754494537,-0.6647940205726977,23.826538176426983,12.021571534469977
20260932,random,surv,fixed_21d,top10_ew,0.0,primary,0.1273449039696708,0.5881122149366874,0.26270981912455,-0.5013668842436619,23.597994314612414,12.021571534469977
20260932,random,surv,fixed_21d,top10_ew,5.0,primary,0.12071209173093389,0.5655941491495192,0.26271495627110114,-0.5026122210733989,23.597994314612414,12.021571534469977
20260932,random,surv,fixed_21d,top10_ew,10.0,primary,0.11411507676089472,0.5430552208325767,0.2627306123534049,-0.5038550684751246,23.597994314612414,12.021571534469977
20260932,random,surv,fixed_21d,top10_ew,20.0,primary,0.10102773631775142,0.49792563926872235,0.2627934725420693,-0.5063333099273696,23.597994314612414,12.021571534469977
20260932,random,surv,fixed_21d,top10_ew,0.0,stress,0.1273449039696708,0.5881122149366874,0.26270981912455,-0.5013668842436619,23.597994314612414,12.021571534469977
20260932,random,surv,fixed_21d,top10_ew,5.0,stress,0.12071209173093389,0.5655941491495192,0.26271495627110114,-0.5026122210733989,23.597994314612414,12.021571534469977
20260932,random,surv,fixed_21d,top10_ew,10.0,stress,0.11411507676089472,0.5430552208325767,0.2627306123534049,-0.5038550684751246,23.597994314612414,12.021571534469977
20260932,random,surv,fixed_21d,top10_ew,20.0,stress,0.10102773631775142,0.49792563926872235,0.2627934725420693,-0.5063333099273696,23.597994314612414,12.021571534469977
20260932,random,surv,fixed_21d,top10_ew,0.0,cost_v1,0.1273449039696708,0.5881122149366874,0.26270981912455,-0.5013668842436619,23.597994314612414,12.021571534469977
20260932,random,surv,fixed_21d,top10_ew,5.0,cost_v1,0.1205892247274638,0.5651730163188035,0.26271759306958564,-0.5026235535137755,23.597994314612414,12.021571534469977
20260932,random,surv,fixed_21d,top10_ew,10.0,cost_v1,0.11387067943515916,0.5422126494375755,0.2627362817284345,-0.5038776882492292,23.597994314612414,12.021571534469977
20260932,random,surv,fixed_21d,top10_ew,20.0,cost_v1,0.10054424880248058,0.4962398972885085,0.2628063925136716,-0.5063783694530065,23.597994314612414,12.021571534469977
20260932,random,surv,fixed_126d,top1,0.0,primary,0.015417897543730685,0.23686966048093178,0.3956680197738366,-0.8211317739752697,4.007190511489992,2.003595255744996
20260932,random,surv,fixed_126d,top1,5.0,primary,0.014400912962549972,0.2343311280653067,0.39566534904056055,-0.822646087554022,4.007190511489992,2.003595255744996
20260932,random,surv,fixed_126d,top1,10.0,primary,0.013384445693612967,0.23179183189997005,0.39566392350979157,-0.8241483289447428,4.007190511489992,2.003595255744996
20260932,random,surv,fixed_126d,top1,20.0,primary,0.011353063047394363,0.22671104417492843,0.3956648080978543,-0.827116955612278,4.007190511489992,2.003595255744996
20260932,random,surv,fixed_126d,top1,0.0,stress,0.015417897543730685,0.23686966048093178,0.3956680197738366,-0.8211317739752697,4.007190511489992,2.003595255744996
20260932,random,surv,fixed_126d,top1,5.0,stress,0.014400912962549972,0.2343311280653067,0.39566534904056055,-0.822646087554022,4.007190511489992,2.003595255744996
20260932,random,surv,fixed_126d,top1,10.0,stress,0.013384445693612967,0.23179183189997005,0.39566392350979157,-0.8241483289447428,4.007190511489992,2.003595255744996
20260932,random,surv,fixed_126d,top1,20.0,stress,0.011353063047394363,0.22671104417492843,0.3956648080978543,-0.827116955612278,4.007190511489992,2.003595255744996
20260932,random,surv,fixed_126d,top1,0.0,cost_v1,0.015417897543730685,0.23686966048093178,0.3956680197738366,-0.8211317739752697,4.007190511489992,2.003595255744996
20260932,random,surv,fixed_126d,top1,5.0,cost_v1,0.014401991819902538,0.23433413928015262,0.39566616261083526,-0.8226570691937127,4.007190511489992,2.003595255744996
20260932,random,surv,fixed_126d,top1,10.0,cost_v1,0.013386595316470018,0.23179785700321617,0.39566556392761687,-0.8241701165988968,4.007190511489992,2.003595255744996
20260932,random,surv,fixed_126d,top1,20.0,cost_v1,0.011357329967141006,0.22672310601951848,0.3956681420113711,-0.8271598363046525,4.007190511489992,2.003595255744996
20260932,random,surv,fixed_126d,top10_ew,0.0,primary,0.17358931849536985,0.7424467989600644,0.26257955450895626,-0.4897653792942679,3.9654379093532124,2.003595255744996
20260932,random,surv,fixed_126d,top10_ew,5.0,primary,0.17242616221172247,0.7386722366602815,0.26257331805568807,-0.49027548635631846,3.9654379093532124,2.003595255744996
20260932,random,surv,fixed_126d,top10_ew,10.0,primary,0.17126359113909562,0.7348923377978931,0.2625689242204967,-0.49078533830105864,3.9654379093532124,2.003595255744996
20260932,random,surv,fixed_126d,top10_ew,20.0,primary,0.16894020457606707,0.7273168469371197,0.262565664735569,-0.49180427683860783,3.9654379093532124,2.003595255744996
20260932,random,surv,fixed_126d,top10_ew,0.0,stress,0.17358931849536985,0.7424467989600644,0.26257955450895626,-0.4897653792942679,3.9654379093532124,2.003595255744996
20260932,random,surv,fixed_126d,top10_ew,5.0,stress,0.17242616221172247,0.7386722366602815,0.26257331805568807,-0.49027548635631846,3.9654379093532124,2.003595255744996
20260932,random,surv,fixed_126d,top10_ew,10.0,stress,0.17126359113909562,0.7348923377978931,0.2625689242204967,-0.49078533830105864,3.9654379093532124,2.003595255744996
20260932,random,surv,fixed_126d,top10_ew,20.0,stress,0.16894020457606707,0.7273168469371197,0.262565664735569,-0.49180427683860783,3.9654379093532124,2.003595255744996
20260932,random,surv,fixed_126d,top10_ew,0.0,cost_v1,0.17358931849536985,0.7424467989600644,0.26257955450895626,-0.4897653792942679,3.9654379093532124,2.003595255744996
20260932,random,surv,fixed_126d,top10_ew,5.0,cost_v1,0.17241656544317996,0.7386390994775615,0.2625743614241555,-0.4902756243565839,3.9654379093532124,2.003595255744996
20260932,random,surv,fixed_126d,top10_ew,10.0,cost_v1,0.17124439962460558,0.7348259423820906,0.2625710646435067,-0.49078561416396893,3.9654379093532124,2.003595255744996
20260932,random,surv,fixed_126d,top10_ew,20.0,cost_v1,0.16890182968408718,0.7271835845563026,0.2625701602392946,-0.491804828013946,3.9654379093532124,2.003595255744996
20260932,logistic,pit,argmax_conf,top1,0.0,primary,-0.22007535716893212,0.111685291692575,0.8711678119696937,-0.9927998229979577,12.779688658265382,8.989103039288361
20260932,logistic,pit,argmax_conf,top1,5.0,primary,-0.22256379265344628,0.10801937446889398,0.8711536434003689,-0.9931920453516141,12.779688658265382,8.989103039288361
20260932,logistic,pit,argmax_conf,top1,10.0,primary,-0.22504551194967803,0.10435312564461771,0.8711412475499923,-0.9935630805945627,12.779688658265382,8.989103039288361
20260932,logistic,pit,argmax_conf,top1,20.0,primary,-0.2299888612683051,0.09701972263829614,0.8711217742979648,-0.9942684905153437,12.779688658265382,8.989103039288361
20260932,logistic,pit,argmax_conf,top1,0.0,stress,-0.2780616397172472,0.036488005295277084,0.8823274347391421,-0.9982712376195723,12.779688658265382,8.989103039288361
20260932,logistic,pit,argmax_conf,top1,5.0,stress,-0.28036506357988966,0.03286727574173401,0.8823125096278013,-0.9983654102002701,12.779688658265382,8.989103039288361
20260932,logistic,pit,argmax_conf,top1,10.0,stress,-0.2826622705932491,0.02924636567226052,0.8822993347915485,-0.9984544957560336,12.779688658265382,8.989103039288361
20260932,logistic,pit,argmax_conf,top1,20.0,stress,-0.2872380889549313,0.02200409014626862,0.882278236247527,-0.9986238646664758,12.779688658265382,8.989103039288361
20260932,logistic,pit,argmax_conf,top1,0.0,cost_v1,-0.22007535716893212,0.111685291692575,0.8711678119696937,-0.9927998229979577,12.779688658265382,8.989103039288361
20260932,logistic,pit,argmax_conf,top1,5.0,cost_v1,-0.22357499696756544,0.10651971673989911,0.8711413030574165,-0.9933538880173838,12.779688658265382,8.989103039288361
20260932,logistic,pit,argmax_conf,top1,10.0,cost_v1,-0.22706068474119612,0.10135353746607667,0.8711172860714291,-0.9938655644680926,12.779688658265382,8.989103039288361
20260932,logistic,pit,argmax_conf,top1,20.0,cost_v1,-0.2339903986558315,0.09101954303081293,0.8710767286814137,-0.9947886211023225,12.779688658265382,8.989103039288361
20260932,logistic,pit,argmax_conf,top10_ew,0.0,primary,-0.033106649333751625,0.12510413200722795,0.4130298380482681,-0.80387137686221,10.511926887363327,8.989103039288361
20260932,logistic,pit,argmax_conf,top10_ew,5.0,primary,-0.03564475779966558,0.11872895686135827,0.4130247468541127,-0.8057805034633556,10.511926887363327,8.989103039288361
20260932,logistic,pit,argmax_conf,top10_ew,10.0,primary,-0.038177134390648626,0.11235300435133642,0.41302193554705874,-0.8076718480030777,10.511926887363327,8.989103039288361
20260932,logistic,pit,argmax_conf,top10_ew,20.0,primary,-0.043224735668587755,0.09959918950825095,0.41302315274272094,-0.8114018222893993,10.511926887363327,8.989103039288361
20260932,logistic,pit,argmax_conf,top10_ew,0.0,stress,-0.05408645426124836,0.0744159274471371,0.4160722313616325,-0.833199693185387,10.528653719092478,8.989103039288361
20260932,logistic,pit,argmax_conf,top10_ew,5.0,stress,-0.05657343728966446,0.06807795583384305,0.4160680375860228,-0.836142278080808,10.528653719092478,8.989103039288361
20260932,logistic,pit,argmax_conf,top10_ew,10.0,stress,-0.05905479546132253,0.06173951942376631,0.4160661150473065,-0.8390342059090138,10.528653719092478,8.989103039288361
20260932,logistic,pit,argmax_conf,top10_ew,20.0,stress,-0.06400068019884841,0.04906166739514624,0.41606908376929697,-0.8446694784627505,10.528653719092478,8.989103039288361
20260932,logistic,pit,argmax_conf,top10_ew,0.0,cost_v1,-0.033106649333751625,0.12510413200722795,0.4130298380482681,-0.80387137686221,10.511926887363327,8.989103039288361
20260932,logistic,pit,argmax_conf,top10_ew,5.0,cost_v1,-0.03744283737730847,0.11420431042283301,0.4130214775305804,-0.8063269341251132,10.511926887363327,8.989103039288361
20260932,logistic,pit,argmax_conf,top10_ew,10.0,cost_v1,-0.04176173604957756,0.10330273257390352,0.41301837441484,-0.8087529655445511,10.511926887363327,8.989103039288361
20260932,logistic,pit,argmax_conf,top10_ew,20.0,cost_v1,-0.0503479064204263,0.08149597318880958,0.4130279406624302,-0.8135178085543002,10.511926887363327,8.989103039288361
20260932,logistic,pit,fixed_1d,top1,0.0,primary,-0.5037758619264505,-0.018955601630035287,1.145812855833356,-0.9999990960199018,267.3445885841364,251.47828020756114
20260932,logistic,pit,fixed_1d,top1,5.0,primary,-0.535865259124817,-0.07746321483467794,1.145474751844198,-0.9999997318613207,267.3445885841364,251.47828020756114
20260932,logistic,pit,fixed_1d,top1,10.0,primary,-0.5658940087111006,-0.13600375097448134,1.1451503390601363,-0.9999999205128965,267.3445885841364,251.47828020756114
20260932,logistic,pit,fixed_1d,top1,20.0,primary,-0.6202868275871188,-0.25317528822833485,1.1445426331841149,-0.9999999930276392,267.3445885841364,251.47828020756114
20260932,logistic,pit,fixed_1d,top1,0.0,stress,-0.5829532827204681,-0.1444037201800445,1.1647876090916038,-0.999999963521148,267.3445885841364,251.47828020756114
20260932,logistic,pit,fixed_1d,top1,5.0,stress,-0.6099225023416912,-0.20199530315584027,1.1644240047086472,-0.9999999891796387,267.3445885841364,251.47828020756114
20260932,logistic,pit,fixed_1d,top1,10.0,stress,-0.6351598708574339,-0.25961986403625936,1.1640738539616546,-0.9999999967924091,267.3445885841364,251.47828020756114
20260932,logistic,pit,fixed_1d,top1,20.0,stress,-0.6808737828083697,-0.37496002442084164,1.1634139614982497,-0.9999999997186402,267.3445885841364,251.47828020756114
20260932,logistic,pit,fixed_1d,top1,0.0,cost_v1,-0.5037758619264505,-0.018955601630035287,1.145812855833356,-0.9999990960199018,267.3445885841364,251.47828020756114
20260932,logistic,pit,fixed_1d,top1,5.0,cost_v1,-0.5627465980974317,-0.12889752835118723,1.1458128637927192,-0.9999999086989372,267.3445885841364,251.47828020756114
20260932,logistic,pit,fixed_1d,top1,10.0,cost_v1,-0.6147340604984864,-0.2388394510775558,1.1458128835890682,-0.9999999907894153,267.3445885841364,251.47828020756114
20260932,logistic,pit,fixed_1d,top1,20.0,cost_v1,-0.7009583635733987,-0.4587232709166929,1.1458129586927213,-0.9999999999065905,267.3445885841364,251.47828020756114
20260932,logistic,pit,fixed_1d,top10_ew,0.0,primary,0.04255698018837206,0.3199436050363587,0.45753586985468575,-0.7731478601811853,206.38480962964078,251.47828020756114
20260932,logistic,pit,fixed_1d,top10_ew,5.0,primary,-0.009877172484928032,0.20692259949541558,0.4574058963596999,-0.8721049170290138,206.38480962964078,251.47828020756114
20260932,logistic,pit,fixed_1d,top10_ew,10.0,primary,-0.059686259446542156,0.09383634372753599,0.45728080250437836,-0.9284254131535755,206.38480962964078,251.47828020756114
20260932,logistic,pit,fixed_1d,top10_ew,20.0,primary,-0.15194602246505573,-0.13251763564335683,0.45704526958319736,-0.9803860766388695,206.38480962964078,251.47828020756114
20260932,logistic,pit,fixed_1d,top10_ew,0.0,stress,-0.044584505834230015,0.13068255554461852,0.46008575632894283,-0.9087769438495747,206.43911125915716,251.47828020756114
20260932,logistic,pit,fixed_1d,top10_ew,5.0,stress,-0.09264830242986433,0.01824418492599871,0.45995607606976974,-0.948577317264068,206.43911125915716,251.47828020756114
20260932,logistic,pit,fixed_1d,top10_ew,10.0,stress,-0.13830521316403688,-0.09425661104604423,0.45983124691663013,-0.9719923829167422,206.43911125915716,251.47828020756114
20260932,logistic,pit,fixed_1d,top10_ew,20.0,stress,-0.22287233138469031,-0.31943141812314907,0.45959615758592337,-0.9953800620683149,206.43911125915716,251.47828020756114
20260932,logistic,pit,fixed_1d,top10_ew,0.0,cost_v1,0.04255698018837206,0.3199436050363587,0.45753586985468575,-0.7731478601811853,206.38480962964078,251.47828020756114
20260932,logistic,pit,fixed_1d,top10_ew,5.0,cost_v1,-0.08068446477284441,0.04461464946711857,0.4575358502294564,-0.9508955712963418,206.38480962964078,251.47828020756114
20260932,logistic,pit,fixed_1d,top10_ew,10.0,cost_v1,-0.18940852854381862,-0.23071431477380222,0.4575358602477418,-0.9906335174233086,206.38480962964078,251.47828020756114
20260932,logistic,pit,fixed_1d,top10_ew,20.0,cost_v1,-0.36992147472171055,-0.7813720552096788,0.4575359692148429,-0.999877729384452,206.38480962964078,251.47828020756114
20260932,logistic,pit,fixed_21d,top1,0.0,primary,-0.19803827764698523,0.06898062562967422,0.7225527710426406,-0.9965478881036652,21.55218680504077,12.021571534469977
20260932,logistic,pit,fixed_21d,top1,5.0,primary,-0.20234872614416866,0.061534171048886616,0.7225525058567015,-0.9967505973396169,21.55218680504077,12.021571534469977
20260932,logistic,pit,fixed_21d,top1,10.0,primary,-0.20663811908156804,0.05408744752336787,0.722555760474999,-0.9969414952652513,21.55218680504077,12.021571534469977
20260932,logistic,pit,fixed_21d,top1,20.0,primary,-0.2151541080556557,0.03919362896832899,0.722572828882619,-0.9973011075486422,21.55218680504077,12.021571534469977
20260932,logistic,pit,fixed_21d,top1,0.0,stress,-0.2857917641882398,-0.06438762435677266,0.7425534472468246,-0.999171147990151,21.55218680504077,12.021571534469977
20260932,logistic,pit,fixed_21d,top1,5.0,stress,-0.28963054817371203,-0.07163382649583629,0.742550380706454,-0.9992198184743877,21.55218680504077,12.021571534469977
20260932,logistic,pit,fixed_21d,top1,10.0,stress,-0.2934505805731823,-0.078879724650962,0.7425507391780458,-0.9992656530632102,21.55218680504077,12.021571534469977
20260932,logistic,pit,fixed_21d,top1,20.0,stress,-0.3010347199302704,-0.09337020797388451,0.742561731089882,-0.9993519959665708,21.55218680504077,12.021571534469977
20260932,logistic,pit,fixed_21d,top1,0.0,cost_v1,-0.19803827764698523,0.06898062562967422,0.7225527710426406,-0.9965478881036652,21.55218680504077,12.021571534469977
20260932,logistic,pit,fixed_21d,top1,5.0,cost_v1,-0.2028802463970638,0.06064452849120772,0.7225743886775744,-0.9967861886989835,21.55218680504077,12.021571534469977
20260932,logistic,pit,fixed_21d,top1,10.0,cost_v1,-0.207695420891005,0.05230864288988648,0.7225999742516785,-0.9970081493188778,21.55218680504077,12.021571534469977
20260932,logistic,pit,fixed_21d,top1,20.0,cost_v1,-0.21724592569972623,0.03563805552818376,0.7226630474662391,-0.9974144804560553,21.55218680504077,12.021571534469977
20260932,logistic,pit,fixed_21d,top10_ew,0.0,primary,-0.02615213907500258,0.13229928344460382,0.3990005573018731,-0.8041770038296517,20.535405610118467,12.021571534469977
20260932,logistic,pit,fixed_21d,top10_ew,5.0,primary,-0.03114001032157021,0.11941413177880163,0.39900484132860237,-0.8145782691049509,20.535405610118467,12.021571534469977
20260932,logistic,pit,fixed_21d,top10_ew,10.0,primary,-0.03610451007424431,0.10652781477582682,0.399014526581622,-0.8249353440235689,20.535405610118467,12.021571534469977
20260932,logistic,pit,fixed_21d,top10_ew,20.0,primary,-0.045963792135155335,0.08075377858296973,0.3990500989741091,-0.8439575840380908,20.535405610118467,12.021571534469977
20260932,logistic,pit,fixed_21d,top10_ew,0.0,stress,-0.07514453525681475,0.00615449401857347,0.40238550160803915,-0.8944583060829641,20.577675057351698,12.021571534469977
20260932,logistic,pit,fixed_21d,top10_ew,5.0,stress,-0.07989120387458593,-0.006647371397947803,0.4023870934451962,-0.9003631373062891,20.577675057351698,12.021571534469977
20260932,logistic,pit,fixed_21d,top10_ew,10.0,stress,-0.0846155855873133,-0.01944887557467162,0.4023940635797805,-0.9059398868465203,20.577675057351698,12.021571534469977
20260932,logistic,pit,fixed_21d,top10_ew,20.0,stress,-0.09399786768373697,-0.04504874739543327,0.40242413740774335,-0.9161805568642876,20.577675057351698,12.021571534469977
20260932,logistic,pit,fixed_21d,top10_ew,0.0,cost_v1,-0.02615213907500258,0.13229928344460382,0.3990005573018731,-0.8041770038296517,20.535405610118467,12.021571534469977
20260932,logistic,pit,fixed_21d,top10_ew,5.0,cost_v1,-0.03199960192705342,0.11720025891610879,0.3990224011596076,-0.817042293891215,20.535405610118467,12.021571534469977
20260932,logistic,pit,fixed_21d,top10_ew,10.0,cost_v1,-0.037814860468328715,0.10210104902330373,0.39905143015849054,-0.8295591707178087,20.535405610118467,12.021571534469977
20260932,logistic,pit,fixed_21d,top10_ew,20.0,cost_v1,-0.04934940924922715,0.07190533631071298,0.3991310369207151,-0.8520983504370442,20.535405610118467,12.021571534469977
20260932,logistic,pit,fixed_126d,top1,0.0,primary,-0.2813059621237518,-0.07729982811479269,0.7423196599540202,-0.999415339638765,3.844736842105263,2.003595255744996
20260932,logistic,pit,fixed_126d,top1,5.0,primary,-0.28199659411252076,-0.07859572757325545,0.7423197917365437,-0.9994240462220705,3.844736842105263,2.003595255744996
20260932,logistic,pit,fixed_126d,top1,10.0,primary,-0.28268689535898817,-0.07989155983472628,0.7423205436110061,-0.9994326273381413,3.844736842105263,2.003595255744996
20260932,logistic,pit,fixed_126d,top1,20.0,primary,-0.2840665056428512,-0.08248300977934814,0.7423239076266562,-0.9994494201357786,3.844736842105263,2.003595255744996
20260932,logistic,pit,fixed_126d,top1,0.0,stress,-0.32176585661586843,-0.14121466321544437,0.7521023455631269,-0.9997272168427405,3.844736842105263,2.003595255744996
20260932,logistic,pit,fixed_126d,top1,5.0,stress,-0.3224176085027779,-0.14249374284586683,0.7521022277522084,-0.9997318831310384,3.844736842105263,2.003595255744996
20260932,logistic,pit,fixed_126d,top1,10.0,stress,-0.32306904826699034,-0.14377270588126667,0.7521027219680384,-0.9997364718225182,3.844736842105263,2.003595255744996
20260932,logistic,pit,fixed_126d,top1,20.0,stress,-0.3243709914441518,-0.14633026968062474,0.752105546473624,-0.9997454214087815,3.844736842105263,2.003595255744996
20260932,logistic,pit,fixed_126d,top1,0.0,cost_v1,-0.2813059621237518,-0.07729982811479269,0.7423196599540202,-0.999415339638765,3.844736842105263,2.003595255744996
20260932,logistic,pit,fixed_126d,top1,5.0,cost_v1,-0.28202698983896246,-0.0786517751136273,0.742320715401903,-0.9994243710042436,3.844736842105263,2.003595255744996
20260932,logistic,pit,fixed_126d,top1,10.0,cost_v1,-0.28274765539061386,-0.08000364597421536,0.7423224416349505,-0.9994332672982639,3.844736842105263,2.003595255744996
20260932,logistic,pit,fixed_126d,top1,20.0,cost_v1,-0.28418790000590366,-0.08270714462648514,0.7423279064360027,-0.9994506624593177,3.844736842105263,2.003595255744996
20260932,logistic,pit,fixed_126d,top10_ew,0.0,primary,-0.13901603392511852,-0.19970742340336778,0.38258780359180344,-0.9634586887133612,3.7759670684963265,2.003595255744996
20260932,logistic,pit,fixed_126d,top10_ew,5.0,primary,-0.13982860189578739,-0.20217874582866202,0.38258714394340737,-0.9639858743353342,3.7759670684963265,2.003595255744996
20260932,logistic,pit,fixed_126d,top10_ew,10.0,primary,-0.1406407822618898,-0.20464946382587768,0.3825876301881748,-0.9645056975219466,3.7759670684963265,2.003595255744996
20260932,logistic,pit,fixed_126d,top10_ew,20.0,primary,-0.14226398021218478,-0.20958899777143566,0.38259204032942795,-0.9655236529733728,3.7759670684963265,2.003595255744996
20260932,logistic,pit,fixed_126d,top10_ew,0.0,stress,-0.1489985350364843,-0.22754025366822211,0.3842620971866174,-0.968818845713193,3.785875925740187,2.003595255744996
20260932,logistic,pit,fixed_126d,top10_ew,5.0,stress,-0.14980378888495582,-0.23000724714812062,0.38426141172973494,-0.9692697052120551,3.785875925740187,2.003595255744996
20260932,logistic,pit,fixed_126d,top10_ew,10.0,stress,-0.15060865745621077,-0.23247355591808297,0.38426187259322325,-0.9697142541077478,3.785875925740187,2.003595255744996
20260932,logistic,pit,fixed_126d,top10_ew,20.0,stress,-0.1522172387990468,-0.23740403107867528,0.3842662332545555,-0.9705847606047512,3.785875925740187,2.003595255744996
20260932,logistic,pit,fixed_126d,top10_ew,0.0,cost_v1,-0.13901603392511852,-0.19970742340336778,0.38258780359180344,-0.9634586887133612,3.7759670684963265,2.003595255744996
20260932,logistic,pit,fixed_126d,top10_ew,5.0,cost_v1,-0.13987940470734395,-0.20232998901130408,0.38258927758775446,-0.964022108406982,3.7759670684963265,2.003595255744996
20260932,logistic,pit,fixed_126d,top10_ew,10.0,cost_v1,-0.1407423418800663,-0.20495183721198892,0.38259205307034233,-0.9645771171421025,3.7759670684963265,2.003595255744996
20260932,logistic,pit,fixed_126d,top10_ew,20.0,cost_v1,-0.14246691540014433,-0.21019327451407732,0.3826015083688517,-0.9656623857809616,3.7759670684963265,2.003595255744996
20260932,logistic,surv,argmax_conf,top1,0.0,primary,0.47203089615338856,0.39566299887658135,5.359979767127217,-0.9312604068803658,3.79058561897702,2.003595255744996
20260932,logistic,surv,argmax_conf,top1,5.0,primary,0.4706362485776985,0.39548554111372985,5.359980784079999,-0.931500634874006,3.79058561897702,2.003595255744996
20260932,logistic,surv,argmax_conf,top1,10.0,primary,0.4692422354363317,0.39530807700893755,5.359981887936193,-0.9317401429042291,3.79058561897702,2.003595255744996
20260932,logistic,surv,argmax_conf,top1,20.0,primary,0.46645611253390973,0.39495312980809005,5.359984356358591,-0.9322170062668567,3.79058561897702,2.003595255744996
20260932,logistic,surv,argmax_conf,top1,0.0,stress,0.47203089615338856,0.39566299887658135,5.359979767127217,-0.9312604068803658,3.79058561897702,2.003595255744996
20260932,logistic,surv,argmax_conf,top1,5.0,stress,0.4706362485776985,0.39548554111372985,5.359980784079999,-0.931500634874006,3.79058561897702,2.003595255744996
20260932,logistic,surv,argmax_conf,top1,10.0,stress,0.4692422354363317,0.39530807700893755,5.359981887936193,-0.9317401429042291,3.79058561897702,2.003595255744996
20260932,logistic,surv,argmax_conf,top1,20.0,stress,0.46645611253390973,0.39495312980809005,5.359984356358591,-0.9322170062668567,3.79058561897702,2.003595255744996
20260932,logistic,surv,argmax_conf,top1,0.0,cost_v1,0.47203089615338856,0.39566299887658135,5.359979767127217,-0.9312604068803658,3.79058561897702,2.003595255744996
20260932,logistic,surv,argmax_conf,top1,5.0,cost_v1,0.47055717982465817,0.39547565639487975,5.359981011355871,-0.9315079799212802,3.79058561897702,2.003595255744996
20260932,logistic,surv,argmax_conf,top1,10.0,cost_v1,0.46908420171182375,0.39528830714901675,5.359982348483754,-0.9317547883973933,3.79058561897702,2.003595255744996
20260932,logistic,surv,argmax_conf,top1,20.0,cost_v1,0.4661404601285821,0.3949135884038139,5.359985301436923,-0.9322461195246237,3.79058561897702,2.003595255744996
20260932,logistic,surv,argmax_conf,top10_ew,0.0,primary,0.7028847077693989,0.8628378763906498,0.9290261655287492,-0.7559888503494865,3.384633395413808,2.003595255744996
20260932,logistic,surv,argmax_conf,top10_ew,5.0,primary,0.7014441024334364,0.8619237963055985,0.9290238677109753,-0.7561840643679498,3.384633395413808,2.003595255744996
20260932,logistic,surv,argmax_conf,top10_ew,10.0,primary,0.7000041066428309,0.8610093536942314,0.9290219561770285,-0.7563792003529772,3.384633395413808,2.003595255744996
20260932,logistic,surv,argmax_conf,top10_ew,20.0,primary,0.6971259436499995,0.859179385438801,0.9290192919696726,-0.7567692382227224,3.384633395413808,2.003595255744996
20260932,logistic,surv,argmax_conf,top10_ew,0.0,stress,0.7028847077693989,0.8628378763906498,0.9290261655287492,-0.7559888503494865,3.384633395413808,2.003595255744996
20260932,logistic,surv,argmax_conf,top10_ew,5.0,stress,0.7014441024334364,0.8619237963055985,0.9290238677109753,-0.7561840643679498,3.384633395413808,2.003595255744996
20260932,logistic,surv,argmax_conf,top10_ew,10.0,stress,0.7000041066428309,0.8610093536942314,0.9290219561770285,-0.7563792003529772,3.384633395413808,2.003595255744996
20260932,logistic,surv,argmax_conf,top10_ew,20.0,stress,0.6971259436499995,0.859179385438801,0.9290192919696726,-0.7567692382227224,3.384633395413808,2.003595255744996
20260932,logistic,surv,argmax_conf,top10_ew,0.0,cost_v1,0.7028847077693989,0.8628378763906498,0.9290261655287492,-0.7559888503494865,3.384633395413808,2.003595255744996
20260932,logistic,surv,argmax_conf,top10_ew,5.0,cost_v1,0.7011853393399021,0.8617593443636644,0.9290242213944836,-0.7562297866747609,3.384633395413808,2.003595255744996
20260932,logistic,surv,argmax_conf,top10_ew,10.0,cost_v1,0.6994868195323214,0.8606803112726409,0.9290228132385893,-0.7564706039958499,3.384633395413808,2.003595255744996
20260932,logistic,surv,argmax_conf,top10_ew,20.0,cost_v1,0.69609232577718,0.8585207493532397,0.929021604870735,-0.7569518816254734,3.384633395413808,2.003595255744996
20260932,logistic,surv,fixed_1d,top1,0.0,primary,0.15451854549111377,0.6383961867448819,1.1001171243744186,-0.9049130841355764,221.69510748702743,251.47828020756114
20260932,logistic,surv,fixed_1d,top1,5.0,primary,0.09225656896746504,0.5879161445781871,1.1000999678055339,-0.936431294609897,221.69510748702743,251.47828020756114
20260932,logistic,surv,fixed_1d,top1,10.0,primary,0.03332370728934464,0.5374276138275301,1.1000969638712716,-0.9585162676276492,221.69510748702743,251.47828020756114
20260932,logistic,surv,fixed_1d,top1,20.0,primary,-0.07525129737264002,0.4364328810831594,1.1001334138241428,-0.9873682363749732,221.69510748702743,251.47828020756114
20260932,logistic,surv,fixed_1d,top1,0.0,stress,0.15451854549111377,0.6383961867448819,1.1001171243744186,-0.9049130841355764,221.69510748702743,251.47828020756114
20260932,logistic,surv,fixed_1d,top1,5.0,stress,0.09225656896746504,0.5879161445781871,1.1000999678055339,-0.936431294609897,221.69510748702743,251.47828020756114
20260932,logistic,surv,fixed_1d,top1,10.0,stress,0.03332370728934464,0.5374276138275301,1.1000969638712716,-0.9585162676276492,221.69510748702743,251.47828020756114
20260932,logistic,surv,fixed_1d,top1,20.0,stress,-0.07525129737264002,0.4364328810831594,1.1001334138241428,-0.9873682363749732,221.69510748702743,251.47828020756114
20260932,logistic,surv,fixed_1d,top1,0.0,cost_v1,0.15451854549111377,0.6383961867448819,1.1001171243744186,-0.9049130841355764,221.69510748702743,251.47828020756114
20260932,logistic,surv,fixed_1d,top1,5.0,cost_v1,0.017866323344871704,0.5238876144412017,1.1001170618053076,-0.9561431309896791,221.69510748702743,251.47828020756114
20260932,logistic,surv,fixed_1d,top1,10.0,cost_v1,-0.10266826002695495,0.4093790245244008,1.1001170115648553,-0.9861608813704907,221.69510748702743,251.47828020756114
20260932,logistic,surv,fixed_1d,top1,20.0,cost_v1,-0.30273985626254596,0.1803618072505614,1.1001169480699329,-0.9997462788670509,221.69510748702743,251.47828020756114
20260932,logistic,surv,fixed_1d,top10_ew,0.0,primary,0.5282655875786255,1.1701971111376033,0.44829584866404676,-0.5405931030465753,194.06779409843244,251.47828020756114
20260932,logistic,surv,fixed_1d,top10_ew,5.0,primary,0.45588005633471407,1.061700627407146,0.4482373498554098,-0.5425038273125222,194.06779409843244,251.47828020756114
20260932,logistic,surv,fixed_1d,top10_ew,10.0,primary,0.3869064535909248,0.9531634676010153,0.44818465941749713,-0.5444068506459558,194.06779409843244,251.47828020756114
20260932,logistic,surv,fixed_1d,top10_ew,20.0,primary,0.2585623337086733,0.7359839351535178,0.4480967116238554,-0.6051511337327482,194.06779409843244,251.47828020756114
20260932,logistic,surv,fixed_1d,top10_ew,0.0,stress,0.5282655875786255,1.1701971111376033,0.44829584866404676,-0.5405931030465753,194.06779409843244,251.47828020756114
20260932,logistic,surv,fixed_1d,top10_ew,5.0,stress,0.45588005633471407,1.061700627407146,0.4482373498554098,-0.5425038273125222,194.06779409843244,251.47828020756114
20260932,logistic,surv,fixed_1d,top10_ew,10.0,stress,0.3869064535909248,0.9531634676010153,0.44818465941749713,-0.5444068506459558,194.06779409843244,251.47828020756114
20260932,logistic,surv,fixed_1d,top10_ew,20.0,stress,0.2585623337086733,0.7359839351535178,0.4480967116238554,-0.6051511337327482,194.06779409843244,251.47828020756114
20260932,logistic,surv,fixed_1d,top10_ew,0.0,cost_v1,0.5282655875786255,1.1701971111376033,0.44829584866404676,-0.5405931030465753,194.06779409843244,251.47828020756114
20260932,logistic,surv,fixed_1d,top10_ew,5.0,cost_v1,0.34787025947575345,0.8891934483669012,0.44829573780107335,-0.5503307152120085,194.06779409843244,251.47828020756114
20260932,logistic,surv,fixed_1d,top10_ew,10.0,cost_v1,0.1886939867197308,0.608189605567066,0.4482956571925958,-0.6030654790820662,194.06779409843244,251.47828020756114
20260932,logistic,surv,fixed_1d,top10_ew,20.0,cost_v1,-0.0756593319675195,0.04618160745174579,0.4482955867391874,-0.9552773043757679,194.06779409843244,251.47828020756114
20260932,logistic,surv,fixed_21d,top1,0.0,primary,-0.2320999091298901,0.34468397375928017,1.1795795891049812,-0.9998703385897317,19.16953298739807,12.021571534469977
20260932,logistic,surv,fixed_21d,top1,5.0,primary,-0.23577208991019394,0.3406105048714962,1.179558051898433,-0.9998764786040886,19.16953298739807,12.021571534469977
20260932,logistic,surv,fixed_21d,top1,10.0,primary,-0.23942852907253365,0.336536325027265,1.1795384851680497,-0.9998823307192535,19.16953298739807,12.021571534469977
20260932,logistic,surv,fixed_21d,top1,20.0,primary,-0.2466944210529064,0.32838591390428207,1.1795052635181582,-0.9998932240987545,19.16953298739807,12.021571534469977
20260932,logistic,surv,fixed_21d,top1,0.0,stress,-0.2320999091298901,0.34468397375928017,1.1795795891049812,-0.9998703385897317,19.16953298739807,12.021571534469977
20260932,logistic,surv,fixed_21d,top1,5.0,stress,-0.23577208991019394,0.3406105048714962,1.179558051898433,-0.9998764786040886,19.16953298739807,12.021571534469977
20260932,logistic,surv,fixed_21d,top1,10.0,stress,-0.23942852907253365,0.336536325027265,1.1795384851680497,-0.9998823307192535,19.16953298739807,12.021571534469977
20260932,logistic,surv,fixed_21d,top1,20.0,stress,-0.2466944210529064,0.32838591390428207,1.1795052635181582,-0.9998932240987545,19.16953298739807,12.021571534469977
20260932,logistic,surv,fixed_21d,top1,0.0,cost_v1,-0.2320999091298901,0.34468397375928017,1.1795795891049812,-0.9998703385897317,19.16953298739807,12.021571534469977
20260932,logistic,surv,fixed_21d,top1,5.0,cost_v1,-0.2367289245734192,0.33957541381445255,1.179591350689223,-0.9998785541153034,19.16953298739807,12.021571534469977
20260932,logistic,surv,fixed_21d,top1,10.0,cost_v1,-0.24133235809314868,0.33446626646887206,1.179605543218986,-0.9998862528871116,19.16953298739807,12.021571534469977
20260932,logistic,surv,fixed_21d,top1,20.0,cost_v1,-0.2504629929673806,0.3242463361122204,1.1796412207490794,-0.9999002272290991,19.16953298739807,12.021571534469977
20260932,logistic,surv,fixed_21d,top10_ew,0.0,primary,0.31937513584184307,0.7966863557372718,0.5060672865566598,-0.816236724654295,18.14831607781842,12.021571534469977
20260932,logistic,surv,fixed_21d,top10_ew,5.0,primary,0.31340140759089063,0.7876932598806562,0.5060759209130978,-0.8170743513864379,18.14831607781842,12.021571534469977
20260932,logistic,surv,fixed_21d,top10_ew,10.0,primary,0.3074523795185786,0.7786952549025522,0.5060879452089742,-0.817908427508496,18.14831607781842,12.021571534469977
20260932,logistic,surv,fixed_21d,top10_ew,20.0,primary,0.2956280542657994,0.7606852439430262,0.5061221625844802,-0.8195659835629877,18.14831607781842,12.021571534469977
20260932,logistic,surv,fixed_21d,top10_ew,0.0,stress,0.31937513584184307,0.7966863557372718,0.5060672865566598,-0.816236724654295,18.14831607781842,12.021571534469977
20260932,logistic,surv,fixed_21d,top10_ew,5.0,stress,0.31340140759089063,0.7876932598806562,0.5060759209130978,-0.8170743513864379,18.14831607781842,12.021571534469977
20260932,logistic,surv,fixed_21d,top10_ew,10.0,stress,0.3074523795185786,0.7786952549025522,0.5060879452089742,-0.817908427508496,18.14831607781842,12.021571534469977
20260932,logistic,surv,fixed_21d,top10_ew,20.0,stress,0.2956280542657994,0.7606852439430262,0.5061221625844802,-0.8195659835629877,18.14831607781842,12.021571534469977
20260932,logistic,surv,fixed_21d,top10_ew,0.0,cost_v1,0.31937513584184307,0.7966863557372718,0.5060672865566598,-0.816236724654295,18.14831607781842,12.021571534469977
20260932,logistic,surv,fixed_21d,top10_ew,5.0,cost_v1,0.3114591026712379,0.7847553812185644,0.5060875690615497,-0.8175300018968025,18.14831607781842,12.021571534469977
20260932,logistic,surv,fixed_21d,top10_ew,10.0,cost_v1,0.3035866311432811,0.7728167121409584,0.5061135168900566,-0.8188148253350289,18.14831607781842,12.021571534469977
20260932,logistic,surv,fixed_21d,top10_ew,20.0,cost_v1,0.2879715017736606,0.7489179044444589,0.5061824048427206,-0.8213593146073863,18.14831607781842,12.021571534469977
20260932,logistic,surv,fixed_126d,top1,0.0,primary,0.47203089615338856,0.39566299887658135,5.359979767127217,-0.9312604068803658,3.79058561897702,2.003595255744996
20260932,logistic,surv,fixed_126d,top1,5.0,primary,0.4706362485776985,0.39548554111372985,5.359980784079999,-0.931500634874006,3.79058561897702,2.003595255744996
20260932,logistic,surv,fixed_126d,top1,10.0,primary,0.4692422354363317,0.39530807700893755,5.359981887936193,-0.9317401429042291,3.79058561897702,2.003595255744996
20260932,logistic,surv,fixed_126d,top1,20.0,primary,0.46645611253390973,0.39495312980809005,5.359984356358591,-0.9322170062668567,3.79058561897702,2.003595255744996
20260932,logistic,surv,fixed_126d,top1,0.0,stress,0.47203089615338856,0.39566299887658135,5.359979767127217,-0.9312604068803658,3.79058561897702,2.003595255744996
20260932,logistic,surv,fixed_126d,top1,5.0,stress,0.4706362485776985,0.39548554111372985,5.359980784079999,-0.931500634874006,3.79058561897702,2.003595255744996
20260932,logistic,surv,fixed_126d,top1,10.0,stress,0.4692422354363317,0.39530807700893755,5.359981887936193,-0.9317401429042291,3.79058561897702,2.003595255744996
20260932,logistic,surv,fixed_126d,top1,20.0,stress,0.46645611253390973,0.39495312980809005,5.359984356358591,-0.9322170062668567,3.79058561897702,2.003595255744996
20260932,logistic,surv,fixed_126d,top1,0.0,cost_v1,0.47203089615338856,0.39566299887658135,5.359979767127217,-0.9312604068803658,3.79058561897702,2.003595255744996
20260932,logistic,surv,fixed_126d,top1,5.0,cost_v1,0.47055717982465817,0.39547565639487975,5.359981011355871,-0.9315079799212802,3.79058561897702,2.003595255744996
20260932,logistic,surv,fixed_126d,top1,10.0,cost_v1,0.46908420171182375,0.39528830714901675,5.359982348483754,-0.9317547883973933,3.79058561897702,2.003595255744996
20260932,logistic,surv,fixed_126d,top1,20.0,cost_v1,0.4661404601285821,0.3949135884038139,5.359985301436923,-0.9322461195246237,3.79058561897702,2.003595255744996
20260932,logistic,surv,fixed_126d,top10_ew,0.0,primary,0.7028847077693989,0.8628378763906498,0.9290261655287492,-0.7559888503494865,3.384633395413808,2.003595255744996
20260932,logistic,surv,fixed_126d,top10_ew,5.0,primary,0.7014441024334364,0.8619237963055985,0.9290238677109753,-0.7561840643679498,3.384633395413808,2.003595255744996
20260932,logistic,surv,fixed_126d,top10_ew,10.0,primary,0.7000041066428309,0.8610093536942314,0.9290219561770285,-0.7563792003529772,3.384633395413808,2.003595255744996
20260932,logistic,surv,fixed_126d,top10_ew,20.0,primary,0.6971259436499995,0.859179385438801,0.9290192919696726,-0.7567692382227224,3.384633395413808,2.003595255744996
20260932,logistic,surv,fixed_126d,top10_ew,0.0,stress,0.7028847077693989,0.8628378763906498,0.9290261655287492,-0.7559888503494865,3.384633395413808,2.003595255744996
20260932,logistic,surv,fixed_126d,top10_ew,5.0,stress,0.7014441024334364,0.8619237963055985,0.9290238677109753,-0.7561840643679498,3.384633395413808,2.003595255744996
20260932,logistic,surv,fixed_126d,top10_ew,10.0,stress,0.7000041066428309,0.8610093536942314,0.9290219561770285,-0.7563792003529772,3.384633395413808,2.003595255744996
20260932,logistic,surv,fixed_126d,top10_ew,20.0,stress,0.6971259436499995,0.859179385438801,0.9290192919696726,-0.7567692382227224,3.384633395413808,2.003595255744996
20260932,logistic,surv,fixed_126d,top10_ew,0.0,cost_v1,0.7028847077693989,0.8628378763906498,0.9290261655287492,-0.7559888503494865,3.384633395413808,2.003595255744996
20260932,logistic,surv,fixed_126d,top10_ew,5.0,cost_v1,0.7011853393399021,0.8617593443636644,0.9290242213944836,-0.7562297866747609,3.384633395413808,2.003595255744996
20260932,logistic,surv,fixed_126d,top10_ew,10.0,cost_v1,0.6994868195323214,0.8606803112726409,0.9290228132385893,-0.7564706039958499,3.384633395413808,2.003595255744996
20260932,logistic,surv,fixed_126d,top10_ew,20.0,cost_v1,0.69609232577718,0.8585207493532397,0.929021604870735,-0.7569518816254734,3.384633395413808,2.003595255744996
20260932,gbt,pit,argmax_conf,top1,0.0,primary,-0.04394887576107731,0.3557713642905802,0.8090764425186896,-0.9978903573455915,4.386249073387694,2.274351371386212
20260932,gbt,pit,argmax_conf,top1,5.0,primary,-0.04499692780105691,0.354401787849632,0.809049371322121,-0.9979155280244426,4.386249073387694,2.274351371386212
20260932,gbt,pit,argmax_conf,top1,10.0,primary,-0.046044344793949366,0.35303182031142877,0.8090229863363712,-0.9979404107555138,4.386249073387694,2.274351371386212
20260932,gbt,pit,argmax_conf,top1,20.0,primary,-0.0481372739496998,0.35029072562154245,0.808972275264155,-0.9979893249510248,4.386249073387694,2.274351371386212
20260932,gbt,pit,argmax_conf,top1,0.0,stress,-0.06223723291454886,0.3344008489211916,0.8121111680064027,-0.9978903573455915,4.386249073387694,2.274351371386212
20260932,gbt,pit,argmax_conf,top1,5.0,stress,-0.06326523670654594,0.3330356731105866,0.8120841090643552,-0.9979155280244426,4.386249073387694,2.274351371386212
20260932,gbt,pit,argmax_conf,top1,10.0,stress,-0.06429261759930827,0.33167012709720245,0.8120577337694974,-0.9979404107555138,4.386249073387694,2.274351371386212
20260932,gbt,pit,argmax_conf,top1,20.0,stress,-0.0663455109924026,0.32893793800863486,0.8120070343860962,-0.9979893249510248,4.386249073387694,2.274351371386212
20260932,gbt,pit,argmax_conf,top1,0.0,cost_v1,-0.04394887576107731,0.3557713642905802,0.8090764425186896,-0.9978903573455915,4.386249073387694,2.274351371386212
20260932,gbt,pit,argmax_conf,top1,5.0,cost_v1,-0.045017457338659805,0.3543754411489097,0.8090485595786618,-0.9979162532315058,4.386249073387694,2.274351371386212
20260932,gbt,pit,argmax_conf,top1,10.0,cost_v1,-0.046085371340767844,0.3529791177087781,0.8090213735774525,-0.9979418438599564,4.386249073387694,2.274351371386212
20260932,gbt,pit,argmax_conf,top1,20.0,cost_v1,-0.04821919697640942,0.3501852840883303,0.8089690926707417,-0.9979921231053015,4.386249073387694,2.274351371386212
20260932,gbt,pit,argmax_conf,top10_ew,0.0,primary,0.014119253299862633,0.23631078906758668,0.4024213479503069,-0.8430730928406257,4.34890998603239,2.274351371386212
20260932,gbt,pit,argmax_conf,top10_ew,5.0,primary,0.013017013027109892,0.2336014786894757,0.4024137650339867,-0.8443115010950908,4.34890998603239,2.274351371386212
20260932,gbt,pit,argmax_conf,top10_ew,10.0,primary,0.011915448816650853,0.2308913319096401,0.4024074618724081,-0.845540710312606,4.34890998603239,2.274351371386212
20260932,gbt,pit,argmax_conf,top10_ew,20.0,primary,0.009714348186186994,0.22546863230505404,0.40239869504181813,-0.8479717874868449,4.34890998603239,2.274351371386212
20260932,gbt,pit,argmax_conf,top10_ew,0.0,stress,-0.0033316017668051368,0.19404753278012007,0.40419626871198433,-0.8644308164057639,4.363384746357897,2.274351371386212
20260932,gbt,pit,argmax_conf,top10_ew,5.0,stress,-0.004418479171995671,0.19134026055888378,0.40418820674626804,-0.8655046469897913,4.363384746357897,2.274351371386212
20260932,gbt,pit,argmax_conf,top10_ew,10.0,stress,-0.005504687610124903,0.18863228170593344,0.40418142745939367,-0.8665704712958099,4.363384746357897,2.274351371386212
20260932,gbt,pit,argmax_conf,top10_ew,20.0,stress,-0.007675097978742773,0.18321430699307825,0.4041717171681352,-0.8686783245830304,4.363384746357897,2.274351371386212
20260932,gbt,pit,argmax_conf,top10_ew,0.0,cost_v1,0.014119253299862633,0.23631078906758668,0.4024213479503069,-0.8430730928406257,4.34890998603239,2.274351371386212
20260932,gbt,pit,argmax_conf,top10_ew,5.0,cost_v1,0.012967879531519122,0.2334822033138758,0.40241703812776103,-0.8443990789209974,4.34890998603239,2.274351371386212
20260932,gbt,pit,argmax_conf,top10_ew,10.0,cost_v1,0.011817238079375958,0.23065275279248404,0.40241413133254794,-0.8457145155376007,4.34890998603239,2.274351371386212
20260932,gbt,pit,argmax_conf,top10_ew,20.0,cost_v1,0.009518151722590407,0.22499137570990327,0.40241252693106105,-0.8483140547016381,4.34890998603239,2.274351371386212
20260932,gbt,pit,fixed_1d,top1,0.0,primary,-0.14231951938967147,0.20742326245049605,0.7857814636272417,-0.9904310131481527,446.96419570051887,251.47828020756114
20260932,gbt,pit,fixed_1d,top1,5.0,primary,-0.23301849794170748,0.06487906711448839,0.7854192237704284,-0.9980782171107025,446.96419570051887,251.47828020756114
20260932,gbt,pit,fixed_1d,top1,10.0,primary,-0.31416442927205657,-0.07779589516525087,0.7850648361967965,-0.9997279339691767,446.96419570051887,251.47828020756114
20260932,gbt,pit,fixed_1d,top1,20.0,primary,-0.4517010689696339,-0.36352166253566587,0.7843796602357757,-0.9999945632310631,446.96419570051887,251.47828020756114
20260932,gbt,pit,fixed_1d,top1,0.0,stress,-0.26511314635526206,0.04045896061870104,0.8103230555893074,-0.9992182017933186,446.96419570051887,251.47828020756114
20260932,gbt,pit,fixed_1d,top1,5.0,stress,-0.3428268036947253,-0.09781547297741569,0.8099214150076206,-0.9998892130558735,446.96419570051887,251.47828020756114
20260932,gbt,pit,fixed_1d,top1,10.0,stress,-0.4123551181539723,-0.2362249000292013,0.8095273662425723,-0.9999843159368712,446.96419570051887,251.47828020756114
20260932,gbt,pit,fixed_1d,top1,20.0,stress,-0.5302007153118984,-0.5134338971948634,0.8087620883356356,-0.9999996865811327,446.96419570051887,251.47828020756114
20260932,gbt,pit,fixed_1d,top1,0.0,cost_v1,-0.14231951938967147,0.20742326245049605,0.7857814636272417,-0.9904310131481527,446.96419570051887,251.47828020756114
20260932,gbt,pit,fixed_1d,top1,5.0,cost_v1,-0.2438672984691692,0.04710785766715404,0.7857814499250927,-0.9985147286963465,446.96419570051887,251.47828020756114
20260932,gbt,pit,fixed_1d,top1,10.0,cost_v1,-0.3334342444016294,-0.11320755022050386,0.785781453483431,-0.9998375132179453,446.96419570051887,251.47828020756114
20260932,gbt,pit,fixed_1d,top1,20.0,cost_v1,-0.4820947785178753,-0.43383833305088193,0.7857815123815678,-0.9999980618330722,446.96419570051887,251.47828020756114
20260932,gbt,pit,fixed_1d,top10_ew,0.0,primary,0.07350939667287748,0.375975912202452,0.3891042737427082,-0.812459812913993,408.5752787618592,251.47828020756114
20260932,gbt,pit,fixed_1d,top10_ew,5.0,primary,-0.03074930476922111,0.11288281092695555,0.38896478636255755,-0.8337604475791653,408.5752787618592,251.47828020756114
20260932,gbt,pit,fixed_1d,top10_ew,10.0,primary,-0.12491967785693259,-0.1503980348200056,0.3888279355502785,-0.9424062942331947,408.5752787618592,251.47828020756114
20260932,gbt,pit,fixed_1d,top10_ew,20.0,primary,-0.286792294855,-0.6775022884886087,0.38856215471879124,-0.998277150156244,408.5752787618592,251.47828020756114
20260932,gbt,pit,fixed_1d,top10_ew,0.0,stress,0.016823104420615742,0.23694233547954657,0.390746847189212,-0.812459812913993,408.62098246128176,251.47828020756114
20260932,gbt,pit,fixed_1d,top10_ew,5.0,stress,-0.0819407462296674,-0.02506929432245696,0.3906050761447613,-0.8804571892658953,408.62098246128176,251.47828020756114
20260932,gbt,pit,fixed_1d,top10_ew,10.0,stress,-0.17114694744103742,-0.28726925782083956,0.3904659295624517,-0.9761772927854546,408.62098246128176,251.47828020756114
20260932,gbt,pit,fixed_1d,top10_ew,20.0,stress,-0.32448390389927984,-0.8122137982319279,0.3901955209621282,-0.9993678877529618,408.62098246128176,251.47828020756114
20260932,gbt,pit,fixed_1d,top10_ew,0.0,cost_v1,0.07350939667287748,0.375975912202452,0.3891042737427082,-0.812459812913993,408.5752787618592,251.47828020756114
20260932,gbt,pit,fixed_1d,top10_ew,5.0,cost_v1,-0.05336288991406657,0.05222497612927961,0.38910425069141086,-0.8371796849881004,408.5752787618592,251.47828020756114
20260932,gbt,pit,fixed_1d,top10_ew,10.0,cost_v1,-0.16529338987444286,-0.27152597397921335,0.38910426249702046,-0.9730055194879834,408.5752787618592,251.47828020756114
20260932,gbt,pit,fixed_1d,top10_ew,20.0,cost_v1,-0.35113798329995016,-0.9190275682735384,0.3891043906789379,-0.9996903740431483,408.5752787618592,251.47828020756114
20260932,gbt,pit,fixed_21d,top1,0.0,primary,-0.2751106410152864,-0.09478116877496917,0.7122665901060221,-0.9978984555106648,22.147850259451445,12.021571534469977
20260932,gbt,pit,fixed_21d,top1,5.0,primary,-0.2791142270376451,-0.10257591335326363,0.7122431900514248,-0.9980734592443994,22.147850259451445,12.021571534469977
20260932,gbt,pit,fixed_21d,top1,10.0,primary,-0.28309767570241706,-0.1103705947939131,0.7122235026050595,-0.9982573602249565,22.147850259451445,12.021571534469977
20260932,gbt,pit,fixed_21d,top1,20.0,primary,-0.29100452599729354,-0.12595928044029311,0.71219526671051,-0.9985743883000847,22.147850259451445,12.021571534469977
20260932,gbt,pit,fixed_21d,top1,0.0,stress,-0.31591930984694494,-0.16102924019314965,0.7224536181232342,-0.999279170276985,22.147850259451445,12.021571534469977
20260932,gbt,pit,fixed_21d,top1,5.0,stress,-0.3196975083476076,-0.1687164870907703,0.7224290593198373,-0.9993391965545892,22.147850259451445,12.021571534469977
20260932,gbt,pit,fixed_21d,top1,10.0,stress,-0.3234567031516302,-0.17640336287962824,0.7224081607063676,-0.9994022745876977,22.147850259451445,12.021571534469977
20260932,gbt,pit,fixed_21d,top1,20.0,stress,-0.330918426157513,-0.19177553331039973,0.7223773452642593,-0.9995110152119112,22.147850259451445,12.021571534469977
20260932,gbt,pit,fixed_21d,top1,0.0,cost_v1,-0.2751106410152864,-0.09478116877496917,0.7122665901060221,-0.9978984555106648,22.147850259451445,12.021571534469977
20260932,gbt,pit,fixed_21d,top1,5.0,cost_v1,-0.27947270631495524,-0.10323426856199332,0.7122772312883311,-0.9980909841143689,22.147850259451445,12.021571534469977
20260932,gbt,pit,fixed_21d,top1,10.0,cost_v1,-0.2838107000747385,-0.11168648452652956,0.7122918983300776,-0.9982889287783944,22.147850259451445,12.021571534469977
20260932,gbt,pit,fixed_21d,top1,20.0,cost_v1,-0.29241495568625564,-0.12858769220064636,0.7123333089289087,-0.9986255995246767,22.147850259451445,12.021571534469977
20260932,gbt,pit,fixed_21d,top10_ew,0.0,primary,0.04922738891484246,0.31741022218915477,0.38745041030134125,-0.8020273526433599,21.559330930375804,12.021571534469977
20260932,gbt,pit,fixed_21d,top10_ew,5.0,primary,0.0435861649379079,0.3034751645260309,0.387465674810291,-0.8033593477566721,21.559330930375804,12.021571534469977
20260932,gbt,pit,fixed_21d,top10_ew,10.0,primary,0.037972730076873296,0.28953670542615056,0.38748696071653155,-0.8046829530016965,21.559330930375804,12.021571534469977
20260932,gbt,pit,fixed_21d,top10_ew,20.0,primary,0.02682873063281299,0.2616521871164294,0.38754759247154247,-0.8073051906203492,21.559330930375804,12.021571534469977
20260932,gbt,pit,fixed_21d,top10_ew,0.0,stress,0.02020132165571753,0.24549157500434324,0.389037801566914,-0.8020273526433601,21.582589178693013,12.021571534469977
20260932,gbt,pit,fixed_21d,top10_ew,5.0,stress,0.014710255109037673,0.2316029140901083,0.3890535046827443,-0.8033593477566721,21.582589178693013,12.021571534469977
20260932,gbt,pit,fixed_21d,top10_ew,10.0,stress,0.009246267329177327,0.21771201259280926,0.3890752154247211,-0.8046829530016961,21.582589178693013,12.021571534469977
20260932,gbt,pit,fixed_21d,top10_ew,20.0,stress,-0.0016009568224222281,0.18992606508595608,0.3891366554867357,-0.8073051906203489,21.582589178693013,12.021571534469977
20260932,gbt,pit,fixed_21d,top10_ew,0.0,cost_v1,0.04922738891484246,0.31741022218915477,0.38745041030134125,-0.8020273526433599,21.559330930375804,12.021571534469977
20260932,gbt,pit,fixed_21d,top10_ew,5.0,cost_v1,0.04292624229247055,0.30184389562586655,0.38748095760795354,-0.8036106079304233,21.559330930375804,12.021571534469977
20260932,gbt,pit,fixed_21d,top10_ew,10.0,cost_v1,0.0366598047469322,0.28627455810024477,0.3875189027121902,-0.8051819879105166,21.559330930375804,12.021571534469977
20260932,gbt,pit,fixed_21d,top10_ew,20.0,cost_v1,0.02423036198996753,0.255130425793729,0.38761697719963134,-0.8082894540780852,21.559330930375804,12.021571534469977
20260932,gbt,pit,fixed_126d,top1,0.0,primary,-0.20785468873805435,0.20301083039512913,0.9850395217896153,-0.9993622418730065,3.7364343958487765,2.003595255744996
20260932,gbt,pit,fixed_126d,top1,5.0,primary,-0.2085944711725961,0.20206808582510402,0.9850483659939904,-0.9993654234587397,3.7364343958487765,2.003595255744996
20260932,gbt,pit,fixed_126d,top1,10.0,primary,-0.2093339189799922,0.20112526717103876,0.9850576559537407,-0.9993685906735477,3.7364343958487765,2.003595255744996
20260932,gbt,pit,fixed_126d,top1,20.0,primary,-0.21081181069847765,0.19923941274929394,0.9850775730883164,-0.9993748822228237,3.7364343958487765,2.003595255744996
20260932,gbt,pit,fixed_126d,top1,0.0,stress,-0.25244962625943934,0.1522918048657768,0.9924827807522494,-0.999687498528417,3.7364343958487765,2.003595255744996
20260932,gbt,pit,fixed_126d,top1,5.0,stress,-0.253147761598456,0.1513566201512966,0.9924913776472143,-0.9996890575053731,3.7364343958487765,2.003595255744996
20260932,gbt,pit,fixed_126d,top1,10.0,stress,-0.2538455811486343,0.15042138458582427,0.9925004169591793,-0.9996906094405761,3.7364343958487765,2.003595255744996
20260932,gbt,pit,fixed_126d,top1,20.0,stress,-0.2552402728684423,0.14855076591751246,0.9925198227851665,-0.9996936922996164,3.7364343958487765,2.003595255744996
20260932,gbt,pit,fixed_126d,top1,0.0,cost_v1,-0.20785468873805435,0.20301083039512913,0.9850395217896153,-0.9993622418730065,3.7364343958487765,2.003595255744996
20260932,gbt,pit,fixed_126d,top1,5.0,cost_v1,-0.20865541974660673,0.20199004756494296,0.9850486884867852,-0.9993660868531669,3.7364343958487765,2.003595255744996
20260932,gbt,pit,fixed_126d,top1,10.0,cost_v1,-0.20945574564237557,0.2009691806210027,0.985058360591441,-0.9993699105750898,3.7364343958487765,2.003595255744996
20260932,gbt,pit,fixed_126d,top1,20.0,cost_v1,-0.21105518209857566,0.1989272006994378,0.9850792209628837,-0.9993774946713135,3.7364343958487765,2.003595255744996
20260932,gbt,pit,fixed_126d,top10_ew,0.0,primary,0.04764275519657435,0.31402111254891757,0.3960351380906942,-0.802117248162895,3.8679072379358965,2.003595255744996
20260932,gbt,pit,fixed_126d,top10_ew,5.0,primary,0.04662995721486474,0.3115747544532928,0.3960367481777827,-0.8022062953988627,3.8679072379358965,2.003595255744996
20260932,gbt,pit,fixed_126d,top10_ew,10.0,primary,0.04561765576039467,0.30912751373726777,0.39603951451663627,-0.8022953426348306,3.8679072379358965,2.003595255744996
20260932,gbt,pit,fixed_126d,top10_ew,20.0,primary,0.04359454239032701,0.30423047035143463,0.3960485158425963,-0.802473437106766,3.8679072379358965,2.003595255744996
20260932,gbt,pit,fixed_126d,top10_ew,0.0,stress,0.024963784619403517,0.259214413182345,0.39762097791537215,-0.8021172481628949,3.8862812585253654,2.003595255744996
20260932,gbt,pit,fixed_126d,top10_ew,5.0,stress,0.023968205522780117,0.25676727207514416,0.397624353185935,-0.8022062953988626,3.8862812585253654,2.003595255744996
20260932,gbt,pit,fixed_126d,top10_ew,10.0,stress,0.022973116999262855,0.2543194303323004,0.39762888885421216,-0.8022953426348303,3.8862812585253654,2.003595255744996
20260932,gbt,pit,fixed_126d,top10_ew,20.0,stress,0.02098441162914977,0.2494217308733896,0.397641441214919,-0.8024734371067659,3.8862812585253654,2.003595255744996
20260932,gbt,pit,fixed_126d,top10_ew,0.0,cost_v1,0.04764275519657435,0.31402111254891757,0.3960351380906942,-0.802117248162895,3.8679072379358965,2.003595255744996
20260932,gbt,pit,fixed_126d,top10_ew,5.0,cost_v1,0.04659274550720327,0.3114850619236501,0.39603740243774876,-0.8022260822379905,3.8679072379358965,2.003595255744996
20260932,gbt,pit,fixed_126d,top10_ew,10.0,cost_v1,0.04554326291009625,0.308948059499589,0.3960409240675815,-0.8023349163130862,3.8679072379358965,2.003595255744996
20260932,gbt,pit,fixed_126d,top10_ew,20.0,cost_v1,0.043445878988827236,0.30387129613273267,0.3960517390294532,-0.8025525844632775,3.8679072379358965,2.003595255744996
20260932,gbt,surv,argmax_conf,top1,0.0,primary,0.7759972280311989,0.8515631946048285,1.6621998280702184,-0.9386738939741386,4.65700518902891,2.3826538176426983
20260932,gbt,surv,argmax_conf,top1,5.0,primary,0.7739302136622743,0.8508569890234438,1.66219564562046,-0.9388270560005768,4.65700518902891,2.3826538176426983
20260932,gbt,surv,argmax_conf,top1,10.0,primary,0.7718645845424159,0.8501506003050161,1.6621918142867167,-0.9389799118561623,4.65700518902891,2.3826538176426983
20260932,gbt,surv,argmax_conf,top1,20.0,primary,0.7677374810511921,0.8487372752379436,1.6621852049767623,-0.9392847068913408,4.65700518902891,2.3826538176426983
20260932,gbt,surv,argmax_conf,top1,0.0,stress,0.7759972280311989,0.8515631946048285,1.6621998280702184,-0.9386738939741386,4.65700518902891,2.3826538176426983
20260932,gbt,surv,argmax_conf,top1,5.0,stress,0.7739302136622743,0.8508569890234438,1.66219564562046,-0.9388270560005768,4.65700518902891,2.3826538176426983
20260932,gbt,surv,argmax_conf,top1,10.0,stress,0.7718645845424159,0.8501506003050161,1.6621918142867167,-0.9389799118561623,4.65700518902891,2.3826538176426983
20260932,gbt,surv,argmax_conf,top1,20.0,stress,0.7677374810511921,0.8487372752379436,1.6621852049767623,-0.9392847068913408,4.65700518902891,2.3826538176426983
20260932,gbt,surv,argmax_conf,top1,0.0,cost_v1,0.7759972280311989,0.8515631946048285,1.6621998280702184,-0.9386738939741386,4.65700518902891,2.3826538176426983
20260932,gbt,surv,argmax_conf,top1,5.0,cost_v1,0.7738966600163508,0.8508463517945294,1.6621974710684235,-0.9388259474349973,4.65700518902891,2.3826538176426983
20260932,gbt,surv,argmax_conf,top1,10.0,cost_v1,0.7717975321725394,0.8501293250296015,1.6621954697646109,-0.9389776994122647,4.65700518902891,2.3826538176426983
20260932,gbt,surv,argmax_conf,top1,20.0,cost_v1,0.7676035959062137,0.8486947214721972,1.6621925342558417,-0.939280300708182,4.65700518902891,2.3826538176426983
20260932,gbt,surv,argmax_conf,top10_ew,0.0,primary,0.38831442566781194,0.8483187340248958,0.5618489192651811,-0.8375267017628496,4.518106543332935,2.3826538176426983
20260932,gbt,surv,argmax_conf,top10_ew,5.0,primary,0.38674680443322895,0.8463067072364872,0.5618394660466498,-0.8376778138132348,4.518106543332935,2.3826538176426983
20260932,gbt,surv,argmax_conf,top10_ew,10.0,primary,0.38518021684014037,0.8442931878902965,0.5618309609863074,-0.8378288556328566,4.518106543332935,2.3826538176426983
20260932,gbt,surv,argmax_conf,top10_ew,20.0,primary,0.38205014176976704,0.8402617117958504,0.5618167955076321,-0.8381307285798105,4.518106543332935,2.3826538176426983
20260932,gbt,surv,argmax_conf,top10_ew,0.0,stress,0.38831442566781194,0.8483187340248958,0.5618489192651811,-0.8375267017628496,4.518106543332935,2.3826538176426983
20260932,gbt,surv,argmax_conf,top10_ew,5.0,stress,0.38674680443322895,0.8463067072364872,0.5618394660466498,-0.8376778138132348,4.518106543332935,2.3826538176426983
20260932,gbt,surv,argmax_conf,top10_ew,10.0,stress,0.38518021684014037,0.8442931878902965,0.5618309609863074,-0.8378288556328566,4.518106543332935,2.3826538176426983
20260932,gbt,surv,argmax_conf,top10_ew,20.0,stress,0.38205014176976704,0.8402617117958504,0.5618167955076321,-0.8381307285798105,4.518106543332935,2.3826538176426983
20260932,gbt,surv,argmax_conf,top10_ew,0.0,cost_v1,0.38831442566781194,0.8483187340248958,0.5618489192651811,-0.8375267017628496,4.518106543332935,2.3826538176426983
20260932,gbt,surv,argmax_conf,top10_ew,5.0,cost_v1,0.3866724630179299,0.846212701435925,0.5618367836539534,-0.8376907886500253,4.518106543332935,2.3826538176426983
20260932,gbt,surv,argmax_conf,top10_ew,10.0,cost_v1,0.3850316271464558,0.8441049971489398,0.5618257001454449,-0.8378547926633212,4.518106543332935,2.3826538176426983
20260932,gbt,surv,argmax_conf,top10_ew,20.0,cost_v1,0.38175333488290697,0.8398846201059361,0.561806689679749,-0.838182552068274,4.518106543332935,2.3826538176426983
20260932,gbt,surv,fixed_1d,top1,0.0,primary,0.1619189538479051,0.6001821819998097,0.8697512471149248,-0.9550140514762849,436.7837657524092,251.47828020756114
20260932,gbt,surv,fixed_1d,top1,5.0,primary,0.04169551634424273,0.47433089917904464,0.8693659327195254,-0.9715190370367952,436.7837657524092,251.47828020756114
20260932,gbt,surv,fixed_1d,top1,10.0,primary,-0.06613941718429506,0.34836469077612575,0.8689888955163698,-0.9916094819883265,436.7837657524092,251.47828020756114
20260932,gbt,surv,fixed_1d,top1,20.0,primary,-0.24959914024033025,0.09610131033719439,0.8682596955819956,-0.9996194066487826,436.7837657524092,251.47828020756114
20260932,gbt,surv,fixed_1d,top1,0.0,stress,0.1619189538479051,0.6001821819998097,0.8697512471149248,-0.9550140514762849,436.7837657524092,251.47828020756114
20260932,gbt,surv,fixed_1d,top1,5.0,stress,0.04169551634424273,0.47433089917904464,0.8693659327195254,-0.9715190370367952,436.7837657524092,251.47828020756114
20260932,gbt,surv,fixed_1d,top1,10.0,stress,-0.06613941718429506,0.34836469077612575,0.8689888955163698,-0.9916094819883265,436.7837657524092,251.47828020756114
20260932,gbt,surv,fixed_1d,top1,20.0,stress,-0.24959914024033025,0.09610131033719439,0.8682596955819956,-0.9996194066487826,436.7837657524092,251.47828020756114
20260932,gbt,surv,fixed_1d,top1,0.0,cost_v1,0.1619189538479051,0.6001821819998097,0.8697512471149248,-0.9550140514762849,436.7837657524092,251.47828020756114
20260932,gbt,surv,fixed_1d,top1,5.0,cost_v1,0.024480240661953756,0.45534439234168766,0.8697511902928652,-0.9740654274622697,436.7837657524092,251.47828020756114
20260932,gbt,surv,fixed_1d,top1,10.0,cost_v1,-0.09675854624306246,0.31050657819147065,0.8697511490648843,-0.9947665378393293,436.7837657524092,251.47828020756114
20260932,gbt,surv,fixed_1d,top1,20.0,cost_v1,-0.2980246339710304,0.020830907576929198,0.8697511133911663,-0.9998655830524246,436.7837657524092,251.47828020756114
20260932,gbt,surv,fixed_1d,top10_ew,0.0,primary,0.4852516814528147,1.1630996723884506,0.41223468549442993,-0.4742920872115519,386.6294894599722,251.47828020756114
20260932,gbt,surv,fixed_1d,top10_ew,5.0,primary,0.34838517081594267,0.9281137537506181,0.41206827205915614,-0.5073424725628379,386.6294894599722,251.47828020756114
20260932,gbt,surv,fixed_1d,top10_ew,10.0,primary,0.2240840250795404,0.6929331594363887,0.4119047126437527,-0.5747310042296373,386.6294894599722,251.47828020756114
20260932,gbt,surv,fixed_1d,top10_ew,20.0,primary,0.0086854218100616,0.22200658569337858,0.4115861694230258,-0.7520747905451545,386.6294894599722,251.47828020756114
20260932,gbt,surv,fixed_1d,top10_ew,0.0,stress,0.4852516814528147,1.1630996723884506,0.41223468549442993,-0.4742920872115519,386.6294894599722,251.47828020756114
20260932,gbt,surv,fixed_1d,top10_ew,5.0,stress,0.34838517081594267,0.9281137537506181,0.41206827205915614,-0.5073424725628379,386.6294894599722,251.47828020756114
20260932,gbt,surv,fixed_1d,top10_ew,10.0,stress,0.2240840250795404,0.6929331594363887,0.4119047126437527,-0.5747310042296373,386.6294894599722,251.47828020756114
20260932,gbt,surv,fixed_1d,top10_ew,20.0,stress,0.0086854218100616,0.22200658569337858,0.4115861694230258,-0.7520747905451545,386.6294894599722,251.47828020756114
20260932,gbt,surv,fixed_1d,top10_ew,0.0,cost_v1,0.4852516814528147,1.1630996723884506,0.41223468549442993,-0.4742920872115519,386.6294894599722,251.47828020756114
20260932,gbt,surv,fixed_1d,top10_ew,5.0,cost_v1,0.3099262267956886,0.8575145646471309,0.41223457671889824,-0.5272984903653621,386.6294894599722,251.47828020756114
20260932,gbt,surv,fixed_1d,top10_ew,10.0,cost_v1,0.15522436976655496,0.551929251587141,0.4122345008444449,-0.6084997173809361,386.6294894599722,251.47828020756114
20260932,gbt,surv,fixed_1d,top10_ew,20.0,cost_v1,-0.10169586208349413,-0.0592416978182722,0.41223444779883844,-0.9397904925241881,386.6294894599722,251.47828020756114
20260932,gbt,surv,fixed_21d,top1,0.0,primary,0.14646949938644416,0.5478735726637518,1.2046763898448531,-0.991735319684852,22.20200148257969,12.021571534469977
20260932,gbt,surv,fixed_21d,top1,5.0,primary,0.14012206889336776,0.5432524757236461,1.2046689240104953,-0.992103025808432,22.20200148257969,12.021571534469977
20260932,gbt,surv,fixed_21d,top1,10.0,primary,0.13380663889625444,0.5386303311308759,1.204663673175976,-0.9924545440524666,22.20200148257969,12.021571534469977
20260932,gbt,surv,fixed_21d,top1,20.0,primary,0.12127119906929429,0.5293830008830351,1.2046598166100897,-0.9931118068507785,22.20200148257969,12.021571534469977
20260932,gbt,surv,fixed_21d,top1,0.0,stress,0.14646949938644416,0.5478735726637518,1.2046763898448531,-0.991735319684852,22.20200148257969,12.021571534469977
20260932,gbt,surv,fixed_21d,top1,5.0,stress,0.14012206889336776,0.5432524757236461,1.2046689240104953,-0.992103025808432,22.20200148257969,12.021571534469977
20260932,gbt,surv,fixed_21d,top1,10.0,stress,0.13380663889625444,0.5386303311308759,1.204663673175976,-0.9924545440524666,22.20200148257969,12.021571534469977
20260932,gbt,surv,fixed_21d,top1,20.0,stress,0.12127119906929429,0.5293830008830351,1.2046598166100897,-0.9931118068507785,22.20200148257969,12.021571534469977
20260932,gbt,surv,fixed_21d,top1,0.0,cost_v1,0.14646949938644416,0.5478735726637518,1.2046763898448531,-0.991735319684852,22.20200148257969,12.021571534469977
20260932,gbt,surv,fixed_21d,top1,5.0,cost_v1,0.1395702929605589,0.5428657569661834,1.2046963547065415,-0.99216682575665,22.20200148257969,12.021571534469977
20260932,gbt,surv,fixed_21d,top1,10.0,cost_v1,0.1327091599667185,0.5378570446521378,1.2047186996229504,-0.9925760043497862,22.20200148257969,12.021571534469977
20260932,gbt,surv,fixed_21d,top1,20.0,cost_v1,0.11910035077073466,0.5278370493611136,1.204770529076112,-0.9933319002979439,22.20200148257969,12.021571534469977
20260932,gbt,surv,fixed_21d,top10_ew,0.0,primary,0.36543035395552104,0.7410923233808945,0.6005439103234427,-0.6476923511048602,20.602759794666643,12.021571534469977
20260932,gbt,surv,fixed_21d,top10_ew,5.0,primary,0.35841400383498145,0.7324846984467974,0.6005633351324315,-0.648685771183307,20.602759794666643,12.021571534469977
20260932,gbt,surv,fixed_21d,top10_ew,10.0,primary,0.35143067588024324,0.7238733350798592,0.6005863236052945,-0.6496768580991646,20.602759794666643,12.021571534469977
20260932,gbt,surv,fixed_21d,top10_ew,20.0,primary,0.33756252228873107,0.7066400100007467,0.6006429898425028,-0.6516520499627878,20.602759794666643,12.021571534469977
20260932,gbt,surv,fixed_21d,top10_ew,0.0,stress,0.36543035395552104,0.7410923233808945,0.6005439103234427,-0.6476923511048602,20.602759794666643,12.021571534469977
20260932,gbt,surv,fixed_21d,top10_ew,5.0,stress,0.35841400383498145,0.7324846984467974,0.6005633351324315,-0.648685771183307,20.602759794666643,12.021571534469977
20260932,gbt,surv,fixed_21d,top10_ew,10.0,stress,0.35143067588024324,0.7238733350798592,0.6005863236052945,-0.6496768580991646,20.602759794666643,12.021571534469977
20260932,gbt,surv,fixed_21d,top10_ew,20.0,stress,0.33756252228873107,0.7066400100007467,0.6006429898425028,-0.6516520499627878,20.602759794666643,12.021571534469977
20260932,gbt,surv,fixed_21d,top10_ew,0.0,cost_v1,0.36543035395552104,0.7410923233808945,0.6005439103234427,-0.6476923511048602,20.602759794666643,12.021571534469977
20260932,gbt,surv,fixed_21d,top10_ew,5.0,cost_v1,0.35722530734419666,0.7310188757510424,0.6005816501618833,-0.6487614266596118,20.602759794666643,12.021571534469977
20260932,gbt,surv,fixed_21d,top10_ew,10.0,cost_v1,0.3490654841218752,0.7209409658764947,0.6006241621681188,-0.649827798154466,20.602759794666643,12.021571534469977
20260932,gbt,surv,fixed_21d,top10_ew,20.0,cost_v1,0.3328806019126749,0.7007727289667145,0.6007234985176417,-0.6519524508478562,20.602759794666643,12.021571534469977
20260932,gbt,surv,fixed_126d,top1,0.0,primary,0.19083576871254038,0.583045281533155,1.4718464059710086,-0.9831902199593676,4.007190511489992,2.003595255744996
20260932,gbt,surv,fixed_126d,top1,5.0,primary,0.18964309560875847,0.5823654042131995,1.471851138730159,-0.98329915633912,4.007190511489992,2.003595255744996
20260932,gbt,surv,fixed_126d,top1,10.0,primary,0.18845102918516732,0.5816854008503834,1.4718562014826615,-0.9834074407326524,4.007190511489992,2.003595255744996
20260932,gbt,surv,fixed_126d,top1,20.0,primary,0.18606871632569244,0.5803250178364852,1.471867316953881,-0.9836220678582147,4.007190511489992,2.003595255744996
20260932,gbt,surv,fixed_126d,top1,0.0,stress,0.19083576871254038,0.583045281533155,1.4718464059710086,-0.9831902199593676,4.007190511489992,2.003595255744996
20260932,gbt,surv,fixed_126d,top1,5.0,stress,0.18964309560875847,0.5823654042131995,1.471851138730159,-0.98329915633912,4.007190511489992,2.003595255744996
20260932,gbt,surv,fixed_126d,top1,10.0,stress,0.18845102918516732,0.5816854008503834,1.4718562014826615,-0.9834074407326524,4.007190511489992,2.003595255744996
20260932,gbt,surv,fixed_126d,top1,20.0,stress,0.18606871632569244,0.5803250178364852,1.471867316953881,-0.9836220678582147,4.007190511489992,2.003595255744996
20260932,gbt,surv,fixed_126d,top1,0.0,cost_v1,0.19083576871254038,0.583045281533155,1.4718464059710086,-0.9831902199593676,4.007190511489992,2.003595255744996
20260932,gbt,surv,fixed_126d,top1,5.0,cost_v1,0.18963519027532816,0.5823613231616743,1.4718515948829043,-0.9833017815145568,4.007190511489992,2.003595255744996
20260932,gbt,surv,fixed_126d,top1,10.0,cost_v1,0.18843521682926379,0.5816772359210367,1.471857122083683,-0.983412659401231,4.007190511489992,2.003595255744996
20260932,gbt,surv,fixed_126d,top1,20.0,cost_v1,0.18603708490616366,0.580308676731113,1.4718691913364141,-0.983632379516397,4.007190511489992,2.003595255744996
20260932,gbt,surv,fixed_126d,top10_ew,0.0,primary,0.4858723079240721,0.9095442448091399,0.6209128648563718,-0.7422240289669351,3.843809049968104,2.003595255744996
20260932,gbt,surv,fixed_126d,top10_ew,5.0,primary,0.4844448031779558,0.9079918493462733,0.6209107627619123,-0.7424565445009061,3.843809049968104,2.003595255744996
20260932,gbt,surv,fixed_126d,top10_ew,10.0,primary,0.48301799364178954,0.906438372210844,0.6209093944109905,-0.7426889556165741,3.843809049968104,2.003595255744996
20260932,gbt,surv,fixed_126d,top10_ew,20.0,primary,0.4801664601395115,0.9033281949063127,0.6209088589565628,-0.7431534645930009,3.843809049968104,2.003595255744996
20260932,gbt,surv,fixed_126d,top10_ew,0.0,stress,0.4858723079240721,0.9095442448091399,0.6209128648563718,-0.7422240289669351,3.843809049968104,2.003595255744996
20260932,gbt,surv,fixed_126d,top10_ew,5.0,stress,0.4844448031779558,0.9079918493462733,0.6209107627619123,-0.7424565445009061,3.843809049968104,2.003595255744996
20260932,gbt,surv,fixed_126d,top10_ew,10.0,stress,0.48301799364178954,0.906438372210844,0.6209093944109905,-0.7426889556165741,3.843809049968104,2.003595255744996
20260932,gbt,surv,fixed_126d,top10_ew,20.0,stress,0.4801664601395115,0.9033281949063127,0.6209088589565628,-0.7431534645930009,3.843809049968104,2.003595255744996
20260932,gbt,surv,fixed_126d,top10_ew,0.0,cost_v1,0.4858723079240721,0.9095442448091399,0.6209128648563718,-0.7422240289669351,3.843809049968104,2.003595255744996
20260932,gbt,surv,fixed_126d,top10_ew,5.0,cost_v1,0.4843889750353225,0.9079312023982464,0.6209105507329976,-0.7424878777690429,3.843809049968104,2.003595255744996
20260932,gbt,surv,fixed_126d,top10_ew,10.0,cost_v1,0.48290638376274875,0.9063169773944245,0.6209090385543621,-0.7427515915230454,3.843809049968104,2.003595255744996
20260932,gbt,surv,fixed_126d,top10_ew,20.0,cost_v1,0.4799434260608313,0.9030850045715841,0.6209084200516362,-0.7432786138867375,3.843809049968104,2.003595255744996
20260932,lstm,pit,argmax_conf,top1,0.0,primary,-0.39798076420256556,-0.2817987516606617,0.7646648307878834,-0.9999561154696095,4.4404002965159375,2.328502594514455
20260932,lstm,pit,argmax_conf,top1,5.0,primary,-0.39864885787038296,-0.2832572067835801,0.764657254457872,-0.9999569200663959,4.4404002965159375,2.328502594514455
20260932,lstm,pit,argmax_conf,top1,10.0,primary,-0.39931653571714454,-0.2847154274785524,0.7646503853418332,-0.9999577102976571,4.4404002965159375,2.328502594514455
20260932,lstm,pit,argmax_conf,top1,20.0,primary,-0.4006506441868507,-0.28763114934825607,0.7646387688259487,-0.9999592486577309,4.4404002965159375,2.328502594514455
20260932,lstm,pit,argmax_conf,top1,0.0,stress,-0.42079259425085136,-0.32170834848209634,0.770986290738687,-0.999978496580841,4.4404002965159375,2.328502594514455
20260932,lstm,pit,argmax_conf,top1,5.0,stress,-0.4214353723833829,-0.3231552896758071,0.7709785900008866,-0.999978890833253,4.4404002965159375,2.328502594514455
20260932,lstm,pit,argmax_conf,top1,10.0,stress,-0.4220777504512311,-0.324601964458651,0.7709715906761324,-0.9999792780465578,4.4404002965159375,2.328502594514455
20260932,lstm,pit,argmax_conf,top1,20.0,stress,-0.42336130662315763,-0.3274944989384411,0.7709596963402622,-0.9999800318429682,4.4404002965159375,2.328502594514455
20260932,lstm,pit,argmax_conf,top1,0.0,cost_v1,-0.39798076420256556,-0.2817987516606617,0.7646648307878834,-0.9999561154696095,4.4404002965159375,2.328502594514455
20260932,lstm,pit,argmax_conf,top1,5.0,cost_v1,-0.3986842339634695,-0.28332429958105054,0.7646644166269201,-0.9999569656480006,4.4404002965159375,2.328502594514455
20260932,lstm,pit,argmax_conf,top1,10.0,cost_v1,-0.39938723581287106,-0.28484956760652475,0.7646647582656317,-0.9999577997718334,4.4404002965159375,2.328502594514455
20260932,lstm,pit,argmax_conf,top1,20.0,cost_v1,-0.40079183608452607,-0.2878992458873094,0.7646677089357863,-0.9999594210317698,4.4404002965159375,2.328502594514455
20260932,lstm,pit,argmax_conf,top10_ew,0.0,primary,-0.09113492008051671,-0.055215472301862564,0.38651789115021673,-0.9224384359487207,4.362745266277937,2.328502594514455
20260932,lstm,pit,argmax_conf,top10_ew,5.0,primary,-0.09212589706807894,-0.05804081569715104,0.38651820234602263,-0.9237383674302468,4.362745266277937,2.328502594514455
20260932,lstm,pit,argmax_conf,top10_ew,10.0,primary,-0.09311625468695539,-0.0608659490016243,0.38651981879576813,-0.925017110465788,4.362745266277937,2.328502594514455
20260932,lstm,pit,argmax_conf,top10_ew,20.0,primary,-0.09509511223120692,-0.06651547088494629,0.38652696737835257,-0.9275123684554423,4.362745266277937,2.328502594514455
20260932,lstm,pit,argmax_conf,top10_ew,0.0,stress,-0.13591540080969566,-0.17670869595081268,0.39285863419759304,-0.9626770260245914,4.401723894996608,2.328502594514455
20260932,lstm,pit,argmax_conf,top10_ew,5.0,stress,-0.1368659661698992,-0.17951318534158478,0.39285856501073,-0.9633076501626722,4.401723894996608,2.328502594514455
20260932,lstm,pit,argmax_conf,top10_ew,10.0,stress,-0.13781593140422976,-0.18231707008581075,0.39285980085032585,-0.9639279113261696,4.401723894996608,2.328502594514455
20260932,lstm,pit,argmax_conf,top10_ew,20.0,stress,-0.1397140619003684,-0.1879229139316474,0.39286618754662606,-0.9651380041101544,4.401723894996608,2.328502594514455
20260932,lstm,pit,argmax_conf,top10_ew,0.0,cost_v1,-0.09113492008051671,-0.055215472301862564,0.38651789115021673,-0.9224384359487207,4.362745266277937,2.328502594514455
20260932,lstm,pit,argmax_conf,top10_ew,5.0,cost_v1,-0.09219471985964411,-0.05823257792848867,0.3865221876516962,-0.9238244886264878,4.362745266277937,2.328502594514455
20260932,lstm,pit,argmax_conf,top10_ew,10.0,cost_v1,-0.09325381455766857,-0.061249379558384616,0.3865279792995823,-0.9251864486105057,4.362745266277937,2.328502594514455
20260932,lstm,pit,argmax_conf,top10_ew,20.0,cost_v1,-0.09536988917446698,-0.0672819309122049,0.38654404774840145,-0.9278397118746095,4.362745266277937,2.328502594514455
20260932,lstm,pit,fixed_1d,top1,0.0,primary,-0.6163330341938016,-0.5797789288005483,0.8887993294423023,-0.9999999909433824,305.62950333580426,251.47828020756114
20260932,lstm,pit,fixed_1d,top1,5.0,primary,-0.644562835901916,-0.6657720302643163,0.8886388347761799,-0.9999999976411825,305.62950333580426,251.47828020756114
20260932,lstm,pit,fixed_1d,top1,10.0,primary,-0.6707280690559294,-0.751782017893068,0.8884951001230637,-0.9999999993860526,305.62950333580426,251.47828020756114
20260932,lstm,pit,fixed_1d,top1,20.0,primary,-0.7174542767459147,-0.9238331752031388,0.8882579424516742,-0.9999999999585725,305.62950333580426,251.47828020756114
20260932,lstm,pit,fixed_1d,top1,0.0,stress,-0.6837190041655332,-0.7406959685197267,0.9154400856305778,-0.999999999744173,305.62950333580426,251.47828020756114
20260932,lstm,pit,fixed_1d,top1,5.0,stress,-0.7069906188527421,-0.8242150582650398,0.9152491427967083,-0.9999999999333693,305.62950333580426,251.47828020756114
20260932,lstm,pit,fixed_1d,top1,10.0,stress,-0.7285602788332479,-0.9077528669803869,0.9150744662803415,-0.9999999999826575,305.62950333580426,251.47828020756114
20260932,lstm,pit,fixed_1d,top1,20.0,stress,-0.7670796532305257,-1.0748668140194058,0.9147739486051161,-0.9999999999988298,305.62950333580426,251.47828020756114
20260932,lstm,pit,fixed_1d,top1,0.0,cost_v1,-0.6163330341938016,-0.5797789288005483,0.8887993294423023,-0.9999999909433824,305.62950333580426,251.47828020756114
20260932,lstm,pit,fixed_1d,top1,5.0,cost_v1,-0.6619331523791169,-0.7215126355457483,0.8887993994946046,-0.9999999990197297,305.62950333580426,251.47828020756114
20260932,lstm,pit,fixed_1d,top1,10.0,cost_v1,-0.7021326423519976,-0.8632463051278157,0.8887994848067788,-0.9999999998941157,305.62950333580426,251.47828020756114
20260932,lstm,pit,fixed_1d,top1,20.0,cost_v1,-0.7688042143327747,-1.1467135036013836,0.8887997012107242,-0.9999999999987702,305.62950333580426,251.47828020756114
20260932,lstm,pit,fixed_1d,top10_ew,0.0,primary,0.05876336966670759,0.33801629924474136,0.35433071816624,-0.7272817332456527,235.78933718980502,251.47828020756114
20260932,lstm,pit,fixed_1d,top10_ew,5.0,primary,-0.0018518655418018337,0.17129806683732102,0.3542470587394681,-0.8275638397672023,235.78933718980502,251.47828020756114
20260932,lstm,pit,fixed_1d,top10_ew,10.0,primary,-0.05901158519188543,0.00450100372968517,0.35416869707464704,-0.9121961995845638,235.78933718980502,251.47828020756114
20260932,lstm,pit,fixed_1d,top10_ew,20.0,primary,-0.1637379850908227,-0.3292998521067314,0.3540278808645099,-0.9791528358186737,235.78933718980502,251.47828020756114
20260932,lstm,pit,fixed_1d,top10_ew,0.0,stress,-0.07104612029717583,-0.0243945891794876,0.36103922373638686,-0.9441510569825268,235.88300154524998,251.47828020756114
20260932,lstm,pit,fixed_1d,top10_ew,5.0,stress,-0.12425014692748304,-0.18809309292282578,0.3609459140825036,-0.9715661758224101,235.88300154524998,251.47828020756114
20260932,lstm,pit,fixed_1d,top10_ew,10.0,stress,-0.17441997953132948,-0.3518711926399752,0.36085779634838616,-0.9855263400742491,235.88300154524998,251.47828020756114
20260932,lstm,pit,fixed_1d,top10_ew,20.0,stress,-0.2663365175049468,-0.6796380888970448,0.36069715163578125,-0.9971335785034745,235.88300154524998,251.47828020756114
20260932,lstm,pit,fixed_1d,top10_ew,0.0,cost_v1,0.05876336966670759,0.33801629924474136,0.35433071816624,-0.7272817332456527,235.78933718980502,251.47828020756114
20260932,lstm,pit,fixed_1d,top10_ew,5.0,cost_v1,-0.06636680566577535,-0.017507136634989477,0.354330700912301,-0.9225913891380227,235.78933718980502,251.47828020756114
20260932,lstm,pit,fixed_1d,top10_ew,10.0,cost_v1,-0.17676028257758725,-0.3730305668409261,0.3543307219360797,-0.9840795252441191,235.78933718980502,251.47828020756114
20260932,lstm,pit,fixed_1d,top10_ew,20.0,cost_v1,-0.3600526739731057,-1.0840769493529825,0.35433087881675085,-0.9997418194746399,235.78933718980502,251.47828020756114
20260932,lstm,pit,fixed_21d,top1,0.0,primary,-0.20228215793996496,0.11147018397483668,0.795967927965708,-0.9980433580734613,19.819347664936988,12.021571534469977
20260932,lstm,pit,fixed_21d,top1,5.0,primary,-0.2062259139003576,0.10524999244957849,0.7959747991235272,-0.9981825009390498,19.819347664936988,12.021571534469977
20260932,lstm,pit,fixed_21d,top1,10.0,primary,-0.21015210469994283,0.09902954202029698,0.7959846144804732,-0.9983118107117154,19.819347664936988,12.021571534469977
20260932,lstm,pit,fixed_21d,top1,20.0,primary,-0.21795206910839815,0.08658814063427187,0.7960130773234291,-0.9985436448930717,19.819347664936988,12.021571534469977
20260932,lstm,pit,fixed_21d,top1,0.0,stress,-0.2895712640977258,-0.01096396594645885,0.8141856056755964,-0.99953021030544,19.819347664936988,12.021571534469977
20260932,lstm,pit,fixed_21d,top1,5.0,stress,-0.29308348034001697,-0.0170439990626648,0.8141899664687964,-0.9995636185051919,19.819347664936988,12.021571534469977
20260932,lstm,pit,fixed_21d,top1,10.0,stress,-0.29658005346348815,-0.023123885301458546,0.8141972056374014,-0.9995946657794941,19.819347664936988,12.021571534469977
20260932,lstm,pit,fixed_21d,top1,20.0,stress,-0.30352651819401477,-0.035282959261896694,0.8142203187632027,-0.999650329162646,19.819347664936988,12.021571534469977
20260932,lstm,pit,fixed_21d,top1,0.0,cost_v1,-0.20228215793996496,0.11147018397483668,0.795967927965708,-0.9980433580734613,19.819347664936988,12.021571534469977
20260932,lstm,pit,fixed_21d,top1,5.0,cost_v1,-0.20710554729338493,0.103899524642807,0.796006839847758,-0.9982128947040714,19.819347664936988,12.021571534469977
20260932,lstm,pit,fixed_21d,top1,10.0,cost_v1,-0.21190219720943126,0.09632916974423379,0.7960493522409213,-0.9983678169387258,19.819347664936988,12.021571534469977
20260932,lstm,pit,fixed_21d,top1,20.0,cost_v1,-0.22141581729708115,0.08118978412121372,0.7961451762046262,-0.9986387244397287,19.819347664936988,12.021571534469977
20260932,lstm,pit,fixed_21d,top10_ew,0.0,primary,0.0473694790815784,0.31513908265137647,0.4002935275394215,-0.7349042139170091,18.207469477164825,12.021571534469977
20260932,lstm,pit,fixed_21d,top10_ew,5.0,primary,0.04261189081768113,0.30375264713553535,0.4003157098972029,-0.7364740883562808,18.207469477164825,12.021571534469977
20260932,lstm,pit,fixed_21d,top10_ew,10.0,primary,0.03787405028871338,0.29236435635603675,0.4003421605191813,-0.7380353002444029,18.207469477164825,12.021571534469977
20260932,lstm,pit,fixed_21d,top10_ew,20.0,primary,0.028457315551482898,0.2695836697269373,0.4004078630357355,-0.7411319134075266,18.207469477164825,12.021571534469977
20260932,lstm,pit,fixed_21d,top10_ew,0.0,stress,-0.014419154186639638,0.16430601626135388,0.402585435689549,-0.7821000278121069,18.251322920531415,12.021571534469977
20260932,lstm,pit,fixed_21d,top10_ew,5.0,stress,-0.018906833080573837,0.15296652700589855,0.4026048246646391,-0.7932251612324668,18.251322920531415,12.021571534469977
20260932,lstm,pit,fixed_21d,top10_ew,10.0,stress,-0.023375839679785737,0.14162662978860402,0.40262847821528636,-0.8037862997187635,18.251322920531415,12.021571534469977
20260932,lstm,pit,fixed_21d,top10_ew,20.0,stress,-0.032258117387654384,0.11894705381902973,0.40268857590179735,-0.823328727813158,18.251322920531415,12.021571534469977
20260932,lstm,pit,fixed_21d,top10_ew,0.0,cost_v1,0.0473694790815784,0.31513908265137647,0.4002935275394215,-0.7349042139170091,18.207469477164825,12.021571534469977
20260932,lstm,pit,fixed_21d,top10_ew,5.0,cost_v1,0.041073122202955004,0.30006265323713055,0.40033697852202466,-0.7368873150937786,18.207469477164825,12.021571534469977
20260932,lstm,pit,fixed_21d,top10_ew,10.0,cost_v1,0.03481148278900226,0.284984401445775,0.400387587143656,-0.7388565648404686,18.207469477164825,12.021571534469977
20260932,lstm,pit,fixed_21d,top10_ew,20.0,cost_v1,0.022391660601412733,0.2548256744554652,0.40051026606695256,-0.7427538689985371,18.207469477164825,12.021571534469977
20260932,lstm,pit,fixed_126d,top1,0.0,primary,-0.2101715838772764,0.09917038485591374,0.781243426725203,-0.9959645244498384,3.5198295033358042,2.003595255744996
20260932,lstm,pit,fixed_126d,top1,5.0,primary,-0.21086645782187952,0.09804574494383064,0.7812464226546026,-0.9960026889388922,3.5198295033358042,2.003595255744996
20260932,lstm,pit,fixed_126d,top1,10.0,primary,-0.21156104896795025,0.09692104830253012,0.7812499453875441,-0.9960405103320278,3.5198295033358042,2.003595255744996
20260932,lstm,pit,fixed_126d,top1,20.0,primary,-0.21294938282294673,0.09467149393977052,0.7812585712344828,-0.9961151355044174,3.5198295033358042,2.003595255744996
20260932,lstm,pit,fixed_126d,top1,0.0,stress,-0.2688941978156343,0.015590954307233118,0.7936620150738999,-0.9986247162951823,3.5198295033358042,2.003595255744996
20260932,lstm,pit,fixed_126d,top1,5.0,stress,-0.26953740887555044,0.014484233364609819,0.7936646781647226,-0.9986441797343844,3.5198295033358042,2.003595255744996
20260932,lstm,pit,fixed_126d,top1,10.0,stress,-0.2701803581626008,0.013377511108474944,0.7936678598189626,-0.9986633768356722,3.5198295033358042,2.003595255744996
20260932,lstm,pit,fixed_126d,top1,20.0,stress,-0.2714654713796457,0.011164071333285282,0.7936757787917329,-0.9987009860592938,3.5198295033358042,2.003595255744996
20260932,lstm,pit,fixed_126d,top1,0.0,cost_v1,-0.2101715838772764,0.09917038485591374,0.781243426725203,-0.9959645244498384,3.5198295033358042,2.003595255744996
20260932,lstm,pit,fixed_126d,top1,5.0,cost_v1,-0.2109657111831421,0.09788520316068022,0.7812473078250649,-0.996008908129979,3.5198295033358042,2.003595255744996
20260932,lstm,pit,fixed_126d,top1,10.0,cost_v1,-0.21175943891140503,0.09659995542854234,0.7812518262673221,-0.9960528256416057,3.5198295033358042,2.003595255744996
20260932,lstm,pit,fixed_126d,top1,20.0,cost_v1,-0.2133456956380122,0.09402927444580012,0.7812627751332302,-0.9961392807756344,3.5198295033358042,2.003595255744996
20260932,lstm,pit,fixed_126d,top10_ew,0.0,primary,-0.015730774573913142,0.14371491271162967,0.373540102163019,-0.7295695867472658,3.6815466422938345,2.003595255744996
20260932,lstm,pit,fixed_126d,top10_ew,5.0,primary,-0.01663647269217161,0.14124471945955488,0.37353712070803663,-0.7297048019538922,3.6815466422938345,2.003595255744996
20260932,lstm,pit,fixed_126d,top10_ew,10.0,primary,-0.017541750521575805,0.1387740707796858,0.37353525897439893,-0.7298400171605186,3.6815466422938345,2.003595255744996
20260932,lstm,pit,fixed_126d,top10_ew,20.0,primary,-0.019351045347541285,0.1338314959703722,0.3735348947280578,-0.7301104475737714,3.6815466422938345,2.003595255744996
20260932,lstm,pit,fixed_126d,top10_ew,0.0,stress,-0.06747805200256063,0.0039368001837197355,0.37852590736705505,-0.8574418221474787,3.72406019344988,2.003595255744996
20260932,lstm,pit,fixed_126d,top10_ew,5.0,stress,-0.06834603993559696,0.0014692855612474414,0.37852182567271103,-0.8593501059850228,3.72406019344988,2.003595255744996
20260932,lstm,pit,fixed_126d,top10_ew,10.0,stress,-0.06921361980721874,-0.0009982792984490694,0.3785188735221875,-0.8612337201673456,3.72406019344988,2.003595255744996
20260932,lstm,pit,fixed_126d,top10_ew,20.0,stress,-0.07094755539947029,-0.00593347136926533,0.3785163579482048,-0.864928166303616,3.72406019344988,2.003595255744996
20260932,lstm,pit,fixed_126d,top10_ew,0.0,cost_v1,-0.015730774573913142,0.14371491271162967,0.373540102163019,-0.7295695867472658,3.6815466422938345,2.003595255744996
20260932,lstm,pit,fixed_126d,top10_ew,5.0,cost_v1,-0.016715293381431517,0.1410293860964286,0.37353650033852936,-0.7297064253321833,3.6815466422938345,2.003595255744996
20260932,lstm,pit,fixed_126d,top10_ew,10.0,cost_v1,-0.017699318931358232,0.13834331398802704,0.37353423153158793,-0.7298432639171009,3.6815466422938345,2.003595255744996
20260932,lstm,pit,fixed_126d,top10_ew,20.0,cost_v1,-0.01966589026200838,0.13296964826241564,0.3735336930532382,-0.7301169410869359,3.6815466422938345,2.003595255744996
20260932,lstm,surv,argmax_conf,top1,0.0,primary,0.12112008863280255,0.6235974392433286,1.516362195683117,-0.9881470948630887,4.548702742772424,2.274351371386212
20260932,lstm,surv,argmax_conf,top1,5.0,primary,0.11984558807164025,0.6228536501402225,1.516371440819438,-0.9882062262212287,4.548702742772424,2.274351371386212
20260932,lstm,surv,argmax_conf,top1,10.0,primary,0.11857190731524381,0.6221097231571715,1.5163810441423298,-0.9882650919535891,4.548702742772424,2.274351371386212
20260932,lstm,surv,argmax_conf,top1,20.0,primary,0.11602700471271588,0.620621457681814,1.5164013253203534,-0.9883820307819609,4.548702742772424,2.274351371386212
20260932,lstm,surv,argmax_conf,top1,0.0,stress,0.12112008863280255,0.6235974392433286,1.516362195683117,-0.9881470948630887,4.548702742772424,2.274351371386212
20260932,lstm,surv,argmax_conf,top1,5.0,stress,0.11984558807164025,0.6228536501402225,1.516371440819438,-0.9882062262212287,4.548702742772424,2.274351371386212
20260932,lstm,surv,argmax_conf,top1,10.0,stress,0.11857190731524381,0.6221097231571715,1.5163810441423298,-0.9882650919535891,4.548702742772424,2.274351371386212
20260932,lstm,surv,argmax_conf,top1,20.0,stress,0.11602700471271588,0.620621457681814,1.5164013253203534,-0.9883820307819609,4.548702742772424,2.274351371386212
20260932,lstm,surv,argmax_conf,top1,0.0,cost_v1,0.12112008863280255,0.6235974392433286,1.516362195683117,-0.9881470948630887,4.548702742772424,2.274351371386212
20260932,lstm,surv,argmax_conf,top1,5.0,cost_v1,0.1198160555637382,0.6228409025590618,1.5163748699775832,-0.9882115371167879,4.548702742772424,2.274351371386212
20260932,lstm,surv,argmax_conf,top1,10.0,cost_v1,0.11851286295147667,0.6220842258147116,1.5163879165086263,-0.9882756653339091,4.548702742772424,2.274351371386212
20260932,lstm,surv,argmax_conf,top1,20.0,cost_v1,0.115908998613248,0.620570454405179,1.5164151262417378,-0.9884029850752497,4.548702742772424,2.274351371386212
20260932,lstm,surv,argmax_conf,top10_ew,0.0,primary,0.40174734804887047,0.8520794863474277,0.5838269701462635,-0.8237140509832588,4.106925935918442,2.274351371386212
20260932,lstm,surv,argmax_conf,top10_ew,5.0,primary,0.4003085446710615,0.8503105853453755,0.5838391088155629,-0.8239533455711365,4.106925935918442,2.274351371386212
20260932,lstm,surv,argmax_conf,top10_ew,10.0,primary,0.39887057073145393,0.8485406304713664,0.5838520232269324,-0.8241924242125014,4.106925935918442,2.274351371386212
20260932,lstm,surv,argmax_conf,top10_ew,20.0,primary,0.39599711071171306,0.8449975879167494,0.5838801790668936,-0.8246699340443965,4.106925935918442,2.274351371386212
20260932,lstm,surv,argmax_conf,top10_ew,0.0,stress,0.40174734804887047,0.8520794863474277,0.5838269701462635,-0.8237140509832588,4.106925935918442,2.274351371386212
20260932,lstm,surv,argmax_conf,top10_ew,5.0,stress,0.4003085446710615,0.8503105853453755,0.5838391088155629,-0.8239533455711365,4.106925935918442,2.274351371386212
20260932,lstm,surv,argmax_conf,top10_ew,10.0,stress,0.39887057073145393,0.8485406304713664,0.5838520232269324,-0.8241924242125014,4.106925935918442,2.274351371386212
20260932,lstm,surv,argmax_conf,top10_ew,20.0,stress,0.39599711071171306,0.8449975879167494,0.5838801790668936,-0.8246699340443965,4.106925935918442,2.274351371386212
20260932,lstm,surv,argmax_conf,top10_ew,0.0,cost_v1,0.40174734804887047,0.8520794863474277,0.5838269701462635,-0.8237140509832588,4.106925935918442,2.274351371386212
20260932,lstm,surv,argmax_conf,top10_ew,5.0,cost_v1,0.40014479832208694,0.8501102951030866,0.5838391772671709,-0.8239779937280967,4.106925935918442,2.274351371386212
20260932,lstm,surv,argmax_conf,top10_ew,10.0,cost_v1,0.3985432744715418,0.848139781770214,0.5838523511857082,-0.8242416731711246,4.106925935918442,2.274351371386212
20260932,lstm,surv,argmax_conf,top10_ew,20.0,cost_v1,0.39534330383427085,0.8441948287489481,0.583881599149107,-0.8247682426767541,4.106925935918442,2.274351371386212
20260932,lstm,surv,fixed_1d,top1,0.0,primary,0.08626085867617816,0.5305001343997229,0.9852669671692149,-0.951527251809915,286.78487768717565,251.47828020756114
20260932,lstm,surv,fixed_1d,top1,5.0,primary,0.011088282433120877,0.4575871757062115,0.9852046702472765,-0.966437484254856,286.78487768717565,251.47828020756114
20260932,lstm,surv,fixed_1d,top1,10.0,primary,-0.05891586638522894,0.38465884440217185,0.9851581267762208,-0.9767655985418382,286.78487768717565,251.47828020756114
20260932,lstm,surv,fixed_1d,top1,20.0,primary,-0.18480704116128555,0.2387700495656005,0.9851123083626062,-0.9951467954815224,286.78487768717565,251.47828020756114
20260932,lstm,surv,fixed_1d,top1,0.0,stress,0.08626085867617816,0.5305001343997229,0.9852669671692149,-0.951527251809915,286.78487768717565,251.47828020756114
20260932,lstm,surv,fixed_1d,top1,5.0,stress,0.011088282433120877,0.4575871757062115,0.9852046702472765,-0.966437484254856,286.78487768717565,251.47828020756114
20260932,lstm,surv,fixed_1d,top1,10.0,stress,-0.05891586638522894,0.38465884440217185,0.9851581267762208,-0.9767655985418382,286.78487768717565,251.47828020756114
20260932,lstm,surv,fixed_1d,top1,20.0,stress,-0.18480704116128555,0.2387700495656005,0.9851123083626062,-0.9951467954815224,286.78487768717565,251.47828020756114
20260932,lstm,surv,fixed_1d,top1,0.0,cost_v1,0.08626085867617816,0.5305001343997229,0.9852669671692149,-0.951527251809915,286.78487768717565,251.47828020756114
20260932,lstm,surv,fixed_1d,top1,5.0,cost_v1,-0.04228021902928658,0.40264356554130337,0.9852669169353807,-0.9749872792035348,286.78487768717565,251.47828020756114
20260932,lstm,surv,fixed_1d,top1,10.0,cost_v1,-0.15566404341221873,0.27478697980612726,0.9852668804673279,-0.9919730052105514,286.78487768717565,251.47828020756114
20260932,lstm,surv,fixed_1d,top1,20.0,cost_v1,-0.3438753903317169,0.019073779141874993,0.9852668488285722,-0.9998569460967838,286.78487768717565,251.47828020756114
20260932,lstm,surv,fixed_1d,top10_ew,0.0,primary,0.5143411968855092,1.269470163274128,0.3859611742721732,-0.4744745858340177,216.55674062065756,251.47828020756114
20260932,lstm,surv,fixed_1d,top10_ew,5.0,primary,0.43452627312501546,1.1289433533010915,0.38585948325752684,-0.48307946575022176,216.55674062065756,251.47828020756114
20260932,lstm,surv,fixed_1d,top10_ew,10.0,primary,0.35890004056899927,0.9883316764221359,0.385761998768461,-0.5083921749388434,216.55674062065756,251.47828020756114
20260932,lstm,surv,fixed_1d,top10_ew,20.0,primary,0.2193495306859483,0.7068718551102711,0.385579661991615,-0.5648194924918899,216.55674062065756,251.47828020756114
20260932,lstm,surv,fixed_1d,top10_ew,0.0,stress,0.5143411968855092,1.269470163274128,0.3859611742721732,-0.4744745858340177,216.55674062065756,251.47828020756114
20260932,lstm,surv,fixed_1d,top10_ew,5.0,stress,0.43452627312501546,1.1289433533010915,0.38585948325752684,-0.48307946575022176,216.55674062065756,251.47828020756114
20260932,lstm,surv,fixed_1d,top10_ew,10.0,stress,0.35890004056899927,0.9883316764221359,0.385761998768461,-0.5083921749388434,216.55674062065756,251.47828020756114
20260932,lstm,surv,fixed_1d,top10_ew,20.0,stress,0.2193495306859483,0.7068718551102711,0.385579661991615,-0.5648194924918899,216.55674062065756,251.47828020756114
20260932,lstm,surv,fixed_1d,top10_ew,0.0,cost_v1,0.5143411968855092,1.269470163274128,0.3859611742721732,-0.4744745858340177,216.55674062065756,251.47828020756114
20260932,lstm,surv,fixed_1d,top10_ew,5.0,cost_v1,0.33560005183509944,0.9430830286956486,0.3859610551640098,-0.5178731536940316,216.55674062065756,251.47828020756114
20260932,lstm,surv,fixed_1d,top10_ew,10.0,cost_v1,0.1778821604228482,0.6166956365214358,0.38596097119659484,-0.5723652471911385,216.55674062065756,251.47828020756114
20260932,lstm,surv,fixed_1d,top10_ew,20.0,cost_v1,-0.08405214467599487,-0.036079564013920394,0.3859609086840921,-0.9414881982960238,216.55674062065756,251.47828020756114
20260932,lstm,surv,fixed_21d,top1,0.0,primary,0.07594117551614632,0.3925437672484401,3.933684129251512,-0.9960445318978749,19.16953298739807,12.021571534469977
20260932,lstm,surv,fixed_21d,top1,5.0,primary,0.0707959091560515,0.39132164670377123,3.933683130501019,-0.9962129472705127,19.16953298739807,12.021571534469977
20260932,lstm,surv,fixed_21d,top1,10.0,primary,0.06567269912221319,0.3900994670056259,3.933682721984057,-0.9963742708161539,19.16953298739807,12.021571534469977
20260932,lstm,surv,fixed_21d,top1,20.0,primary,0.05549211384623365,0.38765493234943754,3.9336836756511993,-0.9966768114823813,19.16953298739807,12.021571534469977
20260932,lstm,surv,fixed_21d,top1,0.0,stress,0.07594117551614632,0.3925437672484401,3.933684129251512,-0.9960445318978749,19.16953298739807,12.021571534469977
20260932,lstm,surv,fixed_21d,top1,5.0,stress,0.0707959091560515,0.39132164670377123,3.933683130501019,-0.9962129472705127,19.16953298739807,12.021571534469977
20260932,lstm,surv,fixed_21d,top1,10.0,stress,0.06567269912221319,0.3900994670056259,3.933682721984057,-0.9963742708161539,19.16953298739807,12.021571534469977
20260932,lstm,surv,fixed_21d,top1,20.0,stress,0.05549211384623365,0.38765493234943754,3.9336836756511993,-0.9966768114823813,19.16953298739807,12.021571534469977
20260932,lstm,surv,fixed_21d,top1,0.0,cost_v1,0.07594117551614632,0.3925437672484401,3.933684129251512,-0.9960445318978749,19.16953298739807,12.021571534469977
20260932,lstm,surv,fixed_21d,top1,5.0,cost_v1,0.06946922033732306,0.3910127938739604,3.933685169037683,-0.9962718390596335,19.16953298739807,12.021571534469977
20260932,lstm,surv,fixed_21d,top1,10.0,cost_v1,0.06303294474509391,0.38948174912831973,3.9336869378323933,-0.9964861895087593,19.16953298739807,12.021571534469977
20260932,lstm,surv,fixed_21d,top1,20.0,cost_v1,0.050266717932520466,0.3864194489293219,3.933692662443102,-0.9968789092206215,19.16953298739807,12.021571534469977
20260932,lstm,surv,fixed_21d,top10_ew,0.0,primary,0.5080194325109062,0.9022666956372742,0.630308298839838,-0.7060549049111438,16.839615410623768,12.021571534469977
20260932,lstm,surv,fixed_21d,top10_ew,5.0,primary,0.5016829986487221,0.8955668217604523,0.6303060158838085,-0.7077865370011429,16.839615410623768,12.021571534469977
20260932,lstm,surv,fixed_21d,top10_ew,10.0,primary,0.49537087426679927,0.8888635695971754,0.6303060940950045,-0.709508669405829,16.839615410623768,12.021571534469977
20260932,lstm,surv,fixed_21d,top10_ew,20.0,primary,0.4828192163996883,0.8754472318602666,0.6303133339890225,-0.7129246280638306,16.839615410623768,12.021571534469977
20260932,lstm,surv,fixed_21d,top10_ew,0.0,stress,0.5080194325109062,0.9022666956372742,0.630308298839838,-0.7060549049111438,16.839615410623768,12.021571534469977
20260932,lstm,surv,fixed_21d,top10_ew,5.0,stress,0.5016829986487221,0.8955668217604523,0.6303060158838085,-0.7077865370011429,16.839615410623768,12.021571534469977
20260932,lstm,surv,fixed_21d,top10_ew,10.0,stress,0.49537087426679927,0.8888635695971754,0.6303060940950045,-0.709508669405829,16.839615410623768,12.021571534469977
20260932,lstm,surv,fixed_21d,top10_ew,20.0,stress,0.4828192163996883,0.8754472318602666,0.6303133339890225,-0.7129246280638306,16.839615410623768,12.021571534469977
20260932,lstm,surv,fixed_21d,top10_ew,0.0,cost_v1,0.5080194325109062,0.9022666956372742,0.630308298839838,-0.7060549049111438,16.839615410623768,12.021571534469977
20260932,lstm,surv,fixed_21d,top10_ew,5.0,cost_v1,0.4989814601985645,0.8926961736816763,0.6303199716993702,-0.7081315959151505,16.839615410623768,12.021571534469977
20260932,lstm,surv,fixed_21d,top10_ew,10.0,cost_v1,0.48999316889146627,0.8831196324909502,0.630336193823743,-0.7101946598460503,16.839615410623768,12.021571534469977
20260932,lstm,surv,fixed_21d,top10_ew,20.0,cost_v1,0.4721646367575527,0.8639493259134199,0.6303822843636815,-0.7142802362795366,16.839615410623768,12.021571534469977
20260932,lstm,surv,fixed_126d,top1,0.0,primary,0.1459768361227034,0.5994714298125463,1.7094151805750821,-0.9894438839740285,3.898888065233506,2.003595255744996
20260932,lstm,surv,fixed_126d,top1,5.0,primary,0.14486009628359864,0.5988998378220584,1.7093713501645167,-0.9894807750066702,3.898888065233506,2.003595255744996
20260932,lstm,surv,fixed_126d,top1,10.0,primary,0.1437438944725533,0.5983281132915298,1.7093278146558815,-0.9895175554768686,3.898888065233506,2.003595255744996
20260932,lstm,surv,fixed_126d,top1,20.0,primary,0.14151310494409453,0.5971842677222401,1.709241628434385,-0.9895907858344541,3.898888065233506,2.003595255744996
20260932,lstm,surv,fixed_126d,top1,0.0,stress,0.1459768361227034,0.5994714298125463,1.7094151805750821,-0.9894438839740285,3.898888065233506,2.003595255744996
20260932,lstm,surv,fixed_126d,top1,5.0,stress,0.14486009628359864,0.5988998378220584,1.7093713501645167,-0.9894807750066702,3.898888065233506,2.003595255744996
20260932,lstm,surv,fixed_126d,top1,10.0,stress,0.1437438944725533,0.5983281132915298,1.7093278146558815,-0.9895175554768686,3.898888065233506,2.003595255744996
20260932,lstm,surv,fixed_126d,top1,20.0,stress,0.14151310494409453,0.5971842677222401,1.709241628434385,-0.9895907858344541,3.898888065233506,2.003595255744996
20260932,lstm,surv,fixed_126d,top1,0.0,cost_v1,0.1459768361227034,0.5994714298125463,1.7094151805750821,-0.9894438839740285,3.898888065233506,2.003595255744996
20260932,lstm,surv,fixed_126d,top1,5.0,cost_v1,0.14484078104629217,0.5988932898225385,1.7093895022545122,-0.9894813100611057,3.898888065233506,2.003595255744996
20260932,lstm,surv,fixed_126d,top1,10.0,cost_v1,0.14370528127060433,0.5983150306358952,1.7093641148493957,-0.9895186223906031,3.898888065233506,2.003595255744996
20260932,lstm,surv,fixed_126d,top1,20.0,cost_v1,0.14143594763413692,0.5971581558145148,1.7093142128372232,-0.9895929069290551,3.898888065233506,2.003595255744996
20260932,lstm,surv,fixed_126d,top10_ew,0.0,primary,0.42342117414025426,0.8735568777276117,0.5951640377381525,-0.7926156198511042,3.6939598426454765,2.003595255744996
20260932,lstm,surv,fixed_126d,top10_ew,5.0,primary,0.4221069643710076,0.8720037022577222,0.5951568701942777,-0.7928963712309042,3.6939598426454765,2.003595255744996
20260932,lstm,surv,fixed_126d,top10_ew,10.0,primary,0.4207933653832012,0.8704494426804431,0.5951504183051588,-0.7931768700621389,3.6939598426454765,2.003595255744996
20260932,lstm,surv,fixed_126d,top10_ew,20.0,primary,0.4181679997021608,0.8673376933665319,0.5951396615817083,-0.7937371105317707,3.6939598426454765,2.003595255744996
20260932,lstm,surv,fixed_126d,top10_ew,0.0,stress,0.42342117414025426,0.8735568777276117,0.5951640377381525,-0.7926156198511042,3.6939598426454765,2.003595255744996
20260932,lstm,surv,fixed_126d,top10_ew,5.0,stress,0.4221069643710076,0.8720037022577222,0.5951568701942777,-0.7928963712309042,3.6939598426454765,2.003595255744996
20260932,lstm,surv,fixed_126d,top10_ew,10.0,stress,0.4207933653832012,0.8704494426804431,0.5951504183051588,-0.7931768700621389,3.6939598426454765,2.003595255744996
20260932,lstm,surv,fixed_126d,top10_ew,20.0,stress,0.4181679997021608,0.8673376933665319,0.5951396615817083,-0.7937371105317707,3.6939598426454765,2.003595255744996
20260932,lstm,surv,fixed_126d,top10_ew,0.0,cost_v1,0.42342117414025426,0.8735568777276117,0.5951640377381525,-0.7926156198511042,3.6939598426454765,2.003595255744996
20260932,lstm,surv,fixed_126d,top10_ew,5.0,cost_v1,0.422004315735073,0.8718828686816938,0.5951556078600283,-0.7929268664726741,3.6939598426454765,2.003595255744996
20260932,lstm,surv,fixed_126d,top10_ew,10.0,cost_v1,0.42058816332066895,0.870207589038139,0.5951480145285196,-0.7932378016791245,3.6939598426454765,2.003595255744996
20260932,lstm,surv,fixed_126d,top10_ew,20.0,cost_v1,0.41775797645912305,0.8668532458509758,0.595135337629903,-0.7938587384698387,3.6939598426454765,2.003595255744996
20260932,planted0.00,pit,argmax_conf,top1,0.0,primary,0.09396124171784814,0.42773382385631475,0.47719957715010003,-0.8469883650083543,8.230985915492957,4.115492957746478
20260932,planted0.00,pit,argmax_conf,top1,5.0,primary,0.09171190322084333,0.4234139415624754,0.4772091723230894,-0.8473705117579627,8.230985915492957,4.115492957746478
20260932,planted0.00,pit,argmax_conf,top1,10.0,primary,0.08946607502141068,0.4190923856012226,0.47722087110274386,-0.8477518945963141,8.230985915492957,4.115492957746478
20260932,planted0.00,pit,argmax_conf,top1,20.0,primary,0.0849849345552951,0.4104444823497975,0.4772505788354468,-0.8485123731215658,8.230985915492957,4.115492957746478
20260932,planted0.00,pit,argmax_conf,top1,0.0,stress,0.09396124171784814,0.42773382385631475,0.47719957715010003,-0.8469883650083543,8.230985915492957,4.115492957746478
20260932,planted0.00,pit,argmax_conf,top1,5.0,stress,0.09171190322084333,0.4234139415624754,0.4772091723230894,-0.8473705117579627,8.230985915492957,4.115492957746478
20260932,planted0.00,pit,argmax_conf,top1,10.0,stress,0.08946607502141068,0.4190923856012226,0.47722087110274386,-0.8477518945963141,8.230985915492957,4.115492957746478
20260932,planted0.00,pit,argmax_conf,top1,20.0,stress,0.0849849345552951,0.4104444823497975,0.4772505788354468,-0.8485123731215658,8.230985915492957,4.115492957746478
20260932,planted0.00,pit,argmax_conf,top1,0.0,cost_v1,0.09396124171784814,0.42773382385631475,0.47719957715010003,-0.8469883650083543,8.230985915492957,4.115492957746478
20260932,planted0.00,pit,argmax_conf,top1,5.0,cost_v1,0.09170549635452607,0.42340239215908376,0.4772122974183986,-0.847395118865669,8.230985915492957,4.115492957746478
20260932,planted0.00,pit,argmax_conf,top1,10.0,cost_v1,0.08945327269485137,0.4190693255611073,0.47722714241745057,-0.8478010085307871,8.230985915492957,4.115492957746478
20260932,planted0.00,pit,argmax_conf,top1,20.0,cost_v1,0.08495937555209698,0.4103985205080188,0.4772632057863748,-0.848610200786273,8.230985915492957,4.115492957746478
20260932,planted0.00,pit,argmax_conf,top10_ew,0.0,primary,0.1132783560136923,0.5416881545300114,0.2602486176680581,-0.49174749687679886,8.135206587699892,4.115492957746478
20260932,planted0.00,pit,argmax_conf,top10_ew,5.0,primary,0.11101591421042478,0.5338519630712505,0.26025026821782354,-0.49250949450563797,8.135206587699892,4.115492957746478
20260932,planted0.00,pit,argmax_conf,top10_ew,10.0,primary,0.10875696105941435,0.5260082134766098,0.260255707467768,-0.4932707301369117,8.135206587699892,4.115492957746478
20260932,planted0.00,pit,argmax_conf,top10_ew,20.0,primary,0.10424950602785854,0.5102994147398843,0.2602779509526364,-0.49479091693152066,8.135206587699892,4.115492957746478
20260932,planted0.00,pit,argmax_conf,top10_ew,0.0,stress,0.10705630561660939,0.5193903108693477,0.26101064955296344,-0.49174749687679886,8.139605689446771,4.115492957746478
20260932,planted0.00,pit,argmax_conf,top10_ew,5.0,stress,0.10480529289267926,0.5115731863770959,0.2610121954527125,-0.49250949450563797,8.139605689446771,4.115492957746478
20260932,planted0.00,pit,argmax_conf,top10_ew,10.0,stress,0.10255775318315585,0.503748856736955,0.2610175226247427,-0.4932707301369117,8.139605689446771,4.115492957746478
20260932,planted0.00,pit,argmax_conf,top10_ew,20.0,stress,0.09807307817799638,0.4880799465086074,0.2610395196953291,-0.49479091693152066,8.139605689446771,4.115492957746478
20260932,planted0.00,pit,argmax_conf,top10_ew,0.0,cost_v1,0.1132783560136923,0.5416881545300114,0.2602486176680581,-0.49174749687679886,8.135206587699892,4.115492957746478
20260932,planted0.00,pit,argmax_conf,top10_ew,5.0,cost_v1,0.11098989637998113,0.533760309165348,0.26025168873734705,-0.4925255715507231,8.135206587699892,4.115492957746478
20260932,planted0.00,pit,argmax_conf,top10_ew,10.0,cost_v1,0.10870499947522783,0.5258247780192639,0.2602586564566383,-0.4933028519697683,8.135206587699892,4.115492957746478
20260932,planted0.00,pit,argmax_conf,top10_ew,20.0,cost_v1,0.10414587878298032,0.5099320899472513,0.2602842804184771,-0.4948550316651097,8.135206587699892,4.115492957746478
20260932,planted0.00,pit,fixed_1d,top1,0.0,primary,0.0017953388264777548,0.23158738444297985,0.47269748237654374,-0.8025148778703564,502.52335063009633,251.47828020756114
20260932,planted0.00,pit,fixed_1d,top1,5.0,primary,-0.11650400165151875,-0.034813974113558355,0.4724612353957956,-0.9584769242062975,502.52335063009633,251.47828020756114
20260932,planted0.00,pit,fixed_1d,top1,10.0,primary,-0.22088266369307918,-0.3014818214721746,0.47222508912362593,-0.9922049018757212,502.52335063009633,251.47828020756114
20260932,planted0.00,pit,fixed_1d,top1,20.0,primary,-0.3942165215874526,-0.8356178988134402,0.47175309930989995,-0.999910142444838,502.52335063009633,251.47828020756114
20260932,planted0.00,pit,fixed_1d,top1,0.0,stress,-0.0361648851225187,0.15927254519273193,0.48294351008356745,-0.8935199909690562,502.52335063009633,251.47828020756114
20260932,planted0.00,pit,fixed_1d,top1,5.0,stress,-0.14998160396761362,-0.10149621625852329,0.48269037785705043,-0.9796536935540767,502.52335063009633,251.47828020756114
20260932,planted0.00,pit,fixed_1d,top1,10.0,stress,-0.25040512943283944,-0.36253855715337024,0.4824373367689342,-0.9961804020491981,502.52335063009633,251.47828020756114
20260932,planted0.00,pit,fixed_1d,top1,20.0,stress,-0.4171709870495097,-0.885445107252174,0.4819315285820862,-0.9999559697994702,502.52335063009633,251.47828020756114
20260932,planted0.00,pit,fixed_1d,top1,0.0,cost_v1,0.0017953388264777548,0.23158738444297985,0.47269748237654374,-0.8025148778703564,502.52335063009633,251.47828020756114
20260932,planted0.00,pit,fixed_1d,top1,5.0,cost_v1,-0.11664527477994491,-0.03491049025354835,0.47269747178885546,-0.9586170250112981,502.52335063009633,251.47828020756114
20260932,planted0.00,pit,fixed_1d,top1,10.0,cost_v1,-0.22113194786266888,-0.30140835859288306,0.47269748989387556,-0.9922574403412556,502.52335063009633,251.47828020756114
20260932,planted0.00,pit,fixed_1d,top1,20.0,cost_v1,-0.3946045408801411,-0.8344038820832098,0.47269761218202255,-0.999911121554278,502.52335063009633,251.47828020756114
20260932,planted0.00,pit,fixed_1d,top10_ew,0.0,primary,0.055824512048778585,0.3392831500192877,0.26333999351628856,-0.5998303700914084,498.3900752360994,251.47828020756114
20260932,planted0.00,pit,fixed_1d,top10_ew,5.0,primary,-0.06789184961748862,-0.1349759827273628,0.26320857633683936,-0.821666428254621,498.3900752360994,251.47828020756114
20260932,planted0.00,pit,fixed_1d,top10_ew,10.0,primary,-0.17716261983630177,-0.6097083963775827,0.2630773923828797,-0.9754446919665329,498.3900752360994,251.47828020756114
20260932,planted0.00,pit,fixed_1d,top10_ew,20.0,primary,-0.35889561540329074,-1.5605908350321578,0.26281572554777666,-0.9997435625150088,498.3900752360994,251.47828020756114
20260932,planted0.00,pit,fixed_1d,top10_ew,0.0,stress,0.04366248410260276,0.29513119928387965,0.26413312920970416,-0.5998303700914084,498.4006590848175,251.47828020756114
20260932,planted0.00,pit,fixed_1d,top10_ew,5.0,stress,-0.07863122958233326,-0.17771493146326717,0.26400079596737946,-0.8513868605004666,498.4006590848175,251.47828020756114
20260932,planted0.00,pit,fixed_1d,top10_ew,10.0,stress,-0.18664518057962776,-0.6510347655586418,0.26386869489229803,-0.979762602064512,498.4006590848175,251.47828020756114
20260932,planted0.00,pit,fixed_1d,top10_ew,20.0,stress,-0.3662872079545436,-1.5990933790291872,0.26360519063940974,-0.9997929965232041,498.4006590848175,251.47828020756114
20260932,planted0.00,pit,fixed_1d,top10_ew,0.0,cost_v1,0.055824512048778585,0.3392831500192877,0.26333999351628856,-0.5998303700914084,498.3900752360994,251.47828020756114
20260932,planted0.00,pit,fixed_1d,top10_ew,5.0,cost_v1,-0.06894695526806494,-0.1390827596741118,0.26333998273891995,-0.8244265282679534,498.3900752360994,251.47828020756114
20260932,planted0.00,pit,fixed_1d,top10_ew,10.0,cost_v1,-0.1790252990671879,-0.6174485877627184,0.2633400234652003,-0.976379619687739,498.3900752360994,251.47828020756114
20260932,planted0.00,pit,fixed_1d,top10_ew,20.0,cost_v1,-0.36179770870346384,-1.5741788764306557,0.2633402594285824,-0.9997638398664105,498.3900752360994,251.47828020756114
20260932,planted0.00,pit,fixed_21d,top1,0.0,primary,-0.03708562860568343,0.11660714465163298,0.4171705927005864,-0.9241251644724195,23.934840622683467,12.021571534469977
20260932,planted0.00,pit,fixed_21d,top1,5.0,primary,-0.04283165081950846,0.10225999631482872,0.41719025323747017,-0.9263497400092838,23.934840622683467,12.021571534469977
20260932,planted0.00,pit,fixed_21d,top1,10.0,primary,-0.04854622122124219,0.08791276918534024,0.41721670480563783,-0.9285101531886507,23.934840622683467,12.021571534469977
20260932,planted0.00,pit,fixed_21d,top1,20.0,primary,-0.05988163237094857,0.0592208812597386,0.41728997553855474,-0.9326457217287046,23.934840622683467,12.021571534469977
20260932,planted0.00,pit,fixed_21d,top1,0.0,stress,-0.07357256736969642,0.03753887275008619,0.42872731457723506,-0.9468876160351923,23.934840622683467,12.021571534469977
20260932,planted0.00,pit,fixed_21d,top1,5.0,stress,-0.07910086019149998,0.02358220073869305,0.42874464218316,-0.9484448188844782,23.934840622683467,12.021571534469977
20260932,planted0.00,pit,fixed_21d,top1,10.0,stress,-0.08459889297939693,0.009626508424489776,0.42876857805495555,-0.950615009908667,23.934840622683467,12.021571534469977
20260932,planted0.00,pit,fixed_21d,top1,20.0,stress,-0.09550478052371214,-0.01827935741366387,0.4288362698645095,-0.9570757489704975,23.934840622683467,12.021571534469977
20260932,planted0.00,pit,fixed_21d,top1,0.0,cost_v1,-0.03708562860568343,0.11660714465163298,0.4171705927005864,-0.9241251644724195,23.934840622683467,12.021571534469977
20260932,planted0.00,pit,fixed_21d,top1,5.0,cost_v1,-0.04287488502150927,0.10216363679117067,0.4172043389446606,-0.9263916580943492,23.934840622683467,12.021571534469977
20260932,planted0.00,pit,fixed_21d,top1,10.0,cost_v1,-0.04863221800899542,0.0877210208986007,0.41724495543832313,-0.9285915457679014,23.934840622683467,12.021571534469977
20260932,planted0.00,pit,fixed_21d,top1,20.0,cost_v1,-0.06005175347591041,0.05884131807141669,0.41734679081171233,-0.9327991488836789,23.934840622683467,12.021571534469977
20260932,planted0.00,pit,fixed_21d,top10_ew,0.0,primary,0.05982883074198564,0.3558908219195651,0.25626840982861815,-0.5980966975676192,23.74779063342588,12.021571534469977
20260932,planted0.00,pit,fixed_21d,top10_ew,5.0,primary,0.05355378053879467,0.33267115624799654,0.2562729924810503,-0.60016421014808,23.74779063342588,12.021571534469977
20260932,planted0.00,pit,fixed_21d,top10_ew,10.0,primary,0.04731281384750341,0.30943914988498106,0.25628848344225413,-0.6022220715785835,23.74779063342588,12.021571534469977
20260932,planted0.00,pit,fixed_21d,top10_ew,20.0,primary,0.03493245797810696,0.26294999955739706,0.2563521809884001,-0.6063090026896656,23.74779063342588,12.021571534469977
20260932,planted0.00,pit,fixed_21d,top10_ew,0.0,stress,0.04272653792430914,0.2921200539093239,0.2576048579109247,-0.5980966975676192,23.762668141238446,12.021571534469977
20260932,planted0.00,pit,fixed_21d,top10_ew,5.0,stress,0.03654889005969508,0.2690090704931766,0.2576078942272292,-0.60016421014808,23.762668141238446,12.021571534469977
20260932,planted0.00,pit,fixed_21d,top10_ew,10.0,stress,0.03040481774445114,0.24588826114595475,0.2576217956891304,-0.6022220715785835,23.762668141238446,12.021571534469977
20260932,planted0.00,pit,fixed_21d,top10_ew,20.0,stress,0.018216736351325702,0.19962887866033074,0.2576821856414931,-0.6063090026896656,23.762668141238446,12.021571534469977
20260932,planted0.00,pit,fixed_21d,top10_ew,0.0,cost_v1,0.05982883074198564,0.3558908219195651,0.25626840982861815,-0.5980966975676192,23.74779063342588,12.021571534469977
20260932,planted0.00,pit,fixed_21d,top10_ew,5.0,cost_v1,0.053475363079908966,0.3323783554204674,0.25627907028533176,-0.60012076955912,23.74779063342588,12.021571534469977
20260932,planted0.00,pit,fixed_21d,top10_ew,10.0,cost_v1,0.0471568316021318,0.30885436160886387,0.256300919313458,-0.6021356630606087,23.74779063342588,12.021571534469977
20260932,planted0.00,pit,fixed_21d,top10_ew,20.0,cost_v1,0.03462387895038943,0.2617841393297597,0.256378170176979,-0.6061380625177001,23.74779063342588,12.021571534469977
20260932,planted0.00,pit,fixed_126d,top1,0.0,primary,-0.03694665440197131,0.07895118299838888,0.3612928373416578,-0.8261861353051465,4.007190511489992,2.003595255744996
20260932,planted0.00,pit,fixed_126d,top1,5.0,primary,-0.0379111936381783,0.07617287595100894,0.36129234125530296,-0.8283458224083323,4.007190511489992,2.003595255744996
20260932,planted0.00,pit,fixed_126d,top1,10.0,primary,-0.038875242239653995,0.07339428494961148,0.3612932054071512,-0.8304797353454567,4.007190511489992,2.003595255744996
20260932,planted0.00,pit,fixed_126d,top1,20.0,primary,-0.04080186758116433,0.06783637664143372,0.3612990143710528,-0.8346714151909915,4.007190511489992,2.003595255744996
20260932,planted0.00,pit,fixed_126d,top1,0.0,stress,-0.03694665440197131,0.07895118299838888,0.3612928373416578,-0.8261861353051465,4.007190511489992,2.003595255744996
20260932,planted0.00,pit,fixed_126d,top1,5.0,stress,-0.0379111936381783,0.07617287595100894,0.36129234125530296,-0.8283458224083323,4.007190511489992,2.003595255744996
20260932,planted0.00,pit,fixed_126d,top1,10.0,stress,-0.038875242239653995,0.07339428494961148,0.3612932054071512,-0.8304797353454567,4.007190511489992,2.003595255744996
20260932,planted0.00,pit,fixed_126d,top1,20.0,stress,-0.04080186758116433,0.06783637664143372,0.3612990143710528,-0.8346714151909915,4.007190511489992,2.003595255744996
20260932,planted0.00,pit,fixed_126d,top1,0.0,cost_v1,-0.03694665440197131,0.07895118299838888,0.3612928373416578,-0.8261861353051465,4.007190511489992,2.003595255744996
20260932,planted0.00,pit,fixed_126d,top1,5.0,cost_v1,-0.03791128882258277,0.0761731680360677,0.3612930612868438,-0.8283445559442949,4.007190511489992,2.003595255744996
20260932,planted0.00,pit,fixed_126d,top1,10.0,cost_v1,-0.038875439205781404,0.0733948765409034,0.36129466344411026,-0.8304772330833644,4.007190511489992,2.003595255744996
20260932,planted0.00,pit,fixed_126d,top1,20.0,cost_v1,-0.040802287863418774,0.06783759116569764,0.3613020023057745,-0.8346665312032059,4.007190511489992,2.003595255744996
20260932,planted0.00,pit,fixed_126d,top10_ew,0.0,primary,0.06489024468945459,0.379134224588371,0.24658314915447363,-0.5677076905062813,3.938796392832092,2.003595255744996
20260932,planted0.00,pit,fixed_126d,top10_ew,5.0,primary,0.06384190998800787,0.3751353613445668,0.24657642053580692,-0.5679238366610282,3.938796392832092,2.003595255744996
20260932,planted0.00,pit,fixed_126d,top10_ew,10.0,primary,0.06279409880340836,0.3711333669716114,0.2465716271457188,-0.5681399828157752,3.938796392832092,2.003595255744996
20260932,planted0.00,pit,fixed_126d,top10_ew,20.0,primary,0.06070004693955533,0.36312036058128333,0.24656784645717225,-0.5685722751252689,3.938796392832092,2.003595255744996
20260932,planted0.00,pit,fixed_126d,top10_ew,0.0,stress,0.058099040445774186,0.35287982976169735,0.2471820060424011,-0.5677076905062813,3.944408831832788,2.003595255744996
20260932,planted0.00,pit,fixed_126d,top10_ew,5.0,stress,0.05705590753770129,0.3488844400750609,0.24717502461416843,-0.5679238366610282,3.944408831832788,2.003595255744996
20260932,planted0.00,pit,fixed_126d,top10_ew,10.0,stress,0.05601329640600361,0.3448861235889271,0.2471699789676502,-0.5681399828157752,3.944408831832788,2.003595255744996
20260932,planted0.00,pit,fixed_126d,top10_ew,20.0,stress,0.05392963942659024,0.33688108482828694,0.24716569544847958,-0.5685722751252689,3.944408831832788,2.003595255744996
20260932,planted0.00,pit,fixed_126d,top10_ew,0.0,cost_v1,0.06489024468945459,0.379134224588371,0.24658314915447363,-0.5677076905062813,3.938796392832092,2.003595255744996
20260932,planted0.00,pit,fixed_126d,top10_ew,5.0,cost_v1,0.0638257302477594,0.3750731990652299,0.2465770719753705,-0.5679287214388093,3.938796392832092,2.003595255744996
20260932,planted0.00,pit,fixed_126d,top10_ew,10.0,cost_v1,0.06276174898496856,0.37100893497184995,0.24657301409622487,-0.5681497523713372,3.938796392832092,2.003595255744996
20260932,planted0.00,pit,fixed_126d,top10_ew,20.0,cost_v1,0.060635385992273694,0.36287108949295965,0.24657095658697997,-0.5685918142363933,3.938796392832092,2.003595255744996
20260932,planted0.00,surv,argmax_conf,top1,0.0,primary,0.11059880404700939,0.4615090788114408,0.39739139411449065,-0.712842514668871,10.072127501853224,5.090214974054855
20260932,planted0.00,surv,argmax_conf,top1,5.0,primary,0.10780510491775885,0.4551608789380647,0.39740322281772855,-0.718670756660193,10.072127501853224,5.090214974054855
20260932,planted0.00,surv,argmax_conf,top1,10.0,primary,0.10501704817166169,0.44880957464419313,0.3974181350678727,-0.7243835346617435,10.072127501853224,5.090214974054855
20260932,planted0.00,surv,argmax_conf,top1,20.0,primary,0.09945782744096077,0.4360982472343896,0.39745720874880797,-0.735471582221904,10.072127501853224,5.090214974054855
20260932,planted0.00,surv,argmax_conf,top1,0.0,stress,0.11059880404700939,0.4615090788114408,0.39739139411449065,-0.712842514668871,10.072127501853224,5.090214974054855
20260932,planted0.00,surv,argmax_conf,top1,5.0,stress,0.10780510491775885,0.4551608789380647,0.39740322281772855,-0.718670756660193,10.072127501853224,5.090214974054855
20260932,planted0.00,surv,argmax_conf,top1,10.0,stress,0.10501704817166169,0.44880957464419313,0.3974181350678727,-0.7243835346617435,10.072127501853224,5.090214974054855
20260932,planted0.00,surv,argmax_conf,top1,20.0,stress,0.09945782744096077,0.4360982472343896,0.39745720874880797,-0.735471582221904,10.072127501853224,5.090214974054855
20260932,planted0.00,surv,argmax_conf,top1,0.0,cost_v1,0.11059880404700939,0.4615090788114408,0.39739139411449065,-0.712842514668871,10.072127501853224,5.090214974054855
20260932,planted0.00,surv,argmax_conf,top1,5.0,cost_v1,0.10776586765301555,0.45507209123124054,0.3974093361779363,-0.7187375764016926,10.072127501853224,5.090214974054855
20260932,planted0.00,surv,argmax_conf,top1,10.0,cost_v1,0.10493873840283263,0.44863213705682353,0.3974304211083942,-0.7245145199087734,10.072127501853224,5.090214974054855
20260932,planted0.00,surv,argmax_conf,top1,20.0,cost_v1,0.09930186536417063,0.4357439442734751,0.39748201749518797,-0.7357232423689822,10.072127501853224,5.090214974054855
20260932,planted0.00,surv,argmax_conf,top10_ew,0.0,primary,0.14400905944499653,0.6393905437888466,0.2658248817604692,-0.5174423657946023,10.105155714155568,5.090214974054855
20260932,planted0.00,surv,argmax_conf,top10_ew,5.0,primary,0.14112189732338787,0.6298637843548759,0.2658240443316093,-0.5181658403880043,10.105155714155568,5.090214974054855
20260932,planted0.00,surv,argmax_conf,top10_ew,10.0,primary,0.1382405997784497,0.6203261913913037,0.2658278235828982,-0.5188885915068735,10.105155714155568,5.090214974054855
20260932,planted0.00,surv,argmax_conf,top10_ew,20.0,primary,0.1324955623234676,0.6012204977105081,0.2658492310978497,-0.5203319247686852,10.105155714155568,5.090214974054855
20260932,planted0.00,surv,argmax_conf,top10_ew,0.0,stress,0.14400905944499653,0.6393905437888466,0.2658248817604692,-0.5174423657946023,10.105155714155568,5.090214974054855
20260932,planted0.00,surv,argmax_conf,top10_ew,5.0,stress,0.14112189732338787,0.6298637843548759,0.2658240443316093,-0.5181658403880043,10.105155714155568,5.090214974054855
20260932,planted0.00,surv,argmax_conf,top10_ew,10.0,stress,0.1382405997784497,0.6203261913913037,0.2658278235828982,-0.5188885915068735,10.105155714155568,5.090214974054855
20260932,planted0.00,surv,argmax_conf,top10_ew,20.0,stress,0.1324955623234676,0.6012204977105081,0.2658492310978497,-0.5203319247686852,10.105155714155568,5.090214974054855
20260932,planted0.00,surv,argmax_conf,top10_ew,0.0,cost_v1,0.14400905944499653,0.6393905437888466,0.2658248817604692,-0.5174423657946023,10.105155714155568,5.090214974054855
20260932,planted0.00,surv,argmax_conf,top10_ew,5.0,cost_v1,0.14110211079285429,0.6297957020472074,0.26582600773738374,-0.5181573374126462,10.105155714155568,5.090214974054855
20260932,planted0.00,surv,argmax_conf,top10_ew,10.0,cost_v1,0.13820110026568133,0.6201899763226594,0.2658318336695247,-0.5188716025154942,10.105155714155568,5.090214974054855
20260932,planted0.00,surv,argmax_conf,top10_ew,20.0,cost_v1,0.1324168569218498,0.6009479180729075,0.26585758391429876,-0.5202980145725155,10.105155714155568,5.090214974054855
20260932,planted0.00,surv,fixed_1d,top1,0.0,primary,0.20090528864868729,0.6421600264524244,0.4255206224466874,-0.7231926592700774,502.0901408450704,251.47828020756114
20260932,planted0.00,surv,fixed_1d,top1,5.0,primary,0.05920831882169497,0.3464779222895201,0.4253053985301744,-0.7605641619727326,502.0901408450704,251.47828020756114
20260932,planted0.00,surv,fixed_1d,top1,10.0,primary,-0.06582824894598627,0.05049637936258286,0.42509042721512474,-0.9069775686917818,502.0901408450704,251.47828020756114
20260932,planted0.00,surv,fixed_1d,top1,20.0,primary,-0.2735002305728155,-0.5423647260257977,0.4246612439234229,-0.9985900459197795,502.0901408450704,251.47828020756114
20260932,planted0.00,surv,fixed_1d,top1,0.0,stress,0.20090528864868729,0.6421600264524244,0.4255206224466874,-0.7231926592700774,502.0901408450704,251.47828020756114
20260932,planted0.00,surv,fixed_1d,top1,5.0,stress,0.05920831882169497,0.3464779222895201,0.4253053985301744,-0.7605641619727326,502.0901408450704,251.47828020756114
20260932,planted0.00,surv,fixed_1d,top1,10.0,stress,-0.06582824894598627,0.05049637936258286,0.42509042721512474,-0.9069775686917818,502.0901408450704,251.47828020756114
20260932,planted0.00,surv,fixed_1d,top1,20.0,stress,-0.2735002305728155,-0.5423647260257977,0.4246612439234229,-0.9985900459197795,502.0901408450704,251.47828020756114
20260932,planted0.00,surv,fixed_1d,top1,0.0,cost_v1,0.20090528864868729,0.6421600264524244,0.4255206224466874,-0.7231926592700774,502.0901408450704,251.47828020756114
20260932,planted0.00,surv,fixed_1d,top1,5.0,cost_v1,0.05902853210390746,0.34611595949317914,0.42552056924492154,-0.7608689391278335,502.0901408450704,251.47828020756114
20260932,planted0.00,surv,fixed_1d,top1,10.0,cost_v1,-0.0661454606444627,0.05007181475598072,0.42552054791698324,-0.9075897496403793,502.0901408450704,251.47828020756114
20260932,planted0.00,surv,fixed_1d,top1,20.0,cost_v1,-0.2739938823389837,-0.5420164419483028,0.4255206008826017,-0.9986085559700495,502.0901408450704,251.47828020756114
20260932,planted0.00,surv,fixed_1d,top10_ew,0.0,primary,0.18230885451852785,0.7773023369203176,0.2592018746555369,-0.6676573574553543,495.99701247828546,251.47828020756114
20260932,planted0.00,surv,fixed_1d,top10_ew,5.0,primary,0.044396609664954845,0.29778710062143554,0.25907974091323316,-0.7003545103414337,495.99701247828546,251.47828020756114
20260932,planted0.00,surv,fixed_1d,top10_ew,10.0,primary,-0.07748517883012673,-0.18218020885299452,0.25895794855170856,-0.8921843887005417,495.99701247828546,251.47828020756114
20260932,planted0.00,surv,fixed_1d,top10_ew,20.0,primary,-0.2803700862740979,-1.1434659891046173,0.25871538989813847,-0.9980650092889539,495.99701247828546,251.47828020756114
20260932,planted0.00,surv,fixed_1d,top10_ew,0.0,stress,0.18230885451852785,0.7773023369203176,0.2592018746555369,-0.6676573574553543,495.99701247828546,251.47828020756114
20260932,planted0.00,surv,fixed_1d,top10_ew,5.0,stress,0.044396609664954845,0.29778710062143554,0.25907974091323316,-0.7003545103414337,495.99701247828546,251.47828020756114
20260932,planted0.00,surv,fixed_1d,top10_ew,10.0,stress,-0.07748517883012673,-0.18218020885299452,0.25895794855170856,-0.8921843887005417,495.99701247828546,251.47828020756114
20260932,planted0.00,surv,fixed_1d,top10_ew,20.0,stress,-0.2803700862740979,-1.1434659891046173,0.25871538989813847,-0.9980650092889539,495.99701247828546,251.47828020756114
20260932,planted0.00,surv,fixed_1d,top10_ew,0.0,cost_v1,0.18230885451852785,0.7773023369203176,0.2592018746555369,-0.6676573574553543,495.99701247828546,251.47828020756114
20260932,planted0.00,surv,fixed_1d,top10_ew,5.0,cost_v1,0.04264994895587115,0.29129945801266205,0.25920181712959756,-0.7011229568470985,495.99701247828546,251.47828020756114
20260932,planted0.00,surv,fixed_1d,top10_ew,10.0,cost_v1,-0.08056972312254784,-0.19470359731162992,0.25920181192956177,-0.8971398329932987,495.99701247828546,251.47828020756114
20260932,planted0.00,surv,fixed_1d,top10_ew,20.0,cost_v1,-0.2851789840992289,-1.1667090598787033,0.2592019585071815,-0.9982884677530773,495.99701247828546,251.47828020756114
20260932,planted0.00,surv,fixed_21d,top1,0.0,primary,0.15249394603465638,0.5369511316934934,0.4657284527838979,-0.7644694668073089,24.043143068939955,12.021571534469977
20260932,planted0.00,surv,fixed_21d,top1,5.0,primary,0.14558561155330518,0.524016379133103,0.46571366049134233,-0.765175175755993,24.043143068939955,12.021571534469977
20260932,planted0.00,surv,fixed_21d,top1,10.0,primary,0.13871526934404899,0.5110740363731362,0.4657050357554193,-0.7658791217555463,24.043143068939955,12.021571534469977
20260932,planted0.00,surv,fixed_21d,top1,20.0,primary,0.12508780209606618,0.4851686348129241,0.46570629007908654,-0.7672817390020329,24.043143068939955,12.021571534469977
20260932,planted0.00,surv,fixed_21d,top1,0.0,stress,0.15249394603465638,0.5369511316934934,0.4657284527838979,-0.7644694668073089,24.043143068939955,12.021571534469977
20260932,planted0.00,surv,fixed_21d,top1,5.0,stress,0.14558561155330518,0.524016379133103,0.46571366049134233,-0.765175175755993,24.043143068939955,12.021571534469977
20260932,planted0.00,surv,fixed_21d,top1,10.0,stress,0.13871526934404899,0.5110740363731362,0.4657050357554193,-0.7658791217555463,24.043143068939955,12.021571534469977
20260932,planted0.00,surv,fixed_21d,top1,20.0,stress,0.12508780209606618,0.4851686348129241,0.46570629007908654,-0.7672817390020329,24.043143068939955,12.021571534469977
20260932,planted0.00,surv,fixed_21d,top1,0.0,cost_v1,0.15249394603465638,0.5369511316934934,0.4657284527838979,-0.7644694668073089,24.043143068939955,12.021571534469977
20260932,planted0.00,surv,fixed_21d,top1,5.0,cost_v1,0.14559206792588997,0.5240272285021152,0.46572286212296815,-0.7651696293478372,24.043143068939955,12.021571534469977
20260932,planted0.00,surv,fixed_21d,top1,10.0,cost_v1,0.13872810092914234,0.5110962575715131,0.46572342893601504,-0.7658680570599549,24.043143068939955,12.021571534469977
20260932,planted0.00,surv,fixed_21d,top1,20.0,cost_v1,0.1251131434081485,0.48521516499080325,0.4657430346498943,-0.7672597217515988,24.043143068939955,12.021571534469977
20260932,planted0.00,surv,fixed_21d,top10_ew,0.0,primary,0.18643580998816933,0.7831663712501664,0.26262331627821944,-0.6002750281513866,23.812799635739392,12.021571534469977
20260932,planted0.00,surv,fixed_21d,top10_ew,5.0,primary,0.17939196618530984,0.7604425001161725,0.26262081522620456,-0.6031069430311243,23.812799635739392,12.021571534469977
20260932,planted0.00,surv,fixed_21d,top10_ew,10.0,primary,0.17238648671437584,0.7376880931579347,0.2626290308979507,-0.605920146741212,23.812799635739392,12.021571534469977
20260932,planted0.00,surv,fixed_21d,top10_ew,20.0,primary,0.15848986112586205,0.6920988447719865,0.2626776070788666,-0.6114908788071884,23.812799635739392,12.021571534469977
20260932,planted0.00,surv,fixed_21d,top10_ew,0.0,stress,0.18643580998816933,0.7831663712501664,0.26262331627821944,-0.6002750281513866,23.812799635739392,12.021571534469977
20260932,planted0.00,surv,fixed_21d,top10_ew,5.0,stress,0.17939196618530984,0.7604425001161725,0.26262081522620456,-0.6031069430311243,23.812799635739392,12.021571534469977
20260932,planted0.00,surv,fixed_21d,top10_ew,10.0,stress,0.17238648671437584,0.7376880931579347,0.2626290308979507,-0.605920146741212,23.812799635739392,12.021571534469977
20260932,planted0.00,surv,fixed_21d,top10_ew,20.0,stress,0.15848986112586205,0.6920988447719865,0.2626776070788666,-0.6114908788071884,23.812799635739392,12.021571534469977
20260932,planted0.00,surv,fixed_21d,top10_ew,0.0,cost_v1,0.18643580998816933,0.7831663712501664,0.26262331627821944,-0.6002750281513866,23.812799635739392,12.021571534469977
20260932,planted0.00,surv,fixed_21d,top10_ew,5.0,cost_v1,0.1793289232487707,0.7602289954001721,0.26262585579809455,-0.6030662494862409,23.812799635739392,12.021571534469977
20260932,planted0.00,surv,fixed_21d,top10_ew,10.0,cost_v1,0.1722610849260584,0.7372614110111931,0.2626393142672622,-0.6058393643001292,23.812799635739392,12.021571534469977
20260932,planted0.00,surv,fixed_21d,top10_ew,20.0,cost_v1,0.15824177370515935,0.6912471195984606,0.2626989799792208,-0.6113317076457323,23.812799635739392,12.021571534469977
20260932,planted0.00,surv,fixed_126d,top1,0.0,primary,0.10085249592748591,0.4488460271497485,0.3571962673062609,-0.641977645371302,4.007190511489992,2.003595255744996
20260932,planted0.00,surv,fixed_126d,top1,5.0,primary,0.09974994493126954,0.4460362613480727,0.3571899954078784,-0.6423355782203419,4.007190511489992,2.003595255744996
20260932,planted0.00,surv,fixed_126d,top1,10.0,primary,0.0986479547725927,0.4432246808068739,0.3571851064430628,-0.6426933320582047,4.007190511489992,2.003595255744996
20260932,planted0.00,surv,fixed_126d,top1,20.0,primary,0.09644565691898643,0.43759620562248297,0.35717947752521906,-0.6434083027003981,4.007190511489992,2.003595255744996
20260932,planted0.00,surv,fixed_126d,top1,0.0,stress,0.10085249592748591,0.4488460271497485,0.3571962673062609,-0.641977645371302,4.007190511489992,2.003595255744996
20260932,planted0.00,surv,fixed_126d,top1,5.0,stress,0.09974994493126954,0.4460362613480727,0.3571899954078784,-0.6423355782203419,4.007190511489992,2.003595255744996
20260932,planted0.00,surv,fixed_126d,top1,10.0,stress,0.0986479547725927,0.4432246808068739,0.3571851064430628,-0.6426933320582047,4.007190511489992,2.003595255744996
20260932,planted0.00,surv,fixed_126d,top1,20.0,stress,0.09644565691898643,0.43759620562248297,0.35717947752521906,-0.6434083027003981,4.007190511489992,2.003595255744996
20260932,planted0.00,surv,fixed_126d,top1,0.0,cost_v1,0.10085249592748591,0.4488460271497485,0.3571962673062609,-0.641977645371302,4.007190511489992,2.003595255744996
20260932,planted0.00,surv,fixed_126d,top1,5.0,cost_v1,0.09975279612124766,0.4460433919412834,0.357190507745057,-0.6423294898497698,4.007190511489992,2.003595255744996
20260932,planted0.00,surv,fixed_126d,top1,10.0,cost_v1,0.0986536466681045,0.44323893653562974,0.3571861421561003,-0.642681161389111,4.007190511489992,2.003595255744996
20260932,planted0.00,surv,fixed_126d,top1,20.0,cost_v1,0.09645699881716818,0.4376246960172583,0.35718159308305847,-0.6433839856504129,4.007190511489992,2.003595255744996
20260932,planted0.00,surv,fixed_126d,top10_ew,0.0,primary,0.14437628992558849,0.6759230819589783,0.24409619386551956,-0.5079097816145495,3.9293532666848976,2.003595255744996
20260932,planted0.00,surv,fixed_126d,top10_ew,5.0,primary,0.1432524052920885,0.6718995203943076,0.24408962709056206,-0.5081312222069567,3.9293532666848976,2.003595255744996
20260932,planted0.00,surv,fixed_126d,top10_ew,10.0,primary,0.14212908074006325,0.6678704182171913,0.2440850060912512,-0.5083526627993641,3.9293532666848976,2.003595255744996
20260932,planted0.00,surv,fixed_126d,top10_ew,20.0,primary,0.13988411183186833,0.6597959753942647,0.24408160181508876,-0.5087955439841785,3.9293532666848976,2.003595255744996
20260932,planted0.00,surv,fixed_126d,top10_ew,0.0,stress,0.14437628992558849,0.6759230819589783,0.24409619386551956,-0.5079097816145495,3.9293532666848976,2.003595255744996
20260932,planted0.00,surv,fixed_126d,top10_ew,5.0,stress,0.1432524052920885,0.6718995203943076,0.24408962709056206,-0.5081312222069567,3.9293532666848976,2.003595255744996
20260932,planted0.00,surv,fixed_126d,top10_ew,10.0,stress,0.14212908074006325,0.6678704182171913,0.2440850060912512,-0.5083526627993641,3.9293532666848976,2.003595255744996
20260932,planted0.00,surv,fixed_126d,top10_ew,20.0,stress,0.13988411183186833,0.6597959753942647,0.24408160181508876,-0.5087955439841785,3.9293532666848976,2.003595255744996
20260932,planted0.00,surv,fixed_126d,top10_ew,0.0,cost_v1,0.14437628992558849,0.6759230819589783,0.24409619386551956,-0.5079097816145495,3.9293532666848976,2.003595255744996
20260932,planted0.00,surv,fixed_126d,top10_ew,5.0,cost_v1,0.1432329423651275,0.6718299466759047,0.24408943455723356,-0.5081501136186324,3.9293532666848976,2.003595255744996
20260932,planted0.00,surv,fixed_126d,top10_ew,10.0,cost_v1,0.14209016721915368,0.6677310043256364,0.24408471509876867,-0.5083904456227153,3.9293532666848976,2.003595255744996
20260932,planted0.00,surv,fixed_126d,top10_ew,20.0,cost_v1,0.1398063341665592,0.6595161072973684,0.2440813961534602,-0.5088711096308812,3.9293532666848976,2.003595255744996
20260932,planted0.01,pit,argmax_conf,top1,0.0,primary,0.05810643884436684,0.34289776231983227,0.3961961337215701,-0.8317401648886151,11.155151964418087,5.577575982209043
20260932,planted0.01,pit,argmax_conf,top1,5.0,primary,0.05515898279176512,0.335842566992625,0.39617414165595977,-0.8324120275872976,11.155151964418087,5.577575982209043
20260932,planted0.01,pit,argmax_conf,top1,10.0,primary,0.05221827561484238,0.3287837203735369,0.396155605206973,-0.833081541704905,11.155151964418087,5.577575982209043
20260932,planted0.01,pit,argmax_conf,top1,20.0,primary,0.04635705947672508,0.3146558088622628,0.39612890100886006,-0.834413552341121,11.155151964418087,5.577575982209043
20260932,planted0.01,pit,argmax_conf,top1,0.0,stress,0.05810643884436684,0.34289776231983227,0.3961961337215701,-0.8317401648886151,11.155151964418087,5.577575982209043
20260932,planted0.01,pit,argmax_conf,top1,5.0,stress,0.05515898279176512,0.335842566992625,0.39617414165595977,-0.8324120275872976,11.155151964418087,5.577575982209043
20260932,planted0.01,pit,argmax_conf,top1,10.0,stress,0.05221827561484238,0.3287837203735369,0.396155605206973,-0.833081541704905,11.155151964418087,5.577575982209043
20260932,planted0.01,pit,argmax_conf,top1,20.0,stress,0.04635705947672508,0.3146558088622628,0.39612890100886006,-0.834413552341121,11.155151964418087,5.577575982209043
20260932,planted0.01,pit,argmax_conf,top1,0.0,cost_v1,0.05810643884436684,0.34289776231983227,0.3961961337215701,-0.8317401648886151,11.155151964418087,5.577575982209043
20260932,planted0.01,pit,argmax_conf,top1,5.0,cost_v1,0.05516506754339301,0.33585816347910197,0.39618151395107504,-0.8324056030395913,11.155151964418087,5.577575982209043
20260932,planted0.01,pit,argmax_conf,top1,10.0,cost_v1,0.05223040905852372,0.32881518305304963,0.3961703424322851,-0.833068737435652,11.155151964418087,5.577575982209043
20260932,planted0.01,pit,argmax_conf,top1,20.0,cost_v1,0.04638118264357627,0.3147198112661126,0.39615834522665055,-0.8343881223032783,11.155151964418087,5.577575982209043
20260932,planted0.01,pit,argmax_conf,top10_ew,0.0,primary,0.10176269346100097,0.5066599729974995,0.25703562398232993,-0.6232265710958679,11.027310799960297,5.577575982209043
20260932,planted0.01,pit,argmax_conf,top10_ew,5.0,primary,0.09872876076428994,0.4959170444016968,0.2570272900480376,-0.6234051692157894,11.027310799960297,5.577575982209043
20260932,planted0.01,pit,argmax_conf,top10_ew,10.0,primary,0.09570169437547982,0.48516362830698395,0.25702414286755937,-0.6235837673357107,11.027310799960297,5.577575982209043
20260932,planted0.01,pit,argmax_conf,top10_ew,20.0,primary,0.08966811184622037,0.46362793649809997,0.2570334092161445,-0.6239409635755536,11.027310799960297,5.577575982209043
20260932,planted0.01,pit,argmax_conf,top10_ew,0.0,stress,0.08792045072731236,0.4562411717002991,0.25850375037306383,-0.6349728780187889,11.038894158812948,5.577575982209043
20260932,planted0.01,pit,argmax_conf,top10_ew,5.0,stress,0.08492149225537915,0.44554710024634775,0.2584951197078691,-0.6351485395621089,11.038894158812948,5.577575982209043
20260932,planted0.01,pit,argmax_conf,top10_ew,10.0,stress,0.0819293281474669,0.43484362140235727,0.25849165662295054,-0.6353242011054291,11.038894158812948,5.577575982209043
20260932,planted0.01,pit,argmax_conf,top10_ew,20.0,stress,0.07596533480665535,0.41341100795761876,0.2585002337147834,-0.6356755241920692,11.038894158812948,5.577575982209043
20260932,planted0.01,pit,argmax_conf,top10_ew,0.0,cost_v1,0.10176269346100097,0.5066599729974995,0.25703562398232993,-0.6232265710958679,11.027310799960297,5.577575982209043
20260932,planted0.01,pit,argmax_conf,top10_ew,5.0,cost_v1,0.09869676170510089,0.49580103486249427,0.25702989976353857,-0.6234221309247917,11.027310799960297,5.577575982209043
20260932,planted0.01,pit,argmax_conf,top10_ew,10.0,cost_v1,0.09563783512336599,0.4849315838851561,0.2570294912157479,-0.6236176907537154,11.027310799960297,5.577575982209043
20260932,planted0.01,pit,argmax_conf,top10_ew,20.0,cost_v1,0.08954094743967822,0.46316384227593416,0.2570446209047701,-0.624008810411563,11.027310799960297,5.577575982209043
20260932,planted0.01,pit,fixed_1d,top1,0.0,primary,0.22505524956457013,0.6774714280723365,0.45393470660094326,-0.8919844504044888,502.63165307635285,251.47828020756114
20260932,planted0.01,pit,fixed_1d,top1,5.0,primary,0.08036247500181237,0.3999986836877543,0.45370533070953767,-0.8998913407913268,502.63165307635285,251.47828020756114
20260932,planted0.01,pit,fixed_1d,top1,10.0,primary,-0.04730037136286924,0.12224521069069642,0.45347605755746334,-0.9072229647868566,502.63165307635285,251.47828020756114
20260932,planted0.01,pit,fixed_1d,top1,20.0,primary,-0.25929212115014344,-0.434104869191712,0.45301782009519753,-0.9976595490006851,502.63165307635285,251.47828020756114
20260932,planted0.01,pit,fixed_1d,top1,0.0,stress,0.22505524956457013,0.6774714280723365,0.45393470660094326,-0.8919844504044888,502.63165307635285,251.47828020756114
20260932,planted0.01,pit,fixed_1d,top1,5.0,stress,0.08036247500181237,0.3999986836877543,0.45370533070953767,-0.8998913407913268,502.63165307635285,251.47828020756114
20260932,planted0.01,pit,fixed_1d,top1,10.0,stress,-0.04730037136286924,0.12224521069069642,0.45347605755746334,-0.9072229647868566,502.63165307635285,251.47828020756114
20260932,planted0.01,pit,fixed_1d,top1,20.0,stress,-0.25929212115014344,-0.434104869191712,0.45301782009519753,-0.9976595490006851,502.63165307635285,251.47828020756114
20260932,planted0.01,pit,fixed_1d,top1,0.0,cost_v1,0.22505524956457013,0.6774714280723365,0.45393470660094326,-0.8919844504044888,502.63165307635285,251.47828020756114
20260932,planted0.01,pit,fixed_1d,top1,5.0,cost_v1,0.08032696509737036,0.39995827688951047,0.45393464859977384,-0.9000196137610398,502.63165307635285,251.47828020756114
20260932,planted0.01,pit,fixed_1d,top1,10.0,cost_v1,-0.04736304959076931,0.12244504672906971,0.4539346204772861,-0.9074607073429223,502.63165307635285,251.47828020756114
20260932,planted0.01,pit,fixed_1d,top1,20.0,cost_v1,-0.25938974144709526,-0.4325814313284623,0.45393465386837195,-0.9976683320053201,502.63165307635285,251.47828020756114
20260932,planted0.01,pit,fixed_1d,top10_ew,0.0,primary,0.31128789449115923,1.1369707994490457,0.27087463425864067,-0.5251156028273304,497.84153169280864,251.47828020756114
20260932,planted0.01,pit,fixed_1d,top10_ew,5.0,primary,0.1577964201043387,0.6764173989892349,0.27073751118260014,-0.5677480182683081,497.84153169280864,251.47828020756114
20260932,planted0.01,pit,fixed_1d,top10_ew,10.0,primary,0.022208648784853846,0.21539703914648145,0.27060064062778083,-0.6197808925123127,497.84153169280864,251.47828020756114
20260932,planted0.01,pit,fixed_1d,top10_ew,20.0,primary,-0.20333867001756045,-0.7080422213515548,0.27032765861535735,-0.9888001581262014,497.84153169280864,251.47828020756114
20260932,planted0.01,pit,fixed_1d,top10_ew,0.0,stress,0.30053888526853245,1.1051779077853328,0.27130361996138785,-0.5251156028273304,497.8490549949809,251.47828020756114
20260932,planted0.01,pit,fixed_1d,top10_ew,5.0,stress,0.1483034644585215,0.645345924955583,0.2711659102837952,-0.5677480182683081,497.8490549949809,251.47828020756114
20260932,planted0.01,pit,fixed_1d,top10_ew,10.0,stress,0.013825489112102352,0.18504648804999932,0.2710284524824106,-0.6197808925123127,497.8490549949809,251.47828020756114
20260932,planted0.01,pit,fixed_1d,top10_ew,20.0,stress,-0.2098750910043643,-0.7369524505695665,0.2707542940420467,-0.9903808218166502,497.8490549949809,251.47828020756114
20260932,planted0.01,pit,fixed_1d,top10_ew,0.0,cost_v1,0.31128789449115923,1.1369707994490457,0.27087463425864067,-0.5251156028273304,497.84153169280864,251.47828020756114
20260932,planted0.01,pit,fixed_1d,top10_ew,5.0,cost_v1,0.15645199919423436,0.6719113487037376,0.27087453688125956,-0.5685066474141106,497.84153169280864,251.47828020756114
20260932,planted0.01,pit,fixed_1d,top10_ew,10.0,cost_v1,0.019834929604085394,0.2068515253510681,0.2708744895749011,-0.6211150027136872,497.84153169280864,251.47828020756114
20260932,planted0.01,pit,fixed_1d,top10_ew,20.0,cost_v1,-0.2070378606304235,-0.7232682075836385,0.27087454517532933,-0.9896828582337079,497.84153169280864,251.47828020756114
20260932,planted0.01,pit,fixed_21d,top1,0.0,primary,-0.03494113232609852,0.13061277011127928,0.42651708224019635,-0.8498100987502188,23.880689399555227,12.021571534469977
20260932,planted0.01,pit,fixed_21d,top1,5.0,primary,-0.04068695966676328,0.11661494438121506,0.4265414024419206,-0.8506340811905216,23.880689399555227,12.021571534469977
20260932,planted0.01,pit,fixed_21d,top1,10.0,primary,-0.04640141041021528,0.10261712335813986,0.426572338031285,-0.8514539519512382,23.880689399555227,12.021571534469977
20260932,planted0.01,pit,fixed_21d,top1,20.0,primary,-0.057736804851928225,0.07462410096945815,0.42665404930923645,-0.8533248977529447,23.880689399555227,12.021571534469977
20260932,planted0.01,pit,fixed_21d,top1,0.0,stress,-0.08927048237907709,0.01552162982196097,0.44337356183239385,-0.9007319460778351,23.880689399555227,12.021571534469977
20260932,planted0.01,pit,fixed_21d,top1,5.0,stress,-0.09469284026581382,0.0020622829589821657,0.4433943492098298,-0.9106065240033901,23.880689399555227,12.021571534469977
20260932,planted0.01,pit,fixed_21d,top1,10.0,stress,-0.10008558794513045,-0.011395638388564753,0.44342150095862476,-0.9195030446466032,23.880689399555227,12.021571534469977
20260932,planted0.01,pit,fixed_21d,top1,20.0,stress,-0.11078284036956221,-0.0383048886008654,0.4434948926206036,-0.93473827327216,23.880689399555227,12.021571534469977
20260932,planted0.01,pit,fixed_21d,top1,0.0,cost_v1,-0.03494113232609852,0.13061277011127928,0.42651708224019635,-0.8498100987502188,23.880689399555227,12.021571534469977
20260932,planted0.01,pit,fixed_21d,top1,5.0,cost_v1,-0.0407468502600864,0.1164829194540447,0.42655711883125463,-0.8506668642885205,23.880689399555227,12.021571534469977
20260932,planted0.01,pit,fixed_21d,top1,10.0,cost_v1,-0.04652053524742805,0.10235410903424845,0.4266038738606766,-0.8515191922889502,23.880689399555227,12.021571534469977
20260932,planted0.01,pit,fixed_21d,top1,20.0,cost_v1,-0.057972448713807134,0.07410227843642488,0.426717530083683,-0.8534903473855784,23.880689399555227,12.021571534469977
20260932,planted0.01,pit,fixed_21d,top10_ew,0.0,primary,0.08739986389672727,0.4548064496789802,0.25775923924370925,-0.686270842404714,23.830104990912155,12.021571534469977
20260932,planted0.01,pit,fixed_21d,top10_ew,5.0,primary,0.08093931563006951,0.4316301155547655,0.2577756274568827,-0.687820761935183,23.830104990912155,12.021571534469977
20260932,planted0.01,pit,fixed_21d,top10_ew,10.0,primary,0.07451398047744084,0.4084394468011899,0.25780292301614843,-0.6893637873460732,23.830104990912155,12.021571534469977
20260932,planted0.01,pit,fixed_21d,top10_ew,20.0,primary,0.06176825175557421,0.36202691870132575,0.257890220935559,-0.6924292647904089,23.830104990912155,12.021571534469977
20260932,planted0.01,pit,fixed_21d,top10_ew,0.0,stress,0.07292226306379934,0.40205883933983955,0.2589681858698574,-0.686270842404714,23.84233295298033,12.021571534469977
20260932,planted0.01,pit,fixed_21d,top10_ew,5.0,stress,0.06654446835614936,0.37898393529652635,0.2589836028215462,-0.687820761935183,23.84233295298033,12.021571534469977
20260932,planted0.01,pit,fixed_21d,top10_ew,10.0,stress,0.06020145370895036,0.35589684610122213,0.25900988649437695,-0.6893637873460732,23.84233295298033,12.021571534469977
20260932,planted0.01,pit,fixed_21d,top10_ew,20.0,stress,0.04761907505782892,0.30969776716448766,0.2590950394077978,-0.6924292647904089,23.84233295298033,12.021571534469977
20260932,planted0.01,pit,fixed_21d,top10_ew,0.0,cost_v1,0.08739986389672727,0.4548064496789802,0.25775923924370925,-0.686270842404714,23.830104990912155,12.021571534469977
20260932,planted0.01,pit,fixed_21d,top10_ew,5.0,cost_v1,0.08087755927495333,0.4314027644736553,0.2577837105709497,-0.687850437298934,23.830104990912155,12.021571534469977
20260932,planted0.01,pit,fixed_21d,top10_ew,10.0,cost_v1,0.07439113860179303,0.40798592340712714,0.2578193026915224,-0.689422872042543,23.830104990912155,12.021571534469977
20260932,planted0.01,pit,fixed_21d,top10_ew,20.0,cost_v1,0.06152523152649603,0.36112494252506555,0.25792382945886794,-0.6925463764143818,23.830104990912155,12.021571534469977
20260932,planted0.01,pit,fixed_126d,top1,0.0,primary,-0.06637685901591261,0.08371581544767948,0.4603868944690921,-0.9396737575644949,4.007190511489992,2.003595255744996
20260932,planted0.01,pit,fixed_126d,top1,5.0,primary,-0.06731192263977726,0.08152404563843171,0.46037171495377865,-0.9397491352081884,4.007190511489992,2.003595255744996
20260932,planted0.01,pit,fixed_126d,top1,10.0,primary,-0.06824651062234866,0.07933194491840052,0.4603576169313613,-0.9398244525482619,4.007190511489992,2.003595255744996
20260932,planted0.01,pit,fixed_126d,top1,20.0,primary,-0.07011425970505747,0.07494681236630549,0.46033266575505005,-0.9399749064080378,4.007190511489992,2.003595255744996
20260932,planted0.01,pit,fixed_126d,top1,0.0,stress,-0.06637685901591261,0.08371581544767948,0.4603868944690921,-0.9396737575644949,4.007190511489992,2.003595255744996
20260932,planted0.01,pit,fixed_126d,top1,5.0,stress,-0.06731192263977726,0.08152404563843171,0.46037171495377865,-0.9397491352081884,4.007190511489992,2.003595255744996
20260932,planted0.01,pit,fixed_126d,top1,10.0,stress,-0.06824651062234866,0.07933194491840052,0.4603576169313613,-0.9398244525482619,4.007190511489992,2.003595255744996
20260932,planted0.01,pit,fixed_126d,top1,20.0,stress,-0.07011425970505747,0.07494681236630549,0.46033266575505005,-0.9399749064080378,4.007190511489992,2.003595255744996
20260932,planted0.01,pit,fixed_126d,top1,0.0,cost_v1,-0.06637685901591261,0.08371581544767948,0.4603868944690921,-0.9396737575644949,4.007190511489992,2.003595255744996
20260932,planted0.01,pit,fixed_126d,top1,5.0,cost_v1,-0.06730637407574269,0.08153819284199354,0.4603732696816871,-0.9397307954265619,4.007190511489992,2.003595255744996
20260932,planted0.01,pit,fixed_126d,top1,10.0,cost_v1,-0.06823542566260543,0.07936025494849039,0.46036072612187523,-0.9397878063832936,4.007190511489992,2.003595255744996
20260932,planted0.01,pit,fixed_126d,top1,20.0,cost_v1,-0.0700921384207076,0.07500349452857709,0.4603388830309547,-0.9399017475807512,4.007190511489992,2.003595255744996
20260932,planted0.01,pit,fixed_126d,top10_ew,0.0,primary,0.08707868664677676,0.4380092211419288,0.2806663493585921,-0.6462850963442852,3.9508960546344363,2.003595255744996
20260932,planted0.01,pit,fixed_126d,top10_ew,5.0,primary,0.08600522198698712,0.434488741098705,0.28065333151203453,-0.646638722819215,3.9508960546344363,2.003595255744996
20260932,planted0.01,pit,fixed_126d,top10_ew,10.0,primary,0.08493229544690495,0.43096529908742537,0.28064202978857916,-0.6469921724366929,3.9508960546344363,2.003595255744996
20260932,planted0.01,pit,fixed_126d,top10_ew,20.0,primary,0.08278805667912259,0.42390978519845496,0.2806245755088611,-0.6476985410992934,3.9508960546344363,2.003595255744996
20260932,planted0.01,pit,fixed_126d,top10_ew,0.0,stress,0.07564636311024708,0.39986923452293827,0.2816032712665065,-0.6462850963442852,3.960425506192085,2.003595255744996
20260932,planted0.01,pit,fixed_126d,top10_ew,5.0,stress,0.07458162633656729,0.3963504240448357,0.28159001882758766,-0.646638722819215,3.960425506192085,2.003595255744996
20260932,planted0.01,pit,fixed_126d,top10_ew,10.0,stress,0.07351742465383215,0.3928288847622123,0.2815784849545311,-0.6469921724366929,3.960425506192085,2.003595255744996
20260932,planted0.01,pit,fixed_126d,top10_ew,20.0,stress,0.0713906265146973,0.38577787536129554,0.28156057371932947,-0.6476985410992934,3.960425506192085,2.003595255744996
20260932,planted0.01,pit,fixed_126d,top10_ew,0.0,cost_v1,0.08707868664677676,0.4380092211419288,0.2806663493585921,-0.6462850963442852,3.9508960546344363,2.003595255744996
20260932,planted0.01,pit,fixed_126d,top10_ew,5.0,cost_v1,0.08599445762201441,0.4344533159497305,0.28065337461508383,-0.6466323209747239,3.9508960546344363,2.003595255744996
20260932,planted0.01,pit,fixed_126d,top10_ew,10.0,cost_v1,0.08491077043220385,0.4308943586376938,0.2806421735643635,-0.6469793752003192,3.9508960546344363,2.003595255744996
20260932,planted0.01,pit,fixed_126d,top10_ew,20.0,cost_v1,0.08274502155355745,0.4237675550088103,0.28062509335721025,-0.647672972436979,3.9508960546344363,2.003595255744996
20260932,planted0.01,surv,argmax_conf,top1,0.0,primary,0.1486841255157909,0.5474419434092348,0.40636778215664143,-0.7226834364727177,10.613639733135656,5.306819866567828
20260932,planted0.01,surv,argmax_conf,top1,5.0,primary,0.145639479439315,0.5408953604658742,0.40636778160366027,-0.7230992033652504,10.613639733135656,5.306819866567828
20260932,planted0.01,surv,argmax_conf,top1,10.0,primary,0.14260139368572866,0.5343445807712808,0.4063709726564458,-0.7235145544909254,10.613639733135656,5.306819866567828
20260932,planted0.01,surv,argmax_conf,top1,20.0,primary,0.136544859626764,0.5212310495712572,0.4063869292033839,-0.7243440102736516,10.613639733135656,5.306819866567828
20260932,planted0.01,surv,argmax_conf,top1,0.0,stress,0.1486841255157909,0.5474419434092348,0.40636778215664143,-0.7226834364727177,10.613639733135656,5.306819866567828
20260932,planted0.01,surv,argmax_conf,top1,5.0,stress,0.145639479439315,0.5408953604658742,0.40636778160366027,-0.7230992033652504,10.613639733135656,5.306819866567828
20260932,planted0.01,surv,argmax_conf,top1,10.0,stress,0.14260139368572866,0.5343445807712808,0.4063709726564458,-0.7235145544909254,10.613639733135656,5.306819866567828
20260932,planted0.01,surv,argmax_conf,top1,20.0,stress,0.136544859626764,0.5212310495712572,0.4063869292033839,-0.7243440102736516,10.613639733135656,5.306819866567828
20260932,planted0.01,surv,argmax_conf,top1,0.0,cost_v1,0.1486841255157909,0.5474419434092348,0.40636778215664143,-0.7226834364727177,10.613639733135656,5.306819866567828
20260932,planted0.01,surv,argmax_conf,top1,5.0,cost_v1,0.14564080624420495,0.5408975483317572,0.4063697954947359,-0.7231029339640219,10.613639733135656,5.306819866567828
20260932,planted0.01,surv,argmax_conf,top1,10.0,cost_v1,0.14260403326409166,0.5343490070705935,0.4063750113171642,-0.7235220082214378,10.613639733135656,5.306819866567828
20260932,planted0.01,surv,argmax_conf,top1,20.0,cost_v1,0.13655008292586923,0.5212401068092415,0.40639504984609104,-0.7243588878889816,10.613639733135656,5.306819866567828
20260932,planted0.01,surv,argmax_conf,top10_ew,0.0,primary,0.20062515914024748,0.851723052554605,0.2528576166192471,-0.5169246606692206,10.452659040685049,5.306819866567828
20260932,planted0.01,surv,argmax_conf,top10_ew,5.0,primary,0.1974910559128844,0.8413852001938807,0.2528466997721454,-0.5178659694162022,10.452659040685049,5.306819866567828
20260932,planted0.01,surv,argmax_conf,top10_ew,10.0,primary,0.19436360169822242,0.8310300496888321,0.25284077417217987,-0.5188059027386377,10.452659040685049,5.306819866567828
20260932,planted0.01,surv,argmax_conf,top10_ew,20.0,primary,0.18812859688884265,0.8102703008602472,0.2528438978217558,-0.5206816484674409,10.452659040685049,5.306819866567828
20260932,planted0.01,surv,argmax_conf,top10_ew,0.0,stress,0.20062515914024748,0.851723052554605,0.2528576166192471,-0.5169246606692206,10.452659040685049,5.306819866567828
20260932,planted0.01,surv,argmax_conf,top10_ew,5.0,stress,0.1974910559128844,0.8413852001938807,0.2528466997721454,-0.5178659694162022,10.452659040685049,5.306819866567828
20260932,planted0.01,surv,argmax_conf,top10_ew,10.0,stress,0.19436360169822242,0.8310300496888321,0.25284077417217987,-0.5188059027386377,10.452659040685049,5.306819866567828
20260932,planted0.01,surv,argmax_conf,top10_ew,20.0,stress,0.18812859688884265,0.8102703008602472,0.2528438978217558,-0.5206816484674409,10.452659040685049,5.306819866567828
20260932,planted0.01,surv,argmax_conf,top10_ew,0.0,cost_v1,0.20062515914024748,0.851723052554605,0.2528576166192471,-0.5169246606692206,10.452659040685049,5.306819866567828
20260932,planted0.01,surv,argmax_conf,top10_ew,5.0,cost_v1,0.19744879354247602,0.841243147236165,0.25284760949780577,-0.517879501220418,10.452659040685049,5.306819866567828
20260932,planted0.01,surv,argmax_conf,top10_ew,10.0,cost_v1,0.19427925094113352,0.8307455016872154,0.25284274913908356,-0.5188329257742469,10.452659040685049,5.306819866567828
20260932,planted0.01,surv,argmax_conf,top10_ew,20.0,cost_v1,0.18796058970748786,0.8096995493478796,0.2528484695827063,-0.5207355324907816,10.452659040685049,5.306819866567828
20260932,planted0.01,surv,fixed_1d,top1,0.0,primary,0.44292608480308626,0.9357478136658257,0.5168374308254344,-0.6897878199750392,501.54862861378797,251.47828020756114
20260932,planted0.01,surv,fixed_1d,top1,5.0,primary,0.2728450066101602,0.6925705441351516,0.5165818156131996,-0.705914057442167,501.54862861378797,251.47828020756114
20260932,planted0.01,surv,fixed_1d,top1,10.0,primary,0.12274136030350058,0.4491522315027832,0.5163265059768231,-0.8650047797095257,501.54862861378797,251.47828020756114
20260932,planted0.01,surv,fixed_1d,top1,20.0,primary,-0.12661387171099003,-0.038407223314604645,0.5158168052460844,-0.9910990008509878,501.54862861378797,251.47828020756114
20260932,planted0.01,surv,fixed_1d,top1,0.0,stress,0.44292608480308626,0.9357478136658257,0.5168374308254344,-0.6897878199750392,501.54862861378797,251.47828020756114
20260932,planted0.01,surv,fixed_1d,top1,5.0,stress,0.2728450066101602,0.6925705441351516,0.5165818156131996,-0.705914057442167,501.54862861378797,251.47828020756114
20260932,planted0.01,surv,fixed_1d,top1,10.0,stress,0.12274136030350058,0.4491522315027832,0.5163265059768231,-0.8650047797095257,501.54862861378797,251.47828020756114
20260932,planted0.01,surv,fixed_1d,top1,20.0,stress,-0.12661387171099003,-0.038407223314604645,0.5158168052460844,-0.9910990008509878,501.54862861378797,251.47828020756114
20260932,planted0.01,surv,fixed_1d,top1,0.0,cost_v1,0.44292608480308626,0.9357478136658257,0.5168374308254344,-0.6897878199750392,501.54862861378797,251.47828020756114
20260932,planted0.01,surv,fixed_1d,top1,5.0,cost_v1,0.2725627778467319,0.6920100232000237,0.5168373431985043,-0.706102138119727,501.54862861378797,251.47828020756114
20260932,planted0.01,surv,fixed_1d,top1,10.0,cost_v1,0.12224337732072277,0.4482721273245422,0.5168372818138054,-0.8665020885229102,501.54862861378797,251.47828020756114
20260932,planted0.01,surv,fixed_1d,top1,20.0,cost_v1,-0.12738892095596455,-0.0392038321470911,0.5168372377711357,-0.9912954889503591,501.54862861378797,251.47828020756114
20260932,planted0.01,surv,fixed_1d,top10_ew,0.0,primary,0.3289216199885121,1.2107957123471726,0.2642528967188408,-0.5287419322274856,495.100058563755,251.47828020756114
20260932,planted0.01,surv,fixed_1d,top10_ew,5.0,primary,0.174170888450478,0.7412876999160956,0.26412842232493394,-0.5552628764319932,495.100058563755,251.47828020756114
20260932,planted0.01,surv,fixed_1d,top10_ew,10.0,primary,0.037377269688498416,0.271336553312384,0.26400433755950664,-0.5923362563324241,495.100058563755,251.47828020756114
20260932,planted0.01,surv,fixed_1d,top10_ew,20.0,primary,-0.19040485716097,-0.6698893039015984,0.2637573391119751,-0.9836310092768035,495.100058563755,251.47828020756114
20260932,planted0.01,surv,fixed_1d,top10_ew,0.0,stress,0.3289216199885121,1.2107957123471726,0.2642528967188408,-0.5287419322274856,495.100058563755,251.47828020756114
20260932,planted0.01,surv,fixed_1d,top10_ew,5.0,stress,0.174170888450478,0.7412876999160956,0.26412842232493394,-0.5552628764319932,495.100058563755,251.47828020756114
20260932,planted0.01,surv,fixed_1d,top10_ew,10.0,stress,0.037377269688498416,0.271336553312384,0.26400433755950664,-0.5923362563324241,495.100058563755,251.47828020756114
20260932,planted0.01,surv,fixed_1d,top10_ew,20.0,stress,-0.19040485716097,-0.6698893039015984,0.2637573391119751,-0.9836310092768035,495.100058563755,251.47828020756114
20260932,planted0.01,surv,fixed_1d,top10_ew,0.0,cost_v1,0.3289216199885121,1.2107957123471726,0.2642528967188408,-0.5287419322274856,495.100058563755,251.47828020756114
20260932,planted0.01,surv,fixed_1d,top10_ew,5.0,cost_v1,0.1720120291569942,0.7340826894627497,0.264252792020386,-0.5559338618875107,495.100058563755,251.47828020756114
20260932,planted0.01,surv,fixed_1d,top10_ew,10.0,cost_v1,0.03356426825912595,0.25736923883662344,0.26425273864764826,-0.5939047662699249,495.100058563755,251.47828020756114
20260932,planted0.01,surv,fixed_1d,top10_ew,20.0,cost_v1,-0.19635109233234393,-0.6960578345385826,0.26425278587941836,-0.9856309019494611,495.100058563755,251.47828020756114
20260932,planted0.01,surv,fixed_21d,top1,0.0,primary,0.07258837655546979,0.39410472087960713,0.457854669236264,-0.9234895723648051,24.043143068939955,12.021571534469977
20260932,planted0.01,surv,fixed_21d,top1,5.0,primary,0.06615901587071371,0.38095491949619925,0.4578552839195144,-0.9281274578807256,24.043143068939955,12.021571534469977
20260932,planted0.01,surv,fixed_21d,top1,10.0,primary,0.05976501334951956,0.36780013064523637,0.4578621512034886,-0.9325189366772723,24.043143068939955,12.021571534469977
20260932,planted0.01,surv,fixed_21d,top1,20.0,primary,0.047082375820387545,0.3414777484378031,0.4578946421921867,-0.9405189531971178,24.043143068939955,12.021571534469977
20260932,planted0.01,surv,fixed_21d,top1,0.0,stress,0.07258837655546979,0.39410472087960713,0.457854669236264,-0.9234895723648051,24.043143068939955,12.021571534469977
20260932,planted0.01,surv,fixed_21d,top1,5.0,stress,0.06615901587071371,0.38095491949619925,0.4578552839195144,-0.9281274578807256,24.043143068939955,12.021571534469977
20260932,planted0.01,surv,fixed_21d,top1,10.0,stress,0.05976501334951956,0.36780013064523637,0.4578621512034886,-0.9325189366772723,24.043143068939955,12.021571534469977
20260932,planted0.01,surv,fixed_21d,top1,20.0,stress,0.047082375820387545,0.3414777484378031,0.4578946421921867,-0.9405189531971178,24.043143068939955,12.021571534469977
20260932,planted0.01,surv,fixed_21d,top1,0.0,cost_v1,0.07258837655546979,0.39410472087960713,0.457854669236264,-0.9234895723648051,24.043143068939955,12.021571534469977
20260932,planted0.01,surv,fixed_21d,top1,5.0,cost_v1,0.0661500939955939,0.3809395571167357,0.457869822832631,-0.9281595553954025,24.043143068939955,12.021571534469977
20260932,planted0.01,surv,fixed_21d,top1,10.0,cost_v1,0.05974725665101399,0.3677702348588909,0.45789123879422006,-0.9325792292725054,24.043143068939955,12.021571534469977
20260932,planted0.01,surv,fixed_21d,top1,20.0,cost_v1,0.047047208395100126,0.3414212813821173,0.45795285404187563,-0.9406253131376708,24.043143068939955,12.021571534469977
20260932,planted0.01,surv,fixed_21d,top10_ew,0.0,primary,0.18169005817858674,0.7801063104041973,0.2569714462643842,-0.7684323137743776,23.740674246638857,12.021571534469977
20260932,planted0.01,surv,fixed_21d,top10_ew,5.0,primary,0.17469558077730252,0.7569566975540688,0.25696707437494637,-0.7699214873256938,23.740674246638857,12.021571534469977
20260932,planted0.01,surv,fixed_21d,top10_ew,10.0,primary,0.1677390824326419,0.7337751916474815,0.25697359534611774,-0.7714018170627522,23.740674246638857,12.021571534469977
20260932,planted0.01,surv,fixed_21d,top10_ew,20.0,primary,0.15393927322154988,0.6873283206577869,0.25701931116889937,-0.7743361375166259,23.740674246638857,12.021571534469977
20260932,planted0.01,surv,fixed_21d,top10_ew,0.0,stress,0.18169005817858674,0.7801063104041973,0.2569714462643842,-0.7684323137743776,23.740674246638857,12.021571534469977
20260932,planted0.01,surv,fixed_21d,top10_ew,5.0,stress,0.17469558077730252,0.7569566975540688,0.25696707437494637,-0.7699214873256938,23.740674246638857,12.021571534469977
20260932,planted0.01,surv,fixed_21d,top10_ew,10.0,stress,0.1677390824326419,0.7337751916474815,0.25697359534611774,-0.7714018170627522,23.740674246638857,12.021571534469977
20260932,planted0.01,surv,fixed_21d,top10_ew,20.0,stress,0.15393927322154988,0.6873283206577869,0.25701931116889937,-0.7743361375166259,23.740674246638857,12.021571534469977
20260932,planted0.01,surv,fixed_21d,top10_ew,0.0,cost_v1,0.18169005817858674,0.7801063104041973,0.2569714462643842,-0.7684323137743776,23.740674246638857,12.021571534469977
20260932,planted0.01,surv,fixed_21d,top10_ew,5.0,cost_v1,0.17461200755070982,0.7566684002245276,0.2569726549582879,-0.7699407421319888,23.740674246638857,12.021571534469977
20260932,planted0.01,surv,fixed_21d,top10_ew,10.0,cost_v1,0.16757284472233702,0.7331988709901028,0.2569850228744811,-0.7714400965913384,23.740674246638857,12.021571534469977
20260932,planted0.01,surv,fixed_21d,top10_ew,20.0,cost_v1,0.15361040588835517,0.6861772297458322,0.25704322847708533,-0.7744117837896548,23.740674246638857,12.021571534469977
20260932,planted0.01,surv,fixed_126d,top1,0.0,primary,0.0559804529891772,0.33698415624945244,0.40852755117941525,-0.7910236275680951,4.007190511489992,2.003595255744996
20260932,planted0.01,surv,fixed_126d,top1,5.0,primary,0.054922843268769395,0.334524020960513,0.40851293648571685,-0.7917018611028526,4.007190511489992,2.003595255744996
20260932,planted0.01,surv,fixed_126d,top1,10.0,primary,0.05386577152550287,0.3320627192763589,0.4084995401228235,-0.7923782181558274,4.007190511489992,2.003595255744996
20260932,planted0.01,surv,fixed_126d,top1,20.0,primary,0.05175324192351605,0.3271367040025767,0.40847640285802617,-0.7937253200021961,4.007190511489992,2.003595255744996
20260932,planted0.01,surv,fixed_126d,top1,0.0,stress,0.0559804529891772,0.33698415624945244,0.40852755117941525,-0.7910236275680951,4.007190511489992,2.003595255744996
20260932,planted0.01,surv,fixed_126d,top1,5.0,stress,0.054922843268769395,0.334524020960513,0.40851293648571685,-0.7917018611028526,4.007190511489992,2.003595255744996
20260932,planted0.01,surv,fixed_126d,top1,10.0,stress,0.05386577152550287,0.3320627192763589,0.4084995401228235,-0.7923782181558274,4.007190511489992,2.003595255744996
20260932,planted0.01,surv,fixed_126d,top1,20.0,stress,0.05175324192351605,0.3271367040025767,0.40847640285802617,-0.7937253200021961,4.007190511489992,2.003595255744996
20260932,planted0.01,surv,fixed_126d,top1,0.0,cost_v1,0.0559804529891772,0.33698415624945244,0.40852755117941525,-0.7910236275680951,4.007190511489992,2.003595255744996
20260932,planted0.01,surv,fixed_126d,top1,5.0,cost_v1,0.054928291952793584,0.334537207984419,0.40851555231463227,-0.7917487874023331,4.007190511489992,2.003595255744996
20260932,planted0.01,surv,fixed_126d,top1,10.0,cost_v1,0.05387665603878222,0.3320891253375391,0.408504772031795,-0.7924717895315723,4.007190511489992,2.003595255744996
20260932,planted0.01,surv,fixed_126d,top1,20.0,cost_v1,0.05177495957411948,0.3271896438952114,0.40848686758696356,-0.7939113420735077,4.007190511489992,2.003595255744996
20260932,planted0.01,surv,fixed_126d,top10_ew,0.0,primary,0.18503210214959998,0.7841292664575915,0.26005043086158625,-0.5155977081865337,3.962790081936664,2.003595255744996
20260932,planted0.01,surv,fixed_126d,top10_ew,5.0,primary,0.18385838884619066,0.7803232532062191,0.2600434411349155,-0.516081989377774,3.962790081936664,2.003595255744996
20260932,planted0.01,surv,fixed_126d,top10_ew,10.0,primary,0.1826852656580078,0.7765114863630604,0.2600383096391034,-0.5165660283678688,3.962790081936664,2.003595255744996
20260932,planted0.01,surv,fixed_126d,top10_ew,20.0,primary,0.1803407895760567,0.768871016474267,0.2600336217402613,-0.5175333797446202,3.962790081936664,2.003595255744996
20260932,planted0.01,surv,fixed_126d,top10_ew,0.0,stress,0.18503210214959998,0.7841292664575915,0.26005043086158625,-0.5155977081865337,3.962790081936664,2.003595255744996
20260932,planted0.01,surv,fixed_126d,top10_ew,5.0,stress,0.18385838884619066,0.7803232532062191,0.2600434411349155,-0.516081989377774,3.962790081936664,2.003595255744996
20260932,planted0.01,surv,fixed_126d,top10_ew,10.0,stress,0.1826852656580078,0.7765114863630604,0.2600383096391034,-0.5165660283678688,3.962790081936664,2.003595255744996
20260932,planted0.01,surv,fixed_126d,top10_ew,20.0,stress,0.1803407895760567,0.768871016474267,0.2600336217402613,-0.5175333797446202,3.962790081936664,2.003595255744996
20260932,planted0.01,surv,fixed_126d,top10_ew,0.0,cost_v1,0.18503210214959998,0.7841292664575915,0.26005043086158625,-0.5155977081865337,3.962790081936664,2.003595255744996
20260932,planted0.01,surv,fixed_126d,top10_ew,5.0,cost_v1,0.18384820902300536,0.7802888120867371,0.26004408957438757,-0.5160807673575172,3.962790081936664,2.003595255744996
20260932,planted0.01,surv,fixed_126d,top10_ew,10.0,cost_v1,0.18266490851986705,0.7764424532980788,0.26003966300045067,-0.5165635856292402,3.962790081936664,2.003595255744996
20260932,planted0.01,surv,fixed_126d,top10_ew,20.0,cost_v1,0.18030008537970832,0.7687323603511061,0.2600365543411942,-0.5175284994749043,3.962790081936664,2.003595255744996
20260932,planted0.03,pit,argmax_conf,top1,0.0,primary,0.21303401708108516,0.7105841247179286,0.36662359897234065,-0.487397668245627,9.584766493699036,4.81945885841364
20260932,planted0.03,pit,argmax_conf,top1,5.0,primary,0.21013011578870944,0.7040521229219842,0.3666000853090767,-0.4883354519224281,9.584766493699036,4.81945885841364
20260932,planted0.03,pit,argmax_conf,top1,10.0,primary,0.20723173063957834,0.6975131683556942,0.36657978526275437,-0.49012448701522926,9.584766493699036,4.81945885841364
20260932,planted0.03,pit,argmax_conf,top1,20.0,primary,0.20145147775946426,0.6844150807692535,0.3665488280721125,-0.4936864773560863,9.584766493699036,4.81945885841364
20260932,planted0.03,pit,argmax_conf,top1,0.0,stress,0.18982981933345,0.6543319415846277,0.3732682571092043,-0.487397668245627,9.584766493699036,4.81945885841364
20260932,planted0.03,pit,argmax_conf,top1,5.0,stress,0.1869814669365537,0.6479126792466768,0.3732447447021534,-0.48833545192242933,9.584766493699036,4.81945885841364
20260932,planted0.03,pit,argmax_conf,top1,10.0,stress,0.18413852516427953,0.6414871829193108,0.3732243886989199,-0.4901244870152305,9.584766493699036,4.81945885841364
20260932,planted0.03,pit,argmax_conf,top1,20.0,stress,0.17846884307523414,0.6286181333361055,0.37319314788982705,-0.4936864773560864,9.584766493699036,4.81945885841364
20260932,planted0.03,pit,argmax_conf,top1,0.0,cost_v1,0.21303401708108516,0.7105841247179286,0.36662359897234065,-0.487397668245627,9.584766493699036,4.81945885841364
20260932,planted0.03,pit,argmax_conf,top1,5.0,cost_v1,0.21012528128400088,0.7040383035445218,0.3666032075961907,-0.48835099507876045,9.584766493699036,4.81945885841364
20260932,planted0.03,pit,argmax_conf,top1,10.0,cost_v1,0.2072220752963334,0.6974856098333981,0.3665860455305748,-0.4901554808375388,9.584766493699036,4.81945885841364
20260932,planted0.03,pit,argmax_conf,top1,20.0,cost_v1,0.20143222170273645,0.6843602908024368,0.3665614110599165,-0.4937480964146018,9.584766493699036,4.81945885841364
20260932,planted0.03,pit,argmax_conf,top10_ew,0.0,primary,0.06499496799309235,0.38021719707267576,0.2456990950198963,-0.5392690016212862,9.469190421755707,4.81945885841364
20260932,planted0.03,pit,argmax_conf,top10_ew,5.0,primary,0.062476174714778177,0.3705662925359082,0.2456877105849944,-0.5396144922786954,9.469190421755707,4.81945885841364
20260932,planted0.03,pit,argmax_conf,top10_ew,10.0,primary,0.05996211056799594,0.3609076700532005,0.24568097104005693,-0.539959867753355,9.469190421755707,4.81945885841364
20260932,planted0.03,pit,argmax_conf,top10_ew,20.0,primary,0.05494814337137144,0.3415694591137338,0.24568142788565062,-0.5406502731544256,9.469190421755707,4.81945885841364
20260932,planted0.03,pit,argmax_conf,top10_ew,0.0,stress,0.0563066135748147,0.3464759367743357,0.24654726104990066,-0.5392690016212862,9.476521986036156,4.81945885841364
20260932,planted0.03,pit,argmax_conf,top10_ew,5.0,stress,0.05380643647833172,0.3368497301138701,0.24653526522875638,-0.5396144922786954,9.476521986036156,4.81945885841364
20260932,planted0.03,pit,argmax_conf,top10_ew,10.0,stress,0.05131095725126289,0.32721643287607655,0.2465279056166936,-0.539959867753355,9.476521986036156,4.81945885841364
20260932,planted0.03,pit,argmax_conf,top10_ew,20.0,stress,0.04633406626071834,0.30793073715572755,0.24652709641911114,-0.5406502731544256,9.476521986036156,4.81945885841364
20260932,planted0.03,pit,argmax_conf,top10_ew,0.0,cost_v1,0.06499496799309235,0.38021719707267576,0.2456990950198963,-0.5392690016212862,9.469190421755707,4.81945885841364
20260932,planted0.03,pit,argmax_conf,top10_ew,5.0,cost_v1,0.06243454950551319,0.3704055541976826,0.24568965387731212,-0.5394978909660919,9.469190421755707,4.81945885841364
20260932,planted0.03,pit,argmax_conf,top10_ew,10.0,cost_v1,0.05987901158197073,0.3605860831797438,0.2456850325368961,-0.5397267803108976,9.469190421755707,4.81945885841364
20260932,planted0.03,pit,argmax_conf,top10_ew,20.0,cost_v1,0.05478254995142873,0.34092596634256733,0.2456902500668167,-0.5401845590005088,9.469190421755707,4.81945885841364
20260932,planted0.03,pit,fixed_1d,top1,0.0,primary,1.005232080090964,1.8398425200873043,0.4294360100162979,-0.5254406049168737,502.0901408450704,251.47828020756114
20260932,planted0.03,pit,fixed_1d,top1,5.0,primary,0.7686311549035545,1.5468629438360946,0.42921934100136594,-0.5341413985499966,502.0901408450704,251.47828020756114
20260932,planted0.03,pit,fixed_1d,top1,10.0,primary,0.559849229260144,1.2535867375834215,0.42900290800586444,-0.5426869021678093,502.0901408450704,251.47828020756114
20260932,planted0.03,pit,fixed_1d,top1,20.0,primary,0.21308544199928536,0.6661445743459131,0.4285707515030723,-0.6441524061444917,502.0901408450704,251.47828020756114
20260932,planted0.03,pit,fixed_1d,top1,0.0,stress,1.005232080090964,1.8398425200873043,0.4294360100162979,-0.5254406049168737,502.0901408450704,251.47828020756114
20260932,planted0.03,pit,fixed_1d,top1,5.0,stress,0.7686311549035545,1.5468629438360946,0.42921934100136594,-0.5341413985499966,502.0901408450704,251.47828020756114
20260932,planted0.03,pit,fixed_1d,top1,10.0,stress,0.559849229260144,1.2535867375834215,0.42900290800586444,-0.5426869021678093,502.0901408450704,251.47828020756114
20260932,planted0.03,pit,fixed_1d,top1,20.0,stress,0.21308544199928536,0.6661445743459131,0.4285707515030723,-0.6441524061444917,502.0901408450704,251.47828020756114
20260932,planted0.03,pit,fixed_1d,top1,0.0,cost_v1,1.005232080090964,1.8398425200873043,0.4294360100162979,-0.5254406049168737,502.0901408450704,251.47828020756114
20260932,planted0.03,pit,fixed_1d,top1,5.0,cost_v1,0.7687811003080744,1.5464982517944792,0.4294358277197414,-0.5343427286342122,502.0901408450704,251.47828020756114
20260932,planted0.03,pit,fixed_1d,top1,10.0,cost_v1,0.5601139263530535,1.2531536422867113,0.4294356770063507,-0.5430823175145512,502.0901408450704,251.47828020756114
20260932,planted0.03,pit,fixed_1d,top1,20.0,cost_v1,0.21349779532867585,0.6664636585159557,0.4294354703291929,-0.6450903086415987,502.0901408450704,251.47828020756114
20260932,planted0.03,pit,fixed_1d,top10_ew,0.0,primary,0.6098571901225358,1.972833087181253,0.2589867802178278,-0.469366884779405,498.418355773523,251.47828020756114
20260932,planted0.03,pit,fixed_1d,top10_ew,5.0,primary,0.42121193207791796,1.4905660274177446,0.25886067504288013,-0.5005313579698851,498.418355773523,251.47828020756114
20260932,planted0.03,pit,fixed_1d,top10_ew,10.0,primary,0.25459478598981056,1.0078279589993655,0.2587348015322832,-0.5298796530230919,498.418355773523,251.47828020756114
20260932,planted0.03,pit,fixed_1d,top10_ew,20.0,primary,-0.022510597705545865,0.040941237928526136,0.25848375085727837,-0.7101309038847373,498.418355773523,251.47828020756114
20260932,planted0.03,pit,fixed_1d,top10_ew,0.0,stress,0.5731333534778495,1.874523990476169,0.2604137908996653,-0.469366884779405,498.43944499766206,251.47828020756114
20260932,planted0.03,pit,fixed_1d,top10_ew,5.0,stress,0.3887841190464052,1.3948869435159945,0.2602854041023137,-0.5005313579698851,498.43944499766206,251.47828020756114
20260932,planted0.03,pit,fixed_1d,top10_ew,10.0,stress,0.22596220592036786,0.9147756905998657,0.26015724673646584,-0.5298796530230919,498.43944499766206,251.47828020756114
20260932,planted0.03,pit,fixed_1d,top10_ew,20.0,stress,-0.04482913120178289,-0.046867150419534286,0.259901621656265,-0.7926763308067742,498.43944499766206,251.47828020756114
20260932,planted0.03,pit,fixed_1d,top10_ew,0.0,cost_v1,0.6098571901225358,1.972833087181253,0.2589867802178278,-0.469366884779405,498.418355773523,251.47828020756114
20260932,planted0.03,pit,fixed_1d,top10_ew,5.0,cost_v1,0.4199138297783578,1.4864275758783936,0.2589865939957757,-0.5009506269380763,498.418355773523,251.47828020756114
20260932,planted0.03,pit,fixed_1d,top10_ew,10.0,cost_v1,0.25230289444426157,1.0000211628708175,0.2589864601430161,-0.5306689871597199,498.418355773523,251.47828020756114
20260932,planted0.03,pit,fixed_1d,top10_ew,20.0,cost_v1,-0.026082120962502175,0.027206812004271327,0.25898634954566657,-0.7251860494687528,498.418355773523,251.47828020756114
20260932,planted0.03,pit,fixed_21d,top1,0.0,primary,-0.02830980731542654,0.15181313201387503,0.4366790024497396,-0.8151833034290737,24.043143068939955,12.021571534469977
20260932,planted0.03,pit,fixed_21d,top1,5.0,primary,-0.034134359267660286,0.13799426370881238,0.4366346352066744,-0.8160133171524943,24.043143068939955,12.021571534469977
20260932,planted0.03,pit,fixed_21d,top1,10.0,primary,-0.039926879192029974,0.12417071171993668,0.4365968608274203,-0.8168400157984743,24.043143068939955,12.021571534469977
20260932,planted0.03,pit,fixed_21d,top1,20.0,primary,-0.05141646342937467,0.09651205604737553,0.43654109720749185,-0.8193117355050273,24.043143068939955,12.021571534469977
20260932,planted0.03,pit,fixed_21d,top1,0.0,stress,-0.02830980731542654,0.15181313201387503,0.4366790024497396,-0.8151833034290737,24.043143068939955,12.021571534469977
20260932,planted0.03,pit,fixed_21d,top1,5.0,stress,-0.034134359267660286,0.13799426370881238,0.4366346352066744,-0.8160133171524943,24.043143068939955,12.021571534469977
20260932,planted0.03,pit,fixed_21d,top1,10.0,stress,-0.039926879192029974,0.12417071171993668,0.4365968608274203,-0.8168400157984743,24.043143068939955,12.021571534469977
20260932,planted0.03,pit,fixed_21d,top1,20.0,stress,-0.05141646342937467,0.09651205604737553,0.43654109720749185,-0.8193117355050273,24.043143068939955,12.021571534469977
20260932,planted0.03,pit,fixed_21d,top1,0.0,cost_v1,-0.02830980731542654,0.15181313201387503,0.4366790024497396,-0.8151833034290737,24.043143068939955,12.021571534469977
20260932,planted0.03,pit,fixed_21d,top1,5.0,cost_v1,-0.03411991889843746,0.13803423849717253,0.436642738837743,-0.81602987667391,24.043143068939955,12.021571534469977
20260932,planted0.03,pit,fixed_21d,top1,10.0,cost_v1,-0.03989816548061187,0.1242511877731299,0.4366130403038089,-0.8168730033837173,24.043143068939955,12.021571534469977
20260932,planted0.03,pit,fixed_21d,top1,20.0,cost_v1,-0.05135969882473812,0.0966750977552014,0.4365733435331439,-0.8192192250684934,24.043143068939955,12.021571534469977
20260932,planted0.03,pit,fixed_21d,top10_ew,0.0,primary,0.18780407246252606,0.789949133576035,0.26192006145602464,-0.5874974227980225,23.835516002471575,12.021571534469977
20260932,planted0.03,pit,fixed_21d,top10_ew,5.0,primary,0.18074539665627354,0.7671547116093647,0.2619109694991336,-0.5885276485000837,23.835516002471575,12.021571534469977
20260932,planted0.03,pit,fixed_21d,top10_ew,10.0,primary,0.17372520303591288,0.7443280901464715,0.26191265050220197,-0.5895558147812241,23.835516002471575,12.021571534469977
20260932,planted0.03,pit,fixed_21d,top10_ew,20.0,primary,0.15979949963294282,0.6985895302021234,0.2619483292294609,-0.5916059814341733,23.835516002471575,12.021571534469977
20260932,planted0.03,pit,fixed_21d,top10_ew,0.0,stress,0.1744483035422586,0.7455942661829285,0.2625078819441012,-0.5874974227980225,23.845867486585004,12.021571534469977
20260932,planted0.03,pit,fixed_21d,top10_ew,5.0,stress,0.16746597339935088,0.7228420817417456,0.26249786525245955,-0.5885276485000837,23.845867486585004,12.021571534469977
20260932,planted0.03,pit,fixed_21d,top10_ew,10.0,stress,0.1605217258585676,0.7000594700346641,0.26249860619592336,-0.5895558147812241,23.845867486585004,12.021571534469977
20260932,planted0.03,pit,fixed_21d,top10_ew,20.0,stress,0.14674672345079953,0.6544141801358735,0.2625323593014049,-0.5916059814341733,23.845867486585004,12.021571534469977
20260932,planted0.03,pit,fixed_21d,top10_ew,0.0,cost_v1,0.18780407246252606,0.789949133576035,0.26192006145602464,-0.5874974227980225,23.835516002471575,12.021571534469977
20260932,planted0.03,pit,fixed_21d,top10_ew,5.0,cost_v1,0.18069090228806894,0.7669663507939446,0.2619170532183308,-0.5885413974353049,23.835516002471575,12.021571534469977
20260932,planted0.03,pit,fixed_21d,top10_ew,10.0,cost_v1,0.17361680462999862,0.7439519408576711,0.26192499369934985,-0.5895832582213786,23.835516002471575,12.021571534469977
20260932,planted0.03,pit,fixed_21d,top10_ew,20.0,cost_v1,0.1595850467624751,0.6978398153701074,0.26197371546248377,-0.5916606510781495,23.835516002471575,12.021571534469977
20260932,planted0.03,pit,fixed_126d,top1,0.0,primary,0.02785158586676384,0.2711707027910047,0.41098949752777003,-0.7761401003198285,4.007190511489992,2.003595255744996
20260932,planted0.03,pit,fixed_126d,top1,5.0,primary,0.026822148413379043,0.2687272335860318,0.4109884908987058,-0.7766991906990346,4.007190511489992,2.003595255744996
20260932,planted0.03,pit,fixed_126d,top1,10.0,primary,0.02579323460667382,0.2662829765739208,0.41098868171584485,-0.7772571634567125,4.007190511489992,2.003595255744996
20260932,planted0.03,pit,fixed_126d,top1,20.0,primary,0.023736977887672817,0.2613921846148248,0.41099265567159454,-0.7783697628115335,4.007190511489992,2.003595255744996
20260932,planted0.03,pit,fixed_126d,top1,0.0,stress,0.02785158586676384,0.2711707027910047,0.41098949752777003,-0.7761401003198285,4.007190511489992,2.003595255744996
20260932,planted0.03,pit,fixed_126d,top1,5.0,stress,0.026822148413379043,0.2687272335860318,0.4109884908987058,-0.7766991906990346,4.007190511489992,2.003595255744996
20260932,planted0.03,pit,fixed_126d,top1,10.0,stress,0.02579323460667382,0.2662829765739208,0.41098868171584485,-0.7772571634567125,4.007190511489992,2.003595255744996
20260932,planted0.03,pit,fixed_126d,top1,20.0,stress,0.023736977887672817,0.2613921846148248,0.41099265567159454,-0.7783697628115335,4.007190511489992,2.003595255744996
20260932,planted0.03,pit,fixed_126d,top1,0.0,cost_v1,0.02785158586676384,0.2711707027910047,0.41098949752777003,-0.7761401003198285,4.007190511489992,2.003595255744996
20260932,planted0.03,pit,fixed_126d,top1,5.0,cost_v1,0.026822737884131698,0.2687288668272334,0.4109891592183589,-0.7767126440615124,4.007190511489992,2.003595255744996
20260932,planted0.03,pit,fixed_126d,top1,10.0,cost_v1,0.025794405875767756,0.26628624185222605,0.4109900324721254,-0.7772840157837873,4.007190511489992,2.003595255744996
20260932,planted0.03,pit,fixed_126d,top1,20.0,cost_v1,0.023739289778132555,0.2613987113356809,0.4109954136275855,-0.7784232503691515,4.007190511489992,2.003595255744996
20260932,planted0.03,pit,fixed_126d,top10_ew,0.0,primary,0.11818320285655437,0.5743609930269282,0.2491278508987828,-0.5392690016212862,3.9517688538252287,2.003595255744996
20260932,planted0.03,pit,fixed_126d,top10_ew,5.0,primary,0.11707877922009069,0.5703999663013053,0.2491165585393425,-0.5396144922786954,3.9517688538252287,2.003595255744996
20260932,planted0.03,pit,fixed_126d,top10_ew,10.0,primary,0.11597490907967978,0.5664341859291387,0.24910719879579915,-0.539959867753355,3.9517688538252287,2.003595255744996
20260932,planted0.03,pit,fixed_126d,top10_ew,20.0,primary,0.11376882923912812,0.5584887296956224,0.24909427798283884,-0.5406502731544256,3.9517688538252287,2.003595255744996
20260932,planted0.03,pit,fixed_126d,top10_ew,0.0,stress,0.10668134972442256,0.5314133247963261,0.25033720199073994,-0.5392690016212862,3.9600555662117523,2.003595255744996
20260932,planted0.03,pit,fixed_126d,top10_ew,5.0,stress,0.10558599494731036,0.527461542409869,0.2503256970274539,-0.5396144922786954,3.9600555662117523,2.003595255744996
20260932,planted0.03,pit,fixed_126d,top10_ew,10.0,stress,0.10449119042752164,0.5235053585600907,0.25031612292981403,-0.539959867753355,3.9600555662117523,2.003595255744996
20260932,planted0.03,pit,fixed_126d,top10_ew,20.0,stress,0.1023032321121986,0.515580149142238,0.2503027681730566,-0.5406502731544256,3.9600555662117523,2.003595255744996
20260932,planted0.03,pit,fixed_126d,top10_ew,0.0,cost_v1,0.11818320285655437,0.5743609930269282,0.2491278508987828,-0.5392690016212862,3.9517688538252287,2.003595255744996
20260932,planted0.03,pit,fixed_126d,top10_ew,5.0,cost_v1,0.11706709813446525,0.5703575546685526,0.24911681947678976,-0.5394978909660919,3.9517688538252287,2.003595255744996
20260932,planted0.03,pit,fixed_126d,top10_ew,10.0,cost_v1,0.11595155162702842,0.5663492182846729,0.24910778646713794,-0.5397267803108976,3.9517688538252287,2.003595255744996
20260932,planted0.03,pit,fixed_126d,top10_ew,20.0,cost_v1,0.11372213325210989,0.5583182335940438,0.249095716506386,-0.5401845590005088,3.9517688538252287,2.003595255744996
20260932,planted0.03,surv,argmax_conf,top1,0.0,primary,0.30416598642318804,0.8219043497473167,0.4410575927809626,-0.6072899308679232,9.855522609340252,4.927761304670126
20260932,planted0.03,surv,argmax_conf,top1,5.0,primary,0.3009558352257746,0.8162992822021998,0.44106148039839277,-0.6092490691108046,9.855522609340252,4.927761304670126
20260932,planted0.03,surv,argmax_conf,top1,10.0,primary,0.29775199412754794,0.8106892923085011,0.4410680998370346,-0.6111994066489705,9.855522609340252,4.927761304670126
20260932,planted0.03,surv,argmax_conf,top1,20.0,primary,0.29136320513235736,0.7994549644638321,0.4410895336352383,-0.6150738201234426,9.855522609340252,4.927761304670126
20260932,planted0.03,surv,argmax_conf,top1,0.0,stress,0.30416598642318804,0.8219043497473167,0.4410575927809626,-0.6072899308679232,9.855522609340252,4.927761304670126
20260932,planted0.03,surv,argmax_conf,top1,5.0,stress,0.3009558352257746,0.8162992822021998,0.44106148039839277,-0.6092490691108046,9.855522609340252,4.927761304670126
20260932,planted0.03,surv,argmax_conf,top1,10.0,stress,0.29775199412754794,0.8106892923085011,0.4410680998370346,-0.6111994066489705,9.855522609340252,4.927761304670126
20260932,planted0.03,surv,argmax_conf,top1,20.0,stress,0.29136320513235736,0.7994549644638321,0.4410895336352383,-0.6150738201234426,9.855522609340252,4.927761304670126
20260932,planted0.03,surv,argmax_conf,top1,0.0,cost_v1,0.30416598642318804,0.8219043497473167,0.4410575927809626,-0.6072899308679232,9.855522609340252,4.927761304670126
20260932,planted0.03,surv,argmax_conf,top1,5.0,cost_v1,0.30095412332773086,0.81629299660863,0.44106551787302956,-0.6092579223840755,9.855522609340252,4.927761304670126
20260932,planted0.03,surv,argmax_conf,top1,10.0,cost_v1,0.2977485669376261,0.8106768019992113,0.4410761868269411,-0.6112170338279951,9.855522609340252,4.927761304670126
20260932,planted0.03,surv,argmax_conf,top1,20.0,cost_v1,0.29135633734834876,0.7994303107110671,0.44110575547271,-0.6151087589074379,9.855522609340252,4.927761304670126
20260932,planted0.03,surv,argmax_conf,top10_ew,0.0,primary,0.25316961341670097,1.000597034975337,0.2598309637687278,-0.5134475106243372,9.729926737358696,4.927761304670126
20260932,planted0.03,surv,argmax_conf,top10_ew,5.0,primary,0.25012425837798546,0.9911481239623853,0.25985234939059987,-0.514881077864572,9.729926737358696,4.927761304670126
20260932,planted0.03,surv,argmax_conf,top10_ew,10.0,primary,0.24708481180767872,0.9816837459438797,0.2598782411583633,-0.5163111245267036,9.729926737358696,4.927761304670126
20260932,planted0.03,surv,argmax_conf,top10_ew,20.0,primary,0.2410236097962457,0.9627105985920341,0.25994353751118615,-0.5211771897214575,9.729926737358696,4.927761304670126
20260932,planted0.03,surv,argmax_conf,top10_ew,0.0,stress,0.25316961341670097,1.000597034975337,0.2598309637687278,-0.5134475106243372,9.729926737358696,4.927761304670126
20260932,planted0.03,surv,argmax_conf,top10_ew,5.0,stress,0.25012425837798546,0.9911481239623853,0.25985234939059987,-0.514881077864572,9.729926737358696,4.927761304670126
20260932,planted0.03,surv,argmax_conf,top10_ew,10.0,stress,0.24708481180767872,0.9816837459438797,0.2598782411583633,-0.5163111245267036,9.729926737358696,4.927761304670126
20260932,planted0.03,surv,argmax_conf,top10_ew,20.0,stress,0.2410236097962457,0.9627105985920341,0.25994353751118615,-0.5211771897214575,9.729926737358696,4.927761304670126
20260932,planted0.03,surv,argmax_conf,top10_ew,0.0,cost_v1,0.25316961341670097,1.000597034975337,0.2598309637687278,-0.5134475106243372,9.729926737358696,4.927761304670126
20260932,planted0.03,surv,argmax_conf,top10_ew,5.0,cost_v1,0.2500804100204199,0.9910060311183462,0.25985475682799253,-0.5149269784608264,9.729926737358696,4.927761304670126
20260932,planted0.03,surv,argmax_conf,top10_ew,10.0,cost_v1,0.24699727912262492,0.9813992044355698,0.25988320488559646,-0.5164026958912075,9.729926737358696,4.927761304670126
20260932,planted0.03,surv,argmax_conf,top10_ew,20.0,cost_v1,0.24084919922468773,0.9621401929763498,0.25995405963271695,-0.5214792520448416,9.729926737358696,4.927761304670126
20260932,planted0.03,surv,fixed_1d,top1,0.0,primary,0.8348948309948108,1.6100746093291447,0.43587182403993296,-0.6290104117283475,501.44032616753145,251.47828020756114
20260932,planted0.03,surv,fixed_1d,top1,5.0,primary,0.6186553202895833,1.3217596484870873,0.43566734390051143,-0.636903506424084,501.44032616753145,251.47828020756114
20260932,planted0.03,surv,fixed_1d,top1,10.0,primary,0.4278097711473372,1.0331730171881726,0.4354632441701087,-0.644632493379367,501.44032616753145,251.47828020756114
20260932,planted0.03,surv,fixed_1d,top1,20.0,primary,0.11076065624655773,0.4551862410560031,0.4350561880769168,-0.6596114077301509,501.44032616753145,251.47828020756114
20260932,planted0.03,surv,fixed_1d,top1,0.0,stress,0.8348948309948108,1.6100746093291447,0.43587182403993296,-0.6290104117283475,501.44032616753145,251.47828020756114
20260932,planted0.03,surv,fixed_1d,top1,5.0,stress,0.6186553202895833,1.3217596484870873,0.43566734390051143,-0.636903506424084,501.44032616753145,251.47828020756114
20260932,planted0.03,surv,fixed_1d,top1,10.0,stress,0.4278097711473372,1.0331730171881726,0.4354632441701087,-0.644632493379367,501.44032616753145,251.47828020756114
20260932,planted0.03,surv,fixed_1d,top1,20.0,stress,0.11076065624655773,0.4551862410560031,0.4350561880769168,-0.6596114077301509,501.44032616753145,251.47828020756114
20260932,planted0.03,surv,fixed_1d,top1,0.0,cost_v1,0.8348948309948108,1.6100746093291447,0.43587182403993296,-0.6290104117283475,501.44032616753145,251.47828020756114
20260932,planted0.03,surv,fixed_1d,top1,5.0,cost_v1,0.618458698315538,1.321061512684894,0.43587166624836454,-0.6371021869658875,501.44032616753145,251.47828020756114
20260932,planted0.03,surv,fixed_1d,top1,10.0,cost_v1,0.42746288766999885,1.0320481331092337,0.4358715395736398,-0.6450215029570143,501.44032616753145,251.47828020756114
20260932,planted0.03,surv,fixed_1d,top1,20.0,cost_v1,0.11022092828028862,0.4540207727545855,0.4358713795748228,-0.6603570425929225,501.44032616753145,251.47828020756114
20260932,planted0.03,surv,fixed_1d,top10_ew,0.0,primary,0.7072091904378928,2.202743767000368,0.2586751067554135,-0.4872766086290896,495.38843243375277,251.47828020756114
20260932,planted0.03,surv,fixed_1d,top10_ew,5.0,primary,0.5082987021057639,1.7228346567229047,0.25854905988591603,-0.4982369964764696,495.38843243375277,251.47828020756114
20260932,planted0.03,surv,fixed_1d,top10_ew,10.0,primary,0.3324822210847047,1.2424555470832568,0.2584233965869045,-0.5089683100874777,495.38843243375277,251.47828020756114
20260932,planted0.03,surv,fixed_1d,top10_ew,20.0,primary,0.039752072676068506,0.2802931507131708,0.2581732229390202,-0.6651736844956753,495.38843243375277,251.47828020756114
20260932,planted0.03,surv,fixed_1d,top10_ew,0.0,stress,0.7072091904378928,2.202743767000368,0.2586751067554135,-0.4872766086290896,495.38843243375277,251.47828020756114
20260932,planted0.03,surv,fixed_1d,top10_ew,5.0,stress,0.5082987021057639,1.7228346567229047,0.25854905988591603,-0.4982369964764696,495.38843243375277,251.47828020756114
20260932,planted0.03,surv,fixed_1d,top10_ew,10.0,stress,0.3324822210847047,1.2424555470832568,0.2584233965869045,-0.5089683100874777,495.38843243375277,251.47828020756114
20260932,planted0.03,surv,fixed_1d,top10_ew,20.0,stress,0.039752072676068506,0.2802931507131708,0.2581732229390202,-0.6651736844956753,495.38843243375277,251.47828020756114
20260932,planted0.03,surv,fixed_1d,top10_ew,0.0,cost_v1,0.7072091904378928,2.202743767000368,0.2586751067554135,-0.4872766086290896,495.38843243375277,251.47828020756114
20260932,planted0.03,surv,fixed_1d,top10_ew,5.0,cost_v1,0.5058237016861558,1.7157525226149168,0.2586748958113734,-0.4986153833805729,495.38843243375277,251.47828020756114
20260932,planted0.03,surv,fixed_1d,top10_ew,10.0,cost_v1,0.32811073685510883,1.2287602349012237,0.2586747372996967,-0.5097089891367963,495.38843243375277,251.47828020756114
20260932,planted0.03,surv,fixed_1d,top10_ew,20.0,cost_v1,0.03293455915670673,0.2547737140204068,0.258674577573787,-0.6944242494949708,495.38843243375277,251.47828020756114
20260932,planted0.03,surv,fixed_21d,top1,0.0,primary,0.20828489190011523,0.6583652259674364,0.42251686298067537,-0.6807564966732449,24.043143068939955,12.021571534469977
20260932,planted0.03,surv,fixed_21d,top1,5.0,primary,0.20104213265549675,0.6441322729856731,0.4224713125193277,-0.6820312382153368,24.043143068939955,12.021571534469977
20260932,planted0.03,surv,fixed_21d,top1,10.0,primary,0.19383920484646988,0.6298860769587373,0.4224325848287246,-0.6833015237370728,24.043143068939955,12.021571534469977
20260932,planted0.03,surv,fixed_21d,top1,20.0,primary,0.1795520471158334,0.601356693745878,0.42237560493609294,-0.6858287801182087,24.043143068939955,12.021571534469977
20260932,planted0.03,surv,fixed_21d,top1,0.0,stress,0.20828489190011523,0.6583652259674364,0.42251686298067537,-0.6807564966732449,24.043143068939955,12.021571534469977
20260932,planted0.03,surv,fixed_21d,top1,5.0,stress,0.20104213265549675,0.6441322729856731,0.4224713125193277,-0.6820312382153368,24.043143068939955,12.021571534469977
20260932,planted0.03,surv,fixed_21d,top1,10.0,stress,0.19383920484646988,0.6298860769587373,0.4224325848287246,-0.6833015237370728,24.043143068939955,12.021571534469977
20260932,planted0.03,surv,fixed_21d,top1,20.0,stress,0.1795520471158334,0.601356693745878,0.42237560493609294,-0.6858287801182087,24.043143068939955,12.021571534469977
20260932,planted0.03,surv,fixed_21d,top1,0.0,cost_v1,0.20828489190011523,0.6583652259674364,0.42251686298067537,-0.6807564966732449,24.043143068939955,12.021571534469977
20260932,planted0.03,surv,fixed_21d,top1,5.0,cost_v1,0.20105952854191256,0.6441586459594745,0.4224866848913555,-0.6820502037107552,24.043143068939955,12.021571534469977
20260932,planted0.03,surv,fixed_21d,top1,10.0,cost_v1,0.19387379358583745,0.6299399175285387,0.4224632927276977,-0.6833393233200812,24.043143068939955,12.021571534469977
20260932,planted0.03,surv,fixed_21d,top1,20.0,cost_v1,0.17962041894334768,0.6014687434168909,0.42243687035954053,-0.6859038559927929,24.043143068939955,12.021571534469977
20260932,planted0.03,surv,fixed_21d,top10_ew,0.0,primary,0.3204688755434899,1.2037210151331745,0.2594099517337716,-0.5018758140574899,23.715422982012807,12.021571534469977
20260932,planted0.03,surv,fixed_21d,top10_ew,5.0,primary,0.3126612504113384,1.1808885892384673,0.2593841455957213,-0.5035470962043365,23.715422982012807,12.021571534469977
20260932,planted0.03,surv,fixed_21d,top10_ew,10.0,primary,0.30489597417865655,1.1580034167516648,0.25936913548373314,-0.505213573568066,23.715422982012807,12.021571534469977
20260932,planted0.03,surv,fixed_21d,top10_ew,20.0,primary,0.28949163336550865,1.1120862129918319,0.2593715094871626,-0.5085321599520803,23.715422982012807,12.021571534469977
20260932,planted0.03,surv,fixed_21d,top10_ew,0.0,stress,0.3204688755434899,1.2037210151331745,0.2594099517337716,-0.5018758140574899,23.715422982012807,12.021571534469977
20260932,planted0.03,surv,fixed_21d,top10_ew,5.0,stress,0.3126612504113384,1.1808885892384673,0.2593841455957213,-0.5035470962043365,23.715422982012807,12.021571534469977
20260932,planted0.03,surv,fixed_21d,top10_ew,10.0,stress,0.30489597417865655,1.1580034167516648,0.25936913548373314,-0.505213573568066,23.715422982012807,12.021571534469977
20260932,planted0.03,surv,fixed_21d,top10_ew,20.0,stress,0.28949163336550865,1.1120862129918319,0.2593715094871626,-0.5085321599520803,23.715422982012807,12.021571534469977
20260932,planted0.03,surv,fixed_21d,top10_ew,0.0,cost_v1,0.3204688755434899,1.2037210151331745,0.2594099517337716,-0.5018758140574899,23.715422982012807,12.021571534469977
20260932,planted0.03,surv,fixed_21d,top10_ew,5.0,cost_v1,0.3125696226990675,1.180597937955105,0.25938995952444793,-0.5036172486829177,23.715422982012807,12.021571534469977
20260932,planted0.03,surv,fixed_21d,top10_ew,10.0,cost_v1,0.30471371398877944,1.1574219656769578,0.25938102191574486,-0.5053534638077339,23.715422982012807,12.021571534469977
20260932,planted0.03,surv,fixed_21d,top10_ew,20.0,cost_v1,0.28913106451472004,1.110923166139666,0.259396313657561,-0.5088102876885892,23.715422982012807,12.021571534469977
20260932,planted0.03,surv,fixed_126d,top1,0.0,primary,0.1901828867194737,0.5984361186095942,0.48533939165706286,-0.5973301689822261,3.898888065233506,2.003595255744996
20260932,planted0.03,surv,fixed_126d,top1,5.0,primary,0.18902307267298646,0.5964226138786085,0.48533781736400905,-0.6003396205080589,3.898888065233506,2.003595255744996
20260932,planted0.03,surv,fixed_126d,top1,10.0,primary,0.18786382545374525,0.594407903350784,0.48533721694295656,-0.6033280195143343,3.898888065233506,2.003595255744996
20260932,planted0.03,surv,fixed_126d,top1,20.0,primary,0.18554703146090534,0.590374913402945,0.48533893772545095,-0.6092422080056927,3.898888065233506,2.003595255744996
20260932,planted0.03,surv,fixed_126d,top1,0.0,stress,0.1901828867194737,0.5984361186095942,0.48533939165706286,-0.5973301689822261,3.898888065233506,2.003595255744996
20260932,planted0.03,surv,fixed_126d,top1,5.0,stress,0.18902307267298646,0.5964226138786085,0.48533781736400905,-0.6003396205080589,3.898888065233506,2.003595255744996
20260932,planted0.03,surv,fixed_126d,top1,10.0,stress,0.18786382545374525,0.594407903350784,0.48533721694295656,-0.6033280195143343,3.898888065233506,2.003595255744996
20260932,planted0.03,surv,fixed_126d,top1,20.0,stress,0.18554703146090534,0.590374913402945,0.48533893772545095,-0.6092422080056927,3.898888065233506,2.003595255744996
20260932,planted0.03,surv,fixed_126d,top1,0.0,cost_v1,0.1901828867194737,0.5984361186095942,0.48533939165706286,-0.5973301689822261,3.898888065233506,2.003595255744996
20260932,planted0.03,surv,fixed_126d,top1,5.0,cost_v1,0.18899275054982168,0.5963699126652844,0.48533796852482103,-0.6005391729197647,3.898888065233506,2.003595255744996
20260932,planted0.03,surv,fixed_126d,top1,10.0,cost_v1,0.18780321049025295,0.5943024382957128,0.4853375713553327,-0.6037241903403896,3.898888065233506,2.003595255744996
20260932,planted0.03,surv,fixed_126d,top1,20.0,cost_v1,0.18542591869707814,0.5901637367254299,0.4853398549081861,-0.6100229342224958,3.898888065233506,2.003595255744996
20260932,planted0.03,surv,fixed_126d,top10_ew,0.0,primary,0.21349305113034456,0.8929864228969743,0.2531726695995715,-0.6402019422732157,3.945982710196408,2.003595255744996
20260932,planted0.03,surv,fixed_126d,top10_ew,5.0,primary,0.2122962450129422,0.889087482559563,0.2531691722499069,-0.640381841302079,3.945982710196408,2.003595255744996
20260932,planted0.03,surv,fixed_126d,top10_ew,10.0,primary,0.21110003795142518,0.8851818249460789,0.25316756525967776,-0.6405617403309425,3.945982710196408,2.003595255744996
20260932,planted0.03,surv,fixed_126d,top10_ew,20.0,primary,0.20870942094406653,0.8773507072791679,0.2531700224591696,-0.6409215383886693,3.945982710196408,2.003595255744996
20260932,planted0.03,surv,fixed_126d,top10_ew,0.0,stress,0.21349305113034456,0.8929864228969743,0.2531726695995715,-0.6402019422732157,3.945982710196408,2.003595255744996
20260932,planted0.03,surv,fixed_126d,top10_ew,5.0,stress,0.2122962450129422,0.889087482559563,0.2531691722499069,-0.640381841302079,3.945982710196408,2.003595255744996
20260932,planted0.03,surv,fixed_126d,top10_ew,10.0,stress,0.21110003795142518,0.8851818249460789,0.25316756525967776,-0.6405617403309425,3.945982710196408,2.003595255744996
20260932,planted0.03,surv,fixed_126d,top10_ew,20.0,stress,0.20870942094406653,0.8773507072791679,0.2531700224591696,-0.6409215383886693,3.945982710196408,2.003595255744996
20260932,planted0.03,surv,fixed_126d,top10_ew,0.0,cost_v1,0.21349305113034456,0.8929864228969743,0.2531726695995715,-0.6402019422732157,3.945982710196408,2.003595255744996
20260932,planted0.03,surv,fixed_126d,top10_ew,5.0,cost_v1,0.2122797114025543,0.8890311897397191,0.25317007923827056,-0.6403767148524677,3.945982710196408,2.003595255744996
20260932,planted0.03,surv,fixed_126d,top10_ew,10.0,cost_v1,0.21106697958407072,0.8850689997284924,0.2531694556821398,-0.64055148743172,3.945982710196408,2.003595255744996
20260932,planted0.03,surv,fixed_126d,top10_ew,20.0,cost_v1,0.20864333967065618,0.8771241185876225,0.25317410899768106,-0.6409010325902241,3.945982710196408,2.003595255744996
20260932,planted0.10,pit,argmax_conf,top1,0.0,primary,0.12019355962924139,0.4775217165071582,0.44205871074454683,-0.7841185169377598,9.422312824314307,4.711156412157154
20260932,planted0.10,pit,argmax_conf,top1,5.0,primary,0.1175573069321989,0.4721810256545966,0.4420364342720424,-0.7883943150947765,9.422312824314307,4.711156412157154
20260932,planted0.10,pit,argmax_conf,top1,10.0,primary,0.11492595146223183,0.4668370189588012,0.4420167876384287,-0.7925875020243317,9.422312824314307,4.711156412157154
20260932,planted0.10,pit,argmax_conf,top1,20.0,primary,0.10967790552582457,0.4561394365537548,0.4419853852437135,-0.8007322374506001,9.422312824314307,4.711156412157154
20260932,planted0.10,pit,argmax_conf,top1,0.0,stress,0.12019355962924139,0.4775217165071582,0.44205871074454683,-0.7841185169377598,9.422312824314307,4.711156412157154
20260932,planted0.10,pit,argmax_conf,top1,5.0,stress,0.1175573069321989,0.4721810256545966,0.4420364342720424,-0.7883943150947765,9.422312824314307,4.711156412157154
20260932,planted0.10,pit,argmax_conf,top1,10.0,stress,0.11492595146223183,0.4668370189588012,0.4420167876384287,-0.7925875020243317,9.422312824314307,4.711156412157154
20260932,planted0.10,pit,argmax_conf,top1,20.0,stress,0.10967790552582457,0.4561394365537548,0.4419853852437135,-0.8007322374506001,9.422312824314307,4.711156412157154
20260932,planted0.10,pit,argmax_conf,top1,0.0,cost_v1,0.12019355962924139,0.4775217165071582,0.44205871074454683,-0.7841185169377598,9.422312824314307,4.711156412157154
20260932,planted0.10,pit,argmax_conf,top1,5.0,cost_v1,0.11756935236142896,0.4722053603083069,0.4420379245005702,-0.788375939423385,9.422312824314307,4.711156412157154
20260932,planted0.10,pit,argmax_conf,top1,10.0,cost_v1,0.11494998968011938,0.466885737631422,0.44201975736662424,-0.7925514602372208,9.422312824314307,4.711156412157154
20260932,planted0.10,pit,argmax_conf,top1,20.0,cost_v1,0.10972577193734301,0.456237068333323,0.44199128167410073,-0.8006629124610004,9.422312824314307,4.711156412157154
20260932,planted0.10,pit,argmax_conf,top10_ew,0.0,primary,0.2512799558991592,1.0503098761280207,0.24179746070179256,-0.517269587620951,9.333805114600816,4.711156412157154
20260932,planted0.10,pit,argmax_conf,top10_ew,5.0,primary,0.24836284112100926,1.0407072451383594,0.24177446643004674,-0.5177521973507269,9.333805114600816,4.711156412157154
20260932,planted0.10,pit,argmax_conf,top10_ew,10.0,primary,0.24545109358273542,1.0310827099366289,0.24175617960267373,-0.5182345657152967,9.333805114600816,4.711156412157154
20260932,planted0.10,pit,argmax_conf,top10_ew,20.0,primary,0.23964367127124353,1.0117701419381175,0.24173373227937361,-0.5191985783488176,9.333805114600816,4.711156412157154
20260932,planted0.10,pit,argmax_conf,top10_ew,0.0,stress,0.24170650445057018,1.015542355111007,0.24271723126062802,-0.517269587620951,9.34070115680713,4.711156412157154
20260932,planted0.10,pit,argmax_conf,top10_ew,5.0,stress,0.2388095715676919,1.0059666831738714,0.2426939905074438,-0.5177521973507269,9.34070115680713,4.711156412157154
20260932,planted0.10,pit,argmax_conf,top10_ew,10.0,stress,0.23591797280653215,0.9963698949843117,0.24267544600730262,-0.5182345657152967,9.34070115680713,4.711156412157154
20260932,planted0.10,pit,argmax_conf,top10_ew,20.0,stress,0.23015074885138076,0.9771151655042523,0.2426524498003621,-0.5191985783488176,9.34070115680713,4.711156412157154
20260932,planted0.10,pit,argmax_conf,top10_ew,0.0,cost_v1,0.2512799558991592,1.0503098761280207,0.24179746070179256,-0.517269587620951,9.333805114600816,4.711156412157154
20260932,planted0.10,pit,argmax_conf,top10_ew,5.0,cost_v1,0.24834465482035117,1.04064038695505,0.24177641691479748,-0.5177484088625425,9.333805114600816,4.711156412157154
20260932,planted0.10,pit,argmax_conf,top10_ew,10.0,cost_v1,0.24541478033362396,1.0309487937056756,0.241760161739931,-0.5182269925709513,9.333805114600816,4.711156412157154
20260932,planted0.10,pit,argmax_conf,top10_ew,20.0,cost_v1,0.2395712818133593,1.0115015685347033,0.24174202080595475,-0.5191834473882202,9.333805114600816,4.711156412157154
20260932,planted0.10,pit,fixed_1d,top1,0.0,primary,4.3794595236530665,3.90500234583803,0.45892568513110465,-0.33580776098321774,502.25259451445515,251.47828020756114
20260932,planted0.10,pit,fixed_1d,top1,5.0,primary,3.744534722163108,3.6307624105701124,0.4586954838970475,-0.3377978486392298,502.25259451445515,251.47828020756114
20260932,planted0.10,pit,fixed_1d,top1,10.0,primary,3.184285715572992,3.35624582010459,0.4584654543012791,-0.33978296480761894,502.25259451445515,251.47828020756114
20260932,planted0.10,pit,fixed_1d,top1,20.0,primary,2.25382940430224,2.8063822349981917,0.4580059110588618,-0.34373832242855773,502.25259451445515,251.47828020756114
20260932,planted0.10,pit,fixed_1d,top1,0.0,stress,4.276555531840359,3.823395458837157,0.46446419951857815,-0.33580776098321774,502.25259451445515,251.47828020756114
20260932,planted0.10,pit,fixed_1d,top1,5.0,stress,3.65377624353568,3.5524630083257716,0.4642251925178548,-0.3377978486392298,502.25259451445515,251.47828020756114
20260932,planted0.10,pit,fixed_1d,top1,10.0,stress,3.104244272538776,3.2812502617987853,0.46398635129975474,-0.33978296480761894,502.25259451445515,251.47828020756114
20260932,planted0.10,pit,fixed_1d,top1,20.0,stress,2.191586713766503,2.737983306094686,0.4635091672363587,-0.34373832242855773,502.25259451445515,251.47828020756114
20260932,planted0.10,pit,fixed_1d,top1,0.0,cost_v1,4.3794595236530665,3.90500234583803,0.45892568513110465,-0.33580776098321774,502.25259451445515,251.47828020756114
20260932,planted0.10,pit,fixed_1d,top1,5.0,cost_v1,3.7474520867470504,3.630510406528463,0.4589252794725735,-0.33793961776076686,502.25259451445515,251.47828020756114
20260932,planted0.10,pit,fixed_1d,top1,10.0,cost_v1,3.1894356857098716,3.3560177658364663,0.4589249033674764,-0.3400657708758681,502.25259451445515,251.47828020756114
20260932,planted0.10,pit,fixed_1d,top1,20.0,cost_v1,2.261852122281709,2.8070305924154884,0.45892423981786884,-0.3443010149430049,502.25259451445515,251.47828020756114
20260932,planted0.10,pit,fixed_1d,top10_ew,0.0,primary,3.5963545211016728,5.725157852059803,0.27415695607615187,-0.21864983747906064,498.1693499975641,251.47828020756114
20260932,planted0.10,pit,fixed_1d,top10_ew,5.0,primary,3.0580001680262088,5.269798431699815,0.2740220713317819,-0.22099095985615946,498.1693499975641,251.47828020756114
20260932,planted0.10,pit,fixed_1d,top10_ew,10.0,primary,2.5824799486953034,4.813986487025612,0.27388741478357237,-0.22332623381703887,498.1693499975641,251.47828020756114
20260932,planted0.10,pit,fixed_1d,top10_ew,20.0,primary,1.7915574774910277,3.901006897101922,0.273618787622695,-0.23085464060687544,498.1693499975641,251.47828020756114
20260932,planted0.10,pit,fixed_1d,top10_ew,0.0,stress,3.4991120578868617,5.619076595829958,0.27556727323085795,-0.21864983747906064,498.1888959323187,251.47828020756114
20260932,planted0.10,pit,fixed_1d,top10_ew,5.0,stress,2.97212794315268,5.1660464576567815,0.2754307667939948,-0.22099095985615946,498.1888959323187,251.47828020756114
20260932,planted0.10,pit,fixed_1d,top10_ew,10.0,stress,2.5066531508187513,4.7125631678592415,0.2752944867692319,-0.22332623381703876,498.1888959323187,251.47828020756114
20260932,planted0.10,pit,fixed_1d,top10_ew,20.0,stress,1.7324445695957422,3.8042389024064684,0.2750226073017567,-0.23085464060687533,498.1888959323187,251.47828020756114
20260932,planted0.10,pit,fixed_1d,top10_ew,0.0,cost_v1,3.5963545211016728,5.725157852059803,0.27415695607615187,-0.21864983747906064,498.1693499975641,251.47828020756114
20260932,planted0.10,pit,fixed_1d,top10_ew,5.0,cost_v1,3.0561555634518793,5.265677413098418,0.2741563644075601,-0.2210929952589662,498.1693499975641,251.47828020756114
20260932,planted0.10,pit,fixed_1d,top10_ew,10.0,cost_v1,2.5792222780136997,4.806194123622358,0.2741558222094555,-0.2235297876404666,498.1693499975641,251.47828020756114
20260932,planted0.10,pit,fixed_1d,top10_ew,20.0,cost_v1,1.78647817134561,3.8872199879951745,0.2741548862258551,-0.23139661557467328,498.1693499975641,251.47828020756114
20260932,planted0.10,pit,fixed_21d,top1,0.0,primary,0.5284271223989407,1.2416000188004321,0.4092647808660215,-0.4855659516287407,23.934840622683467,12.021571534469977
20260932,planted0.10,pit,fixed_21d,top1,5.0,primary,0.5193065022706944,1.2269593290857246,0.40925009066765927,-0.4872355491002929,23.934840622683467,12.021571534469977
20260932,planted0.10,pit,fixed_21d,top1,10.0,primary,0.5102358053797333,1.212296899601414,0.40924238434762655,-0.4889005272643657,23.934840622683467,12.021571534469977
20260932,planted0.10,pit,fixed_21d,top1,20.0,primary,0.4922431880095439,1.1829098177087087,0.4092479245631211,-0.4922166679760235,23.934840622683467,12.021571534469977
20260932,planted0.10,pit,fixed_21d,top1,0.0,stress,0.47051166441333114,1.1291907323709383,0.42117953543417114,-0.6398961722726504,23.934840622683467,12.021571534469977
20260932,planted0.10,pit,fixed_21d,top1,5.0,stress,0.461736644598046,1.114964087535233,0.42116341717417033,-0.6410648904828335,23.934840622683467,12.021571534469977
20260932,planted0.10,pit,fixed_21d,top1,10.0,stress,0.4530096563190229,1.100718617075407,0.4211540851564575,-0.6422303751778365,23.934840622683467,12.021571534469977
20260932,planted0.10,pit,fixed_21d,top1,20.0,stress,0.435698818707962,1.0721739468510059,0.4211557813242919,-0.6445516736364656,23.934840622683467,12.021571534469977
20260932,planted0.10,pit,fixed_21d,top1,0.0,cost_v1,0.5284271223989407,1.2416000188004321,0.4092647808660215,-0.4855659516287407,23.934840622683467,12.021571534469977
20260932,planted0.10,pit,fixed_21d,top1,5.0,cost_v1,0.5192825005012665,1.2268997877693384,0.40926015761623535,-0.4873872268029771,23.934840622683467,12.021571534469977
20260932,planted0.10,pit,fixed_21d,top1,10.0,cost_v1,0.5101880619868133,1.2121784705512697,0.4092625413487084,-0.4892029728452838,23.934840622683467,12.021571534469977
20260932,planted0.10,pit,fixed_21d,top1,20.0,cost_v1,0.492148734166018,1.182675607981585,0.4092883289108439,-0.4928179334814712,23.934840622683467,12.021571534469977
20260932,planted0.10,pit,fixed_21d,top10_ew,0.0,primary,0.4389678489240916,1.551369845076408,0.25639303735507496,-0.5128633178800135,23.824819277285467,12.021571534469977
20260932,planted0.10,pit,fixed_21d,top10_ew,5.0,primary,0.4304204275873349,1.5281336930408,0.2563780829532005,-0.5133503327779629,23.824819277285467,12.021571534469977
20260932,planted0.10,pit,fixed_21d,top10_ew,10.0,primary,0.4219195835706022,1.5048301674035782,0.2563741445065736,-0.5138371041075714,23.824819277285467,12.021571534469977
20260932,planted0.10,pit,fixed_21d,top10_ew,20.0,primary,0.40505670475548916,1.458033011369299,0.25639931608973177,-0.514809916061765,23.824819277285467,12.021571534469977
20260932,planted0.10,pit,fixed_21d,top10_ew,0.0,stress,0.42035519874502936,1.495920371060291,0.25732994576292384,-0.5325253717086578,23.83672646690233,12.021571534469977
20260932,planted0.10,pit,fixed_21d,top10_ew,5.0,stress,0.41191413093212437,1.4727625617827917,0.25731342179482164,-0.5329927294682921,23.83672646690233,12.021571534469977
20260932,planted0.10,pit,fixed_21d,top10_ew,10.0,stress,0.4035190839612153,1.449539881023695,0.25730788470150373,-0.5334598534906121,23.83672646690233,12.021571534469977
20260932,planted0.10,pit,fixed_21d,top10_ew,20.0,stress,0.3868661403683378,1.402911795237934,0.2573297725688645,-0.53439340032331,23.83672646690233,12.021571534469977
20260932,planted0.10,pit,fixed_21d,top10_ew,0.0,cost_v1,0.4389678489240916,1.551369845076408,0.25639303735507496,-0.5128633178800135,23.824819277285467,12.021571534469977
20260932,planted0.10,pit,fixed_21d,top10_ew,5.0,cost_v1,0.43035961141404844,1.527945225966075,0.25638253314789183,-0.5133519172834001,23.824819277285467,12.021571534469977
20260932,planted0.10,pit,fixed_21d,top10_ew,10.0,cost_v1,0.4217986091599579,1.5044530510824248,0.2563832139335241,-0.5138402722913022,23.824819277285467,12.021571534469977
20260932,planted0.10,pit,fixed_21d,top10_ew,20.0,cost_v1,0.40481736833722537,1.4572783609531785,0.2564181286632104,-0.5148162491206534,23.824819277285467,12.021571534469977
20260932,planted0.10,pit,fixed_126d,top1,0.0,primary,0.20480315040861052,0.6656952457032682,0.39584701171311,-0.5702231520173713,3.844736842105263,2.003595255744996
20260932,planted0.10,pit,fixed_126d,top1,5.0,primary,0.2036453898707602,0.6632613350273391,0.3958447875141694,-0.5704380404413623,3.844736842105263,2.003595255744996
20260932,planted0.10,pit,fixed_126d,top1,10.0,primary,0.20248818378215439,0.6608254448878187,0.395843732654189,-0.5706529288653538,3.844736842105263,2.003595255744996
20260932,planted0.10,pit,fixed_126d,top1,20.0,primary,0.20017543492278467,0.6559478124933529,0.3958451309781392,-0.5710827057133363,3.844736842105263,2.003595255744996
20260932,planted0.10,pit,fixed_126d,top1,0.0,stress,0.18175640138476457,0.6150052630449876,0.4020094181448589,-0.5702231520173715,3.844736842105263,2.003595255744996
20260932,planted0.10,pit,fixed_126d,top1,5.0,stress,0.18062078771508627,0.6126085658938227,0.40200707298373545,-0.5704380404413627,3.844736842105263,2.003595255744996
20260932,planted0.10,pit,fixed_126d,top1,10.0,stress,0.17948571788856116,0.6102100930289317,0.40200587923593484,-0.5706529288653542,3.844736842105263,2.003595255744996
20260932,planted0.10,pit,fixed_126d,top1,20.0,stress,0.17721720973564947,0.6054079025137259,0.40200694601143794,-0.5710827057133367,3.844736842105263,2.003595255744996
20260932,planted0.10,pit,fixed_126d,top1,0.0,cost_v1,0.20480315040861052,0.6656952457032682,0.39584701171311,-0.5702231520173713,3.844736842105263,2.003595255744996
20260932,planted0.10,pit,fixed_126d,top1,5.0,cost_v1,0.20359888120943959,0.6631633962041945,0.39584484815735155,-0.5704340334376171,3.844736842105263,2.003595255744996
20260932,planted0.10,pit,fixed_126d,top1,10.0,cost_v1,0.20239521516545333,0.6606294196791787,0.3958439425111552,-0.5706449148578633,3.844736842105263,2.003595255744996
20260932,planted0.10,pit,fixed_126d,top1,20.0,cost_v1,0.19998969253870524,0.6555551821250591,0.395845904969992,-0.5710666776983555,3.844736842105263,2.003595255744996
20260932,planted0.10,pit,fixed_126d,top10_ew,0.0,primary,0.21534569325810748,0.8992910092172739,0.25301938668208696,-0.517269587620951,3.942657486392976,2.003595255744996
20260932,planted0.10,pit,fixed_126d,top10_ew,5.0,primary,0.21414806991865265,0.8954133204342551,0.25300796579309437,-0.5177521973507269,3.942657486392976,2.003595255744996
20260932,planted0.10,pit,fixed_126d,top10_ew,10.0,primary,0.2129510457896504,0.8915286066786225,0.2529984390895269,-0.5182345657152967,3.942657486392976,2.003595255744996
20260932,planted0.10,pit,fixed_126d,top10_ew,20.0,primary,0.21055879511093156,0.8837384475832959,0.25298506905207657,-0.5191985783488176,3.942657486392976,2.003595255744996
20260932,planted0.10,pit,fixed_126d,top10_ew,0.0,stress,0.2037662563260667,0.8603187808409382,0.253459653766322,-0.517269587620951,3.951341516704604,2.003595255744996
20260932,planted0.10,pit,fixed_126d,top10_ew,5.0,stress,0.2025774315166886,0.856430118982017,0.2534513421744126,-0.5177521973507269,3.951341516704604,2.003595255744996
20260932,planted0.10,pit,fixed_126d,top10_ew,10.0,stress,0.20138920287243267,0.8525348230881459,0.2534449269366907,-0.5182345657152967,3.951341516704604,2.003595255744996
20260932,planted0.10,pit,fixed_126d,top10_ew,20.0,stress,0.19901453402746094,0.8447246754599445,0.253437786057266,-0.5191985783488176,3.951341516704604,2.003595255744996
20260932,planted0.10,pit,fixed_126d,top10_ew,0.0,cost_v1,0.21534569325810748,0.8992910092172739,0.25301938668208696,-0.517269587620951,3.942657486392976,2.003595255744996
20260932,planted0.10,pit,fixed_126d,top10_ew,5.0,cost_v1,0.2141331785451408,0.8953647738510463,0.2530079430947725,-0.5177484088625425,3.942657486392976,2.003595255744996
20260932,planted0.10,pit,fixed_126d,top10_ew,10.0,cost_v1,0.21292126997448046,0.891431250323892,0.2529984671508036,-0.5182269925709513,3.942657486392976,2.003595255744996
20260932,planted0.10,pit,fixed_126d,top10_ew,20.0,cost_v1,0.21049927125573364,0.8835427000475563,0.25298541903140315,-0.5191834473882202,3.942657486392976,2.003595255744996
20260932,planted0.10,surv,argmax_conf,top1,0.0,primary,0.39064454028614937,0.5934744877982953,0.9753986040124614,-0.742011277522473,11.371756856931059,5.6858784284655295
20260932,planted0.10,surv,argmax_conf,top1,5.0,primary,0.38669565566692987,0.5905412446469838,0.9753772391136065,-0.7441954319376829,11.371756856931059,5.6858784284655295
20260932,planted0.10,surv,argmax_conf,top1,10.0,primary,0.3827560261894336,0.5876070013031136,0.9753573211117397,-0.7463621741582456,11.371756856931059,5.6858784284655295
20260932,planted0.10,surv,argmax_conf,top1,20.0,primary,0.37490446427348667,0.5817355658294947,0.9753218261471137,-0.7506439419070035,11.371756856931059,5.6858784284655295
20260932,planted0.10,surv,argmax_conf,top1,0.0,stress,0.39064454028614937,0.5934744877982953,0.9753986040124614,-0.742011277522473,11.371756856931059,5.6858784284655295
20260932,planted0.10,surv,argmax_conf,top1,5.0,stress,0.38669565566692987,0.5905412446469838,0.9753772391136065,-0.7441954319376829,11.371756856931059,5.6858784284655295
20260932,planted0.10,surv,argmax_conf,top1,10.0,stress,0.3827560261894336,0.5876070013031136,0.9753573211117397,-0.7463621741582456,11.371756856931059,5.6858784284655295
20260932,planted0.10,surv,argmax_conf,top1,20.0,stress,0.37490446427348667,0.5817355658294947,0.9753218261471137,-0.7506439419070035,11.371756856931059,5.6858784284655295
20260932,planted0.10,surv,argmax_conf,top1,0.0,cost_v1,0.39064454028614937,0.5934744877982953,0.9753986040124614,-0.742011277522473,11.371756856931059,5.6858784284655295
20260932,planted0.10,surv,argmax_conf,top1,5.0,cost_v1,0.3867274654734809,0.5905657169811538,0.9753799559570216,-0.7441781244159067,11.371756856931059,5.6858784284655295
20260932,planted0.10,surv,argmax_conf,top1,10.0,cost_v1,0.3828194866044037,0.5876559751503114,0.9753627349326849,-0.74632783497856,11.371756856931059,5.6858784284655295
20260932,planted0.10,surv,argmax_conf,top1,20.0,cost_v1,0.37503075023957755,0.581833629161384,0.9753325742734136,-0.750576354659329,11.371756856931059,5.6858784284655295
20260932,planted0.10,surv,argmax_conf,top10_ew,0.0,primary,0.3823945907667239,1.2876081845763814,0.28232395725701753,-0.5285356363169706,11.116833881257286,5.6858784284655295
20260932,planted0.10,surv,argmax_conf,top10_ew,5.0,primary,0.378557027593484,1.2778451596534912,0.2822918472350518,-0.5290069828145628,11.116833881257286,5.6858784284655295
20260932,planted0.10,surv,argmax_conf,top10_ew,10.0,primary,0.3747282530013072,1.268058607499954,0.282264479744712,-0.529478093579973,11.116833881257286,5.6858784284655295
20260932,planted0.10,surv,argmax_conf,top10_ew,20.0,primary,0.36709700613748186,1.248416846596797,0.2822239776384743,-0.530419607914248,11.116833881257286,5.6858784284655295
20260932,planted0.10,surv,argmax_conf,top10_ew,0.0,stress,0.3823945907667239,1.2876081845763814,0.28232395725701753,-0.5285356363169706,11.116833881257286,5.6858784284655295
20260932,planted0.10,surv,argmax_conf,top10_ew,5.0,stress,0.378557027593484,1.2778451596534912,0.2822918472350518,-0.5290069828145628,11.116833881257286,5.6858784284655295
20260932,planted0.10,surv,argmax_conf,top10_ew,10.0,stress,0.3747282530013072,1.268058607499954,0.282264479744712,-0.529478093579973,11.116833881257286,5.6858784284655295
20260932,planted0.10,surv,argmax_conf,top10_ew,20.0,stress,0.36709700613748186,1.248416846596797,0.2822239776384743,-0.530419607914248,11.116833881257286,5.6858784284655295
20260932,planted0.10,surv,argmax_conf,top10_ew,0.0,cost_v1,0.3823945907667239,1.2876081845763814,0.28232395725701753,-0.5285356363169706,11.116833881257286,5.6858784284655295
20260932,planted0.10,surv,argmax_conf,top10_ew,5.0,cost_v1,0.3784866917707592,1.2776595842711045,0.2822930447277373,-0.5290094160487191,11.116833881257286,5.6858784284655295
20260932,planted0.10,surv,argmax_conf,top10_ew,10.0,cost_v1,0.37458790115892326,1.2676866682027297,0.2822670611343671,-0.5294829576227564,11.116833881257286,5.6858784284655295
20260932,planted0.10,surv,argmax_conf,top10_ew,20.0,cost_v1,0.3668175782844303,1.2476699315648796,0.28222988594252657,-0.5304293262976975,11.116833881257286,5.6858784284655295
20260932,planted0.10,surv,fixed_1d,top1,0.0,primary,3.9513205881226083,3.7105704554845804,0.46272178378077666,-0.5303066778244069,501.8735359525574,251.47828020756114
20260932,planted0.10,surv,fixed_1d,top1,5.0,primary,3.3673419520650247,3.4387727066995026,0.4624918201236763,-0.5307762537232521,501.8735359525574,251.47828020756114
20260932,planted0.10,surv,fixed_1d,top1,10.0,primary,2.8519982786515445,3.166702593877012,0.462262139504503,-0.5312455947754345,501.8735359525574,251.47828020756114
20260932,planted0.10,surv,fixed_1d,top1,20.0,primary,1.996001030458174,2.6217456430035995,0.4618036290686636,-0.5321835723398194,501.8735359525574,251.47828020756114
20260932,planted0.10,surv,fixed_1d,top1,0.0,stress,3.9513205881226083,3.7105704554845804,0.46272178378077666,-0.5303066778244069,501.8735359525574,251.47828020756114
20260932,planted0.10,surv,fixed_1d,top1,5.0,stress,3.3673419520650247,3.4387727066995026,0.4624918201236763,-0.5307762537232521,501.8735359525574,251.47828020756114
20260932,planted0.10,surv,fixed_1d,top1,10.0,stress,2.8519982786515445,3.166702593877012,0.462262139504503,-0.5312455947754345,501.8735359525574,251.47828020756114
20260932,planted0.10,surv,fixed_1d,top1,20.0,stress,1.996001030458174,2.6217456430035995,0.4618036290686636,-0.5321835723398194,501.8735359525574,251.47828020756114
20260932,planted0.10,surv,fixed_1d,top1,0.0,cost_v1,3.9513205881226083,3.7105704554845804,0.46272178378077666,-0.5303066778244069,501.8735359525574,251.47828020756114
20260932,planted0.10,surv,fixed_1d,top1,5.0,cost_v1,3.369393138444332,3.438330082876623,0.4627213989347037,-0.5310411537354752,501.8735359525574,251.47828020756114
20260932,planted0.10,surv,fixed_1d,top1,10.0,cost_v1,2.8556194254514784,3.166089056867264,0.4627210433996453,-0.5317751296465423,501.8735359525574,251.47828020756114
20260932,planted0.10,surv,fixed_1d,top1,20.0,cost_v1,2.001642820113178,2.621605251578286,0.46272042026283705,-0.5332415814686793,501.8735359525574,251.47828020756114
20260932,planted0.10,surv,fixed_1d,top10_ew,0.0,primary,3.7856760011443065,6.044787350180684,0.26607757884178246,-0.23678218388641403,495.46823870878114,251.47828020756114
20260932,planted0.10,surv,fixed_1d,top10_ew,5.0,primary,3.228002562992889,5.578248190540613,0.26594225161366014,-0.24244892829426745,495.46823870878114,251.47828020756114
20260932,planted0.10,surv,fixed_1d,top10_ew,10.0,primary,2.735086232281604,5.111227106033377,0.265807282042142,-0.25070239241434356,495.46823870878114,251.47828020756114
20260932,planted0.10,surv,fixed_1d,top10_ew,20.0,primary,1.914416621672569,4.175743740989238,0.26553841804897765,-0.2695341418381012,495.46823870878114,251.47828020756114
20260932,planted0.10,surv,fixed_1d,top10_ew,0.0,stress,3.7856760011443065,6.044787350180684,0.26607757884178246,-0.23678218388641403,495.46823870878114,251.47828020756114
20260932,planted0.10,surv,fixed_1d,top10_ew,5.0,stress,3.228002562992889,5.578248190540613,0.26594225161366014,-0.24244892829426745,495.46823870878114,251.47828020756114
20260932,planted0.10,surv,fixed_1d,top10_ew,10.0,stress,2.735086232281604,5.111227106033377,0.265807282042142,-0.25070239241434356,495.46823870878114,251.47828020756114
20260932,planted0.10,surv,fixed_1d,top10_ew,20.0,stress,1.914416621672569,4.175743740989238,0.26553841804897765,-0.2695341418381012,495.46823870878114,251.47828020756114
20260932,planted0.10,surv,fixed_1d,top10_ew,0.0,cost_v1,3.7856760011443065,6.044787350180684,0.26607757884178246,-0.23678218388641403,495.46823870878114,251.47828020756114
20260932,planted0.10,surv,fixed_1d,top10_ew,5.0,cost_v1,3.2233147858203575,5.5713562904649425,0.26607695351102245,-0.24259410928827962,495.46823870878114,251.47828020756114
20260932,planted0.10,surv,fixed_1d,top10_ew,10.0,cost_v1,2.726804449489157,5.097922028826272,0.2660763791527736,-0.25135960545870495,495.46823870878114,251.47828020756114
20260932,planted0.10,surv,fixed_1d,top10_ew,20.0,cost_v1,1.9014946866445483,4.151044988039965,0.26607538335510045,-0.27081625577581825,495.46823870878114,251.47828020756114
20260932,planted0.10,surv,fixed_21d,top1,0.0,primary,0.8092989313095373,1.5169521318150097,0.45859623535896804,-0.48673697835471286,24.043143068939955,12.021571534469977
20260932,planted0.10,surv,fixed_21d,top1,5.0,primary,0.7984535448871244,1.5038447654820952,0.4585731148288753,-0.489297526946158,24.043143068939955,12.021571534469977
20260932,planted0.10,surv,fixed_21d,top1,10.0,primary,0.7876678024893375,1.4907156208977437,0.45855628679241733,-0.4918465732190981,24.043143068939955,12.021571534469977
20260932,planted0.10,surv,fixed_21d,top1,20.0,primary,0.7662740572006421,1.4643941431848697,0.45854151071249505,-0.49691034245579135,24.043143068939955,12.021571534469977
20260932,planted0.10,surv,fixed_21d,top1,0.0,stress,0.8092989313095373,1.5169521318150097,0.45859623535896804,-0.48673697835471286,24.043143068939955,12.021571534469977
20260932,planted0.10,surv,fixed_21d,top1,5.0,stress,0.7984535448871244,1.5038447654820952,0.4585731148288753,-0.489297526946158,24.043143068939955,12.021571534469977
20260932,planted0.10,surv,fixed_21d,top1,10.0,stress,0.7876678024893375,1.4907156208977437,0.45855628679241733,-0.4918465732190981,24.043143068939955,12.021571534469977
20260932,planted0.10,surv,fixed_21d,top1,20.0,stress,0.7662740572006421,1.4643941431848697,0.45854151071249505,-0.49691034245579135,24.043143068939955,12.021571534469977
20260932,planted0.10,surv,fixed_21d,top1,0.0,cost_v1,0.8092989313095373,1.5169521318150097,0.45859623535896804,-0.48673697835471286,24.043143068939955,12.021571534469977
20260932,planted0.10,surv,fixed_21d,top1,5.0,cost_v1,0.7984879366394941,1.5038628204232594,0.4585834348775394,-0.4893208129586315,24.043143068939955,12.021571534469977
20260932,planted0.10,surv,fixed_21d,top1,10.0,cost_v1,0.787736192082368,1.4907524501370484,0.45857688754137094,-0.4918929390067025,24.043143068939955,12.021571534469977
20260932,planted0.10,surv,fixed_21d,top1,20.0,cost_v1,0.7664092730862808,1.46447067363826,0.45858255312035306,-0.4970022539477269,24.043143068939955,12.021571534469977
20260932,planted0.10,surv,fixed_21d,top10_ew,0.0,primary,0.5839854798816839,1.852434189580974,0.26842679663690566,-0.5008510295754502,23.74925162281435,12.021571534469977
20260932,planted0.10,surv,fixed_21d,top10_ew,5.0,primary,0.5746064191787246,1.8301912674630336,0.26843360875716626,-0.503465331190722,23.74925162281435,12.021571534469977
20260932,planted0.10,surv,fixed_21d,top10_ew,10.0,primary,0.5652783035210713,1.8078791058093246,0.26845086943727914,-0.5060672073105228,23.74925162281435,12.021571534469977
20260932,planted0.10,surv,fixed_21d,top10_ew,20.0,primary,0.5467739013577853,1.7630576129651692,0.26851672719753455,-0.5112338950394753,23.74925162281435,12.021571534469977
20260932,planted0.10,surv,fixed_21d,top10_ew,0.0,stress,0.5839854798816839,1.852434189580974,0.26842679663690566,-0.5008510295754502,23.74925162281435,12.021571534469977
20260932,planted0.10,surv,fixed_21d,top10_ew,5.0,stress,0.5746064191787246,1.8301912674630336,0.26843360875716626,-0.503465331190722,23.74925162281435,12.021571534469977
20260932,planted0.10,surv,fixed_21d,top10_ew,10.0,stress,0.5652783035210713,1.8078791058093246,0.26845086943727914,-0.5060672073105228,23.74925162281435,12.021571534469977
20260932,planted0.10,surv,fixed_21d,top10_ew,20.0,stress,0.5467739013577853,1.7630576129651692,0.26851672719753455,-0.5112338950394753,23.74925162281435,12.021571534469977
20260932,planted0.10,surv,fixed_21d,top10_ew,0.0,cost_v1,0.5839854798816839,1.852434189580974,0.26842679663690566,-0.5008510295754502,23.74925162281435,12.021571534469977
20260932,planted0.10,surv,fixed_21d,top10_ew,5.0,cost_v1,0.5745041099593902,1.8299188171503031,0.268438693449292,-0.5033547706573777,23.74925162281435,12.021571534469977
20260932,planted0.10,surv,fixed_21d,top10_ew,10.0,cost_v1,0.5650747970640841,1.8073335265615342,0.26846127190557584,-0.5058472036240955,23.74925162281435,12.021571534469977
20260932,planted0.10,surv,fixed_21d,top10_ew,20.0,cost_v1,0.5463713034933801,1.7619641377065864,0.2685384616979578,-0.510798326728265,23.74925162281435,12.021571534469977
20260932,planted0.10,surv,fixed_126d,top1,0.0,primary,0.25486915953407485,0.7083510792677726,0.48327264015403765,-0.7652296143596509,4.007190511489992,2.003595255744996
20260932,planted0.10,surv,fixed_126d,top1,5.0,primary,0.25361235424264494,0.7062673986128833,0.48328475516754066,-0.7652296143596509,4.007190511489992,2.003595255744996
20260932,planted0.10,surv,fixed_126d,top1,10.0,primary,0.25235618825369555,0.7041823553249588,0.4832978770848864,-0.7652296143596509,4.007190511489992,2.003595255744996
20260932,planted0.10,surv,fixed_126d,top1,20.0,primary,0.2498457741275324,0.7000082339198337,0.4833271412967744,-0.7652296143596509,4.007190511489992,2.003595255744996
20260932,planted0.10,surv,fixed_126d,top1,0.0,stress,0.25486915953407485,0.7083510792677726,0.48327264015403765,-0.7652296143596509,4.007190511489992,2.003595255744996
20260932,planted0.10,surv,fixed_126d,top1,5.0,stress,0.25361235424264494,0.7062673986128833,0.48328475516754066,-0.7652296143596509,4.007190511489992,2.003595255744996
20260932,planted0.10,surv,fixed_126d,top1,10.0,stress,0.25235618825369555,0.7041823553249588,0.4832978770848864,-0.7652296143596509,4.007190511489992,2.003595255744996
20260932,planted0.10,surv,fixed_126d,top1,20.0,stress,0.2498457741275324,0.7000082339198337,0.4833271412967744,-0.7652296143596509,4.007190511489992,2.003595255744996
20260932,planted0.10,surv,fixed_126d,top1,0.0,cost_v1,0.25486915953407485,0.7083510792677726,0.48327264015403765,-0.7652296143596509,4.007190511489992,2.003595255744996
20260932,planted0.10,surv,fixed_126d,top1,5.0,cost_v1,0.2536036872366634,0.7062515655728874,0.48328818373312704,-0.7652296143596509,4.007190511489992,2.003595255744996
20260932,planted0.10,surv,fixed_126d,top1,10.0,cost_v1,0.2523388538674025,0.7041506865791615,0.4833047570945437,-0.7652296143596509,4.007190511489992,2.003595255744996
20260932,planted0.10,surv,fixed_126d,top1,20.0,cost_v1,0.2498111039087041,0.6999448876099067,0.48334099273405257,-0.765229614359651,4.007190511489992,2.003595255744996
20260932,planted0.10,surv,fixed_126d,top10_ew,0.0,primary,0.25057985075405886,1.0213539255260562,0.25003195128303346,-0.503380335929304,3.985530017074432,2.003595255744996
20260932,planted0.10,surv,fixed_126d,top10_ew,5.0,primary,0.24933410988470195,1.0173777975324414,0.2500252198709076,-0.5038768314384586,3.985530017074432,2.003595255744996
20260932,planted0.10,surv,fixed_126d,top10_ew,10.0,primary,0.24808899903446902,1.0133935307127804,0.25002044359961617,-0.5043730786377812,3.985530017074432,2.003595255744996
20260932,planted0.10,surv,fixed_126d,top10_ew,20.0,primary,0.24560066733660224,1.005400951378937,0.2500167568818767,-0.5053648281069305,3.985530017074432,2.003595255744996
20260932,planted0.10,surv,fixed_126d,top10_ew,0.0,stress,0.25057985075405886,1.0213539255260562,0.25003195128303346,-0.503380335929304,3.985530017074432,2.003595255744996
20260932,planted0.10,surv,fixed_126d,top10_ew,5.0,stress,0.24933410988470195,1.0173777975324414,0.2500252198709076,-0.5038768314384586,3.985530017074432,2.003595255744996
20260932,planted0.10,surv,fixed_126d,top10_ew,10.0,stress,0.24808899903446902,1.0133935307127804,0.25002044359961617,-0.5043730786377812,3.985530017074432,2.003595255744996
20260932,planted0.10,surv,fixed_126d,top10_ew,20.0,stress,0.24560066733660224,1.005400951378937,0.2500167568818767,-0.5053648281069305,3.985530017074432,2.003595255744996
20260932,planted0.10,surv,fixed_126d,top10_ew,0.0,cost_v1,0.25057985075405886,1.0213539255260562,0.25003195128303346,-0.503380335929304,3.985530017074432,2.003595255744996
20260932,planted0.10,surv,fixed_126d,top10_ew,5.0,cost_v1,0.24933055244610292,1.017363904937877,0.2500260269368392,-0.5038741102298587,3.985530017074432,2.003595255744996
20260932,planted0.10,surv,fixed_126d,top10_ew,10.0,cost_v1,0.24808187947833193,1.0133656236374236,0.25002209404126907,-0.5043676390028529,3.985530017074432,2.003595255744996
20260932,planted0.10,surv,fixed_126d,top10_ew,20.0,cost_v1,0.24558640955886069,1.0053446585782841,0.2500202029303287,-0.5053539599661601,3.985530017074432,2.003595255744996
