cut,is_rank,seed,p_entry,k_atr,is_net_pct,is_net_after_cost_pct,is_trades,is_pf,is_win_pct,is_maxdd_pct,oos_net_pct,oos_top50,oos_systematic256
daily,1,29,0.04,1.0,195.76828391526493,175.76386611368684,71,2.3029088510509963,38.028169014084504,-20.998394993292003,90.1396683366168,1,1
daily,2,72,0.1,1.0,183.75616512895064,148.380551848335,134,1.6036905413707792,30.597014925373134,-26.510814285943862,82.55789464468937,1,0
daily,3,39,0.04,1.0,173.14197297338288,152.61643049160023,79,2.043534884501076,35.44303797468354,-19.856146359557425,52.486077905617144,1,0
daily,4,78,0.06,1.0,170.34224324109476,144.33289649091628,102,1.7810770147832777,32.35294117647059,-21.43838362195921,148.95820816728107,1,0
daily,5,53,0.1,1.0,164.2085898136009,131.2542560522,134,1.5669237645843979,29.850746268656717,-23.523716010248297,7.54004750176136,1,0
daily,6,105,0.1,1.0,163.09467863196033,129.58732326184884,137,1.5460649908323456,29.927007299270073,-21.335359723435875,175.90702721418592,1,0
daily,7,40,0.06,1.0,160.95629139884542,137.2622461199006,96,1.7930144844095186,32.291666666666664,-15.971094796332618,12.458321007033435,1,0
daily,8,25,0.04,1.0,157.1192268130434,137.54542876967136,80,1.939708381154005,35.0,-19.28615186256154,157.87240985042465,1,0
daily,9,11,0.1,1.0,154.93582306558915,124.69957614921103,127,1.5756952213302986,29.921259842519685,-29.321618319064726,102.11452369702472,1,1
daily,10,87,0.04,1.0,144.76328439128193,127.02714551665912,76,1.9649909644827948,34.21052631578947,-16.354338816527335,8.45028024307517,1,0
daily,11,92,0.1,1.0,143.85916579014312,113.42642416538573,134,1.5217204318373592,29.104477611940297,-30.431130744672863,23.734377009834162,1,0
daily,12,76,0.06,1.0,136.79149253657482,117.22027056650734,87,1.7968666530554607,32.18390804597701,-22.484363544084573,28.602655357887862,1,0
daily,13,15,0.06,1.0,135.36152294669398,114.82864360932604,92,1.7359576526333735,31.52173913043478,-25.11104304133215,34.67294021138363,1,0
daily,14,21,0.1,1.0,133.80983424866443,105.85583557496068,128,1.5226771574446534,28.90625,-16.98535529098859,88.21729318835881,1,0
daily,15,95,0.1,1.0,129.77532137365765,103.31520367279143,123,1.5269699302110018,29.26829268292683,-30.133842421511037,104.1514044835767,1,0
daily,16,43,0.1,1.0,124.15537246230505,97.9412930258319,125,1.5089008012219562,28.8,-35.23101847317155,106.15354432578172,1,0
daily,17,45,0.06,1.0,122.7301164784218,104.10429361249678,88,1.717217617799396,31.818181818181817,-22.154140751433506,65.36229664668993,1,1
daily,18,7,0.1,1.0,121.97476362966522,95.81734291736063,126,1.496255042968611,28.571428571428573,-24.85033632870198,48.137597275197706,1,0
daily,19,39,0.06,1.0,120.45774138027024,100.81016283605405,94,1.667949043063017,30.851063829787233,-24.73835529829902,81.97645869121706,1,0
daily,20,107,0.1,1.5,119.11370458311792,103.41760922097455,75,1.8295170950821653,33.333333333333336,-25.26678526630236,70.68537715135584,1,0
daily,21,49,0.06,1.5,116.56330235674642,102.46200650699451,68,1.9318433043758465,33.8235294117647,-26.266444768679943,129.9417362805407,1,0
daily,22,69,0.1,1.0,115.50640353890086,88.21197223828835,136,1.4449273304364751,27.941176470588236,-30.072393556270406,203.09987318302646,1,0
daily,23,28,0.1,1.0,113.2495951271442,87.17366470028556,131,1.4532576305377207,28.244274809160306,-31.308233445456825,87.57248065160965,1,0
daily,24,65,0.06,1.0,111.58465724114639,88.8991433079557,114,1.5167573991080214,28.94736842105263,-27.25145970590456,-7.986169804390453,1,0
daily,25,31,0.1,1.0,110.94760118208127,86.0800913580378,126,1.4591275992410266,28.571428571428573,-41.687468855278254,111.4850729664075,1,1
daily,26,66,0.1,1.0,109.68555257346458,85.7083594164002,122,1.473551987134549,28.688524590163933,-29.983612877724518,134.02167497273544,1,0
daily,27,10,0.1,1.5,105.5654174572374,90.06554015870856,79,1.7283816213236496,31.645569620253166,-26.33613486094466,74.3168166792503,1,0
daily,28,87,0.04,1.5,105.02642853260227,94.7612655136661,52,2.161399990283026,36.53846153846154,-16.03120305619312,63.41658476584249,1,0
daily,29,21,0.1,1.5,101.94570439525141,88.40548520606015,70,1.7981085476858327,32.857142857142854,-18.905874776689878,138.22879313602851,1,0
daily,30,101,0.1,1.0,101.78548283785793,75.51347863986726,140,1.400474854602051,27.142857142857142,-28.754093953976056,133.49540579482183,1,0
daily,31,30,0.1,1.0,101.67641670070329,75.76974316896819,138,1.400358002528969,27.536231884057973,-40.35310077086122,95.97175247639473,1,0
daily,32,59,0.02,1.0,99.88931826003173,91.40357821642566,44,2.3484513780052656,38.63636363636363,-16.710429049583365,156.18397105697562,1,0
daily,33,76,0.1,1.0,99.77433918992757,74.63396003568381,135,1.403349324104626,27.40740740740741,-39.74631964885492,26.494112249281223,1,1
daily,34,80,0.1,1.0,98.99669630164361,76.40944856423972,121,1.4474538960846075,28.09917355371901,-21.857977344041522,91.32709976747017,1,0
daily,35,14,0.06,1.0,98.57178715383242,78.51716516748282,107,1.5001186465155463,28.97196261682243,-29.43208418962122,95.81421005814788,1,0
daily,36,98,0.06,1.0,98.51873087320963,79.54495526145615,101,1.5377804268273854,28.712871287128714,-18.844626365772733,3.635519143119126,1,0
daily,37,52,0.1,1.0,98.29767801775327,72.64937598359926,139,1.3901076686357425,27.33812949640288,-26.04411518158962,254.7518684623012,1,0
daily,38,124,0.1,1.5,97.8751269305669,84.23489176310541,72,1.7549258505630094,31.944444444444443,-27.004396333775237,67.5142213700397,1,0
daily,39,39,0.1,1.0,97.54845050411618,70.96642683932363,145,1.375405717849223,26.896551724137932,-31.993793372547795,48.89899000144222,1,0
daily,40,14,0.06,2.5,96.9331395660173,91.04074127873409,31,3.0847775532819526,45.16129032258065,-11.89318238117072,71.22102439196749,1,0
daily,41,65,0.06,1.5,95.58242018020024,82.82907381173005,68,1.7941361814052033,32.35294117647059,-19.136380313093238,1.6668416870327718,1,1
daily,42,110,0.06,1.0,95.07879037547804,76.60767353494695,100,1.5279554238390232,29.0,-21.189465780741468,51.39346371920222,1,0
daily,43,120,0.04,1.0,94.84071874635194,79.2399027169025,84,1.6098382880685564,30.952380952380953,-21.901763595205093,33.72667211947906,1,0
daily,44,35,0.1,1.5,94.75723364874841,82.05693283370263,68,1.7873172334600171,32.35294117647059,-24.988180126322344,77.7253369669403,1,0
daily,45,29,0.02,1.0,94.46699889840689,84.1668766146569,55,1.9924282416609316,34.54545454545455,-23.281511051417368,78.55537045692797,1,0
daily,46,71,0.1,1.0,93.70376815424986,68.14002446637579,142,1.3720123556619708,26.760563380281692,-29.97340558956537,124.11902375127593,1,0
daily,47,52,0.02,1.5,92.05469386181204,84.44761210399506,41,2.3657773231961627,39.02439024390244,-14.92369774182144,25.86976394102576,1,0
daily,48,101,0.1,1.5,91.79131362899766,75.90332782897266,87,1.5913330664317622,29.885057471264368,-23.615938134416435,74.17209103674188,1,0
daily,49,64,0.1,1.5,91.44930532781326,77.1788365038124,78,1.6621242410350134,30.76923076923077,-19.120827318552603,48.29601370179473,1,1
daily,50,16,0.1,1.5,91.11491769071006,77.04596116184933,77,1.6573913224773444,31.16883116883117,-23.443250572240593,72.94813811514302,1,0
daily,51,49,0.06,1.0,90.97591900960262,72.02599397218714,105,1.4814015622422716,28.571428571428573,-28.537802173156013,,0,0
daily,52,110,0.04,1.5,90.02377345108741,78.162199058269,65,1.7944313672982126,32.30769230769231,-27.6378818346091,,0,0
daily,53,42,0.06,1.0,88.86076327906305,69.43854981195601,109,1.4509253174348002,28.440366972477065,-28.114318009257243,,0,0
daily,54,97,0.04,1.0,88.72004354261134,73.95214653016615,82,1.6024818978190978,30.48780487804878,-25.023554216078725,,0,0
daily,55,70,0.1,1.0,88.45852265289037,65.06303870333676,133,1.376392352115255,27.06766917293233,-27.96249552577923,,0,0
daily,56,13,0.1,1.5,88.21814366731873,74.88456384954499,74,1.6770551103240436,31.08108108108108,-18.896903058910407,,0,0
daily,57,64,0.1,1.0,87.31967009043898,64.55859648149631,130,1.3859339434739875,26.923076923076923,-27.39423819774992,151.78039921159657,0,1
daily,58,110,0.04,1.0,87.18112698957292,71.67056324446015,87,1.557701892273653,29.885057471264368,-20.3438535314006,,0,0
daily,59,74,0.06,1.0,87.02624614376843,67.45589578455278,111,1.4441973169668108,27.92792792792793,-29.346591815670642,,0,0
daily,60,29,0.02,1.5,86.98291986586555,79.21286336004245,43,2.240213888157208,37.2093023255814,-16.843911957729684,,0,0
daily,61,93,0.06,1.0,86.77633394241448,68.91444082427552,101,1.4800067854455403,28.712871287128714,-29.508468057692504,,0,0
daily,62,6,0.04,1.0,86.72224454786783,74.18955033003702,70,1.7105571737325225,31.428571428571427,-15.578818272261131,,0,0
daily,63,104,0.04,1.0,86.43307146280912,73.05083927539857,75,1.6549435244775617,30.666666666666668,-15.129004539182167,,0,0
daily,64,90,0.1,1.0,86.21784009906246,61.15133141289127,145,1.3478405116063903,26.20689655172414,-42.133790098025926,,0,0
daily,65,48,0.1,1.0,86.0001279757909,63.39793708167603,130,1.3788269452295923,26.923076923076923,-34.42231343960385,84.74033286616903,0,1
daily,66,72,0.1,1.5,85.77614932128918,70.89374333289665,84,1.5829618649893353,29.761904761904763,-16.77699958068083,,0,0
daily,67,39,0.04,1.5,85.68257108557206,75.48812869082357,57,1.883314779374663,33.333333333333336,-18.77917216869993,,0,0
daily,68,45,0.1,1.0,85.67788050774759,62.30025902037761,135,1.3669582211777649,26.666666666666668,-22.705951289327363,,0,0
daily,69,78,0.1,1.0,85.58870227766204,60.766389808034525,144,1.3379849228826162,27.083333333333332,-29.235351159194643,,0,0
daily,70,23,0.1,1.5,85.26914643021486,70.42685593184925,84,1.5790309970434735,29.761904761904763,-27.39937373249178,,0,0
daily,71,46,0.1,1.0,84.72744800605281,61.468679776517774,135,1.3638642371857617,26.666666666666668,-38.93601876195066,,0,0
daily,72,35,0.04,1.0,84.47805048163745,71.23400852114865,75,1.632155693315638,30.666666666666668,-16.977789160363756,,0,0
daily,73,107,0.1,1.0,83.55568046858464,60.7644333362859,133,1.3586812963054098,27.06766917293233,-36.721728118029304,9.892741250265136,0,1
daily,74,18,0.06,1.0,83.5370662842351,67.98875519687948,89,1.5352245011865053,29.213483146067414,-18.627395721039697,,0,0
daily,75,37,0.1,1.5,82.43393492085372,70.01488201590156,71,1.6712741941236022,30.985915492957748,-23.99634642793599,,0,0
daily,76,42,0.04,1.0,82.41550833446358,68.47268368558721,80,1.5929238879318033,30.0,-20.30495361213296,,0,0
daily,77,25,0.04,1.5,82.20266763951132,71.507595910474,61,1.7747790421306475,32.78688524590164,-17.273373396755755,,0,0
daily,78,125,0.1,1.5,81.84100245974565,67.10297959975043,85,1.5564213288481068,29.41176470588235,-22.705951289327373,,0,0
daily,79,21,0.06,1.5,80.99032945040976,68.49948703330129,72,1.6557530557404856,30.555555555555557,-16.62522378698502,,0,0
daily,80,113,0.04,1.5,80.96206014910064,71.70868311447984,53,1.9025632002620285,33.9622641509434,-14.97302237291931,,0,0
daily,81,10,0.1,1.0,80.82873261166992,56.48286510840486,145,1.3298177968902265,26.20689655172414,-33.21402863169529,149.2156440990688,0,1
daily,82,42,0.1,1.0,80.07349885061632,57.870226994846185,132,1.3573339969293683,26.515151515151516,-34.39537104037805,,0,0
daily,83,104,0.04,1.5,80.01959644926198,70.64277647078316,54,1.890056660871327,33.333333333333336,-14.926555318987555,,0,0
daily,84,28,0.06,1.0,79.62999898894059,62.93401313833431,98,1.4634372868556198,28.571428571428573,-25.055874946488466,,0,0
daily,85,66,0.1,1.5,79.47699516701692,66.4210910120965,76,1.6009242535763493,30.263157894736842,-21.88086793085774,,0,0
daily,86,18,0.1,1.5,79.35111406467605,66.30435633884721,76,1.6020497652685464,30.263157894736842,-18.620815397384348,,0,0
daily,87,46,0.02,1.0,78.71126372376649,70.93456213129056,45,2.058042711781191,35.55555555555556,-11.536102021132166,,0,0
daily,88,60,0.06,1.5,78.31754719507842,67.51142552136149,63,1.7317331706593277,31.746031746031747,-21.843431107647937,,0,0
daily,89,72,0.06,1.0,78.2896747762586,62.20394647459444,95,1.4788970258746883,28.42105263157895,-22.57689696388736,98.56575375697807,0,1
daily,90,118,0.1,1.5,77.9926645546762,64.3836802076476,80,1.558962791666795,30.0,-24.658512768478356,,0,0
daily,91,104,0.04,2.5,77.99083586868744,73.3410457675683,27,3.037722050221279,44.44444444444444,-9.607920320000007,,0,0
daily,92,82,0.1,1.5,77.95899653381566,64.35256209426068,80,1.5592964242532863,30.0,-29.77351753188048,,0,0
daily,93,40,0.1,1.0,77.74719347766575,54.43079785637697,141,1.3284887850178209,26.24113475177305,-43.32622743352551,,0,0
daily,94,97,0.06,1.0,76.96362931228337,59.551991937145885,104,1.431330437049187,27.884615384615383,-24.06056533727646,,0,0
daily,95,29,0.06,1.5,76.66498037368927,66.79003212062466,58,1.7645897424321348,32.758620689655174,-17.876115465123675,,0,0
daily,96,123,0.1,1.0,76.38279074807659,55.40763175384951,127,1.3574708932454336,26.771653543307085,-32.27055107871318,,0,0
daily,97,31,0.06,1.0,76.3114557071759,59.60120630340435,100,1.4436405447084006,28.0,-36.262550533605975,117.0825942777121,0,1
daily,98,35,0.04,1.5,75.93100981913419,67.43245833716524,50,1.9110616970255805,34.0,-13.688913150736804,,0,0
daily,99,59,0.04,1.0,75.8418057463484,63.53775346494508,73,1.6094610384341943,30.136986301369863,-14.029402323361762,,0,0
daily,100,60,0.1,1.5,75.59204188123545,61.84029833958189,82,1.540567688478549,29.26829268292683,-25.188547524693128,,0,0
daily,101,29,0.06,2.0,75.53939732810503,68.5716644881537,41,2.142574017146362,36.58536585365854,-14.02529076418051,,0,0
daily,102,84,0.06,1.5,75.14062354777376,63.70230250937463,68,1.6444618408039182,30.88235294117647,-18.366105565870928,,0,0
daily,103,113,0.02,2.0,74.93387743297416,70.19052027908519,28,2.844525655989612,42.857142857142854,-11.415761913599997,,0,0
daily,104,108,0.02,1.0,74.6422409363012,67.03866765861753,45,1.9857085877841127,35.55555555555556,-15.205575960938223,,0,0
daily,105,24,0.02,1.5,74.54721705684271,68.29068522170549,37,2.292742509236706,37.83783783783784,-11.577021033626334,54.77137328119752,0,1
daily,106,81,0.1,1.0,74.42376396678829,53.5257702215701,128,1.3465226534325059,26.5625,-23.77574818700069,,0,0
daily,107,87,0.04,2.0,74.24004250359633,67.1553452111539,42,2.113782555562412,35.714285714285715,-11.47714103902927,,0,0
daily,108,82,0.1,1.0,73.88299154901755,52.437549796167836,132,1.3344779837148943,26.515151515151516,-29.289140209510112,,0,0
daily,109,102,0.1,1.0,73.62930003872627,49.4964224636889,150,1.2989307607573195,26.0,-37.08169226063108,,0,0
daily,110,37,0.1,1.0,72.73554311733213,53.41479171887804,119,1.365392813807078,26.89075630252101,-27.2145318684893,,0,0
daily,111,51,0.06,1.5,72.65253637624231,62.99817510328059,58,1.7244297768840802,32.758620689655174,-19.03474426732654,,0,0
daily,112,124,0.04,1.0,72.33069206232685,59.94869885901293,75,1.5786063017707073,29.333333333333332,-20.03799723788432,,0,0
daily,113,60,0.1,1.0,72.30801915650903,50.75369582682552,134,1.3290713224941002,26.119402985074625,-35.11547292538354,40.94675008281526,0,1
daily,114,105,0.1,1.5,72.16884748723997,59.15952767045982,79,1.5436045770405804,29.11392405063291,-24.067014082473392,,0,0
daily,115,33,0.04,1.0,72.08603340448141,61.005658983720615,67,1.6453176667948577,29.850746268656717,-25.286336736543692,,0,0
daily,116,125,0.1,2.5,71.86203917038314,66.36417749676065,33,2.4300561748273712,39.39393939393939,-10.21704056650633,,0,0
daily,117,113,0.02,2.5,71.73381005159136,67.7446669189894,24,3.154961456705298,45.833333333333336,-10.095084062419113,,0,0
daily,118,41,0.02,1.5,71.73341495490995,66.23953482399625,33,2.4242254841044724,39.39393939393939,-14.29631530567489,,0,0
daily,119,71,0.02,1.5,71.69237992626067,63.88633341145407,47,1.9402208919539274,34.04255319148936,-13.3765773960966,,0,0
daily,120,13,0.1,1.0,71.5312764934352,50.07340196602739,134,1.3262424343423307,26.119402985074625,-28.80781052707664,,0,0
daily,121,18,0.1,1.0,71.49092381973618,51.54758927491447,124,1.3467810380559206,26.612903225806452,-20.855989642361305,62.05441606490931,0,1
daily,122,116,0.04,1.0,71.4152903609848,59.09831137871326,75,1.5739675665672213,29.333333333333332,-21.128521723803416,,0,0
daily,123,91,0.04,2.0,71.17579177730148,64.87179536868248,38,2.1982737391306384,36.8421052631579,-13.247598218248646,,0,0
daily,124,34,0.1,1.0,70.61477797534552,48.22757124608237,141,1.3031488462689684,26.24113475177305,-38.524862168512165,,0,0
daily,125,70,0.1,1.5,70.36382752743589,57.646900584630046,78,1.532475749548498,29.487179487179485,-19.892934313031795,,0,0
daily,126,5,0.04,1.0,70.35316444385676,58.74581093180158,71,1.5942189647155522,29.577464788732396,-19.021475652220833,,0,0
daily,127,50,0.06,1.5,69.8395029003118,59.0611163125542,66,1.6386041256567396,30.303030303030305,-22.93249066292956,,0,0
daily,128,54,0.04,2.0,69.60014202801447,64.00822811971403,34,2.3436995768909834,38.23529411764706,-11.65480404892454,,0,0
daily,129,44,0.1,1.0,69.40680665276378,47.620415894304124,138,1.3095811276943643,26.08695652173913,-36.47360517903812,150.4069892742001,0,1
daily,130,118,0.1,1.0,69.29262538996339,47.66817519965845,137,1.3077066045074415,26.277372262773724,-43.300681672142424,,0,0
daily,131,86,0.1,1.0,69.22451429154542,48.796083320283515,129,1.3271098460213133,26.356589147286822,-37.044005724240904,,0,0
daily,132,113,0.02,1.5,69.115536843553,63.70279172647053,33,2.332157656635808,39.39393939393939,-12.333891773398943,,0,0
daily,133,49,0.06,2.0,68.80323440742535,60.964602546923594,48,1.8853771700702946,33.333333333333336,-18.978909398446643,,0,0
daily,134,29,0.06,1.0,68.65649237447494,54.35603002466338,89,1.4620647672214928,28.089887640449437,-20.595742925767446,,0,0
daily,135,36,0.04,1.0,68.36474711010882,55.79517000090466,78,1.5182979612599068,29.487179487179485,-15.71768081757714,,0,0
daily,136,28,0.1,2.0,68.06638414135766,60.26136022494808,48,1.8811442234038382,33.333333333333336,-21.76713846703624,,0,0
daily,137,94,0.1,2.0,67.8475286907167,58.61656327905109,57,1.7216320398729865,31.57894736842105,-19.561655910654686,34.957876226804466,0,1
daily,138,67,0.1,1.5,67.79163191747,55.57595485785265,76,1.5439333039514507,28.94736842105263,-17.433463964199515,,0,0
daily,139,37,0.1,2.5,67.64931323069905,62.11982022828138,34,2.2866276573609565,38.23529411764706,-16.052431737081065,,0,0
daily,140,67,0.1,1.0,67.19031690840116,48.63391618681132,118,1.3509342559595725,26.271186440677965,-23.802627514271567,,0,0
daily,141,7,0.1,2.0,67.12257808431727,58.56464197189955,53,1.7779053670520246,32.075471698113205,-17.446504763233417,,0,0
daily,142,97,0.1,1.0,67.04211857311562,46.728404289964274,130,1.3189151451748622,26.153846153846153,-34.874965760894284,,0,0
daily,143,9,0.04,1.0,66.89768204948241,54.28174937801913,79,1.5043100790218777,29.11392405063291,-17.61660107747094,,0,0
daily,144,8,0.06,1.0,66.66490197055772,49.80704972095662,107,1.377353676818293,27.102803738317757,-14.923697741821485,,0,0
daily,145,97,0.04,1.5,66.41091231341329,57.88874291112569,53,1.7682290594731938,32.075471698113205,-15.265322154710914,79.04878452398061,0,1
daily,146,78,0.04,1.5,66.37212518018092,57.06365615798315,58,1.7005288073590705,31.03448275862069,-20.315067190190227,,0,0
daily,147,32,0.06,1.0,66.11119747381767,49.608127023748615,105,1.3845025606269132,26.666666666666668,-23.114228033021355,,0,0
daily,148,14,0.06,2.0,65.9283502615042,58.0622847493212,49,1.8390772397025288,32.6530612244898,-19.971895501456636,,0,0
daily,149,16,0.1,1.0,65.78581204470268,43.022490759609596,148,1.2788282983211772,25.675675675675677,-37.81918548596456,,0,0
daily,150,108,0.02,1.5,65.70656138443974,59.43914626629716,39,2.0658759947595193,35.8974358974359,-13.291462079456274,,0,0
daily,151,90,0.1,1.5,65.65017524926726,52.210448452577076,85,1.4684506321224249,28.235294117647058,-33.47740905463388,,0,0
daily,152,107,0.02,1.0,65.42348996859802,57.58083698584395,49,1.829042854942701,32.6530612244898,-14.952686473841592,,0,0
daily,153,73,0.04,1.5,65.23624287657807,56.61634198163945,54,1.7501964765981404,31.48148148148148,-15.144020734305219,19.280276506865835,0,1
daily,154,82,0.1,2.0,65.2285908176958,57.395012336145236,49,1.8276170025753158,32.6530612244898,-19.963551771912293,,0,0
daily,155,45,0.1,1.5,65.14839132142703,52.358002967841344,81,1.490995170064771,28.395061728395063,-27.00876581039343,,0,0
daily,156,23,0.02,1.0,65.07001027905255,57.24388591202698,49,1.831236771970107,32.6530612244898,-23.02363556037005,,0,0
daily,157,118,0.06,1.5,64.69225585564939,53.46552953694965,71,1.5497845392897418,29.577464788732396,-23.804329656880885,,0,0
daily,158,81,0.02,1.0,64.65594420034586,55.597472842189234,57,1.6838322410598716,31.57894736842105,-16.62522378698499,,0,0
daily,159,78,0.04,1.0,64.64420387209178,51.892106115910394,81,1.4817839451084585,28.395061728395063,-27.306451798389062,,0,0
daily,160,74,0.1,1.0,64.46643725509486,43.02466052378466,140,1.291438109957651,25.714285714285715,-44.92536220046646,,0,0
daily,161,51,0.06,1.0,64.4062133479814,49.860952255969096,93,1.4187546884741384,27.956989247311828,-26.794559645885705,111.49847209264561,0,1
daily,162,59,0.02,1.5,64.15767534828134,58.58119353912965,35,2.176838832369444,37.142857142857146,-15.248892856867746,,0,0
daily,163,29,0.04,1.5,63.99718483013059,55.44078073480656,54,1.7361328373664744,31.48148148148148,-18.73110287574238,,0,0
daily,164,100,0.1,1.0,63.72091300343672,44.240823229631346,127,1.3144389236794831,25.984251968503937,-20.17488185322308,,0,0
daily,165,43,0.1,1.5,63.59611444666653,52.59567285435474,70,1.5424640404001495,30.0,-28.261526336219,,0,0
daily,166,30,0.1,1.5,63.50101730593598,51.13872727934834,79,1.480939378320372,29.11392405063291,-28.124102471294023,,0,0
daily,167,72,0.1,2.0,63.14039963158062,54.62780609485285,54,1.7212129921266375,31.48148148148148,-14.086665780193231,,0,0
daily,168,116,0.06,2.0,62.939810508233165,55.83557269426378,45,1.8862573736486243,33.333333333333336,-18.2927193112453,,0,0
daily,169,54,0.06,1.0,62.92158806778387,48.0609577526232,96,1.4034087362391916,27.083333333333332,-34.70912755482773,-34.1488567120825,0,1
daily,170,17,0.04,1.0,62.89097492884517,48.92511589335415,90,1.4262078284545678,27.77777777777778,-17.60723334768507,,0,0
daily,171,56,0.04,1.0,62.861860455930405,50.24641651386261,81,1.4739894310863224,28.395061728395063,-20.041264011662886,,0,0
daily,172,57,0.1,1.0,62.83656398421562,43.89215356561038,124,1.3125215165376936,26.612903225806452,-30.093121223867158,,0,0
daily,173,11,0.06,1.5,62.734037023157875,51.48740478274958,72,1.5338135238443986,29.166666666666668,-24.936195750106105,,0,0
daily,174,17,0.1,1.5,62.65276510555322,50.053372870206815,81,1.473798710517249,28.395061728395063,-19.169491820588146,,0,0
daily,175,31,0.04,1.5,62.2450172045607,53.010484499346376,59,1.6537807949144019,30.508474576271187,-22.90793345128076,,0,0
daily,176,34,0.06,1.0,62.01325483528694,47.3822595817702,95,1.40214422705839,27.36842105263158,-23.377430488800155,,0,0
daily,177,78,0.06,2.0,61.73007147906071,53.90501668760914,50,1.7746682905390814,32.0,-16.674867468516585,100.80973244916436,0,1
daily,178,124,0.1,1.0,61.555651168997215,42.33156540688774,127,1.3076807298710607,25.984251968503937,-33.43067336969748,,0,0
daily,179,113,0.04,1.0,61.52554281742355,49.310705827982495,79,1.4648237426822328,29.11392405063291,-12.359341920871369,,0,0
daily,180,34,0.1,1.5,61.426293338294016,48.77177624203179,82,1.4623187401176192,28.048780487804876,-29.067823381935387,,0,0
daily,181,42,0.06,2.0,61.17751371518234,52.61282784701402,55,1.6993789863333342,30.90909090909091,-16.625223786985,,0,0
daily,182,59,0.1,1.5,60.98809331119164,49.71061852876868,73,1.5171869165349305,28.767123287671232,-21.843431107647937,,0,0
daily,183,119,0.1,1.0,60.97438471653898,41.818850115463405,127,1.304694974481707,25.984251968503937,-33.84015706349939,,0,0
daily,184,48,0.06,1.0,60.79298258397869,45.6861872641438,99,1.3768377624845414,27.272727272727273,-32.99526557570945,,0,0
daily,185,98,0.1,1.5,59.969183811475865,47.427622595889375,82,1.4534127805748955,28.048780487804876,-27.900744497046105,39.01037241013381,0,1
daily,186,46,0.06,2.0,59.8633292954607,52.737275748917845,46,1.8200747256265275,32.608695652173914,-16.625223786985032,,0,0
daily,187,95,0.06,1.0,59.84155145321275,45.98828608082286,91,1.4078963955115424,27.47252747252747,-21.780964936351342,,0,0
daily,188,100,0.06,1.0,59.82114063604962,42.50378867288658,115,1.3297532787710067,26.08695652173913,-28.581313201364054,,0,0
daily,189,93,0.1,1.0,59.80859403703156,40.79064345113985,127,1.2992038380657123,25.984251968503937,-32.78872900435117,,0,0
daily,190,85,0.04,1.0,59.73633236975768,46.477522618332,87,1.4253153049373324,27.586206896551722,-25.372216580197104,,0,0
daily,191,68,0.04,1.5,59.361780608603134,50.28857706229235,59,1.6202194942862889,30.508474576271187,-20.1292299844245,,0,0
daily,192,4,0.06,1.5,59.359725736374315,48.194804640753475,73,1.5036844324514465,28.767123287671232,-15.106484805548682,,0,0
daily,193,122,0.1,1.0,59.00672892200613,39.38395529697745,132,1.2868254218011483,25.757575757575758,-38.530602170858764,192.9108900077257,0,1
daily,194,15,0.1,1.0,58.97637245483711,38.800211073523585,136,1.2783023572858412,25.735294117647058,-33.549812127804536,,0,0
daily,195,6,0.06,1.5,58.931403395735174,48.389245731445364,69,1.5319024895999653,28.985507246376812,-23.097761073989574,,0,0
daily,196,17,0.06,1.5,58.78971865493634,48.2567393890599,69,1.5286747973587151,28.985507246376812,-27.355755830851557,,0,0
daily,197,120,0.1,1.0,58.765817924386575,39.172689924830564,132,1.2866252315383957,25.757575757575758,-23.842236713854305,,0,0
daily,198,120,0.04,1.5,58.69389543806647,49.508490249536585,60,1.6120901502227654,30.0,-20.67441256354553,,0,0
daily,199,118,0.06,2.5,58.682426647741636,53.59422869241959,33,2.189015436865078,36.36363636363637,-13.187446675328008,,0,0
daily,200,10,0.06,1.5,58.61894005886572,49.43780681345651,60,1.611438633224936,30.0,-23.90408469506754,,0,0
daily,201,42,0.04,1.5,58.33225369057027,49.9159272221756,55,1.6566988372883433,30.90909090909091,-16.710335892723137,98.54313594955345,0,1
daily,202,67,0.04,2.0,57.90292918962565,51.46795293549242,42,1.8886347356687423,33.333333333333336,-15.182608284132659,,0,0
daily,203,2,0.1,1.0,57.77622491590586,38.7206278945204,129,1.2911571735170422,25.58139534883721,-35.74108506703061,,0,0
daily,204,81,0.06,1.5,57.633153308907595,47.175897053172356,69,1.5203885721898813,28.985507246376812,-23.123273957373947,,0,0
daily,205,57,0.04,1.5,57.62688642215086,48.502185698650614,60,1.5989915472832457,30.0,-18.613915851358833,,0,0
daily,206,94,0.02,1.0,57.572202424950646,50.69671657673178,45,1.784291257534923,33.333333333333336,-12.281834999424268,,0,0
daily,207,36,0.1,1.0,57.53157905474768,37.537568974950375,136,1.2733550252400139,25.735294117647058,-29.359738401033308,,0,0
daily,208,52,0.02,2.0,57.47402172603107,52.4234664294577,33,2.1652391206917283,36.36363636363637,-11.41576191360002,,0,0
daily,209,60,0.06,1.0,57.37400227291487,43.58830242574492,92,1.3874476585136006,27.17391304347826,-24.18815861366963,112.12674640031479,0,1
daily,210,17,0.04,2.0,57.31111504419193,50.14611790021313,47,1.7767963326471017,31.914893617021278,-21.582699857125608,,0,0
daily,211,43,0.1,2.0,57.25916844315555,49.4965248363257,51,1.705860421922747,31.372549019607842,-17.37938890488634,,0,0
daily,212,34,0.1,2.0,57.22023522080435,49.45946809374853,51,1.704696456249957,31.372549019607842,-26.83642696276256,,0,0
daily,213,23,0.04,2.5,57.113240587311175,52.07391591161732,33,2.1565852216568033,36.36363636363637,-18.533567633812442,,0,0
daily,214,1,0.1,1.0,57.076601272106856,38.797846635485136,124,1.2970068449325043,25.806451612903224,-30.224900425705258,,0,0
daily,215,97,0.02,2.5,56.978185274351276,53.31842823574586,24,2.717294458792373,41.666666666666664,-7.793716767617576,,0,0
daily,216,9,0.1,1.0,56.82271701065551,36.78097871806576,137,1.2694166018718398,25.547445255474454,-34.398100449012105,,0,0
daily,217,114,0.1,1.0,56.6212499005359,38.39510139598934,124,1.2953829667928531,25.806451612903224,-30.926231512391922,32.206528671461186,0,1
daily,218,108,0.06,1.5,56.48912584823276,47.42924876417642,60,1.5875876337718489,30.0,-18.30467232514107,,0,0
daily,219,11,0.06,2.0,56.434125107704894,49.30830709010445,47,1.7682336737751176,31.914893617021278,-14.923697741821451,,0,0
daily,220,81,0.1,2.0,56.29480765564425,47.83689507623939,56,1.6308936982578908,30.357142857142858,-19.98851982368327,,0,0
daily,221,42,0.06,2.5,56.09062618962892,50.32864008871167,38,1.9623026731748412,34.21052631578947,-20.085394228753884,,0,0
daily,222,78,0.06,1.5,55.55513147482576,45.81659601878621,65,1.5334847721903906,29.23076923076923,-20.46395432023722,,0,0
daily,223,102,0.04,1.5,55.51201197212545,47.0957421556558,56,1.622294942120644,30.357142857142858,-16.80460942318014,,0,0
daily,224,98,0.1,1.0,55.28859161200135,36.66752125582187,128,1.2791915536302014,25.78125,-41.191119299125575,,0,0
daily,225,124,0.02,1.5,55.23646998743621,49.505227291834196,38,1.9477584176815532,34.21052631578947,-11.78028785969667,14.14440257565326,0,1
daily,226,23,0.1,2.0,55.07788226322516,47.86441373178316,48,1.7355165386709552,31.25,-20.0675414772855,,0,0
daily,227,127,0.1,2.0,54.819658395593194,47.02796924088941,52,1.6710990063209772,30.76923076923077,-20.373666576079465,,0,0
daily,228,57,0.04,2.0,54.783678852847494,47.73136168941383,47,1.7357634136449833,31.914893617021278,-14.923697741821474,,0,0
daily,229,29,0.06,2.5,54.624894041670345,50.263590957319295,29,2.277248609561539,37.93103448275862,-13.503384994064426,,0,0
daily,230,111,0.1,1.0,54.58174336078299,34.0173722105676,143,1.255212850129592,25.174825174825173,-35.76017481090589,,0,0
daily,231,21,0.06,1.0,54.37015016055338,39.58152677203606,101,1.3415981827725942,26.73267326732673,-21.225280731170393,,0,0
daily,232,69,0.04,1.0,54.34771905902602,43.385524889644515,74,1.455420351153294,28.37837837837838,-27.425960797416916,,0,0
daily,233,23,0.02,1.5,54.29422090265732,48.448183780490965,39,1.9139121782272324,33.333333333333336,-21.528327626520007,15.890918993590898,0,1
daily,234,104,0.1,2.5,54.27391730536619,47.835359419724035,43,1.8141539300974288,32.55813953488372,-17.051327282121953,,0,0
daily,235,114,0.1,1.5,54.19693895341735,42.53022977959922,79,1.432674531462724,27.848101265822784,-23.368768383594805,,0,0
daily,236,21,0.04,1.0,54.003766054346784,42.35131005516251,79,1.4279495304003633,27.848101265822784,-25.2512638059879,,0,0
daily,237,70,0.04,2.0,53.95704919987941,48.12346908462093,39,1.9073915962779886,33.333333333333336,-20.529964555354553,,0,0
daily,238,14,0.04,2.0,53.72542973958143,47.90042057903112,39,1.9044152618714552,33.333333333333336,-11.522524752031005,,0,0
daily,239,126,0.02,2.5,53.68528398549191,49.948986098201864,25,2.5306439369925156,40.0,-5.954617899748682,,0,0
daily,240,74,0.06,1.5,53.553426882886114,42.64712610377417,74,1.453765170660288,28.37837837837838,-26.97353549922169,,0,0
daily,241,124,0.06,1.5,53.51643390698542,43.759790143916376,66,1.514537901589226,28.78787878787879,-18.375609584069608,23.379338708950613,0,1
daily,242,102,0.02,1.0,53.49740625027872,47.23757905916519,42,1.7916325029332565,33.333333333333336,-13.539892447290846,,0,0
daily,243,91,0.04,2.5,53.49523591166996,49.76337477801955,25,2.5224556806770564,40.0,-7.76318399999999,,0,0
daily,244,12,0.1,2.0,53.494145875351194,46.35290996100776,48,1.7160719489781548,31.25,-18.767035622632346,,0,0
daily,245,52,0.02,2.5,53.47003667205832,49.738766124111145,25,2.522126588231078,40.0,-13.320203194440294,,0,0
daily,246,70,0.06,1.5,53.16803234266714,42.85972997023888,70,1.476967762585775,28.571428571428573,-16.710916552671918,,0,0
daily,247,76,0.06,1.5,53.14290010433245,43.40956073547304,66,1.5085573546362891,28.78787878787879,-16.62522378698502,,0,0
daily,248,38,0.1,1.0,53.08502055944246,34.72657703468081,128,1.2725916097279093,25.78125,-35.82909459517373,,0,0
daily,249,8,0.06,2.0,52.969718229534514,47.172649498440954,39,1.8918914622944198,33.333333333333336,-13.238493089356961,76.49836541112782,0,1
daily,250,82,0.06,2.0,52.753018863757475,45.645551314172586,48,1.7046152499793026,31.25,-13.671853737968876,,0,0
daily,251,22,0.06,1.0,52.7097840105839,38.77171649042583,96,1.3476662052521358,27.083333333333332,-27.850305106178517,,0,0
daily,252,109,0.04,1.0,52.67977529670058,40.98524225816102,80,1.4188195413523983,27.5,-19.429667361762714,,0,0
daily,253,96,0.1,1.5,52.465590674955266,40.78736395887448,80,1.418908088375697,27.5,-32.54365971028675,,0,0
daily,254,88,0.1,1.0,52.449343729346445,32.82996418305921,138,1.2541998500430787,25.36231884057971,-28.8643708102186,,0,0
daily,255,68,0.04,2.5,52.438455145769055,47.98855291520794,30,2.1909293099978946,36.666666666666664,-13.371819011267029,,0,0
daily,256,68,0.04,1.0,52.32067242002423,40.512613967171475,81,1.4141254531157905,27.160493827160494,-29.144668544931296,,0,0
daily,257,19,0.04,1.0,52.170679772677396,41.786652884674155,71,1.4667165744475943,28.169014084507044,-13.90342029555044,73.98378032545656,0,1
daily,258,89,0.1,1.0,52.152507385125624,33.905080166517095,128,1.2687475383325078,25.78125,-35.21592504503408,,0,0
daily,259,68,0.1,1.5,52.082243313223266,40.01159626411024,83,1.3950750773623712,27.710843373493976,-23.954008956643,,0,0
daily,260,57,0.1,1.5,52.070503432337546,40.00071265622931,83,1.3948917368206164,27.710843373493976,-19.786377922624055,,0,0
daily,261,11,0.1,1.5,51.96238531699719,40.3222647339216,80,1.4157714336159823,27.5,-24.99858665147958,,0,0
daily,262,14,0.02,1.5,51.9050581044155,47.61775661538332,29,2.1729937891032423,37.93103448275862,-10.55461131810478,,0,0
daily,263,74,0.1,1.5,51.90001018917718,41.39266682350928,72,1.4631226905978973,27.77777777777778,-26.235832704813244,,0,0
daily,264,94,0.04,1.5,51.82055183080172,43.457000112075846,57,1.5768910296558531,29.82456140350877,-19.19709879483663,,0,0
daily,265,70,0.04,1.5,51.78323045225355,42.70554895476963,62,1.533006859078532,29.032258064516128,-20.62746255939698,47.752616101766776,0,1
daily,266,14,0.02,1.0,51.782733536337,46.615487940306565,35,1.9812001159747752,34.285714285714285,-16.995866655023228,,0,0
daily,267,71,0.06,1.0,51.76031493877995,38.18466226335817,94,1.3543321665236763,26.595744680851062,-27.880148830763176,,0,0
daily,268,45,0.1,2.5,51.396457258896234,46.24207990633194,35,1.9835175829416047,34.285714285714285,-16.62522378698499,,0,0
daily,269,62,0.04,1.0,51.23889803547812,40.21377742246561,76,1.429489659699307,27.63157894736842,-21.528327626520017,,0,0
daily,270,71,0.1,2.5,51.23766898354973,46.088546231353966,35,1.9798220507828428,34.285714285714285,-14.97990544385267,,0,0
daily,271,57,0.1,2.0,51.053661431393,43.30439411178544,53,1.6135792399705218,30.18867924528302,-12.687421534770692,,0,0
daily,272,1,0.04,1.5,51.01836766066696,41.985661010242104,62,1.523554832674092,29.032258064516128,-13.958828111046884,,0,0
daily,273,20,0.1,2.0,50.87095429803414,43.70540126046593,49,1.6726144545921422,30.612244897959183,-16.744429531795003,73.97154750864902,0,1
daily,274,12,0.1,1.0,50.83995303276778,31.82190647092242,135,1.2551693418334273,25.185185185185187,-29.240584940283952,,0,0
daily,275,28,0.1,2.5,50.74993597213384,45.61691742215248,35,1.963709688854054,34.285714285714285,-16.625223786985032,,0,0
daily,276,31,0.1,1.5,50.28165272009446,39.32556293617391,76,1.4241708777278508,27.63157894736842,-26.336812985298806,,0,0
daily,277,120,0.1,2.0,49.99555793875676,42.15732601355129,54,1.5998730581804288,29.62962962962963,-18.292719311245285,,0,0
daily,278,3,0.06,1.5,49.80502099119511,40.28074328791109,66,1.4776881078331698,28.78787878787879,-17.656441882749707,,0,0
daily,279,0,0.06,2.5,49.67464393071135,45.302714623618925,30,2.0969829272254943,36.666666666666664,-14.480161866577602,,0,0
daily,280,33,0.06,2.5,49.631974396975444,44.53593432539695,35,1.9353465629788007,34.285714285714285,-15.638227521596814,,0,0
daily,281,91,0.06,2.0,49.57098626015777,41.75456596716223,54,1.5958022139296562,29.62962962962963,-18.29271931124531,90.09344021277619,0,1
daily,282,74,0.06,2.5,49.48607371376694,44.974391477074406,31,2.0897215047010875,35.483870967741936,-18.30641570296969,,0,0
daily,283,86,0.02,1.0,49.36079801248469,43.5531673296009,40,1.7977805331949785,32.5,-10.937007421897482,,0,0
daily,284,83,0.04,1.5,49.28424074408384,42.192544178526425,49,1.649843184902863,30.612244897959183,-22.135873303188713,,0,0
daily,285,1,0.1,1.5,49.28244296458688,37.707235759506204,81,1.3942413738508366,27.160493827160494,-27.620227940750443,,0,0
daily,286,67,0.02,1.0,49.270269283123945,43.466235505417174,40,1.8093518684052092,32.5,-11.415761913599987,,0,0
daily,287,126,0.02,1.5,49.183514336300725,43.3827390160604,40,1.8046700188360543,32.5,-9.77247044247581,,0,0
daily,288,17,0.04,1.5,49.00903791649278,39.95448560247941,63,1.4998688817182493,28.571428571428573,-21.856574080371693,,0,0
daily,289,62,0.1,2.5,48.9387992153584,44.44305957347654,31,2.0654906146948524,35.483870967741936,-13.531780870780164,42.08533802145442,0,1
daily,290,86,0.04,2.5,48.93645627129677,44.44082450712534,31,2.072280501509794,35.483870967741936,-15.229710465493296,,0,0
daily,291,12,0.1,1.5,48.912848482393876,36.68007750545994,86,1.3722128668413782,26.74418604651163,-26.036907849716307,,0,0
daily,292,127,0.1,1.0,48.82653535831061,30.582405231081555,131,1.2535851074635425,25.19083969465649,-34.071816621217174,,0,0
daily,293,42,0.1,1.5,48.56553186990313,37.1824056074568,80,1.389897552999777,27.5,-23.564644206119812,,0,0
daily,294,84,0.1,1.0,48.519181690301004,29.27279422517819,139,1.2393979406484283,25.179856115107913,-27.718033995785298,,0,0
daily,295,126,0.06,2.5,48.38731566476753,43.18914248634667,36,1.901154984156823,33.333333333333336,-11.41576191360002,,0,0
daily,296,61,0.04,1.0,48.32495442317768,36.68627111919789,82,1.3860389793753036,26.829268292682926,-22.2168804150115,,0,0
daily,297,54,0.1,2.5,48.28479684214162,43.09007025763001,36,1.8931536157706226,33.333333333333336,-18.40735296861613,66.42102210172405,0,1
daily,298,69,0.1,1.5,48.12996069698829,37.19143034606076,77,1.4061978102292183,27.272727272727273,-19.730717672047938,,0,0
daily,299,59,0.04,1.5,48.12336271551207,41.0856576164085,49,1.6304175187756027,30.612244897959183,-18.699084860581504,,0,0
daily,300,82,0.06,2.5,48.100329602021866,42.91192672604449,36,1.8936308791622163,33.333333333333336,-15.090564984813604,,0,0
daily,301,59,0.04,2.0,48.06531002157275,42.30694578158918,40,1.783504665023863,32.5,-14.096368369271229,,0,0
daily,302,112,0.04,2.5,48.05273658562712,44.30344327495055,26,2.257092036727016,38.46153846153846,-11.893182381170742,,0,0
daily,303,121,0.1,1.5,47.93621508849708,36.464148213867475,81,1.384314337478647,27.160493827160494,-31.45032856429565,,0,0
daily,304,23,0.04,1.5,47.80732292322547,39.38189797324596,59,1.5266226554562263,28.8135593220339,-21.88086793085772,,0,0
daily,305,44,0.1,1.5,47.80413449850516,36.34220988758439,81,1.3837723299591487,27.160493827160494,-24.967634421431995,148.79191663391663,0,1
daily,306,23,0.04,1.0,47.797906562742895,37.57054726544635,72,1.428642112354996,27.77777777777778,-18.502564750609242,,0,0
daily,307,33,0.1,2.0,47.64775414123805,40.4915986312357,50,1.6229363915672947,30.0,-20.05505249391809,,0,0
daily,308,5,0.1,1.5,47.646732366431024,35.65236412759945,85,1.3633904951784517,27.058823529411764,-25.149677504432756,,0,0
daily,309,8,0.06,2.5,47.58679038703113,42.415855482649704,36,1.8785880198495444,33.333333333333336,-13.758048201683259,,0,0
daily,310,29,0.02,2.5,47.565703874970296,43.684418492718244,27,2.2211487178919116,37.03703703703704,-15.275177030491161,,0,0
daily,311,61,0.06,1.5,47.54384670576957,38.43840374533664,64,1.484256969994567,28.125,-20.03570180528126,,0,0
daily,312,81,0.02,2.5,47.275132684561626,43.401250762176915,27,2.2204712286533934,37.03703703703704,-13.238322792448653,,0,0
daily,313,81,0.06,1.0,47.23931561834942,32.59596249550554,105,1.3028980984620164,25.714285714285715,-23.01543994852303,0.18665147224139478,0,1
daily,314,65,0.1,1.5,47.195007232885054,35.64386234539947,82,1.376594718839856,26.829268292682926,-25.925055155272158,,0,0
daily,315,75,0.02,2.0,47.145590085830726,43.274962423584796,27,2.209190003351448,37.03703703703704,-13.375590310189068,,0,0
daily,316,34,0.06,2.5,47.11902795305263,41.964016770154174,36,1.8660562858745822,33.333333333333336,-16.98181285420447,,0,0
daily,317,34,0.1,2.5,47.03292720056762,41.88087484607947,36,1.8670822707920756,33.333333333333336,-17.099598013663197,,0,0
daily,318,87,0.1,2.5,46.98593985312349,41.12722640452642,41,1.7565480249760936,31.70731707317073,-16.788753685117353,,0,0
daily,319,118,0.06,2.0,46.98098232799697,39.85649648795686,50,1.6128024639941518,30.0,-20.28774230242031,,0,0
daily,320,61,0.04,2.0,46.94110172904078,40.52016484817364,45,1.6769749607338418,31.11111111111111,-20.091935282115582,,0,0
daily,321,20,0.06,1.0,46.902846682575,34.69839972397297,87,1.3560198913224222,26.436781609195403,-28.99660362159081,126.94462346423241,0,1
daily,322,55,0.1,1.0,46.86228643410868,28.728532960119722,132,1.2461242425067087,25.0,-35.83773050620355,,0,0
daily,323,123,0.1,2.0,46.79071499573926,38.977793279345605,55,1.5560115537592292,29.09090909090909,-21.703388382864652,,0,0
daily,324,125,0.1,2.0,46.69195450731338,38.88418681918815,55,1.554465545678735,29.09090909090909,-20.170549456159414,,0,0
daily,325,51,0.06,2.0,46.63432098162541,40.2264933294975,45,1.6722143295179626,31.11111111111111,-17.215237578683162,,0,0
daily,326,94,0.04,1.0,46.60604301991151,35.100446285095146,82,1.3707915235652521,26.829268292682926,-26.23674722814745,,0,0
daily,327,44,0.1,2.5,46.54745889321923,40.70582558446283,41,1.750381015381202,31.70731707317073,-18.68389325666412,,0,0
daily,328,77,0.1,1.0,46.51537672755879,27.272098390970378,141,1.2316722242062228,24.822695035460992,-30.952449186300335,,0,0
daily,329,31,0.04,2.0,46.4157085860994,39.8771970543996,46,1.664567032806633,30.434782608695652,-18.388331242485854,24.07603463875794,0,1
daily,330,6,0.06,1.0,46.400877563185986,32.76705305262632,98,1.3107052701685313,26.53061224489796,-28.642817426524392,,0,0
daily,331,113,0.02,1.0,46.379834902794,40.40395969901598,42,1.727063373460789,30.952380952380953,-16.62522378698501,,0,0
daily,332,87,0.04,2.5,46.35394029881405,41.36632548612129,35,1.8512547963012846,34.285714285714285,-10.430887187340844,,0,0
daily,333,39,0.04,2.5,46.347497348066646,41.785526920143745,32,1.9795779240095623,34.375,-15.303195873165631,,0,0
daily,334,89,0.02,2.0,46.31135794493002,41.750528948631384,32,1.9861614090975548,34.375,-13.841306659321928,,0,0
daily,335,70,0.1,2.0,46.274384969036596,37.796868141160964,60,1.504492952863116,28.333333333333332,-15.249536726074863,,0,0
daily,336,16,0.1,2.5,46.26718653007262,40.43641939579654,41,1.742225246156176,31.70731707317073,-18.36222570138024,,0,0
daily,337,97,0.04,2.5,46.24964145126691,41.690657431583155,32,1.9814860504491947,34.375,-13.194740280962659,54.13466067317434,0,1
daily,338,103,0.06,1.0,46.236414138594675,33.01693327665725,95,1.3228860207251187,26.31578947368421,-30.185837571679453,,0,0
daily,339,42,0.06,1.5,46.2034957662532,36.22114422539837,71,1.4154355140978074,28.169014084507044,-30.170785321936755,,0,0
daily,340,74,0.06,2.0,46.14937981780627,39.6225339040269,46,1.6620592421337508,30.434782608695652,-22.226026991393077,,0,0
daily,341,100,0.04,2.5,46.12734213170724,41.57204697655015,32,1.9772193323169092,34.375,-13.485853034232287,,0,0
daily,342,39,0.1,1.5,46.125488799797964,34.11909690054733,86,1.3529939416619219,26.74418604651163,-25.394574979969175,,0,0
daily,343,22,0.06,1.5,46.08368624759844,37.204170193307704,63,1.4708255565049184,28.571428571428573,-17.188710197282553,,0,0
daily,344,61,0.02,2.0,46.008668650700145,41.45687439478245,32,1.9623027763482563,34.375,-14.025290764180475,,0,0
daily,345,40,0.06,1.5,45.983370465607095,36.5617597456062,67,1.4403356145216613,28.35820895522388,-15.612760636287037,34.36569523231432,0,1
daily,346,123,0.06,2.0,45.839872230100134,39.32650350132294,46,1.6539370537280476,30.434782608695652,-18.347714864387253,,0,0
daily,347,9,0.02,2.5,45.74519177741554,42.47959660879086,23,2.440226497178867,39.130434782608695,-11.415761913600031,,0,0
daily,348,93,0.06,2.0,45.65264316240432,38.5912522389255,50,1.592897949689425,30.0,-22.28567232290969,,0,0
daily,349,4,0.06,2.5,45.62283577183264,41.22396715657726,31,1.9660526468568666,35.483870967741936,-13.503384994064394,,0,0
daily,350,17,0.1,1.0,45.60756698104858,26.356263491827626,142,1.2280544522690549,24.64788732394366,-30.338873858841087,,0,0
daily,351,71,0.1,1.5,45.56127644388403,32.80072705072601,92,1.332680620315915,26.08695652173913,-29.27655163996391,,0,0
daily,352,12,0.06,1.5,45.491173184309176,36.51048748911221,64,1.4637972085982711,28.125,-33.26359285464594,,0,0
daily,353,104,0.1,2.0,45.45860529102443,37.16481957780613,59,1.4992665030675554,28.8135593220339,-18.934950853981814,55.01299139381535,0,1
daily,354,55,0.1,2.0,45.35906723106034,37.62099875816385,55,1.5387469891322272,29.09090909090909,-18.915367108042414,,0,0
daily,355,41,0.1,1.5,45.31585939404983,34.98756731441999,74,1.4054527442626836,27.027027027027028,-23.0977610739896,,0,0
daily,356,113,0.1,1.0,45.238860476757516,26.2881034085521,140,1.22601789659934,25.0,-27.111262788569146,,0,0
daily,357,7,0.1,2.5,45.17660136789088,39.388266366820915,41,1.7223423808127183,31.70731707317073,-13.503445040704376,,0,0
daily,358,82,0.1,2.5,45.12830771319862,40.04112246501532,36,1.8196326167602728,33.333333333333336,-15.54973919475775,,0,0
daily,359,52,0.06,1.5,45.06152814880857,35.5628812500185,68,1.4308085045222592,27.941176470588236,-20.947518066049263,,0,0
daily,360,21,0.02,1.0,44.952399844250436,38.477787125943365,46,1.6382536545830284,30.434782608695652,-14.245101196552701,,0,0
daily,361,124,0.06,2.5,44.92104698988293,39.70109645435078,37,1.8112733001390138,32.432432432432435,-11.75192873731743,62.43358908060996,0,1
daily,362,24,0.02,2.0,44.90471721327967,40.94976973090916,28,2.117243054628579,35.714285714285715,-11.415761913600031,,0,0
daily,363,99,0.06,2.0,44.88564230486529,38.413980026253,46,1.6389921350737946,30.434782608695652,-22.23315124656875,,0,0
daily,364,77,0.02,1.0,44.86892670275131,37.706861492355536,51,1.5757227528410989,29.41176470588235,-14.923697741821451,,0,0
daily,365,36,0.1,2.5,44.85602989734534,40.339120921751984,32,1.9399818405291316,34.375,-13.848767768778103,,0,0
daily,366,9,0.1,2.5,44.83144709932143,39.61461943845421,37,1.8073155880251983,32.432432432432435,-16.996560155086016,,0,0
daily,367,105,0.04,1.5,44.8309804560044,37.257754023731394,54,1.5331436761340667,29.62962962962963,-18.794631477050196,,0,0
daily,368,6,0.06,2.0,44.82492517093295,37.66509661189832,51,1.580100078936673,29.41176470588235,-21.639318943357676,,0,0
daily,369,40,0.06,2.0,44.710053593614305,38.93981160063773,41,1.7090167692759008,31.70731707317073,-9.607920319999996,52.59629136411061,0,1
daily,370,47,0.1,2.5,44.69128785959333,39.479353406531835,37,1.8023262934945181,32.432432432432435,-20.22366291016924,,0,0
daily,371,112,0.06,2.5,44.69061699442594,39.478743031273744,37,1.805999718245061,32.432432432432435,-13.230859858995714,,0,0
daily,372,12,0.02,1.0,44.64983960661109,38.88178651273924,41,1.6976990474675344,31.70731707317073,-11.722144910686882,,0,0
daily,373,114,0.1,2.5,44.577223276396325,39.36932124484655,37,1.8033630859329677,32.432432432432435,-10.095084062419124,,0,0
daily,374,21,0.02,2.0,44.530188296413556,40.58511779080207,28,2.1080265099714746,35.714285714285715,-13.187446675327996,,0,0
daily,375,59,0.02,2.0,44.46909030306989,40.525615312354766,28,2.103190497612206,35.714285714285715,-11.469830796322844,,0,0
daily,376,65,0.06,2.5,44.44928432804407,39.24587543973524,37,1.8013433360316602,32.432432432432435,-15.304301350279403,,0,0
daily,377,60,0.1,2.5,44.29805922835175,38.40537679599554,42,1.703102676809708,30.952380952380953,-18.369895216046228,53.79727589995396,0,1
daily,378,37,0.04,1.0,44.28970331169681,33.63113915005365,77,1.3755682287068252,27.272727272727273,-32.77396288889046,,0,0
daily,379,80,0.06,1.0,44.130723968202076,29.145599100212884,110,1.27572089684366,25.454545454545453,-22.396153427336742,,0,0
daily,380,90,0.06,2.5,44.1065784729755,40.172599425279685,28,2.081245691674208,35.714285714285715,-13.648209569335744,,0,0
daily,381,46,0.06,2.5,44.09946926957946,38.908290368517925,37,1.7904475478597164,32.432432432432435,-15.836056623848183,,0,0
daily,382,95,0.1,2.0,44.038607600676436,35.68852841922801,60,1.4789369804148522,28.333333333333332,-21.68312810981853,,0,0
daily,383,92,0.1,2.0,43.963859432538484,36.982693927187626,50,1.5679475508678582,30.0,-18.85288526402389,,0,0
daily,384,120,0.1,2.5,43.885652969667575,38.00940284280081,42,1.694535004733004,30.952380952380953,-15.059653781583526,,0,0
daily,385,105,0.04,1.0,43.7705138656612,32.883651795765665,79,1.3691655873587527,26.582278481012658,-18.908127097300554,29.50819229860231,0,1
daily,386,22,0.06,2.0,43.69939039210207,37.14220303089781,47,1.6120956898314214,29.78723404255319,-19.98097898329322,,0,0
daily,387,52,0.06,2.0,43.65952926079064,37.104196962644934,47,1.615577958033968,29.78723404255319,-24.851880006565665,,0,0
daily,388,28,0.06,1.5,43.658474579485485,34.924022510167,63,1.445550793901818,28.571428571428573,-25.09445875740407,,0,0
daily,389,127,0.1,1.5,43.651346455629934,32.24278381751129,83,1.3519986168399538,26.50602409638554,-21.985707654764152,,0,0
daily,390,112,0.1,2.5,43.62350431551248,38.58758000691533,36,1.7829743963041542,33.333333333333336,-21.85699690293633,,0,0
daily,391,6,0.1,1.5,43.592567855862626,32.32089162581355,82,1.352132895152766,26.829268292682926,-19.598047218904156,,0,0
daily,392,59,0.06,1.0,43.570026947289705,29.41762560665484,104,1.2830827117615131,25.96153846153846,-24.965877446767482,,0,0
daily,393,123,0.06,1.5,43.53558318698043,34.00129578770616,69,1.4155284276371098,27.536231884057973,-21.66476707645737,37.104242885828654,0,1
daily,394,21,0.06,2.5,43.53257923549416,38.36127038552628,37,1.7777509997538081,32.432432432432435,-13.49387917454079,,0,0
daily,395,80,0.1,2.0,43.51966147638721,36.42304711255102,51,1.5586514963863038,29.41176470588235,-20.17525622864659,,0,0
daily,396,19,0.06,1.0,43.49393447888434,28.703033286536915,109,1.2722054857831775,25.68807339449541,-24.551226048387807,,0,0
daily,397,45,0.02,2.5,43.45963204485497,40.80586636613055,19,2.72855562719516,42.10526315789474,-6.152450633298945,,0,0
daily,398,27,0.04,1.5,43.3635714648908,36.27456652731631,51,1.5584827457047772,29.41176470588235,-19.10573739640905,,0,0
daily,399,96,0.06,1.0,43.36286890713173,27.81523875371579,115,1.2607356183122056,25.217391304347824,-29.888304481931794,,0,0
daily,400,12,0.1,2.5,43.35698920862357,38.74648920037303,33,1.8932826623593493,33.333333333333336,-16.68030733497562,,0,0
daily,401,64,0.1,2.5,43.250973661213024,38.643769301444706,33,1.8890380698054794,33.333333333333336,-13.503384994064383,63.703183457616944,0,1
daily,402,123,0.1,1.5,43.247711460404716,31.475063193692996,86,1.3325370915313368,26.74418604651163,-28.231327488208503,,0,0
daily,403,127,0.02,2.0,43.16884343167773,38.702883434779345,32,1.8909846238620895,34.375,-9.578395396293892,,0,0
daily,404,93,0.02,1.0,43.12463474156885,37.41611821058088,41,1.682014409774939,31.70731707317073,-11.531759241987881,,0,0
daily,405,82,0.02,1.0,43.121626622947204,37.96474378135848,37,1.7705963298621128,32.432432432432435,-24.88465364949004,,0,0
daily,406,2,0.1,2.5,43.00548890942106,37.85266636184392,37,1.7667815798945001,32.432432432432435,-18.867811799606127,,0,0
daily,407,0,0.1,2.0,42.96723199169805,35.76148699247834,52,1.5479645810036515,28.846153846153847,-20.02488629770065,,0,0
daily,408,25,0.04,2.0,42.95948379665611,37.120089519181974,42,1.6722942758394634,30.952380952380953,-15.185876818897748,,0,0
daily,409,9,0.1,2.0,42.84439719992255,34.56243724499459,60,1.466380771228201,28.333333333333332,-22.382030344443148,93.80941640523761,0,1
daily,410,125,0.1,1.0,42.66443305107648,23.428008584620088,145,1.2113442822633562,24.82758620689655,-29.430331489953577,,0,0
daily,411,27,0.06,1.0,42.66135805709668,26.80764261806501,118,1.2503701757770695,25.423728813559322,-31.87416775397519,,0,0
daily,412,23,0.06,2.0,42.609373338388835,36.78399735411067,42,1.6698952540921805,30.952380952380953,-16.222909647676286,,0,0
daily,413,48,0.02,1.5,42.6091540743823,36.100734273778514,47,1.598572266811352,29.78723404255319,-12.428717157959168,,0,0
daily,414,49,0.1,1.5,42.47489313567561,31.816803240000514,78,1.3610707953969148,26.923076923076923,-24.589312847139833,,0,0
daily,415,40,0.06,2.5,42.4300466191478,37.84843287008981,33,1.8655497373241166,33.333333333333336,-15.582433658272576,,0,0
daily,416,118,0.04,1.0,42.351116570070225,32.628437907298505,71,1.396307585981312,26.760563380281692,-26.41227761838527,,0,0
daily,417,45,0.04,1.0,42.28005080388995,31.372991472887612,80,1.3541621021018544,26.25,-16.883404467961206,40.86211729374158,0,1
daily,418,99,0.06,1.0,42.250624548298156,27.842613951255736,107,1.2730700749019037,25.233644859813083,-26.979247275963736,,0,0
daily,419,78,0.1,2.5,42.228190866866576,37.65287621966817,33,1.8602688724141039,33.333333333333336,-15.798263892259179,,0,0
daily,420,88,0.06,2.5,42.18880064635935,37.614726629648885,33,1.8610124899597071,33.333333333333336,-15.700902715136989,,0,0
daily,421,97,0.06,2.5,42.12052689110981,37.54857197301173,33,1.8575543172994664,33.333333333333336,-13.70926528230304,,0,0
daily,422,105,0.04,2.0,42.091736802693426,36.83401460843827,38,1.7456265458567426,31.57894736842105,-14.923697741821462,,0,0
daily,423,11,0.1,2.5,42.069422654853604,36.81250447124054,38,1.7451347154196095,31.57894736842105,-16.809284880536303,,0,0
daily,424,93,0.02,2.5,42.067423689197824,39.99766241475757,15,3.325000000000003,46.666666666666664,-5.8807999999999865,,0,0
daily,425,24,0.04,2.0,42.048101029866025,36.24504508745223,42,1.6563924784462218,30.952380952380953,-14.92369774182144,36.54422671296223,0,1
daily,426,30,0.04,2.0,42.04742757909452,36.79130378302731,38,1.7448280695224343,31.57894736842105,-14.928713870531485,,0,0
daily,427,69,0.04,2.0,41.99635340702257,36.195439997507385,42,1.659362674837501,30.952380952380953,-28.659503685942443,,0,0
daily,428,37,0.1,2.0,41.907371409005535,34.75409332973016,52,1.5362624290778495,28.846153846153847,-21.582699857125586,,0,0
daily,429,41,0.1,2.0,41.850396660704625,34.69994631156228,52,1.535918635502272,28.846153846153847,-20.040121370773168,,0,0
daily,430,108,0.06,2.5,41.734808271856934,37.72544079048781,29,1.9981165531736318,34.48275862068966,-13.272226880336092,,0,0
daily,431,118,0.1,2.0,41.69719806984933,34.688960664842526,51,1.5340890444587856,29.41176470588235,-23.012251655763116,,0,0
daily,432,62,0.1,2.0,41.643314425893884,35.178013487381456,47,1.5820802715707154,29.78723404255319,-22.723868515027323,,0,0
daily,433,4,0.04,1.0,41.59509122137322,32.05559513111671,70,1.3947081813845963,27.142857142857142,-22.143773923405018,34.16712530361987,0,1
daily,434,79,0.1,1.5,41.570688486094085,29.674592623092757,88,1.319686430753296,26.136363636363637,-17.547171491194813,,0,0
daily,435,44,0.06,1.5,41.503249747437266,31.310957607956745,75,1.3723810705049957,26.666666666666668,-23.345546543567664,,0,0
daily,436,123,0.1,2.5,41.368144726322555,36.13644860475962,38,1.7258669611280348,31.57894736842105,-15.73809181113397,,0,0
daily,437,2,0.1,1.5,41.348066562597594,31.429492303819195,73,1.3732265600608733,27.397260273972602,-31.16876713714779,,0,0
daily,438,74,0.1,2.0,41.28440861035085,33.62559393720033,56,1.4848712567986784,28.571428571428573,-21.021329804933654,,0,0
daily,439,14,0.06,1.5,41.264055069133775,31.746647776449088,70,1.3938119771035136,27.142857142857142,-28.697913634256935,,0,0
daily,440,125,0.02,1.5,41.22146997275089,35.451440688637305,42,1.6441461609481236,30.952380952380953,-13.466000721492167,,0,0
daily,441,65,0.06,2.0,41.20508796196536,34.08655715871048,52,1.5274743498012173,28.846153846153847,-18.670932799664065,12.705663981784987,0,1
daily,442,107,0.06,1.0,41.18267291990607,27.646397866004225,101,1.2797677647988681,25.742574257425744,-33.37370091281089,,0,0
daily,443,86,0.02,2.5,41.18240515365941,38.42993157530099,20,2.5336855425513503,40.0,-9.693299376521459,,0,0
daily,444,3,0.06,2.0,41.17149240282818,34.054615667928005,52,1.5268066023042448,28.846153846153847,-15.499887046161886,,0,0
daily,445,43,0.1,2.5,41.13034307658052,37.137453200549,29,1.9726919798144977,34.48275862068966,-15.51175578107502,,0,0
daily,446,101,0.06,1.0,41.125596067758494,26.576511365742086,109,1.2592140565831529,25.68807339449541,-23.80434851855916,,0,0
daily,447,71,0.06,1.5,41.04609540358848,31.674767371286492,69,1.392387750934472,27.536231884057973,-18.398406351149454,,0,0
daily,448,41,0.06,1.0,40.74622309562117,25.22875438938812,117,1.2418205987283,25.641025641025642,-24.058879894828035,,0,0
daily,449,25,0.06,2.5,40.70604023336561,36.72473672213692,29,1.9587470130754756,34.48275862068966,-12.090579355896015,70.2812015343343,0,1
daily,450,97,0.1,1.5,40.696749668162305,30.039900536134123,79,1.3469765467093555,26.582278481012658,-23.73747268368055,,0,0
daily,451,68,0.1,2.0,40.68624973252919,33.59337114162597,52,1.5202617545071635,28.846153846153847,-22.32424607334402,,0,0
daily,452,108,0.02,2.5,40.660650897662684,37.36649429435139,24,2.167776106963439,37.5,-13.187446675328008,,0,0
daily,453,58,0.06,1.5,40.65521320618084,31.309518013181513,69,1.3889965921991207,27.536231884057973,-26.29509398044343,,0,0
daily,454,116,0.06,2.5,40.6470340111752,36.120971847367755,33,1.811978991451727,33.333333333333336,-15.303195873165654,,0,0
daily,455,60,0.06,2.5,40.56746098525266,35.90788300509542,34,1.8081656655038711,32.35294117647059,-16.790289700909934,,0,0
daily,456,115,0.04,2.5,40.559257506049676,36.58199297071605,29,1.9583754480681428,34.48275862068966,-16.793941897948727,,0,0
daily,457,39,0.06,2.0,40.532571977366196,34.6552483363815,43,1.6293021298280594,30.232558139534884,-16.625223786985032,39.269976515588965,0,1
daily,458,97,0.1,2.5,40.49662884403713,35.83938479534361,34,1.8128025929617375,32.35294117647059,-13.305208372827526,,0,0
daily,459,90,0.04,2.5,40.463619495838564,36.48896642145587,29,1.9553430507914804,34.48275862068966,-17.172569723007104,,0,0
daily,460,18,0.1,2.0,40.41300411283557,32.667872613149896,57,1.4752455679274161,28.07017543859649,-20.10461794043935,,0,0
daily,461,126,0.1,1.5,40.376970301930946,28.451592315416853,89,1.3121744151931625,25.84269662921348,-29.12011747895118,,0,0
daily,462,77,0.1,1.5,40.34470523549454,29.066356968547602,84,1.325673660864781,26.19047619047619,-27.824955782141835,,0,0
daily,463,10,0.04,1.0,40.259622437825946,30.1555012047646,75,1.3581418566659855,26.666666666666668,-26.74877707838664,,0,0
daily,464,59,0.06,2.0,40.13429349851232,33.06868740048687,52,1.5117914470302367,28.846153846153847,-23.302678412251908,,0,0
daily,465,49,0.06,2.5,40.01929126284054,35.37737510709342,34,1.7972028885766025,32.35294117647059,-15.407753075166564,64.58183611183242,0,1
daily,466,71,0.02,1.0,40.01893859453214,31.766171024202073,61,1.4326095245101407,27.868852459016395,-22.09824407313421,,0,0
daily,467,31,0.04,2.5,39.923291828054516,35.28445695842157,34,1.7937360010734373,32.35294117647059,-18.930146606119248,,0,0
daily,468,127,0.02,1.5,39.92223460858235,34.069860032112786,43,1.6196307499961342,30.232558139534884,-13.532041929792637,,0,0
daily,469,73,0.04,2.5,39.76946515589663,35.81376559567888,29,1.9312698332472746,34.48275862068966,-10.51771896063044,,0,0
daily,470,95,0.1,1.5,39.756396533542194,27.24454194592234,94,1.2938223258267294,25.53191489361702,-29.455560162571402,,0,0
daily,471,110,0.06,1.5,39.62221911228778,30.083590524113756,71,1.3763197014149986,26.760563380281692,-21.756537911099393,,0,0
daily,472,110,0.1,1.0,39.46645566718787,21.87296534019396,135,1.2144323694012598,24.444444444444443,-31.872947451337986,,0,0
daily,473,46,0.1,2.5,39.42811018148953,34.132054571309965,39,1.6802241598635765,30.76923076923077,-17.071985692730042,64.92745753232292,0,1
daily,474,124,0.1,2.0,39.42317326853186,31.73165845712567,57,1.4623423570561935,28.07017543859649,-21.528327626519996,,0,0
daily,475,54,0.04,2.5,39.41162501658737,35.330217302758385,30,1.9102564295300453,33.333333333333336,-11.415761913599997,,0,0
daily,476,79,0.06,2.5,39.366217710669815,34.74529559559054,34,1.7783473688299594,32.35294117647059,-17.08147236586559,,0,0
daily,477,6,0.02,1.0,39.34226577524671,32.31585435731195,52,1.501813520606001,28.846153846153847,-18.7389113715823,,0,0
daily,478,31,0.02,1.5,39.32119199392934,34.70175826450137,34,1.7814402423724531,32.35294117647059,-18.490349932951023,,0,0
daily,479,114,0.06,2.0,39.28235081811338,32.78967954732715,48,1.5458100975133717,29.166666666666668,-22.90880477172085,,0,0
daily,480,102,0.1,2.5,39.22519576058996,33.40128922572205,43,1.6062969873142288,30.232558139534884,-20.893161525907324,,0,0
daily,481,72,0.02,1.5,39.167297569513934,33.88092928865913,39,1.6775753997258358,30.76923076923077,-14.923697741821428,6.647616262428624,0,1
daily,482,3,0.1,1.0,39.15721341916634,21.11619034234755,139,1.2073478185168571,24.46043165467626,-36.523483443323045,,0,0
daily,483,93,0.1,2.0,39.12926565131312,32.113286502026696,52,1.4953445844637119,28.846153846153847,-29.57302981339449,,0,0
daily,484,123,0.06,2.5,39.12889426146846,34.51564048517073,34,1.7759996997527123,32.35294117647059,-15.62275669998373,,0,0
daily,485,103,0.06,1.5,39.09277235907926,30.240203558455647,66,1.3969614438717923,27.272727272727273,-24.91283100256507,,0,0
daily,486,108,0.06,2.0,39.07632142134501,33.793283906338935,39,1.6729098590714255,30.76923076923077,-16.09834751701268,,0,0
daily,487,79,0.04,1.0,38.986119426017396,28.328632933014486,80,1.3306802932240003,26.25,-25.331960886593365,,0,0
daily,488,10,0.1,2.0,38.91401107632155,31.776845464663815,53,1.4929998448633939,28.30188679245283,-23.27054336423905,,0,0
daily,489,6,0.06,2.5,38.90445200236692,34.83742435114354,30,1.898697902797694,33.333333333333336,-11.415761913600031,34.88519403681658,0,1
daily,490,114,0.06,1.5,38.90093471508387,30.060371646234497,66,1.3949300581621504,27.272727272727273,-25.467684170049687,,0,0
daily,491,72,0.06,2.5,38.84757645939201,34.91704304242567,29,1.8993580301263382,34.48275862068966,-18.28394470151091,,0,0
daily,492,46,0.06,1.5,38.84377082827217,29.357708297861286,71,1.3716268441648074,26.760563380281692,-22.593946609240014,,0,0
daily,493,37,0.02,1.5,38.73441133334339,32.79756278378119,44,1.5908745350150697,29.545454545454547,-21.81109060643578,,0,0
daily,494,127,0.04,1.5,38.711493698832136,31.58459579922983,53,1.4925810191308668,28.30188679245283,-22.876145325271047,,0,0
daily,495,31,0.04,1.0,38.680800348760336,27.407223145509608,85,1.3144510856420764,25.88235294117647,-29.48568301249542,,0,0
daily,496,44,0.06,2.5,38.64160590396772,33.37460858753225,39,1.6599277783913666,30.76923076923077,-17.156659659356066,,0,0
daily,497,114,0.1,2.0,38.598885333053865,31.477650296483684,53,1.490495620370156,28.30188679245283,-16.62522378698502,110.2595860138992,0,1
daily,498,12,0.06,2.5,38.58177190468921,33.31708650213954,39,1.666235653887046,30.76923076923077,-16.957979527265,,0,0
daily,499,57,0.06,1.5,38.56775935502792,29.748111092103223,66,1.3919688862693793,27.272727272727273,-28.94843253063285,,0,0
daily,500,14,0.1,2.0,38.55540832643487,32.62614358724964,44,1.5937706195926369,29.545454545454547,-16.62522378698502,,0,0
daily,501,71,0.04,2.0,38.49219762080411,32.69821624047393,43,1.591905170853016,30.232558139534884,-18.107364004509297,,0,0
daily,502,64,0.04,1.0,38.39142944529643,26.63253055063599,89,1.2953282692701331,25.84269662921348,-27.268788173290638,,0,0
daily,503,62,0.02,1.0,38.38917839558298,33.13153563332936,39,1.656072769049014,30.76923076923077,-11.415761913599987,,0,0
daily,504,93,0.06,1.5,38.38686775919589,29.06057743265209,70,1.3677507977532368,27.142857142857142,-23.552234821398464,,0,0
daily,505,16,0.1,2.0,38.266474177097386,30.50703238424486,58,1.4468277756021128,27.586206896551722,-23.12899887324654,74.63727016332085,0,1
daily,506,3,0.1,1.5,38.1931443938647,27.212976749389583,83,1.3119175913152066,26.50602409638554,-22.586320606601372,,0,0
daily,507,82,0.04,2.0,38.18470751699235,32.8016895134164,40,1.647671511375516,30.0,-18.308338645607424,,0,0
daily,508,21,0.1,2.5,38.076063778973854,33.49666153258548,34,1.7474321867002176,32.35294117647059,-13.578269614003514,,0,0
daily,509,6,0.1,2.5,38.0199888375174,32.776102115226124,39,1.6549934616938566,30.76923076923077,-18.86100934536139,,0,0
daily,510,19,0.06,1.5,38.01786390973538,29.23269285550305,66,1.3866381825969991,27.272727272727273,-20.29860218591245,,0,0
daily,511,55,0.04,1.0,37.955047610709244,26.993505365538795,83,1.309391340469699,26.50602409638554,-19.203394865399837,,0,0
daily,512,20,0.04,1.0,37.937784243130636,28.76997691921619,69,1.3623868251755258,27.536231884057973,-26.938970164436483,,0,0
daily,513,78,0.1,2.0,37.932739209207725,30.976035429744876,52,1.4825368097811646,28.846153846153847,-22.576883786215184,47.58625994944901,0,1
daily,514,5,0.06,2.0,37.888354152017726,30.802883915985202,53,1.4788807264389947,28.30188679245283,-17.646833041169817,,0,0
daily,515,4,0.06,1.0,37.843506598462184,24.499674758184863,102,1.2598330840936198,25.49019607843137,-25.20748779552561,,0,0
daily,516,109,0.04,2.0,37.73417996253845,31.180912330322585,49,1.5219529175874436,28.571428571428573,-16.625223786985032,,0,0
daily,517,38,0.1,2.5,37.725207566947994,32.35967510447133,40,1.6406704128730345,30.0,-18.370478476358308,,0,0
daily,518,14,0.04,1.0,37.71547868245311,26.646012431559353,84,1.306974752754912,26.19047619047619,-34.33648846965715,,0,0
daily,519,33,0.06,2.0,37.6152958818069,31.06754685008568,49,1.5191042002250583,28.571428571428573,-15.185876818897759,,0,0
daily,520,21,0.04,2.0,37.603289259626415,32.90607354901627,35,1.7311565688454613,31.428571428571427,-13.187446675328008,,0,0
daily,521,88,0.02,2.5,37.60009907918385,34.10603388666298,26,2.022447476190179,34.61538461538461,-9.60792032000002,1.618811761993788,0,1
daily,522,72,0.1,2.5,37.59336012135957,33.029509133037216,34,1.7364718159347694,32.35294117647059,-12.244373715699941,,0,0
daily,523,50,0.04,2.5,37.56967445686361,33.54041001987296,30,1.8551558605074674,33.333333333333336,-11.827769824097413,,0,0
daily,524,56,0.06,1.0,37.54343810434768,25.352800361992635,93,1.2787003176023433,25.806451612903224,-16.625223786985,,0,0
daily,525,24,0.02,2.5,37.515683621154515,34.69623026022282,21,2.275310119376217,38.095238095238095,-10.24486515770564,,0,0
daily,526,73,0.06,2.5,37.5073101588149,32.81330473574287,35,1.7315199720195988,31.428571428571427,-16.935248929072124,,0,0
daily,527,24,0.1,2.0,37.439172498034324,30.37639518232247,53,1.4743504207658311,28.30188679245283,-21.926941377396446,,0,0
daily,528,106,0.04,2.5,37.4115881107421,33.38679511763376,30,1.8498169301076954,33.333333333333336,-15.422023771277482,,0,0
daily,529,86,0.04,2.0,37.39491555743737,31.514145444540542,44,1.5708614611434437,29.545454545454547,-15.053243073495427,103.35695287144353,0,1
daily,530,9,0.06,2.0,37.38782719112705,30.85072769470154,49,1.51785317037431,28.571428571428573,-20.65945514605245,,0,0
daily,531,39,0.04,2.0,37.33606884543139,30.801328248413927,49,1.5145567409369527,28.571428571428573,-18.60517190221448,,0,0
daily,532,6,0.1,2.0,37.33009699062282,30.272688892459087,53,1.4685795601915246,28.30188679245283,-21.142155120895378,,0,0
daily,533,71,0.04,1.0,37.31920728698359,27.42441758286902,75,1.3379658850151352,26.666666666666668,-18.219092929400393,,0,0
daily,534,124,0.04,2.0,37.31493380283495,31.437519068232554,44,1.5700583609139556,29.545454545454547,-18.417134647784973,,0,0
daily,535,54,0.1,2.0,37.30854349599208,29.731635882108453,57,1.4362059383883563,28.07017543859649,-23.997702862591996,,0,0
daily,536,35,0.06,2.0,37.222910787500105,30.693481231104535,49,1.5145442073431015,28.571428571428573,-15.185876818897759,,0,0
daily,537,97,0.06,1.5,37.19852318321362,27.823305449192915,71,1.3566227361469443,26.760563380281692,-25.005425048542328,83.80697561592805,0,1
daily,538,73,0.1,1.5,37.19426717686205,27.181026481560334,76,1.335612846118762,26.31578947368421,-21.539807301065462,,0,0
daily,539,71,0.06,2.5,37.18567089018998,32.50234426801504,35,1.725042700068246,31.428571428571427,-14.982680780404078,,0,0
daily,540,87,0.1,1.0,37.12780531229569,19.827255282988453,135,1.2048888143528143,24.444444444444443,-47.0038804845371,,0,0
daily,541,54,0.04,1.5,37.125797504190714,29.429298786426617,58,1.4338732507487064,27.586206896551722,-21.92301598090075,,0,0
daily,542,40,0.1,1.5,37.10187718471927,26.587250390647466,80,1.3186520999145026,26.25,-26.54117539141122,,0,0
daily,543,122,0.04,1.5,37.09575083129755,30.050307661593358,53,1.4704157466701995,28.30188679245283,-16.580562307587122,,0,0
daily,544,7,0.04,2.5,37.063519512226925,33.58258582715832,26,2.008239836157115,34.61538461538461,-11.415761913600008,,0,0
daily,545,55,0.1,2.5,37.03862151351798,32.36015225541371,35,1.7196754185507608,31.428571428571427,-17.088468699130953,75.30265323179792,0,1
daily,546,41,0.06,1.5,36.9537006998744,26.957829866979456,76,1.3342543858567917,26.31578947368421,-17.79551314886685,,0,0
daily,547,57,0.04,1.0,36.89325750858416,26.26801028946111,81,1.315530896277301,25.925925925925927,-24.853053942808355,,0,0
daily,548,107,0.06,2.5,36.89278848572144,32.88266553431265,30,1.8333518608658834,33.333333333333336,-13.187446675328019,,0,0
daily,549,106,0.06,2.5,36.891830209696465,32.2182159926236,35,1.7146682628689454,31.428571428571427,-16.802294978420818,,0,0
daily,550,3,0.1,2.0,36.878098037506504,29.843567609958388,53,1.4656657384802432,28.30188679245283,-23.13299512174458,,0,0
daily,551,121,0.06,2.5,36.812669523670415,32.14170669577736,35,1.715659013874918,31.428571428571427,-13.831624827689481,,0,0
daily,552,89,0.1,1.5,36.77003116298787,26.78735997431698,76,1.3322204619174154,26.31578947368421,-26.964155898973264,,0,0
daily,553,25,0.04,2.5,36.76657130481329,32.09713224630364,35,1.714185218705128,31.428571428571427,-14.925366077448231,66.44189179184235,0,1
daily,554,61,0.02,1.5,36.68671137912758,30.83558662736767,44,1.5598360616037852,29.545454545454547,-15.100574800582567,,0,0
daily,555,29,0.1,2.0,36.685754554359406,30.181387374193758,49,1.5074902435035422,28.571428571428573,-20.127156758015165,,0,0
daily,556,83,0.02,1.5,36.65005110640487,31.984437130825217,35,1.7074620096681081,31.428571428571427,-16.821709713524335,,0,0
daily,557,4,0.06,2.0,36.6362009651759,30.264361171455434,48,1.5069421179176397,29.166666666666668,-21.04815574978257,,0,0
daily,558,124,0.1,2.5,36.61312033136068,31.289918176451124,40,1.6247018392374524,30.0,-19.982379289070096,,0,0
daily,559,19,0.06,2.0,36.59517385488662,29.445351316879332,54,1.4604684501387297,27.77777777777778,-19.926864925020414,,0,0
daily,560,93,0.06,2.5,36.58529388383547,31.92186934989174,35,1.7097541028763419,31.428571428571427,-18.59007792933347,,0,0
daily,561,91,0.06,2.5,36.5240791059388,31.862678432014203,35,1.7079346325019262,31.428571428571427,-19.103380185186204,57.538487535226615,0,1
daily,562,40,0.1,2.0,36.42020671015385,29.928211505728243,49,1.5031571459981676,28.571428571428573,-21.626574596184923,,0,0
daily,563,17,0.04,2.5,36.417276595874085,32.288219640490134,31,1.8154195614154909,32.25806451612903,-19.926864925020393,,0,0
daily,564,89,0.1,2.0,36.38439340548094,29.245468989405698,54,1.4601984329770854,27.77777777777778,-23.19758133078619,,0,0
daily,565,121,0.1,2.5,36.37174904136409,31.715399303809022,35,1.7040481912563195,31.428571428571427,-11.83218842439021,,0,0
daily,566,92,0.1,1.5,36.330747408949904,26.253395729075102,77,1.3285675630922766,25.974025974025974,-24.77299914888227,,0,0
daily,567,7,0.1,1.5,36.29042788752243,25.711494002277636,81,1.3120925182749705,25.925925925925927,-25.042552204454548,,0,0
daily,568,26,0.1,1.0,36.28086819389451,21.252152738489862,117,1.2259901053254503,24.786324786324787,-26.35796636457357,,0,0
daily,569,25,0.06,2.0,36.26457518150254,30.9546068266479,40,1.6171466243140231,30.0,-12.082965978899974,58.168659844662976,0,1
daily,570,30,0.04,2.5,36.262723979599464,32.13820568248644,31,1.8125149550923145,32.25806451612903,-13.187446675328008,,0,0
daily,571,20,0.04,2.0,36.15125527105809,30.845541433060863,40,1.6112862751677879,30.0,-16.739410037025635,,0,0
daily,572,126,0.02,2.0,36.091981239115434,31.97247624139683,31,1.8091567357354783,32.25806451612903,-9.60792032000002,,0,0
daily,573,33,0.1,2.5,36.06948636835945,31.950612611615405,31,1.8047679754202746,32.25806451612903,-13.187446675327996,,0,0
daily,574,109,0.1,1.5,35.96917296900395,25.540393053435007,80,1.3101353412496068,26.25,-25.599941192048504,,0,0
daily,575,37,0.06,1.0,35.92883270432014,21.302622446443188,114,1.23113478867411,24.56140350877193,-35.570327149013906,,0,0
daily,576,71,0.02,2.0,35.92134084435401,31.148607159432796,36,1.685408272437302,30.555555555555557,-11.415761913600008,,0,0
daily,577,119,0.04,1.5,35.908762201645715,28.923155314674354,53,1.4541574026952893,28.30188679245283,-20.261810286093574,63.988721886973195,0,1
daily,578,100,0.1,2.5,35.88386098156489,31.77041483707457,31,1.7981975612702052,32.25806451612903,-15.298761991057642,,0,0
daily,579,105,0.04,2.5,35.861250462927295,32.40961063833072,26,1.951297852152224,34.61538461538461,-14.284223186562905,,0,0
daily,580,73,0.02,1.0,35.779081498092765,30.48752377564954,40,1.605075477223495,30.0,-18.212638509197575,,0,0
daily,581,112,0.04,1.5,35.7718740959164,28.664390179669663,54,1.4509675696527646,27.77777777777778,-15.279826735467916,,0,0
daily,582,51,0.1,2.0,35.70136471085481,29.761595889868286,45,1.541820203504617,28.88888888888889,-21.611019902109575,,0,0
daily,583,26,0.1,2.0,35.69097371031269,27.94556814343654,59,1.4157639975822214,27.11864406779661,-18.34075658015718,,0,0
daily,584,70,0.04,2.5,35.670242541520444,31.69473534099687,30,1.7975769291593142,33.333333333333336,-15.628423467881191,,0,0
daily,585,121,0.02,2.0,35.66012017106264,31.553209961881713,31,1.789409548654203,32.25806451612903,-12.07096558856735,81.18627388407937,0,1
daily,586,101,0.06,1.5,35.644478600259234,26.75421279358976,68,1.3607404783641746,26.470588235294116,-23.522497217653328,,0,0
daily,587,25,0.1,1.5,35.631001905098046,23.980356726785644,90,1.2796698689035992,25.555555555555557,-32.75048934751621,,0,0
daily,588,86,0.04,1.0,35.608893090718084,25.08222897260559,81,1.3069904722248196,25.925925925925927,-21.67200403521682,,0,0
daily,589,2,0.06,2.0,35.559234486555226,29.625512139743737,45,1.53749325731265,28.88888888888889,-14.923697741821428,,0,0
daily,590,92,0.1,2.5,35.54542734866113,30.785540486490405,36,1.6778409300037935,30.555555555555557,-15.043058068113435,,0,0
daily,591,57,0.04,2.5,35.44401020956176,31.343442065564386,31,1.7848028987072198,32.25806451612903,-13.359318722313507,,0,0
daily,592,90,0.1,2.5,35.420429606389604,29.49267420000481,45,1.536471700360595,28.88888888888889,-18.656081700060422,,0,0
daily,593,115,0.04,1.5,35.39078983997763,27.790019217000662,58,1.4135616724519202,27.586206896551722,-21.528327626520007,52.239030661136375,0,1
daily,594,116,0.02,2.5,35.353578539295505,32.57634693503346,21,2.1674797885748407,38.095238095238095,-9.00224766122416,,0,0
daily,595,127,0.04,2.0,35.323159456267696,30.701562812633632,35,1.6785025442884565,31.428571428571427,-17.70224155122172,,0,0
daily,596,47,0.02,2.5,35.320177417464336,32.4111053624851,22,2.165330161525042,36.36363636363637,-11.415761913600065,,0,0
daily,597,125,0.04,2.5,35.300094419179715,30.54861671514859,36,1.6751996266388949,30.555555555555557,-16.625223786985032,,0,0
daily,598,124,0.02,1.0,35.26150715986485,29.340543383732577,45,1.5333473946535139,28.88888888888889,-15.134289374812482,,0,0
daily,599,106,0.06,1.0,35.261259308536054,23.024406743139593,95,1.2637143584279913,25.263157894736842,-33.49785601766266,,0,0
daily,600,90,0.04,1.5,35.25604239490221,27.53508681099919,59,1.4118762395787072,27.11864406779661,-26.14308973545961,,0,0
daily,601,53,0.1,2.0,35.191909863560156,28.24244094480013,53,1.4444873559717235,28.30188679245283,-23.877283041515142,42.13585325509055,0,1
daily,602,95,0.1,2.5,35.05955499452178,29.79535606413124,40,1.5922235228319894,30.0,-17.579479060408442,,0,0
daily,603,15,0.02,1.0,35.052932868726415,30.309891865868476,36,1.6692801567922155,30.555555555555557,-12.24899214532037,,0,0
daily,604,60,0.02,2.5,35.03591324891868,32.13265329578412,22,2.145161470377621,36.36363636363637,-8.032086550677997,,0,0
daily,605,15,0.06,1.5,34.97993680551828,26.765581093102497,63,1.3783746102478027,26.984126984126984,-18.948255228383847,,0,0
daily,606,30,0.04,1.5,34.92814435885452,27.992008413275272,53,1.4416034881198578,28.30188679245283,-15.161225181681893,,0,0
daily,607,29,0.04,2.0,34.90516822091638,29.64684713558201,40,1.5899175487478499,30.0,-13.226950542102124,,0,0
daily,608,21,0.1,2.0,34.8902996156274,28.46957769866938,49,1.4783596775373609,28.571428571428573,-13.240232469169278,,0,0
daily,609,45,0.06,2.0,34.84687244910256,28.428204262730937,49,1.4796148440164074,28.571428571428573,-18.35851636833956,51.556980347055784,0,1
daily,610,46,0.1,1.5,34.785548914683,24.197731083307296,82,1.3004000827026432,25.609756097560975,-30.728170004980182,,0,0
daily,611,121,0.1,1.0,34.78103160190032,17.06928201694602,141,1.1903748834982466,24.113475177304963,-40.73463759098976,,0,0
daily,612,98,0.04,2.5,34.72687189388122,29.994969432379403,36,1.6622653981839604,30.555555555555557,-15.241838350883718,,0,0
daily,613,87,0.1,1.5,34.71559479269428,24.3817457415197,80,1.3004885905613939,26.25,-36.23702612110006,,0,0
daily,614,52,0.1,2.5,34.676847343023496,29.946643390336437,36,1.660253038541594,30.555555555555557,-16.703974710251234,,0,0
daily,615,29,0.04,2.5,34.67229684046664,30.59432805813751,31,1.7619153262376936,32.25806451612903,-11.41576191360002,,0,0
daily,616,63,0.06,2.5,34.626504234851986,29.898035503319818,36,1.6605433918573447,30.555555555555557,-13.522278171911385,,0,0
daily,617,79,0.04,1.5,34.56125296282138,27.516011690834286,54,1.4363198400456878,27.77777777777778,-12.477940330698578,62.34002996593553,0,1
daily,618,87,0.1,2.0,34.545495522504496,26.99132018113064,58,1.4024017414283758,27.586206896551722,-24.191340035790777,,0,0
daily,619,126,0.06,2.0,34.53519210334801,27.36375719713884,55,1.4330806269091958,27.272727272727273,-18.2927193112453,,0,0
daily,620,77,0.02,2.5,34.499328492231676,31.60708160390884,22,2.1200750311348386,36.36363636363637,-10.095084062419101,,0,0
daily,621,9,0.04,2.0,34.474908779332324,28.587632509613,45,1.5210765863393918,28.88888888888889,-18.96519335459904,,0,0
daily,622,44,0.1,2.0,34.46491357702956,27.935947491242928,50,1.4694505906857698,28.0,-23.352757945944834,,0,0
daily,623,113,0.1,1.5,34.41618141959424,24.478582936876503,77,1.313359175881561,25.974025974025974,-23.24214286956868,,0,0
daily,624,4,0.1,2.0,34.35334528052785,27.31876277097387,54,1.4328210166664261,27.77777777777778,-24.920326087890853,,0,0
daily,625,69,0.04,2.5,34.34288962104144,30.7974650116305,27,1.897161353373873,33.333333333333336,-21.558327580650406,7.521069968027105,0,1
daily,626,92,0.04,1.5,34.31361753416952,26.139176235663086,63,1.3717772333173035,26.984126984126984,-29.067823381935433,,0,0
daily,627,47,0.06,2.0,34.30310493599453,27.78193114073804,50,1.4708442274635862,28.0,-20.170549456159414,,0,0
daily,628,24,0.06,1.5,34.2953243796682,25.995957312943684,64,1.3722807567259294,26.5625,-24.494884193295718,,0,0
daily,629,5,0.04,2.5,34.28393698898829,30.74001105399433,27,1.8951724183041843,33.333333333333336,-13.187446675328008,,0,0
daily,630,91,0.1,1.5,34.28099660010484,22.62228212032964,91,1.2697169468032936,25.274725274725274,-17.612802863791977,,0,0
daily,631,31,0.02,1.0,34.24321075716885,28.880992511274272,41,1.5713049056665525,29.26829268292683,-16.96732825283759,,0,0
daily,632,82,0.04,1.0,34.205109762828066,24.282791089350653,77,1.3097105060472278,25.974025974025974,-29.39009960159855,,0,0
daily,633,11,0.06,2.5,34.19486417199291,29.48112316308178,36,1.6498022226360767,30.555555555555557,-13.810033162034562,33.80489915686064,0,1
daily,634,38,0.1,1.5,34.18944079083581,24.392674057424134,76,1.3109353521956764,26.31578947368421,-32.157653217900595,,0,0
daily,635,27,0.06,2.5,34.181766270314505,29.468483223313434,36,1.650425668309772,30.555555555555557,-13.771588450305117,,0,0
daily,636,116,0.02,2.0,34.15020747032314,30.609624170862617,27,1.8811246108502344,33.333333333333336,-8.278157378409679,,0,0
daily,637,6,0.04,2.5,34.14273271511805,30.080282899169397,31,1.7471594246255042,32.25806451612903,-10.321890211048213,,0,0
daily,638,65,0.1,2.5,34.10018342114975,28.872395934052687,40,1.5710047527749311,30.0,-17.279223654711195,,0,0
daily,639,76,0.1,2.0,34.08175537985676,27.06113247329982,54,1.4294087917102998,27.77777777777778,-19.25763271061195,,0,0
daily,640,107,0.06,2.0,34.070673389616914,27.560559371914795,50,1.467402043117882,28.0,-13.187446675327974,,0,0
daily,641,99,0.06,2.5,34.069450718607186,29.359982503184078,36,1.6459817743304652,30.555555555555557,-18.421791019084623,62.078874382932355,0,1
daily,642,117,0.1,1.5,34.06630019738726,21.93666789175932,95,1.2577813882552589,25.263157894736842,-30.189428241116634,,0,0
daily,643,69,0.1,2.5,34.05060616868787,28.824747178649957,40,1.573056030021043,30.0,-13.655318733547317,,0,0
daily,644,115,0.1,2.5,34.032984933825716,30.49543166749329,27,1.8854990179855473,33.333333333333336,-15.180274780089354,,0,0
daily,645,13,0.06,2.0,34.02790105954783,28.159724220234892,45,1.5117805789406373,28.88888888888889,-13.707344224235529,,0,0
daily,646,49,0.1,2.0,33.9833025289046,26.333775070644382,59,1.3968559070863744,27.11864406779661,-23.688399999484723,,0,0
daily,647,67,0.06,2.0,33.93658484207307,28.072328158214212,45,1.5108867396962384,28.88888888888889,-19.023939707812744,,0,0
daily,648,40,0.04,1.0,33.91089810561596,25.76052696819955,63,1.3661799536055295,26.984126984126984,-20.470119119758845,,0,0
daily,649,50,0.04,1.5,33.90964225720594,27.024817319941285,53,1.4276189964774846,28.30188679245283,-18.295463728355664,93.06720734655205,0,1
daily,650,14,0.1,2.5,33.87041031031814,29.16773859384414,36,1.6413783223660705,30.555555555555557,-15.51161257246304,,0,0
daily,651,73,0.1,2.0,33.837504015950984,27.338456915173694,50,1.4629322164783367,28.0,-17.27194428757065,,0,0
daily,652,88,0.06,1.0,33.81946966119236,20.98306229681466,101,1.245557232035104,24.752475247524753,-22.935194423975837,,0,0
daily,653,54,0.1,1.0,33.81265048359061,17.396850961208067,131,1.19675455255902,24.427480916030536,-31.188167093813888,,0,0
daily,654,90,0.1,2.0,33.757363207633695,26.120494264666895,59,1.393549210997609,27.11864406779661,-23.758241062635634,,0,0
daily,655,104,0.04,2.0,33.719226852410976,27.864289834177324,45,1.5085360296592984,28.88888888888889,-11.415761913600008,,0,0
daily,656,123,0.04,2.0,33.66629145073543,27.175401892768324,50,1.4607175845148512,28.0,-19.926864925020425,,0,0
daily,657,23,0.04,2.0,33.63368229824004,27.782413593415423,45,1.507023577927707,28.88888888888889,-22.1043932137326,49.10989260981178,0,1
daily,658,81,0.06,2.0,33.5962527027881,27.108699286101555,50,1.4598014791138092,28.0,-17.01068475002854,,0,0
daily,659,85,0.06,1.5,33.592914131708795,24.96010251516094,67,1.341744223369351,26.865671641791046,-23.761334571609126,,0,0
daily,660,51,0.06,2.5,33.57901546886042,28.886300932807572,36,1.6352321993745564,30.555555555555557,-13.79171607023454,,0,0
daily,661,14,0.04,2.5,33.533221403652334,29.359175934346847,32,1.7290700089749298,31.25,-12.745144756695437,,0,0
daily,662,17,0.06,1.0,33.53136786861373,20.480405256975477,103,1.234922424687101,25.24271844660194,-33.52484528339944,,0,0
daily,663,106,0.02,1.0,33.505647721288454,29.202748935707866,33,1.6892120025297157,30.303030303030305,-22.496296941907833,,0,0
daily,664,54,0.02,2.0,33.45490944170753,29.28324969472722,32,1.7286140713166265,31.25,-13.18744667532804,,0,0
daily,665,84,0.1,2.5,33.43603130955599,28.10532418176095,41,1.559257764844491,29.26829268292683,-21.853706527075424,70.90462199027188,0,1
daily,666,104,0.06,1.0,33.40961695316056,20.37060639685486,103,1.2355244008702297,25.24271844660194,-22.630747280771224,,0,0
daily,667,125,0.06,2.5,33.38173997938225,29.212301523803717,32,1.7272727272727275,31.25,-16.625223786985032,,0,0
daily,668,45,0.04,1.5,33.36094832654688,25.87212948911617,58,1.3891597674799518,27.586206896551722,-14.059796041091055,,0,0
daily,669,6,0.04,2.0,33.334389012019216,28.007615239936,41,1.555727143958278,29.26829268292683,-17.26557430113883,,0,0
daily,670,104,0.02,2.0,33.25421191365019,29.088633745421188,32,1.7236016027862595,31.25,-11.47865352171975,,0,0
daily,671,32,0.06,2.0,33.25410245351641,26.78274591747556,50,1.4516004152981605,28.0,-23.963817119070065,,0,0
daily,672,121,0.02,1.0,33.23910896348244,27.916087067790297,41,1.5562111208186433,29.26829268292683,-11.41576191360002,,0,0
daily,673,93,0.04,2.5,33.22771857362867,29.062942359812215,32,1.7228409489938599,31.25,-16.721500085665074,34.78676105023979,0,1
daily,674,33,0.04,1.5,33.21461073582874,26.364816553594352,53,1.418213151286943,28.30188679245283,-22.679699536025034,,0,0
daily,675,100,0.06,1.5,33.12370134434308,23.775118587816134,73,1.3175433849140017,26.027397260273972,-21.824934133917207,,0,0
daily,676,106,0.02,2.5,33.094861313381486,30.754113015296603,18,2.369349836556725,38.888888888888886,-11.825093004210663,,0,0
daily,677,58,0.06,1.0,33.08190379668397,21.04041420130578,95,1.2517167010193304,25.263157894736842,-32.28388758504443,,0,0
daily,678,9,0.04,2.5,33.05859703027849,28.38364173623946,36,1.623252323200544,30.555555555555557,-16.78383243247913,,0,0
daily,679,110,0.02,2.0,33.05240241997065,30.05954173194705,23,2.0131128274234347,34.78260869565217,-14.509621416110374,,0,0
daily,680,46,0.02,1.5,33.0140609344084,27.82755240013215,40,1.5494683361251642,30.0,-16.15444643493127,,0,0
daily,681,61,0.04,1.5,32.98340142646814,25.389990700756627,59,1.3849754128907041,27.11864406779661,-16.293057141889268,30.778185678394433,0,1
daily,682,120,0.02,1.5,32.96275790468472,27.650487998772633,41,1.5498414873503905,29.26829268292683,-19.518899718166782,,0,0
daily,683,51,0.02,1.5,32.936032034189644,27.624778606211354,41,1.5477431452704007,29.26829268292683,-18.128479400468102,,0,0
daily,684,119,0.04,1.0,32.90850977710713,23.20410201108649,76,1.3011274436807443,26.31578947368421,-25.249439410795006,,0,0
daily,685,64,0.04,1.5,32.903519432254825,24.68885626003385,64,1.3580692913661474,26.5625,-21.71235376096664,,0,0
daily,686,123,0.04,2.5,32.89270066192835,28.738059463119203,32,1.7125790849745854,31.25,-11.499433388991044,,0,0
daily,687,107,0.1,2.0,32.83496955937031,25.752601655747974,55,1.4133909995831366,27.272727272727273,-18.330154869298234,,0,0
daily,688,107,0.1,2.5,32.77459439349377,27.469666772121904,41,1.5467906015693358,29.26829268292683,-15.7941105378965,,0,0
daily,689,45,0.06,2.5,32.69903742133826,28.036357346040354,36,1.6143064872632298,30.555555555555557,-18.86846699646185,38.895698649276845,0,1
daily,690,81,0.1,1.5,32.64977921691079,21.860926428896853,85,1.2712584148682822,25.88235294117647,-21.773991689061212,,0,0
daily,691,6,0.04,1.5,32.58311197065149,25.513777494456935,55,1.4060977759157482,27.272727272727273,-19.827664724770887,,0,0
daily,692,27,0.1,1.5,32.572048200741136,22.769030729877503,77,1.2981041109963476,25.974025974025974,-29.20837127192226,,0,0
daily,693,127,0.02,2.5,32.51906561748912,30.187865228231516,18,2.32550353615489,38.888888888888886,-7.7984464095477986,,0,0
daily,694,120,0.04,2.5,32.49793616203098,28.35524314229245,32,1.7010983519252112,31.25,-17.24061046495553,,0,0
daily,695,107,0.02,1.5,32.48175293434008,27.698606243450108,37,1.6009874003044378,29.72972972972973,-13.841306659321962,,0,0
daily,696,41,0.04,1.0,32.472988799143465,21.94236712976516,83,1.2796238811743357,25.301204819277107,-19.80599870606161,,0,0
daily,697,20,0.04,2.5,32.46448072000776,28.966753893846864,27,1.8264662807823013,33.333333333333336,-11.415761913600008,37.831339329116645,0,1
daily,698,70,0.1,2.5,32.428743087237336,28.288149803307117,32,1.6998131548872355,31.25,-10.813785157195198,,0,0
daily,699,97,0.04,2.0,32.40417391379147,26.478918734753478,46,1.4834176856121757,28.26086956521739,-15.310975874301324,,0,0
daily,700,0,0.04,2.5,32.37567596081126,28.23669252333003,32,1.6986910098637453,31.25,-13.655318733547317,,0,0
daily,701,112,0.06,1.0,32.35865489210743,19.18261724693768,105,1.228248582305022,24.761904761904763,-29.634422653636804,,0,0
daily,702,13,0.1,2.5,32.34636136427713,27.058119057839257,41,1.538229358487347,29.26829268292683,-14.097265921883995,,0,0
daily,703,116,0.1,2.5,32.33804978287276,27.687707743132208,36,1.606840230436997,30.555555555555557,-16.570612094809768,,0,0
daily,704,90,0.02,2.5,32.33163894310316,29.35440518068564,23,2.0081712459458956,34.78260869565217,-11.467676318825138,,0,0
daily,705,45,0.02,1.0,32.31494242184636,27.53763965728586,37,1.59677786516078,29.72972972972973,-16.783613935515184,12.266078910347943,0,1
daily,706,24,0.04,2.5,32.248736790662605,27.473877903639064,37,1.603707969063215,29.72972972972973,-14.923697741821417,,0,0
daily,707,100,0.1,2.0,32.19761782628026,25.776645990431255,50,1.4404093840915542,28.0,-17.75361804002791,,0,0
daily,708,39,0.06,1.5,32.16473984013146,22.88250396110405,73,1.308334992400494,26.027397260273972,-21.601837152754033,,0,0
daily,709,83,0.1,1.5,32.153059789874504,21.28277475382965,86,1.26750932500972,25.58139534883721,-22.70449015536242,,0,0
daily,710,17,0.1,2.5,32.070101090956186,27.30152497676506,37,1.6003611767345383,29.72972972972973,-18.51101906644017,,0,0
daily,711,80,0.1,2.5,32.059688534836624,27.29144889256363,37,1.5978530698047577,29.72972972972973,-16.91952155922901,,0,0
daily,712,4,0.1,1.0,32.0558206808371,15.275467114489128,136,1.1844527500777418,24.264705882352942,-44.16929066502918,,0,0
daily,713,16,0.04,2.5,32.042312837970144,27.27470746487244,37,1.5993199839672498,29.72972972972973,-11.415761913599987,80.20435702649367,0,1
daily,714,25,0.1,2.5,32.02057933413178,27.253740897994906,37,1.5991102112912075,29.72972972972973,-16.81624120633267,,0,0
daily,715,56,0.02,1.5,31.899202575899466,27.26385988572413,36,1.5976405757996641,30.555555555555557,-15.07336695131598,,0,0
daily,716,108,0.04,2.5,31.87313282938593,27.111437187683695,37,1.5930380688100048,29.72972972972973,-21.8982464532005,,0,0
daily,717,76,0.1,1.5,31.86422572026779,20.413115989232033,91,1.253964048581459,25.274725274725274,-26.33179416190131,,0,0
daily,718,21,0.02,1.5,31.855406132088284,27.094306575471315,37,1.5908272270165227,29.72972972972973,-15.021438636634077,,0,0
daily,719,39,0.06,2.5,31.822735074286634,26.55490075205764,41,1.52842025557807,29.26829268292683,-12.06838269421966,,0,0
daily,720,85,0.06,2.0,31.81728153983969,27.05758904850235,37,1.5949641869284068,29.72972972972973,-16.739410037025603,,0,0
daily,721,62,0.06,2.5,31.816918205918633,27.057220218142696,37,1.5935490287686664,29.72972972972973,-21.558327580650417,58.33782114541661,0,1
daily,722,89,0.04,2.5,31.79993637317855,27.678378032938177,32,1.682167748589171,31.25,-19.296322000516643,,0,0
daily,723,23,0.02,2.0,31.783076884308457,27.66202007558274,32,1.6806153321435948,31.25,-23.150557886440826,,0,0
daily,724,45,0.06,1.5,31.721726808614804,24.07496321642073,60,1.3696108769328643,26.666666666666668,-23.166944990037063,,0,0
daily,725,94,0.04,2.0,31.710772599583926,25.187692003642926,51,1.4327279199716474,27.45098039215686,-18.29271931124533,,0,0
daily,726,14,0.04,1.5,31.684037295223156,24.039400917165345,60,1.3685966037905921,26.666666666666668,-18.475879138520813,,0,0
daily,727,42,0.1,2.0,31.658438100164332,25.137837230397754,51,1.4298492454883762,27.45098039215686,-20.475827558743408,,0,0
daily,728,84,0.1,2.0,31.62673714296531,23.98540232019821,60,1.3687198657567383,26.666666666666668,-23.641971009412888,,0,0
daily,729,58,0.06,2.5,31.621174667520812,26.868338844763517,37,1.58828146921611,29.72972972972973,-20.580225773045957,45.20181716402001,0,1
daily,730,26,0.04,1.0,31.58071268577034,21.850047722585387,77,1.2898746699112644,25.974025974025974,-25.122272756465293,,0,0
daily,731,62,0.04,1.5,31.55657182578626,25.040872763084685,51,1.4268310149001837,27.45098039215686,-24.557241142382836,,0,0
daily,732,88,0.06,2.0,31.55334054024268,25.03790769434875,51,1.4306226171359522,27.45098039215686,-18.292719311245342,,0,0
daily,733,88,0.1,1.5,31.54922991369009,20.005151032506376,92,1.2519308008015686,25.0,-26.910829216637378,,0,0
daily,734,3,0.06,2.5,31.47622098268372,26.728498791698875,37,1.5866699349872393,29.72972972972973,-13.18744667532803,,0,0
daily,735,43,0.02,2.0,31.44903173832132,27.849179103271293,28,1.7900128430982978,32.142857142857146,-15.136504303070076,,0,0
daily,736,83,0.04,2.5,31.40788724500254,27.80910173158373,28,1.7858246113915544,32.142857142857146,-15.296255339017184,,0,0
daily,737,32,0.06,2.5,31.31579835517304,26.57371694483004,37,1.5834303171463238,29.72972972972973,-20.21504295369421,18.01613661205641,0,1
daily,738,117,0.02,1.0,31.27105334913891,26.65708001187912,36,1.5789337521878581,30.555555555555557,-17.197802476395353,,0,0
daily,739,113,0.1,2.0,31.199682229126857,25.201834045657456,47,1.4621984359389562,27.659574468085108,-15.564480526135505,,0,0
daily,740,62,0.06,1.5,31.131919730877232,21.79951468536032,74,1.3010214192041731,25.675675675675677,-26.1430897354596,,0,0
daily,741,101,0.1,2.0,31.110016068456204,24.11787667134757,55,1.389696900566477,27.272727272727273,-18.377407098521246,,0,0
daily,742,48,0.04,1.0,31.091021351853886,19.227832810894885,95,1.2391742738514082,25.263157894736842,-21.549344000934255,,0,0
daily,743,63,0.1,2.5,31.080357134257074,25.71564514691125,42,1.513173547133101,28.571428571428573,-18.31911424567022,,0,0
daily,744,92,0.06,1.0,31.05424735888509,17.065313190353827,113,1.2072422090601533,24.778761061946902,-23.5010333805594,,0,0
daily,745,41,0.02,2.0,31.027913682825627,27.439152247822072,28,1.7722818628130586,32.142857142857146,-11.636886986551753,60.202722722913116,0,1
daily,746,82,0.06,1.5,31.021738407345346,22.43015572210172,68,1.317834358072912,26.470588235294116,-22.954012014954195,,0,0
daily,747,47,0.06,2.5,30.9704017002592,26.87392401735369,32,1.6553979779270855,31.25,-18.863962887929564,,0,0
daily,748,37,0.02,1.0,30.953659981850578,23.969712932239595,55,1.3873541494149202,27.272727272727273,-24.795126501502594,,0,0
daily,749,14,0.02,2.5,30.9338017089569,28.500287625529563,19,2.202039177028463,36.8421052631579,-6.111775323762658,,0,0
daily,750,55,0.1,1.5,30.87766143943287,22.173169677724268,69,1.3165400430557848,26.08695652173913,-30.03116256178543,,0,0
daily,751,55,0.04,2.5,30.830308358884718,26.105274196746354,37,1.572395037051964,29.72972972972973,-15.971550947966218,,0,0
daily,752,118,0.06,1.0,30.82945988396224,16.980970769958702,112,1.2054004602831616,25.0,-27.322911396382754,,0,0
daily,753,10,0.02,2.0,30.82807287085114,27.244599102903976,28,1.7671072280060758,32.142857142857146,-13.697812565802113,70.82045059432802,0,1
daily,754,35,0.1,2.0,30.810056368787198,23.709892464048956,56,1.3869099282326751,26.785714285714285,-24.682091229272395,,0,0
daily,755,0,0.06,2.0,30.78876429168831,24.80917941457963,47,1.4508919435432313,27.659574468085108,-22.525164051689305,,0,0
daily,756,5,0.02,2.5,30.78582778292469,28.354925040430736,19,2.195457059102934,36.8421052631579,-6.027525983380855,,0,0
daily,757,63,0.02,2.0,30.73201281261857,26.516155916625127,33,1.64915062480328,30.303030303030305,-13.187446675327985,,0,0
daily,758,109,0.06,2.0,30.72199643790143,24.246905525806262,51,1.417852923041851,27.45098039215686,-17.27909135550393,,0,0
daily,759,102,0.04,2.5,30.63797140395721,27.05949721326324,28,1.7584550541244228,32.142857142857146,-13.96563238064228,,0,0
daily,760,15,0.1,1.5,30.536187198206164,19.557975615742794,88,1.2555522455468138,25.0,-30.63581725351906,,0,0
daily,761,78,0.1,1.5,30.51815565097593,20.744148839850407,78,1.280127006701088,25.641025641025642,-24.6696807363477,75.67701874994836,0,1
daily,762,5,0.04,2.0,30.51594916949767,25.173797581175727,42,1.5033754661071275,28.571428571428573,-20.770006724827518,,0,0
daily,763,10,0.02,1.5,30.513676999844353,26.431067546447462,32,1.6465485143106613,31.25,-13.187446675327996,,0,0
daily,764,64,0.1,2.0,30.49243317570378,24.02851466828373,51,1.4156905741492,27.45098039215686,-17.562074179992614,,0,0
daily,765,9,0.1,1.5,30.479451703497105,20.225865118496642,82,1.267423774302491,25.609756097560975,-24.635805852509797,,0,0
daily,766,97,0.02,2.0,30.40012869431297,26.194640153161618,33,1.639728964994659,30.303030303030305,-13.390573891488255,,0,0
daily,767,41,0.04,2.5,30.39873282492991,26.826593197288553,28,1.7528977324311013,32.142857142857146,-11.29074979696657,,0,0
daily,768,110,0.02,2.5,30.374843075277735,27.951177586231534,19,2.171701589082373,36.8421052631579,-11.864383798903633,,0,0
daily,769,99,0.02,2.5,30.349035251925983,27.925821109162218,19,2.1695002827004295,36.8421052631579,-8.260289859611358,46.537299593634394,0,1
daily,770,19,0.04,2.5,30.290857626225943,26.721579883428625,28,1.7513441274281196,32.142857142857146,-10.522906234520823,,0,0
daily,771,89,0.04,1.0,30.27241601388848,20.39603714280731,79,1.2767903619929752,25.31645569620253,-27.02954008755182,,0,0
daily,772,55,0.04,2.0,30.26341308742939,24.307524087184728,47,1.4501643553174717,27.659574468085108,-18.292719311245342,,0,0
daily,773,18,0.06,2.5,30.202478480385665,26.003199361251326,33,1.6374808020598697,30.303030303030305,-16.550339999151255,,0,0
daily,774,116,0.02,1.5,30.195648914046934,25.996593578423187,33,1.6383299861440193,30.303030303030305,-9.966445821280878,,0,0
daily,775,45,0.1,2.0,30.0528986118878,24.106400677904904,47,1.4455845785853658,27.659574468085108,-21.588749427209596,,0,0
daily,776,35,0.06,2.5,30.046505067431163,25.852081904359324,33,1.6315526143361052,30.303030303030305,-17.26160254382191,,0,0
daily,777,19,0.1,2.5,30.03129223076446,25.33432597095424,37,1.555271201225239,29.72972972972973,-9.69329937652147,94.7112166497871,0,1
daily,778,53,0.1,1.5,30.005479067207585,19.90857250396352,81,1.2646445278155019,25.925925925925927,-27.910139387875443,,0,0
daily,779,46,0.02,2.5,30.00019219324659,26.9460458716021,24,1.8951349617164672,33.333333333333336,-7.7631840000000345,,0,0
daily,780,45,0.02,2.0,29.873564493665295,26.822279186604625,24,1.8920691328174473,33.333333333333336,-13.187446675328019,,0,0
daily,781,58,0.02,1.5,29.865983623418657,25.04958958177268,38,1.5440070398680155,28.94736842105263,-14.06801916324899,,0,0
daily,782,103,0.02,2.0,29.840550533701315,26.283121497459682,28,1.731895345424634,32.142857142857146,-13.608849145122736,,0,0
daily,783,83,0.02,2.5,29.798530184327788,26.74892103047131,24,1.886370377236366,33.333333333333336,-11.449627931729689,,0,0
daily,784,102,0.02,1.5,29.787983935242735,25.601654999202083,33,1.6257926214884737,30.303030303030305,-11.595646147990147,,0,0
daily,785,5,0.06,2.5,29.768815385408764,25.58310457484596,33,1.6270540808154768,30.303030303030305,-15.538947030780125,49.667117551059924,0,1
daily,786,26,0.04,1.5,29.734857689544604,22.6919937270438,56,1.3728206652411044,26.785714285714285,-21.828277246426254,,0,0
daily,787,118,0.1,2.5,29.708495635750154,24.398594678772902,42,1.488214805930024,28.571428571428573,-19.203246051955027,,0,0
daily,788,27,0.02,2.5,29.698223432823845,26.650878289114456,24,1.8834492850754319,33.333333333333336,-15.564480526135526,,0,0
daily,789,15,0.1,2.0,29.697314410070664,22.043969827253985,61,1.3456179560682802,26.229508196721312,-29.398161902312815,,0,0
daily,790,77,0.1,2.5,29.68457073877333,23.754600970719018,47,1.441670765671871,27.659574468085108,-20.172966237214162,,0,0
daily,791,113,0.06,2.5,29.660839899013382,24.97689148466511,37,1.5475864506863706,29.72972972972973,-18.75363097361369,,0,0
daily,792,4,0.04,1.5,29.629201715985975,22.59199708650066,56,1.3721711192724617,26.785714285714285,-18.307742399638283,,0,0
daily,793,81,0.1,2.5,29.61116577959686,24.804075844324647,38,1.5455874007301202,28.94736842105263,-18.353981023004216,83.21684880161946,0,1
daily,794,5,0.02,2.0,29.548894559224536,26.50490785220967,24,1.876640269827041,33.333333333333336,-7.7631839999999785,,0,0
daily,795,112,0.1,2.0,29.542759710947884,22.51011934565166,56,1.3702473651645732,26.785714285714285,-26.187997936977393,,0,0
daily,796,85,0.04,2.5,29.44838614114451,25.27262501891949,33,1.6131795505185493,30.303030303030305,-17.74456393338183,,0,0
daily,797,38,0.02,1.5,29.41490205558854,24.864363373488253,36,1.5411793519595924,30.555555555555557,-12.854214858360912,,0,0
daily,798,8,0.06,1.5,29.398464423200686,21.154446904177092,66,1.319927823076135,25.757575757575758,-14.92369774182144,,0,0
daily,799,82,0.06,1.0,29.32321011777841,17.383224823818132,97,1.2271839151646444,24.742268041237114,-28.766259722437425,,0,0
daily,800,101,0.02,2.5,29.309947179513294,26.27132823667806,24,1.8646983493999514,33.333333333333336,-7.76318399999999,,0,0
daily,801,116,0.06,1.0,29.270581724062627,16.28281837886938,106,1.2111122234779992,24.528301886792452,-30.231981822284148,45.51708855870012,0,1
daily,802,60,0.02,2.0,29.24319704172649,25.575884360900435,29,1.7120430912536657,31.03448275862069,-13.841306659321917,,0,0
daily,803,28,0.06,2.0,29.192898400233446,23.90353238623415,42,1.4760243765500556,28.571428571428573,-18.996638147957224,,0,0
daily,804,119,0.1,2.5,29.1137498025924,24.948507124933215,33,1.6089201157847504,30.303030303030305,-17.906200560085285,,0,0
daily,805,127,0.06,2.0,29.11307214832255,23.703053034795097,43,1.470993367978683,27.906976744186046,-18.712782995550192,,0,0
daily,806,62,0.02,2.0,29.0967883579917,26.062976923319113,24,1.8582234043143737,33.333333333333336,-8.440300390724698,,0,0
daily,807,83,0.04,2.0,29.084848566138465,23.799881870057792,42,1.477569677556937,28.571428571428573,-17.529791103040317,,0,0
daily,808,27,0.04,1.0,29.032414663484097,20.932334500463412,65,1.3177455482089362,26.153846153846153,-21.65541395845486,,0,0
daily,809,52,0.06,1.0,29.015969884634572,15.705343725196519,109,1.2035077017089926,24.770642201834864,-28.104445556034584,35.77424254099191,0,1
daily,810,112,0.06,1.5,28.931609664227608,19.753741392521885,74,1.2826213926838705,25.675675675675677,-26.316389899043024,,0,0
daily,811,61,0.02,1.0,28.790264218595297,22.900316222598384,47,1.4275874543646034,27.659574468085108,-15.079466788203922,,0,0
daily,812,52,0.1,2.0,28.764915441110126,22.262541688037317,52,1.3908173773935322,26.923076923076923,-24.752678123611503,,0,0
daily,813,102,0.02,2.0,28.7400421951558,25.08651529610626,29,1.6969311110495957,31.03448275862069,-11.78818794984945,,0,0
daily,814,26,0.04,2.0,28.738938185039874,23.963295091883285,38,1.5241240289931537,28.94736842105263,-18.37606956354404,,0,0
daily,815,105,0.1,2.0,28.727984318006605,22.227409968051415,52,1.3894063641383556,26.923076923076923,-16.687905728829342,,0,0
daily,816,23,0.06,2.5,28.684990703024482,25.032983266538047,29,1.6966031475533305,31.03448275862069,-17.554332706076636,,0,0
daily,817,95,0.04,1.0,28.662107895542576,19.263963902454417,76,1.2748013595641683,25.0,-30.613741566250663,25.777268363576034,0,1
daily,818,65,0.04,1.0,28.657673859162802,19.021312644495204,78,1.2659455955139232,25.641025641025642,-22.577422868578978,,0,0
daily,819,50,0.04,1.0,28.613239868126094,18.86111357177964,79,1.2641285881101658,25.31645569620253,-22.32248519609342,,0,0
daily,820,103,0.1,1.5,28.60810874870503,17.908102440300922,87,1.2424207775786529,25.28735632183908,-24.891230581302203,,0,0
daily,821,33,0.02,2.5,28.590173446401646,26.071721712377062,20,2.05171211119336,35.0,-11.41576191360002,,0,0
daily,822,2,0.1,2.0,28.56891127961314,22.076231303202643,52,1.3877831699251297,26.923076923076923,-27.675959085876368,,0,0
daily,823,77,0.1,2.0,28.55189012122288,20.965072896197423,61,1.3337587236963764,26.229508196721312,-23.09776107398962,,0,0
daily,824,85,0.04,1.5,28.512618912865918,20.565205804057452,64,1.313264859246997,26.5625,-28.993335333429215,,0,0
daily,825,109,0.06,1.0,28.510753368202234,15.021513349478543,111,1.2004951022902166,24.324324324324323,-29.17131987565661,171.7636937284211,0,1
daily,826,5,0.06,1.0,28.471002186995364,15.562680332867519,106,1.205875020850554,24.528301886792452,-31.307003093191454,,0,0
daily,827,85,0.1,2.0,28.44813691121606,21.35233956204199,57,1.3541095439565924,26.31578947368421,-21.528327626519996,,0,0
daily,828,113,0.04,2.5,28.444060064590794,24.79863763037875,29,1.6873450962213679,31.03448275862069,-11.785601024527569,,0,0
daily,829,73,0.06,1.5,28.398606903998513,19.736766682864683,70,1.2924162517619104,25.714285714285715,-24.805504040188573,,0,0
daily,830,104,0.1,1.5,28.376947002805863,18.286575141086093,82,1.251608064167596,25.609756097560975,-18.16406332093974,,0,0
daily,831,3,0.06,1.0,28.354107797212123,14.880776163420983,111,1.1981235910279593,24.324324324324323,-18.71102295988203,,0,0
daily,832,28,0.1,1.5,28.24018025738304,18.04230258591084,83,1.2499811950535311,25.301204819277107,-26.089913135425636,,0,0
daily,833,81,0.04,1.0,28.193667505704244,19.42568980463564,71,1.2867684574967462,25.35211267605634,-31.667598050890376,7.386880793956907,0,1
daily,834,72,0.06,2.0,28.15572620907536,21.683510864667042,52,1.3820872166113845,26.923076923076923,-23.736327881580433,,0,0
daily,835,10,0.02,1.0,28.119650994548763,22.996143954503022,41,1.4590376577930735,29.26829268292683,-18.29271931124531,,0,0
daily,836,120,0.1,1.5,28.0691185676472,17.76686207490876,84,1.2487617328474985,25.0,-18.908105195414926,,0,0
daily,837,84,0.06,2.5,28.06137282915797,23.805086758481806,34,1.5765878815011112,29.41176470588235,-15.224001591049973,,0,0
daily,838,104,0.06,2.5,28.056178598082205,23.800107152097926,34,1.5802379685834758,29.41176470588235,-16.62522378698501,,0,0
daily,839,68,0.02,1.0,28.037906664029787,21.085426101286806,56,1.3495853321220357,26.785714285714285,-23.538140915698015,,0,0
daily,840,20,0.06,2.0,27.991892214329095,22.627878523117474,43,1.4569943147200417,27.906976744186046,-16.681569120463546,,0,0
daily,841,117,0.02,1.5,27.935025930039025,24.303555471447357,29,1.6726150687931813,31.03448275862069,-17.431101028322438,50.42948801191227,0,1
daily,842,15,0.06,2.5,27.924803709922962,23.6729856108701,34,1.5783710477862318,29.41176470588235,-13.326177328146438,,0,0
daily,843,15,0.1,2.5,27.921623959798826,22.560492923708942,43,1.4561068634611594,27.906976744186046,-23.54590105776353,,0,0
daily,844,56,0.06,2.5,27.9132698789633,23.785568115689482,33,1.5788757055946856,30.303030303030305,-14.617416083703628,,0,0
daily,845,83,0.02,1.0,27.868409137057725,23.12406048560971,38,1.4995534623294369,28.94736842105263,-14.923697741821428,,0,0
daily,846,35,0.06,1.5,27.82941115804871,19.683917798335827,66,1.3050734701889626,25.757575757575758,-24.02717892060362,,0,0
daily,847,80,0.02,1.5,27.77671089211151,24.149577731937978,29,1.6682678394348738,31.03448275862069,-13.187446675327985,,0,0
daily,848,99,0.02,1.5,27.768081620497643,23.521324011103207,34,1.5750057650543579,29.41176470588235,-13.412266055413479,,0,0
daily,849,9,0.06,1.5,27.716406022969053,18.98092577858015,71,1.2865167605422634,25.35211267605634,-24.63580585250982,106.79505385557171,0,1
daily,850,21,0.06,2.0,27.637336259313926,21.798941747956846,47,1.4086037252620518,27.659574468085108,-14.928713870531462,,0,0
daily,851,79,0.06,1.5,27.56327607905551,19.07609225474274,69,1.2860657004619882,26.08695652173913,-25.084494479566978,,0,0
daily,852,124,0.04,1.5,27.49072310792546,21.05141217034008,52,1.3722867080299013,26.923076923076923,-20.027413679168284,,0,0
daily,853,86,0.06,2.5,27.489757536468762,22.63651134528275,39,1.4981228711077295,28.205128205128204,-11.41576191360002,,0,0
daily,854,66,0.06,1.5,27.465538609217877,18.2722990884854,75,1.2694923074928517,25.333333333333332,-32.467394398389374,,0,0
daily,855,111,0.1,2.0,27.397247636671686,19.278841982627924,66,1.3001456722451261,25.757575757575758,-25.803531030486194,,0,0
daily,856,74,0.1,2.5,27.37474746554389,22.648402817989965,38,1.498109871377092,28.94736842105263,-20.218276370746825,,0,0
daily,857,58,0.1,2.5,27.35665486543852,22.01863832032891,43,1.4455426215653013,27.906976744186046,-22.308818648118734,62.37558468081772,0,1
daily,858,58,0.1,2.0,27.350204456845727,20.314084732757355,57,1.3427357862823497,26.31578947368421,-24.549777031284993,,0,0
daily,859,33,0.04,2.5,27.34547074427458,24.226724760746855,25,1.7783048060154425,32.0,-13.512668840683006,,0,0
daily,860,121,0.02,2.5,27.331490579175632,24.21308124403272,25,1.779124228837871,32.0,-14.112390189749036,,0,0
daily,861,101,0.1,2.5,27.300201794251365,23.068499116283768,34,1.5606255805488443,29.41176470588235,-16.91952155922901,,0,0
daily,862,102,0.02,2.5,27.276575306402773,24.159456350794905,25,1.7769273199116398,32.0,-9.607920320000007,,0,0
daily,863,66,0.1,2.0,27.271590103590214,20.84318430887595,52,1.3705801946961094,26.923076923076923,-24.935456155828994,,0,0
daily,864,25,0.1,2.0,27.25770513257213,20.82995080514931,52,1.369247569785279,26.923076923076923,-22.392663071909848,,0,0
daily,865,108,0.1,1.5,27.168045019780386,17.995941700855013,75,1.2665340369594518,25.333333333333332,-28.33377425579594,137.45538246575447,0,1
daily,866,52,0.04,1.0,27.135904262957734,18.439556912169852,71,1.2808274423651016,25.35211267605634,-26.32632769565505,,0,0
daily,867,37,0.02,2.5,27.11241452234463,23.999169661827978,25,1.7733269988827494,32.0,-14.923697741821428,,0,0
daily,868,0,0.1,1.0,27.049802448973324,12.017673417246154,126,1.176245183649014,23.80952380952381,-29.179050559734566,,0,0
daily,869,48,0.1,2.5,26.987915297209565,22.766239049750524,34,1.5499543921622814,29.41176470588235,-18.50455033440944,,0,0
daily,870,51,0.1,2.5,26.951550437096316,22.11825482897489,39,1.4865705907793862,28.205128205128204,-14.92369774182144,,0,0
daily,871,35,0.04,2.0,26.933523161145946,22.100858318766846,39,1.4841387814342057,28.205128205128204,-11.909776980683917,,0,0
daily,872,49,0.1,2.5,26.915179457488136,22.08325705673415,39,1.4872445090848572,28.205128205128204,-17.98110177885206,,0,0
daily,873,30,0.1,2.0,26.88721909598144,19.396963439533966,61,1.313787293945464,26.229508196721312,-24.754135293012304,66.15986652351944,0,1
daily,874,123,0.04,1.0,26.87921736199197,16.08901287761966,89,1.229764104131247,24.719101123595507,-16.831603587316224,,0,0
daily,875,81,0.02,2.0,26.856886490670774,22.02714260630392,39,1.4870382045376715,28.205128205128204,-15.125297166166584,,0,0
daily,876,123,0.04,1.5,26.850867746378416,18.766721935794074,66,1.2941886437314787,25.757575757575758,-22.168743919308696,,0,0
daily,877,22,0.02,2.5,26.839241462749143,23.85624179430743,24,1.765327248492762,33.333333333333336,-12.92649980307301,,0,0
daily,878,92,0.04,2.5,26.829521572822568,22.000776238923294,39,1.4855138842818492,28.205128205128204,-18.29378576859,,0,0
daily,879,19,0.1,1.5,26.797580858433157,16.59636529538535,84,1.2388372179158396,25.0,-19.44802985440327,,0,0
daily,880,54,0.02,1.5,26.758909301434098,21.932793983526256,39,1.4847254916040729,28.205128205128204,-13.50078402276621,,0,0
daily,881,75,0.06,2.5,26.604983483766077,21.78457722664877,39,1.4816190298172893,28.205128205128204,-17.0252431413606,59.007143163221954,0,1
daily,882,64,0.04,2.0,26.59075320515669,21.28408819885641,43,1.432342654491135,27.906976744186046,-19.332073343826185,,0,0
daily,883,20,0.1,1.5,26.58358368848328,16.86663030624038,80,1.249042233121837,25.0,-23.961622466618536,,0,0
daily,884,42,0.02,1.0,26.571815248523322,20.780980532703563,47,1.38824538255889,27.659574468085108,-22.06140402277278,,0,0
daily,885,108,0.06,1.0,26.534295172217192,14.849204858662812,97,1.209870759603003,24.742268041237114,-27.354640290925936,,0,0
daily,886,54,0.1,1.5,26.521991360967778,16.459156320306455,83,1.2380038282721686,25.301204819277107,-29.82540417801055,,0,0
daily,887,46,0.04,2.5,26.49172104263613,22.286113555086807,34,1.5424267846054718,29.41176470588235,-16.294655470014874,,0,0
daily,888,13,0.06,2.5,26.433435412093065,22.22971531313145,34,1.5415514325607103,29.41176470588235,-14.136280240202936,,0,0
daily,889,23,0.02,2.5,26.38338154788229,23.287269704874667,25,1.745361372903459,32.0,-17.099598013663186,10.276685054468238,0,1
daily,890,44,0.06,2.0,26.368478800821336,19.86481545192742,53,1.356659356574689,26.41509433962264,-18.78204272509666,,0,0
daily,891,12,0.04,2.0,26.3656552275658,20.94716305293247,44,1.4275079462708886,27.272727272727273,-18.29271931124532,,0,0
daily,892,94,0.1,2.5,26.350702522341308,21.53973509902274,39,1.4768851306268649,28.205128205128204,-15.219164535692375,,0,0
daily,893,110,0.06,2.5,26.308015102603434,22.10834917754374,34,1.5391899457148024,29.41176470588235,-17.338079125435748,,0,0
daily,894,84,0.06,2.0,26.307930181692505,20.89185537415592,44,1.426443707405913,27.272727272727273,-19.973948512002902,,0,0
daily,895,75,0.06,1.0,26.295494939813622,14.059996371848204,102,1.2015838950906261,24.50980392156863,-30.672102054505412,,0,0
daily,896,126,0.1,1.0,26.25384733433309,9.436206188669495,143,1.1564011216567538,23.776223776223777,-41.89666947782737,,0,0
daily,897,0,0.04,1.0,26.239309104815888,15.850370892555276,86,1.2333379361434018,24.41860465116279,-19.625125748605676,109.66703140889558,0,1
daily,898,33,0.06,1.0,26.238417701705252,15.040188500836994,93,1.2154830650553343,24.731182795698924,-21.23774364239418,,0,0
daily,899,126,0.1,2.5,26.195883820894394,22.489488750787668,30,1.619565045749596,30.0,-19.11047298822893,,0,0
daily,900,48,0.1,1.5,26.16006850781889,16.009582782546072,84,1.2348306907172792,25.0,-29.142162625805966,,0,0
daily,901,92,0.06,2.0,26.123883462208685,19.632605678470007,53,1.3542889483735676,26.41509433962264,-22.006727413519744,,0,0
daily,902,109,0.1,1.0,26.1010134038016,10.182743582823782,135,1.1629111086159072,23.703703703703702,-27.230257083242094,,0,0
daily,903,21,0.04,1.5,26.058600425019062,19.570520913111867,53,1.3507728091046538,26.41509433962264,-21.555027176206877,,0,0
daily,904,97,0.06,2.0,26.0389575295928,20.1519264270408,48,1.384629208765458,27.083333333333332,-18.978909398446618,,0,0
daily,905,119,0.1,2.0,26.018540503680864,19.532480914230966,53,1.35048051234944,26.41509433962264,-25.379516404976155,78.55781122127186,0,1
daily,906,48,0.04,2.5,25.983833660663457,21.794572019535163,34,1.5282585461359006,29.41176470588235,-16.853446682849082,,0,0
daily,907,41,0.1,1.0,25.975795655719125,11.180861656157305,125,1.1713255312140236,24.0,-24.681582655418367,,0,0
daily,908,117,0.1,1.0,25.922773272105857,9.149060411200027,143,1.15528295952099,23.776223776223777,-30.26702323661664,,0,0
daily,909,58,0.04,1.5,25.893400083438877,18.34250276498537,62,1.3038492668612498,25.806451612903224,-27.743366879939448,,0,0
daily,910,74,0.02,1.5,25.859427059556417,22.16255688567599,30,1.6073051828102567,30.0,-15.143917994009426,,0,0
daily,911,65,0.1,2.0,25.858172694272618,18.903069736912382,57,1.325105301440285,26.31578947368421,-20.94079645519489,,0,0
daily,912,87,0.06,2.0,25.84401048284679,19.965900649376312,48,1.381909020251792,27.083333333333332,-24.61950359402929,,0,0
daily,913,124,0.06,1.0,25.76907172183809,13.584032646913634,102,1.1984945360605423,24.50980392156863,-30.07667666670114,28.979534004487228,0,1
daily,914,27,0.1,2.0,25.7598421583072,18.216779547854678,62,1.3016886193526767,25.806451612903224,-24.64237030844314,,0,0
daily,915,50,0.06,2.0,25.748640645893662,20.356014057434145,44,1.4173543658103058,27.272727272727273,-18.908127097300543,,0,0
daily,916,33,0.02,1.0,25.697781697254275,20.790035166413556,40,1.4569618218953566,27.5,-16.625223786985,,0,0
daily,917,80,0.04,2.0,25.66941265458844,20.28003030194354,44,1.412975849370175,27.272727272727273,-15.858981173244423,,0,0
daily,918,92,0.06,2.5,25.669343813802257,21.36881234802297,35,1.522254478846189,28.571428571428573,-13.187446675328019,,0,0
daily,919,108,0.02,2.0,25.652667721809873,21.961657062388483,30,1.6006801605020713,30.0,-14.92369774182144,,0,0
daily,920,120,0.04,2.0,25.632585167285924,19.64434829303945,49,1.3761456134325982,26.53061224489796,-16.801694762631,,0,0
daily,921,98,0.1,2.5,25.60321678409878,21.30486552359736,35,1.5194157737967469,28.571428571428573,-15.100083298574829,42.222852146173025,0,1
daily,922,48,0.02,2.0,25.460569090645734,20.682592806157963,39,1.4578796336868902,28.205128205128204,-13.294004032959405,,0,0
daily,923,121,0.02,1.5,25.457513103844363,21.164031390244432,35,1.5179404476191356,28.571428571428573,-9.607920319999973,,0,0
daily,924,86,0.1,1.5,25.45134511171114,16.28508136593414,76,1.2519213456947755,25.0,-31.885617133710266,,0,0
daily,925,102,0.04,2.0,25.441776176970787,21.14878417126713,35,1.515219221167773,28.571428571428573,-15.614129226936813,,0,0
daily,926,115,0.1,2.0,25.42795582756947,20.04875855897108,44,1.4115247753607536,27.272727272727273,-21.70427181405139,,0,0
daily,927,100,0.02,1.0,25.410533942383395,20.634422577407175,39,1.457151894287561,28.205128205128204,-13.187446675327985,,0,0
daily,928,52,0.04,1.5,25.368127455926693,18.915005490599192,53,1.3440029546995245,26.41509433962264,-14.74658064264741,,0,0
daily,929,68,0.1,1.0,25.290636228913677,7.950009971809613,149,1.1488614540218334,23.48993288590604,-40.53811505055068,155.11575060759583,0,1
daily,930,105,0.1,2.5,25.16846439610503,20.88459180683293,35,1.5112767258489708,28.571428571428573,-17.89295622558773,,0,0
daily,931,95,0.06,2.5,25.168231889245575,21.491002202643884,30,1.5896037696344703,30.0,-11.92510790008373,,0,0
daily,932,91,0.1,2.0,25.154398718136626,18.712090415280613,53,1.3417221023776413,26.41509433962264,-18.832854599583303,,0,0
daily,933,93,0.02,1.5,25.13609162538959,20.853278871559077,35,1.5093889654756958,28.571428571428573,-9.845014552247388,,0,0
daily,934,11,0.04,2.5,25.07488287143229,21.400296193755718,30,1.5864341259408499,30.0,-13.447885388608483,,0,0
daily,935,18,0.1,2.5,25.04761652246843,20.767757122278674,35,1.5082294832109642,28.571428571428573,-15.862522528862256,,0,0
daily,936,118,0.04,2.5,24.93747541766995,21.266788447551257,30,1.582304201946729,30.0,-17.409680454518295,,0,0
daily,937,98,0.06,2.0,24.904200270014808,18.94999621965452,49,1.366068412884182,26.53061224489796,-9.612084419594602,56.128683188885574,0,1
daily,938,43,0.04,1.0,24.89380311788807,14.614444578004449,86,1.2242355661865394,24.41860465116279,-21.52832762651998,,0,0
daily,939,57,0.1,2.5,24.87878536652579,20.12241246995192,39,1.4472783894977606,28.205128205128204,-10.164172768208001,,0,0
daily,940,92,0.04,2.0,24.86545903432278,18.913088111220013,49,1.3662782764304062,26.53061224489796,-24.972199315707233,,0,0
daily,941,72,0.06,1.5,24.81499954321551,16.275193768876605,71,1.2594651208231311,25.35211267605634,-23.37897134940411,,0,0
daily,942,111,0.1,2.5,24.686186113713827,19.33807877357554,44,1.3990889780666023,27.272727272727273,-17.36861387547599,,0,0
daily,943,96,0.06,2.0,24.65238306900599,18.11716661188263,54,1.3332603081265462,25.925925925925927,-21.693479074394382,,0,0
daily,944,13,0.02,2.0,24.613355183211215,21.4373215852498,26,1.677647507550341,30.76923076923077,-12.287649305609783,,0,0
daily,945,68,0.02,2.5,24.59700903722204,21.421379685240183,26,1.6776125248266165,30.76923076923077,-11.618019711220484,48.9789933403687,0,1
daily,946,86,0.04,1.5,24.57812620935762,16.753432507531762,65,1.2737043867343738,26.153846153846153,-19.060928116755704,,0,0
daily,947,42,0.04,2.0,24.519368186520563,19.656594124419158,40,1.4399421374017476,27.5,-14.923697741821451,,0,0
daily,948,78,0.06,2.5,24.45175956357357,20.191702036047076,35,1.4941194384864154,28.571428571428573,-10.21704056650632,,0,0
daily,949,87,0.06,2.5,24.30523245850229,20.050052790783358,35,1.4912233333867164,28.571428571428573,-19.44567120689149,,0,0
daily,950,68,0.1,2.5,24.235201373975524,19.98230686236344,35,1.4869218687792973,28.571428571428573,-19.27684297778487,,0,0
daily,951,49,0.04,1.5,24.234340588404102,17.83830806616178,53,1.325904490637597,26.41509433962264,-22.36331396047414,,0,0
daily,952,31,0.1,2.0,24.203121754159707,18.281680076396633,49,1.3564885734238443,26.53061224489796,-23.491153133229624,,0,0
daily,953,29,0.02,2.0,24.179794730675685,19.928746311702227,35,1.486010319103379,28.571428571428573,-15.864043537202544,61.91469306264479,0,1
daily,954,63,0.1,2.0,24.090067771142376,16.528984748917175,63,1.2840117292791517,25.396825396825395,-23.410685927784026,,0,0
daily,955,61,0.1,2.5,24.001534656778233,19.15844694561395,40,1.4285217290850516,27.5,-17.181445560877094,,0,0
daily,956,58,0.06,2.0,23.993156936793824,17.60948652226073,53,1.3262434640800225,26.41509433962264,-26.896594123645514,,0,0
daily,957,79,0.04,2.5,23.984499295501504,20.82385896377632,26,1.6541831188903642,30.76923076923077,-13.799168497460501,,0,0
daily,958,7,0.06,1.0,23.940429738759406,11.706908315213727,104,1.1859584922222361,24.03846153846154,-30.605964699430853,,0,0
daily,959,98,0.06,2.5,23.939720623803673,19.69664497700996,35,1.4802068620339723,28.571428571428573,-16.192305240885517,,0,0
daily,960,22,0.06,2.5,23.906089980414013,20.264681634125093,30,1.554038032414191,30.0,-15.407753075166564,,0,0
daily,961,112,0.04,2.0,23.85936235673496,19.14079118240719,39,1.4270380395570665,28.205128205128204,-13.48750068645227,24.533924947467778,0,1
daily,962,27,0.02,2.0,23.85713135355538,20.699589906146663,26,1.6471022935728328,30.76923076923077,-17.473650143487763,,0,0
daily,963,65,0.04,2.0,23.83404096032118,18.403156274860844,45,1.3841934759165713,26.666666666666668,-19.51889971816675,,0,0
daily,964,26,0.06,1.5,23.809810134356766,15.222577104110634,72,1.2508218447033823,25.0,-18.29271931124533,,0,0
daily,965,106,0.1,1.5,23.78607847842533,14.62521537108934,77,1.237621394832317,24.675324675324674,-26.381135673026378,,0,0
daily,966,114,0.06,2.5,23.785770868615842,19.54785269681576,35,1.4788014353110137,28.571428571428573,-19.060480964085514,,0,0
daily,967,80,0.1,1.5,23.766847466746597,14.14925634689883,81,1.2266609952957879,24.691358024691358,-23.189902327229095,,0,0
daily,968,36,0.06,1.5,23.75480691637728,15.171300018215273,72,1.2499133592964204,25.0,-32.864090772330556,,0,0
daily,969,20,0.1,2.5,23.70973503724352,18.87777142901288,40,1.4235658461080114,27.5,-15.27188770054696,93.84949052115006,0,1
daily,970,61,0.06,2.0,23.673994497277473,17.777220586740448,49,1.3475770118379196,26.53061224489796,-22.25150790204732,,0,0
daily,971,86,0.1,2.0,23.66271895258807,17.178484394441096,54,1.3216692943014445,25.925925925925927,-21.6265745961849,,0,0
daily,972,10,0.1,2.5,23.55122519149555,19.321088126731457,35,1.4727899995509761,28.571428571428573,-19.57660178239127,,0,0
daily,973,19,0.1,1.0,23.549499785670314,8.384231517224116,131,1.1554819052470027,23.66412213740458,-35.953236799862054,,0,0
daily,974,1,0.04,2.0,23.54055951947096,18.122244286116086,45,1.3787974223015722,26.666666666666668,-22.976417482492206,,0,0
daily,975,85,0.04,2.0,23.52589277203423,18.108163664955267,45,1.376998703185381,26.666666666666668,-20.353707698484115,,0,0
daily,976,32,0.1,2.0,23.51066306415448,17.739268070470683,48,1.3475654889500888,27.083333333333332,-20.576656714597895,,0,0
daily,977,30,0.02,1.0,23.46543312504139,18.405098655912266,42,1.38093946734935,28.571428571428573,-16.118892266609464,15.996410372167901,0,1
daily,978,91,0.04,1.5,23.4544218488997,16.980916940232603,54,1.3191914719815534,25.925925925925927,-13.18744667532803,,0,0
daily,979,46,0.1,2.0,23.418133374179217,16.362471763450912,59,1.2947263060504193,25.423728813559322,-24.978029266116273,,0,0
daily,980,83,0.02,2.0,23.4075303291895,19.66048523440531,31,1.5345327083619416,29.032258064516128,-15.598903554541256,,0,0
daily,981,17,0.06,2.5,23.382697054853764,18.563101686285055,40,1.4139797353242243,27.5,-18.49884501032103,,0,0
daily,982,103,0.06,2.5,23.374928640196035,19.62888592009413,31,1.5373200769144515,29.032258064516128,-20.84757146391424,,0,0
daily,983,89,0.02,1.5,23.338464723266974,18.520650025696117,40,1.4170845598584838,27.5,-15.564480526135538,,0,0
daily,984,35,0.1,1.0,23.319120805201464,8.724995649732747,126,1.1586927621775533,23.80952380952381,-39.730428306478906,,0,0
daily,985,115,0.04,1.0,23.309014303781982,14.297287085761724,76,1.2341157134509324,25.0,-30.771360914431067,53.08805263599483,0,1
daily,986,112,0.1,1.5,23.28669429930832,13.819650833510533,80,1.2229701574548937,25.0,-30.9259671422902,,0,0
daily,987,11,0.02,1.0,23.23408611417479,18.538734230319488,39,1.4162367046015736,28.205128205128204,-23.226605111405696,,0,0
daily,988,112,0.06,2.0,23.208892195017604,16.747970311604554,54,1.3148914419389572,25.925925925925927,-20.110619629910055,,0,0
daily,989,125,0.02,2.5,23.182337619812078,20.52314020079635,22,1.7634264017418209,31.818181818181817,-7.763184000000011,,0,0
daily,990,119,0.06,2.0,23.17905258220423,17.188124749417423,50,1.3400871680095634,26.0,-17.20009757900981,,0,0
daily,991,80,0.06,2.5,23.17124551940255,18.834817625579703,36,1.4631192466239484,27.77777777777778,-18.36989521604624,,0,0
daily,992,62,0.02,2.5,23.111442717381834,20.45371996319172,22,1.7630173642242606,31.818181818181817,-9.769832306328185,,0,0
daily,993,116,0.04,1.5,23.109032539451334,16.769959650441702,53,1.3139484805706194,26.41509433962264,-19.04123635803684,39.07034334393473,0,1
daily,994,71,0.06,2.0,23.086872471724117,17.68803435857953,45,1.3721336822862422,26.666666666666668,-21.889273521760433,,0,0
daily,995,22,0.04,2.5,23.07375086973593,18.740661332688568,36,1.461075387445434,27.77777777777778,-14.923697741821451,,0,0
daily,996,38,0.1,2.0,23.040435918277936,16.12216561330162,58,1.2921628748645988,25.862068965517242,-26.28540959023281,,0,0
daily,997,112,0.04,1.0,22.929995334527597,13.489951845586724,80,1.21967170555894,25.0,-17.05998958334036,,0,0
daily,998,93,0.1,2.5,22.92522684942324,18.12311852731998,40,1.4079656430473353,27.5,-21.03924320455034,,0,0
daily,999,93,0.02,2.0,22.92206160589707,20.2682292682411,22,1.7526294476565836,31.818181818181817,-6.01791954667823,,0,0
daily,1000,79,0.02,2.5,22.888432062562792,19.15668672444737,31,1.5247347111454126,29.032258064516128,-15.419887302539104,,0,0
daily,1001,15,0.02,2.5,22.884237489808147,20.2311754783453,22,1.749381049277278,31.818181818181817,-10.642007250591135,17.33128413644389,0,1
daily,1002,71,0.02,2.5,22.884214680993352,19.750511047947782,26,1.614959992143051,30.76923076923077,-9.647775571019002,,0,0
daily,1003,125,0.06,1.5,22.881359614433293,15.392789564830966,63,1.2715617761779352,25.396825396825395,-23.87579827732883,,0,0
daily,1004,3,0.1,2.5,22.86351088717311,18.537635165249956,36,1.4575418249148988,27.77777777777778,-19.040889271928087,,0,0
daily,1005,101,0.06,2.0,22.834227641228978,16.859676481845653,50,1.3335556638371955,26.0,-21.944815474625358,,0,0
daily,1006,55,0.02,2.0,22.809470453825465,18.48541080433477,36,1.4543465702406773,27.77777777777778,-15.053243073495404,,0,0
daily,1007,39,0.02,2.5,22.80425173513667,20.15284959255752,22,1.7482350562708744,31.818181818181817,-10.022472536601136,,0,0
daily,1008,40,0.04,1.5,22.79816219639077,16.35837913813596,54,1.3094875399746209,25.925925925925927,-24.770688255113306,,0,0
daily,1009,29,0.1,1.5,22.78288459957838,12.33720330249961,89,1.2015995657714864,24.719101123595507,-27.670565125858037,45.88555486062247,0,1
daily,1010,7,0.06,1.5,22.761145343020228,14.35989322385478,71,1.2411914925908902,25.35211267605634,-26.2160705233762,,0,0
daily,1011,13,0.1,2.0,22.68471673577892,16.250751954805565,54,1.3076802427023302,25.925925925925927,-19.278451431778166,,0,0
daily,1012,95,0.04,2.5,22.676605982091935,18.95106555154904,31,1.5176876168334172,29.032258064516128,-14.148436695443822,,0,0
daily,1013,41,0.1,2.5,22.652063865499827,17.86035137829387,40,1.4024941742183676,27.5,-21.145946171149443,,0,0
daily,1014,27,0.02,1.0,22.63834985650459,17.37585802950987,44,1.3587924605152624,27.272727272727273,-16.13269078441433,,0,0
daily,1015,62,0.02,1.5,22.63570608363592,18.911345329758355,31,1.514765036549277,29.032258064516128,-13.20862081774916,,0,0
daily,1016,48,0.06,2.0,22.466908414735997,17.0946655972821,45,1.362359468307784,26.666666666666668,-21.732716079733006,,0,0
daily,1017,100,0.02,2.0,22.423521699228587,19.181841800459477,27,1.5975625687801567,29.62962962962963,-9.612084419594591,80.20590993034426,0,1
daily,1018,97,0.1,2.0,22.366166481007443,16.99823707309802,45,1.3604898754284322,26.666666666666668,-18.59454247616641,,0,0
daily,1019,86,0.1,2.5,22.365532264667245,18.056666104211793,36,1.4448051778745326,27.77777777777778,-16.625223786985043,,0,0
daily,1020,25,0.1,1.0,22.342430197767026,7.647309355946841,128,1.1535164796825843,23.4375,-40.883239403022365,,0,0
daily,1021,56,0.1,1.0,22.271773100185843,7.585084448620805,128,1.1532159169174887,23.4375,-35.30147241068716,,0,0
daily,1022,26,0.06,2.5,22.23903020947555,17.463057342699038,40,1.3953141235685764,27.5,-20.792534161299415,,0,0
daily,1023,55,0.02,2.5,22.231303204312947,18.994548954483605,27,1.5942157875016452,29.62962962962963,-14.97675094950739,,0,0
daily,1024,59,0.1,2.5,22.07055913592999,18.362826196647795,31,1.5026596454413612,29.032258064516128,-15.061717647926443,,0,0
daily,1025,26,0.04,2.5,22.049873915899056,18.342744101646534,31,1.5021556141863182,29.032258064516128,-13.189149058620696,6.406336512269228,0,1
daily,1026,88,0.04,2.0,22.037009336174187,16.566422313268703,46,1.3507008428408807,26.08695652173913,-16.767233276204674,,0,0
daily,1027,52,0.04,2.0,22.030051640343906,17.14479132537039,41,1.390134875759379,26.829268292682926,-14.92369774182144,,0,0
daily,1028,1,0.1,2.5,22.021687279866285,17.724600021562885,36,1.4378614037095043,27.77777777777778,-17.362764868123893,,0,0
daily,1029,85,0.06,1.0,22.00386227338409,11.066250069828488,94,1.1880915517710957,24.46808510638298,-29.90659444054896,,0,0
daily,1030,15,0.02,1.5,21.95613501591531,18.251778925688278,31,1.500276931139696,29.032258064516128,-16.809043143559464,,0,0
daily,1031,61,0.02,2.5,21.950588744013523,18.720988389917515,27,1.5848775519486433,29.62962962962963,-13.508620821666295,,0,0
daily,1032,31,0.1,2.5,21.947681589441693,17.653137368323655,36,1.4367440410865828,27.77777777777778,-20.630554312875425,,0,0
daily,1033,66,0.04,1.5,21.92536238625078,15.994230744706517,50,1.3232003349750459,26.0,-21.528327626519996,119.32634558260418,0,1
daily,1034,71,0.1,2.0,21.923950318355168,15.413675821690287,55,1.2981680802495212,25.454545454545453,-23.755449758992107,,0,0
daily,1035,5,0.1,1.0,21.86957671725718,6.268815786555804,137,1.1443443363619894,23.357664233576642,-33.881754115347384,,0,0
daily,1036,35,0.1,2.5,21.84753121460814,16.969429849892204,41,1.3880894564431958,26.829268292682926,-24.724039729100344,,0,0
daily,1037,86,0.02,1.5,21.837167541274116,17.664038639942458,35,1.4363966243201698,28.571428571428573,-9.832086086619151,,0,0
daily,1038,85,0.1,2.5,21.821806592033454,18.12137893476664,31,1.4950996794443165,29.032258064516128,-17.35383469755899,,0,0
daily,1039,7,0.02,2.5,21.782962996417933,19.630822083856913,18,1.8999999999999988,33.333333333333336,-11.41576191360002,,0,0
daily,1040,56,0.06,2.0,21.74959847873128,16.875334080176785,41,1.38682163212504,26.829268292682926,-11.465444933050406,,0,0
daily,1041,85,0.02,2.0,21.590328930482052,17.778837184864592,32,1.4882360383597948,28.125,-19.926864925020393,30.90860833995226,0,1
daily,1042,117,0.04,2.5,21.584209132895626,17.772864215663198,32,1.4853114940835361,28.125,-20.218276370746814,,0,0
daily,1043,59,0.02,2.5,21.575874101082594,18.830786928473486,23,1.682220506420123,30.434782608695652,-11.415761913599987,,0,0
daily,1044,125,0.02,2.0,21.572383829374786,17.761407032912203,32,1.4856067342786947,28.125,-18.984125270348173,,0,0
daily,1045,1,0.04,2.5,21.571084051649024,17.8780305388069,31,1.4893051587278545,29.032258064516128,-16.38141733453191,,0,0
daily,1046,62,0.06,1.0,21.56964638778829,10.118034833286881,99,1.1791434037796724,24.242424242424242,-31.387433319589817,,0,0
daily,1047,22,0.02,1.0,21.556288557727733,16.223067340631925,45,1.346724535994382,26.666666666666668,-20.464118441245517,,0,0
daily,1048,50,0.1,2.5,21.543787647349966,16.677549505841995,41,1.3825394666575532,26.829268292682926,-20.2852026057594,,0,0
daily,1049,35,0.04,2.5,21.530766033279612,17.72108412323863,32,1.4868104496958343,28.125,-9.69329937652147,36.845134598575655,0,1
daily,1050,5,0.1,2.5,21.48222171014269,16.618370206328237,41,1.3806454422863688,26.829268292682926,-20.21163407618548,,0,0
daily,1051,47,0.02,2.0,21.481510390143697,17.67334250400372,32,1.4869565217391314,28.125,-13.187446675327996,,0,0
daily,1052,0,0.1,1.5,21.451095542003017,11.89925564476546,82,1.2080312425479796,24.390243902439025,-18.92354776256956,,0,0
daily,1053,79,0.06,2.0,21.4434880609883,16.115130553782443,45,1.3456128074496905,26.666666666666668,-18.29271931124533,,0,0
daily,1054,4,0.02,1.5,21.43074759236594,17.153916948191238,36,1.4264861361400296,27.77777777777778,-15.867536684247474,,0,0
daily,1055,108,0.1,2.0,21.402310228242882,14.460019280410808,59,1.2728688034853934,25.423728813559322,-21.731249468946366,,0,0
daily,1056,42,0.1,2.5,21.393863622185982,17.118294970103065,36,1.4257053697299,27.77777777777778,-15.507261079198853,,0,0
daily,1057,65,0.04,2.5,21.383033694902288,17.577834800166038,32,1.4828452851865885,28.125,-19.02440822576976,40.862840278180926,0,1
daily,1058,69,0.06,2.5,21.343762319097358,17.539776268634277,32,1.4833720741785454,28.125,-13.939002133912592,,0,0
daily,1059,103,0.1,2.5,21.33453456175758,16.476479779817986,41,1.379187894845213,26.829268292682926,-16.62522378698502,,0,0
daily,1060,109,0.06,2.5,21.321021593126122,17.04792446630725,36,1.4236929806565868,27.77777777777778,-18.292719311245353,,0,0
daily,1061,75,0.1,2.0,21.30899558365087,14.371956635988315,59,1.271701874367885,25.423728813559322,-24.299004517638878,,0,0
daily,1062,114,0.04,1.0,21.302021324162034,11.873532817918719,81,1.206962410526115,24.691358024691358,-18.292719311245353,,0,0
daily,1063,63,0.02,1.0,21.211909799591645,15.89340479198107,45,1.3395485138937906,26.666666666666668,-17.007744177774242,,0,0
daily,1064,73,0.1,2.5,21.198681955440236,16.34592978105902,41,1.3765249012011462,26.829268292682926,-21.573839500956417,,0,0
daily,1065,56,0.04,1.5,21.19614734994615,13.694827088900574,64,1.2528070451251416,25.0,-24.78165452474812,173.9175712667906,0,1
daily,1066,86,0.06,1.5,21.15548410144612,12.74983717896243,72,1.2270293866066497,25.0,-18.408662366957685,,0,0
daily,1067,36,0.04,2.5,21.142601399333504,16.875617302706903,36,1.4196533418763493,27.77777777777778,-11.939715729915045,,0,0
daily,1068,8,0.1,2.0,21.12406572168468,14.197432074288784,59,1.2696906935347272,25.423728813559322,-22.50852727085454,,0,0
daily,1069,115,0.06,2.5,21.122386093885748,17.44252768570913,31,1.478448481353851,29.032258064516128,-20.46851377278791,,0,0
daily,1070,34,0.06,2.0,21.09984876851636,15.786223554326394,45,1.3399156240739933,26.666666666666668,-20.910382703991758,,0,0
daily,1071,33,0.04,2.0,21.055341065912604,16.67455464261525,37,1.4154826329238204,27.027027027027028,-18.29271931124531,,0,0
daily,1072,11,0.02,2.5,21.041818592623972,18.426702032421048,22,1.6708504051451831,31.818181818181817,-12.947289490613546,,0,0
daily,1073,78,0.04,2.0,21.022754136161304,16.17684355242004,41,1.3721167600548738,26.829268292682926,-20.15038970068431,36.69815457555068,0,1
daily,1074,48,0.02,1.0,21.021644918981597,15.133615164465564,50,1.3109083634127867,26.0,-15.69193007450388,,0,0
daily,1075,97,0.02,1.5,21.019480920800593,15.593567004367515,46,1.336211009360567,26.08695652173913,-14.923697741821496,,0,0
daily,1076,125,0.04,1.0,20.993117675667893,11.58847585835745,81,1.2053419773223615,24.691358024691358,-40.72582084075452,,0,0
daily,1077,69,0.06,2.0,20.993068894381437,15.568372896031924,46,1.3376032247816028,26.08695652173913,-19.055420443744186,,0,0
daily,1078,107,0.06,1.5,20.984281603958443,13.04219556663677,68,1.2370897666407072,25.0,-20.072630397285874,,0,0
daily,1079,88,0.06,1.5,20.979782291864325,13.491721704237936,64,1.251519340355094,25.0,-19.96285639523887,,0,0
daily,1080,66,0.06,2.5,20.976623234953372,16.1325414641855,41,1.3724060547194998,26.829268292682926,-23.755179890688915,,0,0
daily,1081,32,0.1,1.5,20.96457088395647,11.005051987712001,86,1.196276100958356,24.41860465116279,-34.52041950307324,89.39141240801143,0,1
daily,1082,9,0.06,2.5,20.960621662959422,17.168267730386578,32,1.4734791110822112,28.125,-13.387761894384065,,0,0
daily,1083,10,0.06,1.0,20.922041728006313,9.97053728224957,95,1.1817340895148623,24.210526315789473,-33.41593694405193,,0,0
daily,1084,102,0.1,2.0,20.920378391437012,14.462697185327267,55,1.2850448342968992,25.454545454545453,-26.78153968935879,,0,0
daily,1085,110,0.1,2.0,20.902980935419603,15.482251154815497,46,1.336657961023333,26.08695652173913,-18.046776441678368,,0,0
daily,1086,83,0.04,1.0,20.851050834691343,12.917535158169557,68,1.2353180506198207,25.0,-33.35582173101778,,0,0
daily,1087,37,0.04,2.5,20.844635942346624,17.055765233883633,32,1.4678992421809982,28.125,-13.503384994064394,,0,0
daily,1088,66,0.06,2.0,20.820815355839017,14.942343650516165,50,1.3077592372422446,26.0,-22.298967120875613,,0,0
daily,1089,54,0.06,2.0,20.806829904226333,15.390269944166812,46,1.3336941411637862,26.08695652173913,-25.148765871091406,72.02836744715073,0,1
daily,1090,52,0.04,2.5,20.7505665970505,16.964576236108343,32,1.4671015747410334,28.125,-11.415761913600008,,0,0
daily,1091,117,0.1,2.0,20.746857935798737,14.298323818454994,55,1.2838193823721975,25.454545454545453,-24.824318923389775,,0,0
daily,1092,50,0.06,2.5,20.725140022712818,16.939909379842312,32,1.4657138513730523,28.125,-15.419471249146866,,0,0
daily,1093,94,0.04,2.5,20.722239325762935,16.353189961431692,37,1.408953184569788,27.027027027027028,-16.777685014991185,,0,0
daily,1094,123,0.06,1.0,20.712109538529134,8.794506834136605,104,1.1681739720795012,24.03846153846154,-28.540937639215237,,0,0
daily,1095,117,0.02,2.0,20.707048169322473,17.9807777302883,23,1.6558431800709672,30.434782608695652,-13.187446675327974,,0,0
daily,1096,41,0.06,2.5,20.684622803102503,16.900644278837174,32,1.4662138705940575,28.125,-13.31751425415353,,0,0
daily,1097,84,0.04,2.5,20.648772394809157,16.28233167384556,37,1.4085519612367003,27.027027027027028,-21.558327580650406,38.3167153613716,0,1
daily,1098,110,0.1,2.5,20.58723716907389,16.339237214013625,36,1.4069646901324766,27.77777777777778,-14.710573986832397,,0,0
daily,1099,96,0.02,1.0,20.579762313998764,14.712733798920063,50,1.303235768986978,26.0,-11.529408347233316,,0,0
daily,1100,61,0.06,2.5,20.563296909499673,16.782978244678826,32,1.461346193237706,28.125,-14.345624250246637,,0,0
daily,1101,38,0.04,2.0,20.51912499377435,15.115193260511228,46,1.3295134487993405,26.08695652173913,-23.797227814632183,,0,0
daily,1102,10,0.06,2.5,20.500567285038397,16.255578808862015,36,1.4067173820832293,27.77777777777778,-19.230368775813965,,0,0
daily,1103,105,0.06,2.5,20.471957136452048,16.11175296816767,37,1.4054065630800492,27.027027027027028,-19.98967373375342,,0,0
daily,1104,53,0.02,1.5,20.46801664600344,16.690580181438275,32,1.4582309015890274,28.125,-18.74563291371646,,0,0
daily,1105,87,0.06,1.5,20.361070363710642,11.33904919755433,78,1.2089695024958873,24.358974358974358,-29.32678775262222,60.543153508606466,0,1
daily,1106,71,0.04,2.5,20.347994843776142,16.574221431411075,32,1.4565396864750055,28.125,-15.302042586485264,,0,0
daily,1107,88,0.1,2.0,20.314499771526062,13.319874194264525,60,1.258518658578452,25.0,-21.869711736416132,,0,0
daily,1108,59,0.06,2.5,20.30568634121497,15.487808273004667,41,1.360086132414631,26.829268292682926,-23.863157522069855,,0,0
daily,1109,5,0.02,1.5,20.299241426688663,16.643563847611386,31,1.4567029446658355,29.032258064516128,-14.556735316653114,,0,0
daily,1110,69,0.02,2.5,20.189328309703704,17.474218733467705,23,1.6323408286442456,30.434782608695652,-13.693338009333523,,0,0
daily,1111,36,0.1,1.5,20.132132959580762,10.572173160731246,83,1.1979688299698381,24.096385542168676,-22.312032149520565,,0,0
daily,1112,86,0.06,1.0,20.115438618327943,8.799508383361875,99,1.1704264374941127,24.242424242424242,-28.536719261570596,,0,0
daily,1113,79,0.1,2.5,20.097377229900015,15.866185091781194,36,1.3979564603453336,27.77777777777778,-13.505527699747955,44.53823936201331,0,1
daily,1114,54,0.02,2.5,20.091572528409007,17.378581460803954,23,1.6293550182050471,30.434782608695652,-10.070329766925779,,0,0
daily,1115,122,0.06,1.5,20.02290307662875,12.030921771966273,69,1.227880824953973,24.63768115942029,-20.725445171817615,,0,0
daily,1116,103,0.02,1.0,19.959192863298327,15.154861200170554,41,1.35427595743209,26.829268292682926,-15.4837858195069,,0,0
daily,1117,79,0.1,2.0,19.910755495253873,12.939308682496108,60,1.2555050608745366,25.0,-23.74129760734778,,0,0
daily,1118,104,0.1,1.0,19.873535919997366,4.004700983183462,142,1.1330125435407084,23.239436619718308,-20.731219707781744,,0,0
daily,1119,67,0.1,2.0,19.86819209982389,13.92115353927208,51,1.2943156929998936,25.49019607843137,-18.323846620555106,,0,0
daily,1120,79,0.04,2.0,19.815732196247282,15.594186771090701,36,1.3919733524599134,27.77777777777778,-14.33828274573441,,0,0
daily,1121,24,0.04,1.0,19.815613486220805,10.833941924208057,78,1.2043721172888542,24.358974358974358,-21.12163373702466,66.82245246946322,0,1
daily,1122,104,0.02,1.5,19.780299301235836,14.867983737345568,42,1.3498728738014774,26.19047619047619,-13.249152180074175,,0,0
daily,1123,30,0.06,2.5,19.74608993460818,15.411407948736544,37,1.3884794533990332,27.027027027027028,-15.016523079457556,,0,0
daily,1124,119,0.06,1.0,19.67628140187745,7.428737165865251,108,1.1575179125783892,24.074074074074073,-33.55822282540794,,0,0
daily,1125,114,0.02,1.0,19.632798465938485,15.30214158683345,37,1.3878446503194075,27.027027027027028,-21.044795911426505,,0,0
daily,1126,115,0.1,1.5,19.60059169733064,10.192560979658438,82,1.1940036100623714,24.390243902439025,-26.762784980269682,,0,0
daily,1127,53,0.02,1.0,19.54146357934381,15.32925112568062,36,1.3839380003859076,27.77777777777778,-22.260291220001584,,0,0
daily,1128,66,0.02,2.0,19.53829310718207,15.789105009888416,32,1.4370619448958855,28.125,-9.607920320000007,,0,0
daily,1129,59,0.04,2.5,19.516215018427484,16.23235655564901,28,1.5058964842632816,28.571428571428573,-14.990423276580367,47.88345484469927,0,1
daily,1130,41,0.04,2.0,19.514889800563484,14.155042000168617,46,1.3149076944622742,26.08695652173913,-17.44567352467693,,0,0
daily,1131,31,0.06,1.5,19.508091751011627,11.549926296801228,69,1.2233367273858404,24.63768115942029,-29.14072761828459,,0,0
daily,1132,32,0.02,2.5,19.480062461499493,17.248975586546877,19,1.7584485602786042,31.57894736842105,-16.625223786985,,0,0
daily,1133,89,0.06,1.0,19.456723222112828,8.419419055164724,97,1.1715426164893614,23.711340206185568,-20.989330396263107,,0,0
daily,1134,117,0.1,2.5,19.44397995182743,14.08724025173611,46,1.3138315167992993,26.08695652173913,-25.750391426752195,,0,0
daily,1135,122,0.06,1.0,19.393592093426726,10.001447105885308,82,1.1912880089357227,24.390243902439025,-25.831411143097295,,0,0
daily,1136,62,0.06,2.0,19.38317315989735,12.893091152453806,56,1.2651331251861422,25.0,-28.0680329480806,,0,0
daily,1137,19,0.06,2.5,19.371988768257964,15.627838021362695,32,1.4319487463699168,28.125,-15.4024078594033,41.87991736413845,0,1
daily,1138,39,0.02,1.5,19.219275773268784,14.903180295351316,37,1.379329891969029,27.027027027027028,-13.41515197597839,,0,0
daily,1139,33,0.1,1.5,19.216213093783054,9.838083807595744,82,1.191452520178792,24.390243902439025,-27.779468710751853,,0,0
daily,1140,52,0.1,1.5,19.21177741661615,10.385117047317284,77,1.1996604622242029,24.675324675324674,-27.775736415575825,,0,0
daily,1141,56,0.04,2.0,19.196270398039594,13.850405194656101,46,1.3099640256523788,26.08695652173913,-18.811519115565023,,0,0
daily,1142,115,0.02,1.5,19.167020781082144,15.429128406355064,32,1.4286743984179897,28.125,-12.751969680956133,,0,0
daily,1143,75,0.1,2.5,19.162741553375028,13.818337766632638,46,1.309732686345919,26.08695652173913,-18.29271931124532,,0,0
daily,1144,30,0.1,2.5,19.13662568100616,14.250073486652726,42,1.338337056956699,26.19047619047619,-25.028698341082432,,0,0
daily,1145,54,0.06,2.5,19.080871353613983,15.230260918872984,33,1.4242411749165256,27.272727272727273,-21.528327626519996,78.63888838892245,0,1
daily,1146,11,0.1,2.0,19.07079291821652,12.14731259440689,60,1.245194752214184,25.0,-22.959376137405897,,0,0
daily,1147,46,0.06,1.0,19.05733660129276,7.732284149133961,100,1.1637286935054982,24.0,-24.384788863416563,,0,0
daily,1148,108,0.04,1.0,18.933046608063297,9.029800666513378,87,1.181499941777474,24.137931034482758,-38.950216399836854,,0,0
daily,1149,107,0.04,2.5,18.893712019929687,15.626346114704525,28,1.487653531858926,28.571428571428573,-11.917338006033408,,0,0
daily,1150,15,0.04,2.5,18.886055064357986,14.581687754086104,37,1.3726580583446615,27.027027027027028,-17.368447384961293,,0,0
daily,1151,76,0.1,2.5,18.88114778209875,15.614113774264649,28,1.4871922444337071,28.571428571428573,-15.361808058712068,,0,0
daily,1152,85,0.1,1.5,18.866635288377264,8.533206621281074,91,1.174316514029138,24.175824175824175,-30.16401828882247,,0,0
daily,1153,51,0.02,2.0,18.859149852021883,15.01548985915222,33,1.418898921944199,27.272727272727273,-15.564480526135494,12.025848679539376,0,1
daily,1154,85,0.02,1.0,18.852683575732666,13.977510007624772,42,1.3337495096619967,26.19047619047619,-19.92686492502037,,0,0
daily,1155,70,0.06,2.0,18.84735802922204,13.51679145515896,46,1.3045834601606885,26.08695652173913,-17.42988924991896,,0,0
daily,1156,72,0.02,2.0,18.797755557323793,14.95604395674388,33,1.4188156098178712,27.272727272727273,-13.187446675327985,,0,0
daily,1157,67,0.02,1.5,18.783337184958924,14.94207752365162,33,1.4184674643193702,27.272727272727273,-11.615579646676332,,0,0
daily,1158,108,0.1,2.5,18.765333129110306,14.465214907536161,37,1.3696467217598354,27.027027027027028,-20.64850988870409,,0,0
daily,1159,127,0.1,2.5,18.717123969830475,14.41870364578357,37,1.3692753503444681,27.027027027027028,-16.657098212320566,,0,0
daily,1160,22,0.1,2.5,18.715785724518284,13.84610491382694,42,1.3317751010186738,26.19047619047619,-23.69310049596689,,0,0
daily,1161,10,0.04,2.5,18.692589097042166,14.85411623937727,33,1.4130746216941643,27.272727272727273,-17.270599799598685,40.81034074551408,0,1
daily,1162,39,0.1,2.5,18.676642061446593,13.2402153389531,47,1.3006426854780968,25.53191489361702,-23.731149575007127,,0,0
daily,1163,41,0.04,1.5,18.53398500396326,11.641243427539983,60,1.2398389091205029,25.0,-23.75835329714162,,0,0
daily,1164,100,0.06,2.5,18.53156126913764,14.239673674540798,37,1.365270687768984,27.027027027027028,-16.780817761424494,,0,0
daily,1165,20,0.06,2.5,18.52655257614908,15.268886463468089,28,1.4754586795306577,28.571428571428573,-13.187446675328008,,0,0
daily,1166,71,0.04,1.5,18.515640684367728,11.623959096304892,60,1.2400208456931974,25.0,-22.98320536270798,,0,0
daily,1167,24,0.06,1.0,18.51478023498312,7.026240582612564,102,1.159142087372082,23.529411764705884,-32.03315326331504,,0,0
daily,1168,20,0.04,1.5,18.509859211728276,12.628873706524214,51,1.2752619491030375,25.49019607843137,-21.600686699625882,,0,0
daily,1169,113,0.1,2.5,18.483098236703842,14.192905616168904,37,1.3640116799603248,27.027027027027028,-16.625223786985032,63.33859318786479,0,1
daily,1170,11,0.02,2.0,18.461442580471534,15.205523003399346,28,1.4746833801453312,28.571428571428573,-18.728411163408776,,0,0
daily,1171,48,0.06,2.5,18.442368387312058,14.611791065260359,33,1.4098521868938736,27.272727272727273,-18.762379965067765,,0,0
daily,1172,54,0.04,1.0,18.43693917634257,9.996931056396052,74,1.2013954208211295,24.324324324324323,-26.084939640337122,,0,0
daily,1173,9,0.06,1.0,18.43611185101659,6.2081669503156744,109,1.1506548660056173,23.853211009174313,-29.945570958355226,,0,0
daily,1174,119,0.04,2.0,18.427364355249097,13.56923090428479,42,1.3266952888573018,26.19047619047619,-16.921475794410657,,0,0
daily,1175,41,0.02,2.5,18.403410618469884,15.611189142775107,24,1.5629948726960667,29.166666666666668,-15.596548603918547,,0,0
daily,1176,117,0.04,1.0,18.380943679946093,10.055018635095681,73,1.2022922245052,24.65753424657534,-28.16538223915185,,0,0
daily,1177,37,0.06,2.0,18.371019582166337,13.515124021574776,42,1.3251308136317466,26.19047619047619,-21.080934304500342,88.90720302541975,0,1
daily,1178,10,0.02,2.5,18.37076675747533,15.579270616538032,24,1.5602840680838759,29.166666666666668,-16.772422794470877,,0,0
daily,1179,114,0.04,2.5,18.33890519167991,14.511548668580954,33,1.406169426067982,27.272727272727273,-21.214600535321747,,0,0
daily,1180,27,0.06,2.0,18.26299111607057,12.394039960498349,51,1.27240212481398,25.49019607843137,-17.29141531032594,,0,0
daily,1181,36,0.04,2.0,18.218156070253432,12.915186694732927,46,1.2951749620267161,26.08695652173913,-15.525752631309386,,0,0
daily,1182,7,0.02,1.5,18.201492505873198,14.952432028683482,28,1.4650037199890262,28.571428571428573,-13.583042905845888,,0,0
daily,1183,62,0.04,2.0,18.12237903127638,13.73108406100718,38,1.3557745878347731,26.31578947368421,-22.191875105371494,,0,0
daily,1184,31,0.02,2.5,18.11621734980351,15.330471933735513,24,1.5509080222166174,29.166666666666668,-14.982680780404078,,0,0
daily,1185,36,0.06,2.5,18.07579066657292,12.6663337618663,47,1.292314168299893,25.53191489361702,-18.533495446420233,20.112680025994443,0,1
daily,1186,117,0.06,1.0,18.060416917798293,5.765124889510886,110,1.1484423766708918,23.636363636363637,-29.302838716317293,,0,0
daily,1187,96,0.02,2.5,18.00717678048487,15.2239040600622,24,1.54808448180714,29.166666666666668,-13.841306659321928,,0,0
daily,1188,24,0.06,2.5,17.963801855199748,13.578247837429934,38,1.3526805798012247,26.31578947368421,-15.759579517801804,,0,0
daily,1189,116,0.06,1.5,17.95210460759835,10.206205779955146,68,1.2086726943978832,25.0,-25.202116363240123,,0,0
daily,1190,94,0.06,2.5,17.952052120686133,14.709626268009156,28,1.4600043419312343,28.571428571428573,-13.551224746068247,,0,0
daily,1191,16,0.04,1.5,17.82668667369547,9.868938497914925,70,1.2071686549719607,24.285714285714285,-26.894256671855377,,0,0
daily,1192,39,0.02,2.0,17.824216019990445,14.470592836051654,29,1.452882952348652,27.586206896551722,-11.477141039029238,,0,0
daily,1193,27,0.04,2.5,17.751372612208648,14.514252848655907,28,1.4532420204077665,28.571428571428573,-18.10064869620741,67.40103729137228,0,1
daily,1194,0,0.02,2.0,17.745872614999712,14.39438591856339,29,1.449448663886322,27.586206896551722,-11.536631737886992,,0,0
daily,1195,121,0.04,1.0,17.7349410446606,9.453832167540899,73,1.1968403157340413,24.65753424657534,-30.874130533675938,,0,0
daily,1196,37,0.02,2.0,17.724474059637352,13.347586103587483,38,1.34807107183286,26.31578947368421,-20.110571275115817,,0,0
daily,1197,67,0.1,2.5,17.722446518018643,13.345631647382872,38,1.34803835658003,26.31578947368421,-16.625223786985043,,0,0
daily,1198,4,0.1,1.5,17.71835782787814,7.807205199904899,88,1.1724116730629817,23.863636363636363,-32.15706619002532,,0,0
daily,1199,110,0.04,2.5,17.707644138525993,14.357202545122117,29,1.4480017584613287,27.586206896551722,-13.289083907745958,,0,0
daily,1200,89,0.02,1.0,17.69629550540901,12.191341845517044,48,1.280887761349039,25.0,-16.00638054807142,,0,0
daily,1201,64,0.06,2.5,17.667043111028203,14.317756421896032,29,1.4498329212217924,27.586206896551722,-9.607920319999996,68.5898463105804,0,1
daily,1202,20,0.1,1.0,17.660722092442626,2.5952149347793885,137,1.1266086062929774,23.357664233576642,-39.91507701713086,,0,0
daily,1203,1,0.02,1.5,17.59638683026128,13.792340390461,33,1.390178500428726,27.272727272727273,-15.979047432490578,,0,0
daily,1204,48,0.06,1.5,17.595431155555374,10.313633017072576,64,1.2169507987590065,25.0,-32.68806578296088,,0,0
daily,1205,116,0.04,2.5,17.590528616314515,13.786654879973215,33,1.3894274771056097,27.272727272727273,-13.771588450305106,,0,0
daily,1206,30,0.02,1.5,17.51895306874829,13.262696838220034,37,1.3432632512340086,27.027027027027028,-15.048230959663956,,0,0
daily,1207,116,0.1,2.0,17.511398798758158,11.121343052197098,56,1.24351709440415,25.0,-19.26675049508314,,0,0
daily,1208,101,0.06,2.5,17.508208548978168,13.139153221548682,38,1.3440215739367547,26.31578947368421,-20.284045530256524,,0,0
daily,1209,28,0.02,1.0,17.465521892222302,12.645876014319835,42,1.3096682234688277,26.19047619047619,-23.097761073989588,-3.1875194423716113,0,1
daily,1210,127,0.02,1.0,17.423577620885755,11.595474679544493,51,1.2611713361872565,25.49019607843137,-15.465460002475584,,0,0
daily,1211,18,0.02,2.0,17.401543379718866,14.05954620373775,29,1.4419407571955594,27.586206896551722,-13.187511910405913,,0,0
daily,1212,67,0.04,1.5,17.34190281283805,10.40686643101627,61,1.226576798191069,24.59016393442623,-23.024596237071606,,0,0
daily,1213,10,0.04,2.0,17.331181140661876,12.404444486773913,43,1.307005845070971,25.58139534883721,-18.2927193112453,,0,0
daily,1214,63,0.06,2.0,17.30257964550599,12.376979401598698,43,1.305455351574036,25.58139534883721,-23.266012328854792,,0,0
daily,1215,124,0.02,2.5,17.296240023998433,14.529005795180261,24,1.519809970114975,29.166666666666668,-11.523782444355879,,0,0
daily,1216,22,0.02,1.5,17.29235180978015,12.931115659692495,38,1.3399799300113848,26.31578947368421,-19.196555285777972,,0,0
daily,1217,127,0.04,1.0,17.2860146946449,9.364243861172096,70,1.2019671591682033,24.285714285714285,-27.871913807971747,-24.709987137870502,0,1
daily,1218,124,0.02,2.0,17.28139819812837,13.94271107092071,29,1.4391937653912188,27.586206896551722,-11.415761913600008,,0,0
daily,1219,56,0.04,2.5,17.26319557029541,12.903014603034336,38,1.3394095817828402,26.31578947368421,-15.383734312752006,,0,0
daily,1220,4,0.1,2.5,17.226527421900784,11.85515464892366,47,1.2796318998519307,25.53191489361702,-25.62006120175746,,0,0
daily,1221,117,0.02,2.5,17.212836123026086,15.48348899692462,15,1.8511151710623068,33.333333333333336,-10.095084062419124,,0,0
daily,1222,98,0.04,1.0,17.200484169935827,7.763139188619772,84,1.1749035376548917,23.80952380952381,-28.278176336132265,,0,0
daily,1223,28,0.04,1.0,17.18051837357306,8.285535870106475,79,1.1827077414811116,24.050632911392405,-27.282820005647167,,0,0
daily,1224,85,0.1,1.0,17.117013688061398,2.5305663969728,133,1.1268006290806873,23.30827067669173,-33.416414295941685,,0,0
daily,1225,21,0.02,2.5,17.050639210687745,14.288974117321507,24,1.5130687096139184,29.166666666666668,-12.852038951373434,9.692225744500194,0,1
daily,1226,24,0.1,2.5,17.04665382100119,12.131567563693203,43,1.3016482256846214,25.58139534883721,-21.80531833537388,,0,0
daily,1227,83,0.1,1.0,17.031421250848933,1.9436028112250758,138,1.1235167370422137,23.18840579710145,-40.27356251996772,,0,0
daily,1228,19,0.1,2.0,17.01804743880093,10.543740627455689,57,1.2375386393893542,24.56140350877193,-14.923697741821462,,0,0
daily,1229,34,0.06,1.5,17.01548970981872,9.768966984950866,64,1.2104538066313673,25.0,-23.53426072080388,,0,0
daily,1230,22,0.04,1.0,17.005164181329803,8.557332668133855,75,1.189787873031449,24.0,-32.29589484613654,,0,0
daily,1231,107,0.02,2.5,16.958831075249936,14.657586670318468,20,1.6284970345990644,30.0,-9.609100132820359,,0,0
daily,1232,73,0.02,1.5,16.929741978007982,13.033460826545973,34,1.3727754134195782,26.470588235294116,-13.841306659321972,,0,0
daily,1233,85,0.02,1.5,16.909872230678324,12.562479798349923,38,1.3324597642219032,26.31578947368421,-22.432779433647088,22.865387118789336,0,1
daily,1234,68,0.02,1.5,16.882592449839116,11.974256468003075,43,1.2994999286583466,25.58139534883721,-18.29271931124531,,0,0
daily,1235,61,0.04,2.5,16.87480120219258,12.528638057051754,38,1.3305204914068558,26.31578947368421,-21.664215013336918,,0,0
daily,1236,111,0.1,1.5,16.8466955944905,6.260521948689179,95,1.1556300993016784,24.210526315789473,-31.59121797592447,,0,0
daily,1237,96,0.1,2.5,16.84550770096609,12.500444788351794,38,1.3311578631601824,26.31578947368421,-21.83625273505585,,0,0
daily,1238,6,0.02,2.0,16.784805451179086,12.893214122817408,34,1.369609894474723,26.470588235294116,-13.187446675327962,,0,0
daily,1239,75,0.02,2.5,16.687677924462218,14.391497277855535,20,1.615382457042017,30.0,-9.71374834209282,,0,0
daily,1240,110,0.04,2.0,16.68042187168868,11.333525899844044,47,1.2711388889757294,25.53191489361702,-18.6757317448872,,0,0
daily,1241,76,0.06,2.5,16.67084257869402,12.782956062879759,34,1.3680000000000003,26.470588235294116,-14.923697741821428,51.35809016136692,0,1
daily,1242,89,0.04,1.5,16.64138596795477,9.856878200075748,60,1.2197397726470591,25.0,-24.006149090326822,,0,0
daily,1243,2,0.06,2.5,16.624681355893635,12.738287519608992,34,1.3669398733368692,26.470588235294116,-13.198388440694442,,0,0
daily,1244,12,0.04,2.5,16.624540890942384,12.850962719792292,33,1.3678658432853832,27.272727272727273,-14.97355633659968,,0,0
daily,1245,53,0.02,2.5,16.621330274651356,14.326388674954638,20,1.6122050631939246,30.0,-9.860837690062873,,0,0
daily,1246,5,0.1,2.0,16.55862903686163,10.109175861249199,57,1.2303905487551083,24.56140350877193,-23.735267231296,,0,0
daily,1247,89,0.1,2.5,16.54785944632944,12.213569887005837,38,1.325428478470057,26.31578947368421,-18.921961823288424,,0,0
daily,1248,125,0.06,2.0,16.513363858777286,11.620175417752687,43,1.2933635002281494,25.58139534883721,-18.507804900717506,,0,0
daily,1249,79,0.02,2.0,16.48664022389079,11.594512241426802,43,1.2920609905083307,25.58139534883721,-18.532622277144473,55.94981226236331,0,1
daily,1250,106,0.06,1.5,16.479747710242098,8.177481619124105,74,1.1853645410850664,24.324324324324323,-28.19624659016371,,0,0
daily,1251,59,0.1,1.0,16.470117722307243,2.27033349394532,130,1.1261140024500556,23.076923076923077,-24.51257911366973,,0,0
daily,1252,9,0.04,1.5,16.425787306746976,9.544013342570645,61,1.2165368543464719,24.59016393442623,-21.61330549922027,,0,0
daily,1253,87,0.02,1.0,16.411876370671962,12.532302383822325,34,1.359245138681175,26.470588235294116,-20.1524477873681,,0,0
daily,1254,124,0.04,2.5,16.40964264632281,12.530155419041101,34,1.3597869499702608,26.470588235294116,-16.771084949958524,,0,0
daily,1255,16,0.04,2.0,16.404199289643117,11.5154456055375,43,1.2904805711126646,25.58139534883721,-17.681506681192115,,0,0
daily,1256,0,0.06,1.5,16.399462007790788,8.97236436478519,66,1.2040828685966205,24.242424242424242,-24.78080483217787,,0,0
daily,1257,27,0.02,1.5,16.358792760194028,12.593547946763305,33,1.3618455352753929,27.272727272727273,-24.45442960038553,45.96149080557854,0,1
daily,1258,16,0.06,2.5,16.333979596668225,11.448101504750973,43,1.289192282080633,25.58139534883721,-22.4158049376611,,0,0
daily,1259,88,0.1,2.5,16.331469566328003,11.000218567535192,47,1.2662770295098627,25.53191489361702,-19.926864925020425,,0,0
daily,1260,127,0.06,2.5,16.321754145605084,12.445156021215409,34,1.3600191124237362,26.470588235294116,-11.599420344205381,,0,0
daily,1261,8,0.04,2.0,16.288404246424946,11.404426720034877,43,1.2891800564428213,25.58139534883721,-17.090448329945275,,0,0
daily,1262,111,0.02,1.0,16.28346539232868,11.958725263603665,38,1.3198434305858606,26.31578947368421,-18.292719311245374,,0,0
daily,1263,37,0.06,2.5,16.27255407464585,12.397519097085397,34,1.3575801118160198,26.470588235294116,-18.38968807892415,,0,0
daily,1264,124,0.06,2.0,16.26768378937267,10.385357638983761,52,1.2453248153118217,25.0,-16.79302308267254,,0,0
daily,1265,75,0.06,1.5,16.26421583886406,7.86919281111389,75,1.1834953336130327,24.0,-28.039864652321345,56.70455635435656,0,1
daily,1266,33,0.06,1.5,16.253808340141383,8.400780260002328,70,1.1924042155376995,24.285714285714285,-21.316244536321783,,0,0
daily,1267,98,0.1,2.0,16.23054943800064,9.798967822075944,57,1.2269633926421293,24.56140350877193,-25.03718424408422,,0,0
daily,1268,122,0.06,2.0,16.166160306923636,10.731521428267676,48,1.263262686819538,25.0,-16.771700830159798,,0,0
daily,1269,42,0.04,2.5,16.107593746439708,12.237905179799412,34,1.3544459190194398,26.470588235294116,-16.314111584146783,,0,0
daily,1270,43,0.04,1.5,16.101737105270008,9.238819875812077,61,1.213168480936184,24.59016393442623,-23.463004560655754,,0,0
daily,1271,58,0.04,1.0,16.08039514161168,6.199271645218718,89,1.1603574396843828,23.59550561797753,-26.954000673035527,,0,0
daily,1272,16,0.06,1.5,16.06487265580634,7.6839489485934775,75,1.1811258892949503,24.0,-31.366365901444915,,0,0
daily,1273,75,0.02,1.5,16.049429371734234,11.73318473614906,38,1.3159097278544327,26.31578947368421,-16.62522378698499,21.79921899359776,0,1
daily,1274,53,0.02,2.0,16.010311691626235,13.158913727943222,25,1.4753863424890836,28.0,-16.67486746851662,,0,0
daily,1275,63,0.02,2.5,15.990105514808285,13.139143613903581,25,1.4708763407623384,28.0,-15.920931916505909,,0,0
daily,1276,119,0.06,1.5,15.949873124575053,9.095769388622488,61,1.2113549397554082,24.59016393442623,-15.320898624211477,,0,0
daily,1277,69,0.1,2.0,15.93617785553092,10.512038106859167,48,1.2592331787456779,25.0,-15.603485010536676,,0,0
daily,1278,64,0.06,2.0,15.838233525848766,9.867232410158655,53,1.2386406994088035,24.528301886792452,-16.62522378698499,,0,0
daily,1279,23,0.1,2.5,15.790791716519648,11.931363052043364,34,1.3480605241210586,26.470588235294116,-20.125970517745472,,0,0
daily,1280,24,0.06,2.0,15.789649936530337,10.372186124588701,48,1.2563584361606668,25.0,-17.54896827437569,,0,0
daily,1281,116,0.1,1.5,15.788770679681807,5.932200807927179,89,1.1582830959376675,23.59550561797753,-24.719641157952065,30.678785727639777,0,1
daily,1282,1,0.06,2.5,15.773734931011996,11.356037821680642,39,1.3099906325214699,25.641025641025642,-18.30641570296968,,0,0
daily,1283,15,0.02,2.0,15.767844618599236,12.922162103647384,25,1.466836997157197,28.0,-13.841306659321939,,0,0
daily,1284,22,0.02,2.0,15.763966915519934,12.466979300940405,29,1.3977723647248097,27.586206896551722,-15.182608284132682,,0,0
daily,1285,93,0.1,1.5,15.760541146942252,6.544423580548608,83,1.164925330192557,24.096385542168676,-33.392991081257264,,0,0
daily,1286,50,0.02,2.0,15.753233697123935,11.895020239141708,34,1.347206526730839,26.470588235294116,-17.28096118855881,,0,0
daily,1287,43,0.04,2.5,15.743390542062885,12.446972807680723,29,1.3969388948333614,27.586206896551722,-17.563240431731998,,0,0
daily,1288,107,0.02,2.0,15.72426200963073,12.87958573862178,25,1.4633392272587522,28.0,-12.349820545842938,,0,0
daily,1289,73,0.04,2.0,15.695521466166994,10.835882762839443,43,1.279935893542464,25.58139534883721,-15.634901260491219,2.2126875237971744,0,1
daily,1290,14,0.02,2.0,15.692485181181027,12.848582168389665,25,1.4644884875640374,28.0,-11.415761913600042,,0,0
daily,1291,85,0.06,2.5,15.680358507121328,12.38566768104674,29,1.3955401119733526,27.586206896551722,-15.216182049599736,,0,0
daily,1292,38,0.02,2.5,15.656978913179497,12.813913205415407,25,1.4632810132308387,28.0,-9.936885666456075,,0,0
daily,1293,58,0.02,1.0,15.579599692731971,10.171825825312087,48,1.2545789141692527,25.0,-22.25891076776292,,0,0
daily,1294,84,0.06,1.0,15.485588883190694,3.767463514670988,107,1.1376162411302921,23.364485981308412,-23.365544274622074,,0,0
daily,1295,13,0.06,1.5,15.462040093979134,8.093840092696514,66,1.1947071718005104,24.242424242424242,-21.654184662042862,,0,0
daily,1296,98,0.04,2.0,15.445431617446603,10.043815172519977,48,1.2527921745983241,25.0,-21.764265012136374,,0,0
daily,1297,115,0.04,2.0,15.388033121194411,10.540990495118896,43,1.2744560612190192,25.58139534883721,-18.640112024431275,49.03444406755655,0,1
daily,1298,88,0.04,2.5,15.37619665315917,11.530168071887914,34,1.3383495455559336,26.470588235294116,-18.69461615384248,,0,0
daily,1299,48,0.02,2.5,15.344119380342235,11.946634641105614,30,1.3847683781778408,26.666666666666668,-11.41576191360002,,0,0
daily,1300,40,0.1,2.5,15.320206336369836,11.475992019372594,34,1.337264242110916,26.470588235294116,-19.738635722283227,,0,0
daily,1301,72,0.02,1.0,15.308394826676853,9.802962683596794,49,1.2467338892936877,24.489795918367346,-18.908127097300575,,0,0
daily,1302,13,0.02,1.5,15.253213748334925,11.85828956147359,30,1.3807474415845435,26.666666666666668,-20.074972770940157,,0,0
daily,1303,54,0.06,1.5,15.249136725004409,7.894344872223846,66,1.192697598266221,24.242424242424242,-27.239390599131042,,0,0
daily,1304,15,0.04,1.5,15.234176241469676,8.96576882093212,56,1.2171147303827725,25.0,-25.394260884080577,,0,0
daily,1305,120,0.02,2.5,15.21486852139149,11.821070420915337,30,1.3817835643100045,26.666666666666668,-14.956222665633234,43.1618480606593,0,1
daily,1306,15,0.06,2.0,15.161721183581278,9.224975083891017,53,1.2304224029456583,24.528301886792452,-16.981548702012017,,0,0
daily,1307,115,0.06,1.5,15.068897052095508,7.187519463833025,71,1.181246879655542,23.943661971830984,-28.1521584764699,,0,0
daily,1308,4,0.04,2.5,14.999528022228859,11.611861343916473,30,1.3761705417685572,26.666666666666668,-22.28083230916541,,0,0
daily,1309,27,0.06,1.5,14.997176967710036,6.5857193173221695,76,1.1720115101246196,23.68421052631579,-22.128142884137393,,0,0
daily,1310,89,0.06,2.0,14.96456504707342,10.024780092542752,44,1.266682924741963,25.0,-21.72461362285485,,0,0
daily,1311,83,0.06,2.5,14.905367951386683,11.074566981084866,34,1.3278018231864068,26.470588235294116,-15.780246951485232,,0,0
daily,1312,53,0.04,2.5,14.901736956852506,11.516856983469893,30,1.3737581699184014,26.666666666666668,-15.123271678317284,,0,0
daily,1313,47,0.04,2.5,14.892455635637457,11.507839884977834,30,1.3735123360345944,26.666666666666668,-11.62044704653784,39.40691831170091,0,1
daily,1314,109,0.04,1.5,14.862389813257026,7.963501366604131,62,1.1994492852987837,24.193548387096776,-18.494852836836763,,0,0
daily,1315,21,0.04,2.5,14.856775492969444,11.473164275807758,30,1.371939390221619,26.666666666666668,-13.100915899590381,,0,0
daily,1316,68,0.06,1.5,14.812797942642408,7.916774075259614,62,1.1982861764403983,24.193548387096776,-20.44667700385675,,0,0
daily,1317,60,0.04,2.0,14.769787735235562,9.838191138095699,44,1.2637305349790044,25.0,-21.502478278427894,,0,0
daily,1318,93,0.04,2.0,14.75887392169759,9.388704306891139,48,1.2427533704878657,25.0,-24.44500839114456,,0,0
daily,1319,111,0.06,2.5,14.684873225422423,10.30764636980086,39,1.289137984622349,25.641025641025642,-17.099598013663176,,0,0
daily,1320,103,0.02,2.5,14.624228226126345,12.254249386812944,21,1.5185760058657791,28.571428571428573,-11.415761913599997,,0,0
daily,1321,59,0.06,1.5,14.61059103742961,6.867002780383924,70,1.177557584119491,24.285714285714285,-29.328580155675866,91.4513224215708,0,1
daily,1322,100,0.02,1.5,14.600086403049328,11.223785124007435,30,1.3653271522657429,26.666666666666668,-10.517953087227848,,0,0
daily,1323,91,0.06,1.5,14.564211138378692,5.759549849696932,80,1.1615368031256001,23.75,-21.739478313297955,,0,0
daily,1324,113,0.04,2.0,14.558685966450359,10.186156234457556,39,1.286973161729187,25.641025641025642,-17.502085367793086,,0,0
daily,1325,88,0.02,1.0,14.414236526775003,8.515212459521692,53,1.2196400673208248,24.528301886792452,-21.54938288468964,,0,0
daily,1326,58,0.02,2.5,14.410753712929015,11.597063093390458,25,1.421148829523576,28.0,-17.253190915612805,,0,0
daily,1327,99,0.06,1.5,14.370322253298728,6.53603810929515,71,1.174460172906526,23.943661971830984,-26.054055288255974,,0,0
daily,1328,102,0.06,2.0,14.352422506517382,8.891852994990534,49,1.2355847457026234,24.489795918367346,-21.74738190667066,,0,0
daily,1329,55,0.04,1.5,14.341922641371397,7.473720976463505,62,1.1932087127786661,24.193548387096776,-23.344516053442977,126.21189707895839,0,1
daily,1330,26,0.1,2.5,14.331092394645939,9.967008311930625,39,1.2821812777420416,25.641025641025642,-15.84486501255029,,0,0
daily,1331,93,0.04,1.0,14.258879397704227,5.794668676781156,77,1.1647804422225976,23.376623376623378,-35.20643788733724,,0,0
daily,1332,12,0.02,2.5,14.234473004659476,11.872174664323731,21,1.5034292883943456,28.571428571428573,-7.778645431988618,,0,0
daily,1333,74,0.04,1.5,14.177934081479048,7.858013239292805,57,1.203743901288466,24.56140350877193,-30.94494880501726,,0,0
daily,1334,56,0.02,2.0,14.164964863435925,10.80105997961287,30,1.3545003355700007,26.666666666666668,-11.41576191360002,,0,0
daily,1335,78,0.02,1.0,14.1186522195345,8.777828673098952,48,1.2338018679523561,25.0,-24.238284127236064,,0,0
daily,1336,26,0.02,1.5,14.117543404851695,9.761394708313587,39,1.2782075005474642,25.641025641025642,-17.8350742237247,,0,0
daily,1337,67,0.06,2.5,14.109997925102613,9.75415421729604,39,1.2788329210962341,25.641025641025642,-20.596740830806826,46.91775061029062,0,1
daily,1338,100,0.06,2.0,14.03401556843773,9.133290585315489,44,1.2512991438435046,25.0,-20.36096495387537,,0,0
daily,1339,36,0.1,2.0,14.025624329566998,7.60632482162118,58,1.2016721559502213,24.137931034482758,-18.520033660328426,,0,0
daily,1340,46,0.02,2.0,14.024032474572689,10.111555656802174,35,1.3082969524118926,25.714285714285715,-10.49299312641474,,0,0
daily,1341,52,0.06,2.5,14.019628252078276,9.55746168160847,40,1.275240248304015,25.0,-23.676977958962496,,0,0
daily,1342,27,0.1,2.5,14.006949160833848,9.10739314571456,44,1.2515614273108355,25.0,-23.766108644760596,,0,0
daily,1343,95,0.06,2.0,13.98918563866458,8.545644934443718,49,1.2310507946754663,24.489795918367346,-19.959783904794147,,0,0
daily,1344,103,0.02,1.5,13.987012814248612,10.07576115238773,35,1.3071977286090426,25.714285714285715,-12.738042638202451,,0,0
daily,1345,69,0.04,1.5,13.958865503999052,7.543278560925093,58,1.2011058887504777,24.137931034482758,-27.620227940750386,30.408878679163376,0,1
daily,1346,99,0.1,1.5,13.953548686477957,4.147356172037764,90,1.1453756221816143,23.333333333333332,-28.962133027673886,,0,0
daily,1347,115,0.02,1.0,13.887605705509088,9.97967466067291,35,1.3053554375802507,25.714285714285715,-14.139853642390655,,0,0
daily,1348,91,0.1,2.5,13.87460906989826,9.527511828703194,39,1.274240531346387,25.641025641025642,-13.97726010509588,,0,0
daily,1349,46,0.04,1.0,13.854854358230195,6.05547520961045,71,1.1701771954186146,23.943661971830984,-20.68023486006929,,0,0
daily,1350,116,0.04,2.0,13.838989081724318,9.49320119194439,39,1.2732055329905814,25.641025641025642,-16.55116351620106,,0,0
daily,1351,3,0.02,1.5,13.804513385791783,8.91344304722088,44,1.2480756253290548,25.0,-26.14308973545958,,0,0
daily,1352,115,0.06,2.0,13.775945350390217,8.450813224779786,48,1.2290043764560274,25.0,-23.214859793418064,,0,0
daily,1353,80,0.02,1.0,13.719735398473155,9.817400532072051,35,1.3018458936498225,25.714285714285715,-14.923697741821396,20.821717207468772,0,1
daily,1354,48,0.1,2.0,13.637515375391619,7.7778440187890485,53,1.2104695462611486,24.528301886792452,-24.8006920822777,,0,0
daily,1355,26,0.02,1.0,13.635981782354744,8.425659154260812,47,1.2275656360235987,25.53191489361702,-23.068273019431974,,0,0
daily,1356,74,0.02,2.0,13.633478739177374,10.727336087772276,26,1.3956561867911796,26.923076923076923,-16.62522378698499,,0,0
daily,1357,76,0.06,2.0,13.611684984091221,8.185811046875436,49,1.225793131796907,24.489795918367346,-19.52364491215175,,0,0
daily,1358,61,0.1,2.0,13.563721628454317,7.1699983843586335,58,1.1965236852248478,24.137931034482758,-23.766196570401576,,0,0
daily,1359,47,0.02,1.5,13.557950557799025,8.6772384265821,44,1.2441173881711511,25.0,-22.262316015786553,,0,0
daily,1360,29,0.1,2.5,13.546299539198191,9.211415816655254,39,1.2683102292236825,25.641025641025642,-20.991763344442127,,0,0
daily,1361,68,0.06,2.5,13.49868005072179,9.056436034203719,40,1.2670043913998965,25.0,-14.928847594813933,38.64283260459007,0,1
daily,1362,39,0.1,2.0,13.450468800525917,6.102536236541911,67,1.1744843151471456,23.880597014925375,-23.618627628517785,,0,0
daily,1363,119,0.04,2.5,13.403694718971671,10.061443999523888,30,1.3342783440396118,26.666666666666668,-17.910905549958766,,0,0
daily,1364,19,0.02,2.0,13.313517097061256,8.878289587111144,40,1.2623863751777762,25.0,-25.685498756372848,,0,0
daily,1365,89,0.06,2.5,13.2658561628344,9.378652506840979,35,1.2923535898855658,25.714285714285715,-18.676817865778084,,0,0
daily,1366,70,0.06,2.5,13.194455170813724,9.858184596101417,30,1.3298176963306236,26.666666666666668,-14.61788435800635,,0,0
daily,1367,107,0.04,2.0,13.174264096611864,8.74439587650544,40,1.2610273390472821,25.0,-14.923697741821485,,0,0
daily,1368,80,0.06,1.5,13.094445199296878,5.241131713605629,72,1.1630908401140492,23.61111111111111,-25.94173797620404,,0,0
daily,1369,90,0.02,2.0,12.944813475885963,9.506054823148546,31,1.322286461076274,25.806451612903224,-13.187446675328008,50.12935594245964,0,1
daily,1370,60,0.02,1.0,12.935198783210566,8.622969748573105,39,1.256252106760931,25.641025641025642,-20.49950206848299,,0,0
daily,1371,106,0.02,2.0,12.853778909969261,9.966806961064156,26,1.371835554084282,26.923076923076923,-18.80952344282065,,0,0
daily,1372,93,0.04,1.5,12.8400491047588,6.060690911062316,62,1.1780012907681814,24.193548387096776,-30.722853100656554,,0,0
daily,1373,87,0.02,1.5,12.812783139321592,9.377925083735272,31,1.3195417644935927,25.806451612903224,-16.200437024330228,,0,0
daily,1374,114,0.04,2.0,12.716102751769487,7.870774929986513,44,1.2313179296438888,25.0,-16.793456881650183,,0,0
daily,1375,1,0.1,2.0,12.715435448477152,6.795542142960476,54,1.1983719055755537,24.074074074074073,-23.09776107398963,,0,0
daily,1376,53,0.1,2.5,12.713638218984302,8.84482839340468,35,1.2804190043103476,25.714285714285715,-18.45288732153061,,0,0
daily,1377,123,0.02,2.0,12.702681691579777,9.271066816539753,31,1.3168104982620135,25.806451612903224,-15.07316411240801,17.910804040161143,0,1
daily,1378,8,0.1,1.5,12.692668043041365,3.096860408419566,89,1.1367989988797291,23.59550561797753,-25.29497220412994,,0,0
daily,1379,82,0.04,2.5,12.68567610964022,9.802813958814438,26,1.3652929118817652,26.923076923076923,-12.090579355896026,,0,0
daily,1380,7,0.06,2.0,12.66327418872204,6.852917708694983,53,1.198499114092326,24.528301886792452,-22.395592441917557,,0,0
daily,1381,98,0.06,1.5,12.608153594854276,5.208674096428401,68,1.1659346624001534,23.529411764705884,-13.841306659321962,,0,0
daily,1382,90,0.06,1.0,12.605857828436772,3.120445911364511,88,1.1364393059956688,23.863636363636363,-28.309630436007627,,0,0
daily,1383,23,0.06,1.0,12.583147639918014,1.4612787367601632,104,1.1239160080011747,23.076923076923077,-33.71458768766505,,0,0
daily,1384,126,0.04,2.5,12.554248863136298,9.674641213254764,26,1.3626959550322448,26.923076923076923,-15.786698958818501,,0,0
daily,1385,7,0.04,1.0,12.495278931000309,4.682977029443736,72,1.1575980636686387,23.61111111111111,-25.75545140016714,-24.55258548813105,0,1
daily,1386,5,0.04,1.5,12.477603107701562,6.5700030895134764,54,1.1957621258169564,24.074074074074073,-27.295841963476853,,0,0
daily,1387,68,0.02,2.0,12.469726677014116,9.044973793227529,31,1.3110687335871636,25.806451612903224,-14.92369774182144,,0,0
daily,1388,80,0.02,2.5,12.453646495131633,10.016292869935373,22,1.428739382934527,27.272727272727273,-9.607920320000007,,0,0
daily,1389,84,0.02,2.5,12.447357794337766,10.01012750427359,22,1.4278368308224465,27.272727272727273,-11.44508558361993,,0,0
daily,1390,23,0.06,1.5,12.404078237002537,5.122922283070941,67,1.1643334475899696,23.880597014925375,-29.729856551987012,,0,0
daily,1391,95,0.06,1.5,12.334657212886757,5.163084644577065,66,1.1643424170959655,24.242424242424242,-21.687676704992064,,0,0
daily,1392,66,0.02,2.5,12.328727498354075,9.893967845795459,22,1.4250000000000005,27.272727272727273,-9.607920320000007,,0,0
daily,1393,8,0.04,2.5,12.300041526457672,8.880287667772757,31,1.3068998847544422,25.806451612903224,-13.220635373095114,61.28522303009771,0,1
daily,1394,121,0.06,2.0,12.289115957595097,7.35429406917576,45,1.2241986668669336,24.444444444444443,-21.564489982896863,,0,0
daily,1395,125,0.06,1.0,12.245047496409732,2.2763957957489644,93,1.1296781594180956,23.655913978494624,-38.90696320922245,,0,0
daily,1396,7,0.02,2.0,12.209055784245514,9.776764101594647,22,1.419746712004426,27.272727272727273,-11.415761913600031,,0,0
daily,1397,18,0.02,2.5,12.20842428163671,9.776152031178075,22,1.4203408934394057,27.272727272727273,-7.774602992073209,,0,0
daily,1398,16,0.02,2.5,12.11667910569667,9.686303003927787,22,1.4167283927754462,27.272727272727273,-7.792233156495598,,0,0
daily,1399,126,0.06,1.5,12.109661625391176,3.802880097887762,77,1.1476565816982915,23.376623376623378,-21.994386685762613,,0,0
daily,1400,55,0.02,1.5,12.106103390508105,6.750668923135317,49,1.2046125763822941,24.489795918367346,-20.352882318245015,,0,0
daily,1401,36,0.04,1.5,12.07541736374691,6.294777161728127,53,1.1908522923710014,24.528301886792452,-16.78572406467953,32.368483054742555,0,1
daily,1402,87,0.02,2.5,12.010322919519023,9.582106309492143,22,1.4090892745797563,27.272727272727273,-11.415761913599997,,0,0
daily,1403,125,0.04,2.0,12.004697855461766,6.547353447721771,50,1.2024874677451585,24.0,-23.26019879252267,,0,0
daily,1404,81,0.06,2.5,12.00120039768029,7.7237947447593935,39,1.2408540145948699,25.641025641025642,-15.601763661514024,,0,0
daily,1405,80,0.06,2.0,11.918699931220278,6.572051523928657,49,1.2024756626910562,24.489795918367346,-20.173625774932013,,0,0
daily,1406,4,0.02,2.0,11.913315880712162,8.504947351698489,31,1.2971915307415118,25.806451612903224,-15.705363518974558,,0,0
daily,1407,54,0.02,1.0,11.872298552593442,6.955325669841228,45,1.2167931853345328,24.444444444444443,-21.6170560777458,,0,0
daily,1408,26,0.02,2.0,11.833991927773768,8.427967672831116,31,1.2955970562816632,25.806451612903224,-12.913879508053084,,0,0
daily,1409,13,0.02,2.5,11.805686404744375,9.381730424208513,22,1.403924195628595,27.272727272727273,-16.625223786985,28.279005478246667,0,1
daily,1410,103,0.1,2.0,11.766268456482942,6.001288954233441,53,1.1871161007821522,24.528301886792452,-22.250521263429533,,0,0
daily,1411,16,0.06,2.0,11.749192568532575,5.879129481865242,54,1.1865236768576106,24.074074074074073,-25.521712780364236,,0,0
daily,1412,89,0.04,2.0,11.713270751300374,6.803179583405661,45,1.2150146252722598,24.444444444444443,-22.640734364349356,,0,0
daily,1413,30,0.02,2.0,11.66182992421807,8.260865745654279,31,1.2909295927663342,25.806451612903224,-15.564480526135515,,0,0
daily,1414,120,0.06,2.0,11.64012500785445,5.24751824481462,59,1.174024657433273,23.728813559322035,-29.3865027586341,,0,0
daily,1415,88,0.02,2.0,11.631676759137921,7.69118070139454,36,1.2579981108473453,25.0,-11.437582372170297,,0,0
daily,1416,7,0.04,2.0,11.611388808920676,7.241168432168066,40,1.23321981099078,25.0,-23.851324235279936,,0,0
daily,1417,24,0.1,1.5,11.593958231557465,2.090671257308596,89,1.1290533507020135,23.59550561797753,-31.78472928142816,126.03347060897958,0,1
daily,1418,94,0.06,1.5,11.57973219826658,4.769970847241467,63,1.1640022186528929,23.80952380952381,-19.20752688429164,,0,0
daily,1419,67,0.02,2.0,11.535244939452483,8.680682583215372,26,1.3318577649181582,26.923076923076923,-10.60084748745479,,0,0
daily,1420,41,0.06,2.0,11.531468202052375,6.096735171819678,50,1.196160000558619,24.0,-16.028772245526092,,0,0
daily,1421,95,0.02,2.5,11.480497105381392,8.51869452574463,27,1.3299361042931233,25.925925925925927,-14.925366077448288,,0,0
daily,1422,104,0.02,2.5,11.456421916885184,8.495217229335083,27,1.3282472967524401,25.925925925925927,-11.434399922110117,,0,0
daily,1423,17,0.1,2.0,11.399060169789443,5.020036810265527,59,1.1713983490992135,23.728813559322035,-23.807724438380685,,0,0
daily,1424,60,0.1,2.0,11.379104236544823,5.422601340162614,55,1.1813540424093565,23.636363636363637,-26.14308973545961,,0,0
daily,1425,34,0.02,2.5,11.349561429063781,8.391091595407874,27,1.3252747831844505,25.925925925925927,-11.658244739488953,60.22068537783789,0,1
daily,1426,122,0.02,2.5,11.236579809589898,8.281015142655267,27,1.322843147817365,25.925925925925927,-14.956222665633213,,0,0
daily,1427,83,0.06,2.0,11.228850364587117,5.808605021212099,50,1.1924417024936154,24.0,-16.92536619177999,,0,0
daily,1428,56,0.02,2.5,11.16211222648522,8.208434738241067,27,1.3197805716649065,25.925925925925927,-11.691608562712819,,0,0
daily,1429,41,0.02,1.0,11.15018465435529,6.797573989814487,40,1.2253320268420675,25.0,-26.790352488647727,,0,0
daily,1430,33,0.02,2.0,11.141423894950853,8.188292900706617,27,1.3200917350660695,25.925925925925927,-11.553242249629637,,0,0
daily,1431,111,0.04,2.0,11.13478818011644,6.249568988383802,45,1.2062683104554206,24.444444444444443,-19.47122455968724,,0,0
daily,1432,112,0.1,1.0,11.122746362972036,-2.5271506485560757,131,1.1013223050352292,22.900763358778626,-49.44921817067116,,0,0
daily,1433,109,0.1,2.5,11.044833715269032,6.589570196005035,41,1.2228497225941817,24.390243902439025,-19.021561077978454,66.5431764444018,0,1
daily,1434,78,0.04,2.5,11.019112593992308,7.099616020472799,36,1.245264876622591,25.0,-18.454483906891696,,0,0
daily,1435,66,0.1,2.5,11.017686335532396,6.563492103129254,41,1.2225114939479589,24.390243902439025,-19.92686492502045,,0,0
daily,1436,122,0.04,1.0,11.011487252453467,2.7849705362486654,77,1.138323056726505,23.376623376623378,-24.615705022148493,,0,0
daily,1437,81,0.04,2.5,10.962159334226529,8.013612995804053,27,1.3149435736992936,25.925925925925927,-20.235284235295794,,0,0
daily,1438,90,0.06,2.0,10.947095105235572,6.069941379558874,45,1.2035338427399502,24.444444444444443,-21.572457591427497,,0,0
daily,1439,119,0.06,2.5,10.933962234424977,7.446906308814194,32,1.2725564646725613,25.0,-13.924295760831406,,0,0
daily,1440,43,0.04,2.0,10.893262241974844,6.443936579279463,41,1.2203311625679647,24.390243902439025,-21.590248733291894,,0,0
daily,1441,94,0.1,1.5,10.849680633881054,1.3077271322150308,90,1.1236495761536363,23.333333333333332,-30.96082167543084,63.72453423253717,0,1
daily,1442,18,0.04,2.5,10.790969115967663,7.4156649287949294,31,1.2704608386722758,25.806451612903224,-17.875003791338717,,0,0
daily,1443,86,0.06,2.0,10.70516814414475,4.78407298409238,55,1.1731935074367958,23.636363636363637,-15.604169233203313,,0,0
daily,1444,102,0.06,1.5,10.651723231290578,2.8627546402214765,73,1.1407854328356906,23.28767123287671,-28.75349320878755,,0,0
daily,1445,30,0.06,2.0,10.612967357412483,5.750120388814639,45,1.1976994153783616,24.444444444444443,-13.933471171824351,,0,0
daily,1446,74,0.04,2.5,10.59855551930351,7.121737091151825,32,1.2656283314485257,25.0,-19.53810792661156,,0,0
daily,1447,26,0.06,2.0,10.483285262218134,5.098626175906218,50,1.1820528990963968,24.0,-17.090448329945307,,0,0
daily,1448,114,0.06,1.0,10.461099698511767,-0.453045461871715,104,1.1112806121471257,23.076923076923077,-32.83919687474902,,0,0
daily,1449,30,0.04,1.0,10.444170657751005,2.5665011858031272,74,1.1347543557858808,24.324324324324323,-20.412467495456422,11.015991675718762,0,1
daily,1450,48,0.04,1.5,10.379710868257884,3.2277833022628766,67,1.1452093506030254,23.880597014925375,-23.52384150509671,,0,0
daily,1451,95,0.02,2.0,10.317779748051837,6.849498714009461,32,1.258750418282158,25.0,-16.65698634750523,,0,0
daily,1452,69,0.06,1.5,10.28144415112109,2.51822683060674,73,1.1376324697777929,23.28767123287671,-20.43906921797227,,0,0
daily,1453,57,0.06,2.5,10.243216165691283,6.350366005118024,36,1.2302946430798083,25.0,-14.079079446277143,,0,0
daily,1454,55,0.06,2.0,10.241979392119639,4.868845297668756,50,1.1788221392749823,24.0,-20.140877530029965,,0,0
daily,1455,68,0.04,2.0,10.218854480820717,5.37300350051817,45,1.1924930853326499,24.444444444444443,-17.400335987314474,,0,0
daily,1456,82,0.04,1.5,10.199361778855543,4.40922950983571,54,1.1676255158102415,24.074074074074073,-17.25319091561277,,0,0
daily,1457,92,0.04,1.0,10.185036511504087,1.002783348005365,87,1.1224978590377561,22.988505747126435,-39.082976907355835,-22.213012748019523,0,1
daily,1458,100,0.02,2.5,10.178643110217255,7.680570154941213,23,1.3429447266413954,26.08695652173913,-11.543195198688993,,0,0
daily,1459,65,0.02,1.5,10.12806676386555,7.20082999793108,27,1.290235343279569,25.925925925925927,-15.508381485169787,,0,0
daily,1460,115,0.02,2.0,10.124086994601655,7.196978933534504,27,1.2912671128935487,25.925925925925927,-10.769324644509537,,0,0
daily,1461,20,0.06,1.5,10.095820196281213,4.206741981164175,55,1.1658455740230316,23.636363636363637,-23.620995471538375,,0,0
daily,1462,50,0.1,1.5,9.969995719970814,1.3113134343017308,82,1.12507831920492,23.170731707317074,-39.40987936048509,,0,0
daily,1463,15,0.04,1.0,9.928740346088238,2.189975174078951,73,1.1344214757151365,23.28767123287671,-35.73305188076442,,0,0
daily,1464,0,0.1,2.5,9.922355730118326,5.5110210636882595,41,1.2036301842632722,24.390243902439025,-19.22559386604418,,0,0
daily,1465,111,0.04,2.5,9.908901196375908,6.027530653273838,36,1.223942576684028,25.0,-19.318899767007903,46.30623623756218,0,1
daily,1466,100,0.1,1.5,9.902557625056874,1.6554872122247488,78,1.1289652978947955,23.076923076923077,-20.147639323551868,,0,0
daily,1467,20,0.02,1.5,9.80966366832623,5.8257971988335155,37,1.221428571428572,24.324324324324323,-21.128521723803416,,0,0
daily,1468,123,0.02,1.0,9.67222744117584,5.165277909979693,42,1.196523799975939,23.80952380952381,-15.90984202297654,,0,0
daily,1469,24,0.1,1.0,9.65978544973407,-5.718540527640004,151,1.0886023636636941,22.516556291390728,-44.426479802836525,,0,0
daily,1470,37,0.06,1.5,9.60699367412925,2.2995620417250118,69,1.1371552533246352,23.18840579710145,-41.60025158486378,,0,0
daily,1471,31,0.06,2.5,9.584940781626727,5.609006148074203,37,1.2170666461421882,24.324324324324323,-21.582731703288683,,0,0
daily,1472,15,0.04,2.0,9.573769908865849,4.650912578952315,46,1.1821605508722388,23.91304347826087,-22.842910023268036,,0,0
daily,1473,94,0.06,2.0,9.562412069827552,4.7447541794752635,45,1.1826001600089528,24.444444444444443,-21.71626281608606,45.1458268238281,0,1
daily,1474,94,0.02,1.5,9.502374890515197,5.107495905559789,41,1.1966709948289236,24.390243902439025,-18.484805547506088,,0,0
daily,1475,32,0.06,1.5,9.474251711321347,2.175522395378038,69,1.1358529708388678,23.18840579710145,-29.479067359274925,,0,0
daily,1476,32,0.1,2.5,9.446701261246426,6.0049557028080125,32,1.2392458933318935,25.0,-15.684577669782406,,0,0
daily,1477,95,0.02,1.0,9.355198768162797,4.441900944541022,46,1.178459771816773,23.91304347826087,-20.56616124433477,,0,0
daily,1478,14,0.1,1.5,9.326795919386498,1.2235452158904092,77,1.1247263092425588,23.376623376623378,-24.14100531317733,,0,0
daily,1479,31,0.02,2.0,9.253029601494344,6.241887458884188,28,1.2666666666666668,25.0,-18.908127097300543,,0,0
daily,1480,40,0.04,2.0,9.23795119840487,4.853422822605968,41,1.1921768519692084,24.390243902439025,-22.19076480404718,,0,0
daily,1481,62,0.1,1.0,9.158111163809712,-4.7302423090947565,136,1.0905776772710905,22.794117647058822,-35.72759387797648,-23.372147833736147,0,1
daily,1482,38,0.06,1.0,9.137574182564535,-0.7566489802034226,95,1.1086761015294617,23.157894736842106,-39.60424263642609,,0,0
daily,1483,106,0.04,2.0,9.095013734806212,4.193197235007662,46,1.1750749591227854,23.91304347826087,-19.35442778921026,,0,0
daily,1484,50,0.04,2.0,8.980452594378141,4.605976130292144,41,1.1875989567452792,24.390243902439025,-17.997859006806827,,0,0
daily,1485,13,0.02,1.0,8.979808921380815,5.130327072879859,36,1.206182070795379,25.0,-26.378034068936383,,0,0
daily,1486,111,0.04,1.5,8.913315744302984,2.674252249035902,59,1.1437115886246676,23.728813559322035,-20.23293596574104,,0,0
daily,1487,89,0.06,1.5,8.855015744499317,2.106789121569075,64,1.1359490571608315,23.4375,-24.959210544226917,,0,0
daily,1488,80,0.04,2.5,8.824714102185084,5.401908848652548,32,1.2252490424076024,25.0,-20.785244954818396,,0,0
daily,1489,7,0.06,2.5,8.809482979703919,4.441736498985338,41,1.1850453303076527,24.390243902439025,-19.154748903078556,54.973813424251716,0,1
daily,1490,106,0.1,2.5,8.751634255586849,3.8649196089838966,46,1.1702414285636458,23.91304347826087,-21.528327626520007,,0,0
daily,1491,77,0.04,2.5,8.746748480474743,5.7490481380950476,28,1.2527651790814052,25.0,-12.568822067700314,,0,0
daily,1492,77,0.04,1.5,8.745830291423573,2.0043070030687504,64,1.1350820241552162,23.4375,-19.065226226472408,,0,0
daily,1493,118,0.04,2.0,8.71735359488559,3.832145174581103,46,1.16955950301875,23.91304347826087,-21.52042571309628,,0,0
daily,1494,28,0.04,2.5,8.686373540520487,5.690278428266571,28,1.2511778696171723,25.0,-15.149516824474308,,0,0
daily,1495,27,0.1,1.0,8.605456382948606,-5.118282182613443,135,1.0882659397081476,22.962962962962962,-42.57387121202686,,0,0
daily,1496,35,0.02,2.5,8.564542594076352,5.571692289136987,28,1.2482525385103782,25.0,-13.686452886411827,,0,0
daily,1497,47,0.04,1.5,8.560605580312997,3.1645808460077696,51,1.1562357907618412,23.529411764705884,-16.90804554177715,39.89530958788152,0,1
daily,1498,65,0.04,1.5,8.556474877762499,2.2352038980397504,60,1.1394139442830666,23.333333333333332,-21.528327626519996,,0,0
daily,1499,123,0.02,2.5,8.54646919669979,6.083803954300682,23,1.2891124921423422,26.08695652173913,-13.848767768778114,,0,0
daily,1500,118,0.02,1.5,8.432209090604958,3.559494133746033,46,1.1653297968168035,23.91304347826087,-19.072796905242427,,0,0
daily,1501,38,0.02,1.0,8.383822897300819,4.032730331883472,41,1.177894436589623,24.390243902439025,-13.088687508636188,,0,0
daily,1502,73,0.02,2.0,8.366494576134986,5.378900291301947,28,1.2428546001497562,25.0,-12.082965978899951,,0,0
daily,1503,112,0.02,1.0,8.363856529683122,4.430969609970181,37,1.1930673395701226,24.324324324324323,-21.89609588533611,,0,0
daily,1504,99,0.1,2.5,8.277606059683972,4.766623653568858,33,1.2125527238022036,24.242424242424242,-20.03920590924383,,0,0
daily,1505,121,0.06,1.5,8.262717803213238,1.958260354275132,60,1.1361679625234766,23.333333333333332,-21.976080665522023,85.27404686954463,0,1
daily,1506,122,0.04,2.0,8.259061875183438,3.8089845467231376,42,1.1755355135684862,23.80952380952381,-18.330072575726263,,0,0
daily,1507,60,0.06,2.0,8.222840731762604,3.256013495835508,47,1.1617376578532819,23.404255319148938,-25.298081328395007,,0,0
daily,1508,44,0.04,1.5,8.190004263641715,1.8896690485094458,60,1.1352306528682365,23.333333333333332,-36.38102586272802,,0,0
daily,1509,11,0.04,1.0,8.18106954170048,0.4629793478417632,74,1.1186641645559732,22.972972972972972,-22.127237001409085,,0,0
daily,1510,28,0.06,2.5,8.155747092659427,4.648600053310248,33,1.209994612445519,24.242424242424242,-18.466845539894162,,0,0
daily,1511,127,0.04,2.5,8.150441889879968,5.168553262815223,28,1.2362921056064176,25.0,-13.972266301909887,,0,0
daily,1512,84,0.1,1.5,8.08376179046264,-0.8262163610024631,86,1.1074030146052563,23.25581395348837,-30.66396864984724,,0,0
daily,1513,26,0.02,2.5,8.081124767777691,5.101121906946271,28,1.2356275771847907,25.0,-10.018009554725982,10.133978932771747,0,1
daily,1514,34,0.04,1.5,8.07758070841933,2.705081315657809,51,1.1498508523005808,23.529411764705884,-18.29271931124533,,0,0
daily,1515,12,0.06,2.0,8.0164191023403,3.0587963762554793,47,1.1582724603564472,23.404255319148938,-26.875465436097524,,0,0
daily,1516,45,0.02,1.5,7.946315048584296,4.445752261270397,33,1.2054416265819863,24.242424242424242,-13.452316220628502,,0,0
daily,1517,57,0.06,1.0,7.918292726035592,-1.2750657444841496,89,1.1054724367906978,22.471910112359552,-37.128250502640505,,0,0
daily,1518,26,0.1,1.5,7.916408714665879,-0.7812486697531984,84,1.1087215600503022,22.61904761904762,-27.094531569779214,,0,0
daily,1519,105,0.06,1.0,7.914045447674534,-4.008428054884927,117,1.0908863752401083,23.076923076923077,-45.18874200848614,,0,0
daily,1520,111,0.02,1.5,7.905005924358499,4.510204738547152,32,1.2055830953898607,25.0,-17.613674493211416,,0,0
daily,1521,34,0.04,2.5,7.899548759369002,4.400456329295954,33,1.2044276453163523,24.242424242424242,-13.407312233140644,63.18339741962513,0,1
daily,1522,42,0.02,1.5,7.897708165925921,3.4621304563910327,42,1.1696208255082652,23.80952380952381,-23.41127258197192,,0,0
daily,1523,97,0.02,1.0,7.876729182034747,2.104226093284667,55,1.1392259633538666,23.636363636363637,-19.89072063528078,,0,0
daily,1524,18,0.02,1.5,7.821787870163055,4.325101837266687,33,1.2019823568028565,24.242424242424242,-16.36619839717648,,0,0
daily,1525,113,0.06,1.5,7.814894815568008,-0.277478295017497,78,1.111820689019322,23.076923076923077,-26.85513385660946,,0,0
daily,1526,43,0.06,2.0,7.79560720881729,2.847983054596237,47,1.1556413045031508,23.404255319148938,-18.29271931124532,,0,0
daily,1527,85,0.02,2.5,7.7847292972656135,5.233274312180258,24,1.263554580623484,25.0,-18.375743256429168,,0,0
daily,1528,47,0.06,1.0,7.7731677146606115,-1.7037067936642947,92,1.10197121564107,22.82608695652174,-28.417997051256926,,0,0
daily,1529,121,0.1,2.0,7.768748691145033,2.4113111150157795,51,1.1458127049536837,23.529411764705884,-22.25091305662761,44.79751228730788,0,1
daily,1530,25,0.02,2.5,7.7565437585028985,4.785150928895998,28,1.2272002839473912,25.0,-16.336385666978614,,0,0
daily,1531,99,0.04,2.5,7.752749510339529,4.25827197664459,33,1.2012677953937638,24.242424242424242,-19.39300121490004,,0,0
daily,1532,66,0.02,1.5,7.750743748245914,3.943442582984469,36,1.183493073007535,25.0,-16.625223786985032,,0,0
daily,1533,22,0.04,1.5,7.725383801776831,1.8588955724749612,56,1.1370006421665475,23.214285714285715,-24.72238887947841,,0,0
daily,1534,12,0.06,1.0,7.7008478050029305,-4.485254017736051,120,1.089104901222666,22.5,-53.03032884330836,,0,0
daily,1535,38,0.06,2.5,7.694950803598699,4.2022902742336665,33,1.2000101503077838,24.242424242424242,-15.158010759988837,,0,0
daily,1536,75,0.06,2.0,7.680257502313315,2.327079832159029,51,1.144619604360774,23.529411764705884,-25.084383784937614,,0,0
daily,1537,57,0.02,2.5,7.678783116170074,5.1297094630295526,24,1.2593079236926146,25.0,-9.60792032000002,17.074836190451737,0,1
daily,1538,25,0.06,1.5,7.591988627848845,1.3259316572817648,60,1.1288273994180928,23.333333333333332,-17.78880661626011,,0,0
daily,1539,76,0.02,2.5,7.588211409467616,5.0412135674930525,24,1.25738759765847,25.0,-18.488431002976657,,0,0
daily,1540,72,0.04,1.5,7.558708986144613,1.8028824065479565,55,1.1352515456887144,23.636363636363637,-18.693888707614224,,0,0
daily,1541,91,0.02,1.5,7.500101386628888,4.430975872265552,29,1.2185042950676934,24.137931034482758,-18.29271931124531,,0,0
daily,1542,126,0.1,2.0,7.495923130193427,1.5399976719120634,57,1.1336402324879125,22.80701754385965,-25.2539865079502,,0,0
daily,1543,102,0.06,2.5,7.489685798970092,3.484151617817144,38,1.176884589527882,23.68421052631579,-19.926864925020425,,0,0
daily,1544,116,0.1,1.0,7.441204210634589,-5.853938958947824,132,1.084014440081885,22.727272727272727,-37.46037757804841,,0,0
daily,1545,80,0.02,2.0,7.439564576492197,4.895932885165166,24,1.2525170632526736,25.0,-13.268806190333803,62.54689217416525,0,1
daily,1546,109,0.06,1.5,7.4309780104190315,-1.1290970270486533,83,1.1052442197544639,22.89156626506024,-20.334412712967552,,0,0
daily,1547,35,0.02,2.0,7.385937127835196,3.9029709192960116,33,1.1930437640797398,24.242424242424242,-16.167581318355452,,0,0
daily,1548,81,0.02,1.5,7.348725939878165,2.0117639329725323,51,1.1403871816713795,23.529411764705884,-14.923697741821451,,0,0
daily,1549,67,0.02,2.5,7.26516475374086,4.725479211408645,24,1.2467508762220278,25.0,-14.360088631003931,,0,0
daily,1550,0,0.02,1.5,7.178765125780329,3.287764213868938,37,1.1716369910446012,24.324324324324323,-13.946668343047508,,0,0
daily,1551,86,0.02,2.0,7.067693266303965,4.010515280140892,29,1.208483152477568,24.137931034482758,-10.964433425199394,,0,0
daily,1552,83,0.1,2.0,7.031698409493248,2.118361227426746,47,1.1445675820332437,23.404255319148938,-23.3347501942447,,0,0
daily,1553,57,0.06,2.0,7.017302652594992,2.1046347862249792,47,1.1443987045275903,23.404255319148938,-18.697739504561273,112.67674183297238,0,1
daily,1554,73,0.06,2.0,6.8529653002497914,1.9476702662052148,47,1.1420374740991501,23.404255319148938,-20.77576952976743,,0,0
daily,1555,16,0.06,1.0,6.829300331831645,-3.3429033835205235,100,1.0914862870226565,23.0,-41.50714610121018,,0,0
daily,1556,14,0.1,1.0,6.788567001757562,-7.1731400941896,140,1.0791733122455276,22.857142857142858,-34.774872627282605,,0,0
daily,1557,125,0.04,1.5,6.781407487501401,0.05966448693619508,65,1.1148909825319362,23.076923076923077,-28.671554985090886,,0,0
daily,1558,76,0.04,2.5,6.699506049106474,2.7226385153285904,38,1.1624382725067979,23.68421052631579,-20.62677006678052,,0,0
daily,1559,110,0.02,1.5,6.60095581702127,3.556666562720734,29,1.1974451998531168,24.137931034482758,-14.006507860902605,,0,0
daily,1560,43,0.06,2.5,6.5255007945032695,2.5549587106383553,38,1.1594620667357503,23.68421052631579,-18.9151494338318,,0,0
daily,1561,106,0.02,1.5,6.513543084125906,3.4715898422462477,29,1.1938209977120695,24.137931034482758,-21.324804711063194,55.412236494810415,0,1
daily,1562,68,0.06,1.0,6.512953385822118,-3.339434719786305,97,1.0913549016214001,22.68041237113402,-39.94503866503204,,0,0
daily,1563,75,0.1,1.0,6.507230286352472,-6.39241547199002,129,1.0807337760822302,22.48062015503876,-41.38839692949813,,0,0
daily,1564,32,0.02,1.5,6.466841322730144,3.426244340207729,29,1.194075804103174,24.137931034482758,-21.56668694274958,,0,0
daily,1565,119,0.02,1.0,6.420719558102284,1.6364835786561116,46,1.13654610251659,23.91304347826087,-16.864694084327216,,0,0
daily,1566,72,0.02,2.5,6.372203207914073,3.3342195661817398,29,1.1918056918576805,24.137931034482758,-13.425300518907601,,0,0
daily,1567,96,0.04,2.5,6.336499272378582,2.7836860026334564,34,1.170630151139159,23.529411764705884,-14.415971223790514,,0,0
daily,1568,19,0.02,2.5,6.316265021429812,2.764113764467857,34,1.1702962721736672,23.529411764705884,-22.11936526424748,,0,0
daily,1569,58,0.04,2.5,6.2805597439026695,3.2450915142280934,29,1.189409437530067,24.137931034482758,-17.212721424961053,16.680085227413688,0,1
daily,1570,6,0.02,2.5,6.241038449976299,3.206669520985983,29,1.1886172858602684,24.137931034482758,-13.721840024123999,,0,0
daily,1571,105,0.06,2.0,6.20757624091699,0.8252999284810603,52,1.125203405791197,23.076923076923077,-25.694846737783806,,0,0
daily,1572,104,0.06,2.0,6.174383149091178,0.7938019323413759,52,1.1248822671881853,23.076923076923077,-22.069456394459397,,0,0
daily,1573,99,0.02,1.0,6.110982977610968,2.1554861558603644,38,1.1519820367881761,23.68421052631579,-19.673150060017175,,0,0
daily,1574,106,0.1,2.0,6.06863012642076,0.19048901096194726,57,1.1171818471267878,22.80701754385965,-21.855342555034685,,0,0
daily,1575,5,0.06,1.5,5.9838377139966425,-2.0708201756372113,79,1.0967780028383385,22.78481012658228,-22.188236662973416,,0,0
daily,1576,74,0.04,1.0,5.956737469761619,-1.7030101936271747,75,1.0993733402154924,22.666666666666668,-28.978639915425575,,0,0
daily,1577,51,0.04,2.0,5.86717895512745,1.4115859985088797,43,1.1366340974053173,23.25581395348837,-19.926864925020425,53.68393101167732,0,1
daily,1578,63,0.02,1.5,5.8572119228983865,1.9108674549331184,38,1.1470906824144687,23.68421052631579,-16.981277001276407,,0,0
daily,1579,44,0.02,2.0,5.84684623503211,2.3098941950076,34,1.1603955499989997,23.529411764705884,-14.974533604293129,,0,0
daily,1580,11,0.06,1.0,5.818582325199961,-5.1168238382954705,109,1.0829867625284024,22.01834862385321,-26.120941254061748,,0,0
daily,1581,80,0.04,1.0,5.779611982579702,-1.7692638065898159,74,1.098091691750386,22.972972972972972,-21.861585072110014,,0,0
daily,1582,51,0.02,2.5,5.703429002916516,3.0960100623481646,25,1.1994303216037603,24.0,-7.780170994658464,,0,0
daily,1583,28,0.02,1.5,5.701971519424798,2.169671626501146,34,1.156963274479441,23.529411764705884,-21.067886463856166,,0,0
daily,1584,26,0.06,1.0,5.698808604644157,-4.078895133421079,97,1.0857932221739872,22.68041237113402,-31.399298539992003,,0,0
daily,1585,118,0.02,2.5,5.681673454497194,2.662725221096518,29,1.175079997189131,24.137931034482758,-13.187446675328019,47.3694668295322,0,1
daily,1586,122,0.02,1.5,5.61316346284868,1.1680280887446326,43,1.1326544185096041,23.25581395348837,-31.0830886582704,,0,0
daily,1587,2,0.04,2.5,5.591546194976016,2.062898794989221,34,1.1554893929434322,23.529411764705884,-15.38221235887639,,0,0
daily,1588,90,0.04,2.0,5.5882501850225585,1.144149791834348,43,1.1323263140716644,23.25581395348837,-23.58399680917511,,0,0
daily,1589,6,0.1,1.0,5.5610056175599,-8.607646016749126,144,1.0732050918037208,22.22222222222222,-28.40678481948614,,0,0
daily,1590,126,0.06,1.0,5.544006467140683,-6.960574604632031,126,1.0767047844322515,22.22222222222222,-32.767066185153425,,0,0
daily,1591,44,0.04,2.0,5.5392118020966885,1.0970740984891814,43,1.1313380232955463,23.25581395348837,-26.849003532586035,,0,0
daily,1592,98,0.04,1.5,5.531742938797746,-1.6063100871135272,70,1.0988636891432986,22.857142857142858,-28.536249400134817,,0,0
daily,1593,12,0.04,1.5,5.483665592981701,-0.7609568621514184,61,1.1059283912117694,22.950819672131146,-26.780017239741284,37.185061906820025,0,1
daily,1594,49,0.04,2.0,5.462426219208183,1.0234642969698005,43,1.1302889545216555,23.25581395348837,-21.891312191753933,,0,0
daily,1595,103,0.1,1.0,5.4198719203274015,-8.455613956292718,141,1.0729573159388863,22.69503546099291,-43.00669416015983,,0,0
daily,1596,63,0.06,1.0,5.3653978470475705,-4.19033623028816,95,1.0841301178035052,23.157894736842106,-27.08460554289337,,0,0
daily,1597,69,0.02,1.5,5.348939942208619,0.9146692195465711,43,1.1285405377600213,23.25581395348837,-19.327774608606564,,0,0
daily,1598,96,0.1,2.0,5.336033251284,-0.10286678352463552,53,1.1138749826493028,22.641509433962263,-26.1430897354596,,0,0
daily,1599,91,0.1,1.0,5.327600492453621,-9.083634859464873,147,1.0717979991667403,22.448979591836736,-34.06271532501628,,0,0
daily,1600,18,0.02,1.0,5.2186020914498865,1.2954792368214285,38,1.1363167020042408,23.68421052631579,-21.32470730842523,,0,0
daily,1601,11,0.04,2.0,5.204916839106888,1.282298410174576,38,1.1359817657859788,23.68421052631579,-17.663888395981374,50.68304779357078,0,1
daily,1602,3,0.04,2.0,5.122936768434183,1.1021141323700023,39,1.1339994489187823,23.076923076923077,-19.777040875731956,,0,0
daily,1603,63,0.04,2.0,5.0605115553230995,0.6380746835133788,43,1.124063208024563,23.25581395348837,-22.3092648817827,,0,0
daily,1604,73,0.02,2.5,5.048390820709625,2.4564750526170798,25,1.1804629025594655,24.0,-11.667604318449776,,0,0
daily,1605,35,0.06,1.0,5.027681427579167,-5.543730601238039,106,1.0789353875183623,22.641509433962263,-35.35899584494149,,0,0
daily,1606,99,0.1,2.0,4.991128990634941,0.06936686391920688,48,1.11560625137989,22.916666666666668,-20.656789124193132,,0,0
daily,1607,114,0.02,1.5,4.935203758706552,1.4278421203524294,34,1.1422616392170892,23.529411764705884,-20.529964555354518,,0,0
daily,1608,119,0.1,1.5,4.909560034767324,-3.06446541516483,79,1.0881486084848337,22.78481012658228,-32.36521731553189,,0,0
daily,1609,109,0.1,2.0,4.831106095737869,-0.979643196221347,57,1.102927206827748,22.80701754385965,-20.547975293782873,60.990360837846566,0,1
daily,1610,122,0.1,1.5,4.80084133168539,-4.033814751501497,88,1.0834581392828808,22.727272727272727,-40.0068916044807,,0,0
daily,1611,56,0.1,2.5,4.790816653125818,0.7823712145596629,39,1.128222757160041,23.076923076923077,-18.39846250505476,,0,0
daily,1612,63,0.06,1.5,4.76262800482814,-2.030168805185184,67,1.0944409872059564,22.388059701492537,-32.163818417398005,,0,0
daily,1613,67,0.04,2.5,4.749380340404108,1.2480391696259696,34,1.138689931142798,23.529411764705884,-12.225594424877762,,0,0
daily,1614,32,0.04,1.5,4.7178812947345605,-1.5806094390638736,62,1.0975264177628237,22.580645161290324,-24.98067388622808,,0,0
daily,1615,122,0.1,2.5,4.68281930877219,0.2759288643826574,43,1.118244545538159,23.25581395348837,-25.851317828345977,,0,0
daily,1616,1,0.02,1.0,4.674016246556567,0.167117108322401,44,1.1175786953059241,22.727272727272727,-21.47332488595034,,0,0
daily,1617,57,0.02,2.0,4.632998203153771,1.541304764882656,30,1.1491621416529691,23.333333333333332,-17.79238225536831,22.22972747639471,0,1
daily,1618,104,0.02,1.0,4.619677988503135,-0.7830815172130245,53,1.1049112818280957,22.641509433962263,-24.98679420862183,,0,0
daily,1619,20,0.02,2.5,4.568493783654293,1.478684255009366,30,1.148092634659433,23.333333333333332,-14.956222665633213,,0,0
daily,1620,9,0.02,2.0,4.512115874628142,1.4239156019882904,30,1.1467807796213343,23.333333333333332,-11.689896868620064,,0,0
daily,1621,9,0.02,1.0,4.5068515166843515,0.10718847036264023,43,1.1155868109039209,23.25581395348837,-20.210395572197026,,0,0
daily,1622,96,0.02,2.0,4.4698035216268694,1.3828137315904376,30,1.1458327621962603,23.333333333333332,-11.822410013237016,,0,0
daily,1623,61,0.06,1.0,4.422752268234942,-6.182126360196816,107,1.0750049777504125,22.429906542056074,-29.90426112934459,,0,0
daily,1624,101,0.02,2.0,4.407676572385744,0.9174247790044499,34,1.1318143028373404,23.529411764705884,-15.353731163046513,,0,0
daily,1625,94,0.06,1.0,4.334693686991864,-7.381166292710262,119,1.0722388447412212,22.689075630252102,-27.6574956406175,-13.373737395456898,0,1
daily,1626,43,0.02,1.5,4.29351268292244,0.3036013948691352,39,1.1196464175662704,23.076923076923077,-25.09053169705666,,0,0
daily,1627,43,0.02,2.5,4.086151431510343,1.5170181915568737,25,1.1538378134942382,24.0,-15.129115166323903,,0,0
daily,1628,62,0.1,1.5,4.028593137637038,-3.8793144919198497,79,1.0810500028891732,22.78481012658228,-31.9619570754649,,0,0
daily,1629,83,0.1,2.5,3.9772723649751374,0.40051034994681434,35,1.122812950764271,22.857142857142858,-20.020611872073246,,0,0
daily,1630,7,0.02,1.0,3.946426055108465,0.3706833921516939,35,1.122161997857835,22.857142857142858,-16.941376547401877,,0,0
daily,1631,44,0.02,1.0,3.941298964163642,-0.9322661926103093,48,1.1013156333268288,22.916666666666668,-23.006803276123943,,0,0
daily,1632,126,0.02,1.0,3.9295795346317997,-1.3394600931357359,52,1.0967416561198577,23.076923076923077,-30.904250893935004,,0,0
daily,1633,117,0.06,2.0,3.9053833185076936,-0.966513188365925,48,1.1007729594740499,22.916666666666668,-22.629675982029006,61.590489728251676,0,1
daily,1634,103,0.04,2.5,3.8961889806233163,0.32212870709980024,35,1.1212060343745,22.857142857142858,-16.625223786985,,0,0
daily,1635,95,0.02,1.5,3.8451949524136886,-0.0280546662848713,38,1.1125292177286084,23.68421052631579,-15.131163209115051,,0,0
daily,1636,55,0.06,2.5,3.8375395622420427,0.2654116467340595,35,1.1199610944819025,22.857142857142858,-17.70419033999171,,0,0
daily,1637,103,0.06,2.0,3.8263760375796263,-0.6447105600523972,44,1.104820164009547,22.727272727272727,-26.362910166603115,,0,0
daily,1638,43,0.06,1.5,3.7341963740779693,-2.992880419217414,67,1.0844214170146524,22.388059701492537,-19.710534615552213,,0,0
daily,1639,49,0.04,2.5,3.722978411928901,0.15469533622201048,35,1.1178207243446376,22.857142857142858,-14.996070076405953,,0,0
daily,1640,50,0.02,2.5,3.713764657970575,1.05231352413504,26,1.1426617746027274,23.076923076923077,-15.62301931273864,,0,0
daily,1641,75,0.02,1.0,3.711321780058774,-0.7551247665006144,44,1.1034044243768435,22.727272727272727,-27.873163791768675,-3.2274018701197282,0,1
daily,1642,63,0.04,2.5,3.705567676279875,0.13783919357917007,35,1.1173851292306152,22.857142857142858,-22.512297050673634,,0,0
daily,1643,37,0.04,2.0,3.687149545981061,-0.7780978700928198,44,1.102765646478135,22.727272727272727,-22.985267093301744,,0,0
daily,1644,48,0.04,2.0,3.6089134105906195,-1.3480969138432553,49,1.0963313793829148,22.448979591836736,-17.547808618409523,,0,0
daily,1645,75,0.04,2.5,3.580007800815732,0.016519884057775158,35,1.1150977238543849,22.857142857142858,-18.2603069133774,,0,0
daily,1646,98,0.02,1.5,3.5537385517597997,-0.008895569059985675,35,1.1145533849874814,22.857142857142858,-22.119365264247428,,0,0
daily,1647,120,0.06,2.5,3.539625401467106,-0.9194152879768658,44,1.1005692191603913,22.727272727272727,-23.0263285062137,,0,0
daily,1648,1,0.06,2.0,3.5240986906851957,-1.4289488707732612,49,1.0951889358865818,22.448979591836736,-24.989305486076752,,0,0
daily,1649,12,0.02,2.0,3.4961931911995814,0.8401247869943118,26,1.1369820979443441,23.076923076923077,-10.964433425199394,24.513643164570432,0,1
daily,1650,4,0.02,2.5,3.4525992319532905,0.7975954686620712,26,1.135710287415882,23.076923076923077,-13.856435188811233,,0,0
daily,1651,50,0.1,2.0,3.314549485982976,-2.900927282226995,62,1.0830417989678505,22.580645161290324,-34.245950083549495,,0,0
daily,1652,110,0.1,1.5,3.3103139414154104,-5.020296649795042,84,1.0737766276300107,22.61904761904762,-20.299364036299107,,0,0
daily,1653,8,0.1,1.0,3.3062840845184738,-9.661751223035697,134,1.0645003665879926,22.388059701492537,-42.59263700363969,,0,0
daily,1654,36,0.02,1.0,3.272216527256755,-1.1757145219937315,44,1.0968888610711838,22.727272727272727,-19.33644867571157,,0,0
daily,1655,76,0.02,2.0,3.257387529290101,0.6072092625801995,26,1.130597432090754,23.076923076923077,-19.19053833010628,,0,0
daily,1656,38,0.04,2.5,3.189432569632422,-0.361009575897675,35,1.1076359880545434,22.857142857142858,-18.623156637443692,,0,0
daily,1657,34,0.04,2.0,3.1466531825251387,-1.2958277204981328,44,1.094624481057057,22.727272727272727,-16.703972250221078,100.36880005669246,0,1
daily,1658,60,0.02,1.5,3.136975636035655,-0.4117090533851342,35,1.1066204186411592,22.857142857142858,-23.835751422498664,,0,0
daily,1659,53,0.04,1.5,3.0496000549251168,-1.7830323497575518,48,1.0891888267213803,22.916666666666668,-21.03537990035044,,0,0
daily,1660,50,0.02,1.5,2.948365574763079,-1.0904190851339868,40,1.0964913852235136,22.5,-18.29271931124532,,0,0
daily,1661,96,0.06,2.5,2.8998318437635007,-1.0381229482195997,39,1.0961916516064345,23.076923076923077,-21.441935470396444,,0,0
daily,1662,118,0.04,1.5,2.8799536591914476,-2.532064233997633,54,1.0831973343278336,22.22222222222222,-25.072745368931002,,0,0
daily,1663,62,0.04,2.5,2.874485082090672,-0.26675283748772705,31,1.1093267439113839,22.580645161290324,-22.18663206662367,,0,0
daily,1664,76,0.02,1.5,2.716392115566002,-0.9174527730702375,36,1.0981688744018305,22.22222222222222,-21.52832762651997,,0,0
daily,1665,69,0.02,2.0,2.7162576662455473,-0.917596865936976,36,1.0981816568998575,22.22222222222222,-18.347937738054277,56.412125718966635,0,1
daily,1666,89,0.02,2.5,2.6791983749009374,0.0432837668122632,26,1.1154658375860187,23.076923076923077,-12.210256169153332,,0,0
daily,1667,110,0.06,2.0,2.642616050602653,-2.269118415638771,49,1.0833705849933228,22.448979591836736,-23.029280519744145,,0,0
daily,1668,31,0.06,2.0,2.589228342247374,-2.8077629704717832,54,1.0796339481604473,22.22222222222222,-29.17142954246993,,0,0
daily,1669,1,0.02,2.0,2.558753443405659,-0.5731483008074689,31,1.102437099457141,22.580645161290324,-15.822198132873677,,0,0
daily,1670,67,0.06,1.5,2.5307868248626075,-4.979502929987412,76,1.0698497998443277,22.36842105263158,-22.240571907145913,,0,0
daily,1671,122,0.06,2.5,2.5028612764117053,-0.6273877941186723,31,1.1012193789831108,22.580645161290324,-18.29271931124533,,0,0
daily,1672,72,0.04,2.5,2.4721658927692847,-0.6571841841928827,31,1.1005447954991303,22.580645161290324,-16.87137830363017,,0,0
daily,1673,123,0.02,1.5,2.4676508679367215,-1.5527386104111973,40,1.0885366563848107,22.5,-15.102829585979515,34.2989271443852,0,1
daily,1674,3,0.02,2.5,2.464226970184935,-0.16638503812471672,26,1.1099482509599217,23.076923076923077,-17.311921928232167,,0,0
daily,1675,3,0.04,2.5,2.4613800546608333,-0.6676404251915735,31,1.1003150672650814,22.580645161290324,-16.625223786985032,,0,0
daily,1676,38,0.04,1.5,2.4160678242582945,-3.842368976504995,63,1.073198332152188,22.22222222222222,-31.523707862829486,,0,0
daily,1677,2,0.06,1.0,2.4147289788717385,-7.247978808642063,99,1.0643718772694049,22.22222222222222,-23.609125969588796,,0,0
daily,1678,102,0.1,1.5,2.4071284472343857,-6.508879670356849,91,1.0656672798470033,21.978021978021978,-31.3888821558471,,0,0
daily,1679,18,0.06,1.5,2.2600693866445587,-3.8929251118040797,62,1.0719838864475228,22.580645161290324,-18.929322614837552,,0,0
daily,1680,74,0.02,2.5,2.238935018564381,0.013681627302419841,22,1.115459709697787,22.727272727272727,-13.305047569386064,,0,0
daily,1681,20,0.02,1.0,2.23554479338699,-2.2664530229748237,45,1.0809305728095366,22.22222222222222,-30.194058658910215,21.282545863583913,0,1
daily,1682,58,0.02,2.0,2.217056921710059,-0.9047442775873882,31,1.0950236197422376,22.580645161290324,-19.03794554433682,,0,0
daily,1683,83,0.06,1.5,2.1868552500247107,-4.536876316469673,68,1.0692531123648368,22.058823529411764,-23.09776107398962,,0,0
daily,1684,106,0.06,2.0,2.1730455505987623,-2.7166511580102526,49,1.0770624553485555,22.448979591836736,-20.067541477285488,,0,0
daily,1685,67,0.04,1.0,2.1428980453207513,-5.339420280195939,76,1.0668530180511837,22.36842105263158,-25.98656854195942,,0,0
daily,1686,60,0.04,1.5,2.1396427078196334,-3.234107461449076,54,1.0741026175125963,22.22222222222222,-23.466407139706526,,0,0
daily,1687,66,0.04,2.5,2.13959643113113,-0.979920802963441,31,1.093366303888752,22.580645161290324,-11.749272386620913,,0,0
daily,1688,17,0.06,2.0,2.1298142210759208,-3.243427206315752,54,1.073997402286235,22.22222222222222,-26.695897505071375,,0,0
daily,1689,81,0.04,1.5,1.9917577087492866,-3.760609543760818,58,1.0705770232463725,22.413793103448278,-34.87452736549923,19.982950760799234,0,1
daily,1690,8,0.1,2.5,1.9665655482828281,-2.523790955846028,45,1.0767961838083866,22.22222222222222,-21.00943251013382,,0,0
daily,1691,57,0.02,1.5,1.9594455097402097,-1.6483294349500244,36,1.0840417252198824,22.22222222222222,-13.187446675327974,,0,0
daily,1692,27,0.04,2.0,1.9177350962770179,-1.688606365601264,36,1.08327258466207,22.22222222222222,-26.073075263595324,,0,0
daily,1693,107,0.04,1.0,1.8824226175146563,-6.708912356503838,88,1.0628009770126965,22.727272727272727,-22.103826323364583,,0,0
daily,1694,72,0.04,2.0,1.826129916568453,-1.7770753127275052,36,1.0816585333241209,22.22222222222222,-16.62522378698499,,0,0
daily,1695,51,0.02,1.0,1.8172395807813047,-3.443324510640733,53,1.0706307644722712,22.641509433962263,-18.310173090515313,,0,0
daily,1696,108,0.1,1.0,1.8110373177243844,-12.033849951046516,146,1.0569845040279242,21.91780821917808,-35.44256862009638,,0,0
daily,1697,29,0.1,1.0,1.7688267443379813,-12.597140422119079,152,1.0563673158095308,22.36842105263158,-43.07818738986122,44.208949806220765,0,1
daily,1698,36,0.06,2.0,1.7658839216207145,-4.069954717878854,59,1.06774418955978,22.033898305084747,-24.785243165074387,,0,0
daily,1699,104,0.06,1.5,1.742454323376763,-4.857340730674342,67,1.0652794859219568,22.388059701492537,-25.10080629614726,,0,0
daily,1700,91,0.06,1.0,1.704215247295382,-9.446684114508274,116,1.058116460640682,22.413793103448278,-32.77611678606218,,0,0
daily,1701,119,0.02,1.5,1.6627398318564746,-1.9348186082367103,36,1.078536311923168,22.22222222222222,-20.43098185540706,,0,0
daily,1702,2,0.06,1.5,1.6169571476492672,-4.593448200052475,63,1.0651595789876123,22.22222222222222,-19.141133201344473,,0,0
daily,1703,94,0.02,2.5,1.5605358748991716,-1.0477859974463488,26,1.0871485775658354,23.076923076923077,-17.899628396329824,,0,0
daily,1704,96,0.06,1.5,1.487733508328981,-6.884069883322197,86,1.059586555314278,22.093023255813954,-27.993128372479383,,0,0
daily,1705,18,0.06,2.0,1.4798999790110123,-2.9895055141769378,45,1.0697335174270153,22.22222222222222,-20.788749287085295,69.27062581724901,0,1
daily,1706,91,0.02,2.0,1.4520590682963297,-1.2523936836497995,27,1.0836317502212478,22.22222222222222,-17.94454125946259,,0,0
daily,1707,117,0.06,2.5,1.3749863341399937,-2.212658572963888,36,1.073203165469339,22.22222222222222,-22.243075707355718,,0,0
daily,1708,114,0.02,2.5,1.3377168271812456,-0.8688123743452403,22,1.0879049314665052,22.727272727272727,-18.03265824960575,,0,0
daily,1709,96,0.02,1.5,1.328223732326994,-2.745892797489924,41,1.0695888260655895,21.951219512195124,-21.688092166046523,,0,0
daily,1710,121,0.04,2.5,1.2374771104205928,-2.3454440898640683,36,1.0707626860477757,22.22222222222222,-14.923697741821451,,0,0
daily,1711,19,0.04,1.5,1.2135657148679702,-4.112354137093055,54,1.0629848761358167,22.22222222222222,-18.790923934249026,,0,0
daily,1712,99,0.04,2.0,1.2068061487220616,-3.250841589892839,45,1.065837456911089,22.22222222222222,-21.1325298164991,,0,0
daily,1713,43,0.02,1.0,1.1835099333009858,-3.370002247075532,46,1.066124085562723,21.73913043478261,-28.399816608349425,56.826956971993894,0,1
daily,1714,28,0.02,2.0,1.164806142188346,-1.5322708308333932,27,1.0765141423285272,22.22222222222222,-16.681569120463536,,0,0
daily,1715,94,0.1,1.0,1.1468177951580838,-11.551969662323158,134,1.0541318384848606,22.388059701492537,-35.11478233728764,,0,0
daily,1716,61,0.1,1.0,1.1367055526588565,-12.178433041524972,141,1.0539889128255577,21.98581560283688,-37.72677135925904,,0,0
daily,1717,38,0.06,2.0,1.0834553876401865,-3.8513972915577788,50,1.0625066857196501,22.0,-21.86392846168318,,0,0
daily,1718,99,0.02,2.0,1.0597537376121124,-2.1258264355404233,32,1.0702055569699565,21.875,-18.676179141927317,,0,0
daily,1719,79,0.02,1.0,1.0180498323440812,-5.629886880160628,68,1.0581083219568406,22.058823529411764,-30.45212542603075,,0,0
daily,1720,53,0.06,1.0,0.9811366623367679,-7.811984152020401,91,1.0553761497323229,21.978021978021978,-39.41686004173498,,0,0
daily,1721,2,0.02,2.5,0.9584080639704728,-1.240273186974683,22,1.0769511076351592,22.727272727272727,-15.879681619877939,70.95094875943656,0,1
daily,1722,99,0.1,1.0,0.8586706275518274,-12.50778701838221,142,1.0529252822816866,21.830985915492956,-37.94991217871101,,0,0
daily,1723,30,0.02,2.5,0.8557096045738177,-1.8334506880131052,27,1.069103182235434,22.22222222222222,-16.1703897210144,,0,0
daily,1724,65,0.1,1.0,0.814035309726302,-12.195570250177168,138,1.0528388484592286,21.73913043478261,-38.14353867132729,,0,0
daily,1725,0,0.04,1.5,0.8139840986068014,-5.2533796891735545,62,1.0571792732460337,22.580645161290324,-30.669121903390696,,0,0
daily,1726,76,0.02,1.0,0.7867608840422369,-3.6528058173971756,45,1.0598681411583595,22.22222222222222,-19.09927829396042,,0,0
daily,1727,98,0.02,2.0,0.7767870376059527,-2.400124146787086,32,1.0641416028036395,21.875,-13.22488823066239,,0,0
daily,1728,20,0.02,2.0,0.7678127305260185,-2.408878984532048,32,1.0643954813449028,21.875,-17.214667708396235,,0,0
daily,1729,50,0.06,1.0,0.6724161853671751,-8.736228196539708,98,1.0532803604277194,22.448979591836736,-28.952847247519532,35.878980526347284,0,1
daily,1730,53,0.06,2.5,0.6338765937365265,-2.5386705952165856,32,1.0611921328386749,21.875,-15.000993044746414,,0,0
daily,1731,38,0.06,1.5,0.5596312033210982,-5.964557554494975,67,1.0540288050061917,22.388059701492537,-29.562142030100034,,0,0
daily,1732,115,0.02,2.5,0.5022594662885904,-1.78521931786505,23,1.0627568180942157,21.73913043478261,-8.4578987701999,,0,0
daily,1733,3,0.02,2.0,0.49176732958697844,-2.579061267283056,31,1.059085356638369,22.580645161290324,-24.0589335168373,,0,0
daily,1734,19,0.02,1.5,0.48921357596942716,-4.321530243251271,49,1.055010809453277,22.448979591836736,-30.230318276595824,,0,0
daily,1735,25,0.02,2.0,0.4520443764643556,-2.714946156523601,32,1.0574230470493673,21.875,-15.403335410374497,,0,0
daily,1736,122,0.04,2.5,0.42873465851647197,-2.7375544816485187,32,1.057046009016719,21.875,-16.633863397387984,,0,0
daily,1737,34,0.04,1.0,0.3897908376511827,-6.685738150068598,73,1.0521031609201354,21.91780821917808,-30.275042617873094,52.07883337592128,0,1
daily,1738,91,0.02,1.0,0.3466239195502929,-3.5925905404966096,40,1.05431801233767,22.5,-25.884071509613438,,0,0
daily,1739,40,0.04,2.5,0.21228102654022862,-2.947387651704614,32,1.0525310072384757,21.875,-13.482514737026252,,0,0
daily,1740,35,0.02,1.5,0.2053338301274188,-3.7284754691441324,40,1.0521533025418415,22.5,-25.914562482510718,,0,0
daily,1741,121,0.04,1.5,0.1666315627220305,-5.484542792424463,58,1.0505118023029747,22.413793103448278,-29.17953911319825,,0,0
daily,1742,46,0.04,2.0,0.08092458755262211,-4.423866365559038,46,1.0492919747281155,21.73913043478261,-21.074575943177987,,0,0
daily,1743,111,0.02,2.5,0.048979660439818495,-2.2286136522475575,23,1.04954394893633,21.73913043478261,-13.187446675328019,,0,0
daily,1744,24,0.04,1.5,0.044895221297647225,-5.788217752231328,60,1.0487941786879416,21.666666666666668,-26.786189586525577,,0,0
daily,1745,40,0.02,1.5,0.042528776025774206,-4.460594868619372,46,1.048934637737321,21.73913043478261,-18.391317748681935,23.838877782178702,0,1
daily,1746,19,0.04,2.0,-0.0407892979393476,-3.676171286231855,37,1.0478955133627463,21.62162162162162,-21.201954078052076,,0,0
daily,1747,70,0.02,1.0,-0.11593282730946175,-5.46777833027523,55,1.0469517894462788,21.818181818181817,-19.877984977544607,,0,0
daily,1748,28,0.02,2.5,-0.13615860198117336,-2.4097206788208814,23,1.044293108257866,21.73913043478261,-13.940742031345144,,0,0
daily,1749,2,0.02,2.0,-0.19646601709210065,-2.468724676040468,23,1.0427597408177505,21.73913043478261,-14.843732011968601,,0,0
daily,1750,64,0.04,2.5,-0.2215481938392605,-3.367967842049502,32,1.0437768362754656,21.875,-15.219164535692375,,0,0
daily,1751,98,0.02,2.5,-0.2408069359230547,-2.512093094511203,23,1.041392297149354,21.73913043478261,-13.841306659321962,,0,0
daily,1752,44,0.02,1.5,-0.33694148057461515,-4.345703554725933,41,1.0430393140356233,21.951219512195124,-18.99210930589239,,0,0
daily,1753,11,0.02,1.5,-0.36426645722084094,-3.5063441857911437,32,1.0411464145269294,21.875,-19.960658205254276,56.06478757222002,0,1
daily,1754,118,0.02,2.0,-0.4982499531529294,-3.7326508011176873,33,1.0390076920542821,21.21212121212121,-15.564480526135515,,0,0
daily,1755,109,0.02,2.5,-0.5017906946209849,-2.76739929321822,23,1.0342245581551426,21.73913043478261,-14.92369774182144,,0,0
daily,1756,87,0.02,2.0,-0.5069211905259885,-3.257904516845156,28,1.0362017973801085,21.428571428571427,-14.565454429650938,,0,0
daily,1757,30,0.06,1.0,-0.5886132585177672,-10.150622192029179,101,1.0448010831125891,21.782178217821784,-25.95213666603078,,0,0
daily,1758,46,0.04,1.5,-0.630371977126909,-6.424749696984011,60,1.0414189333733224,21.666666666666668,-24.775416167789523,,0,0
daily,1759,56,0.06,1.5,-0.6498764469159424,-6.443134004686534,60,1.0412080530890961,21.666666666666668,-14.961938047963496,,0,0
daily,1760,34,0.02,2.0,-0.6679187191675151,-3.800712169890963,32,1.0349868115758114,21.875,-18.2126138217807,,0,0
daily,1761,126,0.04,2.0,-0.6718991430107679,-4.762849236917621,42,1.037690633661503,21.428571428571427,-18.29271931124532,11.637040021402377,0,1
daily,1762,122,0.1,2.0,-0.7885326713572227,-7.040318795114164,65,1.040057205645181,21.53846153846154,-29.110207668507194,,0,0
daily,1763,88,0.02,1.5,-0.8337184441208123,-4.918150020839929,42,1.0350624064198617,21.428571428571427,-16.397924028466825,,0,0
daily,1764,24,0.02,1.0,-0.8749814377890353,-5.337693053297421,46,1.0360590226044004,21.73913043478261,-22.640505360543195,,0,0
daily,1765,127,0.06,1.5,-0.9280579342440198,-7.542286715551549,69,1.0395297962073706,21.73913043478261,-29.784452288573636,,0,0
daily,1766,51,0.04,1.5,-0.9800180979666506,-6.661031073879409,59,1.0380062664732568,22.033898305084747,-26.512139490490505,,0,0
daily,1767,120,0.06,1.5,-1.005733258328012,-8.900773740582157,83,1.04024044098526,21.686746987951807,-29.12011747895121,,0,0
daily,1768,77,0.02,1.5,-1.216024040768171,-5.190292698023525,41,1.0295088126008836,21.951219512195124,-16.84114031961913,,0,0
daily,1769,109,0.02,1.5,-1.2850840257742968,-4.876383321264832,37,1.025782551596394,21.62162162162162,-19.34463462578305,21.84892599820314,0,1
daily,1770,16,0.04,1.0,-1.2900865491787372,-9.525875349183565,87,1.0388436999245685,21.839080459770116,-27.836529249171317,,0,0
daily,1771,108,0.04,2.0,-1.3457164155287527,-6.25811506075753,51,1.031008169464639,21.568627450980394,-29.771273903231176,,0,0
daily,1772,70,0.06,1.0,-1.3526984053698898,-10.841911244716629,101,1.0399214864120903,21.782178217821784,-37.6762471078001,,0,0
daily,1773,42,0.02,2.0,-1.477685781972804,-4.68112869340832,33,1.018646431582531,21.21212121212121,-23.809931135536456,,0,0
daily,1774,52,0.02,1.0,-1.5129809351008605,-6.510828457473217,52,1.0291546863978245,21.153846153846153,-24.263807174103302,,0,0
daily,1775,87,0.06,1.0,-1.5959372803898808,-11.239788724077627,103,1.038371711536845,21.359223300970875,-37.57363770406859,,0,0
daily,1776,81,0.04,2.0,-1.6956108170173234,-5.745399332839806,42,1.0220759896608231,21.428571428571427,-33.35399325228876,,0,0
daily,1777,109,0.04,2.5,-1.7580010480542918,-5.332559647627888,37,1.017725710500937,21.62162162162162,-16.793941897948763,58.995237627981155,0,1
daily,1778,95,0.04,2.0,-1.7919203798987482,-6.308004351962682,47,1.0230614883412785,21.27659574468085,-23.276460886302953,,0,0
daily,1779,91,0.02,2.5,-1.9250365019779059,-4.255489206269802,24,0.9961054942783866,20.833333333333332,-16.997131955702326,,0,0
daily,1780,10,0.06,2.0,-1.9496733355604756,-6.4586449303178695,47,1.020762972228546,21.27659574468085,-27.563291520938982,,0,0
daily,1781,10,0.04,1.5,-1.9617930937588457,-7.309260590170319,56,1.0251669042107225,21.428571428571427,-26.163703398760052,,0,0
daily,1782,103,0.04,1.5,-2.0399030908127225,-7.753456626563338,60,1.026516665187596,21.666666666666668,-23.232414690046255,,0,0
daily,1783,38,0.02,2.0,-2.1234912373953363,-5.211839182872968,32,1.0073224043343474,21.875,-14.633703361975925,,0,0
daily,1784,96,0.04,2.0,-2.1703713443305572,-6.669403142856556,47,1.0176801677373843,21.27659574468085,-20.179052193564072,,0,0
daily,1785,23,0.1,1.0,-2.4432583228645277,-14.60898133960492,133,1.0373754357164633,21.804511278195488,-33.20129029041482,247.07309155724508,0,1
daily,1786,42,0.02,2.5,-2.5118202083621366,-5.30410989457859,29,0.9909164145673105,20.689655172413794,-22.20935656327616,,0,0
daily,1787,120,0.02,2.0,-2.6004998641826482,-6.239057234065982,38,1.0030841324564668,21.05263157894737,-20.02206405613386,,0,0
daily,1788,32,0.04,2.5,-2.6018669812411854,-6.240410220399529,38,1.0036960141360516,21.05263157894737,-20.25900977320443,,0,0
daily,1789,13,0.06,1.0,-2.6040400895492977,-11.973964960661753,101,1.0315983304475347,21.782178217821784,-26.273639650691006,,0,0
daily,1790,114,0.04,1.5,-2.6072039394938518,-8.288190247835637,60,1.0203011959258719,21.666666666666668,-25.008119137443472,,0,0
daily,1791,73,0.06,1.0,-2.6280457513881417,-11.730908474424883,98,1.030946694617448,21.428571428571427,-39.104866792066005,,0,0
daily,1792,50,0.02,1.0,-2.638302294952788,-7.487655912413915,51,1.0157034498635904,21.568627450980394,-27.62565649572388,,0,0
daily,1793,66,0.06,1.0,-2.795739035598732,-12.58611752097324,106,1.0313065494069644,21.69811320754717,-42.095284951159215,145.90388332570967,0,1
daily,1794,99,0.04,1.0,-2.8028890574129606,-10.556436112662471,83,1.0273102819635944,21.686746987951807,-21.54313243237661,,0,0
daily,1795,18,0.04,1.5,-2.869556314467192,-8.99230585063554,65,1.0205285658756245,21.53846153846154,-29.292646085277507,,0,0
daily,1796,68,0.06,2.0,-2.8948719080335694,-8.28414140691336,57,1.0143763234243068,21.05263157894737,-23.20771265749142,,0,0
daily,1797,45,0.04,2.5,-3.0445757683423613,-6.666989840655225,38,0.9959264873574843,21.05263157894737,-15.174401755956113,,0,0
daily,1798,110,0.02,1.0,-3.052642619035595,-6.674752557273555,38,0.99558986635715,21.05263157894737,-23.81752511903287,,0,0
daily,1799,12,0.02,1.5,-3.056970764839917,-6.210608126885053,33,0.9886191962387875,21.21212121212121,-20.247905051482572,,0,0
daily,1800,51,0.1,1.5,-3.101201091192707,-11.276351808529594,88,1.0253261546617474,21.59090909090909,-32.24919813705064,,0,0
daily,1801,120,0.02,1.0,-3.1072677787445713,-7.933641940308956,51,1.0090201684788358,21.568627450980394,-23.27536488702824,25.715946909450782,0,1
daily,1802,121,0.06,1.0,-3.1981570788270353,-12.16044142625492,97,1.0273935961514864,21.649484536082475,-28.706430511786518,,0,0
daily,1803,117,0.06,1.5,-3.2156679785180553,-10.13033107924488,74,1.020126425762543,21.62162162162162,-26.081192847631485,,0,0
daily,1804,2,0.02,1.0,-3.2166862494508064,-6.458934010380557,34,0.9860909708111955,20.58823529411765,-19.237347776229473,,0,0
daily,1805,2,0.02,1.5,-3.217334528229099,-6.365914848331422,33,0.9856730657817079,21.21212121212121,-17.052698123577393,,0,0
daily,1806,70,0.02,2.5,-3.2190361412071544,-6.461171061665738,34,0.9851851851851853,20.58823529411765,-16.20043702433025,,0,0
daily,1807,82,0.02,2.5,-3.2275742655019313,-5.149173943348195,20,0.9425957327007604,20.0,-17.465298237839953,,0,0
daily,1808,120,0.06,1.0,-3.22891714774336,-12.626768208648953,102,1.0276163996911472,21.568627450980394,-36.568275680586524,,0,0
daily,1809,61,0.1,1.5,-3.299836590204963,-11.103049883177029,84,1.0224629140715282,21.428571428571427,-30.75305808339718,31.189399610844927,0,1
daily,1810,122,0.02,2.0,-3.3098853166928843,-6.922657121438092,38,0.9917623630294131,21.05263157894737,-19.942744899796693,,0,0
daily,1811,94,0.02,2.0,-3.331040888370751,-6.569547756184136,34,0.9834471387752448,20.58823529411765,-20.7444122649852,,0,0
daily,1812,99,0.04,1.5,-3.474096830424944,-9.559211179580906,65,1.013650565358485,21.53846153846154,-26.337735393908034,,0,0
daily,1813,28,0.04,1.5,-3.4773352724430495,-8.652280823748903,55,1.0083300919656406,21.818181818181817,-21.720151251106646,,0,0
daily,1814,84,0.02,1.5,-3.49663676327715,-6.729761291957825,34,0.980455696640364,20.58823529411765,-26.946912305005245,,0,0
daily,1815,100,0.04,2.0,-3.5381367143944242,-7.6062562377932625,43,0.9940431436179866,20.930232558139537,-19.85085785932298,,0,0
daily,1816,75,0.04,2.0,-3.5517721531832747,-7.619328420263427,43,0.9938108076935479,20.930232558139537,-20.399684611436797,,0,0
daily,1817,60,0.04,2.5,-3.564904373351019,-6.795793857058152,34,0.9788293956876879,20.58823529411765,-25.371551059078634,20.51027270439143,0,1
daily,1818,44,0.04,2.5,-3.658295183465976,-6.886148528500358,34,0.9771361971301262,20.58823529411765,-21.68434525118116,,0,0
daily,1819,5,0.02,1.0,-3.6931126686266302,-7.662532167226344,42,0.9920775944743669,21.428571428571427,-24.78485904654,,0,0
daily,1820,60,0.04,1.0,-3.6983481604538904,-10.220101602090558,70,1.0138763673154063,21.428571428571427,-32.82310908820134,,0,0
daily,1821,111,0.06,1.5,-3.798957795949287,-10.672508971242845,74,1.0151625914034133,21.62162162162162,-31.851764115988434,,0,0
daily,1822,95,0.04,1.5,-3.820573237180469,-9.159384881517985,57,1.0042798248796114,21.05263157894737,-25.932073791189445,,0,0
daily,1823,17,0.02,2.5,-3.8547190022803157,-6.235036148608208,25,0.9465052477658287,20.0,-13.971132361605754,,0,0
daily,1824,32,0.02,2.0,-3.8751328905843763,-6.254965028141147,25,0.946016213074387,20.0,-23.22994249672292,,0,0
daily,1825,33,0.02,1.5,-3.9177845278765555,-7.1371995848022785,34,0.9724103483049898,20.58823529411765,-23.682875698439688,16.250972083138038,0,1
daily,1826,6,0.02,1.5,-3.9297557852803533,-7.981768517531707,43,0.9888015759736598,20.930232558139537,-15.548463158997983,,0,0
daily,1827,78,0.02,1.5,-4.063267363761625,-8.109746327153822,43,0.9862567179752104,20.930232558139537,-20.126457863059432,,0,0
daily,1828,111,0.06,2.0,-4.077757302662488,-8.947853257719029,52,0.9969357431227671,21.153846153846153,-23.780101663461352,,0,0
daily,1829,69,0.06,1.0,-4.157421783704085,-12.944747632101938,96,1.0212324415940803,21.875,-35.17781365990891,,0,0
daily,1830,103,0.04,2.0,-4.207803074579342,-8.706473893817023,48,0.9901751019711998,20.833333333333332,-18.292719311245342,,0,0
daily,1831,22,0.04,2.0,-4.399118906777644,-8.889016737146182,48,0.9880920707048716,20.833333333333332,-20.469513864019927,,0,0
daily,1832,47,0.06,1.5,-4.42018440784463,-10.5360940288733,66,1.0042553444386837,21.21212121212121,-32.71545739467805,,0,0
daily,1833,106,0.04,1.5,-4.42610338774565,-10.092694445038951,61,1.000910200221764,21.311475409836067,-28.331966182705337,43.508031940189575,0,1
daily,1834,59,0.1,2.0,-4.432716472161835,-9.375855448103565,53,0.9927893185323271,20.754716981132077,-18.31999040027683,,0,0
daily,1835,90,0.02,1.5,-4.585269151394112,-8.24344172844793,39,0.9704481064916316,20.512820512820515,-24.73455850080619,,0,0
daily,1836,115,0.06,1.0,-4.594478373912225,-14.291116694661143,107,1.0203127531422291,21.49532710280374,-36.24554680313291,,0,0
daily,1837,33,0.1,1.0,-4.655577781719444,-16.463638432410654,132,1.0258492447132452,21.96969696969697,-40.2274364137853,,0,0
daily,1838,79,0.1,1.0,-4.6754438067988735,-17.31303808784077,142,1.0270476162511608,21.830985915492956,-33.908656642239286,,0,0
daily,1839,44,0.02,2.5,-4.680297449047632,-7.505167830555415,30,0.9451384896323701,20.0,-15.791206618764097,,0,0
daily,1840,79,0.02,1.5,-4.696869116119496,-9.626586755656753,53,0.9894089809507216,20.754716981132077,-25.852079294552254,,0,0
daily,1841,58,0.04,2.0,-4.7227403423516385,-8.833282348622673,44,0.97640704826796,20.454545454545453,-28.381767581603878,56.760357424811716,0,1
daily,1842,12,0.04,1.0,-4.740839049588475,-12.341475536114144,83,1.0115501994577438,21.686746987951807,-29.728417631505046,,0,0
daily,1843,37,0.04,1.5,-4.748513950463396,-10.306667805069003,60,0.9982655155185938,21.666666666666668,-27.639022438211335,,0,0
daily,1844,40,0.02,2.0,-4.866375101002407,-8.514063068147593,39,0.9663964500669573,20.512820512820515,-17.606519988555604,,0,0
daily,1845,65,0.02,1.0,-4.886139452297256,-8.16602122510327,35,0.9563696916608442,20.0,-28.424651498735408,,0,0
daily,1846,101,0.04,2.5,-4.890450890794485,-8.537224499573615,39,0.9656462840081667,20.512820512820515,-17.60790730313847,,0,0
daily,1847,78,0.02,2.0,-5.032996198212714,-8.307945416840045,35,0.9534213310479229,20.0,-13.846386606191007,,0,0
daily,1848,92,0.02,2.0,-5.070608756886463,-8.7106654033418,39,0.9631496893608945,20.512820512820515,-20.632253862207683,,0,0
daily,1849,40,0.02,2.5,-5.103560627402482,-8.376119745950794,35,0.9513986430625092,20.0,-13.309242926646336,21.741713376514426,0,1
daily,1850,91,0.04,1.0,-5.147918813060914,-11.5729180614758,70,1.0011370480440704,21.428571428571427,-26.858133732358414,,0,0
daily,1851,66,0.04,2.0,-5.298014827696407,-8.929562859560003,39,0.9592680539092737,20.512820512820515,-21.889725021276185,,0,0
daily,1852,55,0.06,1.0,-5.384799728849288,-15.001809998582727,107,1.015348291926965,21.49532710280374,-38.093794630796666,,0,0
daily,1853,28,0.04,2.0,-5.411449158363846,-9.038757450900704,39,0.9574772750654309,20.512820512820515,-19.13849089386952,,0,0
daily,1854,32,0.04,2.0,-5.46405844871285,-9.543351211902152,44,0.9661014933784521,20.454545454545453,-22.720960899058852,,0,0
daily,1855,74,0.02,1.0,-5.584495377885035,-9.205347201369419,39,0.9549282070667382,20.512820512820515,-14.923697741821396,,0,0
daily,1856,77,0.02,2.0,-5.607267986481523,-8.862936119069198,35,0.9421228970986361,20.0,-14.92369774182144,,0,0
daily,1857,56,0.1,1.5,-5.750086036656565,-13.010080864950968,80,1.0008308777400965,21.25,-30.700887297773072,48.9219978231505,0,1
daily,1858,22,0.1,2.0,-5.758951515636335,-11.878641273723344,67,0.990957375619319,20.895522388059703,-32.285786951854845,,0,0
daily,1859,51,0.04,2.5,-5.802046815699868,-9.05118952620041,35,0.938770319199926,20.0,-25.354797541636064,,0,0
daily,1860,121,0.04,2.0,-5.872403869339326,-10.384186077668623,49,0.9681369844166696,20.408163265306122,-25.967465515487774,,0,0
daily,1861,108,0.04,1.5,-5.873361658727283,-11.544077995382295,62,0.9861594616860605,20.967741935483872,-33.25028960559659,,0,0
daily,1862,78,0.02,2.5,-5.894636110695572,-8.318215162902586,26,0.89900000326918,19.23076923076923,-10.079345924797112,,0,0
daily,1863,9,0.02,1.5,-5.9100528416993425,-9.155587132993325,35,0.937252923906666,20.0,-19.88516937132141,,0,0
daily,1864,103,0.04,1.0,-6.019339413739122,-13.258872980204817,80,0.9989029679095291,21.25,-39.00541896696138,,0,0
daily,1865,115,0.1,1.0,-6.055947448950583,-18.184675207306878,138,1.0197358285079874,21.73913043478261,-37.05594587850626,51.62697427895551,0,1
daily,1866,47,0.04,2.0,-6.088704923479893,-10.141645070185568,44,0.9571358659780171,20.454545454545453,-16.239147732421756,,0,0
daily,1867,77,0.06,2.0,-6.208843308316614,-10.704827215128777,49,0.9638569332596381,20.408163265306122,-31.76064913738793,,0,0
daily,1868,119,0.02,2.5,-6.233844865038696,-8.649025202012318,26,0.8915419783093786,19.23076923076923,-14.112703362037859,,0,0
daily,1869,58,0.1,1.5,-6.35026534860711,-14.082185417034365,86,0.998649906939937,20.930232558139537,-32.38983244043177,,0,0
daily,1870,36,0.02,2.5,-6.3874134917247805,-9.254184086753925,31,0.9112135011196746,19.35483870967742,-18.526265521638173,,0,0
daily,1871,34,0.02,1.0,-6.442503437937363,-10.480518607106736,44,0.9521903729734784,20.454545454545453,-19.757434016860355,,0,0
daily,1872,75,0.04,1.0,-6.481860297194042,-13.599889534860587,79,0.9960197890719357,21.518987341772153,-37.444710048708686,,0,0
daily,1873,56,0.1,2.0,-6.503408872374705,-12.224669972723845,63,0.9803374616582706,20.634920634920636,-27.80367104210405,44.85629089761738,0,1
daily,1874,13,0.04,1.0,-6.646224740541518,-13.83806164562259,80,0.9939149580273255,21.25,-24.69367958269576,,0,0
daily,1875,73,0.1,1.0,-6.7963993980934,-17.51919341204794,122,1.0111415828252477,21.311475409836067,-39.13875017064791,,0,0
daily,1876,36,0.02,2.0,-6.804641277152368,-10.020190460781064,35,0.9218018706724854,20.0,-22.861786410441276,,0,0
daily,1877,65,0.02,2.5,-6.858878713195149,-8.894386440161817,22,0.8436045892644408,18.181818181818183,-13.234804042572435,,0,0
daily,1878,117,0.04,2.0,-6.865605534083774,-10.885792830785313,44,0.9468201908768183,20.454545454545453,-24.201945522814803,,0,0
daily,1879,82,0.02,1.5,-6.9401513248165125,-9.3378672506364,26,0.8777343274731759,19.23076923076923,-23.097761073989588,,0,0
daily,1880,73,0.04,1.0,-6.978670160953849,-14.659388967761044,86,0.994757430558647,20.930232558139537,-23.243819249621424,,0,0
daily,1881,70,0.04,1.0,-7.209205382091188,-15.296190583255765,91,0.9958085707637316,20.87912087912088,-28.142937349918828,17.065796867205975,0,1
daily,1882,127,0.06,1.0,-7.25059279341348,-15.588093831191019,94,0.9984042800784846,21.27659574468085,-33.30501736014465,,0,0
daily,1883,105,0.02,1.5,-7.300300029502205,-11.302138193943689,44,0.940624734192421,20.454545454545453,-21.147577931330197,,0,0
daily,1884,67,0.06,1.0,-7.40567550762724,-16.150049538557575,99,0.9986533982784979,21.21212121212121,-45.33590215559637,,0,0
daily,1885,1,0.02,2.5,-7.642720523784896,-10.11296101945971,27,0.8611475645727067,18.51851851851852,-14.599092736430597,,0,0
daily,1886,100,0.04,1.0,-7.735799942001853,-14.502945572203584,76,0.9814552809648686,21.05263157894737,-15.58041049723724,,0,0
daily,1887,32,0.04,1.0,-7.771697980975956,-15.048021042385518,82,0.98479076693239,20.73170731707317,-38.527775983449466,,0,0
daily,1888,105,0.06,1.5,-7.8048833145616054,-14.652407864622575,77,0.9803434235323438,20.77922077922078,-45.05104417557494,,0,0
daily,1889,0,0.02,2.5,-7.818135052896091,-10.283861942537065,27,0.8577688438543697,18.51851851851852,-13.905905909137461,16.358297567896752,0,1
daily,1890,77,0.06,1.5,-7.991014486624093,-14.483068014937938,73,0.9747954471935611,20.54794520547945,-26.67102909988288,,0,0
daily,1891,47,0.04,1.0,-7.991449987168087,-14.397858651458751,72,0.9745376231842388,20.833333333333332,-26.950295029889382,,0,0
daily,1892,56,0.02,1.0,-8.239200415479885,-11.937171244929301,41,0.9145544602065833,19.51219512195122,-17.360769893270344,,0,0
daily,1893,119,0.02,2.0,-8.249833486162306,-11.150321268883367,32,0.8766638691876186,18.75,-16.917113484560186,,0,0
daily,1894,76,0.04,1.5,-8.375955521817069,-14.070388781336584,64,0.9611725103033621,20.3125,-30.103509405430007,,0,0
daily,1895,0,0.06,1.0,-8.413403030729661,-17.063537333644273,99,0.992010345759801,21.21212121212121,-34.742868855181364,,0,0
daily,1896,13,0.04,2.5,-8.494725798388503,-11.387718804506196,32,0.8725359591650853,18.75,-23.876819659043825,,0,0
daily,1897,113,0.06,1.0,-8.504932274538868,-17.560273059095287,104,0.994228194325989,21.153846153846153,-38.83353864059779,76.56242637438453,0,1
daily,1898,92,0.02,2.5,-8.519835094194894,-11.41205502454261,32,0.8718712371683655,18.75,-17.385420583019318,,0,0
daily,1899,101,0.04,1.0,-8.538400774557198,-15.417035546401891,78,0.9770612350721939,20.512820512820515,-38.80562893300276,,0,0
daily,1900,125,0.02,1.0,-8.54475267464283,-13.365773988286678,54,0.9438636130040418,20.37037037037037,-29.120561792944287,,0,0
daily,1901,53,0.04,1.0,-8.598817138439985,-14.536785913366689,67,0.9642287616358474,20.895522388059703,-32.509779259457474,,0,0
daily,1902,75,0.1,1.5,-8.606390611714875,-16.572781266957893,91,0.9846489604698021,20.87912087912088,-33.329679195107566,,0,0
daily,1903,8,0.02,2.0,-8.703034633536866,-11.58966327117178,32,0.8695840045317585,18.75,-17.297028898016432,,0,0
daily,1904,0,0.04,2.0,-8.859545413242586,-12.969864546010845,46,0.9191532536451877,19.565217391304348,-27.91638271206033,,0,0
daily,1905,4,0.04,2.0,-9.07504039181537,-12.38990565918272,37,0.8840586938888311,18.91891891891892,-22.123957133868988,40.037110477913984,0,1
daily,1906,4,0.02,1.0,-9.120191839265823,-13.13222907864937,45,0.9177199781785831,20.0,-33.72966808382466,,0,0
daily,1907,109,0.02,2.0,-9.20746605923407,-11.725767583143176,28,0.8311232528582727,17.857142857142858,-20.03567818202352,,0,0
daily,1908,101,0.04,2.0,-9.232694406780917,-13.32655910541809,46,0.9145166336579139,19.565217391304348,-27.58664479744367,,0,0
daily,1909,25,0.02,1.0,-9.42853605780397,-13.94568727969916,51,0.9257964642365516,19.607843137254903,-23.076219947432897,,0,0
daily,1910,105,0.02,2.5,-9.595111135069178,-12.454392243674805,32,0.8527588691257456,18.75,-21.427392653261123,,0,0
daily,1911,77,0.04,2.0,-9.680426362487404,-14.185227065157246,51,0.9219689400840261,19.607843137254903,-24.891035541761052,,0,0
daily,1912,76,0.04,1.0,-9.73702775557208,-17.27527554136169,87,0.9733595798109063,20.689655172413794,-26.006013612496805,,0,0
daily,1913,16,0.02,1.5,-9.923834946455889,-12.685778766931922,31,0.8481382433086287,19.35483870967742,-10.857273101190657,29.043827078723506,0,1
daily,1914,90,0.06,1.5,-10.016019916908514,-15.525602198064414,63,0.9446278693348349,20.634920634920636,-31.91669765432328,,0,0
daily,1915,84,0.02,2.0,-10.04120009384245,-12.53717725781115,28,0.8133532377294768,17.857142857142858,-22.592593166870568,,0,0
daily,1916,58,0.1,1.0,-10.058027501761336,-21.043626213259646,130,0.9977956615795553,21.53846153846154,-47.096452502939144,,0,0
daily,1917,47,0.1,2.0,-10.063715586897937,-15.739157500275002,65,0.9438915660510698,20.0,-24.73902117863013,,0,0
daily,1918,8,0.04,1.5,-10.189997504209602,-15.773347461217458,64,0.9421989443581136,20.3125,-19.571394846497835,,0,0
daily,1919,49,0.1,1.0,-10.476756100250451,-21.6470716092941,133,0.9954557004121221,21.05263157894737,-44.83472568905108,,0,0
daily,1920,3,0.04,1.5,-10.542181867777945,-15.429182116509455,56,0.9210668899378626,19.642857142857142,-20.64859200243603,,0,0
daily,1921,88,0.04,1.5,-10.613700651632174,-15.834657136475416,60,0.9296705803860147,20.0,-19.192980462623012,47.50346269493899,0,1
daily,1922,92,0.02,1.5,-10.698547088893829,-14.727759980974076,46,0.8966568024529342,19.565217391304348,-22.599129934514252,,0,0
daily,1923,74,0.04,2.0,-10.752882961166065,-14.437599455531968,42,0.8778766295177339,19.047619047619047,-30.674508190971682,,0,0
daily,1924,69,0.02,1.0,-10.889772669475006,-15.250675083834864,50,0.9071574586208506,20.0,-25.130040999511383,,0,0
daily,1925,101,0.04,1.5,-10.926526485464294,-16.129552209692623,60,0.92718792264554,20.0,-39.3168805975036,,0,0
daily,1926,36,0.06,1.0,-10.934472578013777,-20.550996277624055,114,0.9844700614763363,21.05263157894737,-36.355877944158166,,0,0
daily,1927,112,0.02,1.5,-10.943500482485923,-13.761476378304959,32,0.8301877051758573,18.75,-18.90812709730052,,0,0
daily,1928,101,0.02,1.5,-10.971062675113686,-14.903139174770763,45,0.8923124018788987,20.0,-22.254741445419146,,0,0
daily,1929,126,0.04,1.5,-10.982918587293167,-16.266504718236764,61,0.9265826540268728,19.672131147540984,-21.829274132195764,13.67478355156746,0,1
daily,1930,2,0.04,2.0,-11.144358158514134,-15.238654086558212,47,0.8888873512750498,19.148936170212767,-28.625954699249455,,0,0
daily,1931,16,0.02,2.0,-11.184825530422449,-13.736529877803916,29,0.7916666666666662,17.24137931034483,-13.402336096747469,,0,0
daily,1932,18,0.04,2.0,-11.265116986494172,-15.354010730794565,47,0.888768746311581,19.148936170212767,-21.860454513008566,,0,0
daily,1933,45,0.04,2.0,-11.437894992342923,-15.518989286973973,47,0.8863682055411617,19.148936170212767,-18.357979267984113,,0,0
daily,1934,111,0.04,1.0,-11.493457448183332,-17.8240209012814,74,0.9461099036866254,20.27027027027027,-31.388148908094593,,0,0
daily,1935,106,0.1,1.0,-11.502780649263888,-22.07929615845502,127,0.9876867250290285,21.25984251968504,-46.51664835605702,,0,0
daily,1936,47,0.02,1.0,-11.5425494443131,-15.95620958363676,51,0.8981824467733373,19.607843137254903,-26.68411434638841,,0,0
daily,1937,79,0.06,1.0,-11.567238461798791,-20.002446372002535,100,0.971331849310334,21.0,-29.78872002853372,80.52809924132174,0,1
daily,1938,8,0.02,1.5,-11.65096063740949,-15.384157677287503,43,0.8653737577460084,18.6046511627907,-23.929377919735185,,0,0
daily,1939,84,0.02,1.0,-11.657169904675834,-14.965520244677554,38,0.8448778910974731,18.42105263157895,-25.729210125556634,,0,0
daily,1940,30,0.06,1.5,-11.72449141184343,-17.296721778417467,65,0.9280414371441847,20.0,-28.19593098445522,,0,0
daily,1941,39,0.02,1.0,-11.861345426635728,-15.585854341397877,43,0.8623379136909276,18.6046511627907,-16.760250786720288,,0,0
daily,1942,47,0.1,1.0,-11.931139221079846,-24.449263001677735,153,0.9949181731023451,20.915032679738562,-48.49216440423252,,0,0
daily,1943,11,0.04,1.5,-11.964560626814846,-16.441186517238414,52,0.89288900293853,19.23076923076923,-27.08988499133522,,0,0
daily,1944,13,0.04,2.0,-12.036415918152866,-15.753698372330426,43,0.8599676780232137,18.6046511627907,-32.64345367935135,,0,0
daily,1945,114,0.02,2.0,-12.056066646542718,-14.583602447203358,29,0.7760923105864664,17.24137931034483,-21.90221918230416,14.12961072627179,0,1
daily,1946,92,0.06,1.5,-12.121355297253377,-18.079975140670403,70,0.93123386494616,20.0,-33.027968772083206,,0,0
daily,1947,105,0.02,2.0,-12.15731690664551,-15.10805774978593,34,0.8094023647020895,17.647058823529413,-20.794331155604883,,0,0
daily,1948,1,0.06,1.5,-12.324573762102853,-18.26959408175497,70,0.9292283540886025,20.0,-39.481156921251944,,0,0
daily,1949,80,0.04,1.5,-12.436376635072188,-17.30447481014337,57,0.9002536469655366,19.29824561403509,-30.698493523139447,,0,0
daily,1950,63,0.1,1.5,-12.618568697991407,-20.63718153276527,96,0.9603126685606277,20.833333333333332,-32.63006227837468,,0,0
daily,1951,66,0.04,1.0,-12.719022653690349,-18.31122387387385,66,0.9194987478976596,19.696969696969695,-30.452499542511248,,0,0
daily,1952,70,0.02,2.0,-12.72935618810822,-16.082584020062264,39,0.8288726937020728,17.94871794871795,-22.59309950951409,,0,0
daily,1953,53,0.06,1.5,-12.830484671466236,-18.00615563897132,61,0.907411474404272,19.672131147540984,-27.908637779533997,44.9721079563046,0,1
daily,1954,66,0.02,1.0,-12.940293963403438,-16.62027353481098,43,0.8483922756678179,18.6046511627907,-30.138561497075667,,0,0
daily,1955,64,0.06,1.5,-13.106002663487137,-18.99882228710488,70,0.9229897107068862,20.0,-18.364760952197535,,0,0
daily,1956,36,0.02,1.5,-13.130128189771339,-16.384777131983906,38,0.8238921547712561,18.42105263157895,-19.95247042703099,,0,0
daily,1957,77,0.06,1.0,-13.13642684721934,-21.10798872780838,96,0.956691901020215,20.833333333333332,-31.0071896872115,,0,0
daily,1958,84,0.04,1.5,-13.202053532621283,-18.35599277885781,61,0.9030095169712041,19.672131147540984,-39.1562467010456,,0,0
daily,1959,40,0.02,1.0,-13.474348702528626,-18.285737041577388,57,0.889030096603786,19.29824561403509,-25.885422076973907,,0,0
daily,1960,25,0.02,1.5,-13.491325445406376,-16.816025024911653,39,0.818069161437258,17.94871794871795,-23.105113525758615,,0,0
daily,1961,101,0.02,1.0,-13.538107249217878,-17.93625064592519,52,0.8752152662314598,19.23076923076923,-35.84624437725592,54.20772786991117,0,1
daily,1962,8,0.02,2.5,-13.689950036093201,-16.255943561425713,30,0.7477146437601065,16.666666666666668,-21.78895298061271,,0,0
daily,1963,57,0.02,1.0,-13.706107206574059,-17.437107802836003,44,0.8389110188664425,18.181818181818183,-23.60845427933711,,0,0
daily,1964,118,0.02,1.0,-13.708776085221386,-18.180299612960894,53,0.8736438629500984,18.867924528301888,-22.062224709334643,,0,0
daily,1965,19,0.02,1.0,-13.710321089787392,-18.91571082741924,62,0.8976644259525456,19.35483870967742,-35.870835904061835,,0,0
daily,1966,55,0.02,1.0,-13.880684349259099,-18.7512006750832,58,0.8851200295162227,18.96551724137931,-36.166588987702966,,0,0
daily,1967,112,0.02,2.0,-13.917682004536026,-16.477142586524163,30,0.7447601224957646,16.666666666666668,-19.241638689698892,,0,0
daily,1968,83,0.06,1.0,-14.024371927354263,-21.993346291907734,97,0.9507234040971462,20.61855670103093,-29.253125136161362,,0,0
daily,1969,65,0.02,2.0,-14.100950499840915,-16.320621703611625,26,0.6900797281271797,15.384615384615385,-15.180079738796737,35.17303217541563,0,1
daily,1970,49,0.02,1.5,-14.121385496842098,-17.752580905357284,43,0.8323895097669022,18.6046511627907,-31.76954499268564,,0,0
daily,1971,25,0.06,1.0,-14.383992807950541,-22.86240796779587,104,0.9533950962457002,20.192307692307693,-47.608424833902106,,0,0
daily,1972,32,0.1,1.0,-14.40164038016759,-25.160487820372,134,0.9749067574496845,20.895522388059703,-45.50700297487538,,0,0
daily,1973,126,0.04,1.0,-14.734215498228698,-20.99405170831662,76,0.9155273999644423,19.736842105263158,-23.102572036209256,,0,0
daily,1974,1,0.04,1.0,-14.890559001297776,-21.76838365516378,84,0.9295353071370435,20.238095238095237,-40.60021553140213,,0,0
daily,1975,70,0.02,1.5,-15.047622659316396,-19.127740108662493,49,0.8405037909411195,18.367346938775512,-27.749222806016014,,0,0
daily,1976,51,0.04,1.0,-15.078061952982901,-21.31299752589737,76,0.9129882675214631,19.736842105263158,-28.209628741655337,,0,0
daily,1977,102,0.04,1.0,-15.198734198493336,-21.030617349633296,71,0.9037576123441134,19.718309859154928,-32.41536951629941,43.52205202152215,0,1
daily,1978,116,0.02,1.0,-15.30505124408319,-18.643254880945015,40,0.7940519065098365,17.5,-22.082348387599172,,0,0
daily,1979,107,0.04,1.5,-15.314992876337197,-19.70480760120996,53,0.8548837480835701,18.867924528301888,-24.322423877776057,,0,0
daily,1980,17,0.02,2.0,-15.481418205981079,-18.077895401423206,31,0.7183732481228711,16.129032258064516,-23.412316671485655,,0,0
daily,1981,35,0.02,1.0,-15.70742273684571,-19.99737165765316,52,0.8529776970174172,19.23076923076923,-27.401209712566665,,0,0
daily,1982,77,0.06,2.5,-15.732540937825268,-19.054274457542817,40,0.7859781465576728,17.5,-25.337127111366755,,0,0
daily,1983,64,0.02,2.5,-15.8420024825636,-18.427769848931142,31,0.7135257919251151,16.129032258064516,-17.256760087392088,,0,0
daily,1984,117,0.04,1.5,-15.881014354798484,-20.719617340391437,59,0.8629548215041778,18.64406779661017,-27.840258919605553,,0,0
daily,1985,44,0.06,1.0,-15.902321069008984,-24.98649101879533,114,0.9511768014568953,20.17543859649123,-43.29087576259857,87.60646854083343,0,1
daily,1986,76,0.04,2.0,-16.072375620376754,-20.184153037005757,50,0.8285709956222774,18.0,-27.863355117290535,,0,0
daily,1987,49,0.02,2.0,-16.16255713649507,-19.144542061701074,36,0.7482377684843353,16.666666666666668,-26.494856548741673,,0,0
daily,1988,75,0.04,1.5,-16.181032108945082,-21.31847961310209,63,0.8736022153079398,19.047619047619047,-29.603440034017105,,0,0
daily,1989,113,0.06,2.0,-16.308820273944857,-20.806691370538744,55,0.8446665982114209,18.181818181818183,-24.626977950724893,,0,0
daily,1990,84,0.04,2.0,-16.437394786437864,-20.531665231750896,50,0.8252611640064323,18.0,-25.831309739066512,,0,0
daily,1991,53,0.04,2.0,-16.47402726295104,-19.847470383917564,41,0.7757893586607532,17.073170731707318,-28.76285577298384,,0,0
daily,1992,111,0.02,2.0,-16.70922420046982,-18.945174014036724,27,0.6456853373480592,14.814814814814815,-23.41846777329042,,0,0
daily,1993,13,0.04,1.5,-16.783780875100163,-21.884868256020095,63,0.8678696513426363,19.047619047619047,-33.60316107217329,84.54085061106665,0,1
daily,1994,96,0.1,1.0,-17.10650214368412,-27.38236864065412,132,0.9585207295568943,20.454545454545453,-46.23262492091803,,0,0
daily,1995,2,0.04,1.0,-17.130074947948636,-24.057155676318654,87,0.9109855590762784,19.54022988505747,-35.63604866338551,,0,0
daily,1996,49,0.04,1.0,-17.19219056696948,-23.273891974295545,76,0.8953328743301049,19.736842105263158,-31.41467117861303,,0,0
daily,1997,90,0.04,1.0,-17.44859838082442,-23.664584182861624,78,0.8932541140720632,19.23076923076923,-28.464488653376698,,0,0
daily,1998,2,0.04,1.5,-17.472377034723273,-22.22099292621217,59,0.8475698734755592,18.64406779661017,-29.647598886978866,,0,0
daily,1999,82,0.02,2.0,-17.644889709903744,-19.53499012345209,23,0.5570625804798515,13.043478260869565,-22.88094348603501,,0,0
daily,2000,96,0.04,1.5,-17.752628089212074,-22.5628714803635,60,0.844190232361987,18.333333333333332,-33.67946421728208,,0,0
daily,2001,98,0.02,1.0,-18.600954229539447,-22.20281507565781,45,0.7766054711041677,17.77777777777778,-33.27234132950787,36.25316320619532,0,1
daily,2002,22,0.1,1.5,-18.987795112105477,-26.721448917222943,100,0.917586038783993,20.0,-40.592640821288875,,0,0
daily,2003,64,0.02,2.0,-19.16712307285968,-21.81052379684222,33,0.6631166133728901,15.151515151515152,-20.7114390615321,,0,0
daily,2004,53,0.06,2.0,-19.284499217151897,-22.70197059408202,43,0.7414419268363394,16.27906976744186,-22.682397658589093,,0,0
daily,2005,0,0.02,1.0,-19.35703524905774,-22.926236279883373,45,0.7703120863609715,17.77777777777778,-32.6699739976626,,0,0
daily,2006,38,0.04,1.0,-19.810014473361846,-26.368162826228758,85,0.884264823579259,18.823529411764707,-40.382745991372914,,0,0
daily,2007,32,0.02,1.0,-19.87232255790673,-22.57085269686453,34,0.6540992635240316,14.705882352941176,-24.50279305037516,,0,0
daily,2008,18,0.04,1.0,-19.92164180941697,-26.39715745965232,84,0.8829698144011157,19.047619047619047,-36.81456666919719,,0,0
daily,2009,63,0.04,1.5,-20.014810721220478,-24.468248662461633,57,0.8040377471398722,17.54385964912281,-29.009479650221394,36.890514419664996,0,1
daily,2010,34,0.02,1.5,-20.373287623851834,-23.592997787124116,41,0.72640883321348,17.073170731707318,-25.671325989797854,,0,0
daily,2011,17,0.02,1.0,-20.93407192867145,-24.58595346324377,47,0.7486670056498617,17.02127659574468,-34.26269330185557,,0,0
daily,2012,8,0.04,1.0,-21.78953038111868,-27.97174576004602,82,0.8674258195402733,19.51219512195122,-35.867872382875,,0,0
daily,2013,100,0.04,1.5,-22.289080091734636,-26.691433923149777,58,0.7812574268664132,17.24137931034483,-25.837298945060727,,0,0
daily,2014,16,0.02,1.0,-22.427499637899263,-25.41675125030326,39,0.6647203052514338,15.384615384615385,-23.402024429113645,,0,0
daily,2015,112,0.02,2.5,-22.801985052290508,-24.804700665717395,26,0.48147813140279794,11.538461538461538,-23.771805272702473,,0,0
daily,2016,50,0.1,1.0,-22.934558472697443,-33.565643744585294,148,0.9380378197634966,20.27027027027027,-58.9637479642701,,0,0
daily,2017,1,0.06,1.0,-23.19069938120173,-31.081019279315537,108,0.897050447915396,19.444444444444443,-51.48402006497166,45.74900109163546,0,1
daily,2018,109,0.02,1.0,-23.307945293643872,-26.63232483155834,44,0.6923674564433978,15.909090909090908,-28.36727514407351,,0,0
daily,2019,49,0.02,2.5,-23.443457942089907,-25.504720561728888,27,0.47369817966764616,11.11111111111111,-32.04967411643581,,0,0
daily,2020,55,0.06,1.5,-23.701821274986212,-29.663987206342203,81,0.8412943444581137,18.51851851851852,-39.1513581169871,,0,0
daily,2021,47,0.1,1.5,-24.277886497149026,-31.16722573556373,95,0.8662533889358364,18.94736842105263,-38.28148045350282,,0,0
daily,2022,8,0.02,1.0,-24.37352130010315,-28.086026166721222,50,0.7151839642671992,16.0,-33.51986606196664,,0,0
daily,2023,90,0.02,1.0,-24.783836118027047,-27.901283062441408,42,0.6405920710332376,14.285714285714286,-31.83035962369072,,0,0
daily,2024,102,0.06,1.0,-24.832331882805427,-32.35258364523699,105,0.881141570958025,19.047619047619047,-46.27531748862697,,0,0
daily,2025,84,0.04,1.0,-25.31559913249799,-30.87686859824582,77,0.816852349317967,18.181818181818183,-43.83022213676222,55.88129418536738,0,1
daily,2026,64,0.06,1.0,-25.350797214965105,-32.752336050447205,104,0.8762129370461296,19.23076923076923,-35.37427163858268,,0,0
daily,2027,63,0.04,1.0,-25.822108001427825,-31.139520633576556,74,0.7995118815103991,17.56756756756757,-36.710926745680084,,0,0
daily,2028,43,0.06,1.0,-26.416668154700684,-33.51391802910396,101,0.8598475019681098,18.81188118811881,-33.57673474296844,,0,0
daily,2029,96,0.04,1.0,-26.71894626368837,-32.447999273703196,81,0.8098176554753778,17.28395061728395,-43.970297282884616,,0,0
daily,2030,64,0.02,1.0,-26.978212712889437,-30.286603579136905,46,0.65150464706805,15.217391304347826,-32.7350718306428,,0,0
daily,2031,3,0.04,1.0,-27.153823691458044,-32.37699718963817,74,0.7869146538007669,17.56756756756757,-34.81870358505353,,0,0
daily,2032,122,0.02,1.0,-27.308197921880083,-30.948477977262733,51,0.6800307464954288,15.686274509803921,-37.93221179846905,,0,0
daily,2033,17,0.02,1.5,-28.201262066917554,-30.97316224360541,39,0.5503903818773576,12.820512820512821,-33.57121695326916,72.49423577260032,0,1
daily,2034,72,0.04,1.0,-28.674778296225757,-33.790394493334595,74,0.7766440099529965,17.56756756756757,-35.85446432868987,,0,0
daily,2035,63,0.1,1.0,-28.675623539409457,-38.14895883308787,142,0.9009279117125898,19.718309859154928,-44.954074733239594,,0,0
daily,2036,111,0.06,1.0,-29.17116424337585,-36.76939378483848,113,0.8580126385868619,18.58407079646018,-42.37425812006859,,0,0
daily,2037,64,0.02,1.5,-29.35738474754299,-32.15367627034881,40,0.5378292675671543,12.5,-33.346747096217975,,0,0
daily,2038,106,0.04,1.0,-30.314605226823808,-35.70142193230692,80,0.7755130303452406,17.5,-44.32492996154588,,0,0
daily,2039,51,0.1,1.0,-31.113748910442517,-39.784958957097196,134,0.8785133742425962,19.402985074626866,-52.15712067191339,,0,0
daily,2040,92,0.02,1.0,-31.419394348566023,-35.052848572727235,54,0.637995430904716,14.814814814814815,-31.419394348566023,,0,0
daily,2041,44,0.04,1.0,-32.700238233628085,-37.53052412759986,74,0.723994143531176,16.216216216216218,-45.648975163161424,141.18545330617172,0,1
daily,2042,77,0.04,1.0,-33.69628926548781,-39.00810836472678,83,0.7488072188938327,16.867469879518072,-39.39348247618001,,0,0
daily,2043,3,0.02,1.0,-33.72610912849591,-37.050647418165084,51,0.5817933951611803,13.72549019607843,-40.62899495457552,,0,0
daily,2044,49,0.02,1.0,-34.22943103690997,-37.90328446917215,57,0.6112850686897812,14.035087719298245,-40.70563648638038,,0,0
daily,2045,7,0.04,1.5,-36.2523923329955,-39.6340414841831,54,0.5596687432628166,12.962962962962964,-44.423618740773875,,0,0
daily,2046,22,0.1,1.0,-39.04920382874452,-46.94066157684815,138,0.8269652350705463,18.115942028985508,-50.21646507177233,,0,0
daily,2047,88,0.04,1.0,-39.60965814467765,-44.17412691358379,78,0.6712814052786862,15.384615384615385,-39.60965814467765,,0,0
daily,2048,105,0.02,1.0,-39.94311184850411,-42.8470913432527,49,0.48759969225458333,12.244897959183673,-45.87382279353174,,0,0
hourly,1,32,0.04,2.5,510.77228164665866,332.27295726701584,347,1.4183739186688316,27.089337175792508,-33.63733892729752,36.05350455682424,1,1
hourly,2,47,0.1,2.0,282.9224256726585,100.40340413947834,648,1.1882553534704758,23.919753086419753,-57.54291776240341,27.809365730214108,1,0
hourly,3,96,0.06,2.0,276.0760477211678,114.51485817381464,562,1.2072778064499452,24.377224199288257,-52.25722117589196,-6.922375012231042,1,0
hourly,4,66,0.04,2.5,247.996945543503,137.4442637192006,383,1.2722754425048843,25.065274151436032,-45.22529328207637,193.2292262086952,1,0
hourly,5,6,0.04,2.0,246.43245680655608,106.28242310150293,519,1.210363301688606,24.277456647398843,-59.1448175325201,148.80278504162052,1,0
hourly,6,5,0.04,2.5,239.18228484929966,141.3643007586959,341,1.2961719069979671,25.513196480938415,-49.65281426701287,126.59651573160104,1,0
hourly,7,47,0.1,2.5,236.98232056581142,129.0024673617101,387,1.2631735106814619,25.064599483204134,-45.738130347313934,123.6530340894423,1,0
hourly,8,35,0.1,2.5,236.56499438251925,128.7185719387017,387,1.2629081183625188,25.064599483204134,-40.56185915716169,339.17026770749067,1,0
hourly,9,15,0.04,2.0,228.52889860195097,96.00407701566817,517,1.2039749965200892,24.177949709864603,-57.974632746736056,26.516211218907483,1,1
hourly,10,106,0.04,2.0,226.895230538522,94.05534702231675,522,1.2019706470152551,24.137931034482758,-63.04840770535787,193.13952269257175,1,0
hourly,11,42,0.06,2.5,225.1961466611076,121.650406041916,384,1.2585389034824075,25.0,-40.71777337347295,78.65092608557114,1,0
hourly,12,73,0.02,2.0,224.96161826479084,114.72059597770321,415,1.2428140768862517,24.57831325301205,-50.988907723307264,1.3168265092405207,1,0
hourly,13,83,0.04,2.5,222.86933149573994,126.773404594914,354,1.2764026742999248,25.141242937853107,-42.8122309707953,113.61335174000806,1,0
hourly,14,83,0.06,2.5,222.36003154472334,129.84070544083895,339,1.2838466386281815,25.663716814159294,-46.88720006072832,134.22534942764383,1,0
hourly,15,123,0.02,2.5,219.9226496437351,136.47363287441658,303,1.3143011729047398,25.742574257425744,-37.48930043295553,297.4016019236471,1,0
hourly,16,30,0.06,2.5,212.6372644689722,114.15208858058254,379,1.2551174232851752,24.80211081794195,-41.700602940940875,251.83821593259253,1,0
hourly,17,109,0.02,2.0,210.14403126055421,105.12544759522804,414,1.234278165722506,24.63768115942029,-52.92427845113459,42.04548137864772,1,1
hourly,18,70,0.02,2.0,209.24771903257428,105.55962959779409,409,1.2365832923025029,24.69437652811736,-48.525609018808126,193.77842928879025,1,0
hourly,19,39,0.04,2.5,205.35780791602954,113.60455648183962,358,1.262491079370406,24.860335195530727,-36.367051940581455,110.14254516260995,1,0
hourly,20,81,0.06,2.5,201.04559128864375,104.35324453183709,388,1.2416613282921483,24.742268041237114,-49.763401169470846,177.55519175047297,1,0
hourly,21,59,0.1,2.0,200.3802054851418,53.43542264474459,672,1.1581390703189092,23.511904761904763,-62.68083137353552,182.40554326508058,1,0
hourly,22,33,0.02,2.5,192.3953130046113,115.02800791688892,308,1.2866013747284095,25.649350649350648,-48.54411037181329,144.18413943732045,1,0
hourly,23,118,0.04,2.0,191.14446358142322,72.29446390556014,525,1.1860838774690134,23.80952380952381,-54.933582441623166,145.5563843538851,1,0
hourly,24,113,0.04,2.5,185.1687223129316,96.69163765334265,372,1.2399228338505732,24.731182795698924,-43.78313130815682,192.05550988330978,1,0
hourly,25,8,0.06,2.0,176.56954305089374,54.73689106060861,581,1.1653420596060997,23.752151462994835,-51.30154685037811,103.96329766717022,1,1
hourly,26,8,0.06,2.5,175.37123640187508,86.91039705743361,388,1.226590823868977,24.484536082474225,-41.50014429534008,117.76030610036305,1,0
hourly,27,103,0.06,2.5,173.43149977487235,87.64693500263556,377,1.2293531343629358,24.6684350132626,-43.99755880468037,124.62150263149199,1,0
hourly,28,7,0.04,2.5,169.9653069145763,89.20262080905714,356,1.238350112054053,24.719101123595507,-45.392819671464146,44.255076217179145,1,0
hourly,29,110,0.02,2.5,169.78406245650555,104.84271307157091,276,1.2943972385386615,25.72463768115942,-32.30078522400363,150.81453956912694,1,0
hourly,30,110,0.06,2.5,165.67780474133542,84.89417560804743,363,1.2315686401318917,24.517906336088153,-52.403844674792936,258.30777334291645,1,0
hourly,31,117,0.02,2.0,165.56481510321626,73.69183242777355,425,1.2036530615132603,24.235294117647058,-46.36358617395629,83.70032002595906,1,0
hourly,32,112,0.1,2.5,165.46399606704182,80.53954680635873,386,1.220268751142214,24.352331606217618,-47.18165188458282,76.87313911941929,1,0
hourly,33,93,0.04,2.5,165.3710795185928,81.382475436842,381,1.222585412393975,24.409448818897637,-42.365202682024126,281.3529553064304,1,1
hourly,34,89,0.1,2.5,165.268016783535,77.89523870595836,400,1.2142199638652889,24.25,-46.523265865785014,43.520809989405684,1,0
hourly,35,82,0.06,2.5,164.46353005086496,75.06143789742075,413,1.2079415888590228,24.213075060532688,-39.415055426655385,77.30786011717103,1,0
hourly,36,5,0.06,2.5,163.74059563847095,72.15219618440915,427,1.2021311667957164,24.12177985948478,-45.19518914381175,131.91773863942342,1,0
hourly,37,124,0.1,2.5,162.30505314422433,80.9078942100414,372,1.2249441303637985,24.462365591397848,-46.0663821853821,212.39060151206323,1,0
hourly,38,106,0.04,2.5,160.64324431516027,80.30127646037295,369,1.2254466224841118,24.390243902439025,-52.27263030353433,210.43429077001684,1,0
hourly,39,62,0.1,2.5,159.40093488782358,75.53116868819983,391,1.2137230075556789,24.296675191815858,-50.305643565600036,241.43571775137843,1,0
hourly,40,10,0.1,2.5,158.49482716457234,69.91204071892581,420,1.2017811540083168,24.047619047619047,-48.245623542424575,157.99794452761265,1,0
hourly,41,67,0.1,2.5,157.89278521419754,78.5750620553864,368,1.2232246803312519,24.456521739130434,-51.531454033795534,210.33418588048036,1,1
hourly,42,124,0.06,2.5,156.96598396462238,75.63118329338046,381,1.2160635503540587,24.409448818897637,-50.135849632213,424.15215122922405,1,0
hourly,43,41,0.02,2.5,154.20878795627212,90.70097929947731,288,1.269397648757929,25.34722222222222,-35.06719507579068,51.579329060288636,1,0
hourly,44,62,0.04,2.5,153.15323866108673,78.29909501397914,351,1.2281270744945416,24.501424501424502,-36.649718680034994,154.61168986859383,1,0
hourly,45,10,0.06,2.5,152.60068773499657,75.43319090440946,365,1.220860294942621,24.383561643835616,-51.72407364440874,123.22559414028586,1,0
hourly,46,50,0.1,2.5,151.14364740799638,67.90899484444874,403,1.2034881326602096,24.069478908188586,-43.109295827946916,219.17060752575983,1,0
hourly,47,6,0.04,2.5,149.1847428766423,72.71215568886691,367,1.2174193149912567,24.250681198910083,-49.00307561905463,230.29846066627923,1,0
hourly,48,12,0.1,2.5,149.1115543775864,67.72014636016002,396,1.2040802423272239,24.242424242424242,-50.35843009192046,104.269449724353,1,0
hourly,49,32,0.04,2.0,149.10439315171953,45.19688496286412,540,1.1619412204553103,23.51851851851852,-53.711906396141295,14.911379378457813,1,1
hourly,50,87,0.02,2.5,147.4898302225696,85.09907275328918,291,1.2612370423707013,25.085910652920962,-40.35563526314968,23.06918233108819,1,0
hourly,51,7,0.06,2.5,146.88911644758335,71.46229969633926,365,1.2160743536679959,24.383561643835616,-52.19138250946609,,0,0
hourly,52,86,0.06,2.5,146.77336369951922,71.89795833414667,362,1.2180695563289492,24.30939226519337,-50.73363211937869,,0,0
hourly,53,64,0.1,2.5,145.78738349072222,59.78150342606157,431,1.189318627369194,23.897911832946637,-47.24324898687783,,0,0
hourly,54,4,0.04,2.0,145.21869118329641,44.6567978154504,528,1.162652373198277,23.484848484848484,-54.16599469081276,,0,0
hourly,55,92,0.1,2.5,144.3403011088938,61.8897105572876,412,1.1947068582428084,24.02912621359223,-51.10840809474335,,0,0
hourly,56,110,0.02,2.0,142.32944819594783,63.967072494011546,391,1.2005849069815546,24.296675191815858,-44.32177252907292,,0,0
hourly,57,60,0.1,2.5,141.27390081714518,65.06168965433375,380,1.205253898434663,24.210526315789473,-45.259949633049224,44.31331797311009,0,1
hourly,58,96,0.06,2.5,141.06584527962204,67.91874715454391,362,1.2135190125474875,24.30939226519337,-44.525713429695024,,0,0
hourly,59,121,0.06,2.5,140.75485933734592,60.473968601331606,406,1.1943566873057283,24.137931034482758,-49.85533544893013,,0,0
hourly,60,80,0.06,2.5,140.54437638903357,63.412382103373986,387,1.2020824183696484,24.031007751937985,-38.520483653913985,,0,0
hourly,61,123,0.06,2.5,138.8794948229688,62.44316806240242,386,1.2011042687194693,24.093264248704664,-41.12344200039686,,0,0
hourly,62,26,0.1,2.5,137.38268949862578,58.69980842084992,403,1.1929520678037773,24.069478908188586,-57.5652631972409,,0,0
hourly,63,14,0.02,2.5,137.09989024367096,73.80568440894864,311,1.2375093033374704,24.758842443729904,-44.87226810261414,,0,0
hourly,64,35,0.02,2.5,135.77667083794594,72.3157172049343,314,1.2344518461168914,24.522292993630572,-48.32172132760174,,0,0
hourly,65,12,0.1,1.5,135.54744525404834,-19.729732034339154,1076,1.1012374281044297,22.676579925650557,-79.45153834066551,-56.6245677050659,0,1
hourly,66,6,0.02,2.5,135.2710226684386,74.3736557703202,300,1.2434695057519873,24.666666666666668,-35.5317600164787,,0,0
hourly,67,2,0.1,2.5,135.2253249405461,57.88774562380252,399,1.1932892696619337,24.06015037593985,-52.53942758852842,,0,0
hourly,68,64,0.06,2.5,135.09128682916779,64.24563719638627,359,1.2100887622066947,24.233983286908078,-42.73755966815619,,0,0
hourly,69,60,0.06,2.5,134.3921333783151,63.265443648103584,362,1.2077036475936298,24.30939226519337,-51.601623975277036,,0,0
hourly,70,31,0.04,2.5,133.76050457817365,60.237738859080395,378,1.2008994528578196,24.074074074074073,-45.18406563810641,,0,0
hourly,71,70,0.1,2.5,133.3496690391329,57.88628091019261,391,1.1945113505368499,24.04092071611253,-51.83525457464033,,0,0
hourly,72,61,0.1,2.0,131.39566481076886,22.996897094394697,632,1.1372858685455312,23.10126582278481,-60.395811249579936,,0,0
hourly,73,110,0.06,2.0,130.1214112912212,26.55436818349093,598,1.142231675806318,23.076923076923077,-65.37669112646462,303.5772513521514,0,1
hourly,74,108,0.04,2.5,128.34358032241568,60.8093735897574,351,1.2077815093750623,24.216524216524217,-46.50373125036129,,0,0
hourly,75,18,0.06,2.5,127.92455961595444,57.016774668907225,373,1.1973337658391672,24.128686327077748,-38.28774855632056,,0,0
hourly,76,83,0.1,2.5,127.76458523815842,51.80677690548996,406,1.1849177581768646,23.891625615763548,-54.681658835598526,,0,0
hourly,77,45,0.04,2.0,127.4178776493013,31.618548426571724,547,1.1493309911580085,23.217550274223036,-60.466330983147934,,0,0
hourly,78,76,0.02,1.5,126.00016886432832,31.19068748705196,544,1.1485860403631134,23.345588235294116,-56.61737743489027,,0,0
hourly,79,116,0.06,2.0,125.5231280067711,23.651245598085,601,1.139065598820115,23.12811980033278,-64.69042092590183,,0,0
hourly,80,8,0.04,2.5,125.36802887186558,55.7214668535488,370,1.197053297749277,24.054054054054053,-50.04742483571949,,0,0
hourly,81,95,0.04,1.5,124.15162223458789,-0.9035853309885544,816,1.1145855871978594,22.67156862745098,-80.7330694782448,-69.45256374295712,0,1
hourly,82,49,0.1,2.5,123.84836284120193,50.09328468784873,400,1.183747184397664,24.0,-42.944971102971316,,0,0
hourly,83,48,0.06,2.0,123.83855182495194,29.934212500003767,544,1.1475151264176022,23.345588235294116,-56.93355759541936,,0,0
hourly,84,95,0.04,2.0,123.55611355442223,28.092151882360184,557,1.1453274223456105,23.159784560143628,-71.73201560814115,,0,0
hourly,85,26,0.04,2.5,123.44082926145816,59.574570787782946,337,1.209855250292569,24.33234421364985,-47.00407971227845,,0,0
hourly,86,103,0.06,2.0,123.4219280217681,24.85044844227118,582,1.1408546028648419,23.195876288659793,-49.73865912187586,,0,0
hourly,87,73,0.02,2.5,123.25013805150947,58.80082932954529,341,1.208494684374087,24.04692082111437,-56.089423851022005,,0,0
hourly,88,3,0.1,2.5,121.76754476552661,56.95766772607498,346,1.2049590134032397,23.98843930635838,-45.950552167427915,,0,0
hourly,89,68,0.1,2.5,120.44150415027266,49.44360500187406,389,1.1853041677022043,23.90745501285347,-39.11896356796155,102.51020958279523,0,1
hourly,90,30,0.02,2.5,119.35298774943699,61.59067767213357,306,1.2222535664324319,24.50980392156863,-38.1509994169077,,0,0
hourly,91,76,0.06,2.0,118.30994520987477,28.253447519506516,532,1.1466424979149192,23.30827067669173,-56.93113972548445,,0,0
hourly,92,86,0.1,2.5,117.50036654779711,43.227284203340766,418,1.1734321376381724,23.68421052631579,-52.047665858940185,,0,0
hourly,93,44,0.06,2.5,117.2859859436033,42.372203706454,423,1.1720660680646136,23.64066193853428,-51.618643328304145,,0,0
hourly,94,78,0.06,2.5,117.04848809188869,47.58383026075603,386,1.1838202071574193,23.83419689119171,-48.02486874502135,,0,0
hourly,95,55,0.04,2.0,116.70305800542154,27.054125973269816,534,1.1455430108268059,23.220973782771537,-66.78564454142175,,0,0
hourly,96,74,0.1,2.5,116.28618540965574,44.29374053131012,405,1.1768821355765564,23.703703703703702,-46.70913358611135,,0,0
hourly,97,97,0.06,2.5,115.32598101814675,45.53479188781506,392,1.1806314483818157,23.724489795918366,-54.84501246042368,544.7431996206211,0,1
hourly,98,108,0.04,2.0,115.10487793322443,27.258430665145063,525,1.1457332358798034,23.428571428571427,-60.358878728987776,,0,0
hourly,99,73,0.1,2.5,114.29557618337375,46.002333074496015,384,1.181852820336806,23.958333333333332,-50.937175403368116,,0,0
hourly,100,101,0.06,2.0,113.3896606083126,15.248558613112895,616,1.130970298918448,22.88961038961039,-61.085375557475494,,0,0
hourly,101,24,0.06,2.5,113.33638866663595,36.463070876332935,447,1.1623942685826776,23.48993288590604,-53.08366174838932,,0,0
hourly,102,47,0.02,2.5,113.33372484583721,56.211441292331884,312,1.2132009683535725,24.358974358974358,-40.28867908142202,,0,0
hourly,103,87,0.04,2.5,113.14318688428612,45.79903841510398,380,1.1833757633774387,23.68421052631579,-51.38813218674591,,0,0
hourly,104,57,0.02,2.5,113.0168249591954,54.73467099722649,320,1.2094495953837014,24.0625,-49.560773826680204,,0,0
hourly,105,43,0.06,2.5,112.69448896539598,45.92926597517766,377,1.1831846445205676,23.872679045092838,-38.51810225341281,160.5452375854326,0,1
hourly,106,71,0.04,2.5,112.08953327648223,50.25181469865272,345,1.19558809954126,24.057971014492754,-51.63637207069816,,0,0
hourly,107,82,0.06,2.0,110.40553956457511,17.687948654675644,581,1.1341475743451388,23.06368330464716,-70.3507950883473,,0,0
hourly,108,126,0.04,2.0,110.27478913833812,18.561062756355582,573,1.134824208427946,23.211169284467715,-48.4102704750921,,0,0
hourly,109,118,0.1,2.5,109.6397195115463,37.08251482694121,425,1.1655647933308138,23.529411764705884,-56.42288219259206,,0,0
hourly,110,71,0.1,2.5,109.62313241394908,37.484285520558515,422,1.1667219217467588,23.459715639810426,-46.116190445940184,,0,0
hourly,111,41,0.06,2.5,108.76325056610585,46.71298072619749,353,1.1885072784795923,24.07932011331445,-49.63266596057836,,0,0
hourly,112,27,0.06,2.5,108.45416365100404,42.30308548611781,382,1.1776066080192111,23.82198952879581,-52.61656688661811,,0,0
hourly,113,58,0.06,2.5,108.3964985439351,42.54903107139123,380,1.1788956111605304,23.68421052631579,-54.68751508797991,241.33818473334094,0,1
hourly,114,49,0.06,2.5,108.0776365431254,43.76253844517659,370,1.182006351521765,23.783783783783782,-44.21374742046423,,0,0
hourly,115,22,0.1,2.5,107.95079204976426,38.034477200960936,410,1.1683651012853926,23.658536585365855,-55.33296898305162,,0,0
hourly,116,39,0.04,2.0,107.58450645228308,18.694354792312097,559,1.1365372945583374,22.898032200357783,-45.27778930722721,,0,0
hourly,117,112,0.02,2.5,107.10070377764542,51.33900105319642,314,1.2050647547994304,24.203821656050955,-52.022117905338824,,0,0
hourly,118,16,0.04,2.5,107.05228158407074,39.79736854893265,393,1.1731869230275163,23.66412213740458,-50.63539083358346,,0,0
hourly,119,15,0.04,2.5,106.80635941936862,44.46562794388114,359,1.1845415575521854,23.955431754874652,-41.13966021604926,,0,0
hourly,120,1,0.1,2.5,105.8776980943883,37.756260508388586,402,1.1692292316579118,23.6318407960199,-49.34457832013507,,0,0
hourly,121,103,0.1,2.5,104.9713309299448,41.473464191770184,371,1.1791955228002584,23.71967654986523,-45.538729714928806,148.9413161269768,0,1
hourly,122,45,0.06,2.5,104.31374823541404,41.72640180996838,366,1.1800949229313025,23.770491803278688,-44.701710000718876,,0,0
hourly,123,59,0.04,2.5,103.64392643087483,42.25460715161646,359,1.1825316210682557,23.676880222841227,-39.05691097758815,,0,0
hourly,124,66,0.04,2.0,103.48552130713497,17.401498608378606,550,1.1348619555924417,23.09090909090909,-59.63566453237989,,0,0
hourly,125,81,0.1,2.5,103.37586080274237,36.08037134792301,402,1.1669218133010315,23.6318407960199,-48.548881244500585,,0,0
hourly,126,67,0.1,2.0,103.33454464664472,6.030939825365622,651,1.121139376576033,22.887864823348693,-66.28029577645094,,0,0
hourly,127,98,0.04,2.5,103.2454442471252,40.421302132140255,370,1.1775490872972147,23.783783783783782,-54.12033253238858,,0,0
hourly,128,112,0.06,2.5,102.24979392102354,39.592388096020414,371,1.176072153267626,23.71967654986523,-50.04504822815651,,0,0
hourly,129,50,0.04,2.5,101.59331651999177,41.38558723861823,355,1.180711930306207,23.943661971830984,-45.50476082183741,97.0294447082581,0,1
hourly,130,77,0.04,2.0,101.33464992932085,21.39125586487114,506,1.1405654533636687,23.320158102766797,-50.05973881018673,,0,0
hourly,131,127,0.1,2.5,101.27602519809633,35.757097139788165,394,1.1677133095676182,23.604060913705585,-40.26722952147814,,0,0
hourly,132,27,0.1,2.5,100.7062905455756,37.008735603758346,382,1.1714041115779,23.56020942408377,-54.80976896821155,,0,0
hourly,133,109,0.1,2.5,100.70578901297233,36.59820042214545,385,1.170326636188303,23.636363636363637,-45.81274983963576,,0,0
hourly,134,58,0.1,2.5,100.37204242249737,34.876198015313456,396,1.1657004986678938,23.737373737373737,-57.082989519556946,,0,0
hourly,135,124,0.06,2.0,100.26463494142676,9.46035476291609,604,1.125483821389342,22.8476821192053,-66.06163697730557,,0,0
hourly,136,82,0.02,2.5,100.1735908146232,45.687625419806,318,1.1951614228607632,24.21383647798742,-53.42147483752478,,0,0
hourly,137,48,0.02,2.5,100.14247874583471,42.064134203606905,343,1.1845822662257246,23.9067055393586,-48.9417246351162,101.10727744549428,0,1
hourly,138,22,0.1,2.0,99.94568781841882,1.888094541913632,674,1.116944389815332,22.8486646884273,-63.9160280249534,,0,0
hourly,139,5,0.1,2.5,99.88150658932207,41.311868178742415,347,1.1827345212099665,23.919308357348704,-44.53100949812494,,0,0
hourly,140,115,0.04,2.5,99.35840661691786,43.073917404228766,332,1.1890142126517709,23.795180722891565,-56.254064268619764,,0,0
hourly,141,30,0.02,1.5,98.8017472845922,12.197744045629943,572,1.1280055154635091,23.251748251748253,-48.09688557882266,,0,0
hourly,142,1,0.06,2.5,98.77975731143324,32.07360805917385,409,1.1613453827288243,23.4718826405868,-39.348013929600334,,0,0
hourly,143,123,0.1,2.5,98.54176344008545,35.12372988167978,385,1.1681325667883167,23.636363636363637,-43.768884970215005,,0,0
hourly,144,27,0.02,2.5,97.22073446184676,46.00046053964215,301,1.201562417628416,23.920265780730897,-48.039023753041775,,0,0
hourly,145,40,0.1,2.5,97.0782997904283,31.730489217334856,403,1.1613442610885294,23.573200992555833,-50.44373885572602,318.5144440201313,0,1
hourly,146,59,0.1,2.5,97.03078542655916,29.08814809530198,423,1.1559735798178525,23.404255319148938,-54.47288643116439,,0,0
hourly,147,66,0.02,2.5,96.67180052963762,43.567118426034824,315,1.1928459090464467,24.126984126984127,-61.28202670125251,,0,0
hourly,148,17,0.1,2.5,96.03748398066598,33.95331883274959,381,1.1672821184933448,23.62204724409449,-42.47976948976074,,0,0
hourly,149,66,0.1,2.5,95.76371796843415,29.80736555746315,411,1.1576008844807488,23.600973236009732,-52.27115458300358,,0,0
hourly,150,41,0.04,2.5,95.53140658769215,34.68092828411569,373,1.1692802646962674,23.592493297587133,-42.60490308075809,,0,0
hourly,151,57,0.02,2.0,95.15171045071082,29.920246195069456,407,1.1591040698104569,23.34152334152334,-45.111956137483524,,0,0
hourly,152,101,0.06,2.5,94.97943527565802,29.157322359932913,412,1.156733338554704,23.54368932038835,-54.19580405316458,,0,0
hourly,153,3,0.04,2.5,94.83742076342054,32.33453677750431,387,1.1642110876544616,23.51421188630491,-52.91187741757084,220.78443359283813,0,1
hourly,154,14,0.06,2.0,94.20908986234132,10.70634739575893,562,1.1273657076006633,22.95373665480427,-55.53681926305504,,0,0
hourly,155,68,0.06,2.5,93.7665436828444,32.399284062948965,381,1.1646848794586102,23.62204724409449,-55.57373228367717,,0,0
hourly,156,43,0.04,2.5,93.72148175448802,29.87487950185461,400,1.159398078202014,23.5,-41.79786945641636,,0,0
hourly,157,55,0.1,2.5,93.44262545535872,31.386332166609932,387,1.1629390708503065,23.51421188630491,-42.727647900198086,,0,0
hourly,158,69,0.02,2.5,93.17294002366143,43.14490806527913,300,1.1973233117954643,24.0,-48.83151239906858,,0,0
hourly,159,77,0.06,2.5,93.03852802729702,28.64098983562451,406,1.1572696942023288,23.399014778325125,-58.92550998216968,,0,0
hourly,160,98,0.06,2.0,92.71891029954395,10.186095041039112,559,1.1265851222567627,23.076923076923077,-55.23834285502498,,0,0
hourly,161,85,0.1,2.5,92.43090656040904,32.54390013284802,373,1.1664485967471854,23.592493297587133,-43.38755946505618,173.93857250150634,0,1
hourly,162,104,0.02,2.5,92.28356209343545,38.545727962680076,328,1.1830354235377205,23.78048780487805,-40.04054358771057,,0,0
hourly,163,81,0.04,2.5,92.19045093110097,34.920088216374204,354,1.1723019341423,23.728813559322035,-56.70479067345515,,0,0
hourly,164,23,0.04,2.0,92.14179777235034,10.406647558758575,554,1.1270302532829053,23.104693140794225,-65.45408007457651,,0,0
hourly,165,71,0.04,2.0,92.08228415282598,14.310333438689193,519,1.1322601945938588,23.121387283236995,-48.07864468767523,,0,0
hourly,166,84,0.04,2.5,92.01668069405689,33.3214569152368,365,1.1686263202777927,23.561643835616437,-45.09851282196936,,0,0
hourly,167,94,0.1,2.5,91.65074203717339,28.227989168939494,402,1.1571646755287692,23.383084577114428,-45.46163614308978,,0,0
hourly,168,3,0.02,2.5,90.96386831727308,40.79938192538614,305,1.1917895178825202,23.934426229508198,-52.09239790129128,,0,0
hourly,169,33,0.02,1.5,90.18423126443693,9.281380402770623,554,1.1255339972352432,23.104693140794225,-57.83794873170329,-32.112430082003115,0,1
hourly,170,1,0.04,1.5,89.92068847355024,-13.318401842891415,784,1.1033530999107783,22.5765306122449,-70.37189060816273,,0,0
hourly,171,76,0.02,2.5,89.83554515111791,39.26774044605852,310,1.1881721361660087,23.870967741935484,-57.13973335574681,,0,0
hourly,172,24,0.06,2.0,89.66037497959422,4.074733560935595,600,1.1196472349259814,22.833333333333332,-49.98224545759198,,0,0
hourly,173,51,0.04,2.5,88.871832124401,31.26750106050733,364,1.1656527947669304,23.626373626373628,-47.96053016361116,,0,0
hourly,174,117,0.04,2.5,88.70874857427438,33.138507235882145,349,1.1714294474228673,23.49570200573066,-42.72464481505942,,0,0
hourly,175,61,0.1,2.5,88.48626382531204,28.27365570406959,385,1.1591864416636832,23.376623376623378,-47.271666058801486,,0,0
hourly,176,95,0.1,2.0,87.78154123583847,1.404873104762694,616,1.1165790296612639,22.88961038961039,-60.48606475495873,,0,0
hourly,177,64,0.06,2.0,87.09568653439521,3.90702101763416,588,1.1196383125254612,22.789115646258505,-60.83254346374556,201.4525678579138,0,1
hourly,178,12,0.02,2.5,87.09459001118339,37.39228159685841,309,1.184861136038257,23.948220064724918,-46.43891760854242,,0,0
hourly,179,116,0.1,2.5,86.69326408124695,26.92467570280661,386,1.1573087330328222,23.316062176165804,-45.48363218380077,,0,0
hourly,180,84,0.1,2.5,86.58464567913293,26.724218379139188,387,1.156299902371118,23.51421188630491,-47.85496895869109,,0,0
hourly,181,111,0.06,2.0,86.45609376727693,2.2123690286531827,601,1.1176710325757426,22.795341098169718,-68.43396656328315,,0,0
hourly,182,53,0.1,2.5,85.64362588017495,30.319880840818847,354,1.1653481504133718,23.728813559322035,-50.16912116558064,,0,0
hourly,183,116,0.04,2.5,85.60899398258353,28.738623810822194,366,1.1616822401070204,23.497267759562842,-48.15314773677741,,0,0
hourly,184,32,0.1,2.5,85.18192352119036,25.519226744867794,389,1.154771772253092,23.39331619537275,-44.22505155393062,,0,0
hourly,185,14,0.04,2.5,84.90329663873514,23.83302046805853,401,1.1508777737735245,23.44139650872818,-48.29915989178289,-15.99236449838527,0,1
hourly,186,104,0.1,2.5,84.87642454734296,25.31127669210069,389,1.1542575230095826,23.39331619537275,-46.94519217718182,,0,0
hourly,187,30,0.1,2.5,84.62780579397877,26.14913888608017,381,1.1565256059975708,23.35958005249344,-41.53064557501589,,0,0
hourly,188,50,0.02,2.5,84.4635885306036,35.187178736571134,311,1.1811080759515797,23.794212218649516,-35.94078089849039,,0,0
hourly,189,46,0.04,2.5,84.42983746542492,27.664936753959402,368,1.1596686332279207,23.641304347826086,-45.18514712011572,,0,0
hourly,190,111,0.06,2.5,84.20349968564756,25.356132611332207,385,1.1548254785011915,23.376623376623378,-45.72682901522441,,0,0
hourly,191,102,0.04,2.5,83.52375739061017,25.645360977499475,379,1.1565151082116478,23.218997361477573,-53.4455665103432,,0,0
hourly,192,63,0.1,2.5,83.39048865432872,25.55437777826559,379,1.1556289727413473,23.482849604221634,-48.47164133756604,,0,0
hourly,193,71,0.06,2.5,83.14744956842934,24.2629491190975,388,1.1527073114549977,23.45360824742268,-45.66185090354473,78.803883750122,0,1
hourly,194,77,0.04,2.5,82.85891179082785,33.474933823561436,315,1.1774636281471635,23.80952380952381,-52.78935623417165,,0,0
hourly,195,50,0.1,2.0,82.85820945080522,-5.1327671122842755,656,1.1097326226626612,22.713414634146343,-57.657682627289994,,0,0
hourly,196,71,0.02,2.5,82.66851855111412,33.87096008623569,311,1.1790968702143718,23.794212218649516,-55.7260112592359,,0,0
hourly,197,92,0.1,2.0,82.50406821963783,-7.286303700353569,677,1.10775696458209,22.59970457902511,-70.80862315757527,,0,0
hourly,198,19,0.1,2.5,82.35784924965135,19.46559411340887,423,1.14353292918253,23.167848699763592,-51.60086998461816,,0,0
hourly,199,58,0.1,2.0,82.12605332320794,-7.4792089119746,677,1.1074216210937737,22.74741506646972,-71.32506994645162,,0,0
hourly,200,6,0.06,2.5,81.53760527484839,25.78707404531024,367,1.1575619416845413,23.43324250681199,-41.003640336706724,,0,0
hourly,201,81,0.02,2.0,81.33888173034221,22.911086161228834,389,1.1515776453624136,23.13624678663239,-47.93035364027908,558.3463271421874,0,1
hourly,202,56,0.1,2.5,81.03714579123124,22.216419045311863,393,1.14933345230059,23.40966921119593,-41.056211065531556,,0,0
hourly,203,90,0.1,2.5,80.78453407583717,23.89242930101978,378,1.1530623196877752,23.544973544973544,-48.39046327073747,,0,0
hourly,204,74,0.06,2.5,80.55429670043542,24.479863078440857,372,1.1549396562004026,23.387096774193548,-43.367850697860696,,0,0
hourly,205,13,0.06,2.5,79.80418068803755,27.61437952242072,343,1.1629825418573136,23.61516034985423,-39.642908130600254,,0,0
hourly,206,28,0.06,2.5,79.76146010765366,19.904840371614196,405,1.1454812542740878,23.209876543209877,-48.49607984906334,,0,0
hourly,207,102,0.1,2.5,79.5380450517942,20.356711755077228,400,1.1463893804750178,23.25,-49.323933629754855,,0,0
hourly,208,6,0.04,1.5,79.45456986062212,-19.32045526551397,799,1.0975422433047575,22.528160200250312,-63.938711396616874,,0,0
hourly,209,88,0.1,2.5,79.33794452705729,22.77694507272838,379,1.1512780188809821,23.482849604221634,-53.42551651378227,100.38375688097072,0,1
hourly,210,24,0.1,2.5,79.21088998118404,14.614295077554718,447,1.135928900427652,23.042505592841163,-52.56591722789212,,0,0
hourly,211,3,0.02,2.0,78.80556022216476,17.72459503202135,418,1.1414107997726393,23.205741626794257,-62.82447524499399,,0,0
hourly,212,120,0.04,2.0,78.36655084868241,5.397897658083117,526,1.121658404674624,23.00380228136882,-62.44477650013602,,0,0
hourly,213,63,0.06,2.5,77.83961531323169,18.029223264954332,410,1.1424019152256617,23.170731707317074,-54.49252249391701,,0,0
hourly,214,115,0.1,2.5,77.6559257355609,15.338409450054801,432,1.1372451884831907,23.14814814814815,-49.56276534189048,,0,0
hourly,215,4,0.1,2.0,77.4142766737169,-7.126176115611004,647,1.1075299605945221,22.56568778979907,-51.463679915148674,,0,0
hourly,216,2,0.06,2.5,77.27652213079787,24.44099307526473,354,1.1570141682271298,23.44632768361582,-51.855673606453955,,0,0
hourly,217,106,0.06,2.5,76.92189127789236,19.674612215773802,391,1.1459747604720005,23.273657289002557,-54.982396880569596,434.40933068291304,0,1
hourly,218,78,0.06,2.0,76.6824031724002,-0.29696533955970716,572,1.1148208143301066,22.727272727272727,-65.4181786430786,,0,0
hourly,219,113,0.1,2.5,76.0853479517134,18.513358459540964,396,1.144018368628518,23.232323232323232,-52.48039455273148,,0,0
hourly,220,20,0.1,2.5,75.61308282971136,17.604921262484986,401,1.1424603755771203,23.19201995012469,-41.45760490206506,,0,0
hourly,221,50,0.04,2.0,75.17128002514247,5.390205836109674,508,1.1217304770163703,23.031496062992126,-57.986048942100595,,0,0
hourly,222,20,0.02,2.5,75.02331026510136,36.477203255917836,249,1.2009207435863443,24.096385542168676,-41.88530178814464,,0,0
hourly,223,43,0.06,2.0,74.85251483355022,-2.606994121763595,585,1.1121884492115501,22.735042735042736,-70.05362437203175,,0,0
hourly,224,4,0.04,2.5,74.73826393620622,21.435417710078198,364,1.1511757924563932,23.35164835164835,-48.01268831514103,,0,0
hourly,225,82,0.04,2.0,74.60301972243282,0.42068423478398564,553,1.1151510504162188,22.965641952983724,-61.47081133206406,-40.2631362403836,0,1
hourly,226,5,0.1,2.0,74.56251436982353,-7.516370512093584,635,1.106802322572143,22.677165354330707,-57.238398569157155,,0,0
hourly,227,107,0.1,2.5,74.24181816709748,14.946950054169882,416,1.1377796129471396,23.076923076923077,-49.03898420996647,,0,0
hourly,228,27,0.02,2.0,74.21855265610127,18.19853218520151,388,1.1443810362476359,23.195876288659793,-44.12351915338408,,0,0
hourly,229,70,0.02,2.5,73.79492654414561,27.233727603114687,312,1.1669586638601421,23.71794871794872,-43.35151573358624,,0,0
hourly,230,78,0.1,2.5,73.38457284108162,22.19451840404656,350,1.153739181083033,23.428571428571427,-51.264741751550716,,0,0
hourly,231,40,0.06,2.5,72.60061447270341,14.663648161840136,409,1.1373502756635958,23.227383863080686,-58.18086146464363,,0,0
hourly,232,72,0.06,2.5,72.54215764764137,17.060343650335685,388,1.1424163827752012,23.195876288659793,-46.724108511409845,,0,0
hourly,233,37,0.02,2.5,72.23010043973466,26.847229449176414,306,1.1682609311965992,23.529411764705884,-50.79868182809081,3.697480992344926,0,1
hourly,234,12,0.06,2.5,72.11745113411183,14.801171718036187,405,1.137804686540266,23.209876543209877,-54.112392253716294,,0,0
hourly,235,91,0.1,2.5,72.06266501235821,14.191901457253643,410,1.1367747411432074,23.170731707317074,-52.06656894167572,,0,0
hourly,236,111,0.1,2.5,71.47619228791812,14.831942926342311,401,1.1383002623272087,23.19201995012469,-56.812505011320404,,0,0
hourly,237,96,0.04,2.5,70.75793027418999,15.386073731271166,392,1.1396174143546232,23.214285714285715,-41.747963065233066,,0,0
hourly,238,48,0.06,2.5,70.72146725516315,18.522506677148208,365,1.146487220345839,23.28767123287671,-44.860569901364876,,0,0
hourly,239,73,0.04,2.5,70.64292495585613,17.87611095832815,370,1.1450780449926865,23.243243243243242,-52.20766187216098,,0,0
hourly,240,7,0.06,2.0,70.06562847510716,-6.594709497917773,599,1.1076338514094608,22.70450751252087,-64.3209752568665,,0,0
hourly,241,7,0.04,2.0,69.98175840503995,0.8417911959522018,522,1.1164008102798924,22.796934865900383,-56.355060185123804,-38.238555875375624,0,1
hourly,242,57,0.02,1.5,69.90784263256697,-2.6724363785669003,557,1.1115571033933942,22.800718132854577,-64.41979174776937,,0,0
hourly,243,107,0.04,2.5,69.8901673090314,18.41828530736114,361,1.1468306123997931,23.26869806094183,-41.37508611493273,,0,0
hourly,244,98,0.06,2.5,69.52929240399692,13.52721670740873,401,1.1361722054324035,23.19201995012469,-52.397066436137315,,0,0
hourly,245,120,0.06,2.5,69.23214256543734,16.433340282543597,374,1.1423562017150353,23.262032085561497,-49.8001791840774,,0,0
hourly,246,30,0.1,2.0,69.18756525754843,-11.437236446754873,647,1.1025971104421584,22.56568778979907,-67.43829523809714,,0,0
hourly,247,19,0.06,2.5,69.13179929166908,16.948403239031464,369,1.143492104915805,23.306233062330623,-50.831100700300624,,0,0
hourly,248,74,0.02,2.0,69.1182697036264,11.674717978206562,415,1.1324168640431818,23.373493975903614,-42.575819945402074,,0,0
hourly,249,82,0.04,2.5,69.00743477465971,15.929711514142952,377,1.1410364810097366,23.342175066312997,-57.050040524491095,-23.243773826387148,0,1
hourly,250,120,0.04,2.5,68.91219262721278,18.800780844534692,352,1.1480284798251168,23.295454545454547,-46.014626053820166,,0,0
hourly,251,77,0.02,2.0,68.30196573247127,10.248666753852342,423,1.1309778792622518,22.93144208037825,-45.3106277634021,,0,0
hourly,252,57,0.1,2.5,68.29349176145058,11.464404662977357,412,1.1327899516968805,23.058252427184467,-50.55473314319063,,0,0
hourly,253,117,0.06,2.5,68.12740363298713,13.15252172792334,396,1.136370608406511,22.97979797979798,-55.1684546596863,,0,0
hourly,254,55,0.02,2.0,67.86068858138125,10.180150541779277,421,1.130502774718809,23.040380047505938,-63.21788299572877,,0,0
hourly,255,115,0.04,2.0,67.72267220469755,-1.884425028541581,536,1.1127439688874186,22.761194029850746,-59.14717159258329,,0,0
hourly,256,74,0.04,2.5,67.66225620856308,14.2027744085365,384,1.138248410420384,23.177083333333332,-45.15563518415334,,0,0
hourly,257,39,0.06,2.0,67.64874229646188,-7.275445367159272,592,1.1066770350346034,22.635135135135137,-58.6983133225788,83.48611243349447,0,1
hourly,258,3,0.06,2.5,67.59645725654732,17.63892046735411,354,1.1465042238125538,23.163841807909606,-54.99152088518991,,0,0
hourly,259,76,0.06,2.5,67.39758458162228,17.73485206506662,352,1.1462935750586203,23.295454545454547,-52.23431343133957,,0,0
hourly,260,52,0.06,2.5,67.30086616790447,13.047505205000288,392,1.1358716708822136,23.214285714285715,-48.25076846664135,,0,0
hourly,261,31,0.1,2.5,67.08407991100633,16.810740980385308,358,1.1445728164810283,23.18435754189944,-38.276765702117366,,0,0
hourly,262,33,0.02,2.0,66.60584647359262,7.5092152096266185,438,1.1260576489494891,23.059360730593607,-60.05348306096212,,0,0
hourly,263,109,0.02,2.5,66.58397472532427,19.292691898352366,334,1.1506763052824924,23.353293413173652,-59.358283908751474,,0,0
hourly,264,29,0.04,2.5,66.33434878801245,17.456073627208134,348,1.1463789274074494,23.275862068965516,-52.56071195429163,,0,0
hourly,265,125,0.04,2.5,66.32289597581249,16.978577077136325,352,1.1450146620306452,23.295454545454547,-52.0330388457315,71.66084100333678,0,1
hourly,266,97,0.04,2.5,65.57518938838585,13.686533933922696,376,1.1380019218074622,23.138297872340427,-43.12988170508564,,0,0
hourly,267,35,0.06,2.5,65.48243991195835,10.261275865941677,406,1.1309900344721884,23.15270935960591,-53.706499200601584,,0,0
hourly,268,71,0.1,2.0,65.38576062874968,-16.242655149887064,680,1.097667103911435,22.5,-66.86945450345107,,0,0
hourly,269,74,0.02,2.5,65.06389404517388,20.59399578183654,314,1.154950512330962,23.56687898089172,-39.98140197282947,,0,0
hourly,270,4,0.1,2.5,64.92709688734719,9.671111807580735,408,1.130195729111944,23.03921568627451,-51.68149746931816,,0,0
hourly,271,63,0.02,2.5,64.83954871208653,16.983580920850173,343,1.1457804792013138,23.323615160349853,-57.21239455377018,,0,0
hourly,272,63,0.04,2.5,64.76235746606227,13.58225877577972,372,1.1381493968814056,23.118279569892472,-60.17263609603781,,0,0
hourly,273,64,0.04,2.5,64.25803081717531,11.658361272436446,386,1.1343609081681483,23.05699481865285,-51.33069523262931,26.774570068592563,0,1
hourly,274,42,0.1,2.0,64.20630342121072,-13.095813303932058,636,1.1003871383408874,22.641509433962263,-70.17789976721713,,0,0
hourly,275,57,0.06,2.5,64.18992422591074,9.180163730590763,408,1.1294588675375712,23.03921568627451,-58.934695520898636,,0,0
hourly,276,2,0.02,2.5,63.957591494670126,17.999491434497685,329,1.1488892916942264,23.404255319148938,-53.20479227132693,,0,0
hourly,277,23,0.1,2.5,63.71756621357576,6.068452956713211,434,1.1244459035760614,22.8110599078341,-56.34252499022892,,0,0
hourly,278,36,0.04,2.0,63.55072304194718,-0.7169705864090936,499,1.1142326624647867,22.84569138276553,-63.59609163711525,,0,0
hourly,279,20,0.1,2.0,63.45350873669098,-11.744673034160613,616,1.1017809726300942,22.564935064935064,-55.047324750360914,,0,0
hourly,280,68,0.04,2.0,63.339040341007546,-8.110422940009098,575,1.1053178221341737,22.608695652173914,-59.229536803641956,,0,0
hourly,281,28,0.04,2.5,63.26913021384992,11.207763033181672,384,1.1334352614533911,23.177083333333332,-45.63457061073134,115.32987758755033,0,1
hourly,282,33,0.1,2.0,63.180412838266435,-20.206738997770124,715,1.0939401780594498,22.517482517482517,-64.66003943778732,,0,0
hourly,283,107,0.04,2.0,62.781134206812574,-7.687810210155421,567,1.1056821540073787,22.57495590828924,-68.31695114826364,,0,0
hourly,284,92,0.06,2.5,62.61433662165678,6.7328903513427685,421,1.1252055165287025,23.040380047505938,-53.25158621925505,,0,0
hourly,285,105,0.1,2.5,61.402010830013445,8.296159300434013,399,1.128298811745326,23.05764411027569,-43.97940943499133,,0,0
hourly,286,0,0.06,2.5,60.56199758180733,7.94763563914993,397,1.127508986087826,23.173803526448363,-41.896943288012814,,0,0
hourly,287,106,0.1,2.5,60.46677742039701,6.808635131156149,407,1.1263553398836044,22.85012285012285,-48.1368617403621,,0,0
hourly,288,120,0.04,1.5,60.27775535573554,-24.930617285336588,758,1.0904131775622217,22.29551451187335,-72.07537417473849,,0,0
hourly,289,34,0.02,2.5,60.15270891833897,19.968226902692663,289,1.157518556380815,23.529411764705884,-48.63723696671388,7.958848569867327,0,1
hourly,290,60,0.1,2.0,59.63823310314422,-20.281203471577502,694,1.0932831125390157,22.334293948126803,-72.04600583117214,,0,0
hourly,291,29,0.06,2.5,59.4426906515864,6.126819695762431,407,1.1250209276382186,22.85012285012285,-51.83816539237601,,0,0
hourly,292,36,0.04,2.5,59.310111033640766,12.491136356271326,348,1.1375243275401825,23.275862068965516,-48.87936492262705,,0,0
hourly,293,96,0.06,1.5,58.74222252144013,-39.749547890473146,968,1.08057481376217,22.31404958677686,-65.94325219537048,,0,0
hourly,294,37,0.06,2.5,58.49395279619938,7.1978581814867715,391,1.12691450892995,23.017902813299234,-51.28424975725612,,0,0
hourly,295,102,0.1,2.0,58.12347343731425,-20.959606486848394,693,1.0925009180196756,22.366522366522368,-64.34387787834255,,0,0
hourly,296,32,0.02,2.5,57.869230052634954,15.332726380137029,314,1.1458169653923895,23.248407643312103,-52.81492204907236,,0,0
hourly,297,18,0.04,2.5,56.881408911260145,7.1740660717354965,381,1.1277149779729077,22.834645669291337,-51.002018110699396,203.19001869923864,0,1
hourly,298,74,0.04,2.0,56.600108409999514,-7.475579437735713,526,1.1053603999794184,22.623574144486692,-53.38658680534447,,0,0
hourly,299,93,0.04,2.0,56.53728917244647,-9.978621514741315,553,1.1020954351476466,22.60397830018083,-56.45596099957502,,0,0
hourly,300,50,0.02,2.0,56.522601163905996,2.6280563604013985,422,1.1188684260394373,22.98578199052133,-57.39189538893701,,0,0
hourly,301,27,0.04,2.5,56.36972850081774,10.856045603602649,344,1.1355719659639827,22.96511627906977,-45.020157795405524,,0,0
hourly,302,29,0.04,2.0,56.35049066951456,-8.543273224109626,536,1.1040126865459716,22.574626865671643,-64.34618056935965,,0,0
hourly,303,60,0.04,2.5,56.289859812350706,6.769158340172465,381,1.1264436689591997,23.097112860892388,-53.24870942524178,,0,0
hourly,304,12,0.1,2.0,56.12236402616468,-19.177303546157543,658,1.093185878000239,22.492401215805472,-59.087300523513875,,0,0
hourly,305,77,0.02,2.5,56.07956537300049,11.875047523892256,333,1.1378004388687706,23.123123123123122,-69.8697307644712,68.45960396663469,0,1
hourly,306,8,0.1,2.5,55.704655696233814,-0.23269978517274081,445,1.1147599517718925,22.696629213483146,-50.9344354018465,,0,0
hourly,307,76,0.02,2.0,55.700667187278064,4.886158683610642,395,1.123515651179756,22.78481012658228,-56.06187621113823,,0,0
hourly,308,15,0.02,2.5,55.149144487535565,13.343675065305426,314,1.1418487126694856,23.248407643312103,-55.54028501092454,,0,0
hourly,309,72,0.04,2.5,54.92174915400136,6.365201778530283,376,1.1263186004583146,22.872340425531913,-60.45617055964498,,0,0
hourly,310,1,0.02,2.5,54.421987768234544,12.024316602560381,321,1.1392536069217853,23.052959501557634,-42.77396716397875,,0,0
hourly,311,36,0.06,2.5,54.24794838468294,6.540024263355759,370,1.1265123972725641,22.972972972972972,-49.85565849395225,,0,0
hourly,312,100,0.02,2.5,53.94522453772297,13.708317139729953,303,1.1442297662764322,23.102310231023104,-56.12970343774625,,0,0
hourly,313,67,0.02,2.0,53.70563293340369,5.211880614334019,379,1.1238704019542352,23.218997361477573,-60.47408097357489,32.83520437551519,0,1
hourly,314,41,0.04,2.0,53.697376258273934,-10.277076385013018,538,1.1016741924232125,22.676579925650557,-57.90101903017991,,0,0
hourly,315,26,0.1,2.0,53.639926801924595,-22.119356730309914,679,1.090420089625538,22.53313696612666,-69.18997559402246,,0,0
hourly,316,52,0.1,2.5,53.57285870454711,1.8075962458428574,411,1.117787821853069,22.871046228710462,-47.266721893561126,,0,0
hourly,317,80,0.06,2.0,53.510583796638535,-15.611019382556158,598,1.096076180994186,22.5752508361204,-64.28800547919667,,0,0
hourly,318,41,0.06,2.0,53.441499846976235,-15.986223950115864,602,1.0957073782224582,22.591362126245848,-73.62407423625913,,0,0
hourly,319,90,0.04,2.5,53.220994809289365,4.461506520221548,383,1.122658287989751,22.97650130548303,-50.28041995339222,,0,0
hourly,320,15,0.02,2.0,53.062015861413684,2.1818665189207165,404,1.118277363448457,23.019801980198018,-65.97075532014509,,0,0
hourly,321,92,0.02,2.5,52.66693350005431,11.863910448831216,311,1.1393539423353882,23.15112540192926,-42.11910406612635,25.23982370245146,0,1
hourly,322,31,0.06,2.5,52.14870595847556,2.5932637068713627,394,1.1196464845610823,22.84263959390863,-49.174612967019726,,0,0
hourly,323,100,0.1,2.5,51.68820189454904,5.7190764754568635,361,1.1252686447485454,22.991689750692522,-54.08860002988208,,0,0
hourly,324,67,0.06,2.5,51.55277019227151,1.4774701084560249,401,1.1172682887662444,22.942643391521198,-37.231810738586255,,0,0
hourly,325,65,0.1,2.5,51.20770021556504,-1.2564025580064864,426,1.1130280808223734,22.769953051643192,-52.23629667520092,,0,0
hourly,326,29,0.06,2.0,51.14042459995625,-18.480993487216125,617,1.0934243570991593,22.366288492706644,-62.57928195511199,,0,0
hourly,327,41,0.1,2.5,51.02427954621529,-0.8809766213752401,421,1.113455589133917,22.802850356294538,-49.606551093280984,,0,0
hourly,328,23,0.04,2.5,50.9402938344853,1.7778002910860957,394,1.1180723293997583,22.84263959390863,-62.55896361500657,,0,0
hourly,329,104,0.06,2.5,50.22323838421177,4.070115841514488,367,1.1222865326974172,22.888283378746593,-58.01326500233621,149.99925208848822,0,1
hourly,330,106,0.02,2.5,50.13167752180829,8.148000160234137,328,1.1308506050537481,23.170731707317074,-48.96739042149355,,0,0
hourly,331,95,0.02,2.5,50.05787628725964,11.614340847596871,296,1.1398305949316052,23.31081081081081,-43.7656599918996,,0,0
hourly,332,73,0.02,1.5,49.836375209381686,-12.444417225469607,537,1.098285891377385,22.532588454376164,-56.20882667949767,,0,0
hourly,333,46,0.02,2.0,49.780445263719365,-4.988902678799379,455,1.1077006204937088,22.63736263736264,-63.507153949216956,,0,0
hourly,334,59,0.06,2.5,49.71757597908437,0.8519106816518685,395,1.1164926395813757,22.78481012658228,-57.41131985733381,,0,0
hourly,335,54,0.1,2.5,49.686723344071225,1.438951541678457,389,1.1173025463507946,22.87917737789203,-44.37973133443557,,0,0
hourly,336,54,0.06,2.5,49.01562157213102,0.6807323173923407,392,1.1163535840818275,22.70408163265306,-54.35988081187385,,0,0
hourly,337,33,0.1,2.5,48.70709456217925,1.8904992142492194,378,1.1184653846217805,22.75132275132275,-49.135866147238715,214.9066749566054,0,1
hourly,338,105,0.02,1.5,48.62464638824511,-16.229295244854537,573,1.094444633267666,22.862129144851657,-61.147067379394414,,0,0
hourly,339,14,0.02,2.0,48.1778029360791,-0.3860412484204989,397,1.1140586676451545,22.92191435768262,-48.24454430747973,,0,0
hourly,340,58,0.04,2.5,47.87623671532213,2.8533762878778957,363,1.1202166673749465,22.865013774104682,-44.720797103469856,,0,0
hourly,341,121,0.1,2.5,47.76073919809758,-3.6060475077210663,427,1.1091174361933234,22.716627634660423,-50.25541160179503,,0,0
hourly,342,35,0.04,2.5,47.744200160344796,1.534464669099811,375,1.1174925558415572,22.933333333333334,-49.20498328584336,,0,0
hourly,343,55,0.06,2.5,47.3444269782964,-3.298381391073124,421,1.1098373544007947,22.565320665083135,-54.049286970495494,,0,0
hourly,344,47,0.06,2.5,47.18828230937486,-2.429024088905485,411,1.1111089173777622,22.62773722627737,-66.23266987432399,,0,0
hourly,345,25,0.1,2.5,46.84474946730959,-5.726452542244365,443,1.106127859339088,22.573363431151243,-55.33080579117882,167.81224826743752,0,1
hourly,346,53,0.06,2.5,46.827682219964764,-0.8984128825754611,393,1.113171830213221,22.900763358778626,-50.92549219783277,,0,0
hourly,347,31,0.04,2.0,46.7333528482607,-16.46316831384095,563,1.093576286673264,22.55772646536412,-65.71583736335735,,0,0
hourly,348,13,0.1,2.5,46.62094734408686,-3.774135275876289,421,1.1086238316266248,22.802850356294538,-48.32529380865394,,0,0
hourly,349,123,0.04,2.0,46.61361232411711,-14.244259772784929,536,1.0961853631478107,22.388059701492537,-55.98266572009856,,0,0
hourly,350,80,0.1,2.5,45.87152484481996,-7.840318027913284,459,1.1029485828710834,22.657952069716774,-63.75344584872793,,0,0
hourly,351,87,0.02,1.5,45.7670116689572,-15.589175245011155,546,1.094188098869518,22.52747252747253,-56.015326930960654,,0,0
hourly,352,44,0.02,2.0,45.37435915950285,-1.7821726726451992,392,1.111513103105215,22.959183673469386,-47.06641224788013,,0,0
hourly,353,108,0.1,2.5,45.032803052317185,-5.007440113805616,423,1.1066929617436796,22.69503546099291,-55.82551844468762,93.91490599309229,0,1
hourly,354,72,0.06,2.0,45.02236882586526,-20.281541760464005,598,1.0898472653573525,22.40802675585284,-61.77116397654721,,0,0
hourly,355,60,0.06,2.0,44.98497619014399,-16.795469847086064,555,1.0930202261174509,22.34234234234234,-64.57179610177666,,0,0
hourly,356,25,0.06,1.5,44.74213303991122,-46.958817549882205,1003,1.072602671920709,22.233300099700898,-60.208013378995304,,0,0
hourly,357,118,0.04,2.5,44.61296809501947,0.8838965661572606,360,1.1167489669777242,22.77777777777778,-48.44089458136427,,0,0
hourly,358,77,0.1,2.5,44.513488273940816,-6.478529194722926,435,1.104833861341258,22.528735632183906,-62.555998664035286,,0,0
hourly,359,34,0.1,2.5,44.46024521027776,-3.758548191404809,406,1.1086435220777657,22.660098522167488,-52.693258413451225,,0,0
hourly,360,103,0.02,2.0,44.41731220101492,-6.91457484527136,439,1.1039090369928224,22.779043280182233,-58.07287727408941,,0,0
hourly,361,15,0.1,2.5,44.41384395945405,-5.6023777211093195,425,1.105898615151575,22.58823529411765,-47.06135378606358,87.33783488033762,0,1
hourly,362,15,0.04,1.5,44.380775783449145,-32.922504375370046,766,1.0802955276031045,22.45430809399478,-77.53275317275823,,0,0
hourly,363,102,0.04,2.0,44.358477604828025,-17.1556017966252,555,1.092630139628683,22.34234234234234,-60.68245248391766,,0,0
hourly,364,37,0.1,2.5,44.30645938447664,-3.957488667047271,407,1.1084501323092544,22.604422604422606,-54.585418250131234,,0,0
hourly,365,91,0.1,2.0,43.83025251841652,-25.547099090640344,658,1.0850932463469902,22.340425531914892,-67.40738035252876,,0,0
hourly,366,110,0.02,1.5,43.60874667072021,-14.818780986845969,522,1.0947033764187444,22.796934865900383,-54.83205033796895,,0,0
hourly,367,51,0.06,2.5,42.68456820264246,-2.8260491737246096,384,1.1095799777678728,22.916666666666668,-51.30678054754385,,0,0
hourly,368,1,0.02,2.0,42.66986834391011,-7.765429979917071,436,1.1028738830068159,22.477064220183486,-53.16057142764448,,0,0
hourly,369,20,0.04,2.0,42.567415605258205,-15.774052924447213,526,1.0933864016012822,22.433460076045627,-57.414060004553534,59.734618237095695,0,1
hourly,370,101,0.1,2.5,41.85211066608796,-4.355758223670259,394,1.107547763183071,22.588832487309645,-54.11251042359644,,0,0
hourly,371,34,0.06,2.5,41.70731229520885,-4.16588573865001,391,1.107448053742889,22.762148337595907,-55.06683242112382,,0,0
hourly,372,81,0.1,2.0,41.47540513361969,-27.132990679931357,663,1.0832036792116377,22.322775263951733,-60.33546722650367,,0,0
hourly,373,87,0.02,2.0,41.361047389429096,-5.257883659855578,400,1.1056953571828059,22.75,-44.158621408370195,,0,0
hourly,374,11,0.06,2.0,41.284977567327495,-22.026352316264187,594,1.0871964094186324,22.39057239057239,-64.85834864190213,,0,0
hourly,375,99,0.04,2.5,40.70528824803801,-2.5301304266692415,367,1.1098935371921306,22.888283378746593,-60.36403368409944,,0,0
hourly,376,88,0.06,2.5,40.38860340990398,-4.199247274693462,382,1.1071811540024437,22.774869109947645,-49.005215318862646,,0,0
hourly,377,50,0.06,2.5,39.82315670050329,-4.298227504046537,379,1.1070618524382398,22.691292875989447,-52.694584971648005,246.50370147886406,0,1
hourly,378,81,0.02,1.5,39.70048761974283,-17.552110508389863,527,1.0914023647297875,22.201138519924097,-44.671527523269475,,0,0
hourly,379,122,0.06,2.5,39.601660120723395,-8.842568764358793,426,1.1004337285220442,22.535211267605632,-44.852450167935274,,0,0
hourly,380,15,0.1,2.0,39.55224596150535,-30.041439763776843,690,1.0805948110543546,22.17391304347826,-62.290757222323,,0,0
hourly,381,65,0.04,2.5,39.54604062585201,-2.8487651796748947,362,1.1097034621935553,22.65193370165746,-45.87462127260955,,0,0
hourly,382,81,0.04,2.0,39.414035321607344,-18.132379562174737,532,1.0897969804335708,22.55639097744361,-66.16534368186255,,0,0
hourly,383,42,0.1,2.5,39.333318157752295,-8.835330417353438,424,1.1001127470274208,22.641509433962263,-48.248525122809504,,0,0
hourly,384,41,0.02,2.0,39.16074198417559,-5.417561138123572,386,1.105008586662613,22.797927461139896,-46.189384618573484,,0,0
hourly,385,46,0.02,2.5,39.08707471611723,0.4858515106506367,325,1.1160737214922334,22.76923076923077,-64.30620610215665,176.8664384589593,0,1
hourly,386,65,0.06,2.5,39.042536575316134,-9.025833797750648,424,1.0998183295322435,22.641509433962263,-56.52199873512118,,0,0
hourly,387,117,0.02,2.5,38.74528410789417,-0.1617728420471587,329,1.1145653110232425,22.796352583586625,-54.20214964808405,,0,0
hourly,388,4,0.06,2.5,37.90813573217844,-7.851843388405921,403,1.1014369812628841,22.580645161290324,-50.23700364440795,,0,0
hourly,389,48,0.02,2.0,37.807505144376094,-10.911789146300311,436,1.0974025014710223,22.477064220183486,-65.41656498924857,,0,0
hourly,390,21,0.02,2.5,37.55662236649879,0.3791219815034941,315,1.1164424672485933,22.53968253968254,-60.65261550123176,,0,0
hourly,391,45,0.1,2.5,37.23984515320042,-7.468683861111125,394,1.1018471114376276,22.588832487309645,-58.4321887714729,,0,0
hourly,392,106,0.06,2.0,37.06698178801196,-23.671522889215,585,1.0841436753586409,22.39316239316239,-51.14965576402164,,0,0
hourly,393,79,0.02,2.5,37.05062810703663,-0.689000765574499,322,1.1138089247517904,22.67080745341615,-52.17865093971006,64.91579005251435,0,1
hourly,394,16,0.06,2.5,36.87067854444115,-5.945237648144152,375,1.1038421860625995,22.666666666666668,-53.2954191426464,,0,0
hourly,395,121,0.04,2.5,36.47327617136613,-6.5934894793974745,379,1.102695134139054,22.691292875989447,-53.38330583765713,,0,0
hourly,396,43,0.1,2.0,36.4059563804924,-29.323238076901482,657,1.0799453092641913,22.22222222222222,-64.40786625755786,,0,0
hourly,397,11,0.1,2.5,36.39559758664572,-10.491233907738618,421,1.0979200071021715,22.327790973871736,-60.92466393535945,,0,0
hourly,398,10,0.1,2.0,36.23864009589701,-27.620852381334316,632,1.0810175460889626,22.310126582278482,-53.45775863593436,,0,0
hourly,399,100,0.04,2.5,36.052744787242474,-6.69500101299424,377,1.102797690510277,22.546419098143236,-48.497068185509384,,0,0
hourly,400,4,0.02,2.5,36.04338747884908,-1.0239129308460049,318,1.1130723110886371,22.641509433962263,-41.36932748405473,,0,0
hourly,401,21,0.04,2.5,35.942943996035396,-5.738367762516516,366,1.1037627415650473,22.950819672131146,-60.196796154941346,178.99265882771073,0,1
hourly,402,119,0.02,2.0,35.65831818719325,-9.809438090088019,408,1.0981603366282235,22.54901960784314,-56.100092425407155,,0,0
hourly,403,22,0.02,2.5,35.57176542230296,-1.367660937554871,318,1.111734926042596,22.955974842767297,-50.19997574213513,,0,0
hourly,404,95,0.04,2.5,35.372776327760704,-5.283773405188208,357,1.1046343831857177,22.689075630252102,-61.89624200760912,,0,0
hourly,405,72,0.1,2.5,35.26925092809685,-12.554120426085614,436,1.094311907473325,22.477064220183486,-65.09471942032678,,0,0
hourly,406,102,0.06,2.5,35.1041263660709,-10.983462019011437,417,1.0960940227560034,22.54196642685851,-52.72809279508146,,0,0
hourly,407,62,0.06,2.5,34.629887335831235,-13.8352922227854,446,1.0928402082131137,22.42152466367713,-56.63703288274272,,0,0
hourly,408,9,0.04,2.0,34.541413623731884,-22.639896453896235,553,1.084226408443076,22.24231464737794,-64.27146363211862,,0,0
hourly,409,54,0.06,2.0,34.37280217652241,-29.253477627309763,641,1.0792983389763142,22.152886115444616,-70.7010060820334,13.419015935418566,0,1
hourly,410,94,0.06,2.5,34.32717617268661,-12.553005021542385,429,1.0941233752327317,22.377622377622377,-60.45218848377829,,0,0
hourly,411,29,0.1,2.0,34.26599038319329,-30.014081302154004,651,1.0785905085043228,22.27342549923195,-54.358151044373095,,0,0
hourly,412,38,0.1,2.5,33.88879756447394,-11.60843714439398,415,1.09525307624908,22.40963855421687,-55.1711733886866,,0,0
hourly,413,57,0.04,2.5,33.45981475074367,-10.55878517372194,400,1.0964577715515893,22.5,-52.42826033806709,,0,0
hourly,414,83,0.1,2.0,33.44088739079347,-34.43424691533929,710,1.0755625827389403,22.112676056338028,-73.26133870965943,,0,0
hourly,415,26,0.04,2.0,33.42767018018971,-22.431383819502372,542,1.0834865968213092,22.509225092250922,-65.89176463628958,,0,0
hourly,416,68,0.1,2.0,33.237629499947886,-28.289080286314515,619,1.0793002554753819,22.132471728594506,-53.604818218520634,,0,0
hourly,417,49,0.04,2.5,33.085692675050794,-9.459737466935614,385,1.0979554835720247,22.337662337662337,-48.91366485624168,350.5272657427974,0,1
hourly,418,14,0.06,2.5,32.940394280336236,-6.801086645802956,355,1.101820981002637,22.535211267605632,-41.258745774595404,,0,0
hourly,419,95,0.1,2.5,32.938863210979164,-9.287717784866834,382,1.0978258684887896,22.513089005235603,-44.007009661750395,,0,0
hourly,420,97,0.04,2.0,32.91309854123163,-25.6154622115504,580,1.08113792261899,22.24137931034483,-60.94453358563459,,0,0
hourly,421,48,0.04,2.5,32.77739845419685,-5.978491225803939,345,1.1028912365670909,22.608695652173914,-50.261328782309334,,0,0
hourly,422,44,0.04,2.0,32.60890592532735,-20.39853204515003,510,1.0853912991499959,22.54901960784314,-64.06654241219042,,0,0
hourly,423,54,0.1,2.0,32.541314127726274,-29.37495851007811,629,1.0783805054313047,22.09856915739269,-58.62649382698187,,0,0
hourly,424,56,0.1,2.0,32.46851868265313,-29.83658256658226,635,1.0778637129341766,22.20472440944882,-49.59961728365945,,0,0
hourly,425,46,0.06,2.5,32.295594906303094,-11.161963124495555,398,1.0948475583060273,22.613065326633166,-42.38567991688071,194.14734286212578,0,1
hourly,426,91,0.04,2.5,32.28199453365037,-6.423808507128315,346,1.1022698519119163,22.54335260115607,-50.11083236224594,,0,0
hourly,427,97,0.1,2.5,32.12514852280055,-11.276548852586899,398,1.094626315621026,22.613065326633166,-42.6538648107674,,0,0
hourly,428,49,0.06,2.0,32.118535387814816,-26.943644050097014,592,1.0795999954948383,22.2972972972973,-55.76528626839441,,0,0
hourly,429,86,0.04,2.5,31.93129969333832,-9.885588107171039,381,1.0964257588622344,22.57217847769029,-57.902661718877994,,0,0
hourly,430,48,0.04,2.0,31.583500635877492,-22.81230748008255,533,1.0832499811290537,22.138836772983115,-60.22531572461658,,0,0
hourly,431,93,0.1,2.0,31.41346945493013,-31.36469717159577,649,1.076553151942096,22.033898305084747,-63.63755249340768,,0,0
hourly,432,48,0.1,2.0,31.29400933732058,-31.70145240354858,653,1.0762202440631716,22.2052067381317,-68.6446749471635,,0,0
hourly,433,13,0.04,2.5,30.519804827238104,-9.863673659500439,370,1.0963251326590442,22.43243243243243,-57.7256480333411,301.12150535218734,0,1
hourly,434,55,0.02,1.5,30.375538950415848,-26.15522318041732,568,1.0796251957160856,22.183098591549296,-75.64810167082511,,0,0
hourly,435,20,0.06,2.5,30.36980993350289,-15.471290792035441,433,1.0892543154752048,22.401847575057737,-51.25362010911137,,0,0
hourly,436,125,0.1,2.5,30.337043705676848,-13.089733077221766,405,1.0918450482917164,22.469135802469136,-53.83923035804907,,0,0
hourly,437,106,0.04,1.5,29.992057790900397,-40.869313626575746,787,1.0702874270673688,22.236340533672173,-79.43931793617385,,0,0
hourly,438,20,0.04,2.5,29.831661832491974,-7.234229085948051,336,1.0997673479576018,22.61904761904762,-39.01260355138745,,0,0
hourly,439,90,0.04,2.0,29.571903510232247,-26.90430431067663,572,1.0783318419002517,22.552447552447553,-68.38102984256543,,0,0
hourly,440,124,0.04,2.5,29.42784995535184,-10.618434930977472,370,1.094738973054103,22.43243243243243,-45.76136511437393,,0,0
hourly,441,108,0.06,2.5,28.89067676144299,-14.140785293869772,406,1.0897526931346642,22.413793103448278,-58.46540161303291,381.56536884610597,0,1
hourly,442,116,0.06,2.5,28.792519749762246,-15.738828049075881,424,1.0879484055942328,22.40566037735849,-49.35728323245574,,0,0
hourly,443,57,0.04,2.0,28.770406519052273,-25.14149259228329,542,1.079746837512061,22.14022140221402,-56.161917250789585,,0,0
hourly,444,3,0.1,2.0,28.76750664931016,-28.65555050938139,590,1.0766145704805479,22.372881355932204,-54.737673498946585,,0,0
hourly,445,9,0.1,2.5,28.678972602273454,-15.897151670497722,425,1.0876027094316323,22.352941176470587,-56.75078124916584,,0,0
hourly,446,119,0.1,2.5,28.66566551433327,-14.462349415762766,408,1.0894335219616316,22.30392156862745,-56.24312642732825,,0,0
hourly,447,118,0.06,2.5,28.629584670574527,-15.423110156728558,419,1.0881111830886074,22.43436754176611,-51.213977727979376,,0,0
hourly,448,13,0.02,2.0,28.357064339329185,-16.192384616918186,426,1.087778652155842,22.300469483568076,-65.01076088006413,,0,0
hourly,449,21,0.04,2.0,28.04372000085087,-25.265846160642404,538,1.078884289490492,22.490706319702603,-71.43302711762419,89.71094671866717,0,1
hourly,450,51,0.02,2.5,27.88344368466924,-6.966501616040066,318,1.0997936175241387,22.641509433962263,-49.99953852270138,,0,0
hourly,451,38,0.06,2.5,27.846038505943227,-14.324262808921018,400,1.0888420012864486,22.5,-67.70644871298414,,0,0
hourly,452,75,0.06,2.5,27.780726788945852,-13.593303576660942,391,1.0899546698771514,22.506393861892583,-50.179386091491686,,0,0
hourly,453,65,0.1,2.0,27.443739199370796,-35.40984646703137,679,1.0723807231723281,22.091310751104565,-66.51924047873761,,0,0
hourly,454,17,0.1,2.0,27.40292954845007,-36.26532011488647,692,1.0719116286182604,21.965317919075144,-64.79765191285784,,0,0
hourly,455,114,0.1,2.5,27.221722682745984,-14.486663492605933,397,1.0885081711331743,22.418136020151135,-45.20722061974251,,0,0
hourly,456,107,0.02,2.5,27.01425531282553,-10.15338985286035,346,1.094035209929909,22.54335260115607,-64.19945591500014,,0,0
hourly,457,37,0.06,2.0,27.01399697333853,-32.52615206736421,632,1.0739968403274902,21.99367088607595,-65.00794020919558,97.32973740099031,0,1
hourly,458,53,0.04,2.5,26.90307783003476,-12.88866847708704,376,1.0906313256606033,22.340425531914892,-58.04055606341054,,0,0
hourly,459,44,0.1,2.5,26.857828033444918,-16.67258172231899,420,1.0857606561294795,22.38095238095238,-54.39733844197865,,0,0
hourly,460,8,0.02,2.5,26.79840267809821,-7.8484023146585535,319,1.0976297702281752,22.570532915360502,-59.63472213181247,,0,0
hourly,461,17,0.02,2.5,25.744919947629707,-7.231898389401426,304,1.0985697763051139,22.36842105263158,-45.1054576480563,,0,0
hourly,462,53,0.02,2.5,25.659408081024026,-5.798043092415961,288,1.1009780218281218,22.569444444444443,-53.61453641368148,,0,0
hourly,463,12,0.04,2.0,25.558739317145296,-32.0193515722236,613,1.0735913338686391,22.185970636215334,-68.57016697582092,,0,0
hourly,464,44,0.04,2.5,25.55584816416381,-13.900670774390367,377,1.0882369869234476,22.546419098143236,-61.49084354572453,,0,0
hourly,465,96,0.1,2.5,25.43026022211805,-17.529016870697856,419,1.0842057041766462,22.43436754176611,-43.320051720059595,164.70958856879716,0,1
hourly,466,55,0.04,2.5,25.307482352815704,-14.927048437010926,387,1.0867997416563127,22.48062015503876,-51.2004221133612,,0,0
hourly,467,119,0.06,2.0,25.19736419403531,-30.426603294359257,587,1.0736212285782505,22.146507666098806,-66.6524314949545,,0,0
hourly,468,95,0.06,2.5,25.065360482714794,-13.634114209861782,370,1.0884747511881103,22.43243243243243,-52.78987276374275,,0,0
hourly,469,5,0.02,2.5,25.041719999034306,-8.761620099723855,315,1.095256411664501,22.53968253968254,-42.52051704652319,,0,0
hourly,470,122,0.1,2.5,24.838198088009822,-17.009265897799065,408,1.0843300612292024,22.30392156862745,-52.549383347535716,,0,0
hourly,471,64,0.04,2.0,24.737483222709034,-29.138740771983983,565,1.0743834055781574,22.123893805309734,-59.294392989571485,,0,0
hourly,472,71,0.02,2.0,24.605532276587773,-18.48107112967341,424,1.0834043842382193,22.169811320754718,-63.80438827613346,,0,0
hourly,473,98,0.04,2.0,24.209092076383666,-26.776334492332275,528,1.0754799099310943,22.348484848484848,-53.172443132969875,202.59573254687115,0,1
hourly,474,32,0.06,2.5,24.13290194148312,-19.920713977035266,438,1.0814369411304714,22.14611872146119,-48.787082814121085,,0,0
hourly,475,10,0.02,2.5,23.96967798938332,-6.786511667057793,285,1.098553865269897,22.45614035087719,-71.16812326644413,,0,0
hourly,476,35,0.1,2.0,23.878549374696647,-35.174928867099496,647,1.070787850882966,22.256568778979908,-74.33012818864835,,0,0
hourly,477,15,0.06,2.5,23.821079917826825,-16.774892337636814,397,1.0839613109247752,22.418136020151135,-44.55106188332554,,0,0
hourly,478,125,0.06,2.5,23.797713768984696,-16.540086644627216,394,1.084318213051103,22.33502538071066,-56.81792790254634,,0,0
hourly,479,5,0.06,2.0,23.755619702569362,-33.663791071535535,623,1.0716080635963883,21.990369181380416,-67.14678592644037,,0,0
hourly,480,38,0.02,2.0,23.426853747235256,-17.62012285349883,404,1.0838321696695614,22.277227722772277,-67.6901775278152,,0,0
hourly,481,60,0.04,2.0,23.4131527130921,-30.10253476162609,568,1.073361514137237,22.183098591549296,-63.48347598670134,242.9672103200777,0,1
hourly,482,69,0.02,2.0,23.065184044332064,-18.434888313608088,411,1.081917716943008,22.38442822384428,-64.57666286173489,,0,0
hourly,483,120,0.02,2.5,22.881633660795075,-8.526469148762782,295,1.0954227865836406,22.372881355932204,-61.53645183652284,,0,0
hourly,484,37,0.02,2.0,22.78657131854458,-21.343409314614004,445,1.0794625032312344,22.02247191011236,-45.49778642942117,,0,0
hourly,485,98,0.04,1.5,22.784236083134978,-46.3977141618419,828,1.0651039855149727,21.980676328502415,-66.18864729782265,,0,0
hourly,486,112,0.02,2.0,22.698322082221157,-20.370637018523908,432,1.0803607953039736,22.22222222222222,-49.39074099740889,,0,0
hourly,487,2,0.06,2.0,22.49173240616853,-27.42750222617838,523,1.0743220118275811,22.179732313575524,-59.24226183995198,,0,0
hourly,488,46,0.1,2.0,22.340186333697254,-35.5945769716007,641,1.0695266737915792,22.152886115444616,-54.58419181760846,,0,0
hourly,489,45,0.04,2.5,22.01825260412531,-16.66314598041858,381,1.082927879525215,22.30971128608924,-54.9746802613932,140.04389217026775,0,1
hourly,490,115,0.06,2.5,21.854026125750092,-19.56082080122351,415,1.0799832310428223,22.16867469879518,-59.49813714269332,,0,0
hourly,491,18,0.04,2.0,21.80248480589522,-27.980073433403373,525,1.0731510346374888,22.095238095238095,-52.12119934081976,,0,0
hourly,492,25,0.06,2.5,21.668974189233303,-19.118250392963652,408,1.080100088750454,22.30392156862745,-53.77313856018881,,0,0
hourly,493,28,0.1,2.5,21.557003763439653,-18.13410562214467,395,1.0810712099334312,22.27848101265823,-49.82721354567416,,0,0
hourly,494,46,0.1,2.5,21.525848001810655,-16.332244467346957,373,1.0829894850863433,22.25201072386059,-44.486020195924695,,0,0
hourly,495,102,0.02,2.5,21.480452092876632,-11.716923027263759,319,1.0888736891901054,22.25705329153605,-64.94249965953472,,0,0
hourly,496,40,0.04,2.5,21.287308373413172,-16.245426530431327,370,1.0826723935526934,22.43243243243243,-58.775757545332006,,0,0
hourly,497,108,0.1,2.0,21.247630786408145,-39.28673838011058,691,1.066780675455961,22.14182344428365,-64.65612017959914,-1.6595681447723498,0,1
hourly,498,11,0.1,2.0,21.212125095688037,-37.32849356907929,659,1.068055865190077,22.003034901365705,-65.14544454378768,,0,0
hourly,499,91,0.06,2.0,20.95043538057888,-32.72232128550269,586,1.0702632757207362,22.18430034129693,-59.8591532946674,,0,0
hourly,500,89,0.06,2.0,20.706939570965833,-39.01057055462126,682,1.0665836785127953,22.14076246334311,-67.51652606400543,,0,0
hourly,501,93,0.06,2.5,20.66710512952328,-18.162309927529176,388,1.080447796899635,22.164948453608247,-50.063363036099815,,0,0
hourly,502,86,0.04,2.0,20.54299346166708,-29.29424149373604,533,1.0714607331002723,22.138836772983115,-69.31994035562896,,0,0
hourly,503,5,0.04,2.0,20.36094033591138,-30.73136614394678,552,1.0704748856249406,22.10144927536232,-66.06985052027112,,0,0
hourly,504,105,0.02,2.0,20.158918347464862,-21.864069544930643,430,1.0772488853151656,22.325581395348838,-72.00922776800829,,0,0
hourly,505,25,0.1,2.0,19.940821439745203,-36.54180058208877,636,1.0675426779278172,22.0125786163522,-64.08758219228483,150.29918020963572,0,1
hourly,506,87,0.04,2.0,19.898339948607656,-35.08627254567346,613,1.0678152908455465,22.185970636215334,-64.4383311809721,,0,0
hourly,507,30,0.04,2.5,19.86952015017438,-19.594409691577685,399,1.0784065323997587,22.305764411027567,-51.277183141254135,,0,0
hourly,508,14,0.1,2.5,19.571231167861814,-21.069115995715993,415,1.0767892211034737,22.16867469879518,-49.13056239396785,,0,0
hourly,509,21,0.06,2.5,19.50406652225183,-19.919939716208003,400,1.077807012912027,22.25,-52.363965643883084,,0,0
hourly,510,117,0.06,2.0,19.460723922959545,-35.25851210997918,612,1.0674747627000547,22.058823529411764,-70.84277657079355,,0,0
hourly,511,59,0.04,2.0,19.29997742887344,-29.53210539363569,526,1.0707963326645846,22.0532319391635,-56.21970752211026,,0,0
hourly,512,47,0.04,2.5,19.03927387284554,-17.799531720181825,370,1.079841369894338,22.16216216216216,-48.307035001174505,,0,0
hourly,513,57,0.1,2.0,18.992123768880976,-39.02940449422264,668,1.0659316029652899,22.005988023952096,-74.79511218931401,158.9731748202491,0,1
hourly,514,48,0.02,1.5,18.58383232443721,-31.756052219532926,552,1.06960308087285,22.10144927536232,-63.31027757401717,,0,0
hourly,515,17,0.04,2.5,18.529410504695388,-19.129054579863368,382,1.0776084084342035,22.25130890052356,-55.855647105119324,,0,0
hourly,516,12,0.02,2.0,18.484353786135422,-21.237984483055882,408,1.0769231613902628,22.058823529411764,-48.2000306005539,,0,0
hourly,517,7,0.02,2.5,18.403819276267264,-13.437008270961526,313,1.0843607382255798,22.364217252396166,-42.69815248718645,,0,0
hourly,518,21,0.1,2.5,18.23918394664643,-19.891139931069436,389,1.0768013048002618,22.36503856041131,-54.9713601726185,,0,0
hourly,519,109,0.1,2.0,18.116932289496003,-38.869320066152824,658,1.065741871715704,21.88449848024316,-66.54867898147327,,0,0
hourly,520,45,0.06,2.0,17.71047400453709,-36.2085966552939,612,1.0664200009487041,22.058823529411764,-46.196978213426696,,0,0
hourly,521,56,0.04,2.5,17.70713697992492,-20.72949705313333,395,1.076123312815303,22.025316455696203,-66.95192323656178,165.4235037330855,0,1
hourly,522,102,0.02,2.0,17.631182784827782,-20.85982145706322,396,1.0753999601206692,22.22222222222222,-59.65364779685351,,0,0
hourly,523,114,0.1,2.0,17.315663419145967,-40.72599941692479,682,1.0641867851825972,21.994134897360702,-75.10339053754029,,0,0
hourly,524,76,0.1,2.5,17.306554378791606,-22.87503975095997,419,1.073427508245917,22.195704057279237,-49.96776918554987,,0,0
hourly,525,84,0.06,2.5,17.274753786557827,-21.49381514078581,401,1.0745531363473193,22.194513715710723,-53.17727371763614,,0,0
hourly,526,20,0.06,2.0,17.21518532787707,-38.41887110442662,643,1.0653949582050892,22.08398133748056,-75.9193361328137,,0,0
hourly,527,107,0.02,2.0,17.04400911316286,-24.950423396068366,444,1.0717864274482265,22.2972972972973,-70.02569846701748,,0,0
hourly,528,106,0.02,2.0,16.92452516603431,-24.120851050116375,432,1.0723670873787547,22.22222222222222,-63.79365926146199,,0,0
hourly,529,73,0.1,2.0,16.125521976585787,-38.562589797374514,636,1.0644555502338369,22.0125786163522,-63.47637376115078,7.510703531862983,0,1
hourly,530,93,0.1,2.5,15.721527519514167,-21.51976668845088,388,1.0732295179181583,22.164948453608247,-44.41954559658502,,0,0
hourly,531,87,0.1,2.5,15.698425207095035,-22.859620525411472,405,1.0719917931569893,22.22222222222222,-58.71374768464291,,0,0
hourly,532,113,0.02,2.5,15.660669331567224,-16.034603505803357,320,1.0784936650380068,22.1875,-39.843459611236085,,0,0
hourly,533,30,0.06,2.0,15.62661712391662,-36.07158239546228,592,1.0652928820986645,21.95945945945946,-58.8173429937265,,0,0
hourly,534,0,0.06,2.0,15.546958880417549,-36.498266852541065,598,1.0647749988523594,22.073578595317727,-58.143672652437715,,0,0
hourly,535,117,0.1,2.5,15.083252029921358,-23.882400513884395,413,1.070969902413926,22.033898305084747,-52.48474507568596,,0,0
hourly,536,32,0.02,2.0,15.066097236268794,-24.803185225186652,425,1.0707565118379205,22.11764705882353,-73.830982249181,,0,0
hourly,537,86,0.06,2.0,14.731111370471561,-36.75697653200499,595,1.0639449376274224,21.84873949579832,-66.13072662302774,-14.50982425720866,0,1
hourly,538,112,0.04,2.5,14.729085572329215,-22.34935190842998,390,1.0719809930934647,22.05128205128205,-58.859233652041844,,0,0
hourly,539,51,0.04,2.0,14.688370428902164,-33.80082421916975,549,1.0652662889436142,21.85792349726776,-57.70840539667037,,0,0
hourly,540,58,0.02,2.0,14.687503626281217,-24.068714161154247,412,1.070730457800107,22.0873786407767,-54.447779177516665,,0,0
hourly,541,127,0.04,2.5,14.561149530715745,-23.158538312237585,399,1.0710582749861508,22.05513784461153,-58.57665846391307,,0,0
hourly,542,3,0.04,2.0,14.371304636356452,-34.57656763949182,558,1.064747363287714,22.043010752688172,-68.62536796816894,,0,0
hourly,543,119,0.02,2.5,14.291060363077722,-15.942955661680392,307,1.0773274891836797,22.149837133550488,-48.69675419350612,,0,0
hourly,544,32,0.1,2.0,13.88907517648672,-40.70431450918078,652,1.061934142761577,21.932515337423315,-71.69950194468298,,0,0
hourly,545,7,0.1,2.5,13.851171053566414,-22.401912208515995,383,1.0706414546634435,22.193211488250654,-47.85953920562351,116.03822134042865,0,1
hourly,546,69,0.04,2.5,13.751781933251372,-21.532492978379235,371,1.071238375639578,22.10242587601078,-60.45931141926357,,0,0
hourly,547,79,0.1,2.5,13.529009290727355,-25.21140313205691,417,1.068389439401126,22.062350119904078,-47.826219280791946,,0,0
hourly,548,85,0.1,2.0,13.520466322693636,-41.191589308561504,657,1.061565836002134,21.91780821917808,-65.93235238880561,,0,0
hourly,549,44,0.02,2.5,13.494662696760162,-17.937786121601928,324,1.0740342437441386,22.22222222222222,-49.3075205424525,,0,0
hourly,550,110,0.02,1.0,13.486344141512973,-41.32784906325939,659,1.0621508750970627,22.154779969650985,-55.18528278013801,,0,0
hourly,551,81,0.06,2.0,13.42028942915765,-39.99540514510224,636,1.0622240472748983,22.0125786163522,-64.1494531393468,,0,0
hourly,552,2,0.1,2.0,13.039312393128078,-41.382325835593456,656,1.0609702519116073,21.951219512195124,-70.81364489788142,,0,0
hourly,553,49,0.1,2.0,13.034055004612144,-41.85275276039603,664,1.0608456391584473,21.987951807228917,-59.50520474657842,44.49203333985867,0,1
hourly,554,33,0.04,2.5,12.91591547103479,-21.56221969650929,364,1.0709300082428397,21.978021978021978,-57.84390050004649,,0,0
hourly,555,61,0.04,2.5,12.867742485439093,-23.072861116177535,383,1.0691311423318304,22.193211488250654,-57.77818486969899,,0,0
hourly,556,40,0.04,2.0,12.65388006537198,-33.99241868873221,534,1.0634748188990093,21.910112359550563,-56.29153817877661,,0,0
hourly,557,92,0.02,2.0,12.622174413332953,-26.69622830278424,429,1.0673482128978342,22.144522144522146,-64.67902291029873,,0,0
hourly,558,26,0.06,2.0,12.443567215317696,-38.882021493689535,609,1.0614980498752302,21.839080459770116,-57.21328145563871,,0,0
hourly,559,105,0.06,2.5,12.20064751069958,-22.603531629406802,371,1.068748378932098,22.10242587601078,-67.69540412616053,,0,0
hourly,560,17,0.02,2.0,11.898557660826592,-25.991006653886572,413,1.0669526966111968,21.791767554479417,-70.89060827032756,,0,0
hourly,561,13,0.02,2.5,11.875535917093426,-18.21381943407313,313,1.072110829558807,22.044728434504794,-48.358951044745965,78.42012007129149,0,1
hourly,562,46,0.04,2.0,11.714499674271162,-35.324885118868245,546,1.061772419573656,21.978021978021978,-61.23530539022778,,0,0
hourly,563,88,0.02,2.5,11.38955434290654,-18.97633400426374,318,1.0707143102742276,22.32704402515723,-48.402229424518595,,0,0
hourly,564,111,0.1,2.0,11.329799585783062,-43.80919138029271,683,1.05891736403739,21.815519765739385,-61.965920794231835,,0,0
hourly,565,12,0.04,2.5,11.262002253004443,-22.712061644634417,364,1.0676526098177255,22.252747252747252,-47.27066622367558,,0,0
hourly,566,98,0.1,2.5,10.887729148185699,-26.439373845153746,410,1.0650790483102206,21.951219512195124,-51.41386670580298,,0,0
hourly,567,107,0.06,2.5,10.299520621254143,-26.16761483734189,401,1.0645439860612138,21.945137157107233,-44.61623741207603,,0,0
hourly,568,85,0.06,2.5,10.096909429338098,-26.74555098984048,407,1.0648521820205625,22.11302211302211,-53.3633986962197,,0,0
hourly,569,29,0.1,2.5,9.963853364178465,-26.760229446586315,406,1.064036446028998,21.92118226600985,-37.28302388656514,277.706934257466,0,1
hourly,570,104,0.02,2.0,9.79036882417157,-30.167808976121478,452,1.0627408674872878,21.902654867256636,-66.60157499696895,,0,0
hourly,571,109,0.02,1.5,9.255520659993156,-36.87665579617331,548,1.0591485128322058,22.080291970802918,-62.21452121276112,,0,0
hourly,572,0,0.1,2.5,9.032511221121764,-26.94351575061572,400,1.0626812931039349,22.0,-53.54472055754638,,0,0
hourly,573,123,0.04,2.5,8.94916324762769,-23.25169230336799,350,1.06444044811031,22.0,-50.200051934251164,,0,0
hourly,574,9,0.02,2.5,8.607738213855853,-20.922431058240743,317,1.0654932886529138,22.082018927444796,-44.62381839918967,,0,0
hourly,575,6,0.1,2.5,8.525217808939711,-28.007924410119365,410,1.06133789864711,21.951219512195124,-54.5683714699865,,0,0
hourly,576,71,0.06,2.0,8.51368308730962,-41.079069020770206,610,1.0574660969562872,21.80327868852459,-63.00757539455613,,0,0
hourly,577,125,0.04,2.0,8.218078766493452,-37.41391368660313,547,1.0583515471748555,21.755027422303474,-69.5075883044723,162.39490695912536,0,1
hourly,578,8,0.04,2.0,7.930074729727288,-39.184532641114565,573,1.0574370760539555,21.81500872600349,-54.73204362154731,,0,0
hourly,579,97,0.02,2.0,7.66530258611704,-28.292283523255858,406,1.0601538200676857,21.92118226600985,-42.44738134412359,,0,0
hourly,580,61,0.06,2.5,7.660918916157589,-28.07993663458156,403,1.0608786151705454,21.83622828784119,-48.80646407919672,,0,0
hourly,581,126,0.04,2.5,7.658950495791927,-27.43022019463195,394,1.0611742878222363,21.82741116751269,-61.22141099900242,,0,0
hourly,582,112,0.1,2.0,7.585389511075968,-46.51069221540671,698,1.055710194439858,21.91977077363897,-61.83758778670121,,0,0
hourly,583,73,0.06,2.5,7.526877827133793,-28.74223673706078,411,1.0598594134854558,21.8978102189781,-51.31708760214701,,0,0
hourly,584,36,0.02,2.5,7.067552948610567,-23.819764096316764,340,1.062118525267633,21.764705882352942,-65.13287767253215,,0,0
hourly,585,68,0.02,2.5,6.944989933279544,-22.4452639060969,321,1.0621144684742163,21.806853582554517,-48.525962813590496,156.25027434665256,0,1
hourly,586,96,0.02,2.0,6.835148959545934,-30.187012909235733,425,1.0587439097068034,22.11764705882353,-72.02933782946211,,0,0
hourly,587,115,0.06,2.0,6.663436224012997,-42.604412351394025,619,1.055661760439279,21.809369951534734,-74.5229990963525,,0,0
hourly,588,36,0.1,2.5,6.569480421787599,-28.666830024662794,401,1.0587868398235631,21.945137157107233,-58.27813390566183,,0,0
hourly,589,114,0.02,2.5,6.209842029029056,-23.898939363135685,333,1.0603045242472808,21.92192192192192,-59.70891990256286,,0,0
hourly,590,54,0.04,2.5,6.180963931744454,-23.843492980263402,332,1.0603033589377835,21.987951807228917,-53.2679432870186,,0,0
hourly,591,88,0.04,2.5,5.528650477744623,-29.997898021808112,410,1.057028013804717,21.951219512195124,-50.61439037298339,,0,0
hourly,592,6,0.06,2.0,5.221555987200066,-43.15386326881647,615,1.0543604880124589,21.788617886178862,-54.430922733083676,,0,0
hourly,593,25,0.06,2.0,5.077786341436141,-44.1896945980359,632,1.0539765468259836,21.835443037974684,-67.18929399723041,364.01961514601453,0,1
hourly,594,75,0.1,2.5,4.819235225970342,-29.062754633770727,390,1.056762990280625,21.794871794871796,-58.06674381866679,,0,0
hourly,595,126,0.1,2.0,4.726369612561476,-45.31520437308193,649,1.053321745315973,21.879815100154083,-60.73810755481524,,0,0
hourly,596,81,0.02,2.5,4.570710153325708,-22.712502999712193,302,1.058177389864232,21.85430463576159,-47.82443161111337,,0,0
hourly,597,70,0.04,2.5,4.534710218423776,-25.921104700037013,344,1.0571957323073684,22.093023255813954,-64.64943355312339,,0,0
hourly,598,48,0.1,2.5,4.4407711979362,-30.789484421882463,411,1.0552608541082629,21.8978102189781,-55.4350503928634,,0,0
hourly,599,52,0.06,2.0,4.144894930222032,-44.57461841542111,630,1.0527447998614103,21.904761904761905,-63.009840341632106,,0,0
hourly,600,70,0.06,2.5,4.131009624253901,-30.300629142415847,401,1.0552342286042624,21.69576059850374,-53.893022943273735,,0,0
hourly,601,99,0.02,2.5,4.090550902343604,-23.605124538911436,309,1.0569435318839238,22.006472491909385,-55.775037167993034,84.34487329804223,0,1
hourly,602,74,0.02,1.5,4.020236430128588,-39.117206493975374,535,1.0537689154737984,22.05607476635514,-66.15421818643921,,0,0
hourly,603,62,0.02,2.5,3.996623774982222,-23.060383037012734,301,1.0571463567730959,21.92691029900332,-43.22079132942186,,0,0
hourly,604,68,0.04,2.5,3.980771003361272,-30.54059492853377,403,1.054913920136757,21.83622828784119,-56.88625173008675,,0,0
hourly,605,53,0.1,2.0,3.8472500650926778,-45.447998099135575,643,1.0526941097628977,21.77293934681182,-68.44516215598549,,0,0
hourly,606,39,0.06,2.5,3.567305470155957,-29.84026797399084,389,1.0541854937790434,21.85089974293059,-47.80371563670835,,0,0
hourly,607,125,0.02,2.0,3.335180896798673,-34.86688732873545,461,1.0537218915044,21.691973969631235,-65.32911764564831,,0,0
hourly,608,59,0.02,2.5,3.084078762749387,-25.54686343837981,325,1.0546964358372606,21.846153846153847,-63.58358650582018,,0,0
hourly,609,0,0.04,2.5,2.920739277353679,-29.928986746197072,384,1.0534100015010806,21.875,-59.92979847720727,136.0087546516714,0,1
hourly,610,101,0.04,2.0,2.6838881394305014,-40.4985914794335,545,1.051933417166379,21.834862385321102,-66.10881075010752,,0,0
hourly,611,55,0.02,2.5,2.634915140457461,-26.610045809090742,335,1.0536057407808876,21.791044776119403,-71.98890926724,,0,0
hourly,612,90,0.06,2.5,2.3163022879761908,-29.428264153586447,371,1.0525577778615376,21.83288409703504,-55.01629366783225,,0,0
hourly,613,2,0.04,2.5,2.2914975114928016,-32.21534685576324,411,1.052547595106364,21.65450121654501,-64.06032943116362,,0,0
hourly,614,69,0.1,2.5,2.249176647861706,-31.903246021768407,406,1.0519794887172094,21.92118226600985,-55.21490629162034,,0,0
hourly,615,16,0.1,2.5,2.2086583368774004,-34.20866268139879,440,1.051936068333083,21.818181818181817,-48.23509985919563,,0,0
hourly,616,43,0.1,2.5,2.009508786103553,-30.96584595676054,390,1.051748476053559,21.794871794871796,-70.1420754383296,,0,0
hourly,617,10,0.06,2.0,1.9332534546208313,-43.36652482826765,587,1.0511468932289978,21.80579216354344,-54.43827322906463,4.084082600094963,0,1
hourly,618,18,0.1,2.5,1.6166607748135498,-32.93199205294712,415,1.0511529141302314,21.686746987951807,-51.153853083582554,,0,0
hourly,619,113,0.06,2.5,1.5562987669788475,-30.51208809019137,379,1.0515494034118937,21.899736147757256,-40.63810525467385,,0,0
hourly,620,125,0.06,2.0,1.5205672640537626,-45.538278648068534,622,1.0503703030053761,21.864951768488744,-69.72344405871391,,0,0
hourly,621,77,0.02,1.5,1.2929648529415916,-42.69955060987065,569,1.0513459763203654,21.61687170474517,-69.36861496548538,,0,0
hourly,622,56,0.04,2.0,1.2453612450437523,-43.466407961790864,582,1.0498365368278277,21.8213058419244,-71.94987526800729,,0,0
hourly,623,30,0.02,2.0,1.2176012990655405,-34.323252076566426,432,1.0503481146729972,21.99074074074074,-63.77814332253718,,0,0
hourly,624,11,0.04,2.5,1.053687332298514,-34.23232021467536,429,1.05019232809242,21.678321678321677,-67.54594459841363,,0,0
hourly,625,75,0.04,2.5,0.7794360798096589,-31.181672840508433,381,1.04960594493871,21.78477690288714,-63.39669984926169,177.4223932635766,0,1
hourly,626,104,0.06,2.0,0.5075741405930589,-45.15642748732235,605,1.0492734416739624,21.65289256198347,-65.73991702196933,,0,0
hourly,627,119,0.04,2.5,0.3896943830220323,-31.44840167024947,381,1.0494638232203388,21.78477690288714,-57.339955305359936,,0,0
hourly,628,19,0.1,2.0,0.3711150415642406,-46.10154197947504,621,1.0492221449976653,21.73913043478261,-67.80029599029426,,0,0
hourly,629,46,0.06,2.0,0.23612278296949452,-44.42162817039282,589,1.0491051575812396,21.731748726655347,-52.8449069473227,,0,0
hourly,630,104,0.04,2.0,0.18602345083746918,-42.29539758157335,551,1.0492281089830318,21.960072595281307,-65.66566206458876,,0,0
hourly,631,27,0.02,1.5,0.014432870509173412,-43.70576993189758,574,1.049521370878732,21.60278745644599,-70.89579838915351,,0,0
hourly,632,74,0.04,1.5,-0.18306937837350157,-54.653345642107496,788,1.0497462529977426,21.573604060913706,-77.38746926010506,,0,0
hourly,633,89,0.06,2.5,-0.3484287115085083,-35.59869533987825,436,1.0479494413122772,21.788990825688074,-64.79237592587526,173.52180947244196,0,1
hourly,634,64,0.1,2.0,-0.5628818661265633,-49.16004754633322,670,1.0482126982326876,21.791044776119403,-62.70034702060434,,0,0
hourly,635,83,0.04,2.0,-0.596724683511074,-40.227473880285714,508,1.0477107781625041,21.8503937007874,-55.48234831335351,,0,0
hourly,636,112,0.06,2.0,-0.619074016335186,-44.841064531746156,588,1.0481220918547416,21.768707482993197,-66.49327661612845,,0,0
hourly,637,34,0.04,2.5,-0.7039428667798275,-30.19815893454474,352,1.0471524976845041,21.875,-59.27080906117168,,0,0
hourly,638,126,0.1,2.5,-0.756077033998126,-33.5085280547642,400,1.0474686175788857,21.75,-60.28302065127149,,0,0
hourly,639,91,0.02,2.5,-0.8046245205382552,-28.142534332092616,322,1.0466499158067166,21.73913043478261,-59.54840515199271,,0,0
hourly,640,42,0.04,2.5,-0.9225352652154295,-33.752807206628766,402,1.0470774810378713,21.64179104477612,-59.872480848424246,,0,0
hourly,641,104,0.1,2.0,-0.9519995609182375,-49.71277423406478,677,1.0477638269563674,21.71344165435746,-65.53238336321134,22.50910604848442,0,1
hourly,642,94,0.02,2.5,-1.0440956442822835,-26.056336364068798,291,1.0459976285672037,21.649484536082475,-64.62567048785527,,0,0
hourly,643,74,0.1,2.0,-1.1820774669884404,-49.47696921611037,670,1.047827383391765,21.64179104477612,-71.39036699308218,,0,0
hourly,644,19,0.06,2.0,-1.2700718282197987,-43.81371347441837,563,1.0473249234189064,21.6696269982238,-58.59915838439805,,0,0
hourly,645,121,0.04,2.0,-1.4001010964031613,-42.29266864949723,535,1.0474165447156905,21.682242990654206,-60.44673371350473,,0,0
hourly,646,11,0.06,2.5,-1.4370810344085827,-34.03152076978133,401,1.0466848433726372,21.69576059850374,-52.30585182446899,,0,0
hourly,647,101,0.02,2.0,-1.4373111870522925,-35.598138964492584,425,1.0471616950329492,21.647058823529413,-63.00221414145965,,0,0
hourly,648,92,0.06,2.0,-1.7856003152616151,-46.14037240668256,600,1.0472303720614333,21.666666666666668,-58.42725936494075,,0,0
hourly,649,110,0.04,2.0,-1.9753749211164573,-43.5412123338771,551,1.0465470430909039,21.59709618874773,-69.28462332502441,49.597796205942714,0,1
hourly,650,21,0.02,2.0,-2.035151634408161,-37.3834853096045,447,1.046179367620464,21.476510067114095,-66.61919806838996,,0,0
hourly,651,114,0.06,2.0,-2.0950197708876406,-46.89803286206823,611,1.046556548505764,21.60392798690671,-66.83608790451048,,0,0
hourly,652,115,0.02,2.5,-2.404059711372053,-30.00653932359645,332,1.043375995572577,21.686746987951807,-55.85349602023679,,0,0
hourly,653,71,0.04,1.5,-2.4427572917968154,-56.078050994906704,797,1.0470103463024842,21.706398996235883,-72.0599846702276,,0,0
hourly,654,85,0.04,2.5,-2.548486227643554,-32.786693388537294,371,1.043711781259917,21.5633423180593,-59.15228660840125,,0,0
hourly,655,122,0.04,2.5,-2.5948587601185125,-31.93874930373256,358,1.0436025315074797,21.787709497206706,-57.07991844477226,,0,0
hourly,656,28,0.1,2.0,-2.6356458090426305,-49.87063301943498,663,1.0460595864021154,21.71945701357466,-67.09684521317682,,0,0
hourly,657,85,0.04,2.0,-2.65321099250041,-43.08355708601872,536,1.0453154577308925,21.828358208955223,-57.78380181466082,105.21350051918628,0,1
hourly,658,16,0.02,2.5,-2.926392273067968,-29.04481223663534,313,1.0426219555231948,21.72523961661342,-60.44828344429995,,0,0
hourly,659,59,0.06,2.0,-2.935655076669541,-45.74918426660371,581,1.0455329294653157,21.686746987951807,-57.663841370193516,,0,0
hourly,660,124,0.02,2.5,-2.9661509927614182,-29.28671046981125,316,1.0430215698809047,21.518987341772153,-60.697094456300135,,0,0
hourly,661,31,0.02,2.5,-3.082693143152382,-29.371398277374674,316,1.0420478945684046,21.518987341772153,-55.65005247607972,,0,0
hourly,662,114,0.06,2.5,-3.21094985798277,-33.44435397555034,374,1.0426135197416455,21.657754010695186,-53.815887860047475,,0,0
hourly,663,60,0.02,2.5,-3.592036578501556,-29.178013324354314,308,1.0407756200290055,21.753246753246753,-43.3300409308355,,0,0
hourly,664,83,0.02,2.5,-3.7450129184306125,-29.431852851143148,310,1.0403438025550205,21.612903225806452,-51.38262855712272,,0,0
hourly,665,18,0.02,2.5,-3.793133909481916,-28.97113543547033,303,1.040292824885888,21.45214521452145,-68.98985754915377,281.9037263237187,0,1
hourly,666,42,0.04,2.0,-3.8846113531415427,-45.30314859242348,563,1.0443233858368897,21.6696269982238,-70.88749549686439,,0,0
hourly,667,125,0.1,2.0,-3.9710957406954517,-51.87766438183341,690,1.045002143898936,21.73913043478261,-69.84178046383771,,0,0
hourly,668,68,0.02,1.5,-4.1672322470598715,-45.953163337826766,572,1.0437038846194362,21.678321678321677,-65.60211520205024,,0,0
hourly,669,101,0.02,2.5,-4.269500942790627,-29.110729635962972,300,1.0396714743044038,21.333333333333332,-61.41937588722133,,0,0
hourly,670,89,0.02,2.0,-4.3089655229149315,-35.76240287602227,398,1.0410561074671716,21.608040201005025,-66.21485828292495,,0,0
hourly,671,76,0.06,1.5,-4.341186529217533,-60.20900435078966,876,1.045872284301969,21.80365296803653,-85.84937510707896,,0,0
hourly,672,67,0.02,2.5,-4.343619519899944,-29.23638415293763,301,1.0388068078695927,21.59468438538206,-61.83847592726342,,0,0
hourly,673,103,0.1,2.0,-4.47527050549843,-48.603614929278606,619,1.0439180929847471,21.647819063004846,-69.8321776425886,-4.565654060749136,0,1
hourly,674,9,0.04,2.5,-4.553976408533423,-34.10531630677185,370,1.039959962933741,21.62162162162162,-57.18334322522853,,0,0
hourly,675,8,0.06,1.5,-4.611168835904744,-62.63458574721247,936,1.0454781658215968,21.688034188034187,-77.50321482327315,,0,0
hourly,676,109,0.06,2.0,-4.730361118924975,-48.173217395212944,608,1.0435221371996728,21.54605263157895,-67.67223193069375,,0,0
hourly,677,85,0.02,2.5,-4.770739362768694,-30.044694525360825,308,1.0382691938499247,21.428571428571427,-56.99571430494795,,0,0
hourly,678,63,0.02,2.0,-4.7707717795772435,-38.27421856101994,433,1.0409761451612913,21.709006928406467,-70.12774150358594,,0,0
hourly,679,117,0.1,2.0,-4.862352973154538,-49.726450059994946,637,1.0437691385707326,21.664050235478808,-62.189968475894254,,0,0
hourly,680,114,0.04,2.5,-4.969527110954742,-35.24104630466074,383,1.0399148980837674,21.409921671018278,-53.905440003120475,,0,0
hourly,681,28,0.02,2.0,-5.102752716438019,-37.99489425996008,425,1.0402490868050465,21.647058823529413,-64.87555593934482,-23.309160890440804,0,1
hourly,682,105,0.04,2.5,-5.215649470985317,-34.29994496186103,366,1.0385921518429913,21.584699453551913,-48.40096721254206,,0,0
hourly,683,43,0.04,2.0,-5.445171638226998,-46.35313113170108,566,1.041839134563647,21.731448763250885,-53.51373398424133,,0,0
hourly,684,31,0.02,2.0,-5.5317091453476745,-38.27540562141319,425,1.0394871211151329,21.647058823529413,-70.45602015240063,,0,0
hourly,685,51,0.1,2.5,-5.53509899207797,-39.561878350761916,446,1.0400356035575746,21.524663677130047,-66.29857686459125,,0,0
hourly,686,126,0.06,2.5,-5.643868384602602,-34.33478395023567,362,1.0380399524823483,21.54696132596685,-55.43689744933138,,0,0
hourly,687,9,0.02,2.0,-5.647091738705501,-38.59729583969032,429,1.0393854089780619,21.678321678321677,-57.6091166652235,,0,0
hourly,688,84,0.06,2.0,-5.68744629186858,-48.178441517645574,598,1.0424633142391009,21.906354515050168,-72.10015315948259,,0,0
hourly,689,97,0.06,2.0,-5.829374520372255,-50.138065396581524,635,1.0425663289379832,21.5748031496063,-67.38464677136868,134.68207839779933,0,1
hourly,690,10,0.04,2.5,-5.875575587126969,-34.430455820827376,361,1.0372846745367348,21.606648199445985,-50.76955423848866,,0,0
hourly,691,89,0.1,2.0,-5.971925268190182,-52.40711229446751,680,1.0429542038619155,21.61764705882353,-60.523491860699565,,0,0
hourly,692,69,0.06,2.5,-6.127910633790723,-37.61259045709247,408,1.038465450285305,21.568627450980394,-54.692844061206756,,0,0
hourly,693,58,0.06,2.0,-6.149115790451343,-47.91322038193565,588,1.0417560224693752,21.598639455782312,-68.67118474006604,,0,0
hourly,694,109,0.06,2.5,-6.244126197172006,-37.37729035137814,403,1.0385826997251923,21.33995037220844,-45.85824622393204,,0,0
hourly,695,127,0.02,2.5,-6.51643346042462,-33.22698396982015,336,1.0356868602030365,21.726190476190474,-52.27672384031932,,0,0
hourly,696,40,0.02,2.5,-6.729800641981232,-33.31237225902076,335,1.034477877880435,21.492537313432837,-54.1053137031348,,0,0
hourly,697,43,0.02,1.5,-6.866304471702989,-46.57493370624152,555,1.0398288146799755,21.62162162162162,-78.15539754382789,45.9478236969632,0,1
hourly,698,94,0.04,2.5,-7.138387353894848,-36.72053269144243,383,1.035883765560143,21.671018276762403,-59.95195794106053,,0,0
hourly,699,1,0.04,2.5,-7.281208473413592,-35.73317274875888,366,1.0348027315428519,21.584699453551913,-56.55473556882797,,0,0
hourly,700,3,0.02,1.5,-7.580178496146194,-45.91275545604891,535,1.0390501803994665,21.49532710280374,-74.97918198667952,,0,0
hourly,701,76,0.04,2.5,-7.61908029795666,-34.67247971236914,346,1.0335412878174415,21.387283236994218,-52.37244641248561,,0,0
hourly,702,120,0.1,2.5,-7.659472701714987,-40.98149112758639,447,1.0367611111741384,21.476510067114095,-63.42208895786362,,0,0
hourly,703,92,0.04,2.5,-7.70516615545247,-36.47418590945695,373,1.034501164618475,21.447721179624665,-58.99451536420266,,0,0
hourly,704,75,0.1,2.0,-7.774104057148257,-52.232673678594324,657,1.0407125442577612,21.61339421613394,-70.97288223692877,,0,0
hourly,705,99,0.02,2.0,-8.113235938184404,-39.359835450899375,415,1.0352077563704498,21.686746987951807,-54.3302159479361,267.92777985338756,0,1
hourly,706,86,0.02,2.5,-8.133278797668108,-34.514225032346054,338,1.0326983101579408,21.301775147928993,-54.77675402419199,,0,0
hourly,707,91,0.06,2.5,-8.138952160730216,-39.13355411104579,411,1.0350513017191239,21.65450121654501,-54.18939318736715,,0,0
hourly,708,99,0.1,2.5,-8.521398021160053,-38.46985354674819,396,1.0336623415178723,21.464646464646464,-58.96998677930016,,0,0
hourly,709,80,0.04,2.0,-8.62144448556441,-47.05569757667353,545,1.0379241184904946,21.834862385321102,-68.3194654806609,,0,0
hourly,710,96,0.02,2.5,-8.7281885575202,-33.55644007711599,317,1.0306628382885021,21.451104100946374,-63.804493303110185,,0,0
hourly,711,76,0.1,2.0,-8.778802408490794,-54.472062682963006,694,1.0404641911882622,21.613832853025936,-70.45327388704379,,0,0
hourly,712,23,0.06,2.5,-8.955402738411633,-39.0068359682774,400,1.03303409700751,21.5,-51.860545737985845,,0,0
hourly,713,104,0.04,2.5,-9.000200996399677,-36.86290224988533,365,1.0319436918713696,21.643835616438356,-45.93264357892828,53.97658930664158,0,1
hourly,714,84,0.02,2.0,-9.029226228558473,-40.20493807094694,419,1.0339722821737982,21.479713603818617,-51.21435519347393,,0,0
hourly,715,113,0.04,2.0,-9.134332812456725,-48.551511564635106,568,1.037736131321318,21.47887323943662,-68.92487360347603,,0,0
hourly,716,33,0.06,2.5,-9.217793498129744,-38.6936875335967,392,1.0322745159522912,21.428571428571427,-64.59163602341688,,0,0
hourly,717,115,0.1,2.0,-9.277371649148824,-53.897542911536966,676,1.039490611731359,21.597633136094675,-71.68613251791676,,0,0
hourly,718,75,0.02,2.5,-9.488500839079684,-32.57499944412662,294,1.0260600384418794,21.428571428571427,-56.10499483957984,,0,0
hourly,719,59,0.02,1.5,-9.652764452067576,-49.20325390398105,575,1.0380311575398873,21.73913043478261,-82.66038186545082,,0,0
hourly,720,75,0.02,2.0,-9.681655122110765,-39.55481688786402,401,1.0327506379013893,21.44638403990025,-69.57959473653713,,0,0
hourly,721,127,0.06,2.5,-9.73177007316326,-36.359396366162,349,1.0293322397955882,21.48997134670487,-57.093043645254426,330.56957315007276,0,1
hourly,722,75,0.04,2.0,-9.744619682127343,-47.18066979207097,535,1.0359663585076013,21.682242990654206,-71.24645668778135,,0,0
hourly,723,101,0.04,2.5,-9.787804721628191,-39.44399174887025,398,1.0315890851163336,21.608040201005025,-70.90632659013124,,0,0
hourly,724,66,0.06,2.0,-9.837014092107133,-50.460448901839804,598,1.0373140872393303,21.73913043478261,-71.86891437785657,,0,0
hourly,725,105,0.1,2.0,-9.978036575506566,-52.71719763384404,643,1.0382006591011144,21.61741835147745,-62.052726769742094,,0,0
hourly,726,10,0.06,1.5,-10.51619522679259,-64.95021973525348,936,1.041671854272933,21.581196581196583,-81.62227445622376,,0,0
hourly,727,105,0.02,2.5,-10.603852031879068,-36.08544872478052,335,1.027359763233725,21.492537313432837,-59.63772767628179,,0,0
hourly,728,7,0.02,2.0,-10.688985240779413,-41.23850614355492,418,1.0318341997230263,21.5311004784689,-52.36215960365308,,0,0
hourly,729,79,0.06,2.5,-10.903781300192072,-40.55208799959623,404,1.030192424205926,21.287128712871286,-52.08540692828204,355.21072174022487,0,1
hourly,730,0,0.02,2.0,-10.99153746067888,-43.2272258231116,449,1.0319968470596512,21.380846325167038,-61.326382799475844,,0,0
hourly,731,94,0.06,2.0,-11.53559073107272,-52.64356482334017,624,1.0357534630457486,21.634615384615383,-66.57048085422375,,0,0
hourly,732,85,0.02,2.0,-11.706252622092494,-42.313984601237294,425,1.030014377548144,21.41176470588235,-72.49239125489129,,0,0
hourly,733,28,0.04,2.0,-12.198028500593317,-50.18819009320217,566,1.033567687177662,21.554770318021202,-59.33913700352858,,0,0
hourly,734,68,0.02,2.0,-12.265894513217756,-42.9661800966533,430,1.0294501526457371,21.162790697674417,-66.17710801558947,,0,0
hourly,735,0,0.04,2.0,-12.59387885064599,-49.8644377602499,555,1.0338356387294172,21.62162162162162,-76.96842528039411,,0,0
hourly,736,54,0.02,2.5,-12.600753740473047,-36.885297800669115,325,1.0211137474886887,21.23076923076923,-52.257138103706524,,0,0
hourly,737,8,0.1,2.0,-12.740297280008583,-56.23219743916257,689,1.0356824607593755,21.480406386066765,-66.13669928928894,121.17519537648293,0,1
hourly,738,65,0.04,2.0,-12.86035808143956,-49.00587119617283,535,1.0317486540557828,21.682242990654206,-70.3768260874209,,0,0
hourly,739,29,0.02,2.0,-12.959061620187418,-43.58684830756668,433,1.0278351818216713,21.478060046189377,-67.52152117486283,,0,0
hourly,740,55,0.1,2.0,-12.96940286782059,-55.819813783943964,677,1.0355431639308639,21.56573116691285,-68.3164430105935,,0,0
hourly,741,25,0.04,2.5,-13.035264408021197,-41.21562853270336,391,1.0257377423598728,21.483375959079282,-47.41798256990409,,0,0
hourly,742,67,0.04,2.5,-13.04530751172608,-43.867801782853434,437,1.0274681373447252,21.28146453089245,-71.72166320032811,,0,0
hourly,743,100,0.06,2.5,-13.077982222569972,-42.92570427089976,420,1.026545898907056,21.428571428571427,-54.087329086746564,,0,0
hourly,744,90,0.02,2.0,-13.193825486017497,-42.88781888986326,418,1.0266861493775146,21.5311004784689,-63.32815503055122,,0,0
hourly,745,32,0.04,1.5,-13.21769616807269,-61.361481097738704,808,1.0376960907150674,21.534653465346533,-84.37215558308317,87.43123269590107,0,1
hourly,746,28,0.06,2.0,-13.270476358596694,-52.729199801850726,606,1.0339987098520138,21.45214521452145,-67.74323160083868,,0,0
hourly,747,121,0.02,2.5,-13.482804915740909,-37.02078166620346,317,1.0191948494507634,21.451104100946374,-50.97645784617766,,0,0
hourly,748,123,0.02,2.0,-13.541022438350703,-43.34384628478185,422,1.0264231101792376,21.327014218009477,-62.11935451074315,,0,0
hourly,749,41,0.1,2.0,-14.0593714128584,-56.63486803344342,683,1.0343328134917835,21.52269399707174,-68.94871821055446,,0,0
hourly,750,122,0.06,2.0,-14.062389643129025,-53.44149179374327,612,1.0326689548874217,21.405228758169933,-63.986115956050895,,0,0
hourly,751,87,0.1,2.0,-14.15246491909732,-55.71710242333723,661,1.0337555068561683,21.482602118003026,-70.15391470604757,,0,0
hourly,752,24,0.04,2.5,-14.227708734323418,-41.96396350754531,390,1.0225028343373426,21.28205128205128,-57.91036472540214,,0,0
hourly,753,69,0.02,1.0,-14.254029056584706,-56.82048167173963,685,1.0350125722729004,22.043795620437955,-77.63093238340653,-42.6910934740721,0,1
hourly,754,11,0.06,1.5,-14.284254189273193,-67.09284763285348,956,1.038562491810281,21.443514644351463,-83.50008767142667,,0,0
hourly,755,72,0.02,2.5,-14.301777360617962,-38.48566482480575,331,1.0181526681146986,21.148036253776436,-62.75722659561265,,0,0
hourly,756,33,0.06,2.0,-14.383872844067369,-52.392504426163214,586,1.031479310394137,21.501706484641637,-64.85511767425274,,0,0
hourly,757,10,0.1,1.5,-14.456047718066301,-72.76673785763043,1143,1.0403818667215017,21.609798775153106,-77.71357686450374,,0,0
hourly,758,71,0.02,1.5,-14.662883553616524,-52.78529993363755,591,1.0325759652225686,21.31979695431472,-76.57404992176579,,0,0
hourly,759,88,0.06,2.0,-14.671111630399425,-52.789529204572496,591,1.031641217794531,21.489001692047378,-63.632317149512005,,0,0
hourly,760,72,0.1,2.0,-14.78061704742023,-57.55522799167893,696,1.0338717632720864,21.408045977011493,-72.29078811644068,,0,0
hourly,761,86,0.1,2.0,-14.942685850418513,-55.90490421322131,656,1.032669720073968,21.49390243902439,-68.72608016405918,66.76293264031294,0,1
hourly,762,49,0.02,2.5,-15.067448199414656,-38.42252254019268,321,1.015947181648711,21.18380062305296,-55.33127419730508,,0,0
hourly,763,125,0.02,2.5,-15.135237600706851,-41.005216959465194,363,1.0188611854581857,21.21212121212121,-60.227945995219414,,0,0
hourly,764,105,0.06,2.0,-15.173293240176378,-54.501789377862345,622,1.031634843378283,21.382636655948552,-82.5175976481934,,0,0
hourly,765,41,0.06,1.5,-15.234498250457973,-67.32742956078832,952,1.0374810747717196,21.638655462184875,-85.09691144872093,,0,0
hourly,766,37,0.04,2.5,-15.34314741370718,-42.3743764559113,384,1.0200524646772855,21.354166666666668,-56.85706113192725,,0,0
hourly,767,20,0.02,2.0,-15.45653313662002,-42.45205270301783,384,1.0207563792328092,21.614583333333332,-60.06518425116866,,0,0
hourly,768,80,0.04,2.5,-15.56981775778128,-41.48373765491835,366,1.0183859777390023,21.311475409836067,-60.59631649092895,,0,0
hourly,769,116,0.1,2.0,-15.62422333370982,-55.507648401707144,639,1.031434079913876,21.439749608763695,-70.5805472931137,168.8747759558126,0,1
hourly,770,110,0.1,2.5,-15.684946395325161,-46.59912004942169,456,1.0241507141387434,21.271929824561404,-59.34068324260635,,0,0
hourly,771,90,0.02,2.5,-15.867786449740152,-39.186152274363806,324,1.0138944631132356,21.296296296296298,-59.050444045845964,,0,0
hourly,772,40,0.02,2.0,-15.920975521345094,-47.27926058437103,466,1.0241499267888254,21.459227467811157,-74.18642554295349,,0,0
hourly,773,13,0.1,2.0,-16.11836563465139,-56.20922015419757,649,1.0313119581235075,21.417565485362097,-64.04132112167935,,0,0
hourly,774,22,0.06,2.5,-16.255852593850395,-45.17927280017571,423,1.0210513064520086,21.27659574468085,-52.56489857173814,,0,0
hourly,775,82,0.1,2.5,-16.270038185376755,-47.55088153626964,467,1.023754239708743,21.199143468950748,-67.87647644426487,,0,0
hourly,776,40,0.06,2.0,-16.361880170249922,-55.408844696789814,628,1.0306823903064248,21.496815286624205,-71.38668543880864,,0,0
hourly,777,53,0.02,2.0,-16.37751555906156,-44.486194427790814,409,1.0197215395580428,21.271393643031786,-68.3548294492085,228.1854707962138,0,1
hourly,778,106,0.1,2.0,-16.639031401240068,-57.2584676715103,667,1.0309205708041378,21.43928035982009,-62.599114358068356,,0,0
hourly,779,87,0.06,2.5,-16.76467140036325,-44.854056580541524,411,1.0192974606664773,21.16788321167883,-60.044193171364604,,0,0
hourly,780,84,0.02,2.5,-16.777955393677367,-40.503518446934216,335,1.0127428923267194,21.19402985074627,-49.94641139256332,,0,0
hourly,781,113,0.1,2.0,-16.88195001377535,-58.43665676805456,692,1.031349140005936,21.387283236994218,-76.89665080919504,,0,0
hourly,782,82,0.1,2.0,-16.93252175628227,-57.40912116291985,667,1.0306283443633628,21.43928035982009,-74.38708932603146,,0,0
hourly,783,79,0.02,2.0,-16.971642606037097,-45.70271563091725,424,1.0198782813902552,21.22641509433962,-59.5976477211561,,0,0
hourly,784,42,0.02,2.5,-17.392503387592985,-41.940300283397704,352,1.013918100521832,21.306818181818183,-61.876608373273726,,0,0
hourly,785,22,0.04,2.5,-17.412258475988406,-42.87632705080485,368,1.0144495176805857,21.195652173913043,-66.54571978409271,54.62424285999927,0,1
hourly,786,103,0.04,2.5,-17.41256003317644,-43.5025150585555,379,1.0161488255783697,21.37203166226913,-60.35005913786022,,0,0
hourly,787,33,0.04,2.0,-17.41827637388984,-51.96530878267116,541,1.0260848797437094,21.256931608133087,-71.81151536361142,,0,0
hourly,788,111,0.02,2.5,-17.440674881557683,-39.23888355487995,306,1.0078089187422656,20.915032679738562,-67.44597073475143,,0,0
hourly,789,66,0.04,1.5,-17.637305157328665,-61.94739302292271,771,1.0332395436273474,21.40077821011673,-78.07635032944687,,0,0
hourly,790,57,0.06,2.0,-17.93548753547497,-54.77878691148085,595,1.0273841874823053,21.51260504201681,-71.39139212444461,,0,0
hourly,791,38,0.02,2.5,-18.155477866462356,-40.48511970050712,318,1.0084212872966194,21.069182389937108,-61.26069795930569,,0,0
hourly,792,18,0.06,2.0,-18.18407537992963,-55.54335261162184,609,1.0274811671226902,21.346469622331693,-76.656201237062,,0,0
hourly,793,28,0.02,2.5,-18.456038612905125,-40.99968960895444,323,1.0072882180118243,21.05263157894737,-59.977410576078526,47.32010695420272,0,1
hourly,794,99,0.06,2.5,-18.495126150394338,-44.07595214586476,376,1.0133084323019317,21.27659574468085,-50.37027461372527,,0,0
hourly,795,60,0.02,2.0,-18.495633001942448,-45.51342194455985,402,1.015748399449714,21.393034825870647,-48.16731167242452,,0,0
hourly,796,80,0.02,2.0,-18.593168164809104,-47.18876780814529,432,1.0171636652063156,21.296296296296298,-53.14551458886996,,0,0
hourly,797,81,0.04,1.5,-18.711689449399792,-64.20650805348114,819,1.0329350085328277,21.611721611721613,-58.85374521756707,,0,0
hourly,798,6,0.1,2.0,-18.77858715068359,-58.31470226421569,666,1.0280455044334753,21.47147147147147,-66.61347574786876,,0,0
hourly,799,43,0.02,2.5,-18.990211168812476,-42.375872101257514,340,1.0084241047136349,20.88235294117647,-57.23371824857219,,0,0
hourly,800,1,0.04,2.0,-19.056178838723635,-52.25429716939163,527,1.0229808747109475,21.25237191650854,-70.50040209522955,,0,0
hourly,801,120,0.1,2.0,-19.118309949582503,-59.31232433136622,686,1.0285201714015169,21.428571428571427,-70.12207016398453,81.83952407694224,0,1
hourly,802,84,0.04,2.0,-19.142753501455257,-53.1103467271065,544,1.0235325951438712,21.323529411764707,-60.37423584205845,,0,0
hourly,803,118,0.1,2.0,-19.157441294398325,-57.11577438988267,633,1.0270835386431638,21.327014218009477,-75.17082769998191,,0,0
hourly,804,72,0.04,1.5,-19.43183594320319,-65.95058809141065,860,1.032961389507445,21.3953488372093,-68.16906298530499,,0,0
hourly,805,103,0.02,2.5,-19.45579648880601,-41.782153720393,324,1.0052298270362856,20.987654320987655,-56.83345577204479,,0,0
hourly,806,78,0.04,2.5,-19.47208887411085,-46.489303987686,408,1.0145671037697552,21.07843137254902,-59.50367391925011,,0,0
hourly,807,17,0.06,2.0,-19.496263300346996,-57.08140282208185,628,1.0265818001943627,21.337579617834393,-65.58891043580243,,0,0
hourly,808,126,0.06,2.0,-19.785390037231785,-55.665930239563934,592,1.0242720643213252,21.4527027027027,-63.96233364331947,,0,0
hourly,809,124,0.1,2.0,-19.95412267268657,-57.538770895243616,633,1.0260142292942436,21.327014218009477,-59.937049351919924,-4.063813414472673,0,1
hourly,810,110,0.04,2.5,-20.11419396149231,-46.00492928475097,391,1.011272673557638,20.971867007672635,-57.400878296038215,,0,0
hourly,811,4,0.02,2.0,-20.148924655467205,-47.15208794891165,412,1.014858053072524,21.359223300970875,-63.1020150307068,,0,0
hourly,812,80,0.1,2.0,-20.215166559010946,-59.17588142161034,669,1.0270715997022322,21.524663677130047,-69.85486245258407,,0,0
hourly,813,100,0.04,2.0,-20.492841766101233,-55.70402851152254,584,1.0233451575294334,21.232876712328768,-67.80162105967449,,0,0
hourly,814,111,0.04,2.5,-20.496905930768794,-46.102057632153645,388,1.0096930170543148,21.1340206185567,-61.87531840175113,,0,0
hourly,815,122,0.04,2.0,-20.64421329725451,-53.004017434211505,523,1.0200106359521486,21.414913957934992,-76.33245622002168,,0,0
hourly,816,112,0.04,2.0,-20.74931695547907,-55.313353023806314,572,1.022448222813785,21.153846153846153,-72.96041979344238,,0,0
hourly,817,2,0.02,2.0,-20.93363861679306,-48.29646475787328,424,1.0131713482551015,21.22641509433962,-72.58161592213612,28.201086522324314,0,1
hourly,818,14,0.04,2.0,-21.040582787628136,-54.939707318646455,560,1.021670712768182,21.25,-53.593262009257536,,0,0
hourly,819,83,0.06,2.0,-21.50202968742493,-56.65927250670602,593,1.0226011144795348,21.247892074198987,-68.4925704202275,,0,0
hourly,820,117,0.02,1.5,-21.741788128800877,-55.38480444622764,561,1.020261560253049,21.390374331550802,-71.45527978737782,,0,0
hourly,821,7,0.1,2.0,-21.834315850358244,-58.74422212732918,638,1.0238863241607623,21.316614420062695,-68.01426878619779,,0,0
hourly,822,21,0.1,2.0,-22.06210535712043,-58.28382909174861,624,1.0229185091130277,21.314102564102566,-68.03128489708583,,0,0
hourly,823,51,0.06,2.0,-22.132130230469794,-55.474078056525514,558,1.0197225452300234,21.32616487455197,-72.28573934543738,,0,0
hourly,824,1,0.02,1.5,-22.15012845822053,-56.06054667338549,571,1.021499505956406,21.36602451838879,-57.98739005625686,,0,0
hourly,825,70,0.06,2.0,-22.180209800979057,-58.51333949641228,628,1.022337959901076,21.337579617834393,-67.51597589767243,-28.429069192113076,0,1
hourly,826,98,0.02,2.0,-22.551534587102896,-49.304531709020175,423,1.009348992405611,21.27659574468085,-72.78352851624248,,0,0
hourly,827,99,0.04,2.0,-22.695052775506475,-52.87085938866207,494,1.0147209622440598,21.25506072874494,-69.8844134033185,,0,0
hourly,828,35,0.04,2.0,-22.920997048920277,-55.92541431253106,558,1.0180867042938657,21.32616487455197,-64.89278896258543,,0,0
hourly,829,16,0.06,2.0,-22.98890001697017,-58.15651719231477,609,1.0208002237002811,21.182266009852217,-69.9086472643773,,0,0
hourly,830,94,0.1,2.0,-23.159609675677416,-61.46333013318972,689,1.0241335074131572,21.335268505079824,-73.81292239178701,,0,0
hourly,831,44,0.1,2.0,-23.18305794854163,-61.2040526202366,682,1.0236196189146072,21.407624633431084,-80.5189925716284,,0,0
hourly,832,118,0.06,2.0,-23.230905347178222,-58.992378116040555,626,1.0218248763751534,21.24600638977636,-61.00864992610444,,0,0
hourly,833,53,0.06,2.0,-23.313257671252185,-60.12880172802082,653,1.022370083313636,21.28637059724349,-71.2332050976991,176.00527758781138,0,1
hourly,834,96,0.04,2.0,-23.58681708416427,-56.87162884074532,571,1.0179657371788562,21.36602451838879,-52.25254539355193,,0,0
hourly,835,14,0.02,1.5,-23.679222092054097,-55.69920165730245,543,1.0164615233366174,21.36279926335175,-71.02233841661216,,0,0
hourly,836,77,0.06,2.0,-23.75498033369493,-60.35872289498989,653,1.0219092114810246,21.28637059724349,-71.40521094329976,,0,0
hourly,837,18,0.02,2.0,-24.055182371931537,-48.671250495662434,391,1.003173418024876,20.71611253196931,-69.05738166095135,,0,0
hourly,838,66,0.02,2.0,-24.113713070055198,-50.02871079792488,417,1.0054970246026205,21.103117505995204,-75.70640926683815,,0,0
hourly,839,16,0.04,2.0,-24.156822525620647,-57.74741290384705,584,1.0183512896943607,21.232876712328768,-67.49257064519901,,0,0
hourly,840,121,0.04,1.5,-24.180734714473783,-67.1474394191248,835,1.0278697106262837,21.437125748502993,-76.91273795850915,,0,0
hourly,841,66,0.06,2.5,-24.235914246151722,-48.27809041239527,381,1.0009946743528435,20.99737532808399,-56.72197042729428,165.5675743022761,0,1
hourly,842,44,0.06,2.0,-24.24958816423599,-58.34485038294074,597,1.0187849769173278,21.273031825795645,-62.533204079453455,,0,0
hourly,843,42,0.06,2.0,-24.262863362886545,-60.306296887963384,645,1.0207466797163174,21.24031007751938,-71.2217470158511,,0,0
hourly,844,1,0.06,2.0,-24.518566746280623,-58.94744074700251,608,1.0187378502226483,21.217105263157894,-61.54456309488867,,0,0
hourly,845,35,0.02,2.0,-24.7663456694314,-52.1649808563336,452,1.007723949063104,21.238938053097346,-65.08559990994955,,0,0
hourly,846,78,0.04,2.0,-25.023862167358136,-57.8528153727877,575,1.016577724154441,21.217391304347824,-65.73365355861841,,0,0
hourly,847,98,0.1,2.0,-25.372724461896823,-62.34875562634554,683,1.0210058489352156,21.37628111273792,-66.48939608129206,,0,0
hourly,848,98,0.02,2.5,-25.61077703275202,-45.965271796083066,319,0.9882775183644819,20.689655172413794,-64.84262526595495,,0,0
hourly,849,21,0.06,2.0,-25.756522433058883,-59.3781102848679,602,1.016677998391966,21.262458471760798,-65.53388170755412,386.4473446695181,0,1
hourly,850,88,0.1,2.0,-25.798198190951847,-61.997148359461505,668,1.019937980762775,21.25748502994012,-75.78198608870733,,0,0
hourly,851,116,0.02,2.5,-25.802964725742495,-47.80456087101652,351,0.9937681594716554,20.797720797720796,-66.15877726927648,,0,0
hourly,852,17,0.06,2.5,-25.806466162035314,-51.72788486299087,429,1.0031209251220234,20.97902097902098,-60.1334837491048,,0,0
hourly,853,109,0.04,2.5,-25.927997965171734,-49.02768290493032,373,0.9960878281499039,20.91152815013405,-47.23261539102895,,0,0
hourly,854,126,0.04,1.5,-25.97053055308297,-68.01969472228029,838,1.0254711072397207,21.599045346062052,-85.87131492206669,,0,0
hourly,855,51,0.02,2.0,-26.06803094634904,-51.023893665000486,411,1.002009505507073,20.92457420924574,-64.23852935730851,,0,0
hourly,856,39,0.1,2.5,-26.124490033770964,-51.54856315495926,421,1.001965021827942,20.902612826603324,-64.1786376075138,,0,0
hourly,857,11,0.04,2.0,-26.245589928605728,-58.95293917897892,585,1.014379428583905,21.196581196581196,-69.65810541566329,59.67991085052,0,1
hourly,858,59,0.02,2.0,-26.343457127260105,-52.3648546026467,435,1.003311890403872,21.149425287356323,-63.856780584544225,,0,0
hourly,859,79,0.04,2.5,-26.465669551577076,-49.448793539839386,374,0.9953950848846588,20.855614973262032,-57.433494001744236,,0,0
hourly,860,63,0.06,2.0,-26.529925378930407,-59.111771199424126,585,1.0150362718528423,21.196581196581196,-74.1893822598092,,0,0
hourly,861,77,0.1,2.0,-26.63734439120512,-64.93523698769683,737,1.0212161414664414,21.166892808683855,-78.63218181438563,,0,0
hourly,862,82,0.06,1.5,-26.79831347171332,-71.5050470286023,942,1.0278874689684143,21.443736730360936,-85.75375082348322,,0,0
hourly,863,31,0.06,2.0,-26.809790636644305,-59.955264663324925,602,1.015894175845266,21.262458471760798,-71.40682982631931,,0,0
hourly,864,89,0.02,2.5,-26.9219874418435,-45.95327140007887,301,0.9807969320805777,20.59800664451827,-58.41437039190254,,0,0
hourly,865,22,0.02,2.0,-26.936180670433007,-51.50248738565257,409,0.9996761265378358,21.271393643031786,-62.14344256728875,307.84936978404966,0,1
hourly,866,56,0.06,2.5,-26.951107041080903,-51.26879786496884,404,0.9982797257843343,20.792079207920793,-59.18751526077066,,0,0
hourly,867,61,0.02,2.5,-26.986289008798657,-45.293363783751836,288,0.9772952157318384,20.48611111111111,-66.98649029377988,,0,0
hourly,868,47,0.06,2.0,-27.00491908860493,-61.935591651782055,650,1.016738541999186,21.23076923076923,-75.90455251787594,,0,0
hourly,869,52,0.02,2.5,-27.140971099516975,-46.59870341055773,310,0.9818324759637928,20.64516129032258,-53.130137529604085,,0,0
hourly,870,113,0.06,2.0,-27.266484808768045,-60.68046431683487,614,1.0154586551266032,21.172638436482085,-63.39752440731377,,0,0
hourly,871,123,0.06,2.0,-27.34311475185497,-60.83947927522686,617,1.014842015576349,21.231766612641817,-65.2598532647762,,0,0
hourly,872,32,0.06,2.0,-27.386659941674306,-63.034106612439956,674,1.017881297325703,21.216617210682493,-68.60072065066744,,0,0
hourly,873,10,0.02,2.0,-27.386807326407826,-52.186256897235886,417,0.9992446972472715,20.863309352517987,-82.19774051922558,182.05343646756748,0,1
hourly,874,108,0.02,2.5,-27.446617721410494,-48.85944862832522,349,0.9886154149384371,20.630372492836678,-59.224643125548084,,0,0
hourly,875,104,0.02,1.5,-27.454053400665646,-59.86865348913053,591,1.0149194685272274,20.81218274111675,-82.3323001624373,,0,0
hourly,876,107,0.02,1.5,-27.50084618358678,-59.40950472395872,579,1.0131098427805665,21.243523316062177,-60.29644162219399,,0,0
hourly,877,24,0.02,2.5,-27.605710968282516,-48.043836349429995,331,0.9855075232395707,20.54380664652568,-68.22006949933201,,0,0
hourly,878,62,0.1,2.0,-27.671532501859563,-62.3214930817515,651,1.0163787310758046,21.19815668202765,-71.6295146194194,,0,0
hourly,879,112,0.02,1.5,-27.993807234576597,-58.1642560954859,542,1.009861684244946,21.217712177121772,-70.61499229220675,,0,0
hourly,880,120,0.02,2.0,-28.17613771096482,-52.37392451067409,410,0.9968065665202285,20.975609756097562,-54.101362305434286,,0,0
hourly,881,47,0.02,2.0,-28.22294087496857,-53.7668280260118,439,0.9992406490130703,20.956719817767652,-67.68136581801363,-1.6595711767242727,0,1
hourly,882,29,0.02,2.5,-28.94335292591287,-48.38851887398224,319,0.9801734980262584,20.689655172413794,-70.1269987908842,,0,0
hourly,883,56,0.02,2.0,-28.96928474260313,-55.244864839057264,461,1.000281637375995,21.0412147505423,-82.7298949024762,,0,0
hourly,884,61,0.02,2.0,-29.09171252255771,-53.63599129709943,424,0.9961750750113518,20.99056603773585,-74.4141016558757,,0,0
hourly,885,19,0.04,2.5,-29.103939517822177,-52.468997061866794,399,0.9928987683449826,20.80200501253133,-77.0185758005452,,0,0
hourly,886,121,0.06,2.0,-29.125063890657277,-62.67042602295787,640,1.01344702891362,21.25,-70.73664888123876,,0,0
hourly,887,37,0.1,2.0,-29.437225309746427,-64.00682573600547,672,1.014533961111539,21.279761904761905,-61.39428143208565,,0,0
hourly,888,18,0.1,2.0,-29.542680100382924,-64.41907078273434,682,1.0157788574731872,21.26099706744868,-77.94278095355108,,0,0
hourly,889,126,0.02,2.5,-29.598036796851922,-48.14261348987727,305,0.9749001040876382,20.65573770491803,-62.36997049733086,135.89333665183628,0,1
hourly,890,119,0.04,2.0,-29.72966190081998,-60.262667338644505,569,1.0090223684773592,21.0896309314587,-67.9642109701141,,0,0
hourly,891,61,0.06,2.0,-30.00762411232083,-62.54049169703168,624,1.011585612533038,20.993589743589745,-73.69893673302582,,0,0
hourly,892,56,0.06,2.0,-30.10471648477696,-63.44412668329411,647,1.0128214363035537,21.020092735703244,-72.42855407942164,,0,0
hourly,893,13,0.06,2.0,-30.113150517056464,-61.68728698786975,600,1.0097809033608467,21.0,-72.82684433092979,,0,0
hourly,894,14,0.1,2.0,-30.28666763730642,-66.17705300357986,722,1.0162332324142433,21.191135734072024,-71.8042429248463,,0,0
hourly,895,96,0.1,2.0,-30.391422688750325,-65.68266664091382,706,1.0157352176950631,21.10481586402266,-69.65200218074392,,0,0
hourly,896,58,0.04,1.5,-30.49931028316618,-68.02346829857481,775,1.0191843573716972,21.29032258064516,-74.6056567895567,,0,0
hourly,897,78,0.1,2.0,-30.544759881533267,-63.08782486976321,631,1.011094542721858,21.077654516640255,-72.95473330276747,125.44134835394254,0,1
hourly,898,90,0.04,1.5,-30.54746616000972,-68.71040645900258,796,1.0194795301882318,21.482412060301506,-76.72431052938344,,0,0
hourly,899,36,0.04,1.5,-30.605999131671346,-68.79921158618771,798,1.0192249623474994,21.428571428571427,-85.66936548698155,,0,0
hourly,900,9,0.02,1.5,-30.648065206122645,-61.289435336928946,582,1.0077425610727788,21.1340206185567,-68.15478732033826,,0,0
hourly,901,0,0.1,2.0,-31.152039626841933,-64.24388985636817,654,1.0115654621902588,21.25382262996942,-64.13428161014582,,0,0
hourly,902,90,0.1,2.0,-31.186577557507643,-64.7593049622523,668,1.0123693082983687,21.107784431137723,-67.5493585386557,,0,0
hourly,903,102,0.06,2.0,-31.435674600181564,-63.671194377934896,634,1.0103243944263975,21.13564668769716,-72.93529069289359,,0,0
hourly,904,86,0.06,1.5,-31.595628915218576,-73.05239489937863,930,1.0229166321437086,21.29032258064516,-77.87516553322462,,0,0
hourly,905,15,0.06,2.0,-31.744389377817594,-62.73218557665703,604,1.0080330615417679,21.192052980132452,-68.16676805916657,5.868997088719197,0,1
hourly,906,98,0.06,1.5,-31.99169984316552,-74.51682149401815,980,1.0238699919542746,21.3265306122449,-73.559008950223,,0,0
hourly,907,67,0.04,2.0,-32.12725694922778,-62.49340381591547,592,1.00644286463663,20.945945945945947,-68.83233990122454,,0,0
hourly,908,36,0.02,2.0,-32.130829445327414,-56.19893895505861,437,0.9915301991979818,20.594965675057207,-70.47778345946205,,0,0
hourly,909,4,0.06,2.0,-32.33911701787518,-64.25784858673408,637,1.0091334288314397,21.036106750392463,-78.78807905111076,,0,0
hourly,910,40,0.1,2.0,-32.36206428082467,-66.75495375327765,709,1.0126266575968683,21.297602256699577,-77.70911530259082,,0,0
hourly,911,102,0.02,1.5,-32.392632086246074,-61.88454975469821,572,1.0045339744897115,21.153846153846153,-66.90417952918433,,0,0
hourly,912,61,0.04,2.0,-32.72210261801879,-61.07019938610887,546,1.0022109614749712,20.87912087912088,-68.61122094037356,,0,0
hourly,913,127,0.06,2.0,-32.72852175748544,-62.33907697694156,579,1.0048201024756467,21.070811744386873,-67.85708927517842,231.18644448033646,0,1
hourly,914,9,0.06,2.5,-32.7487183395629,-54.552200075514904,391,0.9826929521423009,20.71611253196931,-53.57472610313834,,0,0
hourly,915,85,0.02,1.5,-32.97152365097688,-62.28706338593073,574,1.0045677411443532,20.905923344947734,-75.47517607673352,,0,0
hourly,916,24,0.1,2.0,-33.084015692378685,-65.76638733595355,669,1.0100956303292528,21.076233183856502,-74.8320112209167,,0,0
hourly,917,1,0.1,2.0,-33.28380518447415,-66.41101116746235,685,1.0104394485453907,21.021897810218977,-76.80774174759692,,0,0
hourly,918,127,0.04,2.0,-33.31858094105915,-62.369513010331225,571,1.0032167951871698,21.015761821366024,-73.1519930509391,,0,0
hourly,919,79,0.04,2.0,-33.60985730305474,-61.00306614481135,531,0.99925771052547,20.903954802259886,-68.55033180728253,,0,0
hourly,920,122,0.1,2.0,-33.6413037450642,-66.95715878701297,696,1.0106185028423513,21.120689655172413,-77.94097222172822,,0,0
hourly,921,95,0.02,2.0,-33.721938596646964,-56.83969309861981,428,0.9871051550787744,20.560747663551403,-55.42021840793249,-39.82339020649728,0,1
hourly,922,58,0.04,2.0,-33.73840176900915,-60.5686710429437,518,0.9976126594314181,20.84942084942085,-61.68287666469138,,0,0
hourly,923,117,0.04,2.0,-33.769442332865474,-62.247962252690826,561,1.001284497123001,20.855614973262032,-69.06394045311355,,0,0
hourly,924,62,0.04,2.0,-33.800842112681295,-61.23213971924806,534,0.9997045993740546,20.786516853932586,-72.61074738897142,,0,0
hourly,925,73,0.04,2.0,-34.19422601161052,-61.80833419073737,543,0.9994098420879919,20.994475138121548,-78.72362076854364,,0,0
hourly,926,5,0.02,2.0,-34.42505893109845,-57.12660979319813,424,0.9848296061579571,20.99056603773585,-50.61228613756701,,0,0
hourly,927,16,0.02,2.0,-34.439351501253604,-57.26489190373811,427,0.9866014420626962,20.843091334894613,-64.21508367225219,,0,0
hourly,928,38,0.1,2.0,-34.64969250747172,-66.4339830931983,665,1.0075757232227134,21.05263157894737,-78.66393128927612,,0,0
hourly,929,114,0.02,2.0,-34.65994324020011,-58.252935930889734,447,0.9877933553552314,21.02908277404922,-70.0653994172657,65.2438035540869,0,1
hourly,930,86,0.02,2.0,-34.740518819035174,-57.375733128771685,425,0.9841274879482516,20.705882352941178,-57.569013255114896,,0,0
hourly,931,27,0.1,2.0,-35.00010751634333,-66.44651558547264,660,1.0065411422289436,21.060606060606062,-80.82159346761347,,0,0
hourly,932,26,0.06,2.5,-35.124219763122596,-58.299782620117035,441,0.9846954318196564,20.634920634920636,-62.650558546425074,,0,0
hourly,933,0,0.02,2.5,-35.49955777087619,-53.853258707140974,334,0.9647332696838207,20.35928143712575,-62.77421817294054,,0,0
hourly,934,20,0.04,1.5,-35.50731745123167,-71.4371741265203,813,1.0138923695231166,21.27921279212792,-75.44428452732997,,0,0
hourly,935,107,0.06,2.0,-35.69850057926054,-64.3617879283234,589,1.0000448209854544,21.05263157894737,-75.49250480002593,,0,0
hourly,936,5,0.02,1.5,-35.70243089213135,-62.9448148285157,550,0.9963450279547901,20.90909090909091,-70.87955601913463,,0,0
hourly,937,94,0.04,2.0,-35.857677313146986,-62.70018814039485,541,0.9966695809204366,20.88724584103512,-63.413685790215155,13.526327319771948,0,1
hourly,938,127,0.1,2.0,-35.96244135210457,-67.20740109677065,668,1.0053925246590703,20.95808383233533,-73.92800395393589,,0,0
hourly,939,53,0.06,1.5,-36.21820902618199,-75.37310659747898,950,1.0181214176157327,21.473684210526315,-82.75571027029264,,0,0
hourly,940,58,0.02,2.5,-36.5544970779067,-53.87566090514157,318,0.9569398697143215,20.12578616352201,-71.67968293340685,,0,0
hourly,941,119,0.06,2.5,-36.61344641661392,-58.51697831804117,423,0.9783663128941215,20.56737588652482,-64.33243102288056,,0,0
hourly,942,49,0.04,1.5,-36.98079330237852,-71.63980048996457,797,1.0118174251755412,21.07904642409034,-73.42692272740435,,0,0
hourly,943,79,0.1,2.0,-37.01330202866304,-69.41315735078351,721,1.0074387093646826,21.081830790568656,-73.69359749134297,,0,0
hourly,944,51,0.1,2.0,-37.0331866705523,-69.11493532406881,711,1.0062431505448992,21.09704641350211,-70.64694333890588,,0,0
hourly,945,52,0.04,2.5,-37.278068540354525,-57.616192020076106,391,0.9723446395384762,20.460358056265985,-71.55606730389297,42.660715089492875,0,1
hourly,946,123,0.02,1.5,-37.320502944795365,-63.66065176629397,544,0.993056695059103,20.955882352941178,-62.71007466170167,,0,0
hourly,947,8,0.04,1.5,-37.396029444633506,-73.30949698929669,851,1.01310450767831,21.26909518213866,-80.05807137648021,,0,0
hourly,948,50,0.06,2.0,-37.54262405501109,-66.17294986900679,612,0.9990481241109543,20.915032679738562,-74.4093102788918,,0,0
hourly,949,67,0.02,1.5,-37.643894374759746,-62.709120322642185,513,0.9907630234316398,21.24756335282651,-67.07902058725193,,0,0
hourly,950,94,0.02,2.0,-38.00734320040057,-59.144873171384525,416,0.9744186187092867,20.673076923076923,-68.94918768642158,,0,0
hourly,951,121,0.02,2.0,-38.05540715001497,-60.02609936000148,437,0.9783536278448974,20.823798627002287,-58.15214175343123,,0,0
hourly,952,62,0.02,2.0,-38.07732104038376,-59.10931936889461,414,0.9743284338695328,20.77294685990338,-66.53150575043165,,0,0
hourly,953,34,0.06,2.0,-38.482624010725395,-67.34307911658792,632,0.9990346750542288,20.88607594936709,-85.52504291445359,253.59923470217421,0,1
hourly,954,56,0.02,2.5,-38.49968385594708,-57.04624183624387,358,0.9609614538849129,20.391061452513966,-70.46960757042618,,0,0
hourly,955,100,0.06,2.0,-38.55472966867482,-66.75475201484504,613,0.9967840305197821,20.880913539967374,-62.912347069402585,,0,0
hourly,956,29,0.02,1.5,-38.57642354326863,-65.26998851462098,569,0.9938565989435176,20.91388400702988,-69.92050152165594,,0,0
hourly,957,68,0.06,2.0,-38.61383248553592,-67.54303021483598,636,0.9990526719976658,20.91194968553459,-74.97532554145833,,0,0
hourly,958,79,0.06,2.0,-38.61888129194728,-67.48073776885465,634,0.9992197719981495,20.820189274447948,-79.06761755589353,,0,0
hourly,959,70,0.1,2.0,-38.85122975510546,-69.30896258124714,688,1.0025306769344353,20.930232558139537,-69.26435329731126,,0,0
hourly,960,92,0.04,2.0,-38.884850556431914,-64.78069627403488,550,0.9907496764195417,20.727272727272727,-66.9844958417143,,0,0
hourly,961,33,0.02,1.0,-39.06593346231987,-69.90340908307545,704,1.0048374328765621,21.164772727272727,-82.12741878863218,-45.85236121905096,0,1
hourly,962,101,0.04,1.5,-39.56521908488991,-74.05413121205393,844,1.0105479284603776,21.208530805687204,-83.4030815914152,,0,0
hourly,963,116,0.04,2.0,-39.57332674418065,-64.96824911928516,544,0.9896849767807202,20.772058823529413,-65.28562452321655,,0,0
hourly,964,3,0.06,2.0,-39.63669150940743,-67.6662536143513,623,0.9963545321303435,20.86677367576244,-72.29072281767118,,0,0
hourly,965,119,0.1,2.0,-39.82793667605423,-70.66394087402182,717,1.002920487585811,20.92050209205021,-75.14362426098383,,0,0
hourly,966,49,0.02,2.0,-39.90809789394194,-61.06735274392086,433,0.9739302438304085,20.554272517321017,-72.83641530708084,,0,0
hourly,967,10,0.04,2.0,-39.99851705429638,-66.07472951873959,569,0.9908502625657811,20.738137082601053,-75.11098352931616,,0,0
hourly,968,39,0.02,2.0,-40.14887238568829,-59.75972791585846,396,0.9649134008909716,20.454545454545453,-69.3239671114781,,0,0
hourly,969,45,0.1,1.5,-40.15700915286931,-80.78278495493612,1134,1.0194981059154162,21.164021164021165,-79.14583702864523,-56.4491453486059,0,1
hourly,970,109,0.04,2.0,-40.413397039703604,-65.97047251971804,559,0.9888653648998305,20.930232558139537,-63.98265875432516,,0,0
hourly,971,97,0.04,1.5,-40.869018302840544,-74.33331772688416,833,1.0085672051743375,21.12845138055222,-81.6455262716093,,0,0
hourly,972,121,0.1,2.0,-40.982636183702226,-70.02168249299723,676,0.9982161360381666,20.857988165680474,-71.10993822577667,,0,0
hourly,973,39,0.02,2.5,-41.378347539734875,-56.95687557981475,308,0.9367782668654644,19.805194805194805,-63.29760488408471,,0,0
hourly,974,23,0.1,2.0,-41.66007345296381,-70.69082446031155,687,0.9982930862076137,20.96069868995633,-66.8480628461291,,0,0
hourly,975,23,0.06,2.0,-41.87324748591992,-68.39418605598712,608,0.9907407626581441,20.888157894736842,-79.63961248798817,,0,0
hourly,976,70,0.04,2.0,-41.96478141107619,-66.01747334520664,534,0.9838534074091327,20.786516853932586,-78.21838926370366,,0,0
hourly,977,29,0.1,1.5,-41.97813107334804,-80.78088268831362,1103,1.0169868125888466,21.30553037171351,-82.6429261078485,-94.729953571283,0,1
hourly,978,8,0.02,2.0,-42.05433866312569,-62.38363857494132,431,0.9666970905776102,20.417633410672853,-69.1555194342721,,0,0
hourly,979,111,0.02,2.0,-42.05865875584176,-61.43315553917987,406,0.9622166576295054,20.19704433497537,-68.94979758053202,,0,0
hourly,980,89,0.04,2.5,-42.54824558758467,-60.19663062417679,366,0.9509958389791631,20.218579234972676,-60.95618692583232,,0,0
hourly,981,34,0.02,2.0,-42.5820878155851,-62.04874992624152,413,0.961946008999165,20.338983050847457,-65.43618129856993,,0,0
hourly,982,38,0.06,2.0,-42.60369275590139,-69.31850714240359,625,0.9912089353306146,20.96,-76.80204022444926,,0,0
hourly,983,64,0.02,2.5,-42.61537949560711,-58.24427440265556,317,0.9378052955762088,20.189274447949526,-55.61680819308916,,0,0
hourly,984,99,0.06,2.0,-42.721989050331665,-68.0028299161901,581,0.9869298043916417,20.65404475043029,-80.10247765347512,,0,0
hourly,985,72,0.04,2.0,-42.72486952322024,-68.06843512154977,583,0.9870871190252078,20.58319039451115,-70.10196160919647,242.6249873985537,0,1
hourly,986,23,0.02,2.5,-42.81465483218323,-58.762666351936964,326,0.9394500417979379,19.631901840490798,-64.43614370678591,,0,0
hourly,987,97,0.1,2.0,-42.99580540315433,-70.57767076324565,660,0.9936040096383293,20.757575757575758,-64.6754408800918,,0,0
hourly,988,37,0.04,2.0,-43.0020967386824,-66.42400089621981,528,0.9795076667272389,20.643939393939394,-73.84923470927534,,0,0
hourly,989,93,0.02,2.5,-43.02151125937802,-59.72633805209946,346,0.9435428085609571,19.942196531791907,-57.14769908034134,,0,0
hourly,990,97,0.02,2.5,-43.04945371425342,-58.97307392615087,327,0.9380458783207644,19.877675840978593,-67.14567722502707,,0,0
hourly,991,6,0.02,1.5,-43.24038399819761,-68.57748699585943,590,0.9882753677974865,20.677966101694917,-64.24275093295991,,0,0
hourly,992,40,0.02,1.0,-43.27753906357118,-72.45850498710544,721,0.999923941666587,21.359223300970875,-80.15430638964651,,0,0
hourly,993,97,0.02,1.5,-43.34413498492644,-67.54837179375599,556,0.9824233448848891,20.68345323741007,-78.79591248120494,-67.14689345669936,0,1
hourly,994,100,0.04,1.5,-43.4587295915688,-74.78568624347459,806,1.0026365742573515,21.09181141439206,-67.61769077734144,,0,0
hourly,995,65,0.06,2.0,-43.50909582592111,-70.63761829241916,653,0.9915082341954949,20.82695252679939,-72.99128629280133,,0,0
hourly,996,24,0.04,2.0,-43.82174853593727,-67.43318454960956,544,0.9796520700699866,20.58823529411765,-67.54737233319192,,0,0
hourly,997,40,0.04,1.5,-44.03059482146618,-74.28015832613437,776,1.0010284280819914,20.876288659793815,-76.08446292297333,,0,0
hourly,998,26,0.02,2.5,-44.052785017786825,-59.77719378239126,329,0.9352205822131986,19.756838905775076,-58.935002814936425,,0,0
hourly,999,22,0.04,2.0,-44.338937293790636,-67.506465885762,537,0.9781648923101702,20.484171322160147,-82.20537156850872,,0,0
hourly,1000,123,0.1,2.0,-44.34331138237974,-72.73113604625581,712,0.9951891482008834,20.926966292134832,-76.19431571666271,,0,0
hourly,1001,52,0.1,2.0,-44.4012039860032,-72.51300324096172,703,0.994627559616705,20.76813655761024,-77.58180937963223,67.61403916867503,0,1
hourly,1002,100,0.02,2.0,-44.70082562234421,-63.995338070199004,428,0.9594513387294265,20.327102803738317,-74.14473543961103,,0,0
hourly,1003,36,0.06,2.0,-44.88974016848275,-69.73465039053481,598,0.9850865995931758,20.735785953177256,-73.83338838427285,,0,0
hourly,1004,65,0.02,2.5,-45.019504374032714,-60.748960393077844,336,0.93455620598138,19.94047619047619,-61.49535339011172,,0,0
hourly,1005,108,0.06,2.0,-45.43997281230351,-71.67064765468656,654,0.9884703416039248,20.642201834862384,-81.42751223376156,,0,0
hourly,1006,12,0.06,1.5,-45.64297308977423,-79.73801973009557,985,1.008788154126367,21.218274111675125,-81.44711575603291,,0,0
hourly,1007,89,0.06,1.5,-45.66987110294932,-79.5440916837536,975,1.0078404147398812,21.128205128205128,-74.21514031552266,,0,0
hourly,1008,54,0.04,2.0,-45.74044632226213,-67.91046145429469,524,0.9734709194040974,20.610687022900763,-71.58384871211405,,0,0
hourly,1009,58,0.1,1.5,-45.75293493748451,-82.5119048488733,1130,1.014732320369195,21.238938053097346,-86.57288137293271,-74.75498328015352,0,1
hourly,1010,19,0.02,2.5,-45.76881026099603,-60.77737147756102,323,0.9288597153815659,19.814241486068113,-64.5076047348192,,0,0
hourly,1011,58,0.02,1.5,-45.943653391778625,-69.2857165655877,564,0.977828776584924,20.56737588652482,-65.49572893099412,,0,0
hourly,1012,96,0.02,1.5,-45.99696789217089,-69.25480098023242,562,0.9786708941122766,20.818505338078293,-73.34799228547848,,0,0
hourly,1013,42,0.02,2.0,-46.02532812110305,-65.55567820516046,448,0.9622014749523718,20.3125,-65.7910940950532,,0,0
hourly,1014,63,0.1,2.0,-46.07584143575051,-72.22456251309713,662,0.9882886480032544,20.694864048338367,-75.3599735664588,,0,0
hourly,1015,21,0.06,1.5,-46.08756658590498,-79.92412615604943,986,1.0087135306968642,21.095334685598377,-85.38329144238655,,0,0
hourly,1016,60,0.02,1.5,-46.29731605697316,-68.93243133126647,546,0.9767927430967596,20.87912087912088,-71.918981337623,,0,0
hourly,1017,111,0.04,2.0,-46.358791809838884,-70.45326757804851,595,0.9805515087702459,20.672268907563026,-77.22258017204044,140.22665967181518,0,1
hourly,1018,80,0.02,2.5,-46.70373127365623,-61.18283956274414,316,0.9205883776349729,19.620253164556964,-61.272208840207696,,0,0
hourly,1019,51,0.04,1.5,-46.91582252233017,-76.25758967568588,803,0.997385179299256,20.92154420921544,-82.24504055802852,,0,0
hourly,1020,84,0.1,2.0,-47.11641794267857,-71.64803236880387,622,0.9825487246304898,20.578778135048232,-76.13867224995417,,0,0
hourly,1021,70,0.04,1.5,-47.13524369013792,-76.82506920420552,823,0.9999181712289841,21.020656136087485,-84.07884013732252,,0,0
hourly,1022,25,0.02,2.5,-47.549182170879064,-61.99002144111336,321,0.9199142304416188,19.626168224299064,-67.98255525228443,,0,0
hourly,1023,24,0.02,2.0,-47.90435781412108,-65.63885747827676,415,0.9483270694280882,20.0,-77.3562606420691,,0,0
hourly,1024,115,0.02,2.0,-47.92237878724867,-66.06083766018872,427,0.9501552215630884,20.140515222482435,-73.89808714665999,,0,0
hourly,1025,45,0.02,2.5,-47.994393071117415,-62.53869076521392,327,0.9205530186363352,19.571865443425075,-73.53953691066262,18.247091012352445,0,1
hourly,1026,66,0.1,2.0,-48.093581757836944,-73.76873571959773,681,0.9866971926580614,20.704845814977972,-77.45933003671335,,0,0
hourly,1027,87,0.06,2.0,-48.09828465101727,-71.66885692023975,604,0.978354886236786,20.52980132450331,-73.25023518058612,,0,0
hourly,1028,65,0.02,2.0,-48.226985509202706,-66.2934978720862,428,0.9506903454168854,20.093457943925234,-62.31513890541206,,0,0
hourly,1029,2,0.06,1.5,-48.39921089454647,-79.26659402641938,910,1.0024020046576567,20.87912087912088,-82.55965360456256,,0,0
hourly,1030,110,0.1,2.0,-48.531835425640104,-74.3524781612208,695,0.987188453752176,20.719424460431654,-72.66751163940732,,0,0
hourly,1031,53,0.04,2.0,-48.66267547591625,-70.74453093248985,561,0.9724740186490813,20.67736185383244,-79.35973991926852,,0,0
hourly,1032,36,0.1,2.0,-48.68296322588992,-73.06125182603029,643,0.9823187724450774,20.684292379471227,-76.22317224507353,,0,0
hourly,1033,101,0.06,1.5,-48.753620282561826,-81.0700891778908,994,1.0057725403722364,21.026156941649898,-81.26103195414352,-82.80976241845485,0,1
hourly,1034,17,0.04,2.0,-48.80068322198877,-70.02379723794114,534,0.9686288610012492,20.59925093632959,-73.36092223998581,,0,0
hourly,1035,69,0.04,2.0,-48.972189677051546,-70.77509982045169,556,0.9708088045138844,20.323741007194243,-74.68792561991913,,0,0
hourly,1036,87,0.02,1.0,-49.11381912274677,-74.20822155944154,678,0.9872471568239951,21.091445427728612,-76.60448573693347,,0,0
hourly,1037,52,0.04,2.0,-49.179583493502975,-71.47118588254773,576,0.9737077573432487,20.48611111111111,-83.81834190321517,,0,0
hourly,1038,43,0.02,2.0,-49.2304366371933,-67.37477693569515,441,0.9501599829724992,19.954648526077097,-72.32736244904358,,0,0
hourly,1039,57,0.06,1.5,-49.2891051928907,-81.04160129614719,982,1.0043777037154074,20.977596741344197,-78.10437525497572,,0,0
hourly,1040,112,0.04,1.5,-49.52568917337643,-77.35846545918814,800,0.9946720428677347,20.75,-80.15122289504556,,0,0
hourly,1041,6,0.02,2.0,-49.55532686535753,-67.55126558456698,440,0.9489489636481243,20.0,-65.82373959414683,141.0798932993742,0,1
hourly,1042,127,0.02,2.0,-49.68054905843492,-67.8580137128825,447,0.9506613613623117,20.3579418344519,-67.46747194797491,,0,0
hourly,1043,110,0.06,1.5,-49.74894622260627,-81.34502549123998,989,1.0045427289491484,21.03134479271992,-87.51074257596669,,0,0
hourly,1044,32,0.02,1.5,-49.87471497798176,-71.0038388992874,546,0.9684792464585301,20.32967032967033,-80.95074151727036,,0,0
hourly,1045,75,0.06,2.0,-49.91365269455316,-73.122347260129,621,0.9774992342109644,20.611916264090176,-76.48036898984316,,0,0
hourly,1046,62,0.06,2.0,-50.05129296708502,-73.72754504691088,641,0.9787625472917396,20.43681747269891,-71.3730862315663,,0,0
hourly,1047,9,0.1,2.0,-50.051356923622635,-74.63236640705007,676,0.9825811355461469,20.71005917159763,-75.29673126235991,,0,0
hourly,1048,101,0.1,2.0,-50.10148406085639,-74.45412228795232,668,0.9820677608071819,20.65868263473054,-71.97685069468601,,0,0
hourly,1049,124,0.02,2.0,-50.23262847120713,-66.97812900956434,409,0.9394668969168535,20.04889975550122,-75.15184838562537,97.2153837763855,0,1
hourly,1050,88,0.04,2.0,-50.43566833873242,-72.37116987620101,583,0.9712417504006517,20.58319039451115,-74.68056887609151,,0,0
hourly,1051,39,0.04,1.5,-50.48601648818347,-77.72244818656978,797,0.9913417652469856,20.82810539523212,-72.77824243968128,,0,0
hourly,1052,13,0.02,1.5,-50.61973755297888,-71.71961905596935,556,0.9672405022761713,20.503597122302157,-76.72180731563324,,0,0
hourly,1053,40,0.02,1.5,-50.639274230727494,-72.48481541991796,583,0.9710078820077662,20.58319039451115,-77.31909883445664,,0,0
hourly,1054,13,0.04,2.0,-50.65875495696013,-71.71374959577206,555,0.9673333371522637,20.36036036036036,-77.35074190297965,,0,0
hourly,1055,48,0.06,1.5,-50.675052029546144,-79.82155724257208,892,0.9984851148660565,20.85201793721973,-78.00499274834269,,0,0
hourly,1056,47,0.04,2.0,-50.72425860405356,-71.9767180150208,563,0.9684097014569515,20.426287744227352,-71.74419376085504,,0,0
hourly,1057,35,0.1,1.5,-51.05838397833431,-84.00079647675881,1116,1.0071602835861229,21.14695340501792,-85.2787587791632,7.234661773427686,0,1
hourly,1058,37,0.02,1.5,-51.19176588531238,-72.40885290633243,569,0.9669033172166057,20.38664323374341,-77.96411577688254,,0,0
hourly,1059,48,0.04,1.5,-51.2229088364893,-77.90019478022164,790,0.9905575053359282,20.759493670886076,-73.86079811550546,,0,0
hourly,1060,47,0.02,1.5,-51.22957546121856,-73.00402912530953,590,0.9704474081574886,20.508474576271187,-79.95598309883466,,0,0
hourly,1061,78,0.04,1.5,-51.33722423562301,-78.28071172766045,805,0.9914697760430208,20.993788819875775,-83.99644647963196,,0,0
hourly,1062,50,0.02,1.5,-51.42644125319279,-72.62412311896824,572,0.9674795681435262,20.454545454545453,-84.866897973288,,0,0
hourly,1063,69,0.06,2.0,-51.51365825087575,-73.50850532980672,603,0.9714602442649759,20.398009950248756,-71.4159926880809,,0,0
hourly,1064,50,0.1,1.5,-51.56140323697564,-84.13361205429932,1114,1.006355061701622,21.095152603231597,-87.03533902948396,,0,0
hourly,1065,24,0.04,1.5,-51.727155485431965,-78.6266434602911,813,0.9907917409772293,20.91020910209102,-81.94620606658033,-53.76654942748134,0,1
hourly,1066,90,0.04,1.0,-52.00942227035199,-84.89789815039967,1154,1.008160826141018,21.317157712305026,-88.90226599263322,,0,0
hourly,1067,39,0.1,2.0,-52.14547040419046,-76.90673991533859,727,0.9832388498623595,20.63273727647868,-74.00097230407654,,0,0
hourly,1068,74,0.06,2.0,-52.30044837741825,-73.93882653913654,603,0.9699075802310922,20.398009950248756,-82.27096899900148,,0,0
hourly,1069,83,0.02,2.0,-52.37540699263658,-68.6221209393021,416,0.9355045321336715,19.71153846153846,-69.26834163083677,,0,0
hourly,1070,24,0.02,1.5,-52.47216542965776,-72.59015415667864,549,0.9622050549447344,20.40072859744991,-79.25330217344506,,0,0
hourly,1071,30,0.06,1.5,-52.47663990858775,-82.03768903268252,971,0.9997859899701581,20.90628218331617,-77.85766903315552,,0,0
hourly,1072,47,0.1,1.5,-52.50794571343271,-83.77596961031851,1072,1.0040692119901768,20.988805970149254,-86.97991098026236,,0,0
hourly,1073,99,0.1,2.0,-52.610684789106934,-75.83676752470738,672,0.9769191918637948,20.68452380952381,-76.69048587634377,170.78093434070288,0,1
hourly,1074,55,0.1,1.5,-52.95501854388663,-85.13632968655287,1150,1.0069582083557025,21.130434782608695,-74.74921108121994,,0,0
hourly,1075,57,0.02,1.0,-53.10324813408378,-76.72611447416564,699,0.9795610896323701,20.74391988555079,-88.00693652289236,,0,0
hourly,1076,25,0.02,2.0,-53.1687827556785,-69.39129411080383,424,0.9337423985875917,19.81132075471698,-73.8108803418113,,0,0
hourly,1077,19,0.04,2.0,-53.38254550017943,-74.17113971576379,589,0.9659075873710298,20.37351443123939,-78.70080773395811,,0,0
hourly,1078,99,0.04,1.5,-53.40794774499322,-78.65723913901739,779,0.9854991468660778,20.79589216944801,-88.29058914902373,,0,0
hourly,1079,38,0.04,2.5,-53.66366245616901,-70.13666189650036,438,0.9361960410816268,19.863013698630137,-63.59976376043779,,0,0
hourly,1080,107,0.1,2.0,-53.71280553133001,-76.1380079644995,661,0.973976885715238,20.423600605143722,-82.13145571528021,,0,0
hourly,1081,127,0.04,1.5,-53.83370872337861,-79.8246462228186,826,0.9886422316250504,20.702179176755447,-87.82208308536322,-41.608439530628836,0,1
hourly,1082,120,0.06,2.0,-53.930980897966194,-75.23045532410914,619,0.9679380887189073,20.516962843295637,-75.85607996227763,,0,0
hourly,1083,31,0.02,1.5,-53.99264052150723,-73.65317989232629,556,0.9596246798020932,20.503597122302157,-81.69535298911838,,0,0
hourly,1084,73,0.06,2.0,-54.11658196568244,-75.86797138759557,641,0.9710665658237595,20.43681747269891,-83.78451546241148,,0,0
hourly,1085,99,0.06,1.5,-54.19026284118653,-82.31810873615915,950,0.9962495476169334,20.842105263157894,-84.88822535234897,,0,0
hourly,1086,27,0.06,2.0,-54.276768031958035,-76.35812588471337,658,0.9725374110643269,20.51671732522796,-82.13763314940785,,0,0
hourly,1087,34,0.04,2.0,-54.47949180010554,-73.48474330572519,539,0.955549988705398,20.222634508348794,-71.87719263397791,,0,0
hourly,1088,117,0.02,1.0,-54.69556641752724,-77.65196756663093,705,0.9779650683781763,20.851063829787233,-87.74096621553753,,0,0
hourly,1089,53,0.02,1.5,-54.952020253014076,-73.83886953122686,542,0.9543810025417411,20.29520295202952,-81.28637290590703,616.700391628462,0,1
hourly,1090,87,0.1,1.5,-55.044635447878655,-85.14242295972197,1105,1.0019494147712584,20.995475113122172,-74.8728946074533,,0,0
hourly,1091,9,0.04,1.5,-55.080644802691324,-80.50742381340498,833,0.988041122856728,20.64825930372149,-84.03052801849576,,0,0
hourly,1092,99,0.02,1.5,-55.14314292217888,-74.46638038570623,562,0.9568655138909582,20.284697508896798,-84.73664453149411,,0,0
hourly,1093,118,0.02,2.5,-55.599662007594745,-68.37224361234284,338,0.8961759816780451,19.23076923076923,-78.19872307790916,,0,0
hourly,1094,11,0.02,2.5,-55.91503038751367,-68.40785785313572,332,0.8915639025367554,18.97590361445783,-73.87496103255064,,0,0
hourly,1095,124,0.04,2.0,-55.97181497006032,-74.6864531394108,552,0.9536648311970534,20.108695652173914,-76.74312574690188,,0,0
hourly,1096,34,0.1,2.0,-56.11258627068345,-78.06773194986691,692,0.9723869732211713,20.520231213872833,-80.13077615558532,,0,0
hourly,1097,25,0.04,2.0,-56.296011103571566,-75.85952813317068,592,0.9595139097023513,20.27027027027027,-81.17783850658861,356.69189731527223,0,1
hourly,1098,68,0.04,1.5,-56.38122526876559,-81.03436858095696,831,0.9854885847097588,20.577617328519857,-79.93236041763765,,0,0
hourly,1099,64,0.04,1.5,-56.5389040424894,-81.58829203656475,857,0.9857406145799471,20.653442240373394,-81.32419055916347,,0,0
hourly,1100,64,0.02,2.0,-56.5690112496396,-71.84241171335253,432,0.9266886765244254,19.90740740740741,-61.638334142522325,,0,0
hourly,1101,9,0.06,2.0,-56.6654759017141,-76.70203022030452,619,0.961393266232889,20.355411954765753,-74.07379631922853,,0,0
hourly,1102,76,0.04,2.0,-56.80219155733145,-75.53452905805361,567,0.9539430009822433,20.105820105820104,-69.36363811421764,,0,0
hourly,1103,102,0.06,1.5,-56.95607031367271,-83.6505935557438,966,0.9924690420918552,20.910973084886127,-82.19037631891595,,0,0
hourly,1104,77,0.06,1.5,-56.97029472650377,-84.10772479523496,994,0.9935098655871587,20.925553319919516,-81.99228720021887,,0,0
hourly,1105,119,0.02,1.5,-57.05044005432918,-75.30717438278077,552,0.9508863487113275,20.28985507246377,-81.60683026522699,161.5969828707554,0,1
hourly,1106,12,0.06,2.0,-57.121206415386474,-78.02914209414918,667,0.9674009475835199,20.389805097451273,-76.2703625521314,,0,0
hourly,1107,61,0.04,1.5,-57.352621847638055,-80.91074770089467,802,0.9810118302568441,20.57356608478803,-86.05795775305542,,0,0
hourly,1108,125,0.04,1.5,-57.37725897067796,-81.13071189179819,813,0.9816450405113821,20.541205412054122,-86.31086966365378,,0,0
hourly,1109,78,0.02,2.5,-57.39066833421986,-69.89144544262784,346,0.8927676858799988,19.07514450867052,-73.2352317274123,,0,0
hourly,1110,35,0.04,1.5,-57.473027436317395,-81.4907434206828,830,0.9820958138276039,20.72289156626506,-74.83865200924582,,0,0
hourly,1111,82,0.02,2.0,-57.635905828941524,-72.31368281616118,424,0.9188916101959237,19.57547169811321,-78.91050564747131,,0,0
hourly,1112,2,0.04,2.0,-58.046573121678435,-76.09689327036774,561,0.9503225455128954,20.142602495543674,-78.77897753419076,,0,0
hourly,1113,108,0.02,2.0,-58.34014082805376,-72.88321283358606,428,0.9179732551946189,19.626168224299064,-79.1029591367266,118.93254408289553,0,1
hourly,1114,89,0.02,1.5,-58.47450226184265,-76.03088026234175,548,0.9463655339866763,20.255474452554743,-76.30989310792167,,0,0
hourly,1115,107,0.06,1.5,-58.475878249665655,-84.66447603235636,994,0.9919345458246744,20.925553319919516,-90.18620170065986,,0,0
hourly,1116,63,0.04,2.0,-58.63782527101281,-76.55172303879453,566,0.9492953707828654,20.141342756183747,-73.75843540773627,,0,0
hourly,1117,19,0.02,2.0,-58.651091631107086,-73.16683376321429,431,0.9204623252491146,19.721577726218097,-78.51863556718185,,0,0
hourly,1118,53,0.02,1.0,-58.709696170663264,-79.5929154725078,703,0.9685828842724267,20.62588904694168,-85.25855734571343,,0,0
hourly,1119,55,0.02,1.0,-58.71854066390553,-79.67910692830758,707,0.9704749418498771,20.650636492220652,-84.76928294150264,,0,0
hourly,1120,27,0.04,2.0,-58.75930724044264,-76.73742215854749,571,0.9499501074662268,20.140105078809107,-69.8714653867579,,0,0
hourly,1121,70,0.02,1.5,-58.76978679238045,-75.74434901859055,529,0.9412133580044693,20.03780718336484,-72.70013502353943,-16.29540978381092,0,1
hourly,1122,28,0.02,1.5,-58.871753482469444,-77.1695995158537,587,0.9522849848402675,20.272572402044293,-79.68846058815022,,0,0
hourly,1123,8,0.1,1.5,-59.06249172618991,-86.93746369093347,1140,0.9983488065985058,20.87719298245614,-81.09844233711486,,0,0
hourly,1124,89,0.04,2.0,-59.33220820274825,-77.10680867494972,573,0.9488828572863279,20.069808027923212,-75.9458367771583,,0,0
hourly,1125,63,0.02,1.5,-59.411890453526816,-76.89856365253299,562,0.9459990089130716,20.106761565836297,-83.86211120199847,,0,0
hourly,1126,4,0.06,1.5,-59.42591409282839,-84.71270984719673,974,0.9898524261736313,20.739219712525667,-81.326734113511,,0,0
hourly,1127,45,0.1,2.0,-59.69881048682253,-80.51608291766443,725,0.9682091821649679,20.413793103448278,-80.24777741040123,,0,0
hourly,1128,103,0.04,2.0,-59.71329516499486,-77.0932299045185,563,0.9452786381158296,19.893428063943162,-72.75640465732434,,0,0
hourly,1129,115,0.06,1.5,-59.79867013485486,-84.53129811043459,953,0.9872551575923214,20.776495278069255,-87.80378903979718,-69.41445861645796,0,1
hourly,1130,70,0.06,1.5,-60.132397460789555,-85.08385317562063,981,0.9880937317778342,20.795107033639145,-89.41025043770453,,0,0
hourly,1131,52,0.02,2.0,-60.168179705135636,-73.81333777590343,418,0.9080611100259484,19.37799043062201,-67.63726898205354,,0,0
hourly,1132,91,0.02,2.0,-60.26255284132167,-74.64857154214644,448,0.9175113928831383,19.419642857142858,-78.6389215777175,,0,0
hourly,1133,82,0.02,1.0,-60.304294479898715,-81.2651153044406,749,0.9715581618244093,20.560747663551403,-79.17964237001642,,0,0
hourly,1134,56,0.1,1.5,-60.390311688159734,-86.8582554470779,1101,0.9945435286302322,20.799273387829246,-78.77363503761235,,0,0
hourly,1135,69,0.02,1.5,-60.53332673326259,-76.99129552014054,538,0.9395420697108631,20.260223048327138,-74.49785298080235,,0,0
hourly,1136,38,0.02,1.5,-60.62491624053664,-77.5226899956663,559,0.9452136549949455,20.03577817531306,-76.40319262119917,,0,0
hourly,1137,66,0.02,1.5,-60.63740338783246,-78.08487924623915,584,0.9467679062175535,20.034246575342465,-84.46637821181876,5.649361227779903,0,1
hourly,1138,67,0.06,1.5,-60.74809184914746,-85.09230402512544,966,0.9866026766886541,20.80745341614907,-88.048553901605,,0,0
hourly,1139,82,0.02,1.5,-61.15391145247835,-78.43766252996376,587,0.9464501669775938,20.10221465076661,-82.95374182884512,,0,0
hourly,1140,35,0.02,1.5,-61.52308915331759,-78.40624770351324,576,0.9434728530189546,20.13888888888889,-76.05941737485075,,0,0
hourly,1141,26,0.1,1.5,-61.70807275412391,-87.00003872830929,1078,0.9919477740350015,20.77922077922078,-82.03152296623722,,0,0
hourly,1142,88,0.02,2.0,-61.73078643858061,-75.16701887282105,431,0.9070802602815191,19.48955916473318,-72.11548614843909,,0,0
hourly,1143,93,0.02,2.0,-61.75102674768957,-75.35344088920355,438,0.9083556936578778,19.40639269406393,-71.56639412994107,,0,0
hourly,1144,18,0.02,1.5,-61.90914393784649,-77.72713309936823,535,0.9329060140251385,19.813084112149532,-71.0214731238995,,0,0
hourly,1145,96,0.04,1.5,-62.01558145659965,-83.55228652802334,835,0.97441351493234,20.479041916167663,-79.75225959095462,-62.5675961806244,0,1
hourly,1146,22,0.06,2.0,-62.21300730272016,-80.1100545985293,640,0.9517296826226473,20.15625,-75.44511789104307,,0,0
hourly,1147,27,0.02,1.0,-62.242621710348075,-81.52652179264379,713,0.96170954699485,20.336605890603085,-91.2969858092015,,0,0
hourly,1148,45,0.04,1.5,-62.26086521669796,-83.60931608004203,832,0.9729449566856752,20.432692307692307,-77.35546779822018,,0,0
hourly,1149,100,0.1,2.0,-62.86152447427311,-80.66585356101332,651,0.9515706303825489,20.122887864823348,-80.59846565603715,,0,0
hourly,1150,10,0.02,1.5,-62.87461567688801,-78.59462194432896,549,0.9346390571073883,19.672131147540984,-88.16226751829682,,0,0
hourly,1151,69,0.1,2.0,-62.89447946749134,-80.87542685653624,661,0.952606467765268,20.12102874432678,-74.85790228514837,,0,0
hourly,1152,26,0.02,2.0,-63.06986579921748,-76.37040883357193,445,0.9069713945589504,19.325842696629213,-65.1612291219422,,0,0
hourly,1153,2,0.02,1.5,-63.154768892425906,-78.9258602746489,557,0.9361388457615475,19.92818671454219,-79.55166988843304,-29.416292303293123,0,1
hourly,1154,90,0.06,2.0,-63.18013229663577,-79.17086919265275,568,0.9367570244264667,20.070422535211268,-74.20857076814355,,0,0
hourly,1155,67,0.06,2.0,-63.393522079903384,-80.26353131459392,616,0.9456821709966162,20.12987012987013,-80.69854196895874,,0,0
hourly,1156,33,0.04,1.5,-63.67198545129714,-83.75819554724201,803,0.9687535604208678,20.298879202988793,-88.71432826560843,,0,0
hourly,1157,19,0.06,1.5,-63.88326140045149,-86.04875925998493,949,0.9804013968207503,20.54794520547945,-82.41818257436117,,0,0
hourly,1158,35,0.06,2.0,-64.02647112617896,-81.36633644254628,656,0.9486718743765468,20.121951219512194,-82.17005813917572,,0,0
hourly,1159,111,0.02,1.5,-64.20798138469293,-78.81968434534765,523,0.92332433047836,19.694072657743785,-71.51366326109188,,0,0
hourly,1160,82,0.06,1.0,-64.27922436276748,-91.96475857601602,1489,1.0052470624724656,21.22229684351914,-89.34472138131763,,0,0
hourly,1161,4,0.02,1.5,-64.34850799197795,-79.42467391667579,548,0.9300170009969443,19.89051094890511,-79.93462795905761,-32.59463990636222,0,1
hourly,1162,104,0.04,1.5,-64.43880307030211,-84.19657628590949,809,0.9675337654410828,20.64276885043263,-83.06816321383168,,0,0
hourly,1163,92,0.06,1.5,-64.54767738652347,-86.36038170491042,953,0.9793757745660564,20.566631689401888,-80.42612898983556,,0,0
hourly,1164,79,0.02,1.5,-64.62766428319689,-80.32814941422609,585,0.934955741879067,19.82905982905983,-78.89040352169239,,0,0
hourly,1165,31,0.1,2.0,-64.81779808971132,-82.45699711635166,694,0.9523447956196156,20.172910662824208,-79.29781686471716,,0,0
hourly,1166,55,0.04,1.5,-64.89654061245547,-85.1172140620207,856,0.9705913704662482,20.677570093457945,-91.34630051315123,,0,0
hourly,1167,78,0.1,1.5,-64.90785055216794,-88.77066526785255,1137,0.9897330186095332,20.756376429199648,-92.26482063420531,,0,0
hourly,1168,118,0.02,2.0,-64.97495208985093,-77.96871993697194,462,0.9046885695563304,19.264069264069263,-82.53551350640844,,0,0
hourly,1169,45,0.06,1.5,-64.98962274282255,-86.59781460379182,958,0.9787345753286749,20.563674321503132,-79.02364389087843,-62.4501629617972,0,1
hourly,1170,94,0.1,1.5,-65.18121497575247,-88.08513432858179,1070,0.9855355654212573,20.654205607476637,-85.82230086918155,,0,0
hourly,1171,88,0.04,1.5,-65.30463165291935,-85.08269751752414,842,0.9680408456104711,20.42755344418052,-83.16890454139548,,0,0
hourly,1172,85,0.06,2.0,-65.37898181380667,-81.53926417888158,627,0.9404116347800396,20.095693779904305,-75.25777308327977,,0,0
hourly,1173,49,0.04,2.0,-65.44586724249899,-80.4733260007059,569,0.9294555940490659,19.68365553602812,-83.27812447309046,,0,0
hourly,1174,17,0.1,1.5,-65.72946845376133,-89.47478921505666,1178,0.9898868078080563,20.713073005093378,-86.4267521079736,,0,0
hourly,1175,93,0.06,2.0,-65.91810666699665,-81.66259219979919,618,0.9378484658427628,19.902912621359224,-81.04085079503037,,0,0
hourly,1176,20,0.02,1.5,-66.2042453888909,-80.24108248323077,535,0.9205321297203072,19.813084112149532,-78.10540936025482,,0,0
hourly,1177,113,0.06,1.5,-66.29212985254543,-87.9219345806652,1024,0.9804365366705909,20.60546875,-80.74378033900106,54.96787604457334,0,1
hourly,1178,5,0.04,1.5,-66.40875427770024,-85.26579278149676,822,0.9639700570854227,20.559610705596107,-76.82384629814949,,0,0
hourly,1179,92,0.1,1.5,-66.43128001718934,-89.2369497875369,1135,0.9863191750792544,20.792951541850222,-85.52137318973311,,0,0
hourly,1180,57,0.1,1.5,-66.52017288738598,-89.01560089643642,1112,0.9860574734667821,20.77338129496403,-89.44746929169678,,0,0
hourly,1181,16,0.1,2.0,-66.52246365993366,-83.93097658726518,732,0.9530375776204206,20.218579234972676,-81.08318278351891,,0,0
hourly,1182,46,0.02,1.5,-66.66709293893759,-81.72159638704939,599,0.9328116619236337,19.86644407345576,-86.13872187335815,,0,0
hourly,1183,0,0.02,1.0,-66.7121663597897,-83.3860649944823,693,0.9488500874139685,20.2020202020202,-83.24060220289672,,0,0
hourly,1184,113,0.04,1.5,-66.8628071793129,-85.45068629826048,821,0.9633157297964137,20.34104750304507,-85.6072374408273,,0,0
hourly,1185,7,0.02,1.5,-67.00941551218197,-80.9618545850938,548,0.9221103405897754,19.525547445255473,-84.87211017944303,-78.97090593577336,0,1
hourly,1186,63,0.1,1.5,-67.07686659238408,-89.10058368436857,1103,0.984202813696517,20.670897552130555,-87.9855146015542,,0,0
hourly,1187,122,0.06,1.5,-67.15654999750764,-87.89745691811837,996,0.9773410353091878,20.481927710843372,-83.52586954153819,,0,0
hourly,1188,24,0.06,1.5,-67.16734866617628,-87.60718341515421,972,0.975506523311487,20.37037037037037,-88.38670251109393,,0,0
hourly,1189,67,0.02,1.0,-67.20785653061203,-83.30268963140315,673,0.9448947916390423,20.356612184249627,-75.70083567017457,,0,0
hourly,1190,18,0.06,1.5,-67.20844885521173,-87.29622289899024,946,0.9732361114816769,20.718816067653275,-84.63457232640141,,0,0
hourly,1191,45,0.02,2.0,-67.23484987850892,-78.91143185588608,439,0.8878335104292889,19.134396355353076,-77.77269346732552,,0,0
hourly,1192,15,0.06,1.5,-67.3552955285626,-87.25168658371847,938,0.973757783828838,20.68230277185501,-85.0058317985191,,0,0
hourly,1193,29,0.06,1.5,-67.37465328810916,-87.33534782036209,944,0.9727511680530639,20.550847457627118,-82.5219876073472,15.300107175946454,0,1
hourly,1194,103,0.02,1.5,-67.4165898164462,-81.77173332395505,579,0.9276582821689746,19.86183074265976,-88.75562219636282,,0,0
hourly,1195,91,0.06,1.5,-67.44636358374545,-87.61386801077971,964,0.9749505944587866,20.643153526970956,-82.10961563366624,,0,0
hourly,1196,78,0.02,2.0,-67.47460934239918,-79.43999675378531,457,0.8953624087675118,19.25601750547046,-78.700403548831,,0,0
hourly,1197,56,0.02,1.5,-67.54271951960065,-81.6226143757162,567,0.922349331074995,19.753086419753085,-84.93809961100996,,0,0
hourly,1198,78,0.06,1.5,-67.57818610445895,-87.27509482237114,933,0.9717024450937122,20.471596998928188,-91.99843391374995,,0,0
hourly,1199,57,0.04,1.5,-67.59289181891648,-85.65711170426907,813,0.960847776243257,20.29520295202952,-80.05446422862565,,0,0
hourly,1200,64,0.06,1.5,-67.60304677605949,-87.71028346021552,967,0.9733761205209336,20.579110651499484,-81.4612863887642,,0,0
hourly,1201,77,0.02,1.0,-67.61029225023505,-84.02771966155898,705,0.9473782743024958,20.28368794326241,-83.31360857733716,-91.26055222325662,0,1
hourly,1202,49,0.02,1.5,-67.65413957231321,-81.8139396887843,574,0.9257912096748647,19.686411149825783,-79.10289515118833,,0,0
hourly,1203,106,0.02,1.5,-68.04213200559488,-81.83321718585769,563,0.9212652005569998,19.893428063943162,-85.76044316019656,,0,0
hourly,1204,114,0.04,2.0,-68.11360226717727,-81.58105252589532,547,0.9163488839270731,19.561243144424132,-80.39922363532102,,0,0
hourly,1205,48,0.02,1.0,-68.24228570134999,-84.27699966667167,701,0.946461862156021,20.542082738944366,-79.13128073256266,,0,0
hourly,1206,92,0.02,1.5,-68.28976995170322,-82.8715081994468,614,0.930854330712241,19.706840390879478,-89.68696999475868,,0,0
hourly,1207,21,0.02,1.5,-68.4931891506231,-82.48003928583886,585,0.9238947616762385,19.487179487179485,-89.81849342904225,,0,0
hourly,1208,44,0.06,1.5,-68.52966492253013,-88.19299898234237,978,0.9730337047208616,20.449897750511248,-83.00578131140306,,0,0
hourly,1209,38,0.06,1.5,-68.6317313954609,-88.31347509118831,985,0.9730364688037744,20.609137055837564,-89.66534007229383,-74.21401528795164,0,1
hourly,1210,27,0.04,1.5,-68.70188329839387,-86.34120565294813,827,0.95959490262696,20.314389359129382,-83.2435918170279,,0,0
hourly,1211,82,0.04,1.5,-68.77260707233741,-86.74873778824819,855,0.9614476152666098,20.350877192982455,-81.30381583629034,,0,0
hourly,1212,51,0.06,1.5,-68.92677462644876,-87.91421385185673,942,0.9690704092343674,20.59447983014862,-85.39747582663088,,0,0
hourly,1213,63,0.04,1.5,-69.04621480764952,-86.25987478029083,810,0.9580542188720789,20.37037037037037,-84.92349221239,,0,0
hourly,1214,73,0.02,1.0,-69.13475650727511,-84.04686772520068,658,0.9358962784046163,19.908814589665653,-84.17056989583554,,0,0
hourly,1215,123,0.04,1.5,-69.19185968437817,-86.68920736165427,837,0.9594944093476705,20.07168458781362,-85.99348121158489,,0,0
hourly,1216,5,0.1,1.5,-69.35914615353852,-89.64142662881926,1082,0.9794000985313546,20.609981515711645,-84.7712743258598,,0,0
hourly,1217,98,0.02,1.5,-69.4695913997227,-82.3297714547266,545,0.9116568698048095,19.63302752293578,-79.46237801134217,-41.62435919273545,0,1
hourly,1218,72,0.02,2.0,-69.56099814525463,-80.37067801671546,437,0.8755228435616157,18.76430205949657,-84.89876351436934,,0,0
hourly,1219,55,0.06,2.0,-69.66342623533279,-84.19409728822576,650,0.9310047550192889,19.692307692307693,-81.71361745098037,,0,0
hourly,1220,116,0.02,2.0,-69.75653736911158,-80.4383474705784,434,0.8750145937167068,18.663594470046082,-82.00459514304391,,0,0
hourly,1221,109,0.02,1.0,-69.83461828432682,-85.08093947867818,702,0.9412594653561135,20.22792022792023,-87.10051952444503,,0,0
hourly,1222,64,0.02,1.5,-69.8819137836356,-82.8801204619505,563,0.9155257830522013,19.715808170515096,-82.37350605724649,,0,0
hourly,1223,84,0.04,1.5,-69.98264358685404,-87.10876304593135,843,0.9573084596256295,20.047449584816132,-85.46704537586702,,0,0
hourly,1224,91,0.04,2.0,-70.04002457219698,-83.00399333990869,565,0.9137866922343337,19.469026548672566,-78.21980193070391,,0,0
hourly,1225,52,0.1,1.5,-70.0813959902961,-90.50402980546505,1145,0.9812749664424647,20.611353711790393,-91.26692835247444,10.036146882860297,0,1
hourly,1226,86,0.02,1.5,-70.12890551676496,-83.18974052131715,573,0.9162320930128441,19.54624781849913,-74.31587286680372,,0,0
hourly,1227,22,0.02,1.0,-70.17026125806056,-84.90372371841333,679,0.9389378001176036,20.176730486008836,-87.92064808227852,,0,0
hourly,1228,65,0.04,1.5,-70.21159976619751,-86.88293024893107,818,0.954205346729981,20.293398533007334,-78.05696754705923,,0,0
hourly,1229,54,0.02,2.0,-70.53098359843544,-80.84397773916244,429,0.8679556527377162,18.64801864801865,-80.80313741810303,,0,0
hourly,1230,31,0.04,1.5,-70.68555570951332,-87.06604243924549,816,0.9532853463405945,20.220588235294116,-87.95684925099602,,0,0
hourly,1231,46,0.04,1.5,-70.73179243366316,-86.70590426858506,787,0.9490611833472302,20.203303684879288,-80.88895899128485,,0,0
hourly,1232,74,0.02,1.0,-70.83844146455966,-85.34535965274738,686,0.9389515425101981,20.55393586005831,-88.49688296473964,,0,0
hourly,1233,90,0.02,1.5,-70.90370634287406,-83.1099825584513,542,0.9058160187979154,19.55719557195572,-86.36326626439048,-39.85576183495042,0,1
hourly,1234,127,0.02,1.5,-70.95007166234736,-83.7176183030244,577,0.913972926908349,19.75736568457539,-84.01937874029139,,0,0
hourly,1235,124,0.02,1.5,-70.95879588734685,-83.24279261818151,548,0.9049971114370765,19.343065693430656,-86.7086196869879,,0,0
hourly,1236,62,0.04,1.5,-70.99723533918889,-86.5872272141025,769,0.9476708022925604,20.0260078023407,-93.35240620947319,,0,0
hourly,1237,95,0.02,1.5,-71.03360182846541,-83.65029068753437,570,0.9116363277531253,19.29824561403509,-73.05903848295617,,0,0
hourly,1238,85,0.02,1.0,-71.11295806480584,-85.79938625830084,708,0.9388062495579451,20.19774011299435,-89.83437552242302,,0,0
hourly,1239,54,0.06,1.5,-71.19575644516495,-89.54532160312299,1011,0.9693977007798428,20.474777448071215,-93.19012692339996,,0,0
hourly,1240,75,0.02,1.5,-71.2936204026959,-83.03344046419329,524,0.8991030123434729,19.46564885496183,-84.9276329056273,,0,0
hourly,1241,23,0.02,2.0,-71.33178482009102,-81.5323182581354,438,0.8701879791981735,18.949771689497716,-79.02591451202883,210.59764837564666,0,1
hourly,1242,119,0.1,1.5,-71.352918337801,-91.35196045239402,1195,0.9818293246683271,20.585774058577407,-90.7116675819786,,0,0
hourly,1243,113,0.02,2.0,-71.36902241379198,-81.23968443196115,421,0.8620957237226793,18.52731591448931,-79.74784806743777,,0,0
hourly,1244,104,0.1,1.5,-71.42314635891256,-90.42647091062103,1091,0.9756882274558665,20.53162236480293,-88.1558010450761,,0,0
hourly,1245,58,0.02,1.0,-71.63312408248923,-86.04130673891156,707,0.9362622094777575,19.943422913719942,-78.51453932249025,,0,0
hourly,1246,93,0.04,1.5,-71.63872137703622,-87.57423008933047,823,0.9503140619905468,20.17010935601458,-90.01189202590803,,0,0
hourly,1247,73,0.1,1.5,-71.83598828310383,-90.761230372432,1112,0.9762679091127415,20.503597122302157,-86.18881924985033,,0,0
hourly,1248,8,0.02,1.5,-72.07685489115997,-84.38096594390099,579,0.9086510897943504,19.34369602763385,-84.2657142230468,,0,0
hourly,1249,122,0.02,2.5,-72.28000608631567,-80.65449833379559,358,0.823515409401232,17.877094972067038,-82.35778408930562,306.46597209561264,0,1
hourly,1250,39,0.02,1.5,-72.66975655107262,-84.1200418803601,541,0.8961233856418441,19.22365988909427,-85.25642832119628,,0,0
hourly,1251,84,0.06,1.5,-72.69772060600629,-89.46693631639401,950,0.9610166935984304,20.42105263157895,-90.22378391167251,,0,0
hourly,1252,46,0.1,1.5,-72.70641698872615,-91.16268661534434,1125,0.9743485404616217,20.622222222222224,-89.63144413451339,,0,0
hourly,1253,89,0.04,1.5,-72.77238993734301,-88.17856171521152,832,0.9497435847912,20.3125,-88.46284423340268,,0,0
hourly,1254,114,0.06,1.5,-72.93498542642796,-89.86759731639832,980,0.9635575585033024,20.306122448979593,-86.05424478744355,,0,0
hourly,1255,11,0.02,2.0,-72.95566528771016,-83.01001495079987,463,0.8706475944977149,18.574514038876888,-88.75369946206287,,0,0
hourly,1256,87,0.04,1.5,-73.0443416759651,-88.62013757692094,860,0.9506997284770123,20.11627906976744,-90.04877101859596,,0,0
hourly,1257,44,0.04,1.5,-73.13558849308554,-88.04088438506572,807,0.9468040641948469,20.074349442379184,-86.454214983515,-85.04591803506017,0,1
hourly,1258,44,0.02,1.5,-73.22188768628912,-84.4878673901366,544,0.895258019463196,19.301470588235293,-86.54195630682766,,0,0
hourly,1259,30,0.02,1.0,-73.29508961178568,-87.12036217729768,727,0.9337522433763231,20.082530949105916,-86.70390483093604,,0,0
hourly,1260,77,0.04,1.5,-73.80780172024647,-88.36356583352583,809,0.943533814843291,20.27194066749073,-84.59424210073121,,0,0
hourly,1261,28,0.06,1.5,-73.8282990424484,-90.42550740939005,1003,0.9642975149661287,20.438683948155532,-90.48630609278726,,0,0
hourly,1262,86,0.06,1.0,-73.8316039351167,-94.3970723868015,1538,0.9939066999558749,21.001300390117034,-95.0116415783099,,0,0
hourly,1263,104,0.06,1.5,-73.9623007892223,-89.9251257631284,947,0.9581590492432611,20.16895459345301,-87.31744765355181,,0,0
hourly,1264,88,0.02,1.5,-73.98073083749328,-85.47594468131592,581,0.9004780314896437,19.27710843373494,-85.59426289540072,,0,0
hourly,1265,17,0.02,1.5,-74.0102950255799,-85.44897081378463,578,0.9011846549313612,19.031141868512112,-85.15711114246449,51.35329453984971,0,1
hourly,1266,46,0.06,1.5,-74.0165492105224,-90.39864031336123,993,0.961753188257037,20.342396777442094,-83.92255816923236,,0,0
hourly,1267,11,0.04,1.5,-74.14137004995538,-88.76211900089092,831,0.9444681612296966,20.09626955475331,-84.7394692980014,,0,0
hourly,1268,108,0.06,1.5,-74.17317501722316,-90.37028643717201,984,0.9614179339699928,20.223577235772357,-89.81351520833265,,0,0
hourly,1269,68,0.06,1.5,-74.23288883920203,-90.70481884602005,1017,0.9640486769713499,20.45231071779744,-94.15876712118771,,0,0
hourly,1270,72,0.06,1.5,-74.35235820655632,-90.2534610204641,965,0.9589411655090269,20.207253886010363,-90.77416245144548,,0,0
hourly,1271,30,0.04,2.0,-74.37346990128579,-85.78114284571203,587,0.9013422235419969,19.250425894378193,-88.6508330774227,,0,0
hourly,1272,21,0.04,1.5,-74.38931330586989,-88.7243433506947,818,0.9439390204839784,20.293398533007334,-81.74826545107257,,0,0
hourly,1273,34,0.02,1.5,-74.46336269263566,-85.44281037973131,560,0.8944640350136224,19.285714285714285,-84.99483723134198,13.703297895512613,0,1
hourly,1274,71,0.02,1.0,-74.60348593240387,-88.23291811049059,767,0.9364063795332371,20.078226857887874,-86.73953136665182,,0,0
hourly,1275,107,0.04,1.5,-74.7278806652886,-89.27810407996847,855,0.946350158737108,20.0,-87.08558904249092,,0,0
hourly,1276,54,0.1,1.5,-74.91080583571355,-91.67957907209507,1101,0.9681730447311486,20.52679382379655,-85.37346111704606,,0,0
hourly,1277,111,0.06,1.5,-75.01854083967766,-90.62017096056722,977,0.9577969469427985,20.36847492323439,-86.89974608631401,,0,0
hourly,1278,118,0.04,1.5,-75.0675210922187,-88.84587561274306,802,0.9386904496665613,19.825436408977556,-81.69383146158663,,0,0
hourly,1279,59,0.1,1.5,-75.1795648823463,-91.85895122554028,1112,0.9683170776676692,20.503597122302157,-91.24176184406517,,0,0
hourly,1280,68,0.1,1.5,-75.19788432122807,-91.84871911962627,1110,0.9686483282011901,20.45045045045045,-85.22480134317072,,0,0
hourly,1281,2,0.1,1.5,-75.19863880625495,-92.07430548154876,1138,0.9705291097319979,20.38664323374341,-89.60883942460428,-60.918077562664074,0,1
hourly,1282,119,0.06,1.5,-75.25536102229383,-90.71849060268326,978,0.9573639846919352,20.245398773006134,-93.38750538698369,,0,0
hourly,1283,51,0.02,1.5,-75.36107897618452,-85.92712036492853,558,0.8927914854425141,18.996415770609318,-85.05959560355285,,0,0
hourly,1284,106,0.04,1.0,-75.37719161974171,-92.67868790361685,1210,0.9746148701663775,20.66115702479339,-93.44245793196852,,0,0
hourly,1285,120,0.06,1.5,-75.40367863410543,-90.93897262847011,996,0.9587531448055961,20.38152610441767,-88.39274760054032,,0,0
hourly,1286,22,0.04,1.5,-75.56777748468512,-89.14623806050524,809,0.9381791182528855,19.77750309023486,-86.61065490344575,,0,0
hourly,1287,38,0.04,2.0,-75.7050481769297,-87.0239112297783,625,0.9052608104993614,19.36,-84.79193687139983,,0,0
hourly,1288,34,0.04,1.5,-75.71006823462182,-89.37029973918109,824,0.9393573976808604,20.145631067961165,-85.22479855173346,,0,0
hourly,1289,120,0.02,1.0,-75.84530950527707,-87.66751411818018,670,0.9173671532913096,20.0,-89.25664940980425,-71.2679228179217,0,1
hourly,1290,94,0.02,1.5,-75.90125070201658,-86.16666076923936,553,0.8866375333207814,19.168173598553345,-86.68860228535492,,0,0
hourly,1291,85,0.1,1.5,-76.16606740935462,-92.48222951787538,1151,0.9690670242584772,20.59079061685491,-92.93493598565414,,0,0
hourly,1292,3,0.06,1.5,-76.1852974198121,-90.86877245212224,956,0.9535468958858259,20.188284518828453,-88.17475378277803,,0,0
hourly,1293,79,0.06,1.5,-76.19599091483029,-91.21360414720931,994,0.9568295660345366,20.020120724346075,-87.7441224529818,,0,0
hourly,1294,81,0.06,1.5,-76.19904994663615,-91.16174765748298,988,0.9559855665478245,20.344129554655872,-91.1459876227316,,0,0
hourly,1295,61,0.02,1.5,-76.20295014994403,-86.2852369894481,549,0.8847013107422841,19.12568306010929,-90.13162191868658,,0,0
hourly,1296,106,0.06,1.5,-76.22568834836973,-91.09173406815101,979,0.9550289044658741,20.326864147088866,-87.25559046222835,,0,0
hourly,1297,43,0.06,1.5,-76.25867940761385,-90.8603693881685,952,0.952681694263073,20.3781512605042,-86.1518017668215,-71.8252772139013,0,1
hourly,1298,120,0.1,1.5,-76.26702698518044,-92.521554068045,1152,0.9684709029321752,20.48611111111111,-90.55104446238002,,0,0
hourly,1299,105,0.1,1.5,-76.30866672687395,-92.51221933971712,1149,0.9680617666844709,20.452567449956483,-90.21477472954435,,0,0
hourly,1300,52,0.02,1.5,-76.31907638952325,-86.26997056446912,543,0.8819752130645692,18.968692449355434,-83.3470728313727,,0,0
hourly,1301,81,0.02,1.0,-76.52407821430948,-88.47320051717213,709,0.9191498069811679,19.605077574047954,-85.31168925743361,,0,0
hourly,1302,7,0.04,1.5,-76.52442730877847,-89.40313335497264,793,0.932060529820541,19.798234552332914,-89.8159042382962,,0,0
hourly,1303,25,0.04,1.5,-76.5451960968906,-90.14897081911616,865,0.942251000807418,20.115606936416185,-92.14718667249463,,0,0
hourly,1304,49,0.02,1.0,-76.67644193154992,-88.78642112355652,730,0.9230227724464711,19.726027397260275,-90.00138238031379,,0,0
hourly,1305,42,0.1,1.5,-76.78626461724207,-93.05651692639678,1204,0.9716311275574273,20.514950166112957,-93.82589277021158,18.381660917605824,0,1
hourly,1306,62,0.02,1.0,-76.79460020716802,-88.79857920081442,726,0.9226270788429713,19.834710743801654,-89.33859896377024,,0,0
hourly,1307,116,0.06,1.5,-76.84453067580593,-91.13951855310847,958,0.9515208304421604,20.041753653444676,-94.09590739861041,,0,0
hourly,1308,88,0.06,1.5,-76.86815173131237,-91.5301322012394,1002,0.9565634517123869,20.25948103792415,-86.79091117335742,,0,0
hourly,1309,92,0.04,1.5,-76.96454658404032,-89.85908975376535,818,0.9346259822812096,19.804400977995112,-86.5929577079051,,0,0
hourly,1310,0,0.04,1.5,-76.99102587157162,-89.9215138890328,823,0.9369915054267791,19.927095990279465,-92.71923323583431,,0,0
hourly,1311,0,0.02,1.5,-77.01418310008218,-87.02883845291694,570,0.8859956078137464,18.771929824561404,-80.05745099017123,,0,0
hourly,1312,14,0.1,1.5,-77.03717266990664,-92.90083155206766,1171,0.9681821672297123,20.495303159692572,-90.17417437055587,,0,0
hourly,1313,62,0.02,1.5,-77.12893548894901,-87.18377995898987,577,0.8879270206247339,19.23743500866551,-85.35253605079576,-75.6419887675528,0,1
hourly,1314,41,0.02,1.5,-77.17376585180725,-86.81895993919468,547,0.8802509827941716,19.195612431444243,-85.8510863125428,,0,0
hourly,1315,108,0.04,1.5,-77.24421721232011,-89.5415704349756,775,0.9271336049230136,19.870967741935484,-87.64141157162943,,0,0
hourly,1316,25,0.02,1.5,-77.40921409910915,-87.05896000264414,555,0.8786218914331387,18.91891891891892,-81.82726126698748,,0,0
hourly,1317,7,0.06,1.5,-77.44275926110156,-91.83926567412733,1014,0.954871888602378,20.216962524654832,-88.806159700674,,0,0
hourly,1318,4,0.1,1.5,-77.50290595189247,-92.32024594133736,1072,0.9598852265418889,20.242537313432837,-91.03881740068493,,0,0
hourly,1319,122,0.04,1.5,-77.55499053609387,-89.8890618305339,795,0.9291000017042772,19.748427672955973,-88.94217856773513,,0,0
hourly,1320,86,0.04,1.5,-77.64286300246448,-90.11849144095989,814,0.9318281274931103,19.77886977886978,-91.42477354669809,,0,0
hourly,1321,9,0.06,1.5,-77.8184806298595,-91.39259782540735,944,0.945667140277906,20.021186440677965,-93.0525993808331,-71.5052281549368,0,1
hourly,1322,105,0.04,2.0,-77.97891568117095,-87.36038264645431,553,0.876282289950073,18.9873417721519,-84.03255250060406,,0,0
hourly,1323,116,0.04,1.5,-78.02078458621052,-89.99953716006569,785,0.9267413120159734,19.61783439490446,-87.56790109545314,,0,0
hourly,1324,116,0.1,1.5,-78.17555052351963,-92.60209922075637,1079,0.9584886966230384,20.20389249304912,-90.90114411544957,,0,0
hourly,1325,75,0.06,1.5,-78.1976366094653,-91.5060246664981,940,0.9453477207698278,20.106382978723403,-91.44531150804244,,0,0
hourly,1326,94,0.04,1.5,-78.23384979243626,-90.38958913100909,815,0.9301445568609725,19.87730061349693,-85.81977332908166,,0,0
hourly,1327,95,0.06,2.0,-78.24162158035895,-88.83609656779818,665,0.9028083034895571,19.398496240601503,-82.62944034483837,,0,0
hourly,1328,101,0.02,1.5,-78.30023536167478,-87.70604333611833,566,0.8780093818576795,18.90459363957597,-83.59434957888875,,0,0
hourly,1329,14,0.04,1.5,-78.33360644596088,-90.89169907205428,864,0.9366044667214054,20.02314814814815,-87.33859165860707,-83.14971542725903,0,1
hourly,1330,115,0.02,1.5,-78.4052911655505,-88.17520020337618,600,0.8885878989003985,19.166666666666668,-87.40309422755148,,0,0
hourly,1331,39,0.06,1.5,-78.42675516554853,-91.71236325078553,954,0.9461774733781964,20.12578616352201,-87.80071165988149,,0,0
hourly,1332,121,0.02,1.5,-78.45781530782367,-87.86866793081668,572,0.8824252746428399,19.405594405594407,-86.5804154170396,,0,0
hourly,1333,122,0.02,2.0,-78.56114164891643,-86.46700901462626,458,0.8391706632230163,18.34061135371179,-87.53487306267101,,0,0
hourly,1334,107,0.1,1.5,-78.66021565189429,-93.46224802919863,1180,0.9646640690338906,20.25423728813559,-90.70455010415552,,0,0
hourly,1335,124,0.06,1.5,-78.6739816501539,-91.77452831592575,950,0.944757736709586,20.105263157894736,-88.83285184356379,,0,0
hourly,1336,67,0.1,1.5,-78.72842511278225,-93.23050576247826,1142,0.9624595135429342,20.2276707530648,-91.19976366144851,,0,0
hourly,1337,33,0.06,1.5,-78.78558568494698,-91.93149757892031,964,0.9456269367262884,20.020746887966805,-86.74538416151871,136.40992765261467,0,1
hourly,1338,68,0.02,1.0,-78.82918758239812,-89.86308106293261,734,0.9156508160037972,19.482288828337875,-93.13720532859294,,0,0
hourly,1339,60,0.1,1.5,-79.02213326041296,-93.43669140666314,1159,0.9624615691387113,20.27610008628128,-88.40287899381613,,0,0
hourly,1340,35,0.04,1.0,-79.05494493143036,-93.69176312819177,1197,0.9667498502286604,20.718462823725982,-93.43411202612326,,0,0
hourly,1341,70,0.02,1.0,-79.08893521251296,-89.60974369970303,697,0.9084948502750156,19.655667144906744,-84.63606782110669,,0,0
hourly,1342,5,0.06,1.5,-79.18397684542555,-92.25570549384253,986,0.9472483105843491,19.878296146044626,-86.15116879852354,,0,0
hourly,1343,78,0.02,1.5,-79.19627456842181,-88.30824610018885,574,0.8767716105119857,18.989547038327526,-88.07663501577552,,0,0
hourly,1344,42,0.06,1.5,-79.34261221772738,-92.35318906823998,991,0.9476731521791382,19.97981836528759,-92.66836641085294,,0,0
hourly,1345,124,0.04,1.5,-79.37844258298851,-91.14717232669246,843,0.9300790961886587,19.572953736654803,-88.69043443085928,16.375668406762166,0,1
hourly,1346,12,0.02,1.5,-79.40718655381336,-88.48468086848422,579,0.8769915887482066,18.998272884283246,-85.52822423263623,,0,0
hourly,1347,99,0.04,1.0,-79.519962461307,-93.48274309788744,1142,0.9615357933383052,20.490367775831874,-94.28451051876729,,0,0
hourly,1348,117,0.06,1.5,-79.55635261973038,-92.66361349034258,1022,0.9495657937041964,20.25440313111546,-88.95694223066425,,0,0
hourly,1349,59,0.04,1.5,-79.68589570251176,-91.18268795085449,832,0.927269186190668,19.71153846153846,-85.46244380862416,,0,0
hourly,1350,72,0.1,1.5,-79.77443031400485,-93.36742550748701,1112,0.9572091333496099,20.23381294964029,-87.87845077460892,,0,0
hourly,1351,84,0.1,1.5,-79.84150890867384,-93.23544848167414,1089,0.955142925031612,20.2020202020202,-89.96863744415671,,0,0
hourly,1352,83,0.1,1.5,-79.86521162246397,-93.71962655979202,1162,0.9606497292916413,20.223752151462996,-90.45071424720142,,0,0
hourly,1353,80,0.04,1.5,-79.9987741707709,-91.02704124022404,799,0.9220956804352193,19.774718397997496,-84.3375594079497,-20.35827804991316,0,1
hourly,1354,97,0.02,1.0,-80.03506775007166,-90.11009402919792,700,0.9058926766669763,19.714285714285715,-92.73999898451488,,0,0
hourly,1355,41,0.04,1.5,-80.10700168060147,-91.2960898966888,824,0.9229667961717756,19.660194174757283,-91.69454126191397,,0,0
hourly,1356,103,0.1,1.5,-80.13877476569819,-93.32865361129876,1088,0.9545325170064307,20.220588235294116,-93.33877799482893,,0,0
hourly,1357,114,0.02,1.5,-80.16162032146049,-89.12688564348602,599,0.8787845825288582,19.031719532554256,-92.53401949432806,,0,0
hourly,1358,63,0.04,1.0,-80.19726232605771,-93.82960501321772,1163,0.9613294920013737,20.63628546861565,-90.19954942634139,,0,0
hourly,1359,29,0.04,1.5,-80.20095468997587,-91.42359788648965,834,0.9248986756167941,19.664268585131893,-92.40117267428606,,0,0
hourly,1360,48,0.1,1.5,-80.2726845676799,-93.68454346350393,1136,0.9573029495834741,20.158450704225352,-93.22753939155763,,0,0
hourly,1361,94,0.06,1.5,-80.28332424009112,-92.69437232381085,990,0.9439334192226428,20.0,-87.08016805079872,-72.73071213741241,0,1
hourly,1362,125,0.06,1.5,-80.34269323897252,-92.62846847761318,978,0.9439602182203488,20.143149284253578,-85.89904581936705,,0,0
hourly,1363,91,0.02,1.5,-80.43870406454694,-89.10582330184646,583,0.8730600174445937,18.524871355060036,-90.37376580805717,,0,0
hourly,1364,121,0.1,1.5,-80.45433567310755,-93.67347794064152,1125,0.9562527149714576,20.266666666666666,-87.30387856347848,,0,0
hourly,1365,112,0.1,1.5,-80.60612576632546,-93.70372196822623,1122,0.9549983014293947,20.32085561497326,-90.64516886469774,,0,0
hourly,1366,3,0.02,1.0,-80.67308689148531,-90.15417448875208,672,0.8953299138507944,19.047619047619047,-82.12923473721601,,0,0
hourly,1367,120,0.02,1.5,-80.67436231408229,-88.67325901573308,532,0.8548651794195764,18.60902255639098,-87.66811520384789,,0,0
hourly,1368,17,0.04,1.5,-80.70318633116767,-91.83989366997145,858,0.9275175524864288,19.93006993006993,-87.00765804387268,,0,0
hourly,1369,22,0.02,1.5,-80.78151400730582,-88.98165427976164,554,0.8643592372925794,18.772563176895307,-86.85203884339526,245.95650653498015,0,1
hourly,1370,102,0.02,1.0,-81.04050655262292,-90.73006962232746,713,0.9041913737243804,19.775596072931275,-90.79711146946137,,0,0
hourly,1371,89,0.02,1.0,-81.24238557988377,-90.55857176545119,684,0.8952522259132065,19.29824561403509,-90.65787066537898,,0,0
hourly,1372,39,0.04,1.0,-81.26018326640894,-94.3565892706919,1197,0.9613709990971858,20.634920634920636,-94.50668101548722,,0,0
hourly,1373,15,0.04,1.0,-81.40857109614342,-94.39004300245473,1195,0.9600895417333878,20.502092050209207,-93.86074539970618,,0,0
hourly,1374,121,0.02,1.0,-81.41892283900177,-91.0418269938749,727,0.9064778790541901,19.80742778541953,-89.45605078178666,,0,0
hourly,1375,65,0.02,1.5,-81.45634129485133,-89.3476161164172,552,0.859784428705818,18.47826086956522,-84.85392666123293,,0,0
hourly,1376,114,0.04,1.5,-81.55778819602091,-91.85039954466696,814,0.9175658484419543,19.41031941031941,-92.83869946996333,,0,0
hourly,1377,98,0.02,1.0,-81.77746232045013,-90.81916458970466,683,0.8956142768537112,19.472913616398245,-88.85662369377593,-66.2361520640652,0,1
hourly,1378,49,0.1,1.5,-81.97188787224148,-94.12998394762944,1119,0.9513289069429081,20.196604110813226,-89.77275213046467,,0,0
hourly,1379,61,0.06,1.5,-82.10630340012212,-93.33053025809002,984,0.9371979432299408,19.817073170731707,-87.96655623576727,,0,0
hourly,1380,6,0.02,1.0,-82.16439588286127,-91.45307725794815,733,0.9043477450542596,19.781718963165076,-91.58995197004727,,0,0
hourly,1381,19,0.04,1.5,-82.20233647365967,-92.42909060660384,852,0.9205009183632572,19.483568075117372,-88.08030665754795,,0,0
hourly,1382,109,0.1,1.5,-82.30004597330122,-94.40186902100527,1148,0.952661692539286,20.121951219512194,-94.78176708011252,,0,0
hourly,1383,45,0.02,1.5,-82.33093770489373,-90.1012787362293,577,0.8602017684578335,18.71750433275563,-86.06421092306422,,0,0
hourly,1384,110,0.1,1.5,-82.34563057081135,-94.3544184634774,1137,0.9511663869489547,20.316622691292874,-89.69275458248738,,0,0
hourly,1385,75,0.1,1.5,-82.67812802361992,-94.3883451830661,1124,0.9498103783666696,20.106761565836297,-93.70236526460286,-87.49480633694017,0,1
hourly,1386,27,0.1,1.5,-82.72408403012084,-94.53063814312029,1147,0.9511903586803818,20.05231037489102,-93.53909685875891,,0,0
hourly,1387,34,0.06,1.5,-82.76022495044218,-93.45760104535428,966,0.932145676652038,19.77225672877847,-95.01294314868942,,0,0
hourly,1388,50,0.04,1.5,-82.84579811802574,-92.38971407238161,810,0.9118177890262199,19.25925925925926,-91.04867137691673,,0,0
hourly,1389,126,0.06,1.5,-82.8497724466523,-93.80328578752383,1015,0.9384274443508467,20.0,-84.2449540711247,,0,0
hourly,1390,32,0.1,1.5,-82.97415630716442,-94.46767994985584,1121,0.94752566388017,19.982158786797502,-92.2814568235622,,0,0
hourly,1391,1,0.1,1.5,-82.99357760705708,-94.78577105896659,1179,0.9525799126242109,20.27141645462256,-94.74991031470992,,0,0
hourly,1392,16,0.02,1.5,-83.01167052307909,-90.60631443463976,590,0.8646581543906194,18.8135593220339,-87.79009455268864,,0,0
hourly,1393,83,0.04,1.5,-83.2845984880719,-92.88987889088678,852,0.9157361354597996,19.600938967136152,-94.95503400522179,-37.390302999766924,0,1
hourly,1394,112,0.02,1.0,-83.29071456559056,-91.71595949760196,699,0.8898265591699647,19.313304721030043,-90.5588138845743,,0,0
hourly,1395,111,0.02,1.0,-83.343955512136,-91.53296680725663,674,0.8819978907153848,19.13946587537092,-87.29772362097256,,0,0
hourly,1396,85,0.04,1.5,-83.40401251342465,-93.02501156245685,864,0.9167304283882995,19.560185185185187,-92.1101944333908,,0,0
hourly,1397,55,0.06,1.5,-83.49049396172062,-93.77881451706006,973,0.931020683769379,19.630010277492293,-88.52608338427778,,0,0
hourly,1398,67,0.04,1.5,-83.49515292802397,-93.18733386340764,882,0.9203193770524913,19.614512471655328,-90.28727819026176,,0,0
hourly,1399,2,0.04,1.5,-83.50917268080903,-92.72802442027577,816,0.9087356412456838,19.485294117647058,-92.58100385526859,,0,0
hourly,1400,13,0.06,1.5,-83.53530416858081,-93.57450440245118,938,0.9277641959989734,19.722814498933904,-91.41901573043286,,0,0
hourly,1401,6,0.06,1.5,-83.55431906936832,-93.8646103499139,983,0.9318756684244541,19.837232960325533,-90.8008150279091,-38.264496166741424,0,1
hourly,1402,51,0.02,1.0,-83.57165879690136,-91.75691037318653,687,0.8856124874407673,19.35953420669578,-93.10716841557095,,0,0
hourly,1403,83,0.06,1.5,-83.70283508563149,-93.72207666786313,951,0.926705164816405,19.663512092534173,-88.8403898847994,,0,0
hourly,1404,91,0.1,1.5,-83.7294337596619,-94.86981580898973,1151,0.94844048724643,20.069504778453517,-91.8064822134568,,0,0
hourly,1405,72,0.02,1.0,-83.80899314634213,-92.01313576334003,704,0.8861978773804975,19.176136363636363,-90.13840551708789,,0,0
hourly,1406,54,0.04,1.5,-83.89803524472742,-92.8497836545511,809,0.90663843859033,19.530284301606923,-89.76764091302131,,0,0
hourly,1407,125,0.02,1.5,-83.92118644458597,-91.029011125671,581,0.8513694854856563,18.416523235800344,-89.0819690079572,,0,0
hourly,1408,60,0.06,1.5,-83.93066365613457,-93.5827798009599,915,0.921782514887873,19.562841530054644,-90.81622248083418,,0,0
hourly,1409,1,0.04,1.0,-83.99574274594133,-95.27187715449827,1216,0.9538248334333767,20.230263157894736,-95.01765803915603,-9.496468039424045,0,1
hourly,1410,117,0.1,1.5,-84.01106500489337,-94.6839020162691,1098,0.9419171172858178,19.94535519125683,-93.90716290500217,,0,0
hourly,1411,47,0.02,1.0,-84.01883433213906,-92.20313630905376,715,0.8884079127609944,19.16083916083916,-93.71499284631206,,0,0
hourly,1412,16,0.06,1.5,-84.07309444041773,-94.04054386736678,980,0.9306508290342403,19.693877551020407,-88.97610503378041,,0,0
hourly,1413,63,0.06,1.5,-84.1050404180064,-94.0821823343458,985,0.9307177628906785,19.695431472081218,-92.8704751291932,,0,0
hourly,1414,108,0.1,1.5,-84.16983211379596,-94.99378053707737,1148,0.946598504038428,20.209059233449477,-94.92142851987279,,0,0
hourly,1415,87,0.06,1.5,-84.18418564915386,-93.89553821277936,949,0.925771261225085,19.70495258166491,-89.36150152669713,,0,0
hourly,1416,58,0.04,1.0,-84.22005571474405,-95.08415812772363,1163,0.9491345368946194,20.378331900257955,-95.29010972986613,,0,0
hourly,1417,22,0.06,1.5,-84.2616507859613,-94.23360927607138,1001,0.9309341648760018,19.68031968031968,-89.99847700207597,-17.795211642830978,0,1
hourly,1418,103,0.02,1.0,-84.37965419265568,-92.37170420550234,714,0.8862524942688933,19.18767507002801,-90.15624223362914,,0,0
hourly,1419,19,0.02,1.5,-84.40495779193601,-90.94377961123334,541,0.8373646760911709,18.11460258780037,-90.08748953894145,,0,0
hourly,1420,82,0.1,1.5,-84.54209756943241,-95.05249090938179,1136,0.9434830406567996,20.070422535211268,-90.36842820662356,,0,0
hourly,1421,36,0.02,1.5,-84.5608192308077,-91.48056664478102,592,0.850501059072002,18.41216216216216,-87.87855956474992,,0,0
hourly,1422,21,0.02,1.0,-84.56734736970118,-92.88861529883033,772,0.8959162742630955,19.17098445595855,-95.40377531909942,,0,0
hourly,1423,86,0.02,1.0,-84.58768005096633,-92.53351855442237,722,0.8886344724450131,19.390581717451525,-87.06419591288869,,0,0
hourly,1424,126,0.02,2.0,-84.65490957283754,-90.24868022354767,451,0.7928405059292921,17.516629711751662,-88.6601866564078,,0,0
hourly,1425,34,0.1,1.5,-84.69541020052219,-95.25130641195483,1167,0.9455489049651994,20.051413881748072,-91.9906263061698,-90.86108772344215,0,1
hourly,1426,15,0.02,1.5,-84.71036032874906,-91.09443806794395,538,0.8298780127612327,18.029739776951672,-87.41653247107537,,0,0
hourly,1427,108,0.02,1.5,-84.75319169075291,-91.4166371171496,572,0.84238424567565,18.356643356643357,-90.39092933928572,,0,0
hourly,1428,39,0.1,1.5,-84.84005469089641,-95.24418357025395,1156,0.944767393784072,19.982698961937718,-90.38237579894196,,0,0
hourly,1429,114,0.02,1.0,-84.86099455324002,-92.78982376353795,739,0.8905979530729978,19.485791610284167,-94.39609783779107,,0,0
hourly,1430,124,0.1,1.5,-84.88307430390282,-95.06885028928158,1117,0.9411181959041186,19.964189794091315,-93.9534897671095,,0,0
hourly,1431,106,0.02,1.0,-84.91140972857767,-92.3995394203045,683,0.8794680048228763,19.32650073206442,-90.26850891240599,,0,0
hourly,1432,12,0.04,1.5,-84.945046589139,-93.71117353730372,870,0.9106955441092806,19.54022988505747,-92.14592481961905,,0,0
hourly,1433,20,0.1,1.5,-84.97519187705417,-94.91906075306123,1081,0.9374340432496243,19.796484736355225,-96.30093187336772,-35.71196170026546,0,1
hourly,1434,31,0.02,1.0,-85.11045393397146,-92.4772228045414,680,0.8758403710875892,18.970588235294116,-91.63890665516227,,0,0
hourly,1435,60,0.02,1.0,-85.13326310431022,-92.75454727198668,716,0.880950197272715,18.99441340782123,-90.70235170716717,,0,0
hourly,1436,110,0.04,1.5,-85.14862165015411,-93.36601515227308,803,0.9014702387823671,19.302615193026153,-91.63877791301152,,0,0
hourly,1437,47,0.04,1.5,-85.21170119441376,-93.3008922042955,789,0.8970712057981853,19.138149556400506,-95.00959760222464,,0,0
hourly,1438,100,0.02,1.5,-85.30466551401548,-91.71087614118639,570,0.8399875654323572,18.42105263157895,-90.70436696903128,,0,0
hourly,1439,98,0.04,1.0,-85.40709226115109,-95.49509190181972,1172,0.9461048022758423,20.22184300341297,-95.31379267109739,,0,0
hourly,1440,41,0.04,1.0,-85.41420764821369,-95.54208102045328,1182,0.9457860611389697,20.304568527918782,-96.03468801884453,,0,0
hourly,1441,0,0.06,1.5,-85.47099688406578,-94.35325377431094,942,0.9195868476455646,19.639065817409765,-91.897885935965,-81.1306522320133,0,1
hourly,1442,88,0.04,1.0,-85.49038645053604,-95.61398008346119,1193,0.9467568456534288,20.368818105616093,-94.60584053349768,,0,0
hourly,1443,36,0.04,1.0,-85.5407728239174,-95.50503255001358,1165,0.945095121393478,20.085836909871244,-94.6961840739406,,0,0
hourly,1444,30,0.1,1.5,-85.57841051737502,-95.46698123211435,1154,0.9421816528640262,19.930675909878683,-89.47274980650465,,0,0
hourly,1445,34,0.02,1.0,-85.6645865281856,-92.7935527301783,685,0.872003568941179,18.978102189781023,-90.97589222332158,,0,0
hourly,1446,83,0.02,1.5,-85.68020884449304,-91.73480509202379,547,0.8287654245787107,17.73308957952468,-88.62298997307356,,0,0
hourly,1447,43,0.02,1.0,-85.6824025360514,-93.07114116613019,723,0.8784741375563757,18.81051175656985,-91.37799722545225,,0,0
hourly,1448,61,0.02,1.0,-85.72991151835826,-92.75425821996538,675,0.8699816345024715,19.11111111111111,-94.47406727657155,,0,0
hourly,1449,116,0.02,1.5,-85.83244125231543,-91.91229530892112,558,0.831403304287322,17.921146953405017,-89.42184813851044,-22.908261047008594,0,1
hourly,1450,82,0.04,1.0,-85.83359819410984,-95.80700499663604,1214,0.9485034255526525,20.263591433278417,-92.81304666803851,,0,0
hourly,1451,90,0.1,1.5,-85.84443475018632,-95.48334752424051,1139,0.939692401661298,19.841966637401228,-88.51960634095133,,0,0
hourly,1452,74,0.1,1.5,-85.90555509941356,-95.80298757666384,1208,0.9441798960987312,20.033112582781456,-91.2897756104893,,0,0
hourly,1453,28,0.04,1.5,-85.97907136476974,-93.89197844383624,828,0.8985016743923944,19.32367149758454,-91.51938776505737,,0,0
hourly,1454,36,0.1,1.5,-86.01641626547047,-95.63104869191508,1160,0.9399852302431477,20.0,-93.15767084901486,,0,0
hourly,1455,71,0.1,1.5,-86.01714203100506,-95.6791849582473,1171,0.9419163002061598,19.897523484201535,-91.83676718257615,,0,0
hourly,1456,66,0.06,1.5,-86.02772380108274,-94.62391590956184,952,0.9181763440426116,19.747899159663866,-91.76790177588967,,0,0
hourly,1457,93,0.06,1.5,-86.08520942887199,-94.91765496983365,1004,0.9239853685188769,19.621513944223107,-94.0698255615817,0.6540256895552155,0,1
hourly,1458,1,0.02,1.0,-86.21739536224482,-93.33711982074855,724,0.8795503254468253,19.060773480662984,-88.04712041580858,,0,0
hourly,1459,33,0.1,1.5,-86.23293140921973,-95.8135422443685,1187,0.942627307788134,19.96630160067397,-92.34621884827088,,0,0
hourly,1460,101,0.1,1.5,-86.26638982592931,-95.71359854895026,1161,0.9406356589114873,20.068906115417743,-91.06497159629767,,0,0
hourly,1461,17,0.06,1.5,-86.28058243238664,-94.97908218487952,1002,0.9235266770138274,19.560878243512974,-92.04250286033613,,0,0
hourly,1462,43,0.04,1.5,-86.42137981657397,-94.12617655318871,835,0.897742210342288,19.40119760479042,-88.58893897486415,,0,0
hourly,1463,57,0.04,1.0,-86.42501849561319,-95.86790735017776,1186,0.942668333384315,20.236087689713322,-94.47058315346563,,0,0
hourly,1464,75,0.04,1.5,-86.46688560047903,-93.93101365277722,799,0.8904660102389931,19.148936170212767,-91.13857160723855,,0,0
hourly,1465,79,0.02,1.0,-86.48334140922314,-93.54380639067745,736,0.879607191699777,19.02173913043478,-88.97753565455331,-96.72591887399811,0,1
hourly,1466,74,0.06,1.5,-86.61176768504887,-95.07086149421058,996,0.9210240696337778,19.57831325301205,-91.58776849894737,,0,0
hourly,1467,16,0.04,1.5,-86.62199187040383,-94.39554827268893,867,0.902457251287016,19.261822376009228,-90.13622375375057,,0,0
hourly,1468,31,0.1,1.5,-86.64459807690915,-95.95909518989949,1192,0.9408125551072429,19.88255033557047,-92.49229750323107,,0,0
hourly,1469,1,0.06,1.5,-86.67577605710937,-94.93975606250991,965,0.9157962313514483,19.481865284974095,-89.9390174111105,,0,0
hourly,1470,42,0.04,1.5,-86.71353282730598,-94.36100645326678,854,0.8996820496857498,19.20374707259953,-92.54894030785468,,0,0
hourly,1471,24,0.02,1.0,-86.73224588618017,-93.61183989828797,728,0.8760094181765735,18.956043956043956,-93.66906893147905,,0,0
hourly,1472,2,0.02,1.0,-86.75159072063862,-93.3273546863118,683,0.8692691028655426,18.887262079062957,-93.11609820047462,,0,0
hourly,1473,59,0.02,1.0,-86.86429903534473,-93.66292665266192,726,0.8773874997968304,19.00826446280992,-93.01504086759564,-76.6585251710239,0,1
hourly,1474,23,0.06,1.5,-86.88176380336895,-95.04788374076767,971,0.9152249035097244,19.464469618949536,-92.8772543840925,,0,0
hourly,1475,103,0.06,1.5,-86.89406199534454,-95.04262452681984,969,0.9153336960438567,19.607843137254903,-91.03100851402695,,0,0
hourly,1476,109,0.06,1.5,-87.05338397106352,-94.97882933679269,944,0.9113410767477191,19.597457627118644,-93.79564542429397,,0,0
hourly,1477,86,0.1,1.5,-87.0721934197532,-95.75393871070507,1110,0.9319026368929639,19.81981981981982,-95.62135893383366,,0,0
hourly,1478,17,0.02,1.0,-87.08183053728423,-93.616248863639,702,0.8665464571295723,18.51851851851852,-92.23088696094696,,0,0
hourly,1479,64,0.1,1.5,-87.11223641684404,-95.83851900114585,1127,0.9329072526455324,19.78704525288376,-90.95574076536178,,0,0
hourly,1480,43,0.1,1.5,-87.15171249743435,-95.98613614255976,1160,0.9363341930212886,19.82758620689655,-92.47520677342612,,0,0
hourly,1481,6,0.1,1.5,-87.18022164701989,-95.97897159116533,1156,0.9358516631729916,19.982698961937718,-93.18673185971232,20.196558202666083,0,1
hourly,1482,105,0.06,1.5,-87.19650745339607,-95.45316717889038,1032,0.9214598568590405,19.670542635658915,-96.97947761000293,,0,0
hourly,1483,84,0.06,1.0,-87.23270753249874,-97.30360394109073,1551,0.9650554150588755,20.6963249516441,-95.65316375353504,,0,0
hourly,1484,127,0.06,1.5,-87.26794146381852,-95.21791445647403,976,0.9164036875964977,19.4672131147541,-91.56438944048342,,0,0
hourly,1485,4,0.04,1.5,-87.31829145178823,-94.47594825098386,828,0.89131738828469,19.082125603864736,-92.94739709258411,,0,0
hourly,1486,99,0.02,1.0,-87.40073969717983,-93.7678173107173,701,0.8661701948652044,18.687589158345222,-96.71323719994109,,0,0
hourly,1487,23,0.1,1.5,-87.46811170740887,-95.89233618541758,1112,0.9302704905586732,19.694244604316548,-93.36366714889111,,0,0
hourly,1488,64,0.02,1.0,-87.49516595430892,-93.75233666119956,691,0.8628477684887661,18.523878437047756,-92.4829520510248,,0,0
hourly,1489,88,0.02,1.0,-87.49780476612898,-93.93237070352615,720,0.8689214600079642,18.88888888888889,-92.32662190980308,-67.61264216693449,0,1
hourly,1490,50,0.1,1.0,-87.60659865429477,-98.30850283350004,1987,0.9822857525645147,20.885757423251132,-97.87932169805956,,0,0
hourly,1491,66,0.1,1.5,-87.6936539169081,-95.98248040847238,1116,0.9305706580300548,19.982078853046595,-94.71502593100554,,0,0
hourly,1492,52,0.02,1.0,-87.70300820333581,-93.93564862619107,704,0.8632130618455067,18.892045454545453,-91.30124527811307,,0,0
hourly,1493,76,0.1,1.5,-87.70496418976403,-96.16680463440001,1162,0.9339531276400246,19.965576592082616,-93.21163411613928,,0,0
hourly,1494,43,0.04,1.0,-87.7071864040291,-96.21712555885344,1175,0.9365666997713775,20.085106382978722,-96.43232300689392,,0,0
hourly,1495,28,0.02,1.0,-87.76915380062583,-94.14095893373768,733,0.8705801315824563,18.963165075034105,-92.00383764242942,,0,0
hourly,1496,95,0.06,1.5,-87.77016367962905,-95.48867685098486,994,0.9143534001776892,19.617706237424546,-92.58062663821057,,0,0
hourly,1497,94,0.02,1.0,-87.85261845301264,-93.991557225304,701,0.8635975094332512,18.830242510699,-89.98032644142768,-75.2971695550498,0,1
hourly,1498,3,0.1,1.5,-87.86874801317151,-95.99579960808998,1105,0.9275923166690019,19.81900452488688,-93.30772646018659,,0,0
hourly,1499,62,0.06,1.5,-87.8947819822405,-95.43075421094936,971,0.9124638416332088,19.464469618949536,-92.7972930271485,,0,0
hourly,1500,26,0.04,1.5,-88.03664897563743,-94.75255030465848,821,0.8870252233765199,19.12302070645554,-92.48076490461771,,0,0
hourly,1501,83,0.02,1.0,-88.04915178166132,-93.87800420562479,666,0.8512015790378735,18.61861861861862,-90.6231434246544,,0,0
hourly,1502,29,0.02,1.0,-88.06803759353218,-94.28437672652913,733,0.8715683021156009,19.099590723055936,-91.00869830334553,,0,0
hourly,1503,102,0.1,1.5,-88.08441661141941,-96.24031235811613,1150,0.9309364123517448,19.82608695652174,-93.87571163951975,,0,0
hourly,1504,10,0.04,1.5,-88.12907699874397,-94.95225451760273,852,0.8914261495270218,18.896713615023476,-93.49609125851786,,0,0
hourly,1505,97,0.06,1.5,-88.15082068816626,-95.51848675487274,969,0.9098928645353237,19.401444788441694,-90.26523910255064,-18.3791523197405,0,1
hourly,1506,72,0.02,1.5,-88.15108057824396,-93.40419976529778,583,0.819782214164975,17.838765008576328,-92.18411318281309,,0,0
hourly,1507,121,0.06,1.5,-88.23995203850123,-95.86569439281459,1042,0.9182078230494706,19.57773512476008,-92.54114264555605,,0,0
hourly,1508,115,0.1,1.5,-88.29508254714075,-96.33262432565513,1157,0.9303485736533559,19.878997407087294,-93.30508861519965,,0,0
hourly,1509,42,0.06,1.0,-88.40017756680443,-97.62758940985952,1583,0.9617544739542409,20.40429564118762,-97.18072991548134,,0,0
hourly,1510,71,0.04,1.0,-88.40901651862862,-96.49708117400866,1193,0.9365949225630892,20.033528918692372,-95.29777439617948,,0,0
hourly,1511,18,0.04,1.5,-88.4141447316401,-95.0139754773337,840,0.8861283239716651,19.047619047619047,-90.52856983356364,,0,0
hourly,1512,46,0.02,1.0,-88.52119674162563,-94.45179301795797,724,0.8635298693925896,18.784530386740332,-96.32123480117363,,0,0
hourly,1513,100,0.04,1.0,-88.52324600807827,-96.37532264874515,1149,0.9299491447774081,20.017406440382942,-95.56546576330307,-94.89545836939706,0,1
hourly,1514,115,0.04,1.5,-88.59517591181537,-94.98271276150732,818,0.8824890287893086,18.948655256723715,-92.51400164300172,,0,0
hourly,1515,111,0.04,1.5,-88.6089744895494,-95.17581756812285,856,0.8882856886251229,19.1588785046729,-94.28953677047782,,0,0
hourly,1516,42,0.02,1.5,-88.633960682865,-93.62879364375398,576,0.8143581711919273,17.881944444444443,-92.95189797761275,,0,0
hourly,1517,5,0.02,1.0,-88.65964720581954,-94.35157583128318,694,0.8528899976713911,18.587896253602306,-92.1201858070078,,0,0
hourly,1518,7,0.02,1.0,-88.67494216986093,-94.42106145201832,705,0.8584811883425253,18.865248226950353,-94.75124415882418,,0,0
hourly,1519,122,0.1,1.5,-88.71196124076269,-96.40988429714297,1142,0.9276616622529148,19.78984238178634,-94.57870694148477,,0,0
hourly,1520,79,0.1,1.5,-88.74351436313486,-96.33650731524706,1119,0.9245912811552378,19.74977658623771,-95.70881955718184,,0,0
hourly,1521,32,0.02,1.0,-88.88113533824999,-94.41748023692806,686,0.8498257255640046,18.658892128279884,-96.97783166304309,-88.99573106853722,0,1
hourly,1522,95,0.04,1.0,-88.88407991915412,-96.54515440241477,1165,0.9290940056002609,19.914163090128756,-94.86406928281127,,0,0
hourly,1523,39,0.02,1.0,-88.97520284633657,-94.3698959281126,669,0.8481127876237495,18.684603886397607,-92.3907171684267,,0,0
hourly,1524,37,0.06,1.5,-89.1013976431082,-96.19562346099721,1049,0.9154530631116191,19.447092469018113,-95.59027455093376,,0,0
hourly,1525,23,0.04,1.5,-89.1334964945812,-95.53446596971618,886,0.893648474365296,19.187358916478555,-93.14630732621171,,0,0
hourly,1526,96,0.04,1.0,-89.23855026445406,-96.6755767302368,1171,0.9302276868299079,19.982920580700256,-97.2952234039659,,0,0
hourly,1527,93,0.1,1.5,-89.24940589509384,-96.36561697935629,1081,0.9173903517118959,19.611470860314522,-92.32946953560881,,0,0
hourly,1528,15,0.1,1.5,-89.28114547055964,-96.69525543485913,1173,0.9276589912866466,19.69309462915601,-93.38177628496699,,0,0
hourly,1529,73,0.04,1.5,-89.38433467607743,-95.35820641566566,824,0.8793392422108954,18.932038834951456,-94.12733322445828,-68.5391144813973,0,1
hourly,1530,125,0.1,1.5,-89.39529722060456,-96.7792393085516,1188,0.9291026944962792,19.781144781144782,-93.96821250717478,,0,0
hourly,1531,25,0.1,1.5,-89.46379585489424,-96.68262314128069,1152,0.9252788011721546,19.70486111111111,-93.7240516674925,,0,0
hourly,1532,60,0.04,1.5,-89.56217013951117,-95.56665688601845,853,0.8832589679168227,18.99179366940211,-94.60618890288139,,0,0
hourly,1533,75,0.02,1.0,-89.63039680039489,-94.804455337487,688,0.8448804636242297,18.459302325581394,-92.7708806224107,,0,0
hourly,1534,93,0.02,1.5,-89.66998144650974,-94.27347176823739,587,0.8083846377845134,17.717206132879046,-89.7223451460767,,0,0
hourly,1535,80,0.1,1.5,-89.69734375178167,-96.94534067813964,1212,0.9295817226914396,19.801980198019802,-94.3611427614683,,0,0
hourly,1536,101,0.04,1.0,-89.70011739788606,-96.85317127687595,1182,0.9300152871280147,20.135363790186126,-94.70801871439055,,0,0
hourly,1537,22,0.1,1.5,-89.70281835955612,-96.7547043791117,1151,0.9238600247883809,19.635099913119028,-93.78344038857729,-41.243125172146655,0,1
hourly,1538,99,0.1,1.5,-89.70375513528137,-96.71903238024633,1140,0.9219328260080857,19.649122807017545,-94.60139789472318,,0,0
hourly,1539,38,0.02,1.0,-89.70678690810873,-94.9954112114683,718,0.8537215497042919,18.662952646239553,-93.28541650014537,,0,0
hourly,1540,65,0.1,1.5,-89.72767652315406,-96.78192354728061,1157,0.9241564894556441,19.79256698357822,-94.08227013882934,,0,0
hourly,1541,119,0.02,1.0,-89.72928433052336,-94.95103498006306,707,0.8501164740362278,18.67043847241867,-94.1199031757008,,0,0
hourly,1542,11,0.02,1.5,-89.75570194404976,-94.21203756854767,568,0.80239006921706,17.429577464788732,-95.84340948768029,,0,0
hourly,1543,122,0.06,1.0,-89.80796263703029,-97.80881341593566,1533,0.9547499619828044,20.417482061317678,-95.36056961905703,,0,0
hourly,1544,14,0.06,1.5,-89.82408978907846,-96.21306098689912,985,0.9023586404782458,19.18781725888325,-95.73544931288019,,0,0
hourly,1545,0,0.1,1.5,-89.87544515339077,-96.66878512324747,1108,0.9184063073984189,19.76534296028881,-94.80818698237054,76.66398675179968,0,1
hourly,1546,90,0.06,1.5,-89.89379187872566,-96.06177371697866,939,0.8958374899554006,19.382321618743344,-94.13666392556243,,0,0
hourly,1547,20,0.04,1.0,-89.92211515143623,-96.93029620986044,1185,0.928948370774624,19.91561181434599,-95.1569791802334,,0,0
hourly,1548,68,0.04,1.0,-89.92219131372222,-96.93024474679422,1185,0.9272740598516823,19.91561181434599,-95.91448524536136,,0,0
hourly,1549,70,0.1,1.5,-90.05066795867435,-96.92963037848482,1172,0.9229393383452019,19.7098976109215,-95.28957035149347,,0,0
hourly,1550,50,0.02,1.0,-90.05099945656865,-95.22067222829585,730,0.853327624910265,18.767123287671232,-93.15240499210897,,0,0
hourly,1551,31,0.06,1.5,-90.08553821832676,-96.30306443216902,983,0.901013533166485,19.430315361139368,-95.34399239250313,,0,0
hourly,1552,59,0.06,1.5,-90.1671237868749,-96.20653195844254,949,0.8944219848555734,19.072708113804005,-92.3812127187601,,0,0
hourly,1553,9,0.02,1.0,-90.17381887235685,-95.43774403388502,764,0.8613948477209477,18.848167539267017,-95.50205008851286,-63.951992934680455,0,1
hourly,1554,19,0.1,1.5,-90.21371513571304,-96.80269116145992,1115,0.9174971135836445,19.55156950672646,-94.7902906853566,,0,0
hourly,1555,118,0.02,1.5,-90.22887452160118,-94.62684144853645,595,0.8068939644638179,17.478991596638654,-91.06187191076818,,0,0
hourly,1556,3,0.04,1.5,-90.24182376852974,-95.80130576859005,840,0.8763467095382768,18.928571428571427,-94.56903049587108,,0,0
hourly,1557,85,0.06,1.5,-90.31568857127998,-96.32694905449404,966,0.8963080039454423,19.358178053830226,-93.2468287217181,,0,0
hourly,1558,98,0.1,1.5,-90.33327969836978,-97.01697733020173,1172,0.9227010378887998,19.62457337883959,-94.1729813465859,,0,0
hourly,1559,111,0.1,1.5,-90.33474696824759,-97.03231546250134,1177,0.922948665203251,19.626168224299064,-93.45008607799059,,0,0
hourly,1560,105,0.04,1.5,-90.34025844810508,-95.69969265414527,806,0.8657554869286652,18.734491315136477,-93.44839037771001,,0,0
hourly,1561,32,0.06,1.5,-90.37882263576832,-96.51169002325963,1011,0.9024146634861734,19.386745796241346,-96.19385568539181,-65.89964291608266,0,1
hourly,1562,13,0.04,1.5,-90.40885985563028,-95.88557244458283,843,0.8739565198266462,18.86120996441281,-94.58749016012803,,0,0
hourly,1563,80,0.02,1.5,-90.41816374216015,-94.74152721141935,597,0.8041232905426032,17.587939698492463,-91.73015681971009,,0,0
hourly,1564,21,0.1,1.5,-90.47219570728532,-96.88719339518522,1115,0.9152960111795247,19.55156950672646,-94.13881300829956,,0,0
hourly,1565,97,0.04,1.0,-90.5294939270473,-97.22307016282987,1223,0.9270381798431367,19.869174161896975,-97.17515579525376,,0,0
hourly,1566,15,0.02,1.0,-90.55270676699479,-95.28592656063032,692,0.8383766209721717,18.352601156069365,-94.26697111264838,,0,0
hourly,1567,6,0.04,1.0,-90.58709191489885,-97.12145091491874,1181,0.9229588851850251,19.81371718882303,-97.20492768831149,,0,0
hourly,1568,24,0.1,1.5,-90.5942904475331,-96.98199527136329,1133,0.9164321672546106,19.682259488084732,-94.12731673764422,,0,0
hourly,1569,100,0.06,1.5,-90.62216871851327,-96.42901490628748,962,0.8929194070244207,19.126819126819125,-93.8559697112019,-45.13645217512228,0,1
hourly,1570,49,0.06,1.5,-90.68132563632479,-96.50799232044912,978,0.8962492732301788,19.222903885480573,-94.63832059067063,,0,0
hourly,1571,96,0.02,1.0,-90.78315452463023,-95.46052686559416,705,0.8411008806406329,18.581560283687942,-96.84880253345803,,0,0
hourly,1572,118,0.1,1.5,-90.78787336578965,-96.98138070573215,1112,0.9132273348355372,19.514388489208635,-94.330170776703,,0,0
hourly,1573,95,0.1,1.5,-90.80048796707425,-97.13842258087286,1164,0.918204985684086,19.587628865979383,-95.76490054705549,,0,0
hourly,1574,52,0.06,1.5,-90.82238054280698,-96.63917500917033,1001,0.8981131615087204,19.280719280719282,-94.2157996999093,,0,0
hourly,1575,8,0.06,1.0,-90.82344912595445,-98.11613105806924,1579,0.953201174798154,20.32932235592147,-96.27419363308725,,0,0
hourly,1576,81,0.1,1.5,-90.83842674923773,-97.17019058455234,1171,0.9202603884006347,19.55593509820666,-96.66656195987727,,0,0
hourly,1577,88,0.1,1.5,-90.8767258008345,-97.00452442346365,1110,0.9124831667000486,19.63963963963964,-97.14731598516806,-49.07372553452134,0,1
hourly,1578,52,0.04,1.5,-90.95173313586467,-96.07181999274367,831,0.8690369761134602,18.65222623345367,-93.28053913201502,,0,0
hourly,1579,108,0.02,1.0,-91.02657779498651,-95.60255281429299,710,0.8377107287728897,18.169014084507044,-94.50138870886741,,0,0
hourly,1580,113,0.02,1.5,-91.07089569961889,-94.88962568316698,555,0.7785998628442484,17.117117117117118,-93.46126668032463,,0,0
hourly,1581,26,0.02,1.5,-91.10184815219368,-95.08276957391861,590,0.7962311559281412,17.627118644067796,-93.53850123217984,,0,0
hourly,1582,35,0.02,1.0,-91.12058122742273,-95.69638443690576,721,0.8433576435611368,18.58529819694868,-95.1966714486342,,0,0
hourly,1583,101,0.02,1.0,-91.16577642093766,-95.56559817568957,686,0.8315479642526745,17.93002915451895,-94.68115234987096,,0,0
hourly,1584,104,0.02,1.0,-91.28676453729629,-95.86898552065333,743,0.8452561963292564,18.16958277254374,-96.074940948023,,0,0
hourly,1585,78,0.04,1.0,-91.32638460410838,-97.28053765002423,1156,0.916612192922312,19.80968858131488,-96.30493281016828,-72.27118874728234,0,1
hourly,1586,111,0.04,1.0,-91.33679074194394,-97.41899392366349,1207,0.9212662009008313,19.80115990057995,-95.35786093501491,,0,0
hourly,1587,26,0.06,1.5,-91.35298628725451,-96.84949235156755,1006,0.8955498293124938,19.18489065606362,-95.00752514396605,,0,0
hourly,1588,28,0.1,1.5,-91.40855203247415,-97.33043828853395,1165,0.9152868244335385,19.48497854077253,-95.52581992712823,,0,0
hourly,1589,123,0.06,1.5,-91.4987180600459,-96.93655630544028,1017,0.8959838456442576,19.272369714847592,-92.93638853312156,,0,0
hourly,1590,54,0.02,1.5,-91.51132910998915,-95.21917466469377,571,0.7826378847407666,17.162872154115586,-93.95520686885897,,0,0
hourly,1591,106,0.1,1.5,-91.53712897955995,-97.25475376186186,1122,0.9098586815538849,19.429590017825312,-94.43068725967242,,0,0
hourly,1592,55,0.04,1.0,-91.54679781317317,-97.53404272787789,1228,0.9226944338055114,19.86970684039088,-96.3673023186372,,0,0
hourly,1593,58,0.06,1.5,-91.6443722546596,-96.81863558098598,962,0.88630641237787,19.022869022869024,-95.25944593852739,-9.106405043950494,0,1
hourly,1594,47,0.06,1.5,-91.66431991615538,-96.86098514477538,973,0.8872722188265713,19.013360739979444,-93.72516252805735,,0,0
hourly,1595,96,0.1,1.5,-91.68153583362944,-97.34452551564254,1138,0.9106470397314635,19.332161687170476,-95.60287736204242,,0,0
hourly,1596,122,0.02,1.5,-91.80738975137346,-95.44118699401375,583,0.784992635513004,17.32418524871355,-95.48962695858309,,0,0
hourly,1597,97,0.1,1.5,-91.82337976577848,-97.43647759685584,1156,0.9122726167163013,19.463667820069205,-96.58247849234483,,0,0
hourly,1598,12,0.02,1.0,-91.89320424319544,-96.08298772409431,724,0.8363285783430732,18.370165745856355,-94.9645917982788,,0,0
hourly,1599,35,0.06,1.5,-91.96904247718132,-97.16642038806533,1038,0.8962489905972125,19.36416184971098,-94.15002309734291,,0,0
hourly,1600,3,0.04,1.0,-92.05738856770161,-97.62923328194637,1205,0.9198669773518499,20.08298755186722,-97.53321736915859,,0,0
hourly,1601,65,0.02,1.0,-92.06710343219027,-95.99843969882005,681,0.8206049359974918,18.208516886930983,-92.53903106105464,-82.53872080680252,0,1
hourly,1602,56,0.04,1.5,-92.0968714542915,-96.73361202684968,880,0.867593755863091,18.75,-95.63602959489921,,0,0
hourly,1603,98,0.06,1.0,-92.13417963476218,-98.35447162202033,1560,0.9467430158191528,20.192307692307693,-97.23143823707761,,0,0
hourly,1604,95,0.02,1.0,-92.13738296427725,-96.15903277739423,713,0.8310686666680146,17.952314165497896,-92.9447396254812,,0,0
hourly,1605,36,0.06,1.5,-92.15720257105569,-97.07325114062812,982,0.884591260436079,19.042769857433807,-94.70285996013908,,0,0
hourly,1606,20,0.06,1.5,-92.1968742825444,-97.14869728271509,1003,0.8889825940159136,19.14257228315055,-97.05505643195184,,0,0
hourly,1607,4,0.02,1.0,-92.25769249315339,-96.14910367265118,695,0.824364334410433,18.1294964028777,-95.30872058256476,,0,0
hourly,1608,93,0.02,1.0,-92.29355142477262,-96.30630273853575,732,0.8338272022902306,18.169398907103826,-93.09300150865812,,0,0
hourly,1609,117,0.04,1.5,-92.34530069693153,-96.8897583047356,897,0.8676856473664049,18.729096989966557,-95.005429415421,-76.97933489754683,0,1
hourly,1610,41,0.1,1.5,-92.50286972078476,-97.58044080882519,1127,0.9032483853642272,19.343389529724934,-95.72365357797139,,0,0
hourly,1611,37,0.04,1.5,-92.510634592797,-96.71642002646865,821,0.8507067948077462,18.514007308160778,-95.48308944219278,,0,0
hourly,1612,20,0.02,1.0,-92.54981754720548,-96.30926047861249,699,0.8195809169690468,18.025751072961373,-95.49948503627246,,0,0
hourly,1613,61,0.1,1.5,-92.56163766137102,-97.61142564612048,1132,0.903786625217805,19.257950530035334,-95.67659208751448,,0,0
hourly,1614,40,0.06,1.5,-92.60265826860534,-97.30791689646398,1007,0.8866369431688795,19.26514399205561,-94.36688093891334,,0,0
hourly,1615,40,0.1,1.5,-92.65787881904984,-97.64706293243677,1134,0.9031833744992688,19.488536155202823,-97.1572862288379,,0,0
hourly,1616,23,0.02,1.5,-92.71216629146755,-95.99759466610031,596,0.7810448839813592,17.114093959731544,-94.12463243005853,,0,0
hourly,1617,112,0.06,1.5,-92.71262777929356,-97.28618653349973,984,0.8814253941278952,18.902439024390244,-95.49867214367296,-56.524985969156695,0,1
hourly,1618,11,0.1,1.5,-92.75417768060231,-97.73763412970663,1160,0.9057712538796935,19.310344827586206,-96.71349838426026,,0,0
hourly,1619,66,0.02,1.0,-92.75653884976559,-96.51795076868028,729,0.8265271954815336,18.106995884773664,-96.30904298519489,,0,0
hourly,1620,71,0.06,1.5,-92.80889741721492,-97.42976724714867,1025,0.8867969437524853,19.024390243902438,-95.0562017222133,,0,0
hourly,1621,18,0.02,1.0,-92.80927239518466,-96.37312770616673,681,0.8096952602018752,17.621145374449338,-93.78996670030664,,0,0
hourly,1622,91,0.04,1.5,-92.81136407431889,-96.9355878073949,849,0.8565618610684093,18.492343934040047,-93.60211871878089,,0,0
hourly,1623,10,0.06,1.0,-92.82568475558367,-98.43791821526567,1520,0.939502803000865,20.13157894736842,-97.97344820872266,,0,0
hourly,1624,72,0.04,1.0,-92.85638134077628,-97.77182785425668,1161,0.906027478300679,19.37984496124031,-95.24239818157267,,0,0
hourly,1625,116,0.02,1.0,-92.93293804866212,-96.4992582056148,699,0.8164092978899329,18.025751072961373,-96.26730202842514,-30.64670847866614,0,1
hourly,1626,44,0.02,1.0,-93.0301471791606,-96.58525821397758,710,0.8171313329882777,17.887323943661972,-95.06807503861083,,0,0
hourly,1627,13,0.02,1.0,-93.03016011787189,-96.5508996329681,700,0.8148056583434219,18.0,-95.77843681884126,,0,0
hourly,1628,69,0.04,1.5,-93.07828822431847,-97.02865886385203,842,0.8492186829290536,18.40855106888361,-95.24811139808565,,0,0
hourly,1629,53,0.04,1.5,-93.08158312111962,-97.03899533430663,845,0.8506269815813831,18.46153846153846,-94.7825694200649,,0,0
hourly,1630,119,0.04,1.5,-93.09674694942728,-96.9978219631523,829,0.8487038689358506,18.33534378769602,-94.1150134188229,,0,0
hourly,1631,69,0.06,1.5,-93.14434777214251,-97.40067786426627,966,0.8741373886357652,18.73706004140787,-94.33463771851197,,0,0
hourly,1632,8,0.02,1.0,-93.15263719606874,-96.61158629299955,700,0.8143030695521511,18.0,-95.05295331794788,,0,0
hourly,1633,13,0.1,1.5,-93.18048985520055,-97.88574828197645,1167,0.9038421775682814,19.28020565552699,-96.19412995883778,37.59875224276621,0,1
hourly,1634,44,0.1,1.5,-93.19501679959559,-97.8259132534023,1137,0.8996860693847623,19.261213720316622,-95.0441890269529,,0,0
hourly,1635,114,0.1,1.5,-93.23015644810675,-97.9053414604253,1169,0.9030517836476378,19.41830624465355,-96.26011788957697,,0,0
hourly,1636,126,0.02,1.5,-93.24631299492275,-96.2009840614039,572,0.7607870292037079,16.958041958041957,-94.41439449208622,,0,0
hourly,1637,79,0.04,1.5,-93.28624280339228,-97.02423415801337,810,0.8422716830221411,18.271604938271604,-96.49339010717685,,0,0
hourly,1638,114,0.04,1.0,-93.33835053299265,-98.0018491013218,1200,0.9062620861478587,19.5,-96.5918768290081,,0,0
hourly,1639,121,0.04,1.0,-93.40087142496724,-98.06184016149659,1221,0.9097869239265952,19.656019656019655,-96.50529002555874,,0,0
hourly,1640,66,0.04,1.0,-93.45269449088673,-97.93744801966507,1151,0.9001833513854403,19.287576020851432,-97.56119519864204,,0,0
hourly,1641,7,0.1,1.5,-93.45856448794817,-97.89551468355924,1130,0.8974923051270369,19.20353982300885,-96.47083968177921,-88.03876958208457,0,1
hourly,1642,3,0.06,1.0,-93.52031798305256,-98.5243109484251,1475,0.9328851287890875,20.0,-96.63733027211963,,0,0
hourly,1643,77,0.1,1.5,-93.5470534187102,-98.06837575108605,1202,0.9041101124814277,19.13477537437604,-96.20610849579495,,0,0
hourly,1644,17,0.04,1.0,-93.62876718971687,-98.10242090026738,1207,0.9064917827181725,19.63545981772991,-97.17680668409714,,0,0
hourly,1645,89,0.04,1.0,-93.64868959568557,-98.09699110664708,1201,0.9066367332870617,19.65029142381349,-96.94059258476351,,0,0
hourly,1646,124,0.02,1.0,-93.69222171216374,-96.76428626499828,664,0.7933639201379908,17.16867469879518,-94.85005671291955,,0,0
hourly,1647,89,0.1,1.5,-93.69258651424191,-98.07377910043525,1182,0.9001209924470488,19.204737732656515,-96.2775276501003,,0,0
hourly,1648,51,0.04,1.0,-93.78369602482209,-98.08063864300443,1171,0.8998492124501279,19.299743808710502,-98.2519036526765,,0,0
hourly,1649,76,0.06,1.0,-93.88492120230663,-98.68336364442376,1531,0.9349665961267988,20.052253429131287,-98.44927800333473,-91.84078690747329,0,1
hourly,1650,87,0.04,1.0,-93.88573910773334,-98.17535321474331,1205,0.9028345417210742,19.502074688796682,-96.19896503350644,,0,0
hourly,1651,45,0.04,1.0,-93.90199301483186,-98.16190463646193,1195,0.9020825980258289,19.581589958158997,-96.40318836103869,,0,0
hourly,1652,125,0.02,1.0,-93.91178713963838,-97.04436068260263,719,0.8101641989881514,17.80250347705146,-95.53840486833369,,0,0
hourly,1653,122,0.02,1.0,-93.9968345016196,-97.10314080563614,725,0.8103095103649869,17.655172413793103,-96.55164734029165,,0,0
hourly,1654,69,0.1,1.5,-94.02375797677774,-98.18959436664142,1190,0.8995391865061515,19.243697478991596,-95.7835673298299,,0,0
hourly,1655,27,0.06,1.5,-94.02839840017833,-97.84671634143555,1016,0.874509644066122,18.799212598425196,-95.5267201379188,,0,0
hourly,1656,72,0.06,1.0,-94.04308720592137,-98.75164275159904,1558,0.9350184158851413,20.089858793324776,-97.82185755459871,,0,0
hourly,1657,80,0.06,1.5,-94.05537840076272,-97.78667162104155,984,0.869189171058342,18.69918699186992,-97.17183830645503,190.73761391923148,0,1
hourly,1658,107,0.02,1.0,-94.12788087022777,-97.1264189710601,711,0.8026609027636301,17.58087201125176,-95.39769492780026,,0,0
hourly,1659,41,0.02,1.0,-94.13830763451769,-97.0968616568348,699,0.7994352653179967,17.59656652360515,-97.01107085448537,,0,0
hourly,1660,103,0.04,1.5,-94.1551585495925,-97.54603606482515,864,0.8438336387325629,18.171296296296298,-96.27722948793958,,0,0
hourly,1661,113,0.1,1.5,-94.17261133733075,-98.20620396538978,1174,0.8954130940033354,19.250425894378193,-95.9413742573672,,0,0
hourly,1662,38,0.1,1.5,-94.19491304931458,-98.16598597384332,1148,0.8936639429423876,19.16376306620209,-96.8956259091847,,0,0
hourly,1663,110,0.06,1.0,-94.21598636022014,-98.78790694379589,1558,0.9336801838749269,19.961489088575096,-97.97203201329272,,0,0
hourly,1664,84,0.02,1.5,-94.23478136173021,-96.75426647097945,571,0.7450340162300803,16.637478108581437,-94.71490337625032,,0,0
hourly,1665,57,0.06,1.0,-94.23805454478399,-98.81766019918604,1579,0.93509485950344,20.01266624445852,-98.06584532692834,-99.42868379707808,0,1
hourly,1666,105,0.02,1.0,-94.3196072122351,-97.20369001512202,705,0.8053028663328249,18.156028368794328,-97.04369211339883,,0,0
hourly,1667,62,0.1,1.5,-94.36735952510011,-98.30230433260195,1195,0.897215331713706,19.16317991631799,-95.33318940532303,,0,0
hourly,1668,37,0.1,1.5,-94.38713596306526,-98.29976428863661,1190,0.8957421865385635,19.243697478991596,-96.40634588604719,,0,0
hourly,1669,14,0.02,1.0,-94.45124872520513,-97.1540071399398,664,0.7831326316464338,17.319277108433734,-95.84983614849509,,0,0
hourly,1670,32,0.04,1.0,-94.45879468334077,-98.36472410053726,1216,0.9032315845150289,19.654605263157894,-98.5321276745976,,0,0
hourly,1671,8,0.04,1.0,-94.48410305337322,-98.37707488613803,1219,0.9031536482632839,19.688269073010666,-97.05329220596575,,0,0
hourly,1672,10,0.1,1.0,-94.49223291132682,-99.28840954617996,2041,0.9592447496874692,20.431161195492404,-98.49593180440166,,0,0
hourly,1673,21,0.04,1.0,-94.52506587513551,-98.36798160512564,1206,0.8990730230112287,19.56882255389718,-97.39485668687033,-92.72080365092026,0,1
hourly,1674,127,0.1,1.5,-94.62359509432633,-98.30661621393445,1151,0.8885331974239065,19.026933101650737,-96.93398572401544,,0,0
hourly,1675,40,0.04,1.0,-94.66738213063715,-98.27445271216011,1124,0.8879373604111012,19.21708185053381,-97.67865039150479,,0,0
hourly,1676,0,0.04,1.0,-94.69570991963016,-98.38532232273901,1185,0.8950302204018336,19.324894514767934,-98.0496711036901,,0,0
hourly,1677,100,0.02,1.0,-94.7439910073856,-97.42305459351586,709,0.7948822305730612,17.63046544428773,-96.7561288923966,,0,0
hourly,1678,51,0.1,1.5,-94.79829982542134,-98.31511457055745,1123,0.8830346843011507,18.967052537845056,-96.49007995727246,,0,0
hourly,1679,127,0.04,1.0,-94.8969347707825,-98.44813796772097,1186,0.8907494732000387,19.224283305227654,-96.53945951701738,,0,0
hourly,1680,108,0.04,1.0,-94.91584031924113,-98.41315666883557,1160,0.8896387887879187,19.310344827586206,-97.31206479518887,,0,0
hourly,1681,76,0.04,1.5,-94.93683927674725,-97.88722908360921,870,0.8340530610192278,18.160919540229884,-95.53813188017594,53.269787346106476,0,1
hourly,1682,53,0.1,1.5,-95.04697939489229,-98.4494397656453,1157,0.8856144740938964,19.10112359550562,-96.93907136092169,,0,0
hourly,1683,93,0.04,1.0,-95.05753351678739,-98.5060385960955,1192,0.8907540508075674,19.211409395973153,-97.30142237375291,,0,0
hourly,1684,41,0.06,1.0,-95.06524325070924,-98.92918987038566,1523,0.926413037532492,20.026263952724886,-99.16195817771475,,0,0
hourly,1685,10,0.02,1.0,-95.12146408250746,-97.53784085841521,680,0.7778644705759229,17.058823529411764,-96.74480729325664,,0,0
hourly,1686,18,0.1,1.5,-95.12670263950207,-98.5016808878053,1175,0.8876640458918278,19.06382978723404,-96.57676367297894,,0,0
hourly,1687,56,0.06,1.5,-95.22182434267928,-98.29800252148664,1028,0.863550634023894,18.579766536964982,-96.63454370820877,,0,0
hourly,1688,118,0.02,1.0,-95.24697744446976,-97.72976186693641,735,0.7942101898805467,17.41496598639456,-95.24697744446976,,0,0
hourly,1689,118,0.06,1.5,-95.25731373955767,-98.22747377215113,980,0.8540090119591406,18.46938775510204,-97.18424672880052,-45.373475817245094,0,1
hourly,1690,123,0.02,1.0,-95.27332305541886,-97.59778768562293,673,0.7749177736156918,17.38484398216939,-96.99575534804256,,0,0
hourly,1691,92,0.1,1.0,-95.3055190360591,-99.37382651125459,2009,0.95238768404937,20.3086112493778,-98.92990275350813,,0,0
hourly,1692,78,0.06,1.0,-95.40680619662957,-99.02016990622923,1540,0.9230486095439103,19.61038961038961,-98.28183076280409,,0,0
hourly,1693,100,0.1,1.5,-95.48338273811335,-98.56623266734326,1143,0.8789601137394233,18.89763779527559,-96.85908122917498,,0,0
hourly,1694,123,0.1,1.5,-95.4912863694671,-98.61107790630571,1173,0.8819620534317435,19.011082693947145,-97.61278466537297,,0,0
hourly,1695,114,0.06,1.0,-95.51463714173899,-99.05083349398708,1548,0.923175352962984,19.767441860465116,-98.9819002507237,,0,0
hourly,1696,76,0.02,1.0,-95.54417491821856,-97.79153170557768,698,0.7760495734114334,17.048710601719197,-96.79667543947609,,0,0
hourly,1697,16,0.1,1.5,-95.57707940313276,-98.66589185990642,1194,0.8842403512285765,18.927973199329983,-97.11883567304213,-29.157075814604237,0,1
hourly,1698,102,0.04,1.5,-95.59255973881588,-98.06863031395469,821,0.8118590786174372,17.783191230207066,-96.23538267639084,,0,0
hourly,1699,19,0.02,1.0,-95.60403552738646,-97.76826528074837,674,0.7693814930424634,17.2106824925816,-98.66463983231131,,0,0
hourly,1700,12,0.04,1.0,-95.6062180975877,-98.72673898882802,1234,0.8909440435427428,19.286871961102108,-98.09492137498789,,0,0
hourly,1701,56,0.02,1.0,-95.65231393313628,-97.80599851137515,680,0.7687031291686295,17.205882352941178,-96.68707652689564,,0,0
hourly,1702,33,0.06,1.0,-95.66614735643016,-99.08933846793376,1555,0.9230530879078852,19.807073954983924,-97.86430936545443,,0,0
hourly,1703,50,0.06,1.5,-95.69353939880605,-98.42099153112163,999,0.8517000258475288,18.31831831831832,-97.36925184260541,,0,0
hourly,1704,25,0.02,1.0,-95.69589431332406,-97.84964271672456,690,0.7710420701658447,17.246376811594203,-96.20656795594246,,0,0
hourly,1705,109,0.04,1.5,-95.70344474021523,-98.19841544508844,865,0.8221662525552579,18.034682080924856,-97.15227371332222,-62.405773757280414,0,1
hourly,1706,102,0.04,1.0,-95.74263466052078,-98.68596519836427,1171,0.8799393435844305,19.043552519214348,-97.27296980105127,,0,0
hourly,1707,44,0.04,1.0,-95.7452505437949,-98.71797974299675,1195,0.8852706604015004,19.330543933054393,-98.01880568015055,,0,0
hourly,1708,87,0.1,1.0,-95.7853601910666,-99.4131659705423,1966,0.9474111223725905,20.19328585961343,-98.39786321011773,,0,0
hourly,1709,65,0.06,1.5,-95.7884549787465,-98.50001092155587,1028,0.8557300034397797,18.579766536964982,-97.49079338289118,,0,0
hourly,1710,73,0.06,1.5,-95.80450673057908,-98.49221119973085,1019,0.8538301208242912,18.44946025515211,-97.745033482763,,0,0
hourly,1711,120,0.04,1.0,-95.88674709275783,-98.72670614950347,1168,0.8800652033859065,19.17808219178082,-98.097332381933,,0,0
hourly,1712,12,0.1,1.0,-95.89193900971411,-99.44552228019566,1997,0.9496061942926106,20.330495743615423,-99.0048775369028,,0,0
hourly,1713,104,0.04,1.0,-95.89372962950524,-98.76278420505726,1195,0.8841285703463008,19.246861924686193,-97.75027473978209,-95.32149597281175,0,1
hourly,1714,48,0.1,1.0,-96.01642065937986,-99.51548418704834,2101,0.9514515837073331,20.323655402189434,-98.43723719071203,,0,0
hourly,1715,96,0.06,1.0,-96.05234698852723,-99.1983199092425,1589,0.9216370742258412,19.949653870358716,-98.20268100295714,,0,0
hourly,1716,109,0.1,1.0,-96.0587118939851,-99.47386034165213,2008,0.9474278738642233,20.169322709163346,-99.12067543326177,,0,0
hourly,1717,116,0.04,1.0,-96.0691879906649,-98.80734308559683,1188,0.8795568878808319,18.939393939393938,-97.90277173621821,,0,0
hourly,1718,113,0.04,1.0,-96.12990486149688,-98.8044449740317,1170,0.8779504333239007,19.145299145299145,-98.81882174096236,,0,0
hourly,1719,11,0.06,1.0,-96.16153667332054,-99.15209980676394,1505,0.9118487065274229,19.601328903654483,-98.7062898370457,,0,0
hourly,1720,124,0.06,1.0,-96.1761595998105,-99.18361399770049,1539,0.9153618185399232,19.558154645873945,-98.23036573182056,,0,0
hourly,1721,127,0.02,1.0,-96.22148100351721,-98.15364777853817,712,0.7743523669593289,17.415730337078653,-98.21589213634114,-90.09864769721781,0,1
hourly,1722,80,0.02,1.0,-96.27260619582245,-98.16395266662983,704,0.7637960442625485,16.90340909090909,-97.47502979752372,,0,0
hourly,1723,115,0.02,1.0,-96.28434923335891,-98.2274957986076,736,0.7802760350572902,17.391304347826086,-97.86128999056598,,0,0
hourly,1724,95,0.06,1.0,-96.29230641527303,-99.23186289196245,1569,0.9170968675129803,19.75780752071383,-97.84183207548914,,0,0
hourly,1725,126,0.02,1.0,-96.30388569964225,-98.17939254149485,704,0.7644539965993448,17.045454545454547,-96.9587391141871,,0,0
hourly,1726,90,0.02,1.0,-96.3096838458748,-98.1003569831305,660,0.7448925198852021,16.666666666666668,-97.85663008730481,,0,0
hourly,1727,30,0.04,1.5,-96.35874465568807,-98.45035727969186,850,0.8088792816992739,17.647058823529413,-97.96701063560609,,0,0
hourly,1728,74,0.04,1.0,-96.35982054090671,-98.8911717660318,1184,0.874474920159424,19.00337837837838,-98.17248433267481,,0,0
hourly,1729,64,0.04,1.0,-96.431406056028,-98.92166924323386,1192,0.8745706158327206,18.79194630872483,-97.91942847452978,-96.65841782609516,0,1
hourly,1730,83,0.06,1.0,-96.43998554383289,-99.2453016312637,1546,0.9130459187721277,19.46959896507115,-98.56815447292483,,0,0
hourly,1731,38,0.04,1.5,-96.4520245281081,-98.50811676074973,862,0.8096926391231415,17.749419953596288,-97.90089639386115,,0,0
hourly,1732,112,0.04,1.0,-96.47841820049767,-98.95593703032887,1211,0.8763779917974841,18.909991742361683,-97.04929923906975,,0,0
hourly,1733,126,0.1,1.5,-96.47961460363216,-98.91145031643171,1169,0.8692182165737067,18.905047048759624,-97.28413608330035,,0,0
hourly,1734,14,0.06,1.0,-96.48098321131891,-99.225064577227,1508,0.9088340446952694,19.49602122015915,-99.00869973772413,,0,0
hourly,1735,84,0.02,1.0,-96.51582173622671,-98.27698539933563,700,0.7576856064942837,17.0,-96.98316069408517,,0,0
hourly,1736,24,0.06,1.0,-96.54015131236436,-99.23582496850568,1505,0.9088581688948503,19.66777408637874,-97.90398684275013,,0,0
hourly,1737,18,0.06,1.0,-96.55606653296087,-99.2431554614746,1510,0.9105797793618348,19.867549668874172,-98.50868521436635,-83.93342103208644,0,1
hourly,1738,86,0.04,1.0,-96.6204026410616,-99.00307489941466,1216,0.8748254975189856,18.832236842105264,-98.05125222927526,,0,0
hourly,1739,15,0.1,1.0,-96.63302213785731,-99.55507061613503,2018,0.9427749350921847,20.16848364717542,-98.87327289604525,,0,0
hourly,1740,9,0.1,1.5,-96.65656025557684,-98.94635519561612,1150,0.8627230219270744,18.695652173913043,-98.126038905955,,0,0
hourly,1741,32,0.1,1.0,-96.663590741905,-99.5447581073661,1986,0.9406543829763063,19.98992950654582,-98.06374662463143,,0,0
hourly,1742,55,0.06,1.0,-96.67269853770347,-99.29538118355416,1547,0.9100441343990796,19.586296056884294,-97.95484759883773,,0,0
hourly,1743,16,0.02,1.0,-96.7138681684679,-98.44354450100597,743,0.7743719911604715,17.49663526244953,-97.51347618862415,,0,0
hourly,1744,29,0.06,1.0,-96.72201677748879,-99.2875356761154,1521,0.9079059250204713,19.46088099934254,-98.2353792662304,,0,0
hourly,1745,21,0.06,1.0,-96.73742544317098,-99.31942517272748,1562,0.9129266828451499,19.718309859154928,-98.44999035641295,-91.00248315998797,0,1
hourly,1746,120,0.1,1.0,-96.74321986475671,-99.57137160711216,2022,0.9424577730104702,20.178041543026705,-99.30269945350037,,0,0
hourly,1747,63,0.02,1.0,-96.74404548697926,-98.39639928291761,704,0.7548700775443871,16.90340909090909,-97.58483924788179,,0,0
hourly,1748,2,0.06,1.0,-96.7867031087182,-99.30925576200937,1532,0.9079595292820719,19.5822454308094,-99.39411730048124,,0,0
hourly,1749,52,0.04,1.0,-96.85246486273225,-99.04711638526462,1190,0.8686611555387963,18.991596638655462,-98.41398735330785,,0,0
hourly,1750,49,0.1,1.0,-96.86818816680497,-99.59152985183806,2031,0.9415350697442608,20.18709995076317,-99.22698158592758,,0,0
hourly,1751,94,0.1,1.0,-96.9076829989438,-99.60269192903816,2046,0.9412568512055108,20.13685239491691,-99.02831492384891,,0,0
hourly,1752,39,0.06,1.0,-96.91309481393034,-99.34308193965823,1542,0.9090869788303697,19.58495460440986,-98.39191001831671,,0,0
hourly,1753,104,0.06,1.0,-96.93608506446407,-99.3367662818955,1525,0.9054016665770763,19.540983606557376,-98.52787682279939,-93.17024115709262,0,1
hourly,1754,50,0.04,1.0,-96.95908529839564,-99.08767867652502,1199,0.8678643231453192,18.932443703085905,-98.10533441465105,,0,0
hourly,1755,79,0.04,1.0,-96.95911186998049,-99.08403277377472,1195,0.8682170356309709,19.07949790794979,-98.56420141585275,,0,0
hourly,1756,122,0.04,1.0,-96.96740419271156,-99.07083500786847,1178,0.8634512254510198,18.760611205432937,-98.36868832233434,,0,0
hourly,1757,77,0.04,1.0,-96.97154667619887,-99.12534576848111,1237,0.8736216055162352,19.078415521422798,-98.66384446278919,,0,0
hourly,1758,61,0.04,1.0,-96.9924014568988,-99.08678131363257,1187,0.8661747074231861,18.955349620893006,-99.0864228913631,,0,0
hourly,1759,23,0.02,1.0,-96.99523694942114,-98.60231394885449,761,0.7692107691766022,17.21419185282523,-97.76250312404173,,0,0
hourly,1760,27,0.04,1.0,-97.00673948659858,-99.08475718679125,1180,0.8661714639292258,19.06779661016949,-98.34476553093748,,0,0
hourly,1761,49,0.04,1.0,-97.0363847180639,-99.11974796100826,1209,0.8679794965331729,18.941273779983458,-98.47827961878137,-95.74495537635698,0,1
hourly,1762,31,0.04,1.0,-97.06179279054523,-99.08800243171085,1165,0.8610239634255308,18.454935622317596,-98.01431987749413,,0,0
hourly,1763,62,0.04,1.0,-97.07787751235146,-99.10651967431265,1180,0.8629851895643805,18.64406779661017,-98.75775799363208,,0,0
hourly,1764,92,0.02,1.0,-97.09530313810576,-98.628451235512,746,0.7591613188194227,16.75603217158177,-97.93989319553373,,0,0
hourly,1765,74,0.06,1.0,-97.09830683354689,-99.38375612837973,1544,0.9056883423765673,19.559585492227978,-98.69665453538737,,0,0
hourly,1766,5,0.04,1.0,-97.14885010531712,-99.14894347382275,1204,0.8665913301939628,19.102990033222593,-98.24887334461307,,0,0
hourly,1767,36,0.02,1.0,-97.15045344537732,-98.59815577904175,705,0.7456379945512221,16.879432624113477,-97.43093308622728,,0,0
hourly,1768,22,0.06,1.0,-97.18135464125203,-99.40973439552351,1558,0.904710936553906,19.44801026957638,-98.02191298058698,,0,0
hourly,1769,46,0.1,1.0,-97.19929453495335,-99.60862848628473,1962,0.9343313408210567,20.03058103975535,-99.25699085497736,-97.99456663133014,0,1
hourly,1770,100,0.06,1.0,-97.21719598777567,-99.40605937406511,1539,0.9030194261786886,19.558154645873945,-98.61008258686772,,0,0
hourly,1771,118,0.04,1.0,-97.24393071201996,-99.11495896319717,1131,0.8515891277397262,18.47922192749779,-98.22433048835988,,0,0
hourly,1772,125,0.04,1.0,-97.27470563076761,-99.14904654297791,1159,0.8558081955073628,18.723037100949092,-98.56778546729862,,0,0
hourly,1773,58,0.1,1.0,-97.28633974289576,-99.63386431756655,1997,0.935389938504576,20.13019529293941,-98.91976720065617,,0,0
hourly,1774,67,0.06,1.0,-97.28938106982802,-99.42896974092587,1552,0.9040506038106731,19.45876288659794,-99.36396203048935,,0,0
hourly,1775,80,0.06,1.0,-97.32181598587314,-99.42208225684239,1528,0.9005414524579362,19.30628272251309,-98.7879998755498,,0,0
hourly,1776,102,0.06,1.0,-97.32698166699959,-99.43009981591511,1540,0.9033391256564305,19.545454545454547,-98.96039227932262,,0,0
hourly,1777,103,0.06,1.0,-97.3456573389507,-99.40083251145376,1483,0.8959222729415469,19.420094403236682,-98.64267390871618,-98.02868335802577,0,1
hourly,1778,93,0.06,1.0,-97.35617611025063,-99.47761534407051,1616,0.907476861771711,19.554455445544555,-99.55777829551144,,0,0
hourly,1779,34,0.06,1.0,-97.37155925272134,-99.44407361468895,1548,0.9020468455501296,19.315245478036175,-98.82258813104687,,0,0
hourly,1780,4,0.04,1.0,-97.37267050061325,-99.19271029017015,1175,0.8576101450699803,18.72340425531915,-98.32238603558075,,0,0
hourly,1781,106,0.06,1.0,-97.39105394784161,-99.45424852137681,1559,0.9033510231417741,19.563822963438103,-98.38719713185233,,0,0
hourly,1782,64,0.06,1.0,-97.46377631623395,-99.4694690746035,1559,0.9014453234372931,19.499679281590762,-99.14252445307929,,0,0
hourly,1783,89,0.06,1.0,-97.46737908053078,-99.47759380470754,1573,0.9020966819739553,19.453273998728545,-98.71210954569943,,0,0
hourly,1784,109,0.04,1.0,-97.47247939972848,-99.24185155268646,1199,0.8601938388664252,18.84904086738949,-98.71668778575388,,0,0
hourly,1785,73,0.1,1.0,-97.4819814467111,-99.65994114586252,1996,0.9326596378901291,20.04008016032064,-98.57682033607567,-99.35067247868851,0,1
hourly,1786,94,0.04,1.0,-97.50784784604421,-99.27531549940124,1230,0.8635021336013151,18.78048780487805,-98.22568864268504,,0,0
hourly,1787,126,0.04,1.0,-97.53944396386846,-99.25973098349297,1196,0.8577497540676011,18.812709030100333,-99.42302444957201,,0,0
hourly,1788,51,0.06,1.0,-97.54709547031031,-99.48175818254153,1549,0.8999254786928331,19.431891542930924,-98.63953995329038,,0,0
hourly,1789,53,0.06,1.0,-97.5866934700502,-99.47930024134124,1528,0.8976101539310951,19.43717277486911,-98.36257636455301,,0,0
hourly,1790,9,0.04,1.0,-97.60664238311439,-99.28927297703635,1209,0.8570343907151373,18.69313482216708,-99.17371882307205,,0,0
hourly,1791,48,0.06,1.0,-97.62145020871938,-99.47431674649437,1504,0.8938469440015511,19.414893617021278,-99.36486688607438,,0,0
hourly,1792,115,0.04,1.0,-97.6316547679756,-99.27381846693088,1177,0.8535643501108744,18.861512319456246,-98.79902889586137,,0,0
hourly,1793,12,0.06,1.0,-97.68385690846694,-99.50227516343469,1532,0.8957023786035468,19.451697127937337,-99.22564888827267,-77.49685975476386,0,1
hourly,1794,33,0.1,1.0,-97.69611148490347,-99.69352345246119,2011,0.9306642260400289,19.940328194927897,-99.25887332462925,,0,0
hourly,1795,25,0.06,1.0,-97.70349051846178,-99.5234883236646,1567,0.8978605495647426,19.4639438417358,-98.60820729529543,,0,0
hourly,1796,92,0.06,1.0,-97.71223942085453,-99.50144184012115,1518,0.8941873557139165,19.499341238471672,-98.92597112574354,,0,0
hourly,1797,46,0.04,1.0,-97.73899868357618,-99.29202252593169,1156,0.8455556892913557,18.42560553633218,-98.24532117687828,,0,0
hourly,1798,24,0.04,1.0,-97.81699872593227,-99.3400054326756,1191,0.8490559892777813,18.55583543240974,-98.6884606564745,,0,0
hourly,1799,69,0.04,1.0,-97.83321060322271,-99.36110978175164,1216,0.8532276144334265,18.585526315789473,-98.8179948217192,,0,0
hourly,1800,42,0.02,1.0,-97.8359257639774,-98.95363128680422,722,0.732095361835633,16.62049861495845,-98.39308843814197,,0,0
hourly,1801,113,0.02,1.0,-97.83654501468011,-98.9220161726911,692,0.7172177124753774,16.329479768786126,-98.76294608142479,-82.83692301132972,0,1
hourly,1802,42,0.1,1.0,-97.84841643458483,-99.7222755958257,2041,0.9308279888701912,19.99020088192063,-99.3273113539819,,0,0
hourly,1803,37,0.02,1.0,-97.85032877144543,-98.94801155687752,710,0.720961959025002,16.197183098591548,-98.19749673600772,,0,0
hourly,1804,7,0.04,1.0,-97.91077313715792,-99.36140379591693,1180,0.8471979063366942,18.389830508474578,-98.46497965498332,,0,0
hourly,1805,62,0.06,1.0,-97.91561226452595,-99.55702311212707,1543,0.8912323289847424,19.18340894361633,-99.09326091243997,,0,0
hourly,1806,29,0.04,1.0,-97.92094524794763,-99.38701822000023,1216,0.8531116614058412,18.667763157894736,-99.30508824926208,,0,0
hourly,1807,81,0.1,1.0,-97.944493237908,-99.73759606535208,2052,0.9302829206260629,19.931773879142302,-99.41060212137316,,0,0
hourly,1808,37,0.04,1.0,-97.95862471450617,-99.38534262867704,1195,0.848305028653137,18.577405857740587,-99.12111792080086,,0,0
hourly,1809,70,0.04,1.0,-97.97872701223599,-99.3968694381126,1204,0.8498643381782457,18.6046511627907,-99.01396753313455,-78.29328856675379,0,1
hourly,1810,116,0.06,1.0,-97.99946809167854,-99.56453354448175,1519,0.8893109558102622,19.289005924950626,-98.94370593378319,,0,0
hourly,1811,4,0.1,1.0,-98.01749773090147,-99.72026685942849,1952,0.9219958930594627,19.672131147540984,-99.23723660010293,,0,0
hourly,1812,11,0.02,1.0,-98.01803330166231,-99.01450832485004,694,0.7111865420662551,16.138328530259365,-99.1415725973552,,0,0
hourly,1813,124,0.04,1.0,-98.02914595787436,-99.42472354482778,1226,0.849836624469344,18.515497553017944,-98.93660892694027,,0,0
hourly,1814,91,0.02,1.0,-98.0339289428036,-99.05418294071316,727,0.7212325329182225,16.09353507565337,-98.89431385584417,,0,0
hourly,1815,110,0.1,1.0,-98.09574907120529,-99.75740811863751,2054,0.9278446602788546,19.961051606621226,-98.78939460930407,,0,0
hourly,1816,90,0.06,1.0,-98.10215196956841,-99.58565633112796,1516,0.885818254444294,19.261213720316622,-98.90254053424113,,0,0
hourly,1817,115,0.06,1.0,-98.10943011775784,-99.60976029004507,1572,0.8923398593598028,19.338422391857506,-99.36056911458847,-86.16486503727808,0,1
hourly,1818,42,0.04,1.0,-98.14677555411122,-99.4563772609876,1221,0.8459616743143303,18.345618345618345,-99.35188549617648,,0,0
hourly,1819,43,0.06,1.0,-98.16361789934976,-99.62883882241806,1593,0.8925449651074806,19.33458882611425,-99.29077814126678,,0,0
hourly,1820,67,0.04,1.0,-98.17616908732144,-99.46017806100878,1212,0.8468831849063438,18.564356435643564,-99.33988064058396,,0,0
hourly,1821,108,0.1,1.0,-98.18201797918132,-99.77571290539889,2086,0.9284584810045939,19.798657718120804,-99.573626253387,,0,0
hourly,1822,81,0.04,1.0,-98.19046566847291,-99.45193415563836,1189,0.8419818758176483,18.4188393608074,-98.61614524168756,,0,0
hourly,1823,67,0.1,1.0,-98.22064716046195,-99.761940785857,2005,0.9236716382804744,19.850374064837904,-99.47343002181,,0,0
hourly,1824,117,0.04,1.0,-98.2217692836788,-99.47579032602782,1216,0.8458205208676162,18.667763157894736,-99.41076348465783,,0,0
hourly,1825,25,0.04,1.0,-98.22418313043477,-99.48738380049032,1237,0.8466903160251008,18.593371059013744,-98.95660779290134,-94.26376291623775,0,1
hourly,1826,65,0.04,1.0,-98.27152214585169,-99.47228821123373,1181,0.8367153396869312,18.458933107535987,-99.00295464326935,,0,0
hourly,1827,40,0.1,1.0,-98.32302355435446,-99.76270675750453,1949,0.9174170832340749,19.85633658286301,-99.05223669520701,,0,0
hourly,1828,78,0.02,1.0,-98.34756363066438,-99.18424014461652,701,0.6980586050778472,15.834522111269616,-98.58411983955631,,0,0
hourly,1829,68,0.1,1.0,-98.35585458391581,-99.78909947436831,2047,0.9225647947246192,19.785051294577432,-99.54607596990161,,0,0
hourly,1830,18,0.04,1.0,-98.36744530541374,-99.4920287364926,1162,0.8302143528639009,18.244406196213426,-98.6649186787881,,0,0
hourly,1831,70,0.1,1.0,-98.36943579667177,-99.79703232422405,2077,0.9242331381792779,19.932595089070777,-99.64780286360404,,0,0
hourly,1832,1,0.1,1.0,-98.38635618863123,-99.78712900294333,2019,0.9199111329548104,19.762258543833582,-99.5671482800139,,0,0
hourly,1833,54,0.02,1.0,-98.38724092339073,-99.21649491482776,717,0.7022566676877849,15.899581589958158,-98.79277710928554,-84.38248448917233,0,1
hourly,1834,101,0.06,1.0,-98.40996502630503,-99.68251321675724,1605,0.8885055876713399,19.314641744548286,-98.83361119013776,,0,0
hourly,1835,19,0.06,1.0,-98.41742954290913,-99.66877584497311,1558,0.8828292712870102,19.062901155327342,-99.32825307438581,,0,0
hourly,1836,109,0.06,1.0,-98.41851406868193,-99.66634112619049,1550,0.8821949503350235,19.29032258064516,-99.34047375125698,,0,0
hourly,1837,11,0.04,1.0,-98.45591330973237,-99.54029147940511,1206,0.8358510175363125,18.24212271973466,-98.95352785729477,,0,0
hourly,1838,73,0.04,1.0,-98.46345994799512,-99.55295329155734,1229,0.8390763025606466,18.38893409275834,-98.95077173554435,,0,0
hourly,1839,47,0.1,1.0,-98.47629397676094,-99.79329612789013,1991,0.917886429962457,19.839276745354095,-99.50381936898215,,0,0
hourly,1840,79,0.06,1.0,-98.47798446759775,-99.6948913822678,1601,0.8865154396950726,19.175515302935665,-99.02788052769661,,0,0
hourly,1841,125,0.1,1.0,-98.50203419079374,-99.81798676800972,2101,0.9246963458106404,19.990480723465016,-99.55144576596892,-98.60945830335056,0,1
hourly,1842,60,0.04,1.0,-98.53992667466032,-99.57564548115784,1230,0.8362813605246066,18.29268292682927,-98.7692315731738,,0,0
hourly,1843,45,0.06,1.0,-98.54112698001765,-99.69924422825291,1573,0.8820350846949436,19.135410044500954,-99.30785448232878,,0,0
hourly,1844,17,0.1,1.0,-98.56135610559106,-99.81968508192244,2070,0.920073680783302,19.71014492753623,-99.7470750758363,,0,0
hourly,1845,59,0.06,1.0,-98.56645365827215,-99.69969524148932,1557,0.8791224107324087,19.010918432883752,-98.85582337364765,,0,0
hourly,1846,45,0.02,1.0,-98.56674648853809,-99.30587403295866,720,0.6958091090432145,15.694444444444445,-98.78755473148078,,0,0
hourly,1847,31,0.06,1.0,-98.57712466457826,-99.70043868952921,1552,0.8787853156844794,19.13659793814433,-99.48836436427058,,0,0
hourly,1848,16,0.04,1.0,-98.57759757279005,-99.57399788147147,1200,0.8294992191279911,18.083333333333332,-98.69467181662995,,0,0
hourly,1849,37,0.06,1.0,-98.60209276345392,-99.722585083565,1611,0.8843968791941742,19.24270639354438,-99.5272083657462,-96.79267293588101,0,1
hourly,1850,28,0.04,1.0,-98.60506555799495,-99.58722235325274,1212,0.8309262911041859,18.151815181518153,-99.42006621338092,,0,0
hourly,1851,19,0.04,1.0,-98.61314232790262,-99.5846593480174,1200,0.8304995906718114,18.333333333333332,-99.15952853729834,,0,0
hourly,1852,117,0.06,1.0,-98.62629012620428,-99.72711587799839,1610,0.8834913865634642,19.25465838509317,-99.52854115344122,,0,0
hourly,1853,84,0.04,1.0,-98.62637994306769,-99.59394474226238,1213,0.8306415732114512,18.054410552349548,-99.14157766363765,,0,0
hourly,1854,23,0.04,1.0,-98.62696105695328,-99.59977230160248,1227,0.8350374251650015,18.50040749796251,-99.02860256899592,,0,0
hourly,1855,10,0.04,1.0,-98.626972468116,-99.5888085254626,1200,0.8301852414883265,18.166666666666668,-99.32430145793083,,0,0
hourly,1856,20,0.06,1.0,-98.63100005145479,-99.71004998853145,1546,0.8753353724192535,19.016817593790428,-99.22308397600672,,0,0
hourly,1857,55,0.1,1.0,-98.64972920389846,-99.82491240002896,2036,0.916493005969715,19.793713163064833,-99.42827748476859,-97.29314873391307,0,1
hourly,1858,28,0.1,1.0,-98.64985010723005,-99.8203085431618,2010,0.9139247349484052,19.55223880597015,-99.36814696117466,,0,0
hourly,1859,76,0.04,1.0,-98.656567953282,-99.61616424447051,1247,0.834479688416645,18.283881315156375,-99.0660673981523,,0,0
hourly,1860,111,0.06,1.0,-98.67230225503877,-99.71909424205617,1547,0.8762931634319641,19.198448610213315,-99.2542345700211,,0,0
hourly,1861,48,0.04,1.0,-98.67245939143079,-99.58369443740767,1154,0.8172671625443787,17.937608318890813,-99.1812095931293,,0,0
hourly,1862,57,0.1,1.0,-98.67253481309362,-99.82439509321259,2016,0.9155801612523198,19.692460317460316,-99.55890403114866,,0,0
hourly,1863,107,0.04,1.0,-98.71012794721923,-99.61488580123797,1203,0.8256719224923542,18.121363258520365,-99.0536443691341,,0,0
hourly,1864,102,0.1,1.0,-98.71879390197921,-99.82812509676597,2002,0.912872298410364,19.58041958041958,-99.47488436692292,,0,0
hourly,1865,75,0.04,1.0,-98.73971416025883,-99.60163852830938,1146,0.8167178084678566,18.06282722513089,-99.40818714710046,-83.38822549866477,0,1
hourly,1866,107,0.06,1.0,-98.77084132539748,-99.7420428378626,1555,0.8755969102194634,19.035369774919616,-99.48143167456274,,0,0
hourly,1867,72,0.1,1.0,-98.77447457716596,-99.84534421183385,2063,0.9159560599658446,19.728550654386815,-99.46644964105901,,0,0
hourly,1868,30,0.1,1.0,-98.77951732225168,-99.83446472927363,1991,0.9103332386224876,19.63837267704671,-99.63262045585253,,0,0
hourly,1869,26,0.02,1.0,-98.78174121794207,-99.41362708234898,726,0.6881930184258961,15.702479338842975,-99.09613497071608,,0,0
hourly,1870,7,0.06,1.0,-98.8174142522436,-99.76977290206489,1630,0.879100847526284,18.957055214723926,-99.4239169072026,,0,0
hourly,1871,54,0.04,1.0,-98.83869484501008,-99.6228880803404,1119,0.8045521244779669,17.694369973190348,-99.40525348733277,,0,0
hourly,1872,54,0.06,1.0,-98.83910497636343,-99.75976376045625,1569,0.8721718550889599,18.992989165073293,-99.56672136532788,,0,0
hourly,1873,32,0.06,1.0,-98.84075446390128,-99.76486089143613,1589,0.8738418039244628,19.005663939584643,-99.52537505438892,-97.71609213339998,0,1
hourly,1874,58,0.06,1.0,-98.84811383875662,-99.75729904687215,1551,0.8707457091622611,18.826563507414573,-99.29943674169421,,0,0
hourly,1875,66,0.06,1.0,-98.85927724456694,-99.75207697551825,1520,0.8674483527745661,19.07894736842105,-99.72176396426755,,0,0
hourly,1876,28,0.06,1.0,-98.87943041973377,-99.76788782615428,1568,0.8713690416747091,19.005102040816325,-99.6174370185711,,0,0
hourly,1877,105,0.1,1.0,-98.91955905478423,-99.85376665352996,1993,0.9058160704883579,19.518314099347716,-99.44768674865536,,0,0
hourly,1878,127,0.1,1.0,-98.93703556428812,-99.85756879610926,2003,0.9064056900725471,19.47079380928607,-99.66058865960963,,0,0
hourly,1879,14,0.1,1.0,-98.93904812297156,-99.87241175885077,2111,0.9144513849763294,19.7063003315964,-99.8113890096026,,0,0
hourly,1880,36,0.06,1.0,-98.94613821696964,-99.78149815791978,1567,0.868874854172692,19.017230376515634,-99.40530892916983,,0,0
hourly,1881,8,0.1,1.0,-98.94699381870718,-99.85762943127963,1994,0.9062971824603075,19.50852557673019,-99.43248829665687,-98.88998259701643,0,1
hourly,1882,2,0.1,1.0,-98.98394256632423,-99.86815461890716,2035,0.908115023705239,19.705159705159705,-99.57930818335285,,0,0
hourly,1883,27,0.1,1.0,-98.99034828272589,-99.86294985878705,1990,0.9051946360082231,19.597989949748744,-99.64941310510811,,0,0
hourly,1884,105,0.04,1.0,-98.99073118501455,-99.69233476995016,1182,0.8092647976888229,17.766497461928935,-99.51458502480034,,0,0
hourly,1885,115,0.1,1.0,-99.00527330465817,-99.87157090597431,2040,0.9081284578454746,19.65686274509804,-99.59239618013729,,0,0
hourly,1886,123,0.06,1.0,-99.01616245130805,-99.80384417709634,1606,0.8713090907172145,19.05354919053549,-99.1328623632201,,0,0
hourly,1887,91,0.1,1.0,-99.01937723851304,-99.87787339548211,2076,0.909133326140367,19.653179190751445,-99.6095377290248,,0,0
hourly,1888,122,0.1,1.0,-99.0329835423698,-99.87004977070394,2000,0.9045636797814729,19.6,-99.8314476385168,,0,0
hourly,1889,92,0.04,1.0,-99.04249215884089,-99.72182905211832,1230,0.8181198289242254,18.130081300813007,-99.4753993687313,-93.55145851801282,0,1
hourly,1890,16,0.1,1.0,-99.05087998908125,-99.87904661475969,2053,0.9064510915440801,19.53239162201656,-99.68822914205222,,0,0
hourly,1891,94,0.06,1.0,-99.059909997637,-99.80510879773543,1567,0.8639686695733768,18.6981493299298,-99.5356375953742,,0,0
hourly,1892,108,0.06,1.0,-99.06001957943,-99.80630262629845,1573,0.8660212160284086,18.9446916719644,-99.57369433618923,,0,0
hourly,1893,83,0.1,1.0,-99.06457420520987,-99.87850638347851,2034,0.905747271289605,19.51819075712881,-99.62667930040809,,0,0
hourly,1894,5,0.06,1.0,-99.06840203128904,-99.8049260890184,1557,0.862054710871659,18.754014129736674,-99.49582428742833,,0,0
hourly,1895,6,0.1,1.0,-99.07556094191645,-99.87565292084287,1999,0.9029993095062797,19.50975487743872,-99.66063106356364,,0,0
hourly,1896,38,0.06,1.0,-99.0829090344657,-99.80930679746145,1564,0.8616506416393369,18.734015345268542,-99.53805634118106,,0,0
hourly,1897,69,0.06,1.0,-99.08438658631724,-99.80183484065525,1524,0.8568865550058319,18.569553805774277,-99.50984165525237,-70.71696365959778,0,1
hourly,1898,121,0.06,1.0,-99.09025180066163,-99.81551161250725,1589,0.8641848619995489,18.628067967275015,-99.67820318281775,,0,0
hourly,1899,17,0.06,1.0,-99.0913249958542,-99.8066600502455,1541,0.8599546848189313,18.689162881245945,-99.51429470647322,,0,0
hourly,1900,80,0.04,1.0,-99.09758402008076,-99.71598518045558,1150,0.7982658863316957,17.47826086956522,-99.29185628925072,,0,0
hourly,1901,53,0.04,1.0,-99.11340513905257,-99.7351240359525,1202,0.8076890681583175,17.803660565723792,-99.47250363986284,,0,0
hourly,1902,88,0.06,1.0,-99.12120049641871,-99.81433060508536,1548,0.8603258277562877,18.863049095607234,-99.50510671989548,,0,0
hourly,1903,83,0.04,1.0,-99.12968937207305,-99.74692653766199,1229,0.8108931641862567,17.819365337672906,-99.5480774700185,,0,0
hourly,1904,18,0.1,1.0,-99.13318285397375,-99.8887698388561,2046,0.9041560059297683,19.550342130987293,-99.72893913472647,,0,0
hourly,1905,110,0.04,1.0,-99.14474888849581,-99.73485115568424,1165,0.7968759628719879,17.59656652360515,-99.5642876061031,-97.2671886130299,0,1
hourly,1906,2,0.04,1.0,-99.15078774566358,-99.74039919186359,1179,0.8041001012037071,17.89652247667515,-99.34419164426062,,0,0
hourly,1907,116,0.1,1.0,-99.1568559197129,-99.88851073519554,2016,0.9005527482118052,19.345238095238095,-99.75560958500581,,0,0
hourly,1908,70,0.06,1.0,-99.1710740734975,-99.82505093289762,1549,0.8573650394649003,18.721755971594575,-99.6822064915292,,0,0
hourly,1909,26,0.1,1.0,-99.17233553850298,-99.88934915765523,2005,0.9002384457212126,19.40149625935162,-99.58639526973478,,0,0
hourly,1910,53,0.1,1.0,-99.17753357183932,-99.89393870243704,2041,0.9031868902507323,19.54924056834885,-99.7892454769589,,0,0
hourly,1911,97,0.06,1.0,-99.18305201214763,-99.82706045840749,1546,0.8554979554655779,18.628719275549805,-99.42211904656823,,0,0
hourly,1912,93,0.1,1.0,-99.18381408779075,-99.89600427070458,2053,0.9027154343993115,19.53239162201656,-99.47855654067862,,0,0
hourly,1913,82,0.1,1.0,-99.18691115545995,-99.89483022030453,2038,0.9010348958882175,19.528949950932287,-99.69193176040041,-99.43413802089667,0,1
hourly,1914,19,0.1,1.0,-99.19247824178416,-99.89471405956529,2030,0.9016239342183886,19.55665024630542,-99.58156159412178,,0,0
hourly,1915,56,0.04,1.0,-99.2074818705303,-99.76420257543883,1206,0.8029098361579591,17.66169154228856,-99.58364373328283,,0,0
hourly,1916,33,0.04,1.0,-99.20863616081557,-99.74820987172403,1139,0.7892092424954859,17.383669885864794,-99.39312591062495,,0,0
hourly,1917,35,0.1,1.0,-99.21721064124134,-99.9026307173753,2077,0.9024637047870935,19.45113143957631,-99.70528351422054,,0,0
hourly,1918,14,0.04,1.0,-99.22916497253588,-99.78425061249332,1267,0.8147887239636877,18.15311760063141,-99.51320580952375,,0,0
hourly,1919,22,0.04,1.0,-99.23225225685506,-99.7615292405632,1163,0.7926720302417776,17.540842648323302,-99.53656559485333,,0,0
hourly,1920,75,0.06,1.0,-99.23443953729303,-99.84100503421027,1565,0.8561549512026339,18.65814696485623,-99.71453779323353,,0,0
hourly,1921,99,0.06,1.0,-99.25056055513281,-99.83880485323515,1530,0.8509183142376096,18.562091503267975,-99.65807751096838,-99.0036125236571,0,1
hourly,1922,46,0.06,1.0,-99.25318429537732,-99.84112844968385,1541,0.8518490629162728,18.494484101232967,-99.50228553585201,,0,0
hourly,1923,85,0.04,1.0,-99.26086492766365,-99.7842536918718,1225,0.8074253152403467,17.714285714285715,-99.53164085689575,,0,0
hourly,1924,0,0.1,1.0,-99.2661305485793,-99.90199824899089,2006,0.8968129723364677,19.54137587238285,-99.69894534242522,,0,0
hourly,1925,95,0.1,1.0,-99.31082635574732,-99.91290439667422,2061,0.898969582911202,19.45657447840854,-99.68889021083267,,0,0
hourly,1926,77,0.1,1.0,-99.33091295806466,-99.91594741400259,2067,0.8961676532177136,19.3033381712627,-99.76005805292847,,0,0
hourly,1927,118,0.1,1.0,-99.33478541833955,-99.9154252085004,2055,0.8957159186462942,19.31873479318735,-99.67371087003838,,0,0
hourly,1928,119,0.06,1.0,-99.33916500717501,-99.86427873249912,1576,0.8528532214081406,18.591370558375633,-99.50656074127619,,0,0
hourly,1929,5,0.1,1.0,-99.34614468284735,-99.91442430505171,2026,0.8949903961056748,19.49654491609082,-99.8098104609958,-99.40080861757565,0,1
hourly,1930,60,0.06,1.0,-99.36943004086011,-99.85955886228847,1495,0.8400780670976942,18.39464882943144,-99.66830657978379,,0,0
hourly,1931,26,0.06,1.0,-99.37511429173699,-99.86262705077017,1508,0.8424454515641263,18.56763925729443,-99.63711477808755,,0,0
hourly,1932,52,0.1,1.0,-99.37709862271005,-99.92222533033869,2073,0.895779174644201,19.39218523878437,-99.75276503609604,,0,0
hourly,1933,103,0.1,1.0,-99.38938648355563,-99.92056716713901,2032,0.8926311903140964,19.291338582677167,-99.75160298774391,,0,0
hourly,1934,6,0.06,1.0,-99.39479166610494,-99.87408372841068,1563,0.8471117897212916,18.618042226487525,-99.67055962793238,,0,0
hourly,1935,119,0.04,1.0,-99.40302572022787,-99.82261091248418,1207,0.7900929697843121,17.315658657829328,-99.60548216434859,,0,0
hourly,1936,112,0.06,1.0,-99.40490823573253,-99.87177511215673,1528,0.8420635904002023,18.520942408376964,-99.69923817315612,,0,0
hourly,1937,120,0.06,1.0,-99.417834490295,-99.87997059911078,1572,0.8471673292185264,18.447837150127228,-99.6350789974229,-99.39530414418384,0,1
hourly,1938,43,0.1,1.0,-99.41936622298432,-99.92386219003212,2024,0.8899684793350676,19.318181818181817,-99.68047827252849,,0,0
hourly,1939,78,0.1,1.0,-99.42441926868197,-99.92422374313364,2020,0.8900860972409054,19.15841584158416,-99.77372897482407,,0,0
hourly,1940,23,0.06,1.0,-99.42646845150158,-99.87972328016697,1555,0.8446231527074283,18.327974276527332,-99.67321326547088,,0,0
hourly,1941,91,0.06,1.0,-99.42918322463835,-99.88065193739874,1558,0.8453502625737828,18.549422336328625,-99.51316511952933,,0,0
hourly,1942,113,0.06,1.0,-99.42999312115465,-99.88094115833816,1559,0.8450191004065689,18.473380372033354,-99.70139488974011,,0,0
hourly,1943,103,0.04,1.0,-99.4328790129246,-99.83875099191697,1251,0.7948778853610425,17.346123101518785,-99.71214273893979,,0,0
hourly,1944,56,0.1,1.0,-99.43434588680321,-99.92425433810772,2003,0.8890011983865821,19.27109335996006,-99.73434947277124,,0,0
hourly,1945,54,0.1,1.0,-99.44824967833156,-99.92240025467328,1954,0.8826423652914719,19.140225179119753,-99.67067766878907,-88.4547543940206,0,1
hourly,1946,124,0.1,1.0,-99.44887266357138,-99.93112779808195,2072,0.8929302370663162,19.305019305019304,-99.78936674363335,,0,0
hourly,1947,127,0.06,1.0,-99.44957381332917,-99.88422466945298,1552,0.8421099665881417,18.36340206185567,-99.70763564333448,,0,0
hourly,1948,29,0.1,1.0,-99.44965400020013,-99.93379243488512,2110,0.8954217443920638,19.28909952606635,-99.74000170894038,,0,0
hourly,1949,80,0.1,1.0,-99.4505715751205,-99.93383716825868,2109,0.8957132221723113,19.44049312470365,-99.70174665835975,,0,0
hourly,1950,106,0.1,1.0,-99.45062528860292,-99.9278209047508,2022,0.8883952690812964,19.287833827893174,-99.79391581631334,,0,0
hourly,1951,126,0.06,1.0,-99.45472577623681,-99.88747093262161,1571,0.8445201233358812,18.4595798854233,-99.69162150392246,,0,0
hourly,1952,51,0.1,1.0,-99.46213544909637,-99.93210972401263,2062,0.8913987966913091,19.350145489815713,-99.6758594158896,,0,0
hourly,1953,40,0.06,1.0,-99.46705659555735,-99.8872288198213,1546,0.8395639764677442,18.434670116429494,-99.63206806699706,-98.93501415213291,0,1
hourly,1954,123,0.04,1.0,-99.47006059193632,-99.84144040720182,1200,0.782413394058592,17.166666666666668,-99.65579787043622,,0,0
hourly,1955,99,0.1,1.0,-99.4730000773854,-99.93348300950169,2062,0.8910962330539471,19.30164888457808,-99.7742774429357,,0,0
hourly,1956,81,0.06,1.0,-99.4763132933716,-99.8888560740226,1543,0.8386567730566775,18.47051198963059,-99.80845236658283,,0,0
hourly,1957,97,0.1,1.0,-99.47657402594763,-99.93095815707204,2018,0.8871229361079256,19.276511397423192,-99.82328283684743,,0,0
hourly,1958,0,0.06,1.0,-99.47772221761763,-99.88948846477228,1546,0.8390891126537027,18.36998706338939,-99.7418340385867,,0,0
hourly,1959,59,0.1,1.0,-99.4933364833234,-99.93350561436205,2023,0.8866570021767427,19.179436480474543,-99.82440715365806,,0,0
hourly,1960,105,0.06,1.0,-99.50091879650962,-99.89864836535108,1587,0.8419846173936907,18.27347195967234,-99.77830480582027,,0,0
hourly,1961,60,0.1,1.0,-99.50304680331519,-99.93827401311535,2078,0.8891857464237168,19.249278152069298,-99.77475358118657,-99.77750018438597,0,1
hourly,1962,31,0.1,1.0,-99.50510027062417,-99.93998834399986,2102,0.8901729447945532,19.17221693625119,-99.80636013899561,,0,0
hourly,1963,27,0.06,1.0,-99.55041704885592,-99.90889154628306,1589,0.8378308837991238,18.250471994965388,-99.76176519203659,,0,0
hourly,1964,26,0.04,1.0,-99.5559377032102,-99.86608819664643,1192,0.7714783034225414,17.197986577181208,-99.76675291670253,,0,0
hourly,1965,59,0.04,1.0,-99.55890755923068,-99.86604977913498,1185,0.7702287310350572,17.130801687763714,-99.6900472955993,,0,0
hourly,1966,107,0.1,1.0,-99.56022438211122,-99.94554643202797,2081,0.8858104906688409,19.077366650648727,-99.78830705364015,,0,0
hourly,1967,44,0.1,1.0,-99.56202652032935,-99.94229747507781,2019,0.8818174210581683,19.167904903417533,-99.82561957223986,,0,0
hourly,1968,71,0.1,1.0,-99.56716308634404,-99.94715291999022,2095,0.88699876131536,19.236276849642003,-99.84413901965438,,0,0
hourly,1969,9,0.06,1.0,-99.56867124100869,-99.91224405556373,1585,0.8361469581552964,18.29652996845426,-99.83418850382118,-94.95628530335848,0,1
hourly,1970,62,0.1,1.0,-99.57015448358379,-99.94476941593686,2044,0.8833773482960496,19.129158512720156,-99.7028343747141,,0,0
hourly,1971,111,0.1,1.0,-99.57735091733049,-99.94481817764141,2028,0.8817699526852439,19.18145956607495,-99.7816992325598,,0,0
hourly,1972,86,0.1,1.0,-99.57996881983627,-99.94694235085284,2061,0.883662367694622,19.068413391557495,-99.81842802309316,,0,0
hourly,1973,52,0.06,1.0,-99.58075779774369,-99.91210508762097,1555,0.8320743208975205,18.263665594855304,-99.70278847350077,,0,0
hourly,1974,90,0.1,1.0,-99.59572181138856,-99.9491888212246,2066,0.8828007535100649,19.119070667957406,-99.81105097276365,,0,0
hourly,1975,38,0.04,1.0,-99.59800864505544,-99.88366379204705,1233,0.7774957649646049,17.35604217356042,-99.78687069517545,,0,0
hourly,1976,117,0.1,1.0,-99.61067654772438,-99.94757052406914,1997,0.87608796245939,18.928392588883327,-99.74256126528975,,0,0
hourly,1977,84,0.1,1.0,-99.61171643046471,-99.94707779895458,1985,0.8742190006500491,18.992443324937028,-99.84941701137008,-95.73435228246088,0,1
hourly,1978,88,0.1,1.0,-99.62016042105462,-99.9497624961969,2015,0.8771833072637684,19.106699751861044,-99.85008913904117,,0,0
hourly,1979,9,0.1,1.0,-99.6211651594101,-99.9509865423711,2037,0.8779931559362809,19.047619047619047,-99.83814794470013,,0,0
hourly,1980,71,0.06,1.0,-99.62508782938232,-99.92172219071577,1559,0.8290026151634767,18.216805644644,-99.77363113359146,,0,0
hourly,1981,30,0.06,1.0,-99.62733393200173,-99.92606436557028,1610,0.8344467775787786,18.198757763975156,-99.72113552939992,,0,0
hourly,1982,74,0.1,1.0,-99.62886799094363,-99.95419109595224,2084,0.8807507314958567,19.049904030710174,-99.80657643984891,,0,0
hourly,1983,4,0.06,1.0,-99.64092701882285,-99.92251344376335,1526,0.8220853968187939,18.15203145478375,-99.75107586592546,,0,0
hourly,1984,11,0.1,1.0,-99.6483396357016,-99.9540476593878,2027,0.8748614386769358,19.042920572274298,-99.91417181221546,,0,0
hourly,1985,16,0.06,1.0,-99.65426516724806,-99.92925117371178,1579,0.8285995111328441,18.11272957568081,-99.78415033006672,-94.03702699418822,0,1
hourly,1986,1,0.06,1.0,-99.66418824514268,-99.93093843258232,1574,0.8260533114547113,17.97966963151207,-99.84273487886922,,0,0
hourly,1987,77,0.06,1.0,-99.67183521227844,-99.93398170903055,1596,0.8270926381744019,18.107769423558896,-99.83077917079302,,0,0
hourly,1988,34,0.04,1.0,-99.67791740159875,-99.9108257792584,1277,0.7760905562719443,17.3061863743148,-99.73273327754391,,0,0
hourly,1989,13,0.1,1.0,-99.68006413164451,-99.96199218448231,2122,0.882459304899369,19.32139491046183,-99.81496267217874,,0,0
hourly,1990,7,0.1,1.0,-99.68212231707341,-99.95779608034238,2011,0.8714033232250561,19.045251118846345,-99.89584396330174,,0,0
hourly,1991,125,0.06,1.0,-99.69432811784428,-99.9378940297926,1586,0.825511879314237,18.15889029003783,-99.823356733692,,0,0
hourly,1992,30,0.04,1.0,-99.69455391048278,-99.90699834108469,1182,0.7539409904932236,16.920473773265652,-99.82842773049596,,0,0
hourly,1993,118,0.06,1.0,-99.69610467756192,-99.93899177123576,1598,0.8260405820961644,18.21026282853567,-99.81937615060848,-94.00704108782298,0,1
hourly,1994,75,0.1,1.0,-99.70274795005494,-99.96181940686876,2044,0.871615521659545,18.98238747553816,-99.85609957076088,,0,0
hourly,1995,85,0.06,1.0,-99.70438922532848,-99.93847810618196,1562,0.8191630767499603,17.98975672215109,-99.76763226591554,,0,0
hourly,1996,119,0.1,1.0,-99.71264072372571,-99.96418423265267,2074,0.8745352864157265,19.09353905496625,-99.84272431024326,,0,0
hourly,1997,114,0.1,1.0,-99.71857910554473,-99.96312397361051,2024,0.8688592326527572,18.972332015810277,-99.90270329690077,,0,0
hourly,1998,41,0.1,1.0,-99.73223772262028,-99.96592015666292,2053,0.8708019339332775,18.947881149537263,-99.90835346191076,,0,0
hourly,1999,68,0.06,1.0,-99.7358828109401,-99.94585810251117,1577,0.8180305438621095,18.072289156626507,-99.90353835987472,,0,0
hourly,2000,13,0.04,1.0,-99.73679020713358,-99.92431439822,1239,0.7587092182685078,16.949152542372882,-99.88698883062932,,0,0
hourly,2001,113,0.1,1.0,-99.73875980386852,-99.96631442603108,2040,0.8673450671373985,18.872549019607842,-99.87089386051106,-98.73580933956514,0,1
hourly,2002,47,0.06,1.0,-99.73897194505516,-99.94391426893888,1530,0.8113551562803704,17.908496732026144,-99.82942914380816,,0,0
hourly,2003,76,0.1,1.0,-99.74136232596186,-99.96708327441226,2053,0.8709009916051333,19.045299561617146,-99.85560400337478,,0,0
hourly,2004,91,0.04,1.0,-99.74202282838567,-99.92185545492887,1187,0.7442848393266935,16.512215669755687,-99.79236743722714,,0,0
hourly,2005,98,0.1,1.0,-99.74254068815739,-99.96800984965701,2077,0.8700578518412837,18.873375060182955,-99.84597175331344,,0,0
hourly,2006,34,0.1,1.0,-99.74396294990086,-99.96682044422425,2035,0.8667600374253273,18.96805896805897,-99.90531540221689,,0,0
hourly,2007,38,0.1,1.0,-99.7458629518731,-99.96680317346161,2027,0.8673799541745275,18.944252590034534,-99.86526284425439,,0,0
hourly,2008,3,0.1,1.0,-99.74727202006655,-99.96799571722771,2058,0.8689058132671098,18.90184645286686,-99.89102934899685,,0,0
hourly,2009,35,0.06,1.0,-99.75944736655748,-99.9515747370344,1595,0.8183235433943016,18.0564263322884,-99.85340639680777,-88.77436540441975,0,1
hourly,2010,73,0.06,1.0,-99.7598988066402,-99.95233781385137,1609,0.8190152218607104,17.961466749533873,-99.84506429672489,,0,0
hourly,2011,56,0.06,1.0,-99.76491409311315,-99.95243899458882,1590,0.8166618425878647,18.050314465408807,-99.86382417079996,,0,0
hourly,2012,39,0.1,1.0,-99.7677430867702,-99.96823314834351,1981,0.8593208960528859,18.7783947501262,-99.89995878820146,,0,0
hourly,2013,13,0.06,1.0,-99.76966067848358,-99.95100725534863,1540,0.8083532177591751,17.857142857142858,-99.84134803445706,,0,0
hourly,2014,101,0.1,1.0,-99.77242759441039,-99.97206475171795,2089,0.8682468571799368,18.90856869315462,-99.90642531746347,,0,0
hourly,2015,104,0.1,1.0,-99.77247948941171,-99.97259785493233,2108,0.8701249820143012,18.880455407969638,-99.91133484837422,,0,0
hourly,2016,22,0.1,1.0,-99.77634997623441,-99.97090561651488,2031,0.8629734117786879,18.80846873461349,-99.8737420124444,,0,0
hourly,2017,45,0.1,1.0,-99.78237834698618,-99.973233674289,2087,0.8663509054458104,18.878773358888356,-99.86177275205836,-99.89474842417306,0,1
hourly,2018,64,0.1,1.0,-99.7837161193257,-99.97288771433945,2068,0.8649162871690551,18.762088974854933,-99.88141676061367,,0,0
hourly,2019,79,0.1,1.0,-99.7862865132363,-99.97189136557373,2020,0.8608452691539497,18.861386138613863,-99.91882978057518,,0,0
hourly,2020,23,0.1,1.0,-99.78961349395651,-99.97227401812246,2018,0.8600922176843853,18.681863230921703,-99.88214882713855,,0,0
hourly,2021,36,0.1,1.0,-99.7916221951866,-99.97164476005827,1986,0.8567679233338836,18.731117824773413,-99.83927053739158,,0,0
hourly,2022,47,0.04,1.0,-99.80100034746661,-99.93721107348613,1146,0.723571686275927,16.31762652705061,-99.83439080609216,,0,0
hourly,2023,65,0.1,1.0,-99.80534785343436,-99.97495866439824,2042,0.8603676697662082,18.8050930460333,-99.85918344037931,,0,0
hourly,2024,21,0.1,1.0,-99.80662001718532,-99.97564006648462,2063,0.8619283270178224,18.807561803199224,-99.87194315954758,,0,0
hourly,2025,63,0.1,1.0,-99.80774896864567,-99.9746406074318,2017,0.8570451901770852,18.691125433812594,-99.91637325682949,-91.61333398917668,0,1
hourly,2026,85,0.1,1.0,-99.80989080858407,-99.97489853728824,2016,0.857090139677841,18.601190476190474,-99.9252570233551,,0,0
hourly,2027,66,0.1,1.0,-99.81382561532945,-99.97576120706495,2030,0.8589696614190477,18.817733990147783,-99.95188313067715,,0,0
hourly,2028,15,0.06,1.0,-99.82457999939744,-99.96254979210221,1536,0.8002715520761507,17.7734375,-99.90062271724778,,0,0
hourly,2029,123,0.1,1.0,-99.82468194843108,-99.97835496396156,2083,0.8603971429186995,18.771003360537687,-99.93999647992821,,0,0
hourly,2030,87,0.06,1.0,-99.82534321161566,-99.96330454881839,1552,0.7999111011605887,17.65463917525773,-99.87813991770659,,0,0
hourly,2031,44,0.06,1.0,-99.83241053932662,-99.96486046980809,1554,0.7966086711025956,17.56756756756757,-99.86141321177502,,0,0
hourly,2032,25,0.1,1.0,-99.83348135359068,-99.97838737804148,2033,0.8550769166140896,18.69158878504673,-99.92184488794976,,0,0
hourly,2033,61,0.06,1.0,-99.85002135307633,-99.96948749788558,1584,0.7984964244084465,17.550505050505052,-99.91263198316457,-95.32244721526013,0,1
hourly,2034,49,0.06,1.0,-99.85421219962298,-99.97013186535864,1577,0.7953527916137137,17.6284083703234,-99.87506731281331,,0,0
hourly,2035,63,0.06,1.0,-99.86485574577361,-99.97103903041928,1532,0.7870826679253872,17.428198433420366,-99.94331974409644,,0,0
hourly,2036,112,0.1,1.0,-99.86889803616722,-99.98283371435065,2024,0.8461015992131311,18.527667984189723,-99.91560530643893,,0,0
hourly,2037,65,0.06,1.0,-99.8701566678663,-99.9737455814026,1590,0.7940126491241879,17.67295597484277,-99.93139578233668,,0,0
hourly,2038,20,0.1,1.0,-99.87450916553915,-99.98365150590328,2029,0.845960295166274,18.531296205027108,-99.94051125431038,,0,0
hourly,2039,37,0.1,1.0,-99.87491948463715,-99.9836395725753,2025,0.8460083087310218,18.666666666666668,-99.92632946828236,,0,0
hourly,2040,50,0.06,1.0,-99.87656565131391,-99.97556154212747,1611,0.7929705551993788,17.50465549348231,-99.94123004163139,,0,0
hourly,2041,96,0.1,1.0,-99.88728613413996,-99.98637961198486,2104,0.8493617027821844,18.44106463878327,-99.95567581921627,-95.09847640933837,0,1
hourly,2042,126,0.1,1.0,-99.89190530699426,-99.98567804683624,2012,0.8402810908603748,18.48906560636183,-99.96526230630187,,0,0
hourly,2043,61,0.1,1.0,-99.90530804155856,-99.98770396299653,2032,0.8372920939435922,18.405511811023622,-99.96136957364767,,0,0
hourly,2044,121,0.1,1.0,-99.91966190406934,-99.99030483336809,2105,0.8402293815328643,18.43230403800475,-99.95764604849968,,0,0
hourly,2045,89,0.1,1.0,-99.93380251292116,-99.99150119259072,2043,0.8275822516347061,18.11062163485071,-99.97832693860983,,0,0
hourly,2046,100,0.1,1.0,-99.95727361535148,-99.99423561910821,1993,0.8123263191190652,18.013045659809332,-99.96827295444773,,0,0
hourly,2047,69,0.1,1.0,-99.9655313677651,-99.99579771412188,2094,0.8149955676003285,18.003820439350527,-99.97560388143198,,0,0
hourly,2048,24,0.1,1.0,-99.97715079990606,-99.99717047124847,2078,0.8023030168284927,17.8055822906641,-99.98527158046974,,0,0
