benchmark_cagr,benchmark_cell,benchmark_drawdown,cell,cost_bps,criteria.H_approx,criteria.H_exact,criteria.R,label,ledger_sha256,ma,metrics.asset_exposure.GLD,metrics.asset_exposure.QQQ,metrics.asset_exposure.SPY,metrics.asset_exposure.cash,metrics.asset_exposure.receivable,metrics.cagr,metrics.completed_round_trips,metrics.elapsed_days,metrics.exclusions,metrics.first_session,metrics.last_session,metrics.max_drawdown,metrics.net_wealth,metrics.orders,metrics.sessions,metrics.sharpe,metrics.switches,metrics.terminal_receivables,metrics.turnover,model,phase,setting,total_return,variant,window_label
0.15456346020331124,IS__PRIMARY__NA__QQQ_HOLD,0.3512397800669056,IS__PRIMARY__NA__CORE_QQQ_GLD,5,FAIL,NOT EVALUABLE,FAIL,TOTAL_RETURN_REAL,930dc509fd121da9ca552ff881f7a742765d8a977dc6ecd07133f4134356c6d4,200,0.1811908391104909,0.818127804852817,0.0,2.9690656252071682e-05,0.000651665380440035,0.12728896929867073,86,4743,0,2010-01-04,2022-12-30,0.29564779561782417,4.739410006596489,214,3272,0.7707174356214176,85,0.0,171.91532252261493,CORE_QQQ_GLD,IS,PRIMARY,True,NA,IS
0.15456346020331124,IS__PRIMARY__NA__QQQ_HOLD,0.3512397800669056,IS__PRIMARY__NA__QQQ_HOLD,5,FAIL,NOT EVALUABLE,FAIL,TOTAL_RETURN_REAL,696a32dddf0a0057f364e39498bb3fb6eb3eb7ed8d067a20d01bc25ef80b752b,200,0.0,0.9991741407808995,0.0,3.62490127531635e-05,0.0007896102063473358,0.15456346020331124,1,4743,0,2010-01-04,2022-12-30,0.3512397800669056,6.4647387905149465,54,3272,0.7963162351925984,0,0.0,2.112827696706124,QQQ_HOLD,IS,PRIMARY,True,NA,IS
0.15456346020331124,IS__PRIMARY__NA__QQQ_HOLD,0.3512397800669056,IS__PRIMARY__NA__GLD_HOLD,5,FAIL,NOT EVALUABLE,FAIL,TOTAL_RETURN_REAL,7656bcebb23bccf56fd19ef0f0be083a9cd766dffd5d9993c299801ffb9f9064,200,1.0,0.0,0.0,0.0,0.0,0.033972566423287276,1,4743,0,2010-01-04,2022-12-30,0.45555013814400136,1.5431655871208152,2,3272,0.2916914476060724,0,0.0,1.9995002498750625,GLD_HOLD,IS,PRIMARY,True,NA,IS
0.15456346020331124,IS__PRIMARY__NA__QQQ_HOLD,0.3512397800669056,IS__PRIMARY__NA__SPY_HOLD,5,FAIL,NOT EVALUABLE,FAIL,TOTAL_RETURN_REAL,2b154b6e229765928e6052006489e1321f1a4bc91dbbeff0b514d0e92938b808,200,0.0,0.0,0.9977933210051637,7.263443189546396e-05,0.0021340445629408544,0.11951480071122256,1,4743,0,2010-01-04,2022-12-30,0.3368931873263582,4.33207780181727,53,3272,0.7308665878981685,0,0.02009572334370175,2.231945545920025,SPY_HOLD,IS,PRIMARY,True,NA,IS
0.15456346020331124,IS__PRIMARY__NA__QQQ_HOLD,0.3512397800669056,IS__PRIMARY__NA__QQQ_GLD_MONTHLY_50_50,5,FAIL,NOT EVALUABLE,FAIL,TOTAL_RETURN_REAL,5d32b8af2dfb45e7a9a3c4d378cdc475362426f0f8d223007dfe0346e7287f6f,200,0.4991840382528689,0.5003989008375354,0.0,1.8305813347869603e-05,0.0003987550962478251,0.09974418367705407,2,4743,0,2010-01-04,2022-12-30,0.23859291865567644,3.437235230525596,316,3272,0.7867208680710136,0,0.0,6.090733382873645,QQQ_GLD_MONTHLY_50_50,IS,PRIMARY,True,NA,IS
0.15456346020331124,IS__PRIMARY__NA__QQQ_HOLD,0.3512397800669056,IS__PRIMARY__NA__CORE_QQQ_CASH,5,FAIL,NOT EVALUABLE,FAIL,TOTAL_RETURN_REAL,283192b11df934d2f7c6ed2dd92b672318334fc047844da07ede49094682517e,200,0.0,0.8181268522580228,0.0,0.18122050445494653,0.0006526432870306757,0.09751661259942201,43,4743,0,2010-01-04,2022-12-30,0.2395406046873475,3.3479136859409686,126,3272,0.6746635533667602,85,0.0,86.01637974445794,CORE_QQQ_CASH,IS,PRIMARY,True,NA,IS
0.15456346020331124,IS__MA150__NA__QQQ_HOLD,0.3512397800669056,IS__MA150__NA__CORE_QQQ_GLD,5,FAIL,NOT EVALUABLE,PASS,TOTAL_RETURN_REAL,aab9da25d70ea9513546cdae4ec6f9c0ebe0b217226e72253451251a9ccd87df,150,0.20073944443289637,0.7985748294477932,0.0,2.9915697871274533e-05,0.000655810421439104,0.14425890528855123,102,4743,0,2010-01-04,2022-12-30,0.29564779561782484,5.754270948094822,247,3272,0.8793775244848945,101,0.0,203.83065831964615,CORE_QQQ_GLD,IS,MA150,True,NA,IS
0.15456346020331124,IS__MA150__NA__QQQ_HOLD,0.3512397800669056,IS__MA150__NA__QQQ_HOLD,5,FAIL,NOT EVALUABLE,FAIL,TOTAL_RETURN_REAL,696a32dddf0a0057f364e39498bb3fb6eb3eb7ed8d067a20d01bc25ef80b752b,150,0.0,0.9991741407808995,0.0,3.62490127531635e-05,0.0007896102063473358,0.15456346020331124,1,4743,0,2010-01-04,2022-12-30,0.3512397800669056,6.4647387905149465,54,3272,0.7963162351925984,0,0.0,2.112827696706124,QQQ_HOLD,IS,MA150,True,NA,IS
0.15456346020331124,IS__MA150__NA__QQQ_HOLD,0.3512397800669056,IS__MA150__NA__GLD_HOLD,5,FAIL,NOT EVALUABLE,FAIL,TOTAL_RETURN_REAL,7656bcebb23bccf56fd19ef0f0be083a9cd766dffd5d9993c299801ffb9f9064,150,1.0,0.0,0.0,0.0,0.0,0.033972566423287276,1,4743,0,2010-01-04,2022-12-30,0.45555013814400136,1.5431655871208152,2,3272,0.2916914476060724,0,0.0,1.9995002498750625,GLD_HOLD,IS,MA150,True,NA,IS
0.15456346020331124,IS__MA150__NA__QQQ_HOLD,0.3512397800669056,IS__MA150__NA__SPY_HOLD,5,FAIL,NOT EVALUABLE,FAIL,TOTAL_RETURN_REAL,2b154b6e229765928e6052006489e1321f1a4bc91dbbeff0b514d0e92938b808,150,0.0,0.0,0.9977933210051637,7.263443189546396e-05,0.0021340445629408544,0.11951480071122256,1,4743,0,2010-01-04,2022-12-30,0.3368931873263582,4.33207780181727,53,3272,0.7308665878981685,0,0.02009572334370175,2.231945545920025,SPY_HOLD,IS,MA150,True,NA,IS
0.15456346020331124,IS__MA150__NA__QQQ_HOLD,0.3512397800669056,IS__MA150__NA__QQQ_GLD_MONTHLY_50_50,5,FAIL,NOT EVALUABLE,FAIL,TOTAL_RETURN_REAL,5d32b8af2dfb45e7a9a3c4d378cdc475362426f0f8d223007dfe0346e7287f6f,150,0.4991840382528689,0.5003989008375354,0.0,1.8305813347869603e-05,0.0003987550962478251,0.09974418367705407,2,4743,0,2010-01-04,2022-12-30,0.23859291865567644,3.437235230525596,316,3272,0.7867208680710136,0,0.0,6.090733382873645,QQQ_GLD_MONTHLY_50_50,IS,MA150,True,NA,IS
0.15456346020331124,IS__MA150__NA__QQQ_HOLD,0.3512397800669056,IS__MA150__NA__CORE_QQQ_CASH,5,FAIL,NOT EVALUABLE,FAIL,TOTAL_RETURN_REAL,aa7ae84fb81e09408b217ab419d63cbd0c41e0324274013237c8ca7043c19ed7,150,0.0,0.7985742764762996,0.0,0.20076960373473823,0.0006561197889620819,0.1051243471563863,51,4743,0,2010-01-04,2022-12-30,0.23970943363898511,3.662119462457317,140,3272,0.7452253054813551,101,0.0,101.97386180760843,CORE_QQQ_CASH,IS,MA150,True,NA,IS
0.15456346020331124,IS__MA250__NA__QQQ_HOLD,0.3512397800669056,IS__MA250__NA__CORE_QQQ_GLD,5,FAIL,NOT EVALUABLE,FAIL,TOTAL_RETURN_REAL,1fb3e51fc0a2c6db764f17ae044db55d6073cbfeb9efdfd40cb598c53b65aa45,250,0.15644986083220513,0.8428532158430468,0.0,3.017952694663643e-05,0.0006667437978013783,0.10935974819284877,80,4743,0,2010-01-04,2022-12-30,0.3712006247382199,3.848623365573101,202,3272,0.6726454178132968,79,0.0,159.9355859501695,CORE_QQQ_GLD,IS,MA250,True,NA,IS
0.15456346020331124,IS__MA250__NA__QQQ_HOLD,0.3512397800669056,IS__MA250__NA__QQQ_HOLD,5,FAIL,NOT EVALUABLE,FAIL,TOTAL_RETURN_REAL,696a32dddf0a0057f364e39498bb3fb6eb3eb7ed8d067a20d01bc25ef80b752b,250,0.0,0.9991741407808995,0.0,3.62490127531635e-05,0.0007896102063473358,0.15456346020331124,1,4743,0,2010-01-04,2022-12-30,0.3512397800669056,6.4647387905149465,54,3272,0.7963162351925984,0,0.0,2.112827696706124,QQQ_HOLD,IS,MA250,True,NA,IS
0.15456346020331124,IS__MA250__NA__QQQ_HOLD,0.3512397800669056,IS__MA250__NA__GLD_HOLD,5,FAIL,NOT EVALUABLE,FAIL,TOTAL_RETURN_REAL,7656bcebb23bccf56fd19ef0f0be083a9cd766dffd5d9993c299801ffb9f9064,250,1.0,0.0,0.0,0.0,0.0,0.033972566423287276,1,4743,0,2010-01-04,2022-12-30,0.45555013814400136,1.5431655871208152,2,3272,0.2916914476060724,0,0.0,1.9995002498750625,GLD_HOLD,IS,MA250,True,NA,IS
0.15456346020331124,IS__MA250__NA__QQQ_HOLD,0.3512397800669056,IS__MA250__NA__SPY_HOLD,5,FAIL,NOT EVALUABLE,FAIL,TOTAL_RETURN_REAL,2b154b6e229765928e6052006489e1321f1a4bc91dbbeff0b514d0e92938b808,250,0.0,0.0,0.9977933210051637,7.263443189546396e-05,0.0021340445629408544,0.11951480071122256,1,4743,0,2010-01-04,2022-12-30,0.3368931873263582,4.33207780181727,53,3272,0.7308665878981685,0,0.02009572334370175,2.231945545920025,SPY_HOLD,IS,MA250,True,NA,IS
0.15456346020331124,IS__MA250__NA__QQQ_HOLD,0.3512397800669056,IS__MA250__NA__QQQ_GLD_MONTHLY_50_50,5,FAIL,NOT EVALUABLE,FAIL,TOTAL_RETURN_REAL,5d32b8af2dfb45e7a9a3c4d378cdc475362426f0f8d223007dfe0346e7287f6f,250,0.4991840382528689,0.5003989008375354,0.0,1.8305813347869603e-05,0.0003987550962478251,0.09974418367705407,2,4743,0,2010-01-04,2022-12-30,0.23859291865567644,3.437235230525596,316,3272,0.7867208680710136,0,0.0,6.090733382873645,QQQ_GLD_MONTHLY_50_50,IS,MA250,True,NA,IS
0.15456346020331124,IS__MA250__NA__QQQ_HOLD,0.3512397800669056,IS__MA250__NA__CORE_QQQ_CASH,5,FAIL,NOT EVALUABLE,FAIL,TOTAL_RETURN_REAL,789e6543b3e2c4232bfe1e9383c1c5021fb81b8aaf218d530bde1f458d5d7988,250,0.0,0.8428535271756007,0.0,0.1564804196148465,0.0006660532095528082,0.09672023642099781,40,4743,0,2010-01-04,2022-12-30,0.2682433157724089,3.3165038565990743,122,3272,0.6570499081359686,79,0.0,80.03673940444578,CORE_QQQ_CASH,IS,MA250,True,NA,IS
0.15465741095413077,IS__COST0__NA__QQQ_HOLD,0.3512377920211658,IS__COST0__NA__CORE_QQQ_GLD,0,FAIL,NOT EVALUABLE,PASS,TOTAL_RETURN_REAL,157ad9e104b385b82b6eabb1f30b76e50c9cdff6a813dfe90a13434269927bef,200,0.18119090493708148,0.8181279448077218,0.0,2.9677420602680465e-05,0.0006514728345941068,0.1347794858203195,86,4743,0,2010-01-04,2022-12-30,0.2935315660711775,5.1650502403268455,214,3272,0.8087363000557283,85,0.0,172.00086022439902,CORE_QQQ_GLD,IS,COST0,True,NA,IS
0.15465741095413077,IS__COST0__NA__QQQ_HOLD,0.3512377920211658,IS__COST0__NA__QQQ_HOLD,0,FAIL,NOT EVALUABLE,FAIL,TOTAL_RETURN_REAL,6560bdb4bf6af26842377f3ca8c03ed4d72121498840b202c4f5d094e4114d00,200,0.0,0.9991741407808995,0.0,3.6249012753163635e-05,0.0007896102063473358,0.15465741095413077,1,4743,0,2010-01-04,2022-12-30,0.3512377920211658,6.4715734526166075,54,3272,0.7967081594695109,0,0.0,2.1133853382110104,QQQ_HOLD,IS,COST0,True,NA,IS
0.15465741095413077,IS__COST0__NA__QQQ_HOLD,0.3512377920211658,IS__COST0__NA__GLD_HOLD,0,FAIL,NOT EVALUABLE,FAIL,TOTAL_RETURN_REAL,a854f9a0cc3a8841f3ae5d6445db0e5a0f48f477a69bf720c324f755354881c6,200,0.9999999999999999,0.0,0.0,9.051279750332438e-17,0.0,0.03405219225034983,1,4743,0,2010-01-04,2022-12-30,0.4555501381439919,1.5447095246767661,2,3272,0.2921818286881318,0,0.0,2.0,GLD_HOLD,IS,COST0,True,NA,IS
0.15465741095413077,IS__COST0__NA__QQQ_HOLD,0.3512377920211658,IS__COST0__NA__SPY_HOLD,0,FAIL,NOT EVALUABLE,FAIL,TOTAL_RETURN_REAL,3b085114a397a0d12468c24aaf249644ed81b97d488d8b2834aae832af889e90,200,0.0,0.0,0.9977933210051636,7.263443189551998e-05,0.0021340445629408544,0.11961103440466725,1,4743,0,2010-01-04,2022-12-30,0.336893187326358,4.336916060915679,53,3272,0.7313526663479276,0,0.020108154705755898,2.2325638369479868,SPY_HOLD,IS,COST0,True,NA,IS
0.15465741095413077,IS__COST0__NA__QQQ_HOLD,0.3512377920211658,IS__COST0__NA__QQQ_GLD_MONTHLY_50_50,0,FAIL,NOT EVALUABLE,FAIL,TOTAL_RETURN_REAL,b63125a733f03d90e1fbfe5862bbf509eba071a797c2ac60e41e1fcecfc58760,200,0.49918403983572135,0.5003989023950917,0.0,1.830566310380833e-05,0.0003987521060831798,0.10000214279226993,2,4743,0,2010-01-04,2022-12-30,0.23844798626527386,3.447719806476908,316,3272,0.7884861793171707,0,0.0,6.091235990777643,QQQ_GLD_MONTHLY_50_50,IS,COST0,True,NA,IS
0.15465741095413077,IS__COST0__NA__QQQ_HOLD,0.3512377920211658,IS__COST0__NA__CORE_QQQ_CASH,0,FAIL,NOT EVALUABLE,FAIL,TOTAL_RETURN_REAL,6203634ee7097fd81c17cfd0b5b6985917c52572b92fcbb5a712dbbf0657d9a7,200,0.0,0.8181269244469428,0.0,0.18122053085955955,0.0006525446934976883,0.10115849425629375,43,4743,0,2010-01-04,2022-12-30,0.23381963225316127,3.4950826804877666,126,3272,0.6960974318923511,85,0.0,86.03791813248924,CORE_QQQ_CASH,IS,COST0,True,NA,IS
0.1544695222967445,IS__COST10__NA__QQQ_HOLD,0.35124176612206015,IS__COST10__NA__CORE_QQQ_GLD,10,FAIL,NOT EVALUABLE,FAIL,TOTAL_RETURN_REAL,a4f9585d93a1c74c410887099191d36979b85ffe368c1ce10f4c5def1740881f,200,0.1811907731459449,0.8181276642738231,0.0,2.970394116355775e-05,0.0006518586390685025,0.11984790723853744,86,4743,0,2010-01-04,2022-12-30,0.2977576870421855,4.348846368597606,214,3272,0.7326211390710348,85,0.0,171.82987006551642,CORE_QQQ_GLD,IS,COST10,True,NA,IS
0.1544695222967445,IS__COST10__NA__QQQ_HOLD,0.35124176612206015,IS__COST10__NA__QQQ_HOLD,10,FAIL,NOT EVALUABLE,FAIL,TOTAL_RETURN_REAL,78bea4d025b087f9cf2fa26c9208a3f6d24770599373107665708fc004b2c1ae,200,0.0,0.9991741407808995,0.0,3.624901275315779e-05,0.0007896102063473358,0.1544695222967445,1,4743,0,2010-01-04,2022-12-30,0.35124176612206015,6.4579117242523,54,3272,0.7959238081549982,0,0.0,2.1122706122856587,QQQ_HOLD,IS,COST10,True,NA,IS
0.1544695222967445,IS__COST10__NA__QQQ_HOLD,0.35124176612206015,IS__COST10__NA__GLD_HOLD,10,FAIL,NOT EVALUABLE,FAIL,TOTAL_RETURN_REAL,441b21b0ff9bfc2dc872b96d9d18b70ddf2c6e5f7b443b0b5d830fb3ec9408da,200,1.0000000000000002,0.0,0.0,-1.8120662060165542e-16,0.0,0.03389294668790099,1,4743,0,2010-01-04,2022-12-30,0.45555013814399903,1.5416231919600796,2,3272,0.29120084908198207,0,0.0,1.9990009990009994,GLD_HOLD,IS,COST10,True,NA,IS
0.1544695222967445,IS__COST10__NA__QQQ_HOLD,0.35124176612206015,IS__COST10__NA__SPY_HOLD,10,FAIL,NOT EVALUABLE,FAIL,TOTAL_RETURN_REAL,20daf85b117b0437c6f210a07833c48289d7a234bc117fec2cc7f98c95eaaf3d,200,0.0,0.0,0.9977933210051637,7.263443189546371e-05,0.0021340445629408544,0.1194185856299439,1,4743,0,2010-01-04,2022-12-30,0.336893187326358,4.3272454593590055,53,3272,0.7303798578895234,0,0.020083307055488733,2.231327872565417,SPY_HOLD,IS,COST10,True,NA,IS
0.1544695222967445,IS__COST10__NA__QQQ_HOLD,0.35124176612206015,IS__COST10__NA__QQQ_GLD_MONTHLY_50_50,10,FAIL,NOT EVALUABLE,FAIL,TOTAL_RETURN_REAL,409eeb38aed453ad984c68f2101b6e018ad588dece07202ced9045a6e885c377,200,0.4991840366699849,0.5003988992798987,0.0,1.83059635973665e-05,0.0003987580865190277,0.09948628173801799,2,4743,0,2010-01-04,2022-12-30,0.23873782676889954,3.426782404092141,316,3272,0.7849539075902568,0,0.0,6.090231277066137,QQQ_GLD_MONTHLY_50_50,IS,COST10,True,NA,IS
0.1544695222967445,IS__COST10__NA__QQQ_HOLD,0.35124176612206015,IS__COST10__NA__CORE_QQQ_CASH,10,FAIL,NOT EVALUABLE,FAIL,TOTAL_RETURN_REAL,fd1f4101f1a3bee09b9be5bd26737ac63dbf5a53eb36a10342b1bd177d441936,200,0.0,0.8181267799074146,0.0,0.18122047801762473,0.0006527420749606781,0.09388678002703132,43,4743,0,2010-01-04,2022-12-30,0.24521903470627282,3.2069417621910747,126,3272,0.653214020671904,85,0.0,85.99486284423074,CORE_QQQ_CASH,IS,COST10,True,NA,IS
0.15418778510414333,IS__COST25__NA__QQQ_HOLD,0.3512477123738672,IS__COST25__NA__CORE_QQQ_GLD,25,FAIL,NOT EVALUABLE,FAIL,TOTAL_RETURN_REAL,faf041bfbf85d09859ddec94cf15b75bafd1ff6d0f3607a11103c0b8a2cc2b63,200,0.1811905744204015,0.8181272387592764,0.0,2.974409381538477e-05,0.0006524427265067447,0.09781815686929463,86,4743,0,2010-01-04,2022-12-30,0.3040495325325737,3.3598783711100295,214,3272,0.6181101197948271,85,0.0,171.57402288051995,CORE_QQQ_GLD,IS,COST25,True,NA,IS
0.15418778510414333,IS__COST25__NA__QQQ_HOLD,0.3512477123738672,IS__COST25__NA__QQQ_HOLD,25,FAIL,NOT EVALUABLE,FAIL,TOTAL_RETURN_REAL,d16617d37aba3b751de4ac9c1faef6c1aa39b851baa76709a11410793931bb60,200,0.0,0.9991741407808995,0.0,3.624901275316349e-05,0.0007896102063473358,0.15418778510414333,1,4743,0,2010-01-04,2022-12-30,0.3512477123738672,6.437475974726838,54,3272,0.7947435285665361,0,0.0,2.1106026931953568,QQQ_HOLD,IS,COST25,True,NA,IS
0.15418778510414333,IS__COST25__NA__QQQ_HOLD,0.3512477123738672,IS__COST25__NA__GLD_HOLD,25,FAIL,NOT EVALUABLE,FAIL,TOTAL_RETURN_REAL,5c19bc8daa17a761a823fdecf89544da7facc755a05df6ac9c114f50eb2f952d,200,1.0,0.0,0.0,0.0,0.0,0.03365412362915987,1,4743,0,2010-01-04,2022-12-30,0.4555501381439997,1.5370052377705954,2,3272,0.2897277749789521,0,0.0,1.9975062344139651,GLD_HOLD,IS,COST25,True,NA,IS
0.15418778510414333,IS__COST25__NA__QQQ_HOLD,0.3512477123738672,IS__COST25__NA__SPY_HOLD,25,FAIL,NOT EVALUABLE,FAIL,TOTAL_RETURN_REAL,acc9f095963282a1f5c7cc69651eb4c44f1a69de2515026f04c48fe15ec4fbca,200,0.0,0.0,0.9977933210051637,7.263443189546383e-05,0.0021340445629408544,0.1191300514454412,1,4743,0,2010-01-04,2022-12-30,0.3368931873263582,4.3127838252729624,53,3272,0.7289157865163554,0,0.020046148364256517,2.2294785492997264,SPY_HOLD,IS,COST25,True,NA,IS
0.15418778510414333,IS__COST25__NA__QQQ_HOLD,0.3512477123738672,IS__COST25__NA__QQQ_GLD_MONTHLY_50_50,25,FAIL,NOT EVALUABLE,FAIL,TOTAL_RETURN_REAL,90afc00e5b6285c2234fea86ccf45d2cbb69c944757af89e4d60d808daf0d4ad,200,0.49918403192114397,0.5003988946065067,0.0,1.8306414377345256e-05,0.0003987670579720491,0.09871291843178742,2,4743,0,2010-01-04,2022-12-30,0.23917240548078444,3.395613448828117,316,3272,0.77964327707717,0,0.0,6.088727964709887,QQQ_GLD_MONTHLY_50_50,IS,COST25,True,NA,IS
0.15418778510414333,IS__COST25__NA__QQQ_HOLD,0.3512477123738672,IS__COST25__NA__CORE_QQQ_CASH,25,FAIL,NOT EVALUABLE,FAIL,TOTAL_RETURN_REAL,2eaec8a1519e25e0288eae4ee7063a6d788a5a70bf66e6e1021f1b05f4d84d69,200,0.0,0.8181265618809072,0.0,0.1812203985088426,0.0006530396102502913,0.08306916078103455,43,4743,0,2010-01-04,2022-12-30,0.26227976704282474,2.818652729392223,126,3272,0.5888147032665301,85,0.0,85.93044074839096,CORE_QQQ_CASH,IS,COST25,True,NA,IS
0.14408552473815206,IS__PRICE_ONLY__NA__QQQ_HOLD,0.35617218247976457,IS__PRICE_ONLY__NA__CORE_QQQ_GLD,5,FAIL,NOT EVALUABLE,FAIL,PRICE_ONLY_REAL,cf817e1826926269b18c9608edb8301143db39167632d60eb8e141cee6c13158,200,0.1812347188264059,0.8187652811735943,0.0,-1.1109996776268733e-16,0.0,0.11890517293251568,86,4743,0,2010-01-04,2022-12-30,0.2956477956178246,4.301543626476235,172,3272,0.727453709336342,85,0,171.9145427286357,CORE_QQQ_GLD,IS,PRICE_ONLY,False,NA,IS
0.14408552473815206,IS__PRICE_ONLY__NA__QQQ_HOLD,0.35617218247976457,IS__PRICE_ONLY__NA__QQQ_HOLD,5,FAIL,NOT EVALUABLE,FAIL,PRICE_ONLY_REAL,8eab2d1f56067f4da56f214f2fe9bab0cb89fabadb85a37f9799a2549d8bb12a,200,0.0,1.0,0.0,0.0,0.0,0.14408552473815206,1,4743,0,2010-01-04,2022-12-30,0.35617218247976457,5.7429588314650095,2,3272,0.7516505058717896,0,0,1.9995002498750625,QQQ_HOLD,IS,PRICE_ONLY,False,NA,IS
0.14408552473815206,IS__PRICE_ONLY__NA__QQQ_HOLD,0.35617218247976457,IS__PRICE_ONLY__NA__GLD_HOLD,5,FAIL,NOT EVALUABLE,FAIL,PRICE_ONLY_REAL,f72a416c02f6f4aa26e22f60c987d37aa47a0e1215b813157ed859ad47be2514,200,1.0,0.0,0.0,0.0,0.0,0.033972566423287276,1,4743,0,2010-01-04,2022-12-30,0.45555013814400136,1.5431655871208152,2,3272,0.2916914476060724,0,0,1.9995002498750625,GLD_HOLD,IS,PRICE_ONLY,False,NA,IS
0.14408552473815206,IS__PRICE_ONLY__NA__QQQ_HOLD,0.35617218247976457,IS__PRICE_ONLY__NA__SPY_HOLD,5,FAIL,NOT EVALUABLE,FAIL,PRICE_ONLY_REAL,8522d2236da03384e876672cb5ca958ace9b11a68cde8a0a9e051a5fe7aef4b3,200,0.0,0.0,1.0,0.0,0.0,0.0988198849287032,1,4743,0,2010-01-04,2022-12-30,0.34104746704498456,3.399908882436989,2,3272,0.6222172095469337,0,0,1.9995002498750625,SPY_HOLD,IS,PRICE_ONLY,False,NA,IS
0.14408552473815206,IS__PRICE_ONLY__NA__QQQ_HOLD,0.35617218247976457,IS__PRICE_ONLY__NA__QQQ_GLD_MONTHLY_50_50,5,FAIL,NOT EVALUABLE,FAIL,PRICE_ONLY_REAL,d0c3f2f3b6f35114fc7ad129f9b9c29e7ee3ef87a1870259ceb6dcf62d6c57fe,200,0.49939149449451153,0.5006085055054885,0.0,-9.336631468730329e-17,0.0,0.09468851116797761,2,4743,0,2010-01-04,2022-12-30,0.24091120384105158,3.2375986293799,314,3272,0.7515388983312741,0,0,6.090756505221339,QQQ_GLD_MONTHLY_50_50,IS,PRICE_ONLY,False,NA,IS
0.14408552473815206,IS__PRICE_ONLY__NA__QQQ_HOLD,0.35617218247976457,IS__PRICE_ONLY__NA__CORE_QQQ_CASH,5,FAIL,NOT EVALUABLE,FAIL,PRICE_ONLY_REAL,947e8ad37f102537d85dddc50de13e8cce3bd1def575a94305156cf4ff75d55a,200,0.0,0.8187652811735943,0.0,0.1812347188264058,0.0,0.08933023449026223,43,4743,0,2010-01-04,2022-12-30,0.24575207480775507,3.0377360678108554,86,3272,0.6259387664758225,85,0,85.9785107446277,CORE_QQQ_CASH,IS,PRICE_ONLY,False,NA,IS
0.3891988995214437,OOS-search__PRIMARY__NA__QQQ_HOLD,0.13549165323119627,OOS-search__PRIMARY__NA__CORE_QQQ_GLD,5,PASS,NOT EVALUABLE,FAIL,TOTAL_RETURN_REAL,99c0fc085763647e76cafa975f6b2d69b1488e2dbb912109d6f91a28d32d7eed,200,0.037848605577689244,0.96157902272488,0.0,2.4414387646696474e-05,0.0005479573097839946,0.3385582345548659,6,728,0,2023-01-03,2024-12-31,0.13549165323119605,1.788187020940012,20,502,1.7498704837643528,5,0.0,12.004038938750842,CORE_QQQ_GLD,OOS-search,PRIMARY,True,NA,OOS-search
0.3891988995214437,OOS-search__PRIMARY__NA__QQQ_HOLD,0.13549165323119627,OOS-search__PRIMARY__NA__QQQ_HOLD,5,PASS,NOT EVALUABLE,FAIL,TOTAL_RETURN_REAL,b99b5700f2b6056a909f47ee8ffed480b36bc70d2b4a58e2603483f1eedef9d9,200,0.0,0.9994276283025693,0.0,2.4414387646711196e-05,0.0005479573097839946,0.3891988995214437,1,728,0,2023-01-03,2024-12-31,0.13549165323119627,1.9255621252119117,10,502,1.9224862147432165,0,0.0,2.0090364400002163,QQQ_HOLD,OOS-search,PRIMARY,True,NA,OOS-search
0.3891988995214437,OOS-search__PRIMARY__NA__QQQ_HOLD,0.13549165323119627,OOS-search__PRIMARY__NA__GLD_HOLD,5,FAIL,NOT EVALUABLE,FAIL,TOTAL_RETURN_REAL,14855cbfc6a30af4429556b09facbe06c0c4f40a842ac6608b13156e1f8a4478,200,1.0,0.0,0.0,0.0,0.0,0.18893688284143573,1,728,0,2023-01-03,2024-12-31,0.11347406007141314,1.4119074889359027,2,502,1.2899024430843387,0,0.0,1.9995002498750625,GLD_HOLD,OOS-search,PRIMARY,True,NA,OOS-search
0.3891988995214437,OOS-search__PRIMARY__NA__QQQ_HOLD,0.13549165323119627,OOS-search__PRIMARY__NA__SPY_HOLD,5,FAIL,NOT EVALUABLE,FAIL,TOTAL_RETURN_REAL,cbdac545770b67b03339e9635f0c4fc0af30da22c44a66e7362b45c0f79c6a75,200,0.0,0.0,0.9984697071881118,4.838317392951498e-05,0.0014819096379587152,0.2523365770588859,1,728,0,2023-01-03,2024-12-31,0.0994400718561198,1.5659477450242132,9,502,1.8219760052650205,0,0.005236805315915157,2.0204060417369543,SPY_HOLD,OOS-search,PRIMARY,True,NA,OOS-search
0.3891988995214437,OOS-search__PRIMARY__NA__QQQ_HOLD,0.13549165323119627,OOS-search__PRIMARY__NA__QQQ_GLD_MONTHLY_50_50,5,FAIL,NOT EVALUABLE,FAIL,TOTAL_RETURN_REAL,c27c019ce5b563ee5b7c55c782426d9b21ab8a68cc76341d1a561f4b2cbf1dcd,200,0.4976566548464852,0.5020580240785386,0.0,1.211424920496132e-05,0.00027320682577120815,0.29095368487061357,2,728,0,2023-01-03,2024-12-31,0.07926028612148839,1.6636682185435228,52,502,2.171660875163909,0,0.0,2.551997441577266,QQQ_GLD_MONTHLY_50_50,OOS-search,PRIMARY,True,NA,OOS-search
0.3891988995214437,OOS-search__PRIMARY__NA__QQQ_HOLD,0.13549165323119627,OOS-search__PRIMARY__NA__CORE_QQQ_CASH,5,PASS,NOT EVALUABLE,FAIL,TOTAL_RETURN_REAL,f07224c5fd52126e2771d7b09ca02ecfe63fa5c4861237af39b980e699d85d94,200,0.0,0.96157902272488,0.0,0.03787301996533595,0.0005479573097839946,0.3044514364787383,3,728,0,2023-01-03,2024-12-31,0.13549165323119616,1.6985193308027138,14,502,1.616020613387088,5,0.0,6.008036939750341,CORE_QQQ_CASH,OOS-search,PRIMARY,True,NA,OOS-search
0.3891988995214437,OOS-search__MA150__NA__QQQ_HOLD,0.13549165323119627,OOS-search__MA150__NA__CORE_QQQ_GLD,5,PASS,NOT EVALUABLE,FAIL,TOTAL_RETURN_REAL,d04ea7c38c1240a969fc63658a55a5c7b80471bbb1da7f6101a4fc66882ef62b,150,0.04779664296148123,0.95163113386627,0.0,2.4421200094919873e-05,0.0005478019721538967,0.3369168125361097,10,728,0,2023-01-03,2024-12-31,0.13519416468889622,1.78381903283626,28,502,1.7578292446982262,9,0.0,19.99698775393381,CORE_QQQ_GLD,OOS-search,MA150,True,NA,OOS-search
0.3891988995214437,OOS-search__MA150__NA__QQQ_HOLD,0.13549165323119627,OOS-search__MA150__NA__QQQ_HOLD,5,PASS,NOT EVALUABLE,FAIL,TOTAL_RETURN_REAL,b99b5700f2b6056a909f47ee8ffed480b36bc70d2b4a58e2603483f1eedef9d9,150,0.0,0.9994276283025693,0.0,2.4414387646711196e-05,0.0005479573097839946,0.3891988995214437,1,728,0,2023-01-03,2024-12-31,0.13549165323119627,1.9255621252119117,10,502,1.9224862147432165,0,0.0,2.0090364400002163,QQQ_HOLD,OOS-search,MA150,True,NA,OOS-search
0.3891988995214437,OOS-search__MA150__NA__QQQ_HOLD,0.13549165323119627,OOS-search__MA150__NA__GLD_HOLD,5,FAIL,NOT EVALUABLE,FAIL,TOTAL_RETURN_REAL,14855cbfc6a30af4429556b09facbe06c0c4f40a842ac6608b13156e1f8a4478,150,1.0,0.0,0.0,0.0,0.0,0.18893688284143573,1,728,0,2023-01-03,2024-12-31,0.11347406007141314,1.4119074889359027,2,502,1.2899024430843387,0,0.0,1.9995002498750625,GLD_HOLD,OOS-search,MA150,True,NA,OOS-search
0.3891988995214437,OOS-search__MA150__NA__QQQ_HOLD,0.13549165323119627,OOS-search__MA150__NA__SPY_HOLD,5,FAIL,NOT EVALUABLE,FAIL,TOTAL_RETURN_REAL,cbdac545770b67b03339e9635f0c4fc0af30da22c44a66e7362b45c0f79c6a75,150,0.0,0.0,0.9984697071881118,4.838317392951498e-05,0.0014819096379587152,0.2523365770588859,1,728,0,2023-01-03,2024-12-31,0.0994400718561198,1.5659477450242132,9,502,1.8219760052650205,0,0.005236805315915157,2.0204060417369543,SPY_HOLD,OOS-search,MA150,True,NA,OOS-search
0.3891988995214437,OOS-search__MA150__NA__QQQ_HOLD,0.13549165323119627,OOS-search__MA150__NA__QQQ_GLD_MONTHLY_50_50,5,FAIL,NOT EVALUABLE,FAIL,TOTAL_RETURN_REAL,c27c019ce5b563ee5b7c55c782426d9b21ab8a68cc76341d1a561f4b2cbf1dcd,150,0.4976566548464852,0.5020580240785386,0.0,1.211424920496132e-05,0.00027320682577120815,0.29095368487061357,2,728,0,2023-01-03,2024-12-31,0.07926028612148839,1.6636682185435228,52,502,2.171660875163909,0,0.0,2.551997441577266,QQQ_GLD_MONTHLY_50_50,OOS-search,MA150,True,NA,OOS-search
0.3891988995214437,OOS-search__MA150__NA__QQQ_HOLD,0.13549165323119627,OOS-search__MA150__NA__CORE_QQQ_CASH,5,FAIL,NOT EVALUABLE,FAIL,TOTAL_RETURN_REAL,a0feea12ed1a28f96b07a14b6cdfd47a5e88c17f21185e342353c01e81c569a1,150,0.0,0.95163113386627,0.0,0.04782098556620923,0.0005478805675208015,0.2967373607562871,5,728,0,2023-01-03,2024-12-31,0.13429859711402803,1.6785575511114021,17,502,1.6002185606718977,9,0.0,10.003986203971623,CORE_QQQ_CASH,OOS-search,MA150,True,NA,OOS-search
0.3891988995214437,OOS-search__MA250__NA__QQQ_HOLD,0.13549165323119627,OOS-search__MA250__NA__CORE_QQQ_GLD,5,PASS,NOT EVALUABLE,FAIL,TOTAL_RETURN_REAL,d63d0cc57a23a51bbeafd1f2d18b1ec40c968df67a1e26c2c8e9f7c59b055896,250,0.07569721115537849,0.9237304171471908,0.0,2.4414387646693635e-05,0.0005479573097839946,0.3293629283578292,8,728,0,2023-01-03,2024-12-31,0.13549165323119583,1.763786009792004,24,502,1.7297842805930166,7,0.0,16.00203993825109,CORE_QQQ_GLD,OOS-search,MA250,True,NA,OOS-search
0.3891988995214437,OOS-search__MA250__NA__QQQ_HOLD,0.13549165323119627,OOS-search__MA250__NA__QQQ_HOLD,5,PASS,NOT EVALUABLE,FAIL,TOTAL_RETURN_REAL,b99b5700f2b6056a909f47ee8ffed480b36bc70d2b4a58e2603483f1eedef9d9,250,0.0,0.9994276283025693,0.0,2.4414387646711196e-05,0.0005479573097839946,0.3891988995214437,1,728,0,2023-01-03,2024-12-31,0.13549165323119627,1.9255621252119117,10,502,1.9224862147432165,0,0.0,2.0090364400002163,QQQ_HOLD,OOS-search,MA250,True,NA,OOS-search
0.3891988995214437,OOS-search__MA250__NA__QQQ_HOLD,0.13549165323119627,OOS-search__MA250__NA__GLD_HOLD,5,FAIL,NOT EVALUABLE,FAIL,TOTAL_RETURN_REAL,14855cbfc6a30af4429556b09facbe06c0c4f40a842ac6608b13156e1f8a4478,250,1.0,0.0,0.0,0.0,0.0,0.18893688284143573,1,728,0,2023-01-03,2024-12-31,0.11347406007141314,1.4119074889359027,2,502,1.2899024430843387,0,0.0,1.9995002498750625,GLD_HOLD,OOS-search,MA250,True,NA,OOS-search
0.3891988995214437,OOS-search__MA250__NA__QQQ_HOLD,0.13549165323119627,OOS-search__MA250__NA__SPY_HOLD,5,FAIL,NOT EVALUABLE,FAIL,TOTAL_RETURN_REAL,cbdac545770b67b03339e9635f0c4fc0af30da22c44a66e7362b45c0f79c6a75,250,0.0,0.0,0.9984697071881118,4.838317392951498e-05,0.0014819096379587152,0.2523365770588859,1,728,0,2023-01-03,2024-12-31,0.0994400718561198,1.5659477450242132,9,502,1.8219760052650205,0,0.005236805315915157,2.0204060417369543,SPY_HOLD,OOS-search,MA250,True,NA,OOS-search
0.3891988995214437,OOS-search__MA250__NA__QQQ_HOLD,0.13549165323119627,OOS-search__MA250__NA__QQQ_GLD_MONTHLY_50_50,5,FAIL,NOT EVALUABLE,FAIL,TOTAL_RETURN_REAL,c27c019ce5b563ee5b7c55c782426d9b21ab8a68cc76341d1a561f4b2cbf1dcd,250,0.4976566548464852,0.5020580240785386,0.0,1.211424920496132e-05,0.00027320682577120815,0.29095368487061357,2,728,0,2023-01-03,2024-12-31,0.07926028612148839,1.6636682185435228,52,502,2.171660875163909,0,0.0,2.551997441577266,QQQ_GLD_MONTHLY_50_50,OOS-search,MA250,True,NA,OOS-search
0.3891988995214437,OOS-search__MA250__NA__QQQ_HOLD,0.13549165323119627,OOS-search__MA250__NA__CORE_QQQ_CASH,5,FAIL,NOT EVALUABLE,FAIL,TOTAL_RETURN_REAL,3b131d0af9ff3df6c872c89e60cf480b60b8f9b1d35546824b620ef32331ec97,250,0.0,0.9237304171471908,0.0,0.0757216255430252,0.0005479573097839946,0.27793965759726236,4,728,0,2023-01-03,2024-12-31,0.1354916532311966,1.6304069982501834,16,502,1.5469463920063917,7,0.0,8.007537189625404,CORE_QQQ_CASH,OOS-search,MA250,True,NA,OOS-search
0.3898993694970454,OOS-search__COST0__NA__QQQ_HOLD,0.13549095697225444,OOS-search__COST0__NA__CORE_QQQ_GLD,0,FAIL,NOT EVALUABLE,FAIL,TOTAL_RETURN_REAL,bfa3951f2ecb94a3d4acdd0d84f1c9813f3e3b6b2d50781b0fd551b8bd0ffbb8,200,0.037848605577689244,0.9615790227343769,0.0,2.441438764685336e-05,0.0005479573002870065,0.3425968992067563,6,728,0,2023-01-03,2024-12-31,0.13549095697225488,1.7989569726569883,20,502,1.7661576150550335,5,0.0,12.00954177269146,CORE_QQQ_GLD,OOS-search,COST0,True,NA,OOS-search
0.3898993694970454,OOS-search__COST0__NA__QQQ_HOLD,0.13549095697225444,OOS-search__COST0__NA__QQQ_HOLD,0,PASS,NOT EVALUABLE,FAIL,TOTAL_RETURN_REAL,f9f7054bfc2ba3f463c70656f0185165f55c67c7594ddf915c5cd2ff93ee3088,200,0.0,0.9994276283120663,0.0,2.4414387646711243e-05,0.0005479573002870066,0.3898993694970454,1,728,0,2023-01-03,2024-12-31,0.13549095697225444,1.9274978402958318,10,502,1.925665226764828,0,0.0,2.0095417726914615,QQQ_HOLD,OOS-search,COST0,True,NA,OOS-search
0.3898993694970454,OOS-search__COST0__NA__QQQ_HOLD,0.13549095697225444,OOS-search__COST0__NA__GLD_HOLD,0,FAIL,NOT EVALUABLE,FAIL,TOTAL_RETURN_REAL,1ccaf04d67660035711e19343a51e32e9e88f565ab54ad7f3649aad1ae761486,200,1.0,0.0,0.0,0.0,0.0,0.18953353018621444,1,728,0,2023-01-03,2024-12-31,0.11347406007141314,1.4133201027317306,2,502,1.293397460460574,0,0.0,2.0,GLD_HOLD,OOS-search,COST0,True,NA,OOS-search
0.3898993694970454,OOS-search__COST0__NA__QQQ_HOLD,0.13549095697225444,OOS-search__COST0__NA__SPY_HOLD,0,FAIL,NOT EVALUABLE,FAIL,TOTAL_RETURN_REAL,a3cc42702d6ca0dd2fcdf2fc6f7f42927c146af543cc284faf5bd677ceb53636,200,0.0,0.0,0.9984697071881117,4.8383173929603766e-05,0.0014819096379587152,0.25297161084916686,1,728,0,2023-01-03,2024-12-31,0.09943846158531378,1.567530859994379,9,502,1.8263304976076964,0,0.005239487242577056,2.0209179160127166,SPY_HOLD,OOS-search,COST0,True,NA,OOS-search
0.3898993694970454,OOS-search__COST0__NA__QQQ_HOLD,0.13549095697225444,OOS-search__COST0__NA__QQQ_GLD_MONTHLY_50_50,0,FAIL,NOT EVALUABLE,FAIL,TOTAL_RETURN_REAL,5757c15035c1c94c13aef2aa7c2777e0d33e75c1ccbd9b1f19dc36a0548d894e,200,0.4976566558809822,0.5020580250600555,0.0,1.2114156563777088e-05,0.0002732049023985954,0.29178055216782806,2,728,0,2023-01-03,2024-12-31,0.07924432983944685,1.6657928326634082,52,502,2.177334817763285,0,0.0,2.5524973246975593,QQQ_GLD_MONTHLY_50_50,OOS-search,COST0,True,NA,OOS-search
0.3898993694970454,OOS-search__COST0__NA__QQQ_HOLD,0.13549095697225444,OOS-search__COST0__NA__CORE_QQQ_CASH,0,PASS,NOT EVALUABLE,FAIL,TOTAL_RETURN_REAL,45e2f00faf39e97a8fa3ccf7ac4a971a70dc6ace63154966b9345c66a7ccfa14,200,0.0,0.961579022734377,0.0,0.03787301996533595,0.0005479573002870066,0.30641939605473767,3,728,0,2023-01-03,2024-12-31,0.13549095697225433,1.7036306625756799,14,502,1.6243961168165328,5,0.0,6.0095417726914615,CORE_QQQ_CASH,OOS-search,COST0,True,NA,OOS-search
0.38849878666485127,OOS-search__COST10__NA__QQQ_HOLD,0.13549234879457417,OOS-search__COST10__NA__CORE_QQQ_GLD,10,FAIL,NOT EVALUABLE,FAIL,TOTAL_RETURN_REAL,2493fb0cc77b73579988995bf83e5dbb38c214c3e7a3c89b714c83b669c28dd4,200,0.03784860557768925,0.9615790227153924,0.0,2.4414387646845142e-05,0.000547957319271514,0.33453172087551475,6,728,0,2023-01-03,2024-12-31,0.1354923487945746,1.7774815525299696,20,502,1.7334244824034253,5,0.0,11.998541602146304,CORE_QQQ_GLD,OOS-search,COST10,True,NA,OOS-search
0.38849878666485127,OOS-search__COST10__NA__QQQ_HOLD,0.13549234879457417,OOS-search__COST10__NA__QQQ_HOLD,10,PASS,NOT EVALUABLE,FAIL,TOTAL_RETURN_REAL,e8234d7d135d9940448cf25f57ef0ab45863d8a9e02a98941d8be85e23339419,200,0.0,0.9994276282930818,0.0,2.441438764667898e-05,0.0005479573192715141,0.38849878666485127,1,728,0,2023-01-03,2024-12-31,0.13549234879457417,1.923628365422385,10,502,1.9192957589292148,0,0.0,2.008531612136313,QQQ_HOLD,OOS-search,COST10,True,NA,OOS-search
0.38849878666485127,OOS-search__COST10__NA__QQQ_HOLD,0.13549234879457417,OOS-search__COST10__NA__GLD_HOLD,10,FAIL,NOT EVALUABLE,FAIL,TOTAL_RETURN_REAL,3e0882021af20eb9f6bc2ed22ee3e86831fbdad123347adc52265db4a4be4875,200,1.0000000000000002,0.0,0.0,-1.9240754382541533e-16,0.0,0.1883405344654867,1,728,0,2023-01-03,2024-12-31,0.11347406007141325,1.4104962863426531,2,502,1.2863929703167039,0,0.0,1.9990009990009994,GLD_HOLD,OOS-search,COST10,True,NA,OOS-search
0.38849878666485127,OOS-search__COST10__NA__QQQ_HOLD,0.13549234879457417,OOS-search__COST10__NA__SPY_HOLD,10,FAIL,NOT EVALUABLE,FAIL,TOTAL_RETURN_REAL,2b63b059db979f7ec65595599270c2c7d34493e409002d62d3f51643cccc6f76,200,0.0,0.0,0.9984697071881118,4.838317392948075e-05,0.0014819096379587152,0.25170187344610406,1,728,0,2023-01-03,2024-12-31,0.09944168051826208,1.56436624965451,9,502,1.8175986499238306,0,0.005234126132555439,2.019894678824105,SPY_HOLD,OOS-search,COST10,True,NA,OOS-search
0.38849878666485127,OOS-search__COST10__NA__QQQ_HOLD,0.13549234879457417,OOS-search__COST10__NA__QQQ_GLD_MONTHLY_50_50,10,FAIL,NOT EVALUABLE,FAIL,TOTAL_RETURN_REAL,aac9e2f55ff8123f2ae3a03e1f610ee91153cfacf16810970e24a50a1436f44c,200,0.4976566538119685,0.5020580230969743,0.0,1.2114341849504097e-05,0.0002732087492076741,0.2901273438869889,2,728,0,2023-01-03,2024-12-31,0.07927624240316389,1.6615463066287566,52,502,2.1659546998524366,0,0.0,2.551498057839589,QQQ_GLD_MONTHLY_50_50,OOS-search,COST10,True,NA,OOS-search
0.38849878666485127,OOS-search__COST10__NA__QQQ_HOLD,0.13549234879457417,OOS-search__COST10__NA__CORE_QQQ_CASH,10,FAIL,NOT EVALUABLE,FAIL,TOTAL_RETURN_REAL,c8cc7a519e13e6a3e25e5392e69fd1bac0b529339e7dd8b80fbbccec55d7498c,200,0.0,0.9615790227153925,0.0,0.03787301996533595,0.0005479573192715141,0.302486444585333,3,728,0,2023-01-03,2024-12-31,0.13549234879457428,1.693423342622622,14,502,1.6076055589172904,5,0.0,6.0065336101383116,CORE_QQQ_CASH,OOS-search,COST10,True,NA,OOS-search
0.3864005854411694,OOS-search__COST25__NA__QQQ_HOLD,0.13549443132173633,OOS-search__COST25__NA__CORE_QQQ_GLD,25,PASS,NOT EVALUABLE,FAIL,TOTAL_RETURN_REAL,c629995825e5ebac8167f18639cf0d52bd6d2a021864391f9d88c562ff203a45,200,0.037848605577689244,0.9615790226869867,0.0,2.4414387646684477e-05,0.0005479573476774018,0.32252470062000516,6,728,0,2023-01-03,2024-12-31,0.13549443132173633,1.745748145000118,20,502,1.6831781458174704,5,0.0,11.982082494094788,CORE_QQQ_GLD,OOS-search,COST25,True,NA,OOS-search
0.3864005854411694,OOS-search__COST25__NA__QQQ_HOLD,0.13549443132173633,OOS-search__COST25__NA__QQQ_HOLD,25,PASS,NOT EVALUABLE,FAIL,TOTAL_RETURN_REAL,720a19706a619be6e31d3e1a241530231edb905e4eb2c104c07e3aa2c65d44eb,200,0.0,0.9994276282646759,0.0,2.4414387646711162e-05,0.0005479573476774018,0.3864005854411694,1,728,0,2023-01-03,2024-12-31,0.13549443132173633,1.9178387882408703,10,502,1.9096567947442664,0,0.0,2.0070201499551366,QQQ_HOLD,OOS-search,COST25,True,NA,OOS-search
0.3864005854411694,OOS-search__COST25__NA__QQQ_HOLD,0.13549443132173633,OOS-search__COST25__NA__GLD_HOLD,25,FAIL,NOT EVALUABLE,FAIL,TOTAL_RETURN_REAL,a35d3a2db9a73d03c0baaf5680d88787e63f3c269d00f8f37197efd55ef2c6d0,200,1.0,0.0,0.0,0.0,0.0,0.1865532786779296,1,728,0,2023-01-03,2024-12-31,0.11347406007141325,1.4062711246632387,2,502,1.2757793232899646,0,0.0,1.9975062344139651,GLD_HOLD,OOS-search,COST25,True,NA,OOS-search
0.3864005854411694,OOS-search__COST25__NA__QQQ_HOLD,0.13549443132173633,OOS-search__COST25__NA__SPY_HOLD,25,FAIL,NOT EVALUABLE,FAIL,TOTAL_RETURN_REAL,1a1d97fb0d14f09537e121a29cdbcbe69c75ced65607a6571f2aa20aaaf0cba5,200,0.0,0.0,0.9984697071881118,4.8383173929480675e-05,0.0014819096379587154,0.2497997386826496,1,728,0,2023-01-03,2024-12-31,0.0994464968767873,1.5596314563400109,9,502,1.8043320933761315,0,0.0052261050002755886,2.0183636506117173,SPY_HOLD,OOS-search,COST25,True,NA,OOS-search
0.3864005854411694,OOS-search__COST25__NA__QQQ_HOLD,0.13549443132173633,OOS-search__COST25__NA__QQQ_GLD_MONTHLY_50_50,25,FAIL,NOT EVALUABLE,FAIL,TOTAL_RETURN_REAL,bdc227a3b213268c7f51dc5aa8c4972852e4ff0894ab61024a17e0fc954b0803,200,0.497656650708301,0.5020580201519969,0.0,1.2114619801897227e-05,0.0002732145199002266,0.28765147225921006,2,728,0,2023-01-03,2024-12-31,0.07932411124599037,1.6551967415941042,52,502,2.148646586532049,0,0.0,2.5500028954502016,QQQ_GLD_MONTHLY_50_50,OOS-search,COST25,True,NA,OOS-search
0.3864005854411694,OOS-search__COST25__NA__QQQ_HOLD,0.13549443132173633,OOS-search__COST25__NA__CORE_QQQ_CASH,25,FAIL,NOT EVALUABLE,FAIL,TOTAL_RETURN_REAL,5a3728af0c868099d2ede8ce765626f88e82a9c63083e98b4c26f78e46ea2ab4,200,0.0,0.9615790226869867,0.0,0.03787301996533595,0.0005479573476774018,0.2966092204296962,3,728,0,2023-01-03,2024-12-31,0.13549443132173633,1.6782269541945225,14,502,1.5821295993298683,5,0.0,6.002032618783067,CORE_QQQ_CASH,OOS-search,COST25,True,NA,OOS-search
0.3803008821776619,OOS-search__PRICE_ONLY__NA__QQQ_HOLD,0.1355773818991568,OOS-search__PRICE_ONLY__NA__CORE_QQQ_GLD,5,PASS,NOT EVALUABLE,FAIL,PRICE_ONLY_REAL,a7e4736c516c093875bb5c5528d849a55b1f26375732abc1f516e8dfb9349a60,200,0.037848605577689244,0.962151394422311,0.0,-1.4354150649322772e-16,0.0,0.32998457790221547,6,728,0,2023-01-03,2024-12-31,0.1355773818991567,1.7654303772139468,12,502,1.712600599337808,5,0,11.994502748625688,CORE_QQQ_GLD,OOS-search,PRICE_ONLY,False,NA,OOS-search
0.3803008821776619,OOS-search__PRICE_ONLY__NA__QQQ_HOLD,0.1355773818991568,OOS-search__PRICE_ONLY__NA__QQQ_HOLD,5,PASS,NOT EVALUABLE,FAIL,PRICE_ONLY_REAL,4e9f136407909efc881a4ac9f4682a06983ac891226368d8028e0871bc8ede15,200,0.0,1.0,0.0,0.0,0.0,0.3803008821776619,1,728,0,2023-01-03,2024-12-31,0.1355773818991568,1.9010572324111592,2,502,1.8859258067018663,0,0,1.9995002498750625,QQQ_HOLD,OOS-search,PRICE_ONLY,False,NA,OOS-search
0.3803008821776619,OOS-search__PRICE_ONLY__NA__QQQ_HOLD,0.1355773818991568,OOS-search__PRICE_ONLY__NA__GLD_HOLD,5,FAIL,NOT EVALUABLE,FAIL,PRICE_ONLY_REAL,3e60ef7d85a763dfa3b658f31ea4ffee4820b684ca4436abbf3c139520c345fb,200,1.0,0.0,0.0,0.0,0.0,0.18893688284143573,1,728,0,2023-01-03,2024-12-31,0.11347406007141314,1.4119074889359027,2,502,1.2899024430843387,0,0,1.9995002498750625,GLD_HOLD,OOS-search,PRICE_ONLY,False,NA,OOS-search
0.3803008821776619,OOS-search__PRICE_ONLY__NA__QQQ_HOLD,0.1355773818991568,OOS-search__PRICE_ONLY__NA__SPY_HOLD,5,FAIL,NOT EVALUABLE,FAIL,PRICE_ONLY_REAL,8d0ba023fa9a2b1e54acf5fe4f198d5ff6486e6479ba754e8635ee304a99a436,200,0.0,0.0,1.0,0.0,0.0,0.23508971737097695,1,728,0,2023-01-03,2024-12-31,0.1029074466458425,1.5232567913561184,2,502,1.703434063191119,0,0,1.9995002498750625,SPY_HOLD,OOS-search,PRICE_ONLY,False,NA,OOS-search
0.3803008821776619,OOS-search__PRICE_ONLY__NA__QQQ_HOLD,0.1355773818991568,OOS-search__PRICE_ONLY__NA__QQQ_GLD_MONTHLY_50_50,5,FAIL,NOT EVALUABLE,FAIL,PRICE_ONLY_REAL,acf43d26256df6fa34e77f4e8dc01434ce8156c5af3837f6332e52d4c8e3a40b,200,0.49780010585369655,0.5021998941463035,0.0,-8.340264879838934e-17,0.0,0.2868430977438452,2,728,0,2023-01-03,2024-12-31,0.07935106036124717,1.6531262257247743,50,502,2.1448648495442533,0,0,2.552769739259878,QQQ_GLD_MONTHLY_50_50,OOS-search,PRICE_ONLY,False,NA,OOS-search
0.3803008821776619,OOS-search__PRICE_ONLY__NA__QQQ_HOLD,0.1355773818991568,OOS-search__PRICE_ONLY__NA__CORE_QQQ_CASH,5,FAIL,NOT EVALUABLE,FAIL,PRICE_ONLY_REAL,ff6964ed4d24dcd6c27a42931acc8da28473ed9946a3a9722a68d61b95acf8ee,200,0.0,0.9621513944223108,0.0,0.037848605577689244,0.0,0.2960962387385806,3,728,0,2023-01-03,2024-12-31,0.1355773818991569,1.6769038069116033,6,502,1.5784855331036778,5,0,5.998500749625188,CORE_QQQ_CASH,OOS-search,PRICE_ONLY,False,NA,OOS-search
0.2818212944242495,OOS-confirm__PRIMARY__NA__QQQ_HOLD,0.22750646871293012,OOS-confirm__PRIMARY__NA__CORE_QQQ_GLD,5,PASS,NOT EVALUABLE,PASS,TOTAL_RETURN_REAL,564f886134b9880d120bdb434851124bef4dba1aa85756275169458042e957a6,200,0.15802135776576293,0.8417601520895502,0.0,1.2670403688983626e-05,0.0002058197409979044,0.3764260861245099,5,536,0,2025-01-02,2026-06-22,0.10817599257115729,1.598167859132081,14,367,1.7609587047659687,4,0.001766010076366433,9.99654302792124,CORE_QQQ_GLD,OOS-confirm,PRIMARY,True,NA,OOS-confirm
0.2818212944242495,OOS-confirm__PRIMARY__NA__QQQ_HOLD,0.22750646871293012,OOS-confirm__PRIMARY__NA__QQQ_HOLD,5,FAIL,NOT EVALUABLE,FAIL,TOTAL_RETURN_REAL,4c25aadcebc2f4d62119df737c4b79cf701c29fd162f4646b62df5f49be885b7,200,0.0,0.999666525813334,0.0,1.7007921352341695e-05,0.00031646626531359266,0.2818212944242495,1,536,0,2025-01-02,2026-06-22,0.22750646871293012,1.439589888773136,7,367,1.2164132370136813,0,0.001590777986731171,2.0045880704735595,QQQ_HOLD,OOS-confirm,PRIMARY,True,NA,OOS-confirm
0.2818212944242495,OOS-confirm__PRIMARY__NA__QQQ_HOLD,0.22750646871293012,OOS-confirm__PRIMARY__NA__GLD_HOLD,5,FAIL,NOT EVALUABLE,FAIL,TOTAL_RETURN_REAL,93929343547770a7017c5947c60cda4585ffee730a154b096cefe964c93351d8,200,1.0,0.0,0.0,0.0,0.0,0.3601403207306133,1,536,0,2025-01-02,2026-06-22,0.2446460980036299,1.5704948893172794,2,367,1.3482349586516926,0,0.0,1.9995002498750625,GLD_HOLD,OOS-confirm,PRIMARY,True,NA,OOS-confirm
0.2818212944242495,OOS-confirm__PRIMARY__NA__QQQ_HOLD,0.22750646871293012,OOS-confirm__PRIMARY__NA__SPY_HOLD,5,FAIL,NOT EVALUABLE,FAIL,TOTAL_RETURN_REAL,8711c4c7a24c53dda0c4a52854238aa10e8e4603550d42a16a3cfbfa9d70c002,200,0.0,0.0,0.9988663551695257,3.779532690337757e-05,0.0010958495035709127,0.18481340467090557,1,536,0,2025-01-02,2026-06-22,0.18722280195128316,1.282574650560015,7,367,1.042919361101341,0,0.0032730889020700774,2.0107944032679637,SPY_HOLD,OOS-confirm,PRIMARY,True,NA,OOS-confirm
0.2818212944242495,OOS-confirm__PRIMARY__NA__QQQ_HOLD,0.22750646871293012,OOS-confirm__PRIMARY__NA__QQQ_GLD_MONTHLY_50_50,5,PASS,NOT EVALUABLE,PASS,TOTAL_RETURN_REAL,5e6e4c71e0b9cdedb118c862ceb4bd76c45d82a1cf282cb35fec670554684919,200,0.500900762831639,0.4989374635525259,0.0,8.439866597963623e-06,0.0001533337492371173,0.3359642537611516,2,536,0,2025-01-02,2026-06-22,0.14050690965306356,1.5296997952578282,40,367,1.6727139283075845,0,0.000872500020571002,2.6021190911935643,QQQ_GLD_MONTHLY_50_50,OOS-confirm,PRIMARY,True,NA,OOS-confirm
0.2818212944242495,OOS-confirm__PRIMARY__NA__QQQ_HOLD,0.22750646871293012,OOS-confirm__PRIMARY__NA__CORE_QQQ_CASH,5,FAIL,NOT EVALUABLE,FAIL,TOTAL_RETURN_REAL,867ac699aa8f9269358c5e14d3768f7dc69bd1402c8b8c3af69297aae450c740,200,0.0,0.8417601520895502,0.0,0.15803399937052762,0.00020584853992214384,0.21923738255711256,3,536,0,2025-01-02,2026-06-22,0.09780999725782213,1.3376303039333355,9,367,1.329700699372949,4,0.001478110438588256,5.999582242183067,CORE_QQQ_CASH,OOS-confirm,PRIMARY,True,NA,OOS-confirm
0.2818212944242495,OOS-confirm__MA150__NA__QQQ_HOLD,0.22750646871293012,OOS-confirm__MA150__NA__CORE_QQQ_GLD,5,FAIL,NOT EVALUABLE,FAIL,TOTAL_RETURN_REAL,14f1019c421adfe04eab71cc19ef835cfa9c40572d9a0637a42b8f9d9c7b7809,150,0.19346049046321528,0.8063378087652996,0.0,9.367819661386931e-06,0.00019233295182377401,0.23998589164831485,15,536,0,2025-01-02,2026-06-22,0.20385350021170956,1.3711683107732648,33,367,1.1886479142364994,14,0.0015151706620698602,29.9878281748836,CORE_QQQ_GLD,OOS-confirm,MA150,True,NA,OOS-confirm
0.2818212944242495,OOS-confirm__MA150__NA__QQQ_HOLD,0.22750646871293012,OOS-confirm__MA150__NA__QQQ_HOLD,5,FAIL,NOT EVALUABLE,FAIL,TOTAL_RETURN_REAL,4c25aadcebc2f4d62119df737c4b79cf701c29fd162f4646b62df5f49be885b7,150,0.0,0.999666525813334,0.0,1.7007921352341695e-05,0.00031646626531359266,0.2818212944242495,1,536,0,2025-01-02,2026-06-22,0.22750646871293012,1.439589888773136,7,367,1.2164132370136813,0,0.001590777986731171,2.0045880704735595,QQQ_HOLD,OOS-confirm,MA150,True,NA,OOS-confirm
0.2818212944242495,OOS-confirm__MA150__NA__QQQ_HOLD,0.22750646871293012,OOS-confirm__MA150__NA__GLD_HOLD,5,FAIL,NOT EVALUABLE,FAIL,TOTAL_RETURN_REAL,93929343547770a7017c5947c60cda4585ffee730a154b096cefe964c93351d8,150,1.0,0.0,0.0,0.0,0.0,0.3601403207306133,1,536,0,2025-01-02,2026-06-22,0.2446460980036299,1.5704948893172794,2,367,1.3482349586516926,0,0.0,1.9995002498750625,GLD_HOLD,OOS-confirm,MA150,True,NA,OOS-confirm
0.2818212944242495,OOS-confirm__MA150__NA__QQQ_HOLD,0.22750646871293012,OOS-confirm__MA150__NA__SPY_HOLD,5,FAIL,NOT EVALUABLE,FAIL,TOTAL_RETURN_REAL,8711c4c7a24c53dda0c4a52854238aa10e8e4603550d42a16a3cfbfa9d70c002,150,0.0,0.0,0.9988663551695257,3.779532690337757e-05,0.0010958495035709127,0.18481340467090557,1,536,0,2025-01-02,2026-06-22,0.18722280195128316,1.282574650560015,7,367,1.042919361101341,0,0.0032730889020700774,2.0107944032679637,SPY_HOLD,OOS-confirm,MA150,True,NA,OOS-confirm
0.2818212944242495,OOS-confirm__MA150__NA__QQQ_HOLD,0.22750646871293012,OOS-confirm__MA150__NA__QQQ_GLD_MONTHLY_50_50,5,PASS,NOT EVALUABLE,PASS,TOTAL_RETURN_REAL,5e6e4c71e0b9cdedb118c862ceb4bd76c45d82a1cf282cb35fec670554684919,150,0.500900762831639,0.4989374635525259,0.0,8.439866597963623e-06,0.0001533337492371173,0.3359642537611516,2,536,0,2025-01-02,2026-06-22,0.14050690965306356,1.5296997952578282,40,367,1.6727139283075845,0,0.000872500020571002,2.6021190911935643,QQQ_GLD_MONTHLY_50_50,OOS-confirm,MA150,True,NA,OOS-confirm
0.2818212944242495,OOS-confirm__MA150__NA__QQQ_HOLD,0.22750646871293012,OOS-confirm__MA150__NA__CORE_QQQ_CASH,5,FAIL,NOT EVALUABLE,FAIL,TOTAL_RETURN_REAL,ed09fdc1cfd72976e8a4b951799ec778aa0fec021ce91f8c09856f8bb17e21ec,150,0.0,0.8063378087652996,0.0,0.19346985828287666,0.00019233295182377404,0.17531357178053808,8,536,0,2025-01-02,2026-06-22,0.11269772351844631,1.267511485874571,19,367,1.1330100661747038,14,0.0014006276269254469,15.998322927507287,CORE_QQQ_CASH,OOS-confirm,MA150,True,NA,OOS-confirm
0.2818212944242495,OOS-confirm__MA250__NA__QQQ_HOLD,0.22750646871293012,OOS-confirm__MA250__NA__CORE_QQQ_GLD,5,FAIL,NOT EVALUABLE,PASS,TOTAL_RETURN_REAL,60f71841ec208bb8605d6c08a53b03255e38390bce75b4610294ddf30bba06a5,250,0.10626702997275206,0.8935140496331907,0.0,1.2912537037378988e-05,0.00020600785701983893,0.29851172888413924,11,536,0,2025-01-02,2026-06-22,0.15266088858203175,1.4671816405709655,25,367,1.4638572614059961,10,0.0016212674696857506,21.990536900676965,CORE_QQQ_GLD,OOS-confirm,MA250,True,NA,OOS-confirm
0.2818212944242495,OOS-confirm__MA250__NA__QQQ_HOLD,0.22750646871293012,OOS-confirm__MA250__NA__QQQ_HOLD,5,FAIL,NOT EVALUABLE,FAIL,TOTAL_RETURN_REAL,4c25aadcebc2f4d62119df737c4b79cf701c29fd162f4646b62df5f49be885b7,250,0.0,0.999666525813334,0.0,1.7007921352341695e-05,0.00031646626531359266,0.2818212944242495,1,536,0,2025-01-02,2026-06-22,0.22750646871293012,1.439589888773136,7,367,1.2164132370136813,0,0.001590777986731171,2.0045880704735595,QQQ_HOLD,OOS-confirm,MA250,True,NA,OOS-confirm
0.2818212944242495,OOS-confirm__MA250__NA__QQQ_HOLD,0.22750646871293012,OOS-confirm__MA250__NA__GLD_HOLD,5,FAIL,NOT EVALUABLE,FAIL,TOTAL_RETURN_REAL,93929343547770a7017c5947c60cda4585ffee730a154b096cefe964c93351d8,250,1.0,0.0,0.0,0.0,0.0,0.3601403207306133,1,536,0,2025-01-02,2026-06-22,0.2446460980036299,1.5704948893172794,2,367,1.3482349586516926,0,0.0,1.9995002498750625,GLD_HOLD,OOS-confirm,MA250,True,NA,OOS-confirm
0.2818212944242495,OOS-confirm__MA250__NA__QQQ_HOLD,0.22750646871293012,OOS-confirm__MA250__NA__SPY_HOLD,5,FAIL,NOT EVALUABLE,FAIL,TOTAL_RETURN_REAL,8711c4c7a24c53dda0c4a52854238aa10e8e4603550d42a16a3cfbfa9d70c002,250,0.0,0.0,0.9988663551695257,3.779532690337757e-05,0.0010958495035709127,0.18481340467090557,1,536,0,2025-01-02,2026-06-22,0.18722280195128316,1.282574650560015,7,367,1.042919361101341,0,0.0032730889020700774,2.0107944032679637,SPY_HOLD,OOS-confirm,MA250,True,NA,OOS-confirm
0.2818212944242495,OOS-confirm__MA250__NA__QQQ_HOLD,0.22750646871293012,OOS-confirm__MA250__NA__QQQ_GLD_MONTHLY_50_50,5,PASS,NOT EVALUABLE,PASS,TOTAL_RETURN_REAL,5e6e4c71e0b9cdedb118c862ceb4bd76c45d82a1cf282cb35fec670554684919,250,0.500900762831639,0.4989374635525259,0.0,8.439866597963623e-06,0.0001533337492371173,0.3359642537611516,2,536,0,2025-01-02,2026-06-22,0.14050690965306356,1.5296997952578282,40,367,1.6727139283075845,0,0.000872500020571002,2.6021190911935643,QQQ_GLD_MONTHLY_50_50,OOS-confirm,MA250,True,NA,OOS-confirm
0.2818212944242495,OOS-confirm__MA250__NA__QQQ_HOLD,0.22750646871293012,OOS-confirm__MA250__NA__CORE_QQQ_CASH,5,FAIL,NOT EVALUABLE,FAIL,TOTAL_RETURN_REAL,65d4996f46aa4555420f636f15dbdb8606cc2bb908d407d98745b1b80e1e62af,250,0.0,0.8935140496331908,0.0,0.10627994250978938,0.00020600785701983893,0.19097304361611567,6,536,0,2025-01-02,2026-06-22,0.16579855361518148,1.2923717702214155,15,367,1.1079995368748783,10,0.001428098779224619,11.998032507913422,CORE_QQQ_CASH,OOS-confirm,MA250,True,NA,OOS-confirm
0.28269727741468764,OOS-confirm__COST0__NA__QQQ_HOLD,0.22750646871293,OOS-confirm__COST0__NA__CORE_QQQ_GLD,0,PASS,NOT EVALUABLE,PASS,TOTAL_RETURN_REAL,be4ab1d357df1bb2ae680aa53ba13a2f802032fd8a399a8760686578ec0dc89d,200,0.1580213745260815,0.8417601520895501,0.0,1.2667106752362095e-05,0.0002058062776159596,0.38112425209273804,5,536,0,2025-01-02,2026-06-22,0.10728372242865725,1.60617961131538,14,367,1.7781359799145922,4,0.0017739767844651671,10.001040655619702,CORE_QQQ_GLD,OOS-confirm,COST0,True,NA,OOS-confirm
0.28269727741468764,OOS-confirm__COST0__NA__QQQ_HOLD,0.22750646871293,OOS-confirm__COST0__NA__QQQ_HOLD,0,FAIL,NOT EVALUABLE,FAIL,TOTAL_RETURN_REAL,0031d371d0a077aeaf6e3acb1d89e8e3fb37830168181325892da322db5da971,200,0.0,0.999666525813334,0.0,1.7007921352341665e-05,0.00031646626531359266,0.28269727741468764,1,536,0,2025-01-02,2026-06-22,0.22750646871293,1.441033864276685,7,367,1.2195600015727923,0,0.001591578303475936,2.0050909167436686,QQQ_HOLD,OOS-confirm,COST0,True,NA,OOS-confirm
0.28269727741468764,OOS-confirm__COST0__NA__QQQ_HOLD,0.22750646871293,OOS-confirm__COST0__NA__GLD_HOLD,0,FAIL,NOT EVALUABLE,FAIL,TOTAL_RETURN_REAL,faa8e22f8c833db7705bcb5b6713bf85ae2450f7d2ed67e1dd1e47af7e22d1fe,200,1.0,0.0,0.0,0.0,0.0,0.3610674669803988,1,536,0,2025-01-02,2026-06-22,0.2446460980036288,1.5720661698468623,2,367,1.3509779145357983,0,0.0,2.0,GLD_HOLD,OOS-confirm,COST0,True,NA,OOS-confirm
0.28269727741468764,OOS-confirm__COST0__NA__QQQ_HOLD,0.22750646871293,OOS-confirm__COST0__NA__SPY_HOLD,0,FAIL,NOT EVALUABLE,FAIL,TOTAL_RETURN_REAL,ec4ec8451f44e874b3b9da92d695f23b61707c1301a139ccf8f4d1041ea13853,200,0.0,0.0,0.9988663551695257,3.7795326903377665e-05,0.0010958495035709127,0.18562560029920916,1,536,0,2025-01-02,2026-06-22,0.18722280195128305,1.2838651160711465,7,367,1.0468995452846876,0,0.003274748115653728,2.011301075817013,SPY_HOLD,OOS-confirm,COST0,True,NA,OOS-confirm
0.28269727741468764,OOS-confirm__COST0__NA__QQQ_HOLD,0.22750646871293,OOS-confirm__COST0__NA__QQQ_GLD_MONTHLY_50_50,0,PASS,NOT EVALUABLE,PASS,TOTAL_RETURN_REAL,a9dcbe313ffa5875c417cd5b5d2d5210af28103d5ef2124f03d5fd9c6214de9f,200,0.5009007642197535,0.49893746479718676,0.0,8.439746846284249e-06,0.00015333123621350377,0.33714943935939745,2,536,0,2025-01-02,2026-06-22,0.1404567270254129,1.5316917123496998,40,367,1.677712590904502,0,0.000873199587973052,2.6026191632084767,QQQ_GLD_MONTHLY_50_50,OOS-confirm,COST0,True,NA,OOS-confirm
0.28269727741468764,OOS-confirm__COST0__NA__QQQ_HOLD,0.22750646871293,OOS-confirm__COST0__NA__CORE_QQQ_CASH,0,FAIL,NOT EVALUABLE,FAIL,TOTAL_RETURN_REAL,350af87415e8c44bce51752299f675427d3e7e34494db7396e87fdf0086b826f,200,0.0,0.8417601520895501,0.0,0.1580340061199459,0.00020584179050394755,0.22173282943880745,3,536,0,2025-01-02,2026-06-22,0.09704922894424672,1.341649945247347,9,367,1.3423763617550906,4,0.0014818117718469895,6.001083205257004,CORE_QQQ_CASH,OOS-confirm,COST0,True,NA,OOS-confirm
0.2809459124065914,OOS-confirm__COST10__NA__QQQ_HOLD,0.22750646871292968,OOS-confirm__COST10__NA__CORE_QQQ_GLD,10,PASS,NOT EVALUABLE,PASS,TOTAL_RETURN_REAL,7081d767823f5b768b6baae9cb00d962e319d08db615fd9336de9ca4eb7ea951,200,0.15802134098870857,0.8417601520895502,0.0,1.2673703917840133e-05,0.00020583321782334822,0.37174390223061904,5,536,0,2025-01-02,2026-06-22,0.10906737133489341,1.5901960707837897,14,367,1.7436405429301591,4,0.0017580795853823399,9.992049894550524,CORE_QQQ_GLD,OOS-confirm,COST10,True,NA,OOS-confirm
0.2809459124065914,OOS-confirm__COST10__NA__QQQ_HOLD,0.22750646871292968,OOS-confirm__COST10__NA__QQQ_HOLD,10,FAIL,NOT EVALUABLE,FAIL,TOTAL_RETURN_REAL,5dc9bf935e8760cd5f8c4f3967da02e2b3bb785740069e8f96fc09b96df62102,200,0.0,0.9996665258133342,0.0,1.7007921352290264e-05,0.00031646626531359266,0.2809459124065914,1,536,0,2025-01-02,2026-06-22,0.22750646871292968,1.4381473647140868,7,367,1.2132607884759443,0,0.0015899784744336726,2.004085726547377,QQQ_HOLD,OOS-confirm,COST10,True,NA,OOS-confirm
0.2809459124065914,OOS-confirm__COST10__NA__QQQ_HOLD,0.22750646871292968,OOS-confirm__COST10__NA__GLD_HOLD,10,FAIL,NOT EVALUABLE,FAIL,TOTAL_RETURN_REAL,000c9553ad6416ff5362944d5b1de07e56cd87b3c7a84604c20d44ae64a2b060,200,1.0,0.0,0.0,0.0,0.0,0.35921380558095706,1,536,0,2025-01-02,2026-06-22,0.24464609800363035,1.56892517849851,2,367,1.3454864258596788,0,0.0,1.999000999000999,GLD_HOLD,OOS-confirm,COST10,True,NA,OOS-confirm
0.2809459124065914,OOS-confirm__COST10__NA__QQQ_HOLD,0.22750646871292968,OOS-confirm__COST10__NA__SPY_HOLD,10,FAIL,NOT EVALUABLE,FAIL,TOTAL_RETURN_REAL,18718ad37b9c9cd4f55df5f41016a77a1d59c9bdf72afa7b006f3906580f7dfa,200,0.0,0.0,0.9988663551695257,3.779532690332695e-05,0.0010958495035709127,0.18400177162294895,1,536,0,2025-01-02,2026-06-22,0.18722280195128316,1.281285491990965,7,367,1.0389314236594758,0,0.0032714313687914076,2.0102882368852963,SPY_HOLD,OOS-confirm,COST10,True,NA,OOS-confirm
0.2809459124065914,OOS-confirm__COST10__NA__QQQ_HOLD,0.22750646871292968,OOS-confirm__COST10__NA__QQQ_GLD_MONTHLY_50_50,10,PASS,NOT EVALUABLE,PASS,TOTAL_RETURN_REAL,dcd7d392360c5e157eb1bab8fcb02cfa97ea7d362879f87377c09c9f90672b49,200,0.5009007614434806,0.4989374623077321,0.0,8.439986357862478e-06,0.00015333626242940642,0.3347801110474651,2,536,0,2025-01-02,2026-06-22,0.14055709096327962,1.5277104558138754,40,367,1.66770146408275,0,0.0008718012242580276,2.601619518750897,QQQ_GLD_MONTHLY_50_50,OOS-confirm,COST10,True,NA,OOS-confirm
0.2809459124065914,OOS-confirm__COST10__NA__QQQ_HOLD,0.22750646871292968,OOS-confirm__COST10__NA__CORE_QQQ_CASH,10,FAIL,NOT EVALUABLE,FAIL,TOTAL_RETURN_REAL,98135e65db868e53dcfdaf5f6379808099e9dd1bf31d39d014162e3f14b69d8f,200,0.0,0.8417601520895502,0.0,0.1580339926143616,0.0002058552960881323,0.2167470338899773,3,536,0,2025-01-02,2026-06-22,0.09871173684164136,1.3336227074831493,9,367,1.3169740817827094,4,0.001474418720876858,5.99808277857274,CORE_QQQ_CASH,OOS-confirm,COST10,True,NA,OOS-confirm
0.2783233636615803,OOS-confirm__COST25__NA__QQQ_HOLD,0.22750646871292957,OOS-confirm__COST25__NA__CORE_QQQ_GLD,25,PASS,NOT EVALUABLE,PASS,TOTAL_RETURN_REAL,f4f63657d871597d3c9a115a1063e5947814be8c4c96ace0ac6c056114a351b3,200,0.15802129055688005,0.8417601520895501,0.0,1.268362440743103e-05,0.00020587372916233045,0.3577926770958706,5,536,0,2025-01-02,2026-06-22,0.11173617269085823,1.5665184610545326,14,367,1.690885557947516,4,0.0017345037139992962,9.978597393175951,CORE_QQQ_GLD,OOS-confirm,COST25,True,NA,OOS-confirm
0.2783233636615803,OOS-confirm__COST25__NA__QQQ_HOLD,0.22750646871292957,OOS-confirm__COST25__NA__QQQ_HOLD,25,FAIL,NOT EVALUABLE,FAIL,TOTAL_RETURN_REAL,aaf97c8aacdb82401170d7d763fc35017c234d1581fa2dfbb161d9a7d8f17cd9,200,0.0,0.999666525813334,0.0,1.7007921352341645e-05,0.00031646626531359266,0.2783233636615803,1,536,0,2025-01-02,2026-06-22,0.22750646871292957,1.4338284793530265,7,367,1.203770093872768,0,0.001587584752114328,2.002581701316018,QQQ_HOLD,OOS-confirm,COST25,True,NA,OOS-confirm
0.2783233636615803,OOS-confirm__COST25__NA__QQQ_HOLD,0.22750646871292957,OOS-confirm__COST25__NA__GLD_HOLD,25,FAIL,NOT EVALUABLE,FAIL,TOTAL_RETURN_REAL,6ed65b3d398563cf6da9478222d6bc446bce102fa3f61929a444a37e87f8fc3a,200,0.9999999999999999,0.0,0.0,7.939422708815788e-17,0.0,0.35643803781999783,1,536,0,2025-01-02,2026-06-22,0.24464609800362958,1.564225440820191,2,367,1.3372079056582322,0,0.0,1.9975062344139651,GLD_HOLD,OOS-confirm,COST25,True,NA,OOS-confirm
0.2783233636615803,OOS-confirm__COST25__NA__QQQ_HOLD,0.22750646871292957,OOS-confirm__COST25__NA__SPY_HOLD,25,FAIL,NOT EVALUABLE,FAIL,TOTAL_RETURN_REAL,d943dce96b46fd456ccb8f779a37f85f9d2cf0459bd9aa441691be084a5f64df,200,0.0,0.0,0.9988663551695257,3.779532690332689e-05,0.0010958495035709127,0.18157023993030963,1,536,0,2025-01-02,2026-06-22,0.18722280195128316,1.2774258381141237,7,367,1.0269225524701286,0,0.0032664688253018163,2.0087727671620295,SPY_HOLD,OOS-confirm,COST25,True,NA,OOS-confirm
0.2783233636615803,OOS-confirm__COST25__NA__QQQ_HOLD,0.22750646871292957,OOS-confirm__COST25__NA__QQQ_GLD_MONTHLY_50_50,25,PASS,NOT EVALUABLE,PASS,TOTAL_RETURN_REAL,7fe6f7ab7bfef9397f87cfab00bcd4924c120ba834e7ea86b3f11fb3df589162,200,0.5009007572787413,0.49893745857255384,0.0,8.440345686380842e-06,0.00015334380301852842,0.3312339265673727,2,536,0,2025-01-02,2026-06-22,0.1407076269893266,1.521757862582938,40,367,1.6525830961342343,0,0.0008697094501321595,2.600123791381475,QQQ_GLD_MONTHLY_50_50,OOS-confirm,COST25,True,NA,OOS-confirm
0.2783233636615803,OOS-confirm__COST25__NA__QQQ_HOLD,0.22750646871292957,OOS-confirm__COST25__NA__CORE_QQQ_CASH,25,FAIL,NOT EVALUABLE,FAIL,TOTAL_RETURN_REAL,9065bde7ebd4fe7575ad44fc65f45fbd707864a0fce3ae9c8be54775f4023eb9,200,0.0,0.8417601520895502,0.0,0.15803397230527558,0.00020587560517419507,0.20930646073466574,3,536,0,2025-01-02,2026-06-22,0.10141155864796136,1.3216718070405797,9,367,1.2785040940413999,4,0.0014634009844077009,5.9935933620875534,CORE_QQQ_CASH,OOS-confirm,COST25,True,NA,OOS-confirm
0.27545927055037267,OOS-confirm__PRICE_ONLY__NA__QQQ_HOLD,0.22883303677342848,OOS-confirm__PRICE_ONLY__NA__CORE_QQQ_GLD,5,PASS,NOT EVALUABLE,PASS,PRICE_ONLY_REAL,825fa3ab2e32af5461fd91f97ef126b544de151869a3753facb5142f6ec448dd,200,0.1580381471389646,0.8419618528610354,0.0,-4.0036961376686955e-17,0.0,0.37106111146514587,5,536,0,2025-01-02,2026-06-22,0.10817599257115729,1.5890346269304862,10,367,1.7409522752790572,4,0,9.995502248875564,CORE_QQQ_GLD,OOS-confirm,PRICE_ONLY,False,NA,OOS-confirm
0.27545927055037267,OOS-confirm__PRICE_ONLY__NA__QQQ_HOLD,0.22883303677342848,OOS-confirm__PRICE_ONLY__NA__QQQ_HOLD,5,FAIL,NOT EVALUABLE,FAIL,PRICE_ONLY_REAL,07a417fc673cadf27bad3bbdb9bcd0d64d8f68b70d9536192a7e05aae363445b,200,0.0,1.0,0.0,0.0,0.0,0.27545927055037267,1,536,0,2025-01-02,2026-06-22,0.22883303677342848,1.4291165422538519,2,367,1.1942536785031121,0,0,1.9995002498750625,QQQ_HOLD,OOS-confirm,PRICE_ONLY,False,NA,OOS-confirm
0.27545927055037267,OOS-confirm__PRICE_ONLY__NA__QQQ_HOLD,0.22883303677342848,OOS-confirm__PRICE_ONLY__NA__GLD_HOLD,5,FAIL,NOT EVALUABLE,FAIL,PRICE_ONLY_REAL,e8e9a29d571f86ac9c1d93bfeef96bde2d9310d5d03817691ea9c086127d07d3,200,1.0,0.0,0.0,0.0,0.0,0.3601403207306133,1,536,0,2025-01-02,2026-06-22,0.2446460980036299,1.5704948893172794,2,367,1.3482349586516926,0,0,1.9995002498750625,GLD_HOLD,OOS-confirm,PRICE_ONLY,False,NA,OOS-confirm
0.27545927055037267,OOS-confirm__PRICE_ONLY__NA__QQQ_HOLD,0.22883303677342848,OOS-confirm__PRICE_ONLY__NA__SPY_HOLD,5,FAIL,NOT EVALUABLE,FAIL,PRICE_ONLY_REAL,5b9fd049ab89537204127b6a694523a5ceda6ed54c2dfb5a0f50dd903177c2ea,200,0.0,0.0,1.0,0.0,0.0,0.17163095727974764,1,536,0,2025-01-02,2026-06-22,0.1899890688985688,1.261687510814575,2,367,0.9780861701307979,0,0,1.9995002498750625,SPY_HOLD,OOS-confirm,PRICE_ONLY,False,NA,OOS-confirm
0.27545927055037267,OOS-confirm__PRICE_ONLY__NA__QQQ_HOLD,0.22883303677342848,OOS-confirm__PRICE_ONLY__NA__QQQ_GLD_MONTHLY_50_50,5,PASS,NOT EVALUABLE,PASS,PRICE_ONLY_REAL,f51e825dd782153ea720bdb55e142cc6c26fa1a43da617f80bc9f80d3d9f6676,200,0.5009821440187844,0.49901785598121573,0.0,-1.221573089654628e-16,0.0,0.33264438447231637,2,536,0,2025-01-02,2026-06-22,0.14109883549594315,1.5241245577162403,38,367,1.659170609806961,0,0,2.602154788885077,QQQ_GLD_MONTHLY_50_50,OOS-confirm,PRICE_ONLY,False,NA,OOS-confirm
0.27545927055037267,OOS-confirm__PRICE_ONLY__NA__QQQ_HOLD,0.22883303677342848,OOS-confirm__PRICE_ONLY__NA__CORE_QQQ_CASH,5,FAIL,NOT EVALUABLE,FAIL,PRICE_ONLY_REAL,62c1cd5656e51c0a3821b9b3e734ee047d831eba0e228e3cb817122a8d9b599a,200,0.0,0.8419618528610355,0.0,0.1580381471389645,0.0,0.2144498181200074,3,536,0,2025-01-02,2026-06-22,0.09780999725782213,1.3299293088801678,6,367,1.305617145098802,4,0,5.998500749625188,CORE_QQQ_CASH,OOS-confirm,PRICE_ONLY,False,NA,OOS-confirm
0.2151500806633011,W-local__PRIMARY__NA__QQQ_HOLD,0.35123978006690404,W-local__PRIMARY__NA__CORE_QQQ_GLD,5,FAIL,NOT EVALUABLE,PASS,TOTAL_RETURN_REAL,e9e62122d87a7a262cb90bec6cd0b2927ec9ba17f00967275912d9f6c34913a9,200,0.16835798412223754,0.8311528373484113,0.0,2.1167760555059723e-05,0.00046801076879611687,0.2378005584883458,35,3566,0,2016-09-16,2026-06-22,0.2956477956178246,8.027557144088556,102,2453,1.2605374197513752,34,0.008870624399095707,70.00273200929927,CORE_QQQ_GLD,W-local,PRIMARY,True,NA,APPROXIMATE LOCAL
0.2151500806633011,W-local__PRIMARY__NA__QQQ_HOLD,0.35123978006690404,W-local__PRIMARY__NA__QQQ_HOLD,5,FAIL,NOT EVALUABLE,FAIL,TOTAL_RETURN_REAL,22884fc006deac86c7ec610d8e57a61fb278dd6d82e95192a3cdf29af10dce88,200,0.0,0.999399060512565,0.0,2.6587902967921268e-05,0.000574351584467059,0.2151500806633011,1,3566,0,2016-09-16,2026-06-22,0.35123978006690404,6.703070129096848,41,2453,0.9797813620659995,0,0.007407037579271853,2.063983833372819,QQQ_HOLD,W-local,PRIMARY,True,NA,APPROXIMATE LOCAL
0.2151500806633011,W-local__PRIMARY__NA__QQQ_HOLD,0.35123978006690404,W-local__PRIMARY__NA__GLD_HOLD,5,FAIL,NOT EVALUABLE,FAIL,TOTAL_RETURN_REAL,0309bb9a37ffa26dc6b6001e1077c23ddbb6c5534eada47234a5d45be4d95e19,200,1.0000000000000002,0.0,0.0,-1.6819008396719681e-16,0.0,0.1218595775213378,1,3566,0,2016-09-16,2026-06-22,0.24464609800363024,3.073041117451092,2,2453,0.7970406593743095,0,0.0,1.9995002498750627,GLD_HOLD,W-local,PRIMARY,True,NA,APPROXIMATE LOCAL
0.2151500806633011,W-local__PRIMARY__NA__QQQ_HOLD,0.35123978006690404,W-local__PRIMARY__NA__SPY_HOLD,5,FAIL,NOT EVALUABLE,FAIL,TOTAL_RETURN_REAL,737d290825f8cbab89589652cd147f8c918394c3ae83fcf6d0bb52d92037f25b,200,0.0,0.0,0.9981574602568012,6.0634422377790074e-05,0.0017819053208210703,0.15410440437623296,1,3566,0,2016-09-16,2026-06-22,0.33689318732635787,4.052493473285647,40,2453,0.8874763849120391,0,0.010341831882714128,2.1454283896117037,SPY_HOLD,W-local,PRIMARY,True,NA,APPROXIMATE LOCAL
0.2151500806633011,W-local__PRIMARY__NA__QQQ_HOLD,0.35123978006690404,W-local__PRIMARY__NA__QQQ_GLD_MONTHLY_50_50,5,FAIL,NOT EVALUABLE,FAIL,TOTAL_RETURN_REAL,8ad7ee8221ed20076236ea4a96b0d3b90dda3aeffb392d8daecaff7f3118eaba,200,0.4992802271836709,0.500419680954778,0.0,1.3260854296323366e-05,0.0002868310072548119,0.17545228893549836,2,3566,0,2016-09-16,2026-06-22,0.23859291865567622,4.846608034058312,242,2453,1.1875941959941951,0,0.0027643761361049552,5.0936786543283805,QQQ_GLD_MONTHLY_50_50,W-local,PRIMARY,True,NA,APPROXIMATE LOCAL
0.2151500806633011,W-local__PRIMARY__NA__QQQ_HOLD,0.35123978006690404,W-local__PRIMARY__NA__CORE_QQQ_CASH,5,FAIL,NOT EVALUABLE,FAIL,TOTAL_RETURN_REAL,e202874c7ea90253a530aa25e0b3941bbf441970f62b9977748b5fc14391ff5e,200,0.0,0.8311528147476799,0.0,0.168379147368838,0.0004680378834821656,0.19164366820115908,18,3566,0,2016-09-16,2026-06-22,0.23178068607368796,5.539187402444867,66,2453,1.1363485648973541,34,0.00612092197431126,36.03201143617511,CORE_QQQ_CASH,W-local,PRIMARY,True,NA,APPROXIMATE LOCAL
0.2151500806633011,W-local__MA150__NA__QQQ_HOLD,0.35123978006690404,W-local__MA150__NA__CORE_QQQ_GLD,5,FAIL,NOT EVALUABLE,PASS,TOTAL_RETURN_REAL,c273a89769c0bf92cd04ecb36ae0b8defb73761a34e37af1f56433871dddd922,150,0.18017244535834434,0.8193406057446154,0.0,2.0682675297244362e-05,0.0004662662217429816,0.22878153945470814,55,3566,0,2016-09-16,2026-06-22,0.2956477956178247,7.4743763161640535,141,2453,1.2245406355308195,54,0.008259347610750277,109.94280665516702,CORE_QQQ_GLD,W-local,MA150,True,NA,APPROXIMATE LOCAL
0.2151500806633011,W-local__MA150__NA__QQQ_HOLD,0.35123978006690404,W-local__MA150__NA__QQQ_HOLD,5,FAIL,NOT EVALUABLE,FAIL,TOTAL_RETURN_REAL,22884fc006deac86c7ec610d8e57a61fb278dd6d82e95192a3cdf29af10dce88,150,0.0,0.999399060512565,0.0,2.6587902967921268e-05,0.000574351584467059,0.2151500806633011,1,3566,0,2016-09-16,2026-06-22,0.35123978006690404,6.703070129096848,41,2453,0.9797813620659995,0,0.007407037579271853,2.063983833372819,QQQ_HOLD,W-local,MA150,True,NA,APPROXIMATE LOCAL
0.2151500806633011,W-local__MA150__NA__QQQ_HOLD,0.35123978006690404,W-local__MA150__NA__GLD_HOLD,5,FAIL,NOT EVALUABLE,FAIL,TOTAL_RETURN_REAL,0309bb9a37ffa26dc6b6001e1077c23ddbb6c5534eada47234a5d45be4d95e19,150,1.0000000000000002,0.0,0.0,-1.6819008396719681e-16,0.0,0.1218595775213378,1,3566,0,2016-09-16,2026-06-22,0.24464609800363024,3.073041117451092,2,2453,0.7970406593743095,0,0.0,1.9995002498750627,GLD_HOLD,W-local,MA150,True,NA,APPROXIMATE LOCAL
0.2151500806633011,W-local__MA150__NA__QQQ_HOLD,0.35123978006690404,W-local__MA150__NA__SPY_HOLD,5,FAIL,NOT EVALUABLE,FAIL,TOTAL_RETURN_REAL,737d290825f8cbab89589652cd147f8c918394c3ae83fcf6d0bb52d92037f25b,150,0.0,0.0,0.9981574602568012,6.0634422377790074e-05,0.0017819053208210703,0.15410440437623296,1,3566,0,2016-09-16,2026-06-22,0.33689318732635787,4.052493473285647,40,2453,0.8874763849120391,0,0.010341831882714128,2.1454283896117037,SPY_HOLD,W-local,MA150,True,NA,APPROXIMATE LOCAL
0.2151500806633011,W-local__MA150__NA__QQQ_HOLD,0.35123978006690404,W-local__MA150__NA__QQQ_GLD_MONTHLY_50_50,5,FAIL,NOT EVALUABLE,FAIL,TOTAL_RETURN_REAL,8ad7ee8221ed20076236ea4a96b0d3b90dda3aeffb392d8daecaff7f3118eaba,150,0.4992802271836709,0.500419680954778,0.0,1.3260854296323366e-05,0.0002868310072548119,0.17545228893549836,2,3566,0,2016-09-16,2026-06-22,0.23859291865567622,4.846608034058312,242,2453,1.1875941959941951,0,0.0027643761361049552,5.0936786543283805,QQQ_GLD_MONTHLY_50_50,W-local,MA150,True,NA,APPROXIMATE LOCAL
0.2151500806633011,W-local__MA150__NA__QQQ_HOLD,0.35123978006690404,W-local__MA150__NA__CORE_QQQ_CASH,5,FAIL,NOT EVALUABLE,FAIL,TOTAL_RETURN_REAL,66bb12aa238eba4e734c2e5efba270d2463ed60033b8d586880adedd48befacd,150,0.0,0.819340529379242,0.0,0.18019302571622248,0.00046644490453556824,0.18533305576984116,28,3566,0,2016-09-16,2026-06-22,0.23970943363898478,5.259343996862252,85,2453,1.1222344735643006,54,0.00581168895398761,56.00602603015842,CORE_QQQ_CASH,W-local,MA150,True,NA,APPROXIMATE LOCAL
0.2151500806633011,W-local__MA250__NA__QQQ_HOLD,0.35123978006690404,W-local__MA250__NA__CORE_QQQ_GLD,5,FAIL,NOT EVALUABLE,FAIL,TOTAL_RETURN_REAL,84259c182ab7d7385c27a4c19af7d54416d1e2d18d5a5bff2977a770a902dba7,250,0.15817050840815366,0.8413402746689201,0.0,2.1187540968259394e-05,0.0004680293819579773,0.201118397472412,47,3566,0,2016-09-16,2026-06-22,0.37120062473821924,5.984478441629982,124,2453,1.0876970087764068,46,0.006612978210846794,93.98665255252372,CORE_QQQ_GLD,W-local,MA250,True,NA,APPROXIMATE LOCAL
0.2151500806633011,W-local__MA250__NA__QQQ_HOLD,0.35123978006690404,W-local__MA250__NA__QQQ_HOLD,5,FAIL,NOT EVALUABLE,FAIL,TOTAL_RETURN_REAL,22884fc006deac86c7ec610d8e57a61fb278dd6d82e95192a3cdf29af10dce88,250,0.0,0.999399060512565,0.0,2.6587902967921268e-05,0.000574351584467059,0.2151500806633011,1,3566,0,2016-09-16,2026-06-22,0.35123978006690404,6.703070129096848,41,2453,0.9797813620659995,0,0.007407037579271853,2.063983833372819,QQQ_HOLD,W-local,MA250,True,NA,APPROXIMATE LOCAL
0.2151500806633011,W-local__MA250__NA__QQQ_HOLD,0.35123978006690404,W-local__MA250__NA__GLD_HOLD,5,FAIL,NOT EVALUABLE,FAIL,TOTAL_RETURN_REAL,0309bb9a37ffa26dc6b6001e1077c23ddbb6c5534eada47234a5d45be4d95e19,250,1.0000000000000002,0.0,0.0,-1.6819008396719681e-16,0.0,0.1218595775213378,1,3566,0,2016-09-16,2026-06-22,0.24464609800363024,3.073041117451092,2,2453,0.7970406593743095,0,0.0,1.9995002498750627,GLD_HOLD,W-local,MA250,True,NA,APPROXIMATE LOCAL
0.2151500806633011,W-local__MA250__NA__QQQ_HOLD,0.35123978006690404,W-local__MA250__NA__SPY_HOLD,5,FAIL,NOT EVALUABLE,FAIL,TOTAL_RETURN_REAL,737d290825f8cbab89589652cd147f8c918394c3ae83fcf6d0bb52d92037f25b,250,0.0,0.0,0.9981574602568012,6.0634422377790074e-05,0.0017819053208210703,0.15410440437623296,1,3566,0,2016-09-16,2026-06-22,0.33689318732635787,4.052493473285647,40,2453,0.8874763849120391,0,0.010341831882714128,2.1454283896117037,SPY_HOLD,W-local,MA250,True,NA,APPROXIMATE LOCAL
0.2151500806633011,W-local__MA250__NA__QQQ_HOLD,0.35123978006690404,W-local__MA250__NA__QQQ_GLD_MONTHLY_50_50,5,FAIL,NOT EVALUABLE,FAIL,TOTAL_RETURN_REAL,8ad7ee8221ed20076236ea4a96b0d3b90dda3aeffb392d8daecaff7f3118eaba,250,0.4992802271836709,0.500419680954778,0.0,1.3260854296323366e-05,0.0002868310072548119,0.17545228893549836,2,3566,0,2016-09-16,2026-06-22,0.23859291865567622,4.846608034058312,242,2453,1.1875941959941951,0,0.0027643761361049552,5.0936786543283805,QQQ_GLD_MONTHLY_50_50,W-local,MA250,True,NA,APPROXIMATE LOCAL
0.2151500806633011,W-local__MA250__NA__QQQ_HOLD,0.35123978006690404,W-local__MA250__NA__CORE_QQQ_CASH,5,FAIL,NOT EVALUABLE,FAIL,TOTAL_RETURN_REAL,8d4d1ff22e0feb661d8cce288bca1c4629ff8eb1f319d6d3a96e1956c3d38e15,250,0.0,0.8413402737658757,0.0,0.15819170135560726,0.0004680248785170321,0.16432156322882618,24,3566,0,2016-09-16,2026-06-22,0.30526362741078017,4.4166703802045335,78,2453,0.9811567474631003,46,0.004880516368077999,48.02886957303416,CORE_QQQ_CASH,W-local,MA250,True,NA,APPROXIMATE LOCAL
0.21527856027368464,W-local__COST0__NA__QQQ_HOLD,0.35123779202116656,W-local__COST0__NA__CORE_QQQ_GLD,0,FAIL,NOT EVALUABLE,PASS,TOTAL_RETURN_REAL,014269bf1c572d5fff1e189f91728d9013487309a2a48b0aa511d666d8ddc69e,200,0.16835799935102227,0.8311528496616366,0.0,2.1164858234976518e-05,0.0004679861291061039,0.2422481760633335,35,3566,0,2016-09-16,2026-06-22,0.2935315660711779,8.31365031141644,102,2453,1.2802321749811132,34,0.009182175232903225,70.03723842082972,CORE_QQQ_GLD,W-local,COST0,True,NA,APPROXIMATE LOCAL
0.21527856027368464,W-local__COST0__NA__QQQ_HOLD,0.35123779202116656,W-local__COST0__NA__QQQ_HOLD,0,FAIL,NOT EVALUABLE,FAIL,TOTAL_RETURN_REAL,3d90181dc2e513a61096e7f8c171e9af2ec1ddbeddc3c3956778e3f6f2358f6f,200,0.0,0.9993990605145086,0.0,2.658790296797165e-05,0.0005743515825235254,0.21527856027368464,1,3566,0,2016-09-16,2026-06-22,0.35123779202116656,6.7099928894129715,41,2453,0.9802572843785391,0,0.007410984130222235,2.064516377000891,QQQ_HOLD,W-local,COST0,True,NA,APPROXIMATE LOCAL
0.21527856027368464,W-local__COST0__NA__QQQ_HOLD,0.35123779202116656,W-local__COST0__NA__GLD_HOLD,0,FAIL,NOT EVALUABLE,FAIL,TOTAL_RETURN_REAL,24e842553f3382150deebb4526ade03e8b0900aea3bb8b161288a7ae644016fb,200,1.0,0.0,0.0,0.0,0.0,0.12197448829410029,1,3566,0,2016-09-16,2026-06-22,0.2446460980036299,3.0761156958576716,2,2453,0.7976884343028912,0,0.0,2.0,GLD_HOLD,W-local,COST0,True,NA,APPROXIMATE LOCAL
0.21527856027368464,W-local__COST0__NA__QQQ_HOLD,0.35123779202116656,W-local__COST0__NA__SPY_HOLD,0,FAIL,NOT EVALUABLE,FAIL,TOTAL_RETURN_REAL,6fd27396e1ea17e1a4de58ecd04aee17a88addc702ddf71b228d5b6d318e087e,200,0.0,0.0,0.9981574602568012,6.0634422377790285e-05,0.0017819053208210703,0.1542312436993727,1,3566,0,2016-09-16,2026-06-22,0.3368931873263581,4.056843984790297,40,2453,0.8880936963176784,0,0.01034777098340976,2.1460023791539253,SPY_HOLD,W-local,COST0,True,NA,APPROXIMATE LOCAL
0.21527856027368464,W-local__COST0__NA__QQQ_HOLD,0.35123779202116656,W-local__COST0__NA__QQQ_GLD_MONTHLY_50_50,0,FAIL,NOT EVALUABLE,FAIL,TOTAL_RETURN_REAL,e91c75673f5d9829c7271cab6c0cbac565d052a1493931b88b001ff3ab058138,200,0.49928022835931324,0.5004196821121502,0.0,1.3260746206542546e-05,0.0002868287823300696,0.1757589862172313,2,3566,0,2016-09-16,2026-06-22,0.23844798626527464,4.85896863015311,242,2453,1.1893974206478106,0,0.0027700413677338434,5.0941794054720795,QQQ_GLD_MONTHLY_50_50,W-local,COST0,True,NA,APPROXIMATE LOCAL
0.21527856027368464,W-local__COST0__NA__QQQ_HOLD,0.35123779202116656,W-local__COST0__NA__CORE_QQQ_CASH,0,FAIL,NOT EVALUABLE,FAIL,TOTAL_RETURN_REAL,4d0246491389c4de28efd8da53cd9b3beb826b16ca7539749909f0f7471c8365,200,0.0,0.8311528209308342,0.0,0.16837915354189456,0.00046802552727125824,0.19384513730841113,18,3566,0,2016-09-16,2026-06-22,0.23024270985410977,5.639910804692896,66,2453,1.1475342232147072,34,0.006229110843827531,36.04103343531434,CORE_QQQ_CASH,W-local,COST0,True,NA,APPROXIMATE LOCAL
0.2150216187156282,W-local__COST10__NA__QQQ_HOLD,0.3512417661220595,W-local__COST10__NA__CORE_QQQ_GLD,10,FAIL,NOT EVALUABLE,PASS,TOTAL_RETURN_REAL,bf8db8e642663e4d31595f3c0c5fb49512bf3e8ed91e87c95068c25687399244,200,0.1683579688544134,0.8311528250106278,0.0,2.117067057838227e-05,0.00046803546438040246,0.2333688673388541,35,3566,0,2016-09-16,2026-06-22,0.29775768704218564,7.751309308295397,102,2453,1.2407346211511243,34,0.008569646790902477,69.96826006914546,CORE_QQQ_GLD,W-local,COST10,True,NA,APPROXIMATE LOCAL
0.2150216187156282,W-local__COST10__NA__QQQ_HOLD,0.3512417661220595,W-local__COST10__NA__QQQ_HOLD,10,FAIL,NOT EVALUABLE,FAIL,TOTAL_RETURN_REAL,b94d8e9e3199aa1306d838f606051357dc1f293a5b363974d2ddb543894d2158,200,0.0,0.9993990605106234,0.0,2.658790296791448e-05,0.0005743515864086549,0.2150216187156282,1,3566,0,2016-09-16,2026-06-22,0.3512417661220595,6.696154730578724,41,2453,0.9793047085060091,0,0.007403095221200717,2.0634518217558417,QQQ_HOLD,W-local,COST10,True,NA,APPROXIMATE LOCAL
0.2150216187156282,W-local__COST10__NA__QQQ_HOLD,0.3512417661220595,W-local__COST10__NA__GLD_HOLD,10,FAIL,NOT EVALUABLE,FAIL,TOTAL_RETURN_REAL,6640d80e9fafbf3c582ead500b7764dc39297b8015a94ae34a897b4d75b047c6,200,1.0,0.0,0.0,0.0,0.0,0.1217446784600944,1,3566,0,2016-09-16,2026-06-22,0.2446460980036299,3.069969610551263,2,2453,0.796391657155912,0,0.0,1.999000999000999,GLD_HOLD,W-local,COST10,True,NA,APPROXIMATE LOCAL
0.2150216187156282,W-local__COST10__NA__QQQ_HOLD,0.3512417661220595,W-local__COST10__NA__SPY_HOLD,10,FAIL,NOT EVALUABLE,FAIL,TOTAL_RETURN_REAL,c703246862043e98f26b82a6790e9979955072fb4c303110cb6bd979b7a5115b,200,0.0,0.0,0.9981574602568012,6.0634422377781516e-05,0.0017819053208210703,0.1539775878313432,1,3566,0,2016-09-16,2026-06-22,0.33689318732635765,4.048147929979567,40,2453,0.8868580234043626,0,0.010335899537163188,2.1448549734856086,SPY_HOLD,W-local,COST10,True,NA,APPROXIMATE LOCAL
0.2150216187156282,W-local__COST10__NA__QQQ_HOLD,0.3512417661220595,W-local__COST10__NA__QQQ_GLD_MONTHLY_50_50,10,FAIL,NOT EVALUABLE,FAIL,TOTAL_RETURN_REAL,30e25eca1d9be5084fd02564681848461d902aa095e4b7f4e5eee8706103f0d3,200,0.4992802260079921,0.5004196797973498,0.0,1.3260962390541112e-05,0.00028683323226754814,0.17514566774268903,2,3566,0,2016-09-16,2026-06-22,0.238737826768897,4.8342787245714085,242,2453,1.1857883011425352,0,0.0027587230907839795,5.093178403429562,QQQ_GLD_MONTHLY_50_50,W-local,COST10,True,NA,APPROXIMATE LOCAL
0.2150216187156282,W-local__COST10__NA__QQQ_HOLD,0.3512417661220595,W-local__COST10__NA__CORE_QQQ_CASH,10,FAIL,NOT EVALUABLE,FAIL,TOTAL_RETURN_REAL,ee0618695ad7613094d52f3ae0d0d7b8faa1e6bb2d4148580d69ba32e8d66ee0,200,0.0,0.8311528085583634,0.0,0.16837914118644165,0.00046805025519493253,0.18944626126431285,18,3566,0,2016-09-16,2026-06-22,0.23331559018115888,5.440262940945019,66,2453,1.1251343312691249,34,0.0060146137896524895,36.022998445180754,CORE_QQQ_CASH,W-local,COST10,True,NA,APPROXIMATE LOCAL
0.2146363381396872,W-local__COST25__NA__QQQ_HOLD,0.35124771237386676,W-local__COST25__NA__CORE_QQQ_GLD,25,FAIL,NOT EVALUABLE,FAIL,TOTAL_RETURN_REAL,700f684aa9df1619c7e7c2e7e68948b24db52fc26a8471d2f6cd426b6ae1ee01,200,0.16835792281552675,0.8311527878493787,0.0,2.1179447102046302e-05,0.0004681098879925063,0.22016876119389273,35,3566,0,2016-09-16,2026-06-22,0.3040495325325733,6.978306335536379,102,2453,1.1807445410955735,34,0.007726623437469618,69.86505056132877,CORE_QQQ_GLD,W-local,COST25,True,NA,APPROXIMATE LOCAL
0.2146363381396872,W-local__COST25__NA__QQQ_HOLD,0.35124771237386676,W-local__COST25__NA__QQQ_HOLD,25,FAIL,NOT EVALUABLE,FAIL,TOTAL_RETURN_REAL,869a435ebc1f7520cbc572ca96abedd8e38f7c0e3ef291d91d10a3ae592fda67,200,0.0,0.9993990605048102,0.0,2.658790296791459e-05,0.0005743515922218451,0.2146363381396872,1,3566,0,2016-09-16,2026-06-22,0.35124771237386676,6.675452588786855,41,2453,0.9778703862123862,0,0.007391293237669738,2.0618589710112225,QQQ_HOLD,W-local,COST25,True,NA,APPROXIMATE LOCAL
0.2146363381396872,W-local__COST25__NA__QQQ_HOLD,0.35124771237386676,W-local__COST25__NA__GLD_HOLD,25,FAIL,NOT EVALUABLE,FAIL,TOTAL_RETURN_REAL,8ab52536ead4273f6df9d1cc710bdea74d6c8ec290bbd4cfbf9ed46ca432c478,200,0.9999999999999999,0.0,0.0,8.426314801455012e-17,0.0,0.12140005095935202,1,3566,0,2016-09-16,2026-06-22,0.24464609800363002,3.060773472935681,2,2453,0.7944373453953997,0,0.0,1.9975062344139651,GLD_HOLD,W-local,COST25,True,NA,APPROXIMATE LOCAL
0.2146363381396872,W-local__COST25__NA__QQQ_HOLD,0.35124771237386676,W-local__COST25__NA__SPY_HOLD,25,FAIL,NOT EVALUABLE,FAIL,TOTAL_RETURN_REAL,c7126a68ec9c6f716b997c5adbb9792e91951473883b44641053f7d16bacbe65,200,0.0,0.0,0.9981574602568012,6.063442237779005e-05,0.0017819053208210703,0.15359727410263968,1,3566,0,2016-09-16,2026-06-22,0.3368931873263581,4.035141024961656,40,2453,0.8849966839842422,0,0.010318142917159495,2.1431381570242864,SPY_HOLD,W-local,COST25,True,NA,APPROXIMATE LOCAL
0.2146363381396872,W-local__COST25__NA__QQQ_HOLD,0.35124771237386676,W-local__COST25__NA__QQQ_GLD_MONTHLY_50_50,25,FAIL,NOT EVALUABLE,FAIL,TOTAL_RETURN_REAL,03e8e8dc2030530798a38dd2cf8e7884e148a83d3b1e79fef77698500b628c73,200,0.4992802224807375,0.5004196763247298,0.0,1.3261286698889974e-05,0.0002868399078337893,0.17422625991498752,2,3566,0,2016-09-16,2026-06-22,0.23917240548078234,4.797477704725655,242,2453,1.180354772931473,0,0.0027418367922976998,5.0916806447174245,QQQ_GLD_MONTHLY_50_50,W-local,COST25,True,NA,APPROXIMATE LOCAL
0.2146363381396872,W-local__COST25__NA__QQQ_HOLD,0.35124771237386676,W-local__COST25__NA__CORE_QQQ_CASH,25,FAIL,NOT EVALUABLE,FAIL,TOTAL_RETURN_REAL,e342dbd01929a0b79f1821c7f099a5900241bd1a39c6c36aaa192f228abd8bdf,200,0.0,0.8311527899533502,0.0,0.1683791225830256,0.0004680874636242438,0.18287832760775258,18,3566,0,2016-09-16,2026-06-22,0.2379019387409539,5.153964279830789,66,2453,1.091331846729096,34,0.005706648473946793,35.9960133862093,CORE_QQQ_CASH,W-local,COST25,True,NA,APPROXIMATE LOCAL
0.2068700954958893,W-local__PRICE_ONLY__NA__QQQ_HOLD,0.3561721824797637,W-local__PRICE_ONLY__NA__CORE_QQQ_GLD,5,FAIL,NOT EVALUABLE,PASS,PRICE_ONLY_REAL,5dc5ea08c509e0089a643fb8538760f883e58bcb4a7fb37bac411247abc4a855,200,0.16836526701997556,0.8316347329800245,0.0,-1.1295153262611585e-16,0.0,0.23104919783567612,35,3566,0,2016-09-16,2026-06-22,0.29564779561782495,7.610142715564856,70,2453,1.2300121451842694,34,0,69.96551724137932,CORE_QQQ_GLD,W-local,PRICE_ONLY,False,NA,APPROXIMATE LOCAL
0.2068700954958893,W-local__PRICE_ONLY__NA__QQQ_HOLD,0.3561721824797637,W-local__PRICE_ONLY__NA__QQQ_HOLD,5,FAIL,NOT EVALUABLE,FAIL,PRICE_ONLY_REAL,b269a053e6837d2c83e4f59012eb274631c51501394d0f9ba021a68508727685,200,0.0,1.0,0.0,0.0,0.0,0.2068700954958893,1,3566,0,2016-09-16,2026-06-22,0.3561721824797637,6.27021530183559,2,2453,0.9488039060520441,0,0,1.9995002498750625,QQQ_HOLD,W-local,PRICE_ONLY,False,NA,APPROXIMATE LOCAL
0.2068700954958893,W-local__PRICE_ONLY__NA__QQQ_HOLD,0.3561721824797637,W-local__PRICE_ONLY__NA__GLD_HOLD,5,FAIL,NOT EVALUABLE,FAIL,PRICE_ONLY_REAL,e7bd7f98304272b1bd92a8c20aab7d4757120e7097f55176861fbe2d05e8d249,200,1.0000000000000002,0.0,0.0,-1.6819008396719681e-16,0.0,0.1218595775213378,1,3566,0,2016-09-16,2026-06-22,0.24464609800363024,3.073041117451092,2,2453,0.7970406593743095,0,0,1.9995002498750627,GLD_HOLD,W-local,PRICE_ONLY,False,NA,APPROXIMATE LOCAL
0.2068700954958893,W-local__PRICE_ONLY__NA__QQQ_HOLD,0.3561721824797637,W-local__PRICE_ONLY__NA__SPY_HOLD,5,FAIL,NOT EVALUABLE,FAIL,PRICE_ONLY_REAL,cd23d310946371da3858456f5b1af2209d0839de2e562db67f4ecb1810d30531,200,0.0,0.0,1.0,0.0,0.0,0.1363531322490319,1,3566,0,2016-09-16,2026-06-22,0.34104746704498445,3.483352079815489,2,2453,0.7980472155774172,0,0,1.9995002498750625,SPY_HOLD,W-local,PRICE_ONLY,False,NA,APPROXIMATE LOCAL
0.2068700954958893,W-local__PRICE_ONLY__NA__QQQ_HOLD,0.3561721824797637,W-local__PRICE_ONLY__NA__QQQ_GLD_MONTHLY_50_50,5,FAIL,NOT EVALUABLE,FAIL,PRICE_ONLY_REAL,755e9ddd0173943ca6430e15ca05b83a0b3c083860f004c5ca991c49d4272a50,200,0.4994304125070448,0.5005695874929552,0.0,-6.477937062539337e-17,0.0,0.1714474349411359,2,3566,0,2016-09-16,2026-06-22,0.2409112038410497,4.687773492817592,238,2453,1.1638822942031832,0,0,5.093618087594379,QQQ_GLD_MONTHLY_50_50,W-local,PRICE_ONLY,False,NA,APPROXIMATE LOCAL
0.2068700954958893,W-local__PRICE_ONLY__NA__QQQ_HOLD,0.3561721824797637,W-local__PRICE_ONLY__NA__CORE_QQQ_CASH,5,FAIL,NOT EVALUABLE,FAIL,PRICE_ONLY_REAL,d92c443a98b81f748ef7fdad0664efa82de8f4c3294032ac047b9febf4544ca2,200,0.0,0.8316347329800245,0.0,0.1683652670199755,0.0,0.1851385283875795,18,3566,0,2016-09-16,2026-06-22,0.23178068607368774,5.250923074159969,36,2453,1.1029439766895928,34,0,35.99100449775113,CORE_QQQ_CASH,W-local,PRICE_ONLY,False,NA,APPROXIMATE LOCAL
0.1545520103352458,W-full__PRIMARY__B1__QQQ_HOLD,0.5340341758660161,W-full__PRIMARY__B1__CORE_QQQ_GLD,5,FAIL,NOT EVALUABLE,PASS,TOTAL_RETURN_REAL,610849ee6b602cb5f8641a016fc8317b01cec31a66266648b3855729d58b2e38,200,0.20365407030077065,0.7958078447308982,0.0,2.4954739827168222e-05,0.0005131302285039838,0.1396775758405593,129,7886,0,2004-11-18,2026-06-22,0.31419993792948253,16.826270946009405,325,5430,0.7935619081985503,128,0.018593393596628434,257.9036903644852,CORE_QQQ_GLD,W-full,PRIMARY,True,B1,W-full
0.1545520103352458,W-full__PRIMARY__B1__QQQ_HOLD,0.5340341758660161,W-full__PRIMARY__B1__QQQ_HOLD,5,FAIL,NOT EVALUABLE,FAIL,TOTAL_RETURN_REAL,ffe61eccf8dddcadc688604394a319d84bf0a96d7d300440a09ee3d04c5deb8d,200,0.0,0.9993407088550068,0.0,3.0346609682862536e-05,0.0006289445353103654,0.1545520103352458,1,7886,0,2004-11-18,2026-06-22,0.5340341758660161,22.26272502566468,88,5430,0.7760098601133636,0,0.02460079302561578,2.1631705768931426,QQQ_HOLD,W-full,PRIMARY,True,B1,W-full
0.1545520103352458,W-full__PRIMARY__B1__QQQ_HOLD,0.5340341758660161,W-full__PRIMARY__B1__GLD_HOLD,5,FAIL,NOT EVALUABLE,FAIL,TOTAL_RETURN_REAL,af0270c13a30fb8a0c58f1ae5cc2fbc33c4d35c20c03c81529fe49404072b133,200,1.0,0.0,0.0,0.0,0.0,0.10498829325893166,1,7886,0,2004-11-18,2026-06-22,0.4555501381439925,8.632596485912071,2,5430,0.6416021646641746,0,0.0,1.9995002498750625,GLD_HOLD,W-full,PRIMARY,True,B1,W-full
0.1545520103352458,W-full__PRIMARY__B1__QQQ_HOLD,0.5340341758660161,W-full__PRIMARY__B1__SPY_HOLD,5,FAIL,NOT EVALUABLE,FAIL,TOTAL_RETURN_REAL,fbe02f9deba0fb6a585235da894e2ecb68df7382649065f8e8d6fff9a0bbe66e,200,0.0,0.0,0.9978652526892017,7.176935415447266e-05,0.002062977956643883,0.10874646585151337,1,7886,0,2004-11-18,2026-06-22,0.5508278160984237,9.289217138949777,88,5430,0.6428586483352342,0,0.023705780800470994,2.385948703266493,SPY_HOLD,W-full,PRIMARY,True,B1,W-full
0.1545520103352458,W-full__PRIMARY__B1__QQQ_HOLD,0.5340341758660161,W-full__PRIMARY__B1__QQQ_GLD_MONTHLY_50_50,5,FAIL,NOT EVALUABLE,PASS,TOTAL_RETURN_REAL,31a51b19509cb32e7e8a9e80f1e8134a1b263956e288b3965b88c940e3e6aae4,200,0.49955629057558754,0.5001112226273262,0.0,1.530643904796736e-05,0.0003171803580382613,0.13843857409819016,2,7886,0,2004-11-18,2026-06-22,0.335109159794575,16.435700313032086,528,5430,0.9748503791786816,0,0.009374485703453004,9.341379665586128,QQQ_GLD_MONTHLY_50_50,W-full,PRIMARY,True,B1,W-full
0.1545520103352458,W-full__PRIMARY__B1__QQQ_HOLD,0.5340341758660161,W-full__PRIMARY__B1__CORE_QQQ_CASH,5,FAIL,NOT EVALUABLE,FAIL,TOTAL_RETURN_REAL,087af9fba6053495df844f2869692b8a51521c598eed25370fd2b2d6fdc195d7,200,0.0,0.795807366596504,0.0,0.20367903822787545,0.0005135951756205819,0.11759730006625024,65,7886,0,2004-11-18,2026-06-22,0.23954060468734728,11.02898034084984,194,5430,0.8047499271683299,128,0.012187261996725462,130.03868746386792,CORE_QQQ_CASH,W-full,PRIMARY,True,B1,W-full
0.1550716248156585,W-full__PRIMARY__B2__QQQ_HOLD,0.5340341758660128,W-full__PRIMARY__B2__CORE_QQQ_GLD,5,FAIL,NOT EVALUABLE,PASS,TOTAL_RETURN_REAL,ab4b941cff6ab7bfa19c2f6efebc5f79d1751ddc440bd2570dbae293aca623b5,200,0.20365223144432834,0.7957519819489858,0.0,2.6768772436191373e-05,0.0005690178342496541,0.14020142674209723,129,7886,0,2004-11-18,2026-06-22,0.3073615267062939,16.994053024847027,326,5430,0.7959622452941788,128,0.018778796425354436,257.87338307008736,CORE_QQQ_GLD,W-full,PRIMARY,True,B2,W-full
0.1550716248156585,W-full__PRIMARY__B2__QQQ_HOLD,0.5340341758660128,W-full__PRIMARY__B2__QQQ_HOLD,5,FAIL,NOT EVALUABLE,FAIL,TOTAL_RETURN_REAL,25b4343cadc3d6aacc8167ab89f269065cfcc01197d649309f3af1367a0ce9f7,200,0.0,0.9992834753104354,0.0,3.212298155835009e-05,0.0006844017080062494,0.1550716248156585,1,7886,0,2004-11-18,2026-06-22,0.5340341758660128,22.48006275618674,89,5430,0.7780613588477047,0,0.02484095592207358,2.172838551679088,QQQ_HOLD,W-full,PRIMARY,True,B2,W-full
0.1550716248156585,W-full__PRIMARY__B2__QQQ_HOLD,0.5340341758660128,W-full__PRIMARY__B2__GLD_HOLD,5,FAIL,NOT EVALUABLE,FAIL,TOTAL_RETURN_REAL,b2389c449eb60063dabdd6f62968f0fe71470932b1f15a7257af0997c1369a9d,200,1.0,0.0,0.0,0.0,0.0,0.10498829325893166,1,7886,0,2004-11-18,2026-06-22,0.4555501381439925,8.632596485912071,2,5430,0.6416021646641746,0,0.0,1.9995002498750625,GLD_HOLD,W-full,PRIMARY,True,B2,W-full
0.1550716248156585,W-full__PRIMARY__B2__QQQ_HOLD,0.5340341758660128,W-full__PRIMARY__B2__SPY_HOLD,5,FAIL,NOT EVALUABLE,FAIL,TOTAL_RETURN_REAL,ea8d1a81c9f7cee4ace160b32b27d98b721ce076ab5aa2346199bf8e0119d40a,200,0.0,0.0,0.9978652526892017,7.176935415447266e-05,0.002062977956643883,0.10874646585151337,1,7886,0,2004-11-18,2026-06-22,0.5508278160984237,9.289217138949777,88,5430,0.6428586483352342,0,0.023705780800470994,2.385948703266493,SPY_HOLD,W-full,PRIMARY,True,B2,W-full
0.1550716248156585,W-full__PRIMARY__B2__QQQ_HOLD,0.5340341758660128,W-full__PRIMARY__B2__QQQ_GLD_MONTHLY_50_50,5,FAIL,NOT EVALUABLE,PASS,TOTAL_RETURN_REAL,874723ce8999def467040b560bc47606c73461f0022fde427934c4e1f9e782c0,200,0.49954213151534493,0.5000976387080222,0.0,1.617351580714914e-05,0.00034405626082576065,0.13868866414711323,2,7886,0,2004-11-18,2026-06-22,0.33510915979457556,16.513833049572433,528,5430,0.9763056612790869,0,0.00941905053535671,9.341975669109289,QQQ_GLD_MONTHLY_50_50,W-full,PRIMARY,True,B2,W-full
0.1550716248156585,W-full__PRIMARY__B2__QQQ_HOLD,0.5340341758660128,W-full__PRIMARY__B2__CORE_QQQ_CASH,5,FAIL,NOT EVALUABLE,FAIL,TOTAL_RETURN_REAL,935adb7e86d676355274527ad7b8ff9be4489e40818bec335b14bf8c24f24bcf,200,0.0,0.7957517110698935,0.0,0.20367899216530638,0.0005692967648001653,0.1181061334037965,65,7886,0,2004-11-18,2026-06-22,0.2395406046873465,11.137907975900763,195,5430,0.8076328188056491,128,0.012307629391173245,130.0284623866577,CORE_QQQ_CASH,W-full,PRIMARY,True,B2,W-full
0.15512553072073465,W-full__PRIMARY__B3__QQQ_HOLD,0.5340341758660148,W-full__PRIMARY__B3__CORE_QQQ_GLD,5,FAIL,NOT EVALUABLE,PASS,TOTAL_RETURN_REAL,d13652551d100e67afb58de052982aa0340bb9448ec9cea70d485f1f4afe2c5a,200,0.20365407030077065,0.7958078447308982,0.0,2.4954739827168222e-05,0.0005131302285039838,0.1396775758405593,129,7886,0,2004-11-18,2026-06-22,0.31419993792948253,16.826270946009405,325,5430,0.7935619081985503,128,0.018593393596628434,257.9036903644852,CORE_QQQ_GLD,W-full,PRIMARY,True,B3,W-full
0.15512553072073465,W-full__PRIMARY__B3__QQQ_HOLD,0.5340341758660148,W-full__PRIMARY__B3__QQQ_HOLD,5,FAIL,NOT EVALUABLE,FAIL,TOTAL_RETURN_REAL,6aaab4163fd9c986d7a30d5b1226250dad8d2db40a6ff5386e739bfb5a990aa6,200,0.0,0.9992830124217956,0.0,3.2318410407462475e-05,0.0006846691677969621,0.15512553072073465,1,7886,0,2004-11-18,2026-06-22,0.5340341758660148,22.50272532295812,89,5430,0.778345054593008,0,0.02486599854888371,2.1738359080478196,QQQ_HOLD,W-full,PRIMARY,True,B3,W-full
0.15512553072073465,W-full__PRIMARY__B3__QQQ_HOLD,0.5340341758660148,W-full__PRIMARY__B3__GLD_HOLD,5,FAIL,NOT EVALUABLE,FAIL,TOTAL_RETURN_REAL,93236b2bad1cd72e1c1d17adeb2db37d141f159066f390e5048ff697b47c2ba1,200,1.0,0.0,0.0,0.0,0.0,0.10498829325893166,1,7886,0,2004-11-18,2026-06-22,0.4555501381439925,8.632596485912071,2,5430,0.6416021646641746,0,0.0,1.9995002498750625,GLD_HOLD,W-full,PRIMARY,True,B3,W-full
0.15512553072073465,W-full__PRIMARY__B3__QQQ_HOLD,0.5340341758660148,W-full__PRIMARY__B3__SPY_HOLD,5,FAIL,NOT EVALUABLE,FAIL,TOTAL_RETURN_REAL,03be0675bd6d783f73374a93c2855ed2c72f7784c5df00f6dea83fdefc7ba096,200,0.0,0.0,0.9978652526892017,7.176935415447266e-05,0.002062977956643883,0.10874646585151337,1,7886,0,2004-11-18,2026-06-22,0.5508278160984237,9.289217138949777,88,5430,0.6428586483352342,0,0.023705780800470994,2.385948703266493,SPY_HOLD,W-full,PRIMARY,True,B3,W-full
0.15512553072073465,W-full__PRIMARY__B3__QQQ_HOLD,0.5340341758660148,W-full__PRIMARY__B3__QQQ_GLD_MONTHLY_50_50,5,FAIL,NOT EVALUABLE,PASS,TOTAL_RETURN_REAL,d6e2d5151d928b9ec8a6697b00f85770bce4ce8b6dde465ea13041fb70e78c11,200,0.4995417882588087,0.500097175050162,0.0,1.6264480645382458e-05,0.00034477221038388785,0.13871388859364053,2,7886,0,2004-11-18,2026-06-22,0.3351091597945759,16.521733267227994,528,5430,0.9765449241172299,0,0.009423556609089775,9.341219199373182,QQQ_GLD_MONTHLY_50_50,W-full,PRIMARY,True,B3,W-full
0.15512553072073465,W-full__PRIMARY__B3__QQQ_HOLD,0.5340341758660148,W-full__PRIMARY__B3__CORE_QQQ_CASH,5,FAIL,NOT EVALUABLE,FAIL,TOTAL_RETURN_REAL,58d211930eb3b2b9f5e1d293297cefa8ff231d979beacf87e119740d4d6d1e3a,200,0.0,0.795807366596504,0.0,0.20367903822787545,0.0005135951756205819,0.11759730006625024,65,7886,0,2004-11-18,2026-06-22,0.23954060468734728,11.02898034084984,194,5430,0.8047499271683299,128,0.012187261996725462,130.03868746386792,CORE_QQQ_CASH,W-full,PRIMARY,True,B3,W-full
0.15564540331814158,W-full__PRIMARY__B4__QQQ_HOLD,0.534034175866015,W-full__PRIMARY__B4__CORE_QQQ_GLD,5,FAIL,NOT EVALUABLE,PASS,TOTAL_RETURN_REAL,a30ae66f03028c07598bf2f068d90860e31f28efa099207a380fb2e6db5c6e77,200,0.20365223144432834,0.7957519819489858,0.0,2.6768772436191373e-05,0.0005690178342496541,0.14020142674209723,129,7886,0,2004-11-18,2026-06-22,0.3073615267062939,16.994053024847027,326,5430,0.7959622452941788,128,0.018778796425354436,257.87338307008736,CORE_QQQ_GLD,W-full,PRIMARY,True,B4,W-full
0.15564540331814158,W-full__PRIMARY__B4__QQQ_HOLD,0.534034175866015,W-full__PRIMARY__B4__QQQ_HOLD,5,FAIL,NOT EVALUABLE,FAIL,TOTAL_RETURN_REAL,5f6ba48507d57267123ab24bfb4ade7714ca49d2ed6fcbe91578f9fff62dfef8,200,0.0,0.9992257788772242,0.0,3.409478228295004e-05,0.0007401263404928461,0.15564540331814158,1,7886,0,2004-11-18,2026-06-22,0.534034175866015,22.722406033499748,90,5430,0.7803964881949474,0,0.025108750488977552,2.1835038828337647,QQQ_HOLD,W-full,PRIMARY,True,B4,W-full
0.15564540331814158,W-full__PRIMARY__B4__QQQ_HOLD,0.534034175866015,W-full__PRIMARY__B4__GLD_HOLD,5,FAIL,NOT EVALUABLE,FAIL,TOTAL_RETURN_REAL,80b24e67e75632bb14359018f832c40fbd200f22e27625e6fe96aa55cbbbfb4c,200,1.0,0.0,0.0,0.0,0.0,0.10498829325893166,1,7886,0,2004-11-18,2026-06-22,0.4555501381439925,8.632596485912071,2,5430,0.6416021646641746,0,0.0,1.9995002498750625,GLD_HOLD,W-full,PRIMARY,True,B4,W-full
0.15564540331814158,W-full__PRIMARY__B4__QQQ_HOLD,0.534034175866015,W-full__PRIMARY__B4__SPY_HOLD,5,FAIL,NOT EVALUABLE,FAIL,TOTAL_RETURN_REAL,b95893e35125d8ad2f9a509cbcc6c04d594786382b77a963400c1f88246ac523,200,0.0,0.0,0.9978652526892017,7.176935415447266e-05,0.002062977956643883,0.10874646585151337,1,7886,0,2004-11-18,2026-06-22,0.5508278160984237,9.289217138949777,88,5430,0.6428586483352342,0,0.023705780800470994,2.385948703266493,SPY_HOLD,W-full,PRIMARY,True,B4,W-full
0.15564540331814158,W-full__PRIMARY__B4__QQQ_HOLD,0.534034175866015,W-full__PRIMARY__B4__QQQ_GLD_MONTHLY_50_50,5,FAIL,NOT EVALUABLE,PASS,TOTAL_RETURN_REAL,d0d2c7556397257ba84a87f7f046e45efa49de6a4681cde2f1a0f1a91f070a6c,200,0.4995276291985661,0.500083591130858,0.0,1.7131557404566354e-05,0.00037164811317138717,0.13896403912313704,2,7886,0,2004-11-18,2026-06-22,0.3351091597945748,16.60027499091379,528,5430,0.9780000816246932,0,0.009468354716367757,9.341815202896344,QQQ_GLD_MONTHLY_50_50,W-full,PRIMARY,True,B4,W-full
0.15564540331814158,W-full__PRIMARY__B4__QQQ_HOLD,0.534034175866015,W-full__PRIMARY__B4__CORE_QQQ_CASH,5,FAIL,NOT EVALUABLE,FAIL,TOTAL_RETURN_REAL,5a55a73d38e40e3391070451d4ed1873bdc0bf397a160f52c55187e8fa0f113b,200,0.0,0.7957517110698935,0.0,0.20367899216530638,0.0005692967648001653,0.1181061334037965,65,7886,0,2004-11-18,2026-06-22,0.2395406046873465,11.137907975900763,195,5430,0.8076328188056491,128,0.012307629391173245,130.0284623866577,CORE_QQQ_CASH,W-full,PRIMARY,True,B4,W-full
0.1545520103352458,W-full__PRIMARY__B5__QQQ_HOLD,0.5340341758660161,W-full__PRIMARY__B5__CORE_QQQ_GLD,5,FAIL,NOT EVALUABLE,PASS,TOTAL_RETURN_REAL,9a85d1789118c998609e98b11d2d0465e17670009b67377a325d18f1d70e9177,200,0.20365407030077065,0.7958078447308982,0.0,2.4954739827168222e-05,0.0005131302285039838,0.1396775758405593,129,7886,0,2004-11-18,2026-06-22,0.31419993792948253,16.826270946009405,325,5430,0.7935619081985503,128,0.018593393596628434,257.9036903644852,CORE_QQQ_GLD,W-full,PRIMARY,True,B5,W-full
0.1545520103352458,W-full__PRIMARY__B5__QQQ_HOLD,0.5340341758660161,W-full__PRIMARY__B5__QQQ_HOLD,5,FAIL,NOT EVALUABLE,FAIL,TOTAL_RETURN_REAL,8e948e6e1dbb4681d4bc4447f91c699521b9b1d0120af67f8f78ec90bc0997e6,200,0.0,0.9993407088550068,0.0,3.0346609682862536e-05,0.0006289445353103654,0.1545520103352458,1,7886,0,2004-11-18,2026-06-22,0.5340341758660161,22.26272502566468,88,5430,0.7760098601133636,0,0.02460079302561578,2.1631705768931426,QQQ_HOLD,W-full,PRIMARY,True,B5,W-full
0.1545520103352458,W-full__PRIMARY__B5__QQQ_HOLD,0.5340341758660161,W-full__PRIMARY__B5__GLD_HOLD,5,FAIL,NOT EVALUABLE,FAIL,TOTAL_RETURN_REAL,86f6270cf85e7bcb3b6bfb44e7242fd0d5dfc6df42c4099c41d08cae0d431efe,200,1.0,0.0,0.0,0.0,0.0,0.10498829325893166,1,7886,0,2004-11-18,2026-06-22,0.4555501381439925,8.632596485912071,2,5430,0.6416021646641746,0,0.0,1.9995002498750625,GLD_HOLD,W-full,PRIMARY,True,B5,W-full
0.1545520103352458,W-full__PRIMARY__B5__QQQ_HOLD,0.5340341758660161,W-full__PRIMARY__B5__SPY_HOLD,5,FAIL,NOT EVALUABLE,FAIL,TOTAL_RETURN_REAL,2997dc18e3b7cb11d4a752ba3cd653839dae201ce1a411e274755d0d5d21cd80,200,0.0,0.0,0.9978409395942328,7.174899292823371e-05,0.002087311412838966,0.10874301731353042,1,7886,0,2004-11-18,2026-06-22,0.5508278160984235,9.288593341724036,88,5430,0.6428474663750576,0,0.023704188890186575,2.3858818422383923,SPY_HOLD,W-full,PRIMARY,True,B5,W-full
0.1545520103352458,W-full__PRIMARY__B5__QQQ_HOLD,0.5340341758660161,W-full__PRIMARY__B5__QQQ_GLD_MONTHLY_50_50,5,FAIL,NOT EVALUABLE,PASS,TOTAL_RETURN_REAL,65533b8815f240c9489a54ccfdb0cb219ab95a244f66f2423f95af2749c00dce,200,0.49955629057558754,0.5001112226273262,0.0,1.530643904796736e-05,0.0003171803580382613,0.13843857409819016,2,7886,0,2004-11-18,2026-06-22,0.335109159794575,16.435700313032086,528,5430,0.9748503791786816,0,0.009374485703453004,9.341379665586128,QQQ_GLD_MONTHLY_50_50,W-full,PRIMARY,True,B5,W-full
0.1545520103352458,W-full__PRIMARY__B5__QQQ_HOLD,0.5340341758660161,W-full__PRIMARY__B5__CORE_QQQ_CASH,5,FAIL,NOT EVALUABLE,FAIL,TOTAL_RETURN_REAL,28f70beaa19b4cf213c4ebc583c8b3a321446241502d6f8e3dda4abd8d5a3eb9,200,0.0,0.795807366596504,0.0,0.20367903822787545,0.0005135951756205819,0.11759730006625024,65,7886,0,2004-11-18,2026-06-22,0.23954060468734728,11.02898034084984,194,5430,0.8047499271683299,128,0.012187261996725462,130.03868746386792,CORE_QQQ_CASH,W-full,PRIMARY,True,B5,W-full
0.1550716248156585,W-full__PRIMARY__B6__QQQ_HOLD,0.5340341758660128,W-full__PRIMARY__B6__CORE_QQQ_GLD,5,FAIL,NOT EVALUABLE,PASS,TOTAL_RETURN_REAL,e984eb5c737afc00d66e72c97e6d07fd13a321a497ca6f13c76a3f8f14c6dbd4,200,0.20365223144432834,0.7957519819489858,0.0,2.6768772436191373e-05,0.0005690178342496541,0.14020142674209723,129,7886,0,2004-11-18,2026-06-22,0.3073615267062939,16.994053024847027,326,5430,0.7959622452941788,128,0.018778796425354436,257.87338307008736,CORE_QQQ_GLD,W-full,PRIMARY,True,B6,W-full
0.1550716248156585,W-full__PRIMARY__B6__QQQ_HOLD,0.5340341758660128,W-full__PRIMARY__B6__QQQ_HOLD,5,FAIL,NOT EVALUABLE,FAIL,TOTAL_RETURN_REAL,57c94b8ff2dff26c47408726137bf04a306de5c94f21b40c26e009921495e881,200,0.0,0.9992834753104354,0.0,3.212298155835009e-05,0.0006844017080062494,0.1550716248156585,1,7886,0,2004-11-18,2026-06-22,0.5340341758660128,22.48006275618674,89,5430,0.7780613588477047,0,0.02484095592207358,2.172838551679088,QQQ_HOLD,W-full,PRIMARY,True,B6,W-full
0.1550716248156585,W-full__PRIMARY__B6__QQQ_HOLD,0.5340341758660128,W-full__PRIMARY__B6__GLD_HOLD,5,FAIL,NOT EVALUABLE,FAIL,TOTAL_RETURN_REAL,a677a0b52b05b9c99cbca4dfc169e57b74a19770b35533049290dab1e81fbbd2,200,1.0,0.0,0.0,0.0,0.0,0.10498829325893166,1,7886,0,2004-11-18,2026-06-22,0.4555501381439925,8.632596485912071,2,5430,0.6416021646641746,0,0.0,1.9995002498750625,GLD_HOLD,W-full,PRIMARY,True,B6,W-full
0.1550716248156585,W-full__PRIMARY__B6__QQQ_HOLD,0.5340341758660128,W-full__PRIMARY__B6__SPY_HOLD,5,FAIL,NOT EVALUABLE,FAIL,TOTAL_RETURN_REAL,f732f0bb99bff707e13319bdb419603844a2cd9f21e4330959d4db32a7442296,200,0.0,0.0,0.9978409395942328,7.174899292823371e-05,0.002087311412838966,0.10874301731353042,1,7886,0,2004-11-18,2026-06-22,0.5508278160984235,9.288593341724036,88,5430,0.6428474663750576,0,0.023704188890186575,2.3858818422383923,SPY_HOLD,W-full,PRIMARY,True,B6,W-full
0.1550716248156585,W-full__PRIMARY__B6__QQQ_HOLD,0.5340341758660128,W-full__PRIMARY__B6__QQQ_GLD_MONTHLY_50_50,5,FAIL,NOT EVALUABLE,PASS,TOTAL_RETURN_REAL,155232422f6eda0a990f76bdf656e548cf3b1dfecf798af0630894a2a1583ad2,200,0.49954213151534493,0.5000976387080222,0.0,1.617351580714914e-05,0.00034405626082576065,0.13868866414711323,2,7886,0,2004-11-18,2026-06-22,0.33510915979457556,16.513833049572433,528,5430,0.9763056612790869,0,0.00941905053535671,9.341975669109289,QQQ_GLD_MONTHLY_50_50,W-full,PRIMARY,True,B6,W-full
0.1550716248156585,W-full__PRIMARY__B6__QQQ_HOLD,0.5340341758660128,W-full__PRIMARY__B6__CORE_QQQ_CASH,5,FAIL,NOT EVALUABLE,FAIL,TOTAL_RETURN_REAL,e8f4514f23bcd19bba5dcbd6dd7f13a58dd888f872eaaf8c1308d8ed8bfa45c2,200,0.0,0.7957517110698935,0.0,0.20367899216530638,0.0005692967648001653,0.1181061334037965,65,7886,0,2004-11-18,2026-06-22,0.2395406046873465,11.137907975900763,195,5430,0.8076328188056491,128,0.012307629391173245,130.0284623866577,CORE_QQQ_CASH,W-full,PRIMARY,True,B6,W-full
0.15512553072073465,W-full__PRIMARY__B7__QQQ_HOLD,0.5340341758660148,W-full__PRIMARY__B7__CORE_QQQ_GLD,5,FAIL,NOT EVALUABLE,PASS,TOTAL_RETURN_REAL,c99125556f62255980fe22c50feb5e6197123b8f8050cba5042f35358a7a70b2,200,0.20365407030077065,0.7958078447308982,0.0,2.4954739827168222e-05,0.0005131302285039838,0.1396775758405593,129,7886,0,2004-11-18,2026-06-22,0.31419993792948253,16.826270946009405,325,5430,0.7935619081985503,128,0.018593393596628434,257.9036903644852,CORE_QQQ_GLD,W-full,PRIMARY,True,B7,W-full
0.15512553072073465,W-full__PRIMARY__B7__QQQ_HOLD,0.5340341758660148,W-full__PRIMARY__B7__QQQ_HOLD,5,FAIL,NOT EVALUABLE,FAIL,TOTAL_RETURN_REAL,2b5375e9d7297d7fe189e1bcaed6cf087a803742cb90a862a20cb5c6e51b8c79,200,0.0,0.9992830124217956,0.0,3.2318410407462475e-05,0.0006846691677969621,0.15512553072073465,1,7886,0,2004-11-18,2026-06-22,0.5340341758660148,22.50272532295812,89,5430,0.778345054593008,0,0.02486599854888371,2.1738359080478196,QQQ_HOLD,W-full,PRIMARY,True,B7,W-full
0.15512553072073465,W-full__PRIMARY__B7__QQQ_HOLD,0.5340341758660148,W-full__PRIMARY__B7__GLD_HOLD,5,FAIL,NOT EVALUABLE,FAIL,TOTAL_RETURN_REAL,2602273d2957d85aeed9eed183fc19f19d8ecf344a90f680084c49b1e1a7ea84,200,1.0,0.0,0.0,0.0,0.0,0.10498829325893166,1,7886,0,2004-11-18,2026-06-22,0.4555501381439925,8.632596485912071,2,5430,0.6416021646641746,0,0.0,1.9995002498750625,GLD_HOLD,W-full,PRIMARY,True,B7,W-full
0.15512553072073465,W-full__PRIMARY__B7__QQQ_HOLD,0.5340341758660148,W-full__PRIMARY__B7__SPY_HOLD,5,FAIL,NOT EVALUABLE,FAIL,TOTAL_RETURN_REAL,07c9a951b3a30ed90de4bffca96bef11719e90ebdfa1748f7126fd1d037a9c47,200,0.0,0.0,0.9978409395942328,7.174899292823371e-05,0.002087311412838966,0.10874301731353042,1,7886,0,2004-11-18,2026-06-22,0.5508278160984235,9.288593341724036,88,5430,0.6428474663750576,0,0.023704188890186575,2.3858818422383923,SPY_HOLD,W-full,PRIMARY,True,B7,W-full
0.15512553072073465,W-full__PRIMARY__B7__QQQ_HOLD,0.5340341758660148,W-full__PRIMARY__B7__QQQ_GLD_MONTHLY_50_50,5,FAIL,NOT EVALUABLE,PASS,TOTAL_RETURN_REAL,d845a9816d2fb759c81b0e2ae8d6c6e00608d076c7846fd2634e8f7076d9dc31,200,0.4995417882588087,0.500097175050162,0.0,1.6264480645382458e-05,0.00034477221038388785,0.13871388859364053,2,7886,0,2004-11-18,2026-06-22,0.3351091597945759,16.521733267227994,528,5430,0.9765449241172299,0,0.009423556609089775,9.341219199373182,QQQ_GLD_MONTHLY_50_50,W-full,PRIMARY,True,B7,W-full
0.15512553072073465,W-full__PRIMARY__B7__QQQ_HOLD,0.5340341758660148,W-full__PRIMARY__B7__CORE_QQQ_CASH,5,FAIL,NOT EVALUABLE,FAIL,TOTAL_RETURN_REAL,25b688912301cf97dad132aad27aba6318fb0909819cafca01448aef0ab57858,200,0.0,0.795807366596504,0.0,0.20367903822787545,0.0005135951756205819,0.11759730006625024,65,7886,0,2004-11-18,2026-06-22,0.23954060468734728,11.02898034084984,194,5430,0.8047499271683299,128,0.012187261996725462,130.03868746386792,CORE_QQQ_CASH,W-full,PRIMARY,True,B7,W-full
0.15564540331814158,W-full__PRIMARY__B8__QQQ_HOLD,0.534034175866015,W-full__PRIMARY__B8__CORE_QQQ_GLD,5,FAIL,NOT EVALUABLE,PASS,TOTAL_RETURN_REAL,0967db5e382187582a0b3344258e957e73a5bfb9de09ca8c92d361d3bdd22808,200,0.20365223144432834,0.7957519819489858,0.0,2.6768772436191373e-05,0.0005690178342496541,0.14020142674209723,129,7886,0,2004-11-18,2026-06-22,0.3073615267062939,16.994053024847027,326,5430,0.7959622452941788,128,0.018778796425354436,257.87338307008736,CORE_QQQ_GLD,W-full,PRIMARY,True,B8,W-full
0.15564540331814158,W-full__PRIMARY__B8__QQQ_HOLD,0.534034175866015,W-full__PRIMARY__B8__QQQ_HOLD,5,FAIL,NOT EVALUABLE,FAIL,TOTAL_RETURN_REAL,4dbc9d5ff6b877b811b5159d5f46553622ba071ebc5fedae98a3f3ceb758d06f,200,0.0,0.9992257788772242,0.0,3.409478228295004e-05,0.0007401263404928461,0.15564540331814158,1,7886,0,2004-11-18,2026-06-22,0.534034175866015,22.722406033499748,90,5430,0.7803964881949474,0,0.025108750488977552,2.1835038828337647,QQQ_HOLD,W-full,PRIMARY,True,B8,W-full
0.15564540331814158,W-full__PRIMARY__B8__QQQ_HOLD,0.534034175866015,W-full__PRIMARY__B8__GLD_HOLD,5,FAIL,NOT EVALUABLE,FAIL,TOTAL_RETURN_REAL,b2459d57b8f7a6c754361f732dd10d682faa8ff3efe8f9c268dfc3750c0a32d7,200,1.0,0.0,0.0,0.0,0.0,0.10498829325893166,1,7886,0,2004-11-18,2026-06-22,0.4555501381439925,8.632596485912071,2,5430,0.6416021646641746,0,0.0,1.9995002498750625,GLD_HOLD,W-full,PRIMARY,True,B8,W-full
0.15564540331814158,W-full__PRIMARY__B8__QQQ_HOLD,0.534034175866015,W-full__PRIMARY__B8__SPY_HOLD,5,FAIL,NOT EVALUABLE,FAIL,TOTAL_RETURN_REAL,aae3b8af24608cd8d7334a3ba41cdb7ee1033ec4512729677d189bd11afaa7d8,200,0.0,0.0,0.9978409395942328,7.174899292823371e-05,0.002087311412838966,0.10874301731353042,1,7886,0,2004-11-18,2026-06-22,0.5508278160984235,9.288593341724036,88,5430,0.6428474663750576,0,0.023704188890186575,2.3858818422383923,SPY_HOLD,W-full,PRIMARY,True,B8,W-full
0.15564540331814158,W-full__PRIMARY__B8__QQQ_HOLD,0.534034175866015,W-full__PRIMARY__B8__QQQ_GLD_MONTHLY_50_50,5,FAIL,NOT EVALUABLE,PASS,TOTAL_RETURN_REAL,0bc2599748d194b9312b032fbd9aebc190911d2b8085e32b9292ed9a61ac2713,200,0.4995276291985661,0.500083591130858,0.0,1.7131557404566354e-05,0.00037164811317138717,0.13896403912313704,2,7886,0,2004-11-18,2026-06-22,0.3351091597945748,16.60027499091379,528,5430,0.9780000816246932,0,0.009468354716367757,9.341815202896344,QQQ_GLD_MONTHLY_50_50,W-full,PRIMARY,True,B8,W-full
0.15564540331814158,W-full__PRIMARY__B8__QQQ_HOLD,0.534034175866015,W-full__PRIMARY__B8__CORE_QQQ_CASH,5,FAIL,NOT EVALUABLE,FAIL,TOTAL_RETURN_REAL,93f7e05a45ae8b76f99ff0f62622af741f92539781c0018e317ee6f00e5f1ad3,200,0.0,0.7957517110698935,0.0,0.20367899216530638,0.0005692967648001653,0.1181061334037965,65,7886,0,2004-11-18,2026-06-22,0.2395406046873465,11.137907975900763,195,5430,0.8076328188056491,128,0.012307629391173245,130.0284623866577,CORE_QQQ_CASH,W-full,PRIMARY,True,B8,W-full
0.1545520103352458,W-full__MA150__B1__QQQ_HOLD,0.5340341758660161,W-full__MA150__B1__CORE_QQQ_GLD,5,FAIL,NOT EVALUABLE,PASS,TOTAL_RETURN_REAL,ab558ede09e106729576767a697dbf29b6c61da22c200d57fdd870ee655a5836,150,0.21358840351460023,0.7858647609210837,0.0,2.5104087217964447e-05,0.0005217314770981626,0.13598816804652847,155,7886,0,2004-11-18,2026-06-22,0.38979967987893027,15.688569447999662,379,5430,0.7869417149853272,154,0.0173362088160057,309.80421418966444,CORE_QQQ_GLD,W-full,MA150,True,B1,W-full
0.1545520103352458,W-full__MA150__B1__QQQ_HOLD,0.5340341758660161,W-full__MA150__B1__QQQ_HOLD,5,FAIL,NOT EVALUABLE,FAIL,TOTAL_RETURN_REAL,ffe61eccf8dddcadc688604394a319d84bf0a96d7d300440a09ee3d04c5deb8d,150,0.0,0.9993407088550068,0.0,3.0346609682862536e-05,0.0006289445353103654,0.1545520103352458,1,7886,0,2004-11-18,2026-06-22,0.5340341758660161,22.26272502566468,88,5430,0.7760098601133636,0,0.02460079302561578,2.1631705768931426,QQQ_HOLD,W-full,MA150,True,B1,W-full
0.1545520103352458,W-full__MA150__B1__QQQ_HOLD,0.5340341758660161,W-full__MA150__B1__GLD_HOLD,5,FAIL,NOT EVALUABLE,FAIL,TOTAL_RETURN_REAL,af0270c13a30fb8a0c58f1ae5cc2fbc33c4d35c20c03c81529fe49404072b133,150,1.0,0.0,0.0,0.0,0.0,0.10498829325893166,1,7886,0,2004-11-18,2026-06-22,0.4555501381439925,8.632596485912071,2,5430,0.6416021646641746,0,0.0,1.9995002498750625,GLD_HOLD,W-full,MA150,True,B1,W-full
0.1545520103352458,W-full__MA150__B1__QQQ_HOLD,0.5340341758660161,W-full__MA150__B1__SPY_HOLD,5,FAIL,NOT EVALUABLE,FAIL,TOTAL_RETURN_REAL,fbe02f9deba0fb6a585235da894e2ecb68df7382649065f8e8d6fff9a0bbe66e,150,0.0,0.0,0.9978652526892017,7.176935415447266e-05,0.002062977956643883,0.10874646585151337,1,7886,0,2004-11-18,2026-06-22,0.5508278160984237,9.289217138949777,88,5430,0.6428586483352342,0,0.023705780800470994,2.385948703266493,SPY_HOLD,W-full,MA150,True,B1,W-full
0.1545520103352458,W-full__MA150__B1__QQQ_HOLD,0.5340341758660161,W-full__MA150__B1__QQQ_GLD_MONTHLY_50_50,5,FAIL,NOT EVALUABLE,PASS,TOTAL_RETURN_REAL,31a51b19509cb32e7e8a9e80f1e8134a1b263956e288b3965b88c940e3e6aae4,150,0.49955629057558754,0.5001112226273262,0.0,1.530643904796736e-05,0.0003171803580382613,0.13843857409819016,2,7886,0,2004-11-18,2026-06-22,0.335109159794575,16.435700313032086,528,5430,0.9748503791786816,0,0.009374485703453004,9.341379665586128,QQQ_GLD_MONTHLY_50_50,W-full,MA150,True,B1,W-full
0.1545520103352458,W-full__MA150__B1__QQQ_HOLD,0.5340341758660161,W-full__MA150__B1__CORE_QQQ_CASH,5,FAIL,NOT EVALUABLE,FAIL,TOTAL_RETURN_REAL,052218d537b64255d0f926a40df610a8bbfbee6821b72f5639912e095477834e,150,0.0,0.7858645227508825,0.0,0.21361355039930074,0.0005219268498167779,0.11937641916331354,78,7886,0,2004-11-18,2026-06-22,0.2582413630552468,11.41433807835231,218,5430,0.8335379569555924,154,0.012613090637657292,155.99019578784146,CORE_QQQ_CASH,W-full,MA150,True,B1,W-full
0.1550716248156585,W-full__MA150__B2__QQQ_HOLD,0.5340341758660128,W-full__MA150__B2__CORE_QQQ_GLD,5,FAIL,NOT EVALUABLE,PASS,TOTAL_RETURN_REAL,846bef4eebae68b59fd6ffff13ae5d98a261b5c329f19cf9a260a243b05eeb88,150,0.21358656465815792,0.7858088981391713,0.0,2.6918119826973544e-05,0.0005776190828438327,0.1365103231179141,155,7886,0,2004-11-18,2026-06-22,0.38371510662165875,15.845007009502735,380,5430,0.7893849020369759,154,0.01750907570752649,309.7739068952665,CORE_QQQ_GLD,W-full,MA150,True,B2,W-full
0.1550716248156585,W-full__MA150__B2__QQQ_HOLD,0.5340341758660128,W-full__MA150__B2__QQQ_HOLD,5,FAIL,NOT EVALUABLE,FAIL,TOTAL_RETURN_REAL,25b4343cadc3d6aacc8167ab89f269065cfcc01197d649309f3af1367a0ce9f7,150,0.0,0.9992834753104354,0.0,3.212298155835009e-05,0.0006844017080062494,0.1550716248156585,1,7886,0,2004-11-18,2026-06-22,0.5340341758660128,22.48006275618674,89,5430,0.7780613588477047,0,0.02484095592207358,2.172838551679088,QQQ_HOLD,W-full,MA150,True,B2,W-full
0.1550716248156585,W-full__MA150__B2__QQQ_HOLD,0.5340341758660128,W-full__MA150__B2__GLD_HOLD,5,FAIL,NOT EVALUABLE,FAIL,TOTAL_RETURN_REAL,b2389c449eb60063dabdd6f62968f0fe71470932b1f15a7257af0997c1369a9d,150,1.0,0.0,0.0,0.0,0.0,0.10498829325893166,1,7886,0,2004-11-18,2026-06-22,0.4555501381439925,8.632596485912071,2,5430,0.6416021646641746,0,0.0,1.9995002498750625,GLD_HOLD,W-full,MA150,True,B2,W-full
0.1550716248156585,W-full__MA150__B2__QQQ_HOLD,0.5340341758660128,W-full__MA150__B2__SPY_HOLD,5,FAIL,NOT EVALUABLE,FAIL,TOTAL_RETURN_REAL,ea8d1a81c9f7cee4ace160b32b27d98b721ce076ab5aa2346199bf8e0119d40a,150,0.0,0.0,0.9978652526892017,7.176935415447266e-05,0.002062977956643883,0.10874646585151337,1,7886,0,2004-11-18,2026-06-22,0.5508278160984237,9.289217138949777,88,5430,0.6428586483352342,0,0.023705780800470994,2.385948703266493,SPY_HOLD,W-full,MA150,True,B2,W-full
0.1550716248156585,W-full__MA150__B2__QQQ_HOLD,0.5340341758660128,W-full__MA150__B2__QQQ_GLD_MONTHLY_50_50,5,FAIL,NOT EVALUABLE,PASS,TOTAL_RETURN_REAL,874723ce8999def467040b560bc47606c73461f0022fde427934c4e1f9e782c0,150,0.49954213151534493,0.5000976387080222,0.0,1.617351580714914e-05,0.00034405626082576065,0.13868866414711323,2,7886,0,2004-11-18,2026-06-22,0.33510915979457556,16.513833049572433,528,5430,0.9763056612790869,0,0.00941905053535671,9.341975669109289,QQQ_GLD_MONTHLY_50_50,W-full,MA150,True,B2,W-full
0.1550716248156585,W-full__MA150__B2__QQQ_HOLD,0.5340341758660128,W-full__MA150__B2__CORE_QQQ_CASH,5,FAIL,NOT EVALUABLE,FAIL,TOTAL_RETURN_REAL,5f763815222baf61f38285eb2f018dd2f0a91fafb947f518e5ca03571b2c92d3,150,0.0,0.785808867224272,0.0,0.21361350433673165,0.0005776284389963614,0.11988606251991407,78,7886,0,2004-11-18,2026-06-22,0.25824136305524437,11.52707169597802,219,5430,0.8364929072256868,154,0.012737663725229902,155.97997071063125,CORE_QQQ_CASH,W-full,MA150,True,B2,W-full
0.15512553072073465,W-full__MA150__B3__QQQ_HOLD,0.5340341758660148,W-full__MA150__B3__CORE_QQQ_GLD,5,FAIL,NOT EVALUABLE,PASS,TOTAL_RETURN_REAL,980cecd1307fb322410935a7f7349298fa5aecf6d1888aa5cf4abce11b352a6b,150,0.21358840351460023,0.7858647609210837,0.0,2.5104087217964447e-05,0.0005217314770981626,0.13598816804652847,155,7886,0,2004-11-18,2026-06-22,0.38979967987893027,15.688569447999662,379,5430,0.7869417149853272,154,0.0173362088160057,309.80421418966444,CORE_QQQ_GLD,W-full,MA150,True,B3,W-full
0.15512553072073465,W-full__MA150__B3__QQQ_HOLD,0.5340341758660148,W-full__MA150__B3__QQQ_HOLD,5,FAIL,NOT EVALUABLE,FAIL,TOTAL_RETURN_REAL,6aaab4163fd9c986d7a30d5b1226250dad8d2db40a6ff5386e739bfb5a990aa6,150,0.0,0.9992830124217956,0.0,3.2318410407462475e-05,0.0006846691677969621,0.15512553072073465,1,7886,0,2004-11-18,2026-06-22,0.5340341758660148,22.50272532295812,89,5430,0.778345054593008,0,0.02486599854888371,2.1738359080478196,QQQ_HOLD,W-full,MA150,True,B3,W-full
0.15512553072073465,W-full__MA150__B3__QQQ_HOLD,0.5340341758660148,W-full__MA150__B3__GLD_HOLD,5,FAIL,NOT EVALUABLE,FAIL,TOTAL_RETURN_REAL,93236b2bad1cd72e1c1d17adeb2db37d141f159066f390e5048ff697b47c2ba1,150,1.0,0.0,0.0,0.0,0.0,0.10498829325893166,1,7886,0,2004-11-18,2026-06-22,0.4555501381439925,8.632596485912071,2,5430,0.6416021646641746,0,0.0,1.9995002498750625,GLD_HOLD,W-full,MA150,True,B3,W-full
0.15512553072073465,W-full__MA150__B3__QQQ_HOLD,0.5340341758660148,W-full__MA150__B3__SPY_HOLD,5,FAIL,NOT EVALUABLE,FAIL,TOTAL_RETURN_REAL,03be0675bd6d783f73374a93c2855ed2c72f7784c5df00f6dea83fdefc7ba096,150,0.0,0.0,0.9978652526892017,7.176935415447266e-05,0.002062977956643883,0.10874646585151337,1,7886,0,2004-11-18,2026-06-22,0.5508278160984237,9.289217138949777,88,5430,0.6428586483352342,0,0.023705780800470994,2.385948703266493,SPY_HOLD,W-full,MA150,True,B3,W-full
0.15512553072073465,W-full__MA150__B3__QQQ_HOLD,0.5340341758660148,W-full__MA150__B3__QQQ_GLD_MONTHLY_50_50,5,FAIL,NOT EVALUABLE,PASS,TOTAL_RETURN_REAL,d6e2d5151d928b9ec8a6697b00f85770bce4ce8b6dde465ea13041fb70e78c11,150,0.4995417882588087,0.500097175050162,0.0,1.6264480645382458e-05,0.00034477221038388785,0.13871388859364053,2,7886,0,2004-11-18,2026-06-22,0.3351091597945759,16.521733267227994,528,5430,0.9765449241172299,0,0.009423556609089775,9.341219199373182,QQQ_GLD_MONTHLY_50_50,W-full,MA150,True,B3,W-full
0.15512553072073465,W-full__MA150__B3__QQQ_HOLD,0.5340341758660148,W-full__MA150__B3__CORE_QQQ_CASH,5,FAIL,NOT EVALUABLE,FAIL,TOTAL_RETURN_REAL,c718408cbff7002057b79a9d682ae334fb5a9c4275be75b31f1c3c308456eb73,150,0.0,0.7858645227508825,0.0,0.21361355039930074,0.0005219268498167779,0.11937641916331354,78,7886,0,2004-11-18,2026-06-22,0.2582413630552468,11.41433807835231,218,5430,0.8335379569555924,154,0.012613090637657292,155.99019578784146,CORE_QQQ_CASH,W-full,MA150,True,B3,W-full
0.15564540331814158,W-full__MA150__B4__QQQ_HOLD,0.534034175866015,W-full__MA150__B4__CORE_QQQ_GLD,5,FAIL,NOT EVALUABLE,PASS,TOTAL_RETURN_REAL,57dec1c3c6726fe619c2541d638eab41461e30f43ddf6c4f6a66330c6656a36a,150,0.21358656465815792,0.7858088981391713,0.0,2.6918119826973544e-05,0.0005776190828438327,0.1365103231179141,155,7886,0,2004-11-18,2026-06-22,0.38371510662165875,15.845007009502735,380,5430,0.7893849020369759,154,0.01750907570752649,309.7739068952665,CORE_QQQ_GLD,W-full,MA150,True,B4,W-full
0.15564540331814158,W-full__MA150__B4__QQQ_HOLD,0.534034175866015,W-full__MA150__B4__QQQ_HOLD,5,FAIL,NOT EVALUABLE,FAIL,TOTAL_RETURN_REAL,5f6ba48507d57267123ab24bfb4ade7714ca49d2ed6fcbe91578f9fff62dfef8,150,0.0,0.9992257788772242,0.0,3.409478228295004e-05,0.0007401263404928461,0.15564540331814158,1,7886,0,2004-11-18,2026-06-22,0.534034175866015,22.722406033499748,90,5430,0.7803964881949474,0,0.025108750488977552,2.1835038828337647,QQQ_HOLD,W-full,MA150,True,B4,W-full
0.15564540331814158,W-full__MA150__B4__QQQ_HOLD,0.534034175866015,W-full__MA150__B4__GLD_HOLD,5,FAIL,NOT EVALUABLE,FAIL,TOTAL_RETURN_REAL,80b24e67e75632bb14359018f832c40fbd200f22e27625e6fe96aa55cbbbfb4c,150,1.0,0.0,0.0,0.0,0.0,0.10498829325893166,1,7886,0,2004-11-18,2026-06-22,0.4555501381439925,8.632596485912071,2,5430,0.6416021646641746,0,0.0,1.9995002498750625,GLD_HOLD,W-full,MA150,True,B4,W-full
0.15564540331814158,W-full__MA150__B4__QQQ_HOLD,0.534034175866015,W-full__MA150__B4__SPY_HOLD,5,FAIL,NOT EVALUABLE,FAIL,TOTAL_RETURN_REAL,b95893e35125d8ad2f9a509cbcc6c04d594786382b77a963400c1f88246ac523,150,0.0,0.0,0.9978652526892017,7.176935415447266e-05,0.002062977956643883,0.10874646585151337,1,7886,0,2004-11-18,2026-06-22,0.5508278160984237,9.289217138949777,88,5430,0.6428586483352342,0,0.023705780800470994,2.385948703266493,SPY_HOLD,W-full,MA150,True,B4,W-full
0.15564540331814158,W-full__MA150__B4__QQQ_HOLD,0.534034175866015,W-full__MA150__B4__QQQ_GLD_MONTHLY_50_50,5,FAIL,NOT EVALUABLE,PASS,TOTAL_RETURN_REAL,d0d2c7556397257ba84a87f7f046e45efa49de6a4681cde2f1a0f1a91f070a6c,150,0.4995276291985661,0.500083591130858,0.0,1.7131557404566354e-05,0.00037164811317138717,0.13896403912313704,2,7886,0,2004-11-18,2026-06-22,0.3351091597945748,16.60027499091379,528,5430,0.9780000816246932,0,0.009468354716367757,9.341815202896344,QQQ_GLD_MONTHLY_50_50,W-full,MA150,True,B4,W-full
0.15564540331814158,W-full__MA150__B4__QQQ_HOLD,0.534034175866015,W-full__MA150__B4__CORE_QQQ_CASH,5,FAIL,NOT EVALUABLE,FAIL,TOTAL_RETURN_REAL,450e28d7f3cc7c002fcd246370c74b24749616b7ea22dde53b3ee71ec5c2353f,150,0.0,0.785808867224272,0.0,0.21361350433673165,0.0005776284389963614,0.11988606251991407,78,7886,0,2004-11-18,2026-06-22,0.25824136305524437,11.52707169597802,219,5430,0.8364929072256868,154,0.012737663725229902,155.97997071063125,CORE_QQQ_CASH,W-full,MA150,True,B4,W-full
0.1545520103352458,W-full__MA150__B5__QQQ_HOLD,0.5340341758660161,W-full__MA150__B5__CORE_QQQ_GLD,5,FAIL,NOT EVALUABLE,PASS,TOTAL_RETURN_REAL,887a3c8ffa141370b1e3272dd5277d07013b7d0112bb14c0084cb1c73aa9fa79,150,0.21358840351460023,0.7858647609210837,0.0,2.5104087217964447e-05,0.0005217314770981626,0.13598816804652847,155,7886,0,2004-11-18,2026-06-22,0.38979967987893027,15.688569447999662,379,5430,0.7869417149853272,154,0.0173362088160057,309.80421418966444,CORE_QQQ_GLD,W-full,MA150,True,B5,W-full
0.1545520103352458,W-full__MA150__B5__QQQ_HOLD,0.5340341758660161,W-full__MA150__B5__QQQ_HOLD,5,FAIL,NOT EVALUABLE,FAIL,TOTAL_RETURN_REAL,8e948e6e1dbb4681d4bc4447f91c699521b9b1d0120af67f8f78ec90bc0997e6,150,0.0,0.9993407088550068,0.0,3.0346609682862536e-05,0.0006289445353103654,0.1545520103352458,1,7886,0,2004-11-18,2026-06-22,0.5340341758660161,22.26272502566468,88,5430,0.7760098601133636,0,0.02460079302561578,2.1631705768931426,QQQ_HOLD,W-full,MA150,True,B5,W-full
0.1545520103352458,W-full__MA150__B5__QQQ_HOLD,0.5340341758660161,W-full__MA150__B5__GLD_HOLD,5,FAIL,NOT EVALUABLE,FAIL,TOTAL_RETURN_REAL,86f6270cf85e7bcb3b6bfb44e7242fd0d5dfc6df42c4099c41d08cae0d431efe,150,1.0,0.0,0.0,0.0,0.0,0.10498829325893166,1,7886,0,2004-11-18,2026-06-22,0.4555501381439925,8.632596485912071,2,5430,0.6416021646641746,0,0.0,1.9995002498750625,GLD_HOLD,W-full,MA150,True,B5,W-full
0.1545520103352458,W-full__MA150__B5__QQQ_HOLD,0.5340341758660161,W-full__MA150__B5__SPY_HOLD,5,FAIL,NOT EVALUABLE,FAIL,TOTAL_RETURN_REAL,2997dc18e3b7cb11d4a752ba3cd653839dae201ce1a411e274755d0d5d21cd80,150,0.0,0.0,0.9978409395942328,7.174899292823371e-05,0.002087311412838966,0.10874301731353042,1,7886,0,2004-11-18,2026-06-22,0.5508278160984235,9.288593341724036,88,5430,0.6428474663750576,0,0.023704188890186575,2.3858818422383923,SPY_HOLD,W-full,MA150,True,B5,W-full
0.1545520103352458,W-full__MA150__B5__QQQ_HOLD,0.5340341758660161,W-full__MA150__B5__QQQ_GLD_MONTHLY_50_50,5,FAIL,NOT EVALUABLE,PASS,TOTAL_RETURN_REAL,65533b8815f240c9489a54ccfdb0cb219ab95a244f66f2423f95af2749c00dce,150,0.49955629057558754,0.5001112226273262,0.0,1.530643904796736e-05,0.0003171803580382613,0.13843857409819016,2,7886,0,2004-11-18,2026-06-22,0.335109159794575,16.435700313032086,528,5430,0.9748503791786816,0,0.009374485703453004,9.341379665586128,QQQ_GLD_MONTHLY_50_50,W-full,MA150,True,B5,W-full
0.1545520103352458,W-full__MA150__B5__QQQ_HOLD,0.5340341758660161,W-full__MA150__B5__CORE_QQQ_CASH,5,FAIL,NOT EVALUABLE,FAIL,TOTAL_RETURN_REAL,ce855ddeaefda807763664010140a87290fb72d8b58a34b4341f857305ce4a92,150,0.0,0.7858645227508825,0.0,0.21361355039930074,0.0005219268498167779,0.11937641916331354,78,7886,0,2004-11-18,2026-06-22,0.2582413630552468,11.41433807835231,218,5430,0.8335379569555924,154,0.012613090637657292,155.99019578784146,CORE_QQQ_CASH,W-full,MA150,True,B5,W-full
0.1550716248156585,W-full__MA150__B6__QQQ_HOLD,0.5340341758660128,W-full__MA150__B6__CORE_QQQ_GLD,5,FAIL,NOT EVALUABLE,PASS,TOTAL_RETURN_REAL,f9caaa6b316b3a4558c8e3fd85ff73c3108dbde5a80ea4cd8aecd2f6fdb1c6c3,150,0.21358656465815792,0.7858088981391713,0.0,2.6918119826973544e-05,0.0005776190828438327,0.1365103231179141,155,7886,0,2004-11-18,2026-06-22,0.38371510662165875,15.845007009502735,380,5430,0.7893849020369759,154,0.01750907570752649,309.7739068952665,CORE_QQQ_GLD,W-full,MA150,True,B6,W-full
0.1550716248156585,W-full__MA150__B6__QQQ_HOLD,0.5340341758660128,W-full__MA150__B6__QQQ_HOLD,5,FAIL,NOT EVALUABLE,FAIL,TOTAL_RETURN_REAL,57c94b8ff2dff26c47408726137bf04a306de5c94f21b40c26e009921495e881,150,0.0,0.9992834753104354,0.0,3.212298155835009e-05,0.0006844017080062494,0.1550716248156585,1,7886,0,2004-11-18,2026-06-22,0.5340341758660128,22.48006275618674,89,5430,0.7780613588477047,0,0.02484095592207358,2.172838551679088,QQQ_HOLD,W-full,MA150,True,B6,W-full
0.1550716248156585,W-full__MA150__B6__QQQ_HOLD,0.5340341758660128,W-full__MA150__B6__GLD_HOLD,5,FAIL,NOT EVALUABLE,FAIL,TOTAL_RETURN_REAL,a677a0b52b05b9c99cbca4dfc169e57b74a19770b35533049290dab1e81fbbd2,150,1.0,0.0,0.0,0.0,0.0,0.10498829325893166,1,7886,0,2004-11-18,2026-06-22,0.4555501381439925,8.632596485912071,2,5430,0.6416021646641746,0,0.0,1.9995002498750625,GLD_HOLD,W-full,MA150,True,B6,W-full
0.1550716248156585,W-full__MA150__B6__QQQ_HOLD,0.5340341758660128,W-full__MA150__B6__SPY_HOLD,5,FAIL,NOT EVALUABLE,FAIL,TOTAL_RETURN_REAL,f732f0bb99bff707e13319bdb419603844a2cd9f21e4330959d4db32a7442296,150,0.0,0.0,0.9978409395942328,7.174899292823371e-05,0.002087311412838966,0.10874301731353042,1,7886,0,2004-11-18,2026-06-22,0.5508278160984235,9.288593341724036,88,5430,0.6428474663750576,0,0.023704188890186575,2.3858818422383923,SPY_HOLD,W-full,MA150,True,B6,W-full
0.1550716248156585,W-full__MA150__B6__QQQ_HOLD,0.5340341758660128,W-full__MA150__B6__QQQ_GLD_MONTHLY_50_50,5,FAIL,NOT EVALUABLE,PASS,TOTAL_RETURN_REAL,155232422f6eda0a990f76bdf656e548cf3b1dfecf798af0630894a2a1583ad2,150,0.49954213151534493,0.5000976387080222,0.0,1.617351580714914e-05,0.00034405626082576065,0.13868866414711323,2,7886,0,2004-11-18,2026-06-22,0.33510915979457556,16.513833049572433,528,5430,0.9763056612790869,0,0.00941905053535671,9.341975669109289,QQQ_GLD_MONTHLY_50_50,W-full,MA150,True,B6,W-full
0.1550716248156585,W-full__MA150__B6__QQQ_HOLD,0.5340341758660128,W-full__MA150__B6__CORE_QQQ_CASH,5,FAIL,NOT EVALUABLE,FAIL,TOTAL_RETURN_REAL,5b112d70a42e50b4618c0feef7b85c0378e9ebb9f3d4ae835ba63c6f31022bb8,150,0.0,0.785808867224272,0.0,0.21361350433673165,0.0005776284389963614,0.11988606251991407,78,7886,0,2004-11-18,2026-06-22,0.25824136305524437,11.52707169597802,219,5430,0.8364929072256868,154,0.012737663725229902,155.97997071063125,CORE_QQQ_CASH,W-full,MA150,True,B6,W-full
0.15512553072073465,W-full__MA150__B7__QQQ_HOLD,0.5340341758660148,W-full__MA150__B7__CORE_QQQ_GLD,5,FAIL,NOT EVALUABLE,PASS,TOTAL_RETURN_REAL,79f15bdbcf77525fd1d732b973dc51d5f8445131096395f9312e7b24262b6d11,150,0.21358840351460023,0.7858647609210837,0.0,2.5104087217964447e-05,0.0005217314770981626,0.13598816804652847,155,7886,0,2004-11-18,2026-06-22,0.38979967987893027,15.688569447999662,379,5430,0.7869417149853272,154,0.0173362088160057,309.80421418966444,CORE_QQQ_GLD,W-full,MA150,True,B7,W-full
0.15512553072073465,W-full__MA150__B7__QQQ_HOLD,0.5340341758660148,W-full__MA150__B7__QQQ_HOLD,5,FAIL,NOT EVALUABLE,FAIL,TOTAL_RETURN_REAL,2b5375e9d7297d7fe189e1bcaed6cf087a803742cb90a862a20cb5c6e51b8c79,150,0.0,0.9992830124217956,0.0,3.2318410407462475e-05,0.0006846691677969621,0.15512553072073465,1,7886,0,2004-11-18,2026-06-22,0.5340341758660148,22.50272532295812,89,5430,0.778345054593008,0,0.02486599854888371,2.1738359080478196,QQQ_HOLD,W-full,MA150,True,B7,W-full
0.15512553072073465,W-full__MA150__B7__QQQ_HOLD,0.5340341758660148,W-full__MA150__B7__GLD_HOLD,5,FAIL,NOT EVALUABLE,FAIL,TOTAL_RETURN_REAL,2602273d2957d85aeed9eed183fc19f19d8ecf344a90f680084c49b1e1a7ea84,150,1.0,0.0,0.0,0.0,0.0,0.10498829325893166,1,7886,0,2004-11-18,2026-06-22,0.4555501381439925,8.632596485912071,2,5430,0.6416021646641746,0,0.0,1.9995002498750625,GLD_HOLD,W-full,MA150,True,B7,W-full
0.15512553072073465,W-full__MA150__B7__QQQ_HOLD,0.5340341758660148,W-full__MA150__B7__SPY_HOLD,5,FAIL,NOT EVALUABLE,FAIL,TOTAL_RETURN_REAL,07c9a951b3a30ed90de4bffca96bef11719e90ebdfa1748f7126fd1d037a9c47,150,0.0,0.0,0.9978409395942328,7.174899292823371e-05,0.002087311412838966,0.10874301731353042,1,7886,0,2004-11-18,2026-06-22,0.5508278160984235,9.288593341724036,88,5430,0.6428474663750576,0,0.023704188890186575,2.3858818422383923,SPY_HOLD,W-full,MA150,True,B7,W-full
0.15512553072073465,W-full__MA150__B7__QQQ_HOLD,0.5340341758660148,W-full__MA150__B7__QQQ_GLD_MONTHLY_50_50,5,FAIL,NOT EVALUABLE,PASS,TOTAL_RETURN_REAL,d845a9816d2fb759c81b0e2ae8d6c6e00608d076c7846fd2634e8f7076d9dc31,150,0.4995417882588087,0.500097175050162,0.0,1.6264480645382458e-05,0.00034477221038388785,0.13871388859364053,2,7886,0,2004-11-18,2026-06-22,0.3351091597945759,16.521733267227994,528,5430,0.9765449241172299,0,0.009423556609089775,9.341219199373182,QQQ_GLD_MONTHLY_50_50,W-full,MA150,True,B7,W-full
0.15512553072073465,W-full__MA150__B7__QQQ_HOLD,0.5340341758660148,W-full__MA150__B7__CORE_QQQ_CASH,5,FAIL,NOT EVALUABLE,FAIL,TOTAL_RETURN_REAL,1bda70659c3f2d35c372ba7f27edfb9666471118cfb839201ae06e152177b509,150,0.0,0.7858645227508825,0.0,0.21361355039930074,0.0005219268498167779,0.11937641916331354,78,7886,0,2004-11-18,2026-06-22,0.2582413630552468,11.41433807835231,218,5430,0.8335379569555924,154,0.012613090637657292,155.99019578784146,CORE_QQQ_CASH,W-full,MA150,True,B7,W-full
0.15564540331814158,W-full__MA150__B8__QQQ_HOLD,0.534034175866015,W-full__MA150__B8__CORE_QQQ_GLD,5,FAIL,NOT EVALUABLE,PASS,TOTAL_RETURN_REAL,41947e2351c38397c04ec15e6a87fdece76f7cb85c0d3cc52b50da9be75d0c4d,150,0.21358656465815792,0.7858088981391713,0.0,2.6918119826973544e-05,0.0005776190828438327,0.1365103231179141,155,7886,0,2004-11-18,2026-06-22,0.38371510662165875,15.845007009502735,380,5430,0.7893849020369759,154,0.01750907570752649,309.7739068952665,CORE_QQQ_GLD,W-full,MA150,True,B8,W-full
0.15564540331814158,W-full__MA150__B8__QQQ_HOLD,0.534034175866015,W-full__MA150__B8__QQQ_HOLD,5,FAIL,NOT EVALUABLE,FAIL,TOTAL_RETURN_REAL,4dbc9d5ff6b877b811b5159d5f46553622ba071ebc5fedae98a3f3ceb758d06f,150,0.0,0.9992257788772242,0.0,3.409478228295004e-05,0.0007401263404928461,0.15564540331814158,1,7886,0,2004-11-18,2026-06-22,0.534034175866015,22.722406033499748,90,5430,0.7803964881949474,0,0.025108750488977552,2.1835038828337647,QQQ_HOLD,W-full,MA150,True,B8,W-full
0.15564540331814158,W-full__MA150__B8__QQQ_HOLD,0.534034175866015,W-full__MA150__B8__GLD_HOLD,5,FAIL,NOT EVALUABLE,FAIL,TOTAL_RETURN_REAL,b2459d57b8f7a6c754361f732dd10d682faa8ff3efe8f9c268dfc3750c0a32d7,150,1.0,0.0,0.0,0.0,0.0,0.10498829325893166,1,7886,0,2004-11-18,2026-06-22,0.4555501381439925,8.632596485912071,2,5430,0.6416021646641746,0,0.0,1.9995002498750625,GLD_HOLD,W-full,MA150,True,B8,W-full
0.15564540331814158,W-full__MA150__B8__QQQ_HOLD,0.534034175866015,W-full__MA150__B8__SPY_HOLD,5,FAIL,NOT EVALUABLE,FAIL,TOTAL_RETURN_REAL,aae3b8af24608cd8d7334a3ba41cdb7ee1033ec4512729677d189bd11afaa7d8,150,0.0,0.0,0.9978409395942328,7.174899292823371e-05,0.002087311412838966,0.10874301731353042,1,7886,0,2004-11-18,2026-06-22,0.5508278160984235,9.288593341724036,88,5430,0.6428474663750576,0,0.023704188890186575,2.3858818422383923,SPY_HOLD,W-full,MA150,True,B8,W-full
0.15564540331814158,W-full__MA150__B8__QQQ_HOLD,0.534034175866015,W-full__MA150__B8__QQQ_GLD_MONTHLY_50_50,5,FAIL,NOT EVALUABLE,PASS,TOTAL_RETURN_REAL,0bc2599748d194b9312b032fbd9aebc190911d2b8085e32b9292ed9a61ac2713,150,0.4995276291985661,0.500083591130858,0.0,1.7131557404566354e-05,0.00037164811317138717,0.13896403912313704,2,7886,0,2004-11-18,2026-06-22,0.3351091597945748,16.60027499091379,528,5430,0.9780000816246932,0,0.009468354716367757,9.341815202896344,QQQ_GLD_MONTHLY_50_50,W-full,MA150,True,B8,W-full
0.15564540331814158,W-full__MA150__B8__QQQ_HOLD,0.534034175866015,W-full__MA150__B8__CORE_QQQ_CASH,5,FAIL,NOT EVALUABLE,FAIL,TOTAL_RETURN_REAL,bc9ffe5347f7b6c1f16a57d74ef94a19e1d02340a27239ac953ed424a1799882,150,0.0,0.785808867224272,0.0,0.21361350433673165,0.0005776284389963614,0.11988606251991407,78,7886,0,2004-11-18,2026-06-22,0.25824136305524437,11.52707169597802,219,5430,0.8364929072256868,154,0.012737663725229902,155.97997071063125,CORE_QQQ_CASH,W-full,MA150,True,B8,W-full
0.1545520103352458,W-full__MA250__B1__QQQ_HOLD,0.5340341758660161,W-full__MA250__B1__CORE_QQQ_GLD,5,FAIL,NOT EVALUABLE,FAIL,TOTAL_RETURN_REAL,813eba95ed73782e10ee316441181925f36628a4eb92ee9a312af296b747731b,250,0.18985276949308955,0.8095963421668535,0.0,2.5363117100386246e-05,0.0005255252229565538,0.11981528328687885,135,7886,0,2004-11-18,2026-06-22,0.3773891576222933,11.51135200872898,337,5430,0.6966959113712794,134,0.012720293130570196,269.90274048493296,CORE_QQQ_GLD,W-full,MA250,True,B1,W-full
0.1545520103352458,W-full__MA250__B1__QQQ_HOLD,0.5340341758660161,W-full__MA250__B1__QQQ_HOLD,5,FAIL,NOT EVALUABLE,FAIL,TOTAL_RETURN_REAL,ffe61eccf8dddcadc688604394a319d84bf0a96d7d300440a09ee3d04c5deb8d,250,0.0,0.9993407088550068,0.0,3.0346609682862536e-05,0.0006289445353103654,0.1545520103352458,1,7886,0,2004-11-18,2026-06-22,0.5340341758660161,22.26272502566468,88,5430,0.7760098601133636,0,0.02460079302561578,2.1631705768931426,QQQ_HOLD,W-full,MA250,True,B1,W-full
0.1545520103352458,W-full__MA250__B1__QQQ_HOLD,0.5340341758660161,W-full__MA250__B1__GLD_HOLD,5,FAIL,NOT EVALUABLE,FAIL,TOTAL_RETURN_REAL,af0270c13a30fb8a0c58f1ae5cc2fbc33c4d35c20c03c81529fe49404072b133,250,1.0,0.0,0.0,0.0,0.0,0.10498829325893166,1,7886,0,2004-11-18,2026-06-22,0.4555501381439925,8.632596485912071,2,5430,0.6416021646641746,0,0.0,1.9995002498750625,GLD_HOLD,W-full,MA250,True,B1,W-full
0.1545520103352458,W-full__MA250__B1__QQQ_HOLD,0.5340341758660161,W-full__MA250__B1__SPY_HOLD,5,FAIL,NOT EVALUABLE,FAIL,TOTAL_RETURN_REAL,fbe02f9deba0fb6a585235da894e2ecb68df7382649065f8e8d6fff9a0bbe66e,250,0.0,0.0,0.9978652526892017,7.176935415447266e-05,0.002062977956643883,0.10874646585151337,1,7886,0,2004-11-18,2026-06-22,0.5508278160984237,9.289217138949777,88,5430,0.6428586483352342,0,0.023705780800470994,2.385948703266493,SPY_HOLD,W-full,MA250,True,B1,W-full
0.1545520103352458,W-full__MA250__B1__QQQ_HOLD,0.5340341758660161,W-full__MA250__B1__QQQ_GLD_MONTHLY_50_50,5,FAIL,NOT EVALUABLE,PASS,TOTAL_RETURN_REAL,31a51b19509cb32e7e8a9e80f1e8134a1b263956e288b3965b88c940e3e6aae4,250,0.49955629057558754,0.5001112226273262,0.0,1.530643904796736e-05,0.0003171803580382613,0.13843857409819016,2,7886,0,2004-11-18,2026-06-22,0.335109159794575,16.435700313032086,528,5430,0.9748503791786816,0,0.009374485703453004,9.341379665586128,QQQ_GLD_MONTHLY_50_50,W-full,MA250,True,B1,W-full
0.1545520103352458,W-full__MA250__B1__QQQ_HOLD,0.5340341758660161,W-full__MA250__B1__CORE_QQQ_CASH,5,FAIL,NOT EVALUABLE,FAIL,TOTAL_RETURN_REAL,5fdb8de185c6e5f45967f449084f0bf1c46985e092307e14f47db97175a6da42,250,0.0,0.8095965668138586,0.0,0.189878363434778,0.0005250697513633389,0.10754653043385343,68,7886,0,2004-11-18,2026-06-22,0.30526362741078006,9.074558484479871,203,5430,0.7369080883809842,134,0.010027583542364202,136.05166405954637,CORE_QQQ_CASH,W-full,MA250,True,B1,W-full
0.1550716248156585,W-full__MA250__B2__QQQ_HOLD,0.5340341758660128,W-full__MA250__B2__CORE_QQQ_GLD,5,FAIL,NOT EVALUABLE,FAIL,TOTAL_RETURN_REAL,ebb92966b9942bd9374bc4f6594dcd02bd5605235b5d16a4c442534966bfdf04,250,0.18984722807681914,0.8095439280682584,0.0,2.7210563074104506e-05,0.0005816332918484036,0.12033953543964548,135,7886,0,2004-11-18,2026-06-22,0.3773891576222955,11.6282724032392,338,5430,0.6991365518079223,134,0.012849492697223203,269.8327554287271,CORE_QQQ_GLD,W-full,MA250,True,B2,W-full
0.1550716248156585,W-full__MA250__B2__QQQ_HOLD,0.5340341758660128,W-full__MA250__B2__QQQ_HOLD,5,FAIL,NOT EVALUABLE,FAIL,TOTAL_RETURN_REAL,25b4343cadc3d6aacc8167ab89f269065cfcc01197d649309f3af1367a0ce9f7,250,0.0,0.9992834753104354,0.0,3.212298155835009e-05,0.0006844017080062494,0.1550716248156585,1,7886,0,2004-11-18,2026-06-22,0.5340341758660128,22.48006275618674,89,5430,0.7780613588477047,0,0.02484095592207358,2.172838551679088,QQQ_HOLD,W-full,MA250,True,B2,W-full
0.1550716248156585,W-full__MA250__B2__QQQ_HOLD,0.5340341758660128,W-full__MA250__B2__GLD_HOLD,5,FAIL,NOT EVALUABLE,FAIL,TOTAL_RETURN_REAL,b2389c449eb60063dabdd6f62968f0fe71470932b1f15a7257af0997c1369a9d,250,1.0,0.0,0.0,0.0,0.0,0.10498829325893166,1,7886,0,2004-11-18,2026-06-22,0.4555501381439925,8.632596485912071,2,5430,0.6416021646641746,0,0.0,1.9995002498750625,GLD_HOLD,W-full,MA250,True,B2,W-full
0.1550716248156585,W-full__MA250__B2__QQQ_HOLD,0.5340341758660128,W-full__MA250__B2__SPY_HOLD,5,FAIL,NOT EVALUABLE,FAIL,TOTAL_RETURN_REAL,ea8d1a81c9f7cee4ace160b32b27d98b721ce076ab5aa2346199bf8e0119d40a,250,0.0,0.0,0.9978652526892017,7.176935415447266e-05,0.002062977956643883,0.10874646585151337,1,7886,0,2004-11-18,2026-06-22,0.5508278160984237,9.289217138949777,88,5430,0.6428586483352342,0,0.023705780800470994,2.385948703266493,SPY_HOLD,W-full,MA250,True,B2,W-full
0.1550716248156585,W-full__MA250__B2__QQQ_HOLD,0.5340341758660128,W-full__MA250__B2__QQQ_GLD_MONTHLY_50_50,5,FAIL,NOT EVALUABLE,PASS,TOTAL_RETURN_REAL,874723ce8999def467040b560bc47606c73461f0022fde427934c4e1f9e782c0,250,0.49954213151534493,0.5000976387080222,0.0,1.617351580714914e-05,0.00034405626082576065,0.13868866414711323,2,7886,0,2004-11-18,2026-06-22,0.33510915979457556,16.513833049572433,528,5430,0.9763056612790869,0,0.00941905053535671,9.341975669109289,QQQ_GLD_MONTHLY_50_50,W-full,MA250,True,B2,W-full
0.1550716248156585,W-full__MA250__B2__QQQ_HOLD,0.5340341758660128,W-full__MA250__B2__CORE_QQQ_CASH,5,FAIL,NOT EVALUABLE,FAIL,TOTAL_RETURN_REAL,6a90754542ef0fb07a401f8fb0d6ac5281146cb5f995eec3927f00a661028aef,250,0.0,0.809544098539544,0.0,0.1898746684195402,0.0005812330409157881,0.10806606270636698,68,7886,0,2004-11-18,2026-06-22,0.30526362741078095,9.16691133351381,204,5430,0.7398446364955303,134,0.01012963543950577,136.02154294563582,CORE_QQQ_CASH,W-full,MA250,True,B2,W-full
0.15512553072073465,W-full__MA250__B3__QQQ_HOLD,0.5340341758660148,W-full__MA250__B3__CORE_QQQ_GLD,5,FAIL,NOT EVALUABLE,FAIL,TOTAL_RETURN_REAL,00a07387a4794fca9c3bfd498e345d9f3048c8667502c37ad08de00ddac6fa85,250,0.18980643418155324,0.8095847703917094,0.0,2.7296060393792717e-05,0.0005814993663436324,0.12036516301442735,135,7886,0,2004-11-18,2026-06-22,0.3773891576222935,11.634016884196173,338,5430,0.6993245185172614,134,0.01285584047301835,269.7257407527583,CORE_QQQ_GLD,W-full,MA250,True,B3,W-full
0.15512553072073465,W-full__MA250__B3__QQQ_HOLD,0.5340341758660148,W-full__MA250__B3__QQQ_HOLD,5,FAIL,NOT EVALUABLE,FAIL,TOTAL_RETURN_REAL,6aaab4163fd9c986d7a30d5b1226250dad8d2db40a6ff5386e739bfb5a990aa6,250,0.0,0.9992830124217956,0.0,3.2318410407462475e-05,0.0006846691677969621,0.15512553072073465,1,7886,0,2004-11-18,2026-06-22,0.5340341758660148,22.50272532295812,89,5430,0.778345054593008,0,0.02486599854888371,2.1738359080478196,QQQ_HOLD,W-full,MA250,True,B3,W-full
0.15512553072073465,W-full__MA250__B3__QQQ_HOLD,0.5340341758660148,W-full__MA250__B3__GLD_HOLD,5,FAIL,NOT EVALUABLE,FAIL,TOTAL_RETURN_REAL,93236b2bad1cd72e1c1d17adeb2db37d141f159066f390e5048ff697b47c2ba1,250,1.0,0.0,0.0,0.0,0.0,0.10498829325893166,1,7886,0,2004-11-18,2026-06-22,0.4555501381439925,8.632596485912071,2,5430,0.6416021646641746,0,0.0,1.9995002498750625,GLD_HOLD,W-full,MA250,True,B3,W-full
0.15512553072073465,W-full__MA250__B3__QQQ_HOLD,0.5340341758660148,W-full__MA250__B3__SPY_HOLD,5,FAIL,NOT EVALUABLE,FAIL,TOTAL_RETURN_REAL,03be0675bd6d783f73374a93c2855ed2c72f7784c5df00f6dea83fdefc7ba096,250,0.0,0.0,0.9978652526892017,7.176935415447266e-05,0.002062977956643883,0.10874646585151337,1,7886,0,2004-11-18,2026-06-22,0.5508278160984237,9.289217138949777,88,5430,0.6428586483352342,0,0.023705780800470994,2.385948703266493,SPY_HOLD,W-full,MA250,True,B3,W-full
0.15512553072073465,W-full__MA250__B3__QQQ_HOLD,0.5340341758660148,W-full__MA250__B3__QQQ_GLD_MONTHLY_50_50,5,FAIL,NOT EVALUABLE,PASS,TOTAL_RETURN_REAL,d6e2d5151d928b9ec8a6697b00f85770bce4ce8b6dde465ea13041fb70e78c11,250,0.4995417882588087,0.500097175050162,0.0,1.6264480645382458e-05,0.00034477221038388785,0.13871388859364053,2,7886,0,2004-11-18,2026-06-22,0.3351091597945759,16.521733267227994,528,5430,0.9765449241172299,0,0.009423556609089775,9.341219199373182,QQQ_GLD_MONTHLY_50_50,W-full,MA250,True,B3,W-full
0.15512553072073465,W-full__MA250__B3__QQQ_HOLD,0.5340341758660148,W-full__MA250__B3__CORE_QQQ_CASH,5,FAIL,NOT EVALUABLE,FAIL,TOTAL_RETURN_REAL,8497feff9a8e3c09d574a8f0db4a6d7fd36213bdbd3094d3c6b2e4b64d61857c,250,0.0,0.8095849917066343,0.0,0.18983368250778276,0.0005813257855828938,0.1080991669536644,68,7886,0,2004-11-18,2026-06-22,0.3052636274107804,9.172826270870692,203,5430,0.7401426255251419,134,0.010136171573312713,135.95780566282647,CORE_QQQ_CASH,W-full,MA250,True,B3,W-full
0.15564540331814158,W-full__MA250__B4__QQQ_HOLD,0.534034175866015,W-full__MA250__B4__CORE_QQQ_GLD,5,FAIL,NOT EVALUABLE,FAIL,TOTAL_RETURN_REAL,e817660a6f73b5491552d74c41b87c92cdc976ad3ec8fd2cedd17fdfcabc57be,250,0.1898008927652828,0.8095323562931142,0.0,2.914350636757442e-05,0.0006376074352354822,0.12088967259860994,135,7886,0,2004-11-18,2026-06-22,0.37738915762229386,11.752183181501142,339,5430,0.7017649840101284,134,0.012986416789226258,269.6557556965525,CORE_QQQ_GLD,W-full,MA250,True,B4,W-full
0.15564540331814158,W-full__MA250__B4__QQQ_HOLD,0.534034175866015,W-full__MA250__B4__QQQ_HOLD,5,FAIL,NOT EVALUABLE,FAIL,TOTAL_RETURN_REAL,5f6ba48507d57267123ab24bfb4ade7714ca49d2ed6fcbe91578f9fff62dfef8,250,0.0,0.9992257788772242,0.0,3.409478228295004e-05,0.0007401263404928461,0.15564540331814158,1,7886,0,2004-11-18,2026-06-22,0.534034175866015,22.722406033499748,90,5430,0.7803964881949474,0,0.025108750488977552,2.1835038828337647,QQQ_HOLD,W-full,MA250,True,B4,W-full
0.15564540331814158,W-full__MA250__B4__QQQ_HOLD,0.534034175866015,W-full__MA250__B4__GLD_HOLD,5,FAIL,NOT EVALUABLE,FAIL,TOTAL_RETURN_REAL,80b24e67e75632bb14359018f832c40fbd200f22e27625e6fe96aa55cbbbfb4c,250,1.0,0.0,0.0,0.0,0.0,0.10498829325893166,1,7886,0,2004-11-18,2026-06-22,0.4555501381439925,8.632596485912071,2,5430,0.6416021646641746,0,0.0,1.9995002498750625,GLD_HOLD,W-full,MA250,True,B4,W-full
0.15564540331814158,W-full__MA250__B4__QQQ_HOLD,0.534034175866015,W-full__MA250__B4__SPY_HOLD,5,FAIL,NOT EVALUABLE,FAIL,TOTAL_RETURN_REAL,b95893e35125d8ad2f9a509cbcc6c04d594786382b77a963400c1f88246ac523,250,0.0,0.0,0.9978652526892017,7.176935415447266e-05,0.002062977956643883,0.10874646585151337,1,7886,0,2004-11-18,2026-06-22,0.5508278160984237,9.289217138949777,88,5430,0.6428586483352342,0,0.023705780800470994,2.385948703266493,SPY_HOLD,W-full,MA250,True,B4,W-full
0.15564540331814158,W-full__MA250__B4__QQQ_HOLD,0.534034175866015,W-full__MA250__B4__QQQ_GLD_MONTHLY_50_50,5,FAIL,NOT EVALUABLE,PASS,TOTAL_RETURN_REAL,d0d2c7556397257ba84a87f7f046e45efa49de6a4681cde2f1a0f1a91f070a6c,250,0.4995276291985661,0.500083591130858,0.0,1.7131557404566354e-05,0.00037164811317138717,0.13896403912313704,2,7886,0,2004-11-18,2026-06-22,0.3351091597945748,16.60027499091379,528,5430,0.9780000816246932,0,0.009468354716367757,9.341815202896344,QQQ_GLD_MONTHLY_50_50,W-full,MA250,True,B4,W-full
0.15564540331814158,W-full__MA250__B4__QQQ_HOLD,0.534034175866015,W-full__MA250__B4__CORE_QQQ_CASH,5,FAIL,NOT EVALUABLE,FAIL,TOTAL_RETURN_REAL,dd11081715593445991d7edced9a3359a22aac326834bb5ab203b082f211b961,250,0.0,0.8095325234323197,0.0,0.18982998749254493,0.000637489075135343,0.10861895845908487,68,7886,0,2004-11-18,2026-06-22,0.3052636274107807,9.2661792027248,204,5430,0.7430787863928126,134,0.010239328583617242,135.9276845489159,CORE_QQQ_CASH,W-full,MA250,True,B4,W-full
0.1545520103352458,W-full__MA250__B5__QQQ_HOLD,0.5340341758660161,W-full__MA250__B5__CORE_QQQ_GLD,5,FAIL,NOT EVALUABLE,FAIL,TOTAL_RETURN_REAL,a53c93fb0bcab00e8d4129af6ceb4ef8cdfb197ef571f7822eb878d9f1ece503,250,0.18985276949308955,0.8095963421668535,0.0,2.5363117100386246e-05,0.0005255252229565538,0.11981528328687885,135,7886,0,2004-11-18,2026-06-22,0.3773891576222933,11.51135200872898,337,5430,0.6966959113712794,134,0.012720293130570196,269.90274048493296,CORE_QQQ_GLD,W-full,MA250,True,B5,W-full
0.1545520103352458,W-full__MA250__B5__QQQ_HOLD,0.5340341758660161,W-full__MA250__B5__QQQ_HOLD,5,FAIL,NOT EVALUABLE,FAIL,TOTAL_RETURN_REAL,8e948e6e1dbb4681d4bc4447f91c699521b9b1d0120af67f8f78ec90bc0997e6,250,0.0,0.9993407088550068,0.0,3.0346609682862536e-05,0.0006289445353103654,0.1545520103352458,1,7886,0,2004-11-18,2026-06-22,0.5340341758660161,22.26272502566468,88,5430,0.7760098601133636,0,0.02460079302561578,2.1631705768931426,QQQ_HOLD,W-full,MA250,True,B5,W-full
0.1545520103352458,W-full__MA250__B5__QQQ_HOLD,0.5340341758660161,W-full__MA250__B5__GLD_HOLD,5,FAIL,NOT EVALUABLE,FAIL,TOTAL_RETURN_REAL,86f6270cf85e7bcb3b6bfb44e7242fd0d5dfc6df42c4099c41d08cae0d431efe,250,1.0,0.0,0.0,0.0,0.0,0.10498829325893166,1,7886,0,2004-11-18,2026-06-22,0.4555501381439925,8.632596485912071,2,5430,0.6416021646641746,0,0.0,1.9995002498750625,GLD_HOLD,W-full,MA250,True,B5,W-full
0.1545520103352458,W-full__MA250__B5__QQQ_HOLD,0.5340341758660161,W-full__MA250__B5__SPY_HOLD,5,FAIL,NOT EVALUABLE,FAIL,TOTAL_RETURN_REAL,2997dc18e3b7cb11d4a752ba3cd653839dae201ce1a411e274755d0d5d21cd80,250,0.0,0.0,0.9978409395942328,7.174899292823371e-05,0.002087311412838966,0.10874301731353042,1,7886,0,2004-11-18,2026-06-22,0.5508278160984235,9.288593341724036,88,5430,0.6428474663750576,0,0.023704188890186575,2.3858818422383923,SPY_HOLD,W-full,MA250,True,B5,W-full
0.1545520103352458,W-full__MA250__B5__QQQ_HOLD,0.5340341758660161,W-full__MA250__B5__QQQ_GLD_MONTHLY_50_50,5,FAIL,NOT EVALUABLE,PASS,TOTAL_RETURN_REAL,65533b8815f240c9489a54ccfdb0cb219ab95a244f66f2423f95af2749c00dce,250,0.49955629057558754,0.5001112226273262,0.0,1.530643904796736e-05,0.0003171803580382613,0.13843857409819016,2,7886,0,2004-11-18,2026-06-22,0.335109159794575,16.435700313032086,528,5430,0.9748503791786816,0,0.009374485703453004,9.341379665586128,QQQ_GLD_MONTHLY_50_50,W-full,MA250,True,B5,W-full
0.1545520103352458,W-full__MA250__B5__QQQ_HOLD,0.5340341758660161,W-full__MA250__B5__CORE_QQQ_CASH,5,FAIL,NOT EVALUABLE,FAIL,TOTAL_RETURN_REAL,7b7f2a6caa3f51a5fee7decee0db2c0419042c277aea11650dd2dc4881031f9d,250,0.0,0.8095965668138586,0.0,0.189878363434778,0.0005250697513633389,0.10754653043385343,68,7886,0,2004-11-18,2026-06-22,0.30526362741078006,9.074558484479871,203,5430,0.7369080883809842,134,0.010027583542364202,136.05166405954637,CORE_QQQ_CASH,W-full,MA250,True,B5,W-full
0.1550716248156585,W-full__MA250__B6__QQQ_HOLD,0.5340341758660128,W-full__MA250__B6__CORE_QQQ_GLD,5,FAIL,NOT EVALUABLE,FAIL,TOTAL_RETURN_REAL,b559ae935c1e4590542f2e05ea4a76f90bf6d1769129aab92f61ef7a3564f231,250,0.18984722807681914,0.8095439280682584,0.0,2.7210563074104506e-05,0.0005816332918484036,0.12033953543964548,135,7886,0,2004-11-18,2026-06-22,0.3773891576222955,11.6282724032392,338,5430,0.6991365518079223,134,0.012849492697223203,269.8327554287271,CORE_QQQ_GLD,W-full,MA250,True,B6,W-full
0.1550716248156585,W-full__MA250__B6__QQQ_HOLD,0.5340341758660128,W-full__MA250__B6__QQQ_HOLD,5,FAIL,NOT EVALUABLE,FAIL,TOTAL_RETURN_REAL,57c94b8ff2dff26c47408726137bf04a306de5c94f21b40c26e009921495e881,250,0.0,0.9992834753104354,0.0,3.212298155835009e-05,0.0006844017080062494,0.1550716248156585,1,7886,0,2004-11-18,2026-06-22,0.5340341758660128,22.48006275618674,89,5430,0.7780613588477047,0,0.02484095592207358,2.172838551679088,QQQ_HOLD,W-full,MA250,True,B6,W-full
0.1550716248156585,W-full__MA250__B6__QQQ_HOLD,0.5340341758660128,W-full__MA250__B6__GLD_HOLD,5,FAIL,NOT EVALUABLE,FAIL,TOTAL_RETURN_REAL,a677a0b52b05b9c99cbca4dfc169e57b74a19770b35533049290dab1e81fbbd2,250,1.0,0.0,0.0,0.0,0.0,0.10498829325893166,1,7886,0,2004-11-18,2026-06-22,0.4555501381439925,8.632596485912071,2,5430,0.6416021646641746,0,0.0,1.9995002498750625,GLD_HOLD,W-full,MA250,True,B6,W-full
0.1550716248156585,W-full__MA250__B6__QQQ_HOLD,0.5340341758660128,W-full__MA250__B6__SPY_HOLD,5,FAIL,NOT EVALUABLE,FAIL,TOTAL_RETURN_REAL,f732f0bb99bff707e13319bdb419603844a2cd9f21e4330959d4db32a7442296,250,0.0,0.0,0.9978409395942328,7.174899292823371e-05,0.002087311412838966,0.10874301731353042,1,7886,0,2004-11-18,2026-06-22,0.5508278160984235,9.288593341724036,88,5430,0.6428474663750576,0,0.023704188890186575,2.3858818422383923,SPY_HOLD,W-full,MA250,True,B6,W-full
0.1550716248156585,W-full__MA250__B6__QQQ_HOLD,0.5340341758660128,W-full__MA250__B6__QQQ_GLD_MONTHLY_50_50,5,FAIL,NOT EVALUABLE,PASS,TOTAL_RETURN_REAL,155232422f6eda0a990f76bdf656e548cf3b1dfecf798af0630894a2a1583ad2,250,0.49954213151534493,0.5000976387080222,0.0,1.617351580714914e-05,0.00034405626082576065,0.13868866414711323,2,7886,0,2004-11-18,2026-06-22,0.33510915979457556,16.513833049572433,528,5430,0.9763056612790869,0,0.00941905053535671,9.341975669109289,QQQ_GLD_MONTHLY_50_50,W-full,MA250,True,B6,W-full
0.1550716248156585,W-full__MA250__B6__QQQ_HOLD,0.5340341758660128,W-full__MA250__B6__CORE_QQQ_CASH,5,FAIL,NOT EVALUABLE,FAIL,TOTAL_RETURN_REAL,1b7cd0f7d2e7ab8150542de1e7132828d7ce44d306265259e2958da8dcdc3f7d,250,0.0,0.809544098539544,0.0,0.1898746684195402,0.0005812330409157881,0.10806606270636698,68,7886,0,2004-11-18,2026-06-22,0.30526362741078095,9.16691133351381,204,5430,0.7398446364955303,134,0.01012963543950577,136.02154294563582,CORE_QQQ_CASH,W-full,MA250,True,B6,W-full
0.15512553072073465,W-full__MA250__B7__QQQ_HOLD,0.5340341758660148,W-full__MA250__B7__CORE_QQQ_GLD,5,FAIL,NOT EVALUABLE,FAIL,TOTAL_RETURN_REAL,7ef15d6465f527337815a3153d42e9cd8e727047ad6a955eeecdd2e4f3425bd5,250,0.18980643418155324,0.8095847703917094,0.0,2.7296060393792717e-05,0.0005814993663436324,0.12036516301442735,135,7886,0,2004-11-18,2026-06-22,0.3773891576222935,11.634016884196173,338,5430,0.6993245185172614,134,0.01285584047301835,269.7257407527583,CORE_QQQ_GLD,W-full,MA250,True,B7,W-full
0.15512553072073465,W-full__MA250__B7__QQQ_HOLD,0.5340341758660148,W-full__MA250__B7__QQQ_HOLD,5,FAIL,NOT EVALUABLE,FAIL,TOTAL_RETURN_REAL,2b5375e9d7297d7fe189e1bcaed6cf087a803742cb90a862a20cb5c6e51b8c79,250,0.0,0.9992830124217956,0.0,3.2318410407462475e-05,0.0006846691677969621,0.15512553072073465,1,7886,0,2004-11-18,2026-06-22,0.5340341758660148,22.50272532295812,89,5430,0.778345054593008,0,0.02486599854888371,2.1738359080478196,QQQ_HOLD,W-full,MA250,True,B7,W-full
0.15512553072073465,W-full__MA250__B7__QQQ_HOLD,0.5340341758660148,W-full__MA250__B7__GLD_HOLD,5,FAIL,NOT EVALUABLE,FAIL,TOTAL_RETURN_REAL,2602273d2957d85aeed9eed183fc19f19d8ecf344a90f680084c49b1e1a7ea84,250,1.0,0.0,0.0,0.0,0.0,0.10498829325893166,1,7886,0,2004-11-18,2026-06-22,0.4555501381439925,8.632596485912071,2,5430,0.6416021646641746,0,0.0,1.9995002498750625,GLD_HOLD,W-full,MA250,True,B7,W-full
0.15512553072073465,W-full__MA250__B7__QQQ_HOLD,0.5340341758660148,W-full__MA250__B7__SPY_HOLD,5,FAIL,NOT EVALUABLE,FAIL,TOTAL_RETURN_REAL,07c9a951b3a30ed90de4bffca96bef11719e90ebdfa1748f7126fd1d037a9c47,250,0.0,0.0,0.9978409395942328,7.174899292823371e-05,0.002087311412838966,0.10874301731353042,1,7886,0,2004-11-18,2026-06-22,0.5508278160984235,9.288593341724036,88,5430,0.6428474663750576,0,0.023704188890186575,2.3858818422383923,SPY_HOLD,W-full,MA250,True,B7,W-full
0.15512553072073465,W-full__MA250__B7__QQQ_HOLD,0.5340341758660148,W-full__MA250__B7__QQQ_GLD_MONTHLY_50_50,5,FAIL,NOT EVALUABLE,PASS,TOTAL_RETURN_REAL,d845a9816d2fb759c81b0e2ae8d6c6e00608d076c7846fd2634e8f7076d9dc31,250,0.4995417882588087,0.500097175050162,0.0,1.6264480645382458e-05,0.00034477221038388785,0.13871388859364053,2,7886,0,2004-11-18,2026-06-22,0.3351091597945759,16.521733267227994,528,5430,0.9765449241172299,0,0.009423556609089775,9.341219199373182,QQQ_GLD_MONTHLY_50_50,W-full,MA250,True,B7,W-full
0.15512553072073465,W-full__MA250__B7__QQQ_HOLD,0.5340341758660148,W-full__MA250__B7__CORE_QQQ_CASH,5,FAIL,NOT EVALUABLE,FAIL,TOTAL_RETURN_REAL,b2b7a5f96f1b9f60115401d8f93a857a5b278e435f66d38e5582ae0330d01284,250,0.0,0.8095849917066343,0.0,0.18983368250778276,0.0005813257855828938,0.1080991669536644,68,7886,0,2004-11-18,2026-06-22,0.3052636274107804,9.172826270870692,203,5430,0.7401426255251419,134,0.010136171573312713,135.95780566282647,CORE_QQQ_CASH,W-full,MA250,True,B7,W-full
0.15564540331814158,W-full__MA250__B8__QQQ_HOLD,0.534034175866015,W-full__MA250__B8__CORE_QQQ_GLD,5,FAIL,NOT EVALUABLE,FAIL,TOTAL_RETURN_REAL,adb098fcae1d4c106afbdd7a790e4b3f9335d8d52527ac5173a67ea8167093db,250,0.1898008927652828,0.8095323562931142,0.0,2.914350636757442e-05,0.0006376074352354822,0.12088967259860994,135,7886,0,2004-11-18,2026-06-22,0.37738915762229386,11.752183181501142,339,5430,0.7017649840101284,134,0.012986416789226258,269.6557556965525,CORE_QQQ_GLD,W-full,MA250,True,B8,W-full
0.15564540331814158,W-full__MA250__B8__QQQ_HOLD,0.534034175866015,W-full__MA250__B8__QQQ_HOLD,5,FAIL,NOT EVALUABLE,FAIL,TOTAL_RETURN_REAL,4dbc9d5ff6b877b811b5159d5f46553622ba071ebc5fedae98a3f3ceb758d06f,250,0.0,0.9992257788772242,0.0,3.409478228295004e-05,0.0007401263404928461,0.15564540331814158,1,7886,0,2004-11-18,2026-06-22,0.534034175866015,22.722406033499748,90,5430,0.7803964881949474,0,0.025108750488977552,2.1835038828337647,QQQ_HOLD,W-full,MA250,True,B8,W-full
0.15564540331814158,W-full__MA250__B8__QQQ_HOLD,0.534034175866015,W-full__MA250__B8__GLD_HOLD,5,FAIL,NOT EVALUABLE,FAIL,TOTAL_RETURN_REAL,b2459d57b8f7a6c754361f732dd10d682faa8ff3efe8f9c268dfc3750c0a32d7,250,1.0,0.0,0.0,0.0,0.0,0.10498829325893166,1,7886,0,2004-11-18,2026-06-22,0.4555501381439925,8.632596485912071,2,5430,0.6416021646641746,0,0.0,1.9995002498750625,GLD_HOLD,W-full,MA250,True,B8,W-full
0.15564540331814158,W-full__MA250__B8__QQQ_HOLD,0.534034175866015,W-full__MA250__B8__SPY_HOLD,5,FAIL,NOT EVALUABLE,FAIL,TOTAL_RETURN_REAL,aae3b8af24608cd8d7334a3ba41cdb7ee1033ec4512729677d189bd11afaa7d8,250,0.0,0.0,0.9978409395942328,7.174899292823371e-05,0.002087311412838966,0.10874301731353042,1,7886,0,2004-11-18,2026-06-22,0.5508278160984235,9.288593341724036,88,5430,0.6428474663750576,0,0.023704188890186575,2.3858818422383923,SPY_HOLD,W-full,MA250,True,B8,W-full
0.15564540331814158,W-full__MA250__B8__QQQ_HOLD,0.534034175866015,W-full__MA250__B8__QQQ_GLD_MONTHLY_50_50,5,FAIL,NOT EVALUABLE,PASS,TOTAL_RETURN_REAL,0bc2599748d194b9312b032fbd9aebc190911d2b8085e32b9292ed9a61ac2713,250,0.4995276291985661,0.500083591130858,0.0,1.7131557404566354e-05,0.00037164811317138717,0.13896403912313704,2,7886,0,2004-11-18,2026-06-22,0.3351091597945748,16.60027499091379,528,5430,0.9780000816246932,0,0.009468354716367757,9.341815202896344,QQQ_GLD_MONTHLY_50_50,W-full,MA250,True,B8,W-full
0.15564540331814158,W-full__MA250__B8__QQQ_HOLD,0.534034175866015,W-full__MA250__B8__CORE_QQQ_CASH,5,FAIL,NOT EVALUABLE,FAIL,TOTAL_RETURN_REAL,244d62346148d55d60508dc477f7d45874d67db7177b6c888dcb280b73ceafe4,250,0.0,0.8095325234323197,0.0,0.18982998749254493,0.000637489075135343,0.10861895845908487,68,7886,0,2004-11-18,2026-06-22,0.3052636274107807,9.2661792027248,204,5430,0.7430787863928126,134,0.010239328583617242,135.9276845489159,CORE_QQQ_CASH,W-full,MA250,True,B8,W-full
0.15460986121333775,W-full__COST0__B1__QQQ_HOLD,0.5340333190011527,W-full__COST0__B1__CORE_QQQ_GLD,0,FAIL,NOT EVALUABLE,PASS,TOTAL_RETURN_REAL,54930e10160ed9afc6009e60e8d00bfe4bee028678f774bfa037d5915b0769a2,200,0.20365411269213757,0.7958079342813393,0.0,2.494619791566923e-05,0.0005130068286073897,0.14650811293840516,129,7886,0,2004-11-18,2026-06-22,0.30799651099924197,19.143425729873783,325,5430,0.8255993449603909,128,0.02114333451918064,258.03222169175996,CORE_QQQ_GLD,W-full,COST0,True,B1,W-full
0.15460986121333775,W-full__COST0__B1__QQQ_HOLD,0.5340333190011527,W-full__COST0__B1__QQQ_HOLD,0,FAIL,NOT EVALUABLE,FAIL,TOTAL_RETURN_REAL,fc1ec97e21aa3f1e5e360e39de2f70eba8867876a7b16240097bff217261a153,200,0.0,0.9993407088558848,0.0,3.0346609682863057e-05,0.000628944534432375,0.15460986121333775,1,7886,0,2004-11-18,2026-06-22,0.5340333190011527,22.28682265389883,88,5430,0.7762426031508328,0,0.024615121315810545,2.163752713892975,QQQ_HOLD,W-full,COST0,True,B1,W-full
0.15460986121333775,W-full__COST0__B1__QQQ_HOLD,0.5340333190011527,W-full__COST0__B1__GLD_HOLD,0,FAIL,NOT EVALUABLE,FAIL,TOTAL_RETURN_REAL,28acebd7a0454cf5c2d858dca8a0d8531df68825da4c6300b195f14d0010209b,200,1.0,0.0,0.0,0.0,0.0,0.10503947231886634,1,7886,0,2004-11-18,2026-06-22,0.45555013814399103,8.641233400855448,2,5430,0.6418610878719408,0,0.0,2.0,GLD_HOLD,W-full,COST0,True,B1,W-full
0.15460986121333775,W-full__COST0__B1__QQQ_HOLD,0.5340333190011527,W-full__COST0__B1__SPY_HOLD,0,FAIL,NOT EVALUABLE,FAIL,TOTAL_RETURN_REAL,5fcc868bea8240265d662e5cef9da23fbf29c6337d5a947ddecdb01afc29e951,200,0.0,0.0,0.9978652526892017,7.17693541544173e-05,0.002062977956643883,0.10880774189675146,1,7886,0,2004-11-18,2026-06-22,0.5508197482120357,9.300307870434603,88,5430,0.643152985270125,0,0.023722247214650577,2.3866429529655417,SPY_HOLD,W-full,COST0,True,B1,W-full
0.15460986121333775,W-full__COST0__B1__QQQ_HOLD,0.5340333190011527,W-full__COST0__B1__QQQ_GLD_MONTHLY_50_50,0,FAIL,NOT EVALUABLE,PASS,TOTAL_RETURN_REAL,8b0035cacba59da4a97f5742c3fb3e2aeba3aa5e75886155fd8e09bdbfd79a00,200,0.4995562918858501,0.5001112239168235,0.0,1.5306316043272084e-05,0.00031717788128306007,0.13868488919009714,2,7886,0,2004-11-18,2026-06-22,0.33499315483212255,16.512651054826193,528,5430,0.9763584802107617,0,0.009413669853509977,9.341882732663214,QQQ_GLD_MONTHLY_50_50,W-full,COST0,True,B1,W-full
0.15460986121333775,W-full__COST0__B1__QQQ_HOLD,0.5340333190011527,W-full__COST0__B1__CORE_QQQ_CASH,0,FAIL,NOT EVALUABLE,FAIL,TOTAL_RETURN_REAL,689f485c47d95e4dbcdd9b31371ffd14bcf7eecafd755dabc010c3397b37ec29,200,0.0,0.7958074126103946,0.0,0.20367905520786536,0.0005135321817400948,0.1209687779748958,65,7886,0,2004-11-18,2026-06-22,0.23381963225316282,11.770103789449838,194,5430,0.8245754814353118,128,0.012999723521661571,130.07123821926777,CORE_QQQ_CASH,W-full,COST0,True,B1,W-full
0.1551297603497841,W-full__COST0__B2__QQQ_HOLD,0.5340333190011523,W-full__COST0__B2__CORE_QQQ_GLD,0,FAIL,NOT EVALUABLE,PASS,TOTAL_RETURN_REAL,cc8aefbc447caa5eccf6339c568e3bc015009c4ece5842c831f685e6717709c5,200,0.20365227565529914,0.7957521149864868,0.0,2.6756641715634924e-05,0.0005688527164984038,0.14703431724576732,129,7886,0,2004-11-18,2026-06-22,0.3011065862089104,19.334027028284396,326,5430,0.8279932348388717,128,0.021353847886482202,258.0018996838997,CORE_QQQ_GLD,W-full,COST0,True,B2,W-full
0.1551297603497841,W-full__COST0__B2__QQQ_HOLD,0.5340333190011523,W-full__COST0__B2__QQQ_HOLD,0,FAIL,NOT EVALUABLE,FAIL,TOTAL_RETURN_REAL,b18f7855076473c26b543d133acb6013bb20888671af252d410d9f194000a46a,200,0.0,0.9992834753113133,0.0,3.2122981558350226e-05,0.0006844017071282589,0.1551297603497841,1,7886,0,2004-11-18,2026-06-22,0.5340333190011523,22.50450442170878,89,5430,0.7782951304889225,0,0.02485554424222281,2.1734255226663133,QQQ_HOLD,W-full,COST0,True,B2,W-full
0.1551297603497841,W-full__COST0__B2__QQQ_HOLD,0.5340333190011523,W-full__COST0__B2__GLD_HOLD,0,FAIL,NOT EVALUABLE,FAIL,TOTAL_RETURN_REAL,b6516848cb3a3dc7415087ce15ce7ae967c65837fb0edd81c8f7ef0f2ff2e83b,200,1.0,0.0,0.0,0.0,0.0,0.10503947231886634,1,7886,0,2004-11-18,2026-06-22,0.45555013814399103,8.641233400855448,2,5430,0.6418610878719408,0,0.0,2.0,GLD_HOLD,W-full,COST0,True,B2,W-full
0.1551297603497841,W-full__COST0__B2__QQQ_HOLD,0.5340333190011523,W-full__COST0__B2__SPY_HOLD,0,FAIL,NOT EVALUABLE,FAIL,TOTAL_RETURN_REAL,3afa92bac27da7827c5143256a8d2be01b9664238d7384ad04206da302b08195,200,0.0,0.0,0.9978652526892017,7.17693541544173e-05,0.002062977956643883,0.10880774189675146,1,7886,0,2004-11-18,2026-06-22,0.5508197482120357,9.300307870434603,88,5430,0.643152985270125,0,0.023722247214650577,2.3866429529655417,SPY_HOLD,W-full,COST0,True,B2,W-full
0.1551297603497841,W-full__COST0__B2__QQQ_HOLD,0.5340333190011523,W-full__COST0__B2__QQQ_GLD_MONTHLY_50_50,0,FAIL,NOT EVALUABLE,PASS,TOTAL_RETURN_REAL,cfcbbd28366f23c4435f9c488e26e339849589022eaf5b8e5c088348bd2e89fd,200,0.49954213292965616,0.5000976400982247,0.0,1.6173383059166376e-05,0.00034405358906001976,0.13893504902448672,2,7886,0,2004-11-18,2026-06-22,0.33499315483212266,16.591154533391233,528,5430,0.9778137393465551,0,0.009458423771406495,9.342481047685322,QQQ_GLD_MONTHLY_50_50,W-full,COST0,True,B2,W-full
0.1551297603497841,W-full__COST0__B2__QQQ_HOLD,0.5340333190011523,W-full__COST0__B2__CORE_QQQ_CASH,0,FAIL,NOT EVALUABLE,FAIL,TOTAL_RETURN_REAL,13e1cfc7f1085f35f5455179a10b5f7748791f6fa2647cb65d792a02a393e968,200,0.0,0.7957517786349162,0.0,0.20367900827905108,0.000569213086032735,0.12147889232736508,65,7886,0,2004-11-18,2026-06-22,0.2338196322531615,11.886293000573149,195,5430,0.8274545789103496,128,0.013128050989950993,130.06100830018065,CORE_QQQ_CASH,W-full,COST0,True,B2,W-full
0.15518369564874046,W-full__COST0__B3__QQQ_HOLD,0.534033319001153,W-full__COST0__B3__CORE_QQQ_GLD,0,FAIL,NOT EVALUABLE,PASS,TOTAL_RETURN_REAL,a3c71e8fdb1320c8af3c24221015424a9b2aebd73ec0d7321a375b9f9c0e014b,200,0.20365411269213757,0.7958079342813393,0.0,2.494619791566923e-05,0.0005130068286073897,0.14650811293840516,129,7886,0,2004-11-18,2026-06-22,0.30799651099924197,19.143425729873783,325,5430,0.8255993449603909,128,0.02114333451918064,258.03222169175996,CORE_QQQ_GLD,W-full,COST0,True,B3,W-full
0.15518369564874046,W-full__COST0__B3__QQQ_HOLD,0.534033319001153,W-full__COST0__B3__QQQ_HOLD,0,FAIL,NOT EVALUABLE,FAIL,TOTAL_RETURN_REAL,7f0b031a546ae79cf140263866feff196569e8e8462ae92e7def5d27d9fc47cc,200,0.0,0.9992830124226736,0.0,3.2318410407462935e-05,0.0006846691669189716,0.15518369564874046,1,7886,0,2004-11-18,2026-06-22,0.534033319001153,22.527202862454708,89,5430,0.7785789474325869,0,0.024880613983267495,2.1744233777132296,QQQ_HOLD,W-full,COST0,True,B3,W-full
0.15518369564874046,W-full__COST0__B3__QQQ_HOLD,0.534033319001153,W-full__COST0__B3__GLD_HOLD,0,FAIL,NOT EVALUABLE,FAIL,TOTAL_RETURN_REAL,db71634cb31148465cc92ccfd08cb511314e0dcdf4924bfcf456dc2781a1b240,200,1.0,0.0,0.0,0.0,0.0,0.10503947231886634,1,7886,0,2004-11-18,2026-06-22,0.45555013814399103,8.641233400855448,2,5430,0.6418610878719408,0,0.0,2.0,GLD_HOLD,W-full,COST0,True,B3,W-full
0.15518369564874046,W-full__COST0__B3__QQQ_HOLD,0.534033319001153,W-full__COST0__B3__SPY_HOLD,0,FAIL,NOT EVALUABLE,FAIL,TOTAL_RETURN_REAL,09dff1ba2c0ff1481b49dc17f4ee6994d1894dd0c0a4feb81fc79e3acb3e5e11,200,0.0,0.0,0.9978652526892017,7.17693541544173e-05,0.002062977956643883,0.10880774189675146,1,7886,0,2004-11-18,2026-06-22,0.5508197482120357,9.300307870434603,88,5430,0.643152985270125,0,0.023722247214650577,2.3866429529655417,SPY_HOLD,W-full,COST0,True,B3,W-full
0.15518369564874046,W-full__COST0__B3__QQQ_HOLD,0.534033319001153,W-full__COST0__B3__QQQ_GLD_MONTHLY_50_50,0,FAIL,NOT EVALUABLE,PASS,TOTAL_RETURN_REAL,b8a8e921109b4fc3446267935b9e56cd368149c711dc1081115512385aa38f59,200,0.4995417895728084,0.5000971763432527,0.0,1.6264357290124043e-05,0.00034476972664875265,0.1389602590190171,2,7886,0,2004-11-18,2026-06-22,0.33499315483212255,16.59908547663747,528,5430,0.9780530299970456,0,0.009462945109688281,9.341722266507608,QQQ_GLD_MONTHLY_50_50,W-full,COST0,True,B3,W-full
0.15518369564874046,W-full__COST0__B3__QQQ_HOLD,0.534033319001153,W-full__COST0__B3__CORE_QQQ_CASH,0,FAIL,NOT EVALUABLE,FAIL,TOTAL_RETURN_REAL,cf001acf42716e8eff65d15f16671ee80374941262e96764c54537d21b4c41a6,200,0.0,0.7958074126103946,0.0,0.20367905520786536,0.0005135321817400948,0.1209687779748958,65,7886,0,2004-11-18,2026-06-22,0.23381963225316282,11.770103789449838,194,5430,0.8245754814353118,128,0.012999723521661571,130.07123821926777,CORE_QQQ_CASH,W-full,COST0,True,B3,W-full
0.15570385317205626,W-full__COST0__B4__QQQ_HOLD,0.5340333190011523,W-full__COST0__B4__CORE_QQQ_GLD,0,FAIL,NOT EVALUABLE,PASS,TOTAL_RETURN_REAL,a2a3c952235f81539f080a78717b2c637d5755a4a45620dc9d6770bda2b09604,200,0.20365227565529914,0.7957521149864868,0.0,2.6756641715634924e-05,0.0005688527164984038,0.14703431724576732,129,7886,0,2004-11-18,2026-06-22,0.3011065862089104,19.334027028284396,326,5430,0.8279932348388717,128,0.021353847886482202,258.0018996838997,CORE_QQQ_GLD,W-full,COST0,True,B4,W-full
0.15570385317205626,W-full__COST0__B4__QQQ_HOLD,0.5340333190011523,W-full__COST0__B4__QQQ_HOLD,0,FAIL,NOT EVALUABLE,FAIL,TOTAL_RETURN_REAL,afbef012744c1d0a3bb046b4f1d57f1d03ad5c8ade1840afd8fdced45d0d5d73,200,0.0,0.9992257788781022,0.0,3.409478228295027e-05,0.0007401263396148557,0.15570385317205626,1,7886,0,2004-11-18,2026-06-22,0.5340333190011523,22.747232492477156,90,5430,0.7806314096095256,0,0.025123630052457015,2.184096186486568,QQQ_HOLD,W-full,COST0,True,B4,W-full
0.15570385317205626,W-full__COST0__B4__QQQ_HOLD,0.5340333190011523,W-full__COST0__B4__GLD_HOLD,0,FAIL,NOT EVALUABLE,FAIL,TOTAL_RETURN_REAL,ab3ffd9e83e4f8513b383ccf752fd886b1dd1b7999fc7c317c2b1172bfdf80da,200,1.0,0.0,0.0,0.0,0.0,0.10503947231886634,1,7886,0,2004-11-18,2026-06-22,0.45555013814399103,8.641233400855448,2,5430,0.6418610878719408,0,0.0,2.0,GLD_HOLD,W-full,COST0,True,B4,W-full
0.15570385317205626,W-full__COST0__B4__QQQ_HOLD,0.5340333190011523,W-full__COST0__B4__SPY_HOLD,0,FAIL,NOT EVALUABLE,FAIL,TOTAL_RETURN_REAL,5d88e3a617cf36bce29e166a6c957b6c75f8a622c1cd75eae07438ddd8b68dd1,200,0.0,0.0,0.9978652526892017,7.17693541544173e-05,0.002062977956643883,0.10880774189675146,1,7886,0,2004-11-18,2026-06-22,0.5508197482120357,9.300307870434603,88,5430,0.643152985270125,0,0.023722247214650577,2.3866429529655417,SPY_HOLD,W-full,COST0,True,B4,W-full
0.15570385317205626,W-full__COST0__B4__QQQ_HOLD,0.5340333190011523,W-full__COST0__B4__QQQ_GLD_MONTHLY_50_50,0,FAIL,NOT EVALUABLE,PASS,TOTAL_RETURN_REAL,6b74c75a9c3eea0d0b1c03205232d695e40d7878c0295a491570325f8df19d39,200,0.4995276306166144,0.5000835925246538,0.0,1.7131424306009835e-05,0.0003716454344257124,0.1392104793499238,2,7886,0,2004-11-18,2026-06-22,0.3349931548321229,16.67799987666835,528,5430,0.9795081645909489,0,0.009507933289121867,9.342320581529714,QQQ_GLD_MONTHLY_50_50,W-full,COST0,True,B4,W-full
0.15570385317205626,W-full__COST0__B4__QQQ_HOLD,0.5340333190011523,W-full__COST0__B4__CORE_QQQ_CASH,0,FAIL,NOT EVALUABLE,FAIL,TOTAL_RETURN_REAL,4f7ac14e82761d071922f3a98c2f54e2f9f96dbf3d7570d120b633baefe2111c,200,0.0,0.7957517786349162,0.0,0.20367900827905108,0.000569213086032735,0.12147889232736508,65,7886,0,2004-11-18,2026-06-22,0.2338196322531615,11.886293000573149,195,5430,0.8274545789103496,128,0.013128050989950993,130.06100830018065,CORE_QQQ_CASH,W-full,COST0,True,B4,W-full
0.15460986121333775,W-full__COST0__B5__QQQ_HOLD,0.5340333190011527,W-full__COST0__B5__CORE_QQQ_GLD,0,FAIL,NOT EVALUABLE,PASS,TOTAL_RETURN_REAL,31677d32edebb1034c4ffff922ab27c6cf6f2fcefb236c8275cc780798cfe384,200,0.20365411269213757,0.7958079342813393,0.0,2.494619791566923e-05,0.0005130068286073897,0.14650811293840516,129,7886,0,2004-11-18,2026-06-22,0.30799651099924197,19.143425729873783,325,5430,0.8255993449603909,128,0.02114333451918064,258.03222169175996,CORE_QQQ_GLD,W-full,COST0,True,B5,W-full
0.15460986121333775,W-full__COST0__B5__QQQ_HOLD,0.5340333190011527,W-full__COST0__B5__QQQ_HOLD,0,FAIL,NOT EVALUABLE,FAIL,TOTAL_RETURN_REAL,6dfc109cb906b38bd68ddf3c56871ad9f455923ca5230bcfd96b0a015aa8da34,200,0.0,0.9993407088558848,0.0,3.0346609682863057e-05,0.000628944534432375,0.15460986121333775,1,7886,0,2004-11-18,2026-06-22,0.5340333190011527,22.28682265389883,88,5430,0.7762426031508328,0,0.024615121315810545,2.163752713892975,QQQ_HOLD,W-full,COST0,True,B5,W-full
0.15460986121333775,W-full__COST0__B5__QQQ_HOLD,0.5340333190011527,W-full__COST0__B5__GLD_HOLD,0,FAIL,NOT EVALUABLE,FAIL,TOTAL_RETURN_REAL,67a788a6cc9a33ffc0680e0991bad9b7ff2dac66e82dafc1ccc96e0babd66148,200,1.0,0.0,0.0,0.0,0.0,0.10503947231886634,1,7886,0,2004-11-18,2026-06-22,0.45555013814399103,8.641233400855448,2,5430,0.6418610878719408,0,0.0,2.0,GLD_HOLD,W-full,COST0,True,B5,W-full
0.15460986121333775,W-full__COST0__B5__QQQ_HOLD,0.5340333190011527,W-full__COST0__B5__SPY_HOLD,0,FAIL,NOT EVALUABLE,FAIL,TOTAL_RETURN_REAL,3563c18c4a6d43cdce6785176cdc2f5c97d542e98ad808fe31e5746af50c4f65,200,0.0,0.0,0.9978409395942328,7.174899292817957e-05,0.002087311412838966,0.10880429145136827,1,7886,0,2004-11-18,2026-06-22,0.5508197482120323,9.299683017541286,88,5430,0.6431417945956511,0,0.023720653405604426,2.3865760585069276,SPY_HOLD,W-full,COST0,True,B5,W-full
0.15460986121333775,W-full__COST0__B5__QQQ_HOLD,0.5340333190011527,W-full__COST0__B5__QQQ_GLD_MONTHLY_50_50,0,FAIL,NOT EVALUABLE,PASS,TOTAL_RETURN_REAL,92f0ba02e09563fafa1ec9709d7a1b2b0ac9ff90c1019df931a58a572e2588b4,200,0.4995562918858501,0.5001112239168235,0.0,1.5306316043272084e-05,0.00031717788128306007,0.13868488919009714,2,7886,0,2004-11-18,2026-06-22,0.33499315483212255,16.512651054826193,528,5430,0.9763584802107617,0,0.009413669853509977,9.341882732663214,QQQ_GLD_MONTHLY_50_50,W-full,COST0,True,B5,W-full
0.15460986121333775,W-full__COST0__B5__QQQ_HOLD,0.5340333190011527,W-full__COST0__B5__CORE_QQQ_CASH,0,FAIL,NOT EVALUABLE,FAIL,TOTAL_RETURN_REAL,bf4dc58bc4100c52f4be4b4756aa6e3270daa22281c384dd517fced952e7e962,200,0.0,0.7958074126103946,0.0,0.20367905520786536,0.0005135321817400948,0.1209687779748958,65,7886,0,2004-11-18,2026-06-22,0.23381963225316282,11.770103789449838,194,5430,0.8245754814353118,128,0.012999723521661571,130.07123821926777,CORE_QQQ_CASH,W-full,COST0,True,B5,W-full
0.1551297603497841,W-full__COST0__B6__QQQ_HOLD,0.5340333190011523,W-full__COST0__B6__CORE_QQQ_GLD,0,FAIL,NOT EVALUABLE,PASS,TOTAL_RETURN_REAL,9a12ad9d6b2e3e80ead0e62e4590096ddbc324cea9c88f307ddef99bbd29a332,200,0.20365227565529914,0.7957521149864868,0.0,2.6756641715634924e-05,0.0005688527164984038,0.14703431724576732,129,7886,0,2004-11-18,2026-06-22,0.3011065862089104,19.334027028284396,326,5430,0.8279932348388717,128,0.021353847886482202,258.0018996838997,CORE_QQQ_GLD,W-full,COST0,True,B6,W-full
0.1551297603497841,W-full__COST0__B6__QQQ_HOLD,0.5340333190011523,W-full__COST0__B6__QQQ_HOLD,0,FAIL,NOT EVALUABLE,FAIL,TOTAL_RETURN_REAL,db4862bd7f9e422a11c748722fa41373e1939ca5b9ad0b07e072ec8bcbcc199c,200,0.0,0.9992834753113133,0.0,3.2122981558350226e-05,0.0006844017071282589,0.1551297603497841,1,7886,0,2004-11-18,2026-06-22,0.5340333190011523,22.50450442170878,89,5430,0.7782951304889225,0,0.02485554424222281,2.1734255226663133,QQQ_HOLD,W-full,COST0,True,B6,W-full
0.1551297603497841,W-full__COST0__B6__QQQ_HOLD,0.5340333190011523,W-full__COST0__B6__GLD_HOLD,0,FAIL,NOT EVALUABLE,FAIL,TOTAL_RETURN_REAL,bb2d40884b485e1bfb366eb709c5efbf02f4d38f10c2593a03e14abef993ee98,200,1.0,0.0,0.0,0.0,0.0,0.10503947231886634,1,7886,0,2004-11-18,2026-06-22,0.45555013814399103,8.641233400855448,2,5430,0.6418610878719408,0,0.0,2.0,GLD_HOLD,W-full,COST0,True,B6,W-full
0.1551297603497841,W-full__COST0__B6__QQQ_HOLD,0.5340333190011523,W-full__COST0__B6__SPY_HOLD,0,FAIL,NOT EVALUABLE,FAIL,TOTAL_RETURN_REAL,4221db52011b7f7ceb8d1c1b41c91bbc5b0a5acf9f558de3ff58e5293034c952,200,0.0,0.0,0.9978409395942328,7.174899292817957e-05,0.002087311412838966,0.10880429145136827,1,7886,0,2004-11-18,2026-06-22,0.5508197482120323,9.299683017541286,88,5430,0.6431417945956511,0,0.023720653405604426,2.3865760585069276,SPY_HOLD,W-full,COST0,True,B6,W-full
0.1551297603497841,W-full__COST0__B6__QQQ_HOLD,0.5340333190011523,W-full__COST0__B6__QQQ_GLD_MONTHLY_50_50,0,FAIL,NOT EVALUABLE,PASS,TOTAL_RETURN_REAL,5e63ab426ef8b61462615c65cdb0b7e1943a599e2581cf163170f8090464f34b,200,0.49954213292965616,0.5000976400982247,0.0,1.6173383059166376e-05,0.00034405358906001976,0.13893504902448672,2,7886,0,2004-11-18,2026-06-22,0.33499315483212266,16.591154533391233,528,5430,0.9778137393465551,0,0.009458423771406495,9.342481047685322,QQQ_GLD_MONTHLY_50_50,W-full,COST0,True,B6,W-full
0.1551297603497841,W-full__COST0__B6__QQQ_HOLD,0.5340333190011523,W-full__COST0__B6__CORE_QQQ_CASH,0,FAIL,NOT EVALUABLE,FAIL,TOTAL_RETURN_REAL,27ae8781c119892d75f29b72ae928c1bbb2d30a10001e60eb8e350d3a9c9ea25,200,0.0,0.7957517786349162,0.0,0.20367900827905108,0.000569213086032735,0.12147889232736508,65,7886,0,2004-11-18,2026-06-22,0.2338196322531615,11.886293000573149,195,5430,0.8274545789103496,128,0.013128050989950993,130.06100830018065,CORE_QQQ_CASH,W-full,COST0,True,B6,W-full
0.15518369564874046,W-full__COST0__B7__QQQ_HOLD,0.534033319001153,W-full__COST0__B7__CORE_QQQ_GLD,0,FAIL,NOT EVALUABLE,PASS,TOTAL_RETURN_REAL,4b0e7ed4e66a5aa56d2fc6ef20cebc863044e5ff6aa371e34db09250a006ea01,200,0.20365411269213757,0.7958079342813393,0.0,2.494619791566923e-05,0.0005130068286073897,0.14650811293840516,129,7886,0,2004-11-18,2026-06-22,0.30799651099924197,19.143425729873783,325,5430,0.8255993449603909,128,0.02114333451918064,258.03222169175996,CORE_QQQ_GLD,W-full,COST0,True,B7,W-full
0.15518369564874046,W-full__COST0__B7__QQQ_HOLD,0.534033319001153,W-full__COST0__B7__QQQ_HOLD,0,FAIL,NOT EVALUABLE,FAIL,TOTAL_RETURN_REAL,013f3981a904e1b5f0a59b4e9c120fe5541a5373aaf0e294cd2edbe070e6b706,200,0.0,0.9992830124226736,0.0,3.2318410407462935e-05,0.0006846691669189716,0.15518369564874046,1,7886,0,2004-11-18,2026-06-22,0.534033319001153,22.527202862454708,89,5430,0.7785789474325869,0,0.024880613983267495,2.1744233777132296,QQQ_HOLD,W-full,COST0,True,B7,W-full
0.15518369564874046,W-full__COST0__B7__QQQ_HOLD,0.534033319001153,W-full__COST0__B7__GLD_HOLD,0,FAIL,NOT EVALUABLE,FAIL,TOTAL_RETURN_REAL,dabed1649e762e1a2ca76bad3f46d93c67435263c84a7dee87e7eb5b66ed576e,200,1.0,0.0,0.0,0.0,0.0,0.10503947231886634,1,7886,0,2004-11-18,2026-06-22,0.45555013814399103,8.641233400855448,2,5430,0.6418610878719408,0,0.0,2.0,GLD_HOLD,W-full,COST0,True,B7,W-full
0.15518369564874046,W-full__COST0__B7__QQQ_HOLD,0.534033319001153,W-full__COST0__B7__SPY_HOLD,0,FAIL,NOT EVALUABLE,FAIL,TOTAL_RETURN_REAL,284305f70504e40e492b8e6e6075fdc4ed45b10232364082e8937a2373b1a5d9,200,0.0,0.0,0.9978409395942328,7.174899292817957e-05,0.002087311412838966,0.10880429145136827,1,7886,0,2004-11-18,2026-06-22,0.5508197482120323,9.299683017541286,88,5430,0.6431417945956511,0,0.023720653405604426,2.3865760585069276,SPY_HOLD,W-full,COST0,True,B7,W-full
0.15518369564874046,W-full__COST0__B7__QQQ_HOLD,0.534033319001153,W-full__COST0__B7__QQQ_GLD_MONTHLY_50_50,0,FAIL,NOT EVALUABLE,PASS,TOTAL_RETURN_REAL,a9f8310c05b3b3428a63337499642162750852cc968626feee359a540e375f31,200,0.4995417895728084,0.5000971763432527,0.0,1.6264357290124043e-05,0.00034476972664875265,0.1389602590190171,2,7886,0,2004-11-18,2026-06-22,0.33499315483212255,16.59908547663747,528,5430,0.9780530299970456,0,0.009462945109688281,9.341722266507608,QQQ_GLD_MONTHLY_50_50,W-full,COST0,True,B7,W-full
0.15518369564874046,W-full__COST0__B7__QQQ_HOLD,0.534033319001153,W-full__COST0__B7__CORE_QQQ_CASH,0,FAIL,NOT EVALUABLE,FAIL,TOTAL_RETURN_REAL,e5bf38d37c735e59b6b50d821aa18691b978b710d4f285ca27a4a29d0ab5b81f,200,0.0,0.7958074126103946,0.0,0.20367905520786536,0.0005135321817400948,0.1209687779748958,65,7886,0,2004-11-18,2026-06-22,0.23381963225316282,11.770103789449838,194,5430,0.8245754814353118,128,0.012999723521661571,130.07123821926777,CORE_QQQ_CASH,W-full,COST0,True,B7,W-full
0.15570385317205626,W-full__COST0__B8__QQQ_HOLD,0.5340333190011523,W-full__COST0__B8__CORE_QQQ_GLD,0,FAIL,NOT EVALUABLE,PASS,TOTAL_RETURN_REAL,088808c82c5d60f30b519044c2e4ecda3d573f1a8bbd74ddeb414b6095237450,200,0.20365227565529914,0.7957521149864868,0.0,2.6756641715634924e-05,0.0005688527164984038,0.14703431724576732,129,7886,0,2004-11-18,2026-06-22,0.3011065862089104,19.334027028284396,326,5430,0.8279932348388717,128,0.021353847886482202,258.0018996838997,CORE_QQQ_GLD,W-full,COST0,True,B8,W-full
0.15570385317205626,W-full__COST0__B8__QQQ_HOLD,0.5340333190011523,W-full__COST0__B8__QQQ_HOLD,0,FAIL,NOT EVALUABLE,FAIL,TOTAL_RETURN_REAL,246850a397cc26e0f7bda07d193463a749a5cc1df7ebdd6ee8ea3e25cf470503,200,0.0,0.9992257788781022,0.0,3.409478228295027e-05,0.0007401263396148557,0.15570385317205626,1,7886,0,2004-11-18,2026-06-22,0.5340333190011523,22.747232492477156,90,5430,0.7806314096095256,0,0.025123630052457015,2.184096186486568,QQQ_HOLD,W-full,COST0,True,B8,W-full
0.15570385317205626,W-full__COST0__B8__QQQ_HOLD,0.5340333190011523,W-full__COST0__B8__GLD_HOLD,0,FAIL,NOT EVALUABLE,FAIL,TOTAL_RETURN_REAL,d14088bdd4fdda6dea8c9b848006706fa9f98cf1ed425a4f19e0907bf3d3d276,200,1.0,0.0,0.0,0.0,0.0,0.10503947231886634,1,7886,0,2004-11-18,2026-06-22,0.45555013814399103,8.641233400855448,2,5430,0.6418610878719408,0,0.0,2.0,GLD_HOLD,W-full,COST0,True,B8,W-full
0.15570385317205626,W-full__COST0__B8__QQQ_HOLD,0.5340333190011523,W-full__COST0__B8__SPY_HOLD,0,FAIL,NOT EVALUABLE,FAIL,TOTAL_RETURN_REAL,c3979f727df13370b8c2ae8d1c986b2309c922765a15afd9b737969ee79bf8a7,200,0.0,0.0,0.9978409395942328,7.174899292817957e-05,0.002087311412838966,0.10880429145136827,1,7886,0,2004-11-18,2026-06-22,0.5508197482120323,9.299683017541286,88,5430,0.6431417945956511,0,0.023720653405604426,2.3865760585069276,SPY_HOLD,W-full,COST0,True,B8,W-full
0.15570385317205626,W-full__COST0__B8__QQQ_HOLD,0.5340333190011523,W-full__COST0__B8__QQQ_GLD_MONTHLY_50_50,0,FAIL,NOT EVALUABLE,PASS,TOTAL_RETURN_REAL,2a72dbca6b4a054909c3b1551e017656a5149e0e44d20e42294d421c50fe04a6,200,0.4995276306166144,0.5000835925246538,0.0,1.7131424306009835e-05,0.0003716454344257124,0.1392104793499238,2,7886,0,2004-11-18,2026-06-22,0.3349931548321229,16.67799987666835,528,5430,0.9795081645909489,0,0.009507933289121867,9.342320581529714,QQQ_GLD_MONTHLY_50_50,W-full,COST0,True,B8,W-full
0.15570385317205626,W-full__COST0__B8__QQQ_HOLD,0.5340333190011523,W-full__COST0__B8__CORE_QQQ_CASH,0,FAIL,NOT EVALUABLE,FAIL,TOTAL_RETURN_REAL,bc48e5614054aa94c697f40e77b394689b5fffe708ca72d5ee15fe1811b1062c,200,0.0,0.7957517786349162,0.0,0.20367900827905108,0.000569213086032735,0.12147889232736508,65,7886,0,2004-11-18,2026-06-22,0.2338196322531615,11.886293000573149,195,5430,0.8274545789103496,128,0.013128050989950993,130.06100830018065,CORE_QQQ_CASH,W-full,COST0,True,B8,W-full
0.15449416675364902,W-full__COST10__B1__QQQ_HOLD,0.5340350318736296,W-full__COST10__B1__CORE_QQQ_GLD,10,FAIL,NOT EVALUABLE,FAIL,TOTAL_RETURN_REAL,80988e0c2fbe6759a2a1356b3b0b740aca94f3fbacc282e30d53918dc9376550,200,0.20365402782355224,0.7958077547939705,0.0,2.4963312332194194e-05,0.0005132540701451464,0.132887739433442,129,7886,0,2004-11-18,2026-06-22,0.3203477518197596,14.789590585086259,325,5430,0.7614360452379255,128,0.016350988259572232,257.77528723553786,CORE_QQQ_GLD,W-full,COST10,True,B1,W-full
0.15449416675364902,W-full__COST10__B1__QQQ_HOLD,0.5340350318736296,W-full__COST10__B1__QQQ_HOLD,10,FAIL,NOT EVALUABLE,FAIL,TOTAL_RETURN_REAL,efaec82f416041713c7983b1237a3e6dece2a4b4a92da6d307baa2ac8c98ff9f,200,0.0,0.9993407088541296,0.0,3.0346609682861245e-05,0.0006289445361874805,0.15449416675364902,1,7886,0,2004-11-18,2026-06-22,0.5340350318736296,22.238655282101007,88,5430,0.775776852700234,0,0.024586481237214387,2.162589021448233,QQQ_HOLD,W-full,COST10,True,B1,W-full
0.15449416675364902,W-full__COST10__B1__QQQ_HOLD,0.5340350318736296,W-full__COST10__B1__GLD_HOLD,10,FAIL,NOT EVALUABLE,FAIL,TOTAL_RETURN_REAL,f9e7a18bccd718c932ce70eb84051eac8aca4bc7b58276d58cb2c16e748362b3,200,1.0,0.0,0.0,0.0,0.0,0.10493711654372606,1,7886,0,2004-11-18,2026-06-22,0.4555501381439985,8.62396819925501,2,5430,0.6413429278668265,0,0.0,1.999000999000999,GLD_HOLD,W-full,COST10,True,B1,W-full
0.15449416675364902,W-full__COST10__B1__QQQ_HOLD,0.5340350318736296,W-full__COST10__B1__SPY_HOLD,10,FAIL,NOT EVALUABLE,FAIL,TOTAL_RETURN_REAL,e4a033f574b71f04773edc8cf56b5a7ef538e63707463298a8581e560617c45e,200,0.0,0.0,0.9978652526892017,7.176935415441677e-05,0.002062977956643883,0.10868520318613428,1,7886,0,2004-11-18,2026-06-22,0.550835875805878,9.27814143901034,88,5430,0.642564065318532,0,0.023689336324644147,2.385255147123587,SPY_HOLD,W-full,COST10,True,B1,W-full
0.15449416675364902,W-full__COST10__B1__QQQ_HOLD,0.5340350318736296,W-full__COST10__B1__QQQ_GLD_MONTHLY_50_50,10,FAIL,NOT EVALUABLE,PASS,TOTAL_RETURN_REAL,dd5672396ecf72a65fd0ef5886bf78dade36861a19ad154946125ff22038dc2d,200,0.49955628926529216,0.5001112213377576,0.0,1.5306562057656373e-05,0.00031718283489256784,0.1381923079176659,2,7886,0,2004-11-18,2026-06-22,0.33522515022306487,16.35910681378368,528,5430,0.9733411800933827,0,0.009335466215963257,9.340877101058402,QQQ_GLD_MONTHLY_50_50,W-full,COST10,True,B1,W-full
0.15449416675364902,W-full__COST10__B1__QQQ_HOLD,0.5340350318736296,W-full__COST10__B1__CORE_QQQ_CASH,10,FAIL,NOT EVALUABLE,FAIL,TOTAL_RETURN_REAL,47472011ae81cc0cb1b158f9d68c8a5ff6345601667ef12e83761fddc2e3a39b,200,0.0,0.795807320482673,0.0,0.20367902122710677,0.0005136582902202914,0.11423596541705328,65,7886,0,2004-11-18,2026-06-22,0.2452190347062727,10.334523527836438,194,5430,0.7848911701991719,128,0.011425581519634725,130.0061691980643,CORE_QQQ_CASH,W-full,COST10,True,B1,W-full
0.15501349686436727,W-full__COST10__B2__QQQ_HOLD,0.5340350318736293,W-full__COST10__B2__CORE_QQQ_GLD,10,FAIL,NOT EVALUABLE,FAIL,TOTAL_RETURN_REAL,0a6a171bed867d7a63830d79829046453a2d6ad74a184070058d5a1b45cb20a9,200,0.20365218714572106,0.7957518484396492,0.0,2.678094079517529e-05,0.000569183473834603,0.1334092475822244,129,7886,0,2004-11-18,2026-06-22,0.3135604672852109,14.937285468344108,326,5430,0.7638424953083104,128,0.016514275896795355,257.74499465864534,CORE_QQQ_GLD,W-full,COST10,True,B2,W-full
0.15501349686436727,W-full__COST10__B2__QQQ_HOLD,0.5340350318736293,W-full__COST10__B2__QQQ_HOLD,10,FAIL,NOT EVALUABLE,FAIL,TOTAL_RETURN_REAL,767015114b0b25708fb6b1cdb38e973261c207cdd873d491c87b97df3c829807,200,0.0,0.9992834753095583,0.0,3.2122981558348844e-05,0.0006844017088833644,0.15501349686436727,1,7886,0,2004-11-18,2026-06-22,0.5340350318736293,22.45564959111248,89,5430,0.7778273228785852,0,0.02482638452450462,2.1722521670759436,QQQ_HOLD,W-full,COST10,True,B2,W-full
0.15501349686436727,W-full__COST10__B2__QQQ_HOLD,0.5340350318736293,W-full__COST10__B2__GLD_HOLD,10,FAIL,NOT EVALUABLE,FAIL,TOTAL_RETURN_REAL,fd462211b12120d61f1bb3e53d39d7a7c54d77a15525c4fb4fc6c092b305a5aa,200,1.0,0.0,0.0,0.0,0.0,0.10493711654372606,1,7886,0,2004-11-18,2026-06-22,0.4555501381439985,8.62396819925501,2,5430,0.6413429278668265,0,0.0,1.999000999000999,GLD_HOLD,W-full,COST10,True,B2,W-full
0.15501349686436727,W-full__COST10__B2__QQQ_HOLD,0.5340350318736293,W-full__COST10__B2__SPY_HOLD,10,FAIL,NOT EVALUABLE,FAIL,TOTAL_RETURN_REAL,66cf9dd78ce898cbf6a2ecbabf5e96a022a5b7e26679c789f746b06061b9982f,200,0.0,0.0,0.9978652526892017,7.176935415441677e-05,0.002062977956643883,0.10868520318613428,1,7886,0,2004-11-18,2026-06-22,0.550835875805878,9.27814143901034,88,5430,0.642564065318532,0,0.023689336324644147,2.385255147123587,SPY_HOLD,W-full,COST10,True,B2,W-full
0.15501349686436727,W-full__COST10__B2__QQQ_HOLD,0.5340350318736293,W-full__COST10__B2__QQQ_GLD_MONTHLY_50_50,10,FAIL,NOT EVALUABLE,PASS,TOTAL_RETURN_REAL,aad7f167f7001b686ccf419d3f98ed9c23ef6f5c0c04d4ae09805ee491609255,200,0.49954213010099857,0.500097637317746,0.0,1.6173648560342485e-05,0.00034405893269498955,0.13844232832039016,2,7886,0,2004-11-18,2026-06-22,0.33522515022306376,16.436870590371413,528,5430,0.9747964843030907,0,0.009379842789661535,9.341470795392997,QQQ_GLD_MONTHLY_50_50,W-full,COST10,True,B2,W-full
0.15501349686436727,W-full__COST10__B2__QQQ_HOLD,0.5340350318736293,W-full__COST10__B2__CORE_QQQ_CASH,10,FAIL,NOT EVALUABLE,FAIL,TOTAL_RETURN_REAL,70eb9c4c6da804d0a6a1174ec430a1cf370bf22ae4fded094a06a50949a2d625,200,0.0,0.7957516433837828,0.0,0.20367897603162438,0.000569380584592824,0.11474352108381969,65,7886,0,2004-11-18,2026-06-22,0.24521903470627127,10.436643451300146,195,5430,0.7877777111340197,128,0.011538482661827276,129.99594896248465,CORE_QQQ_CASH,W-full,COST10,True,B2,W-full
0.15506737340498788,W-full__COST10__B3__QQQ_HOLD,0.5340350318736304,W-full__COST10__B3__CORE_QQQ_GLD,10,FAIL,NOT EVALUABLE,FAIL,TOTAL_RETURN_REAL,d6b010a4ba823791716b9310cb8d118963e75edb050475ffb2ccfc43ee0bd1c8,200,0.20365402782355224,0.7958077547939705,0.0,2.4963312332194194e-05,0.0005132540701451464,0.132887739433442,129,7886,0,2004-11-18,2026-06-22,0.3203477518197596,14.789590585086259,325,5430,0.7614360452379255,128,0.016350988259572232,257.77528723553786,CORE_QQQ_GLD,W-full,COST10,True,B3,W-full
0.15506737340498788,W-full__COST10__B3__QQQ_HOLD,0.5340350318736304,W-full__COST10__B3__QQQ_HOLD,10,FAIL,NOT EVALUABLE,FAIL,TOTAL_RETURN_REAL,e8aaffe9c0db58addf7caa418872038cc9400d308bb3eb945197bb471dd2969c,200,0.0,0.9992830124209184,0.0,3.231841040746116e-05,0.0006846691686740771,0.15506737340498788,1,7886,0,2004-11-18,2026-06-22,0.5340350318736304,22.478276348120435,89,5430,0.7781108972836381,0,0.02485140008095709,2.173249025264671,QQQ_HOLD,W-full,COST10,True,B3,W-full
0.15506737340498788,W-full__COST10__B3__QQQ_HOLD,0.5340350318736304,W-full__COST10__B3__GLD_HOLD,10,FAIL,NOT EVALUABLE,FAIL,TOTAL_RETURN_REAL,63279fa19567a86a224cfc5af35b1a3aa15438105a9c8d22cc2490a100afee95,200,1.0,0.0,0.0,0.0,0.0,0.10493711654372606,1,7886,0,2004-11-18,2026-06-22,0.4555501381439985,8.62396819925501,2,5430,0.6413429278668265,0,0.0,1.999000999000999,GLD_HOLD,W-full,COST10,True,B3,W-full
0.15506737340498788,W-full__COST10__B3__QQQ_HOLD,0.5340350318736304,W-full__COST10__B3__SPY_HOLD,10,FAIL,NOT EVALUABLE,FAIL,TOTAL_RETURN_REAL,dc692f5bc0f525c46d7177026ef726eeaa00f255ee273232f270988fe5dc68f4,200,0.0,0.0,0.9978652526892017,7.176935415441677e-05,0.002062977956643883,0.10868520318613428,1,7886,0,2004-11-18,2026-06-22,0.550835875805878,9.27814143901034,88,5430,0.642564065318532,0,0.023689336324644147,2.385255147123587,SPY_HOLD,W-full,COST10,True,B3,W-full
0.15506737340498788,W-full__COST10__B3__QQQ_HOLD,0.5340350318736304,W-full__COST10__B3__QQQ_GLD_MONTHLY_50_50,10,FAIL,NOT EVALUABLE,PASS,TOTAL_RETURN_REAL,1d95ad818a54a370154c5e595fd6a211720f794a786bbbf0dd264cfc3caacbb5,200,0.49954178694477613,0.500097173757,0.0,1.6264604005646333e-05,0.00034477469421813345,0.13846756708977082,2,7886,0,2004-11-18,2026-06-22,0.33522515022306487,16.444740158007225,528,5430,0.9750357179843789,0,0.009384333626700173,9.340716634788118,QQQ_GLD_MONTHLY_50_50,W-full,COST10,True,B3,W-full
0.15506737340498788,W-full__COST10__B3__QQQ_HOLD,0.5340350318736304,W-full__COST10__B3__CORE_QQQ_CASH,10,FAIL,NOT EVALUABLE,FAIL,TOTAL_RETURN_REAL,23b07dd17f033f23b58d201967a87d9a4131326a5d72922bd1cf571f9967418d,200,0.0,0.795807320482673,0.0,0.20367902122710677,0.0005136582902202914,0.11423596541705328,65,7886,0,2004-11-18,2026-06-22,0.2452190347062727,10.334523527836438,194,5430,0.7848911701991719,128,0.011425581519634725,130.0061691980643,CORE_QQQ_CASH,W-full,COST10,True,B3,W-full
0.15558696136323946,W-full__COST10__B4__QQQ_HOLD,0.5340350318736294,W-full__COST10__B4__CORE_QQQ_GLD,10,FAIL,NOT EVALUABLE,FAIL,TOTAL_RETURN_REAL,66cde468dd5e051803a18e238c5b87a1acc232360d58f812eb3d868175f3d993,200,0.20365218714572106,0.7957518484396492,0.0,2.678094079517529e-05,0.000569183473834603,0.1334092475822244,129,7886,0,2004-11-18,2026-06-22,0.3135604672852109,14.937285468344108,326,5430,0.7638424953083104,128,0.016514275896795355,257.74499465864534,CORE_QQQ_GLD,W-full,COST10,True,B4,W-full
0.15558696136323946,W-full__COST10__B4__QQQ_HOLD,0.5340350318736294,W-full__COST10__B4__QQQ_HOLD,10,FAIL,NOT EVALUABLE,FAIL,TOTAL_RETURN_REAL,15a1ddd508ac1504a73d975f2153f7da699a8d2d2f262b2c31e04636bce84efc,200,0.0,0.9992257788763471,0.0,3.4094782282948756e-05,0.0007401263413699612,0.15558696136323946,1,7886,0,2004-11-18,2026-06-22,0.5340350318736294,22.69760876647267,90,5430,0.7801613023583148,0,0.025093888321371195,2.1829121708923815,QQQ_HOLD,W-full,COST10,True,B4,W-full
0.15558696136323946,W-full__COST10__B4__QQQ_HOLD,0.5340350318736294,W-full__COST10__B4__GLD_HOLD,10,FAIL,NOT EVALUABLE,FAIL,TOTAL_RETURN_REAL,d35a130a88600611288fb5f15f50ffddd706d4e817d43afd94b1576bb2220111,200,1.0,0.0,0.0,0.0,0.0,0.10493711654372606,1,7886,0,2004-11-18,2026-06-22,0.4555501381439985,8.62396819925501,2,5430,0.6413429278668265,0,0.0,1.999000999000999,GLD_HOLD,W-full,COST10,True,B4,W-full
0.15558696136323946,W-full__COST10__B4__QQQ_HOLD,0.5340350318736294,W-full__COST10__B4__SPY_HOLD,10,FAIL,NOT EVALUABLE,FAIL,TOTAL_RETURN_REAL,850a3e4e3111464674509435f4c9e1e6a558ce8fe9e7c45aa30f40f6626fafdb,200,0.0,0.0,0.9978652526892017,7.176935415441677e-05,0.002062977956643883,0.10868520318613428,1,7886,0,2004-11-18,2026-06-22,0.550835875805878,9.27814143901034,88,5430,0.642564065318532,0,0.023689336324644147,2.385255147123587,SPY_HOLD,W-full,COST10,True,B4,W-full
0.15558696136323946,W-full__COST10__B4__QQQ_HOLD,0.5340350318736294,W-full__COST10__B4__QQQ_GLD_MONTHLY_50_50,10,FAIL,NOT EVALUABLE,PASS,TOTAL_RETURN_REAL,f0e45f688e40e60bedb58cfbfc52c69daea12f6405117d5c45f50f2ecc51856f,200,0.4995276277804826,0.5000835897369885,0.0,1.713169050833954e-05,0.0003716507920205551,0.13871764795715302,2,7886,0,2004-11-18,2026-06-22,0.335225150223064,16.522910996687198,528,5430,0.9764908975506735,0,0.009428942493912656,9.341310329122713,QQQ_GLD_MONTHLY_50_50,W-full,COST10,True,B4,W-full
0.15558696136323946,W-full__COST10__B4__QQQ_HOLD,0.5340350318736294,W-full__COST10__B4__CORE_QQQ_CASH,10,FAIL,NOT EVALUABLE,FAIL,TOTAL_RETURN_REAL,1736bae22f6f78fc5fcdd66468c9678420ab1a304b2ab5df0ef4ba62dba27c5e,200,0.0,0.7957516433837828,0.0,0.20367897603162438,0.000569380584592824,0.11474352108381969,65,7886,0,2004-11-18,2026-06-22,0.24521903470627127,10.436643451300146,195,5430,0.7877777111340197,128,0.011538482661827276,129.99594896248465,CORE_QQQ_CASH,W-full,COST10,True,B4,W-full
0.15449416675364902,W-full__COST10__B5__QQQ_HOLD,0.5340350318736296,W-full__COST10__B5__CORE_QQQ_GLD,10,FAIL,NOT EVALUABLE,FAIL,TOTAL_RETURN_REAL,c77c54ed5167907b48b6a9b65882f383bc6264c03b7195fbc08cbf60da40846a,200,0.20365402782355224,0.7958077547939705,0.0,2.4963312332194194e-05,0.0005132540701451464,0.132887739433442,129,7886,0,2004-11-18,2026-06-22,0.3203477518197596,14.789590585086259,325,5430,0.7614360452379255,128,0.016350988259572232,257.77528723553786,CORE_QQQ_GLD,W-full,COST10,True,B5,W-full
0.15449416675364902,W-full__COST10__B5__QQQ_HOLD,0.5340350318736296,W-full__COST10__B5__QQQ_HOLD,10,FAIL,NOT EVALUABLE,FAIL,TOTAL_RETURN_REAL,a76944a434388d6694e02678df67fbf502b6a75f50dadd22ce723de161ead83f,200,0.0,0.9993407088541296,0.0,3.0346609682861245e-05,0.0006289445361874805,0.15449416675364902,1,7886,0,2004-11-18,2026-06-22,0.5340350318736296,22.238655282101007,88,5430,0.775776852700234,0,0.024586481237214387,2.162589021448233,QQQ_HOLD,W-full,COST10,True,B5,W-full
0.15449416675364902,W-full__COST10__B5__QQQ_HOLD,0.5340350318736296,W-full__COST10__B5__GLD_HOLD,10,FAIL,NOT EVALUABLE,FAIL,TOTAL_RETURN_REAL,24332c767f1e4f3a4b509300cc5dea9f0bafd0104e8ed417509b5080bfac94f4,200,1.0,0.0,0.0,0.0,0.0,0.10493711654372606,1,7886,0,2004-11-18,2026-06-22,0.4555501381439985,8.62396819925501,2,5430,0.6413429278668265,0,0.0,1.999000999000999,GLD_HOLD,W-full,COST10,True,B5,W-full
0.15449416675364902,W-full__COST10__B5__QQQ_HOLD,0.5340350318736296,W-full__COST10__B5__SPY_HOLD,10,FAIL,NOT EVALUABLE,FAIL,TOTAL_RETURN_REAL,f13a9086de2b20efc131e008bc9c63865d1648377ff7ccfb5b653f9c445d1812,200,0.0,0.0,0.9978409395942328,7.174899292817886e-05,0.002087311412838966,0.10868175655361423,1,7886,0,2004-11-18,2026-06-22,0.5508358758058782,9.27751869539359,88,5430,0.6425528920548945,0,0.023687746309760418,2.385188319492604,SPY_HOLD,W-full,COST10,True,B5,W-full
0.15449416675364902,W-full__COST10__B5__QQQ_HOLD,0.5340350318736296,W-full__COST10__B5__QQQ_GLD_MONTHLY_50_50,10,FAIL,NOT EVALUABLE,PASS,TOTAL_RETURN_REAL,376e6fa6cb8b81d95b93941a45f98cae6a38eaa1f8c2c04d8a71075fadd3c8fb,200,0.49955628926529216,0.5001112213377576,0.0,1.5306562057656373e-05,0.00031718283489256784,0.1381923079176659,2,7886,0,2004-11-18,2026-06-22,0.33522515022306487,16.35910681378368,528,5430,0.9733411800933827,0,0.009335466215963257,9.340877101058402,QQQ_GLD_MONTHLY_50_50,W-full,COST10,True,B5,W-full
0.15449416675364902,W-full__COST10__B5__QQQ_HOLD,0.5340350318736296,W-full__COST10__B5__CORE_QQQ_CASH,10,FAIL,NOT EVALUABLE,FAIL,TOTAL_RETURN_REAL,34852842015e8c3c38d1990905ac3f87eda3ce44d5e9f75acf9f31777a0d576f,200,0.0,0.795807320482673,0.0,0.20367902122710677,0.0005136582902202914,0.11423596541705328,65,7886,0,2004-11-18,2026-06-22,0.2452190347062727,10.334523527836438,194,5430,0.7848911701991719,128,0.011425581519634725,130.0061691980643,CORE_QQQ_CASH,W-full,COST10,True,B5,W-full
0.15501349686436727,W-full__COST10__B6__QQQ_HOLD,0.5340350318736293,W-full__COST10__B6__CORE_QQQ_GLD,10,FAIL,NOT EVALUABLE,FAIL,TOTAL_RETURN_REAL,8da9372d9c923d8bb0818cb1bf55df8c147f08e53cf74e3ef064d1a90f347c5f,200,0.20365218714572106,0.7957518484396492,0.0,2.678094079517529e-05,0.000569183473834603,0.1334092475822244,129,7886,0,2004-11-18,2026-06-22,0.3135604672852109,14.937285468344108,326,5430,0.7638424953083104,128,0.016514275896795355,257.74499465864534,CORE_QQQ_GLD,W-full,COST10,True,B6,W-full
0.15501349686436727,W-full__COST10__B6__QQQ_HOLD,0.5340350318736293,W-full__COST10__B6__QQQ_HOLD,10,FAIL,NOT EVALUABLE,FAIL,TOTAL_RETURN_REAL,3477bfc2f7cf0552228e5d3691507099a109e03113cab1c31bb2602d1acff75d,200,0.0,0.9992834753095583,0.0,3.2122981558348844e-05,0.0006844017088833644,0.15501349686436727,1,7886,0,2004-11-18,2026-06-22,0.5340350318736293,22.45564959111248,89,5430,0.7778273228785852,0,0.02482638452450462,2.1722521670759436,QQQ_HOLD,W-full,COST10,True,B6,W-full
0.15501349686436727,W-full__COST10__B6__QQQ_HOLD,0.5340350318736293,W-full__COST10__B6__GLD_HOLD,10,FAIL,NOT EVALUABLE,FAIL,TOTAL_RETURN_REAL,256d9ddac476ec9df75a64bdf0f180dc0379d211c1c24b1885147c8c025cd122,200,1.0,0.0,0.0,0.0,0.0,0.10493711654372606,1,7886,0,2004-11-18,2026-06-22,0.4555501381439985,8.62396819925501,2,5430,0.6413429278668265,0,0.0,1.999000999000999,GLD_HOLD,W-full,COST10,True,B6,W-full
0.15501349686436727,W-full__COST10__B6__QQQ_HOLD,0.5340350318736293,W-full__COST10__B6__SPY_HOLD,10,FAIL,NOT EVALUABLE,FAIL,TOTAL_RETURN_REAL,4172321241f6846ee4d6b6f4849b93057cc6ca0ff843a580b6848e85a0de376d,200,0.0,0.0,0.9978409395942328,7.174899292817886e-05,0.002087311412838966,0.10868175655361423,1,7886,0,2004-11-18,2026-06-22,0.5508358758058782,9.27751869539359,88,5430,0.6425528920548945,0,0.023687746309760418,2.385188319492604,SPY_HOLD,W-full,COST10,True,B6,W-full
0.15501349686436727,W-full__COST10__B6__QQQ_HOLD,0.5340350318736293,W-full__COST10__B6__QQQ_GLD_MONTHLY_50_50,10,FAIL,NOT EVALUABLE,PASS,TOTAL_RETURN_REAL,3305b6d13ff62a66e5cf2a56579f727e9b4e7aed2fe69f99bc1f0cad3c1a6a2e,200,0.49954213010099857,0.500097637317746,0.0,1.6173648560342485e-05,0.00034405893269498955,0.13844232832039016,2,7886,0,2004-11-18,2026-06-22,0.33522515022306376,16.436870590371413,528,5430,0.9747964843030907,0,0.009379842789661535,9.341470795392997,QQQ_GLD_MONTHLY_50_50,W-full,COST10,True,B6,W-full
0.15501349686436727,W-full__COST10__B6__QQQ_HOLD,0.5340350318736293,W-full__COST10__B6__CORE_QQQ_CASH,10,FAIL,NOT EVALUABLE,FAIL,TOTAL_RETURN_REAL,fe593a3249957b158533871d638c38df638c44f98eacb824a4ba32683c95eeb2,200,0.0,0.7957516433837828,0.0,0.20367897603162438,0.000569380584592824,0.11474352108381969,65,7886,0,2004-11-18,2026-06-22,0.24521903470627127,10.436643451300146,195,5430,0.7877777111340197,128,0.011538482661827276,129.99594896248465,CORE_QQQ_CASH,W-full,COST10,True,B6,W-full
0.15506737340498788,W-full__COST10__B7__QQQ_HOLD,0.5340350318736304,W-full__COST10__B7__CORE_QQQ_GLD,10,FAIL,NOT EVALUABLE,FAIL,TOTAL_RETURN_REAL,e165c9d45b6e6762fbda8ff4fd73cb00abc4ff6b82cc1a056633e0c1075b160e,200,0.20365402782355224,0.7958077547939705,0.0,2.4963312332194194e-05,0.0005132540701451464,0.132887739433442,129,7886,0,2004-11-18,2026-06-22,0.3203477518197596,14.789590585086259,325,5430,0.7614360452379255,128,0.016350988259572232,257.77528723553786,CORE_QQQ_GLD,W-full,COST10,True,B7,W-full
0.15506737340498788,W-full__COST10__B7__QQQ_HOLD,0.5340350318736304,W-full__COST10__B7__QQQ_HOLD,10,FAIL,NOT EVALUABLE,FAIL,TOTAL_RETURN_REAL,9b6bab340b37312597ee1479ca9f75b686df8e0357a093f11cb9eda961a397d0,200,0.0,0.9992830124209184,0.0,3.231841040746116e-05,0.0006846691686740771,0.15506737340498788,1,7886,0,2004-11-18,2026-06-22,0.5340350318736304,22.478276348120435,89,5430,0.7781108972836381,0,0.02485140008095709,2.173249025264671,QQQ_HOLD,W-full,COST10,True,B7,W-full
0.15506737340498788,W-full__COST10__B7__QQQ_HOLD,0.5340350318736304,W-full__COST10__B7__GLD_HOLD,10,FAIL,NOT EVALUABLE,FAIL,TOTAL_RETURN_REAL,8957a0131a08c4491b5bdf5538264639294bd1167fe8b7dd7fd6fe714740c6b7,200,1.0,0.0,0.0,0.0,0.0,0.10493711654372606,1,7886,0,2004-11-18,2026-06-22,0.4555501381439985,8.62396819925501,2,5430,0.6413429278668265,0,0.0,1.999000999000999,GLD_HOLD,W-full,COST10,True,B7,W-full
0.15506737340498788,W-full__COST10__B7__QQQ_HOLD,0.5340350318736304,W-full__COST10__B7__SPY_HOLD,10,FAIL,NOT EVALUABLE,FAIL,TOTAL_RETURN_REAL,551c80df6eedd76a9e1565899118cf29d46195c88cfe49754daeb502ab8def01,200,0.0,0.0,0.9978409395942328,7.174899292817886e-05,0.002087311412838966,0.10868175655361423,1,7886,0,2004-11-18,2026-06-22,0.5508358758058782,9.27751869539359,88,5430,0.6425528920548945,0,0.023687746309760418,2.385188319492604,SPY_HOLD,W-full,COST10,True,B7,W-full
0.15506737340498788,W-full__COST10__B7__QQQ_HOLD,0.5340350318736304,W-full__COST10__B7__QQQ_GLD_MONTHLY_50_50,10,FAIL,NOT EVALUABLE,PASS,TOTAL_RETURN_REAL,fa9777f9a28d4cc7c6b44a4aeca5cee6c64203f53e5d88a1e1e24944c882fc48,200,0.49954178694477613,0.500097173757,0.0,1.6264604005646333e-05,0.00034477469421813345,0.13846756708977082,2,7886,0,2004-11-18,2026-06-22,0.33522515022306487,16.444740158007225,528,5430,0.9750357179843789,0,0.009384333626700173,9.340716634788118,QQQ_GLD_MONTHLY_50_50,W-full,COST10,True,B7,W-full
0.15506737340498788,W-full__COST10__B7__QQQ_HOLD,0.5340350318736304,W-full__COST10__B7__CORE_QQQ_CASH,10,FAIL,NOT EVALUABLE,FAIL,TOTAL_RETURN_REAL,99698e2f5f2d718ca88c743d0e047459e3b2ac680ee3d7805d6cc9eecdbbd980,200,0.0,0.795807320482673,0.0,0.20367902122710677,0.0005136582902202914,0.11423596541705328,65,7886,0,2004-11-18,2026-06-22,0.2452190347062727,10.334523527836438,194,5430,0.7848911701991719,128,0.011425581519634725,130.0061691980643,CORE_QQQ_CASH,W-full,COST10,True,B7,W-full
0.15558696136323946,W-full__COST10__B8__QQQ_HOLD,0.5340350318736294,W-full__COST10__B8__CORE_QQQ_GLD,10,FAIL,NOT EVALUABLE,FAIL,TOTAL_RETURN_REAL,fddf01e78af506137d80846ab4970c2f1fd72290485373fedbc9f6c89400c31f,200,0.20365218714572106,0.7957518484396492,0.0,2.678094079517529e-05,0.000569183473834603,0.1334092475822244,129,7886,0,2004-11-18,2026-06-22,0.3135604672852109,14.937285468344108,326,5430,0.7638424953083104,128,0.016514275896795355,257.74499465864534,CORE_QQQ_GLD,W-full,COST10,True,B8,W-full
0.15558696136323946,W-full__COST10__B8__QQQ_HOLD,0.5340350318736294,W-full__COST10__B8__QQQ_HOLD,10,FAIL,NOT EVALUABLE,FAIL,TOTAL_RETURN_REAL,c4a0cb16d042dae7a38772b616b6c217ae4cd3cc7b2d812531986ec1096a2b94,200,0.0,0.9992257788763471,0.0,3.4094782282948756e-05,0.0007401263413699612,0.15558696136323946,1,7886,0,2004-11-18,2026-06-22,0.5340350318736294,22.69760876647267,90,5430,0.7801613023583148,0,0.025093888321371195,2.1829121708923815,QQQ_HOLD,W-full,COST10,True,B8,W-full
0.15558696136323946,W-full__COST10__B8__QQQ_HOLD,0.5340350318736294,W-full__COST10__B8__GLD_HOLD,10,FAIL,NOT EVALUABLE,FAIL,TOTAL_RETURN_REAL,094d109a833432226a05f611e6803eb072f7ab4f4628299b2dd1c76cbc938597,200,1.0,0.0,0.0,0.0,0.0,0.10493711654372606,1,7886,0,2004-11-18,2026-06-22,0.4555501381439985,8.62396819925501,2,5430,0.6413429278668265,0,0.0,1.999000999000999,GLD_HOLD,W-full,COST10,True,B8,W-full
0.15558696136323946,W-full__COST10__B8__QQQ_HOLD,0.5340350318736294,W-full__COST10__B8__SPY_HOLD,10,FAIL,NOT EVALUABLE,FAIL,TOTAL_RETURN_REAL,24edd6969e6b3eba595b42235c82de8c850f22eb09578c91d7a5093023f8df4a,200,0.0,0.0,0.9978409395942328,7.174899292817886e-05,0.002087311412838966,0.10868175655361423,1,7886,0,2004-11-18,2026-06-22,0.5508358758058782,9.27751869539359,88,5430,0.6425528920548945,0,0.023687746309760418,2.385188319492604,SPY_HOLD,W-full,COST10,True,B8,W-full
0.15558696136323946,W-full__COST10__B8__QQQ_HOLD,0.5340350318736294,W-full__COST10__B8__QQQ_GLD_MONTHLY_50_50,10,FAIL,NOT EVALUABLE,PASS,TOTAL_RETURN_REAL,925c0d8eab6ecd75618f1332a6185b873457952480348fb24b11fcbdcb311d90,200,0.4995276277804826,0.5000835897369885,0.0,1.713169050833954e-05,0.0003716507920205551,0.13871764795715302,2,7886,0,2004-11-18,2026-06-22,0.335225150223064,16.522910996687198,528,5430,0.9764908975506735,0,0.009428942493912656,9.341310329122713,QQQ_GLD_MONTHLY_50_50,W-full,COST10,True,B8,W-full
0.15558696136323946,W-full__COST10__B8__QQQ_HOLD,0.5340350318736294,W-full__COST10__B8__CORE_QQQ_CASH,10,FAIL,NOT EVALUABLE,FAIL,TOTAL_RETURN_REAL,c6f3f6ad5b4be3890bcf0387cfd8fe63bb120112384f82b27832a168d1bf159f,200,0.0,0.7957516433837828,0.0,0.20367897603162438,0.000569380584592824,0.11474352108381969,65,7886,0,2004-11-18,2026-06-22,0.24521903470627127,10.436643451300146,195,5430,0.7877777111340197,128,0.011538482661827276,129.99594896248465,CORE_QQQ_CASH,W-full,COST10,True,B8,W-full
0.15432067944723027,W-full__COST25__B1__QQQ_HOLD,0.5340375947658283,W-full__COST25__B1__CORE_QQQ_GLD,25,FAIL,NOT EVALUABLE,FAIL,TOTAL_RETURN_REAL,d4fd4726a6e062ec8bff41b910ba7e3e7f2b9da0550b9fc53f4a06915650d811,200,0.20365389987423263,0.7958074826441304,0.0,2.4989214839930806e-05,0.0005136282667970971,0.1127599830027548,129,7886,0,2004-11-18,2026-06-22,0.3591619516578306,10.042943454265908,325,5430,0.6646920775148901,128,0.011119896224639794,257.3908451142205,CORE_QQQ_GLD,W-full,COST25,True,B1,W-full
0.15432067944723027,W-full__COST25__B1__QQQ_HOLD,0.5340375947658283,W-full__COST25__B1__QQQ_HOLD,25,FAIL,NOT EVALUABLE,FAIL,TOTAL_RETURN_REAL,a3c7f71d8827501ae39b16c69ea2e64f7c9d21e3aae6edb896c3ea25e0711cdb,200,0.0,0.9993407088515035,0.0,3.0346609682862556e-05,0.0006289445388135865,0.15432067944723027,1,7886,0,2004-11-18,2026-06-22,0.5340375947658283,22.166612880722635,88,5430,0.7750762517504164,0,0.024543644600598494,2.1608478357414804,QQQ_HOLD,W-full,COST25,True,B1,W-full
0.15432067944723027,W-full__COST25__B1__QQQ_HOLD,0.5340375947658283,W-full__COST25__B1__GLD_HOLD,25,FAIL,NOT EVALUABLE,FAIL,TOTAL_RETURN_REAL,8f8759e2e2b617bc95223d63df2be98d0254cdb3b8ab0b7fce77d1420a0a2c73,200,1.0,0.0,0.0,4.346591188485334e-17,0.0,0.10478360020959965,1,7886,0,2004-11-18,2026-06-22,0.45555013814399303,8.598134979903508,2,5430,0.6405633463061094,0,0.0,1.9975062344139651,GLD_HOLD,W-full,COST25,True,B1,W-full
0.15432067944723027,W-full__COST25__B1__QQQ_HOLD,0.5340375947658283,W-full__COST25__B1__SPY_HOLD,25,FAIL,NOT EVALUABLE,FAIL,TOTAL_RETURN_REAL,d579668a7206be38ebadb6459f59bf8df258717d29581123c013276280514450,200,0.0,0.0,0.9978652526892017,7.176935415446991e-05,0.002062977956643883,0.1085014950464116,1,7886,0,2004-11-18,2026-06-22,0.5508600059788227,9.245004233527457,88,5430,0.6416788492989531,0,0.02364013410217422,2.3831786296543274,SPY_HOLD,W-full,COST25,True,B1,W-full
0.15432067944723027,W-full__COST25__B1__QQQ_HOLD,0.5340375947658283,W-full__COST25__B1__QQQ_GLD_MONTHLY_50_50,25,FAIL,NOT EVALUABLE,PASS,TOTAL_RETURN_REAL,50d6322631eea2d9702ada860ca54c6b4b5f536aee8e7156fcc080d1aa296c2b,200,0.4995562853342097,0.5001112174686243,0.0,1.530693111586564e-05,0.0003171902660501948,0.13745380248887318,2,7886,0,2004-11-18,2026-06-22,0.3355730343168243,16.13145320559641,528,5430,0.9688070675613658,0,0.009219388736036617,9.33937241525194,QQQ_GLD_MONTHLY_50_50,W-full,COST25,True,B1,W-full
0.15432067944723027,W-full__COST25__B1__QQQ_HOLD,0.5340375947658283,W-full__COST25__B1__CORE_QQQ_CASH,25,FAIL,NOT EVALUABLE,FAIL,TOTAL_RETURN_REAL,f17b6e9304b8fa8212c3951dc6f0a5dfc32d5421a0db16fc559f2713e4e33b2a,200,0.0,0.795807181538756,0.0,0.20367897009977184,0.0005138483614722324,0.10421249960545342,65,7886,0,2004-11-18,2026-06-22,0.26227976704282696,8.50267850208308,194,5430,0.7251540522850668,128,0.009414461308599586,129.90880885163932,CORE_QQQ_CASH,W-full,COST25,True,B1,W-full
0.15483915816251548,W-full__COST25__B2__QQQ_HOLD,0.5340375947658256,W-full__COST25__B2__CORE_QQQ_GLD,25,FAIL,NOT EVALUABLE,FAIL,TOTAL_RETURN_REAL,f0b1c76853c79fb7b0468820b4c9710090fcfdc79c2aaaaef1ad854c62a8999e,200,0.20365205372149814,0.7957514450586266,0.0,2.681767328806031e-05,0.0005696835465872094,0.1132745263133752,129,7886,0,2004-11-18,2026-06-22,0.3527334011741162,10.143688984541235,326,5430,0.6671147680892953,128,0.01123144517907327,257.3605967145881,CORE_QQQ_GLD,W-full,COST25,True,B2,W-full
0.15483915816251548,W-full__COST25__B2__QQQ_HOLD,0.5340375947658256,W-full__COST25__B2__QQQ_HOLD,25,FAIL,NOT EVALUABLE,FAIL,TOTAL_RETURN_REAL,ba7e95905cf29c7f016eb2936123c77e1b76eb5430b689cde6ceed1e40ddce67,200,0.0,0.9992834753069322,0.0,3.212298155835019e-05,0.0006844017115094704,0.15483915816251548,1,7886,0,2004-11-18,2026-06-22,0.5340375947658256,22.382580606002335,89,5430,0.7771236365623618,0,0.024782771576062186,2.1704965227971793,QQQ_HOLD,W-full,COST25,True,B2,W-full
0.15483915816251548,W-full__COST25__B2__QQQ_HOLD,0.5340375947658256,W-full__COST25__B2__GLD_HOLD,25,FAIL,NOT EVALUABLE,FAIL,TOTAL_RETURN_REAL,5068cf89f44251c33ebdd4baa201bc348fc52500a8175c09e450ab0472192f8b,200,1.0,0.0,0.0,4.346591188485334e-17,0.0,0.10478360020959965,1,7886,0,2004-11-18,2026-06-22,0.45555013814399303,8.598134979903508,2,5430,0.6405633463061094,0,0.0,1.9975062344139651,GLD_HOLD,W-full,COST25,True,B2,W-full
0.15483915816251548,W-full__COST25__B2__QQQ_HOLD,0.5340375947658256,W-full__COST25__B2__SPY_HOLD,25,FAIL,NOT EVALUABLE,FAIL,TOTAL_RETURN_REAL,fd58a3e28bd8908c70d344a8ea7d402a8495dc64a15d528a1ca2f980652b7b8b,200,0.0,0.0,0.9978652526892017,7.176935415446991e-05,0.002062977956643883,0.1085014950464116,1,7886,0,2004-11-18,2026-06-22,0.5508600059788227,9.245004233527457,88,5430,0.6416788492989531,0,0.02364013410217422,2.3831786296543274,SPY_HOLD,W-full,COST25,True,B2,W-full
0.15483915816251548,W-full__COST25__B2__QQQ_HOLD,0.5340375947658256,W-full__COST25__B2__QQQ_GLD_MONTHLY_50_50,25,FAIL,NOT EVALUABLE,PASS,TOTAL_RETURN_REAL,759ab592f44bc9ceaec52997a637b3e5f1dccd0c1e1cac76433135a5ce3ac907,200,0.49954212585774915,0.5000976331464767,0.0,1.6174046850411823e-05,0.0003440669489236813,0.13770361478589677,2,7886,0,2004-11-18,2026-06-22,0.3355730343168254,16.208120706985394,528,5430,0.9702624329652996,0,0.00926320546412158,9.339959195848577,QQQ_GLD_MONTHLY_50_50,W-full,COST25,True,B2,W-full
0.15483915816251548,W-full__COST25__B2__QQQ_HOLD,0.5340375947658256,W-full__COST25__B2__CORE_QQQ_CASH,25,FAIL,NOT EVALUABLE,FAIL,TOTAL_RETURN_REAL,0366bd613cb4f23d0f05f3228036db52a688a4caa6b144a41a464510504e7ed9,200,0.0,0.79575143959583,0.0,0.20367892751061092,0.0005696328935591021,0.104716242228172,65,7886,0,2004-11-18,2026-06-22,0.2622797670428265,8.586823511681182,195,5430,0.728050647375689,128,0.009507629589274771,129.8986031395436,CORE_QQQ_CASH,W-full,COST25,True,B2,W-full
0.15489294678583465,W-full__COST25__B3__QQQ_HOLD,0.5340375947658258,W-full__COST25__B3__CORE_QQQ_GLD,25,FAIL,NOT EVALUABLE,FAIL,TOTAL_RETURN_REAL,018081e23f5e693fa9820d53a6b00e7800ac7c5a956fca76fe55d89eef5f3ac9,200,0.20365389987423263,0.7958074826441304,0.0,2.4989214839930806e-05,0.0005136282667970971,0.1127599830027548,129,7886,0,2004-11-18,2026-06-22,0.3591619516578306,10.042943454265908,325,5430,0.6646920775148901,128,0.011119896224639794,257.3908451142205,CORE_QQQ_GLD,W-full,COST25,True,B3,W-full
0.15489294678583465,W-full__COST25__B3__QQQ_HOLD,0.5340375947658258,W-full__COST25__B3__QQQ_HOLD,25,FAIL,NOT EVALUABLE,FAIL,TOTAL_RETURN_REAL,cd2365ffa321d53cd2b4fd983311abb07c34c4931e9622b6072b2012cf5e3395,200,0.0,0.9992830124182923,0.0,3.2318410407462475e-05,0.0006846691713001832,0.15489294678583465,1,7886,0,2004-11-18,2026-06-22,0.5340375947658258,22.40510031752717,89,5430,0.7774068460998177,0,0.024807706183760114,2.1714918894275197,QQQ_HOLD,W-full,COST25,True,B3,W-full
0.15489294678583465,W-full__COST25__B3__QQQ_HOLD,0.5340375947658258,W-full__COST25__B3__GLD_HOLD,25,FAIL,NOT EVALUABLE,FAIL,TOTAL_RETURN_REAL,f1f4ddd84fd2c9f3b557b7edabe705e30759848a101fda7f211e9e7fbdc06a0d,200,1.0,0.0,0.0,4.346591188485334e-17,0.0,0.10478360020959965,1,7886,0,2004-11-18,2026-06-22,0.45555013814399303,8.598134979903508,2,5430,0.6405633463061094,0,0.0,1.9975062344139651,GLD_HOLD,W-full,COST25,True,B3,W-full
0.15489294678583465,W-full__COST25__B3__QQQ_HOLD,0.5340375947658258,W-full__COST25__B3__SPY_HOLD,25,FAIL,NOT EVALUABLE,FAIL,TOTAL_RETURN_REAL,84cd79a7644881f9be6eeb8869413cffdbbd0f90a6dd817141e2f3d9dc52487c,200,0.0,0.0,0.9978652526892017,7.176935415446991e-05,0.002062977956643883,0.1085014950464116,1,7886,0,2004-11-18,2026-06-22,0.5508600059788227,9.245004233527457,88,5430,0.6416788492989531,0,0.02364013410217422,2.3831786296543274,SPY_HOLD,W-full,COST25,True,B3,W-full
0.15489294678583465,W-full__COST25__B3__QQQ_HOLD,0.5340375947658258,W-full__COST25__B3__QQQ_GLD_MONTHLY_50_50,25,FAIL,NOT EVALUABLE,PASS,TOTAL_RETURN_REAL,dc4f3f343082d14a394bcf91e5cc037e7e9b6e5caa0812d68bcbb41fe747fa91,200,0.4995417830024822,0.5000971698770866,0.0,1.626497411554581e-05,0.00034478214631560814,0.13772889575160385,2,7886,0,2004-11-18,2026-06-22,0.3355730343168246,16.21589877990064,528,5430,0.9705015711422972,0,0.00926765075971332,9.339211948809638,QQQ_GLD_MONTHLY_50_50,W-full,COST25,True,B3,W-full
0.15489294678583465,W-full__COST25__B3__QQQ_HOLD,0.5340375947658258,W-full__COST25__B3__CORE_QQQ_CASH,25,FAIL,NOT EVALUABLE,FAIL,TOTAL_RETURN_REAL,9eac4cb16778dd609a37730cce977c0528931e2f8b96f24dee22ca613efc0bc8,200,0.0,0.795807181538756,0.0,0.20367897009977184,0.0005138483614722324,0.10421249960545342,65,7886,0,2004-11-18,2026-06-22,0.26227976704282696,8.50267850208308,194,5430,0.7251540522850668,128,0.009414461308599586,129.90880885163932,CORE_QQQ_CASH,W-full,COST25,True,B3,W-full
0.15541168254271764,W-full__COST25__B4__QQQ_HOLD,0.5340375947658245,W-full__COST25__B4__CORE_QQQ_GLD,25,FAIL,NOT EVALUABLE,FAIL,TOTAL_RETURN_REAL,ea362add858a0a3608f0f8cbde06735c803b8c0152b487371f09870375925588,200,0.20365205372149814,0.7957514450586266,0.0,2.681767328806031e-05,0.0005696835465872094,0.1132745263133752,129,7886,0,2004-11-18,2026-06-22,0.3527334011741162,10.143688984541235,326,5430,0.6671147680892953,128,0.01123144517907327,257.3605967145881,CORE_QQQ_GLD,W-full,COST25,True,B4,W-full
0.15541168254271764,W-full__COST25__B4__QQQ_HOLD,0.5340375947658245,W-full__COST25__B4__QQQ_HOLD,25,FAIL,NOT EVALUABLE,FAIL,TOTAL_RETURN_REAL,0b8299fd9e6098f449570d940993bc7b318c571a70feb9e805a72ae94612340f,200,0.0,0.999225778873721,0.0,3.4094782282950084e-05,0.0007401263439960671,0.15541168254271764,1,7886,0,2004-11-18,2026-06-22,0.5340375947658245,22.623391608860466,90,5430,0.779454165894125,0,0.025049405892358774,2.1811405764832186,QQQ_HOLD,W-full,COST25,True,B4,W-full
0.15541168254271764,W-full__COST25__B4__QQQ_HOLD,0.5340375947658245,W-full__COST25__B4__GLD_HOLD,25,FAIL,NOT EVALUABLE,FAIL,TOTAL_RETURN_REAL,3f8cc479e4061589db88047c2491021727d68e60f0662c76a01307ef96c22ae5,200,1.0,0.0,0.0,4.346591188485334e-17,0.0,0.10478360020959965,1,7886,0,2004-11-18,2026-06-22,0.45555013814399303,8.598134979903508,2,5430,0.6405633463061094,0,0.0,1.9975062344139651,GLD_HOLD,W-full,COST25,True,B4,W-full
0.15541168254271764,W-full__COST25__B4__QQQ_HOLD,0.5340375947658245,W-full__COST25__B4__SPY_HOLD,25,FAIL,NOT EVALUABLE,FAIL,TOTAL_RETURN_REAL,077ad9fdd65633101af905418b031bbe86d492d478a5db9e6067b98924792f8b,200,0.0,0.0,0.9978652526892017,7.176935415446991e-05,0.002062977956643883,0.1085014950464116,1,7886,0,2004-11-18,2026-06-22,0.5508600059788227,9.245004233527457,88,5430,0.6416788492989531,0,0.02364013410217422,2.3831786296543274,SPY_HOLD,W-full,COST25,True,B4,W-full
0.15541168254271764,W-full__COST25__B4__QQQ_HOLD,0.5340375947658245,W-full__COST25__B4__QQQ_GLD_MONTHLY_50_50,25,FAIL,NOT EVALUABLE,PASS,TOTAL_RETURN_REAL,015c0d550dc06e4e048198ec844b465ed2f1a7d716f93de90a008bd7a026847f,200,0.4995276235260217,0.5000835855549391,0.0,1.71320898500918e-05,0.0003716588291890947,0.13797876846574453,2,7886,0,2004-11-18,2026-06-22,0.3355730343168244,16.29296762338209,528,5430,0.9719568117549515,0,0.009311696861353172,9.339798729406274,QQQ_GLD_MONTHLY_50_50,W-full,COST25,True,B4,W-full
0.15541168254271764,W-full__COST25__B4__QQQ_HOLD,0.5340375947658245,W-full__COST25__B4__CORE_QQQ_CASH,25,FAIL,NOT EVALUABLE,FAIL,TOTAL_RETURN_REAL,41057fd4001ae09cdfaf10c6595cec466442a314fd98c669913cdebf6f0da18d,200,0.0,0.79575143959583,0.0,0.20367892751061092,0.0005696328935591021,0.104716242228172,65,7886,0,2004-11-18,2026-06-22,0.2622797670428265,8.586823511681182,195,5430,0.728050647375689,128,0.009507629589274771,129.8986031395436,CORE_QQQ_CASH,W-full,COST25,True,B4,W-full
0.15432067944723027,W-full__COST25__B5__QQQ_HOLD,0.5340375947658283,W-full__COST25__B5__CORE_QQQ_GLD,25,FAIL,NOT EVALUABLE,FAIL,TOTAL_RETURN_REAL,10993577b8e5ab6a3fc31968a1574dea57c8b9a05118d4f8e28a6a6353848ebe,200,0.20365389987423263,0.7958074826441304,0.0,2.4989214839930806e-05,0.0005136282667970971,0.1127599830027548,129,7886,0,2004-11-18,2026-06-22,0.3591619516578306,10.042943454265908,325,5430,0.6646920775148901,128,0.011119896224639794,257.3908451142205,CORE_QQQ_GLD,W-full,COST25,True,B5,W-full
0.15432067944723027,W-full__COST25__B5__QQQ_HOLD,0.5340375947658283,W-full__COST25__B5__QQQ_HOLD,25,FAIL,NOT EVALUABLE,FAIL,TOTAL_RETURN_REAL,aee7cea179a6ebeb2ab2b6443c458dca1541576714d56885befca820ea5dbf06,200,0.0,0.9993407088515035,0.0,3.0346609682862556e-05,0.0006289445388135865,0.15432067944723027,1,7886,0,2004-11-18,2026-06-22,0.5340375947658283,22.166612880722635,88,5430,0.7750762517504164,0,0.024543644600598494,2.1608478357414804,QQQ_HOLD,W-full,COST25,True,B5,W-full
0.15432067944723027,W-full__COST25__B5__QQQ_HOLD,0.5340375947658283,W-full__COST25__B5__GLD_HOLD,25,FAIL,NOT EVALUABLE,FAIL,TOTAL_RETURN_REAL,697c9de24a33397286e208a7d4acd22091a3486ce884e32a54382eb6b8d4ba99,200,1.0,0.0,0.0,4.346591188485334e-17,0.0,0.10478360020959965,1,7886,0,2004-11-18,2026-06-22,0.45555013814399303,8.598134979903508,2,5430,0.6405633463061094,0,0.0,1.9975062344139651,GLD_HOLD,W-full,COST25,True,B5,W-full
0.15432067944723027,W-full__COST25__B5__QQQ_HOLD,0.5340375947658283,W-full__COST25__B5__SPY_HOLD,25,FAIL,NOT EVALUABLE,FAIL,TOTAL_RETURN_REAL,565c2d09989fed8b9fca77aab8ede013b59479a1cdbc814309f7c9a1447cd051,200,0.0,0.0,0.9978409395942328,7.17489929282315e-05,0.002087311412838966,0.1084980541186793,1,7886,0,2004-11-18,2026-06-22,0.5508600059788225,9.244384638435015,88,5430,0.6416677020184814,0,0.02363854975340522,2.383111902014812,SPY_HOLD,W-full,COST25,True,B5,W-full
0.15432067944723027,W-full__COST25__B5__QQQ_HOLD,0.5340375947658283,W-full__COST25__B5__QQQ_GLD_MONTHLY_50_50,25,FAIL,NOT EVALUABLE,PASS,TOTAL_RETURN_REAL,75e4d5037ac9312aff3257438d63d6560d32b7d87f5a3ee37a19b358eec35f0e,200,0.4995562853342097,0.5001112174686243,0.0,1.530693111586564e-05,0.0003171902660501948,0.13745380248887318,2,7886,0,2004-11-18,2026-06-22,0.3355730343168243,16.13145320559641,528,5430,0.9688070675613658,0,0.009219388736036617,9.33937241525194,QQQ_GLD_MONTHLY_50_50,W-full,COST25,True,B5,W-full
0.15432067944723027,W-full__COST25__B5__QQQ_HOLD,0.5340375947658283,W-full__COST25__B5__CORE_QQQ_CASH,25,FAIL,NOT EVALUABLE,FAIL,TOTAL_RETURN_REAL,1869871e8540341f6b37b3eecaaa56982e3d3d0acb2a53923c2363b98f4cd183,200,0.0,0.795807181538756,0.0,0.20367897009977184,0.0005138483614722324,0.10421249960545342,65,7886,0,2004-11-18,2026-06-22,0.26227976704282696,8.50267850208308,194,5430,0.7251540522850668,128,0.009414461308599586,129.90880885163932,CORE_QQQ_CASH,W-full,COST25,True,B5,W-full
0.15483915816251548,W-full__COST25__B6__QQQ_HOLD,0.5340375947658256,W-full__COST25__B6__CORE_QQQ_GLD,25,FAIL,NOT EVALUABLE,FAIL,TOTAL_RETURN_REAL,067f4f16ab474e9514e41925db73ca574ca5808e2e1f66e73d3bf34d431b1bf0,200,0.20365205372149814,0.7957514450586266,0.0,2.681767328806031e-05,0.0005696835465872094,0.1132745263133752,129,7886,0,2004-11-18,2026-06-22,0.3527334011741162,10.143688984541235,326,5430,0.6671147680892953,128,0.01123144517907327,257.3605967145881,CORE_QQQ_GLD,W-full,COST25,True,B6,W-full
0.15483915816251548,W-full__COST25__B6__QQQ_HOLD,0.5340375947658256,W-full__COST25__B6__QQQ_HOLD,25,FAIL,NOT EVALUABLE,FAIL,TOTAL_RETURN_REAL,d5a1fd4073d88a448a46106178fea38a9f5871acad553da0b949f08aea5f4b36,200,0.0,0.9992834753069322,0.0,3.212298155835019e-05,0.0006844017115094704,0.15483915816251548,1,7886,0,2004-11-18,2026-06-22,0.5340375947658256,22.382580606002335,89,5430,0.7771236365623618,0,0.024782771576062186,2.1704965227971793,QQQ_HOLD,W-full,COST25,True,B6,W-full
0.15483915816251548,W-full__COST25__B6__QQQ_HOLD,0.5340375947658256,W-full__COST25__B6__GLD_HOLD,25,FAIL,NOT EVALUABLE,FAIL,TOTAL_RETURN_REAL,6a38a48ede6d6176c78f924d4138df4e0422f27ed5409147b669019b3fc09552,200,1.0,0.0,0.0,4.346591188485334e-17,0.0,0.10478360020959965,1,7886,0,2004-11-18,2026-06-22,0.45555013814399303,8.598134979903508,2,5430,0.6405633463061094,0,0.0,1.9975062344139651,GLD_HOLD,W-full,COST25,True,B6,W-full
0.15483915816251548,W-full__COST25__B6__QQQ_HOLD,0.5340375947658256,W-full__COST25__B6__SPY_HOLD,25,FAIL,NOT EVALUABLE,FAIL,TOTAL_RETURN_REAL,52d9c802a8530968da419c5f29be77a25dcb3e5138156269dd4a310ab7c96b11,200,0.0,0.0,0.9978409395942328,7.17489929282315e-05,0.002087311412838966,0.1084980541186793,1,7886,0,2004-11-18,2026-06-22,0.5508600059788225,9.244384638435015,88,5430,0.6416677020184814,0,0.02363854975340522,2.383111902014812,SPY_HOLD,W-full,COST25,True,B6,W-full
0.15483915816251548,W-full__COST25__B6__QQQ_HOLD,0.5340375947658256,W-full__COST25__B6__QQQ_GLD_MONTHLY_50_50,25,FAIL,NOT EVALUABLE,PASS,TOTAL_RETURN_REAL,7313b4596288b063ce4e1d48a96f6e8fda01df366fdf3573d557fe827d526f48,200,0.49954212585774915,0.5000976331464767,0.0,1.6174046850411823e-05,0.0003440669489236813,0.13770361478589677,2,7886,0,2004-11-18,2026-06-22,0.3355730343168254,16.208120706985394,528,5430,0.9702624329652996,0,0.00926320546412158,9.339959195848577,QQQ_GLD_MONTHLY_50_50,W-full,COST25,True,B6,W-full
0.15483915816251548,W-full__COST25__B6__QQQ_HOLD,0.5340375947658256,W-full__COST25__B6__CORE_QQQ_CASH,25,FAIL,NOT EVALUABLE,FAIL,TOTAL_RETURN_REAL,cabc8c2895bc1885faf6f5e76d494ba8b3e7264b0f0555779d07c6c0b2c0cada,200,0.0,0.79575143959583,0.0,0.20367892751061092,0.0005696328935591021,0.104716242228172,65,7886,0,2004-11-18,2026-06-22,0.2622797670428265,8.586823511681182,195,5430,0.728050647375689,128,0.009507629589274771,129.8986031395436,CORE_QQQ_CASH,W-full,COST25,True,B6,W-full
0.15489294678583465,W-full__COST25__B7__QQQ_HOLD,0.5340375947658258,W-full__COST25__B7__CORE_QQQ_GLD,25,FAIL,NOT EVALUABLE,FAIL,TOTAL_RETURN_REAL,7e008c602fe26362bac962090f465fac252c5bd6620b6cad5b3b649251c2af3e,200,0.20365389987423263,0.7958074826441304,0.0,2.4989214839930806e-05,0.0005136282667970971,0.1127599830027548,129,7886,0,2004-11-18,2026-06-22,0.3591619516578306,10.042943454265908,325,5430,0.6646920775148901,128,0.011119896224639794,257.3908451142205,CORE_QQQ_GLD,W-full,COST25,True,B7,W-full
0.15489294678583465,W-full__COST25__B7__QQQ_HOLD,0.5340375947658258,W-full__COST25__B7__QQQ_HOLD,25,FAIL,NOT EVALUABLE,FAIL,TOTAL_RETURN_REAL,e7fc87a8d928e391aad0a952b70e9e3f0e837bd88d8e1465cb9530c1c84a2bfd,200,0.0,0.9992830124182923,0.0,3.2318410407462475e-05,0.0006846691713001832,0.15489294678583465,1,7886,0,2004-11-18,2026-06-22,0.5340375947658258,22.40510031752717,89,5430,0.7774068460998177,0,0.024807706183760114,2.1714918894275197,QQQ_HOLD,W-full,COST25,True,B7,W-full
0.15489294678583465,W-full__COST25__B7__QQQ_HOLD,0.5340375947658258,W-full__COST25__B7__GLD_HOLD,25,FAIL,NOT EVALUABLE,FAIL,TOTAL_RETURN_REAL,6753015abfaadc398c65bb8a3f58ef54e88cf36da6ce267dcb3e1b3b77a50bfd,200,1.0,0.0,0.0,4.346591188485334e-17,0.0,0.10478360020959965,1,7886,0,2004-11-18,2026-06-22,0.45555013814399303,8.598134979903508,2,5430,0.6405633463061094,0,0.0,1.9975062344139651,GLD_HOLD,W-full,COST25,True,B7,W-full
0.15489294678583465,W-full__COST25__B7__QQQ_HOLD,0.5340375947658258,W-full__COST25__B7__SPY_HOLD,25,FAIL,NOT EVALUABLE,FAIL,TOTAL_RETURN_REAL,e6ecb82767a86551202ff9df3a9d11101ad0046a7d58754b440eedfe0fdc5418,200,0.0,0.0,0.9978409395942328,7.17489929282315e-05,0.002087311412838966,0.1084980541186793,1,7886,0,2004-11-18,2026-06-22,0.5508600059788225,9.244384638435015,88,5430,0.6416677020184814,0,0.02363854975340522,2.383111902014812,SPY_HOLD,W-full,COST25,True,B7,W-full
0.15489294678583465,W-full__COST25__B7__QQQ_HOLD,0.5340375947658258,W-full__COST25__B7__QQQ_GLD_MONTHLY_50_50,25,FAIL,NOT EVALUABLE,PASS,TOTAL_RETURN_REAL,5929e751ef5953e3d20d161b3b6855fc7fb58a6be54ea8ccea1e143c954fb713,200,0.4995417830024822,0.5000971698770866,0.0,1.626497411554581e-05,0.00034478214631560814,0.13772889575160385,2,7886,0,2004-11-18,2026-06-22,0.3355730343168246,16.21589877990064,528,5430,0.9705015711422972,0,0.00926765075971332,9.339211948809638,QQQ_GLD_MONTHLY_50_50,W-full,COST25,True,B7,W-full
0.15489294678583465,W-full__COST25__B7__QQQ_HOLD,0.5340375947658258,W-full__COST25__B7__CORE_QQQ_CASH,25,FAIL,NOT EVALUABLE,FAIL,TOTAL_RETURN_REAL,8c46caa41db95cf1f4eb3c629238bd2663791220e9bbdae8879be965ca06e375,200,0.0,0.795807181538756,0.0,0.20367897009977184,0.0005138483614722324,0.10421249960545342,65,7886,0,2004-11-18,2026-06-22,0.26227976704282696,8.50267850208308,194,5430,0.7251540522850668,128,0.009414461308599586,129.90880885163932,CORE_QQQ_CASH,W-full,COST25,True,B7,W-full
0.15541168254271764,W-full__COST25__B8__QQQ_HOLD,0.5340375947658245,W-full__COST25__B8__CORE_QQQ_GLD,25,FAIL,NOT EVALUABLE,FAIL,TOTAL_RETURN_REAL,6bcac027df2129300cdf579b3bf80ba4e2b820ff12d17a589f8d433e6b4bc991,200,0.20365205372149814,0.7957514450586266,0.0,2.681767328806031e-05,0.0005696835465872094,0.1132745263133752,129,7886,0,2004-11-18,2026-06-22,0.3527334011741162,10.143688984541235,326,5430,0.6671147680892953,128,0.01123144517907327,257.3605967145881,CORE_QQQ_GLD,W-full,COST25,True,B8,W-full
0.15541168254271764,W-full__COST25__B8__QQQ_HOLD,0.5340375947658245,W-full__COST25__B8__QQQ_HOLD,25,FAIL,NOT EVALUABLE,FAIL,TOTAL_RETURN_REAL,1c9aee33af3ac43eec7433f2cb562f32eeb93f9fa547c16ed677e6db436475f0,200,0.0,0.999225778873721,0.0,3.4094782282950084e-05,0.0007401263439960671,0.15541168254271764,1,7886,0,2004-11-18,2026-06-22,0.5340375947658245,22.623391608860466,90,5430,0.779454165894125,0,0.025049405892358774,2.1811405764832186,QQQ_HOLD,W-full,COST25,True,B8,W-full
0.15541168254271764,W-full__COST25__B8__QQQ_HOLD,0.5340375947658245,W-full__COST25__B8__GLD_HOLD,25,FAIL,NOT EVALUABLE,FAIL,TOTAL_RETURN_REAL,4961768e6325e209f3996e45b192aba0515e56959e4c8238fcfeab232b4df3ba,200,1.0,0.0,0.0,4.346591188485334e-17,0.0,0.10478360020959965,1,7886,0,2004-11-18,2026-06-22,0.45555013814399303,8.598134979903508,2,5430,0.6405633463061094,0,0.0,1.9975062344139651,GLD_HOLD,W-full,COST25,True,B8,W-full
0.15541168254271764,W-full__COST25__B8__QQQ_HOLD,0.5340375947658245,W-full__COST25__B8__SPY_HOLD,25,FAIL,NOT EVALUABLE,FAIL,TOTAL_RETURN_REAL,faeb35e2f1e9583da5e9d026c6277073c0526cd23d0f7b658df95945663bd118,200,0.0,0.0,0.9978409395942328,7.17489929282315e-05,0.002087311412838966,0.1084980541186793,1,7886,0,2004-11-18,2026-06-22,0.5508600059788225,9.244384638435015,88,5430,0.6416677020184814,0,0.02363854975340522,2.383111902014812,SPY_HOLD,W-full,COST25,True,B8,W-full
0.15541168254271764,W-full__COST25__B8__QQQ_HOLD,0.5340375947658245,W-full__COST25__B8__QQQ_GLD_MONTHLY_50_50,25,FAIL,NOT EVALUABLE,PASS,TOTAL_RETURN_REAL,16680b1a0344248154d65e08bcfbd145b1e27dbd47f60c0993574f5acebdf0e2,200,0.4995276235260217,0.5000835855549391,0.0,1.71320898500918e-05,0.0003716588291890947,0.13797876846574453,2,7886,0,2004-11-18,2026-06-22,0.3355730343168244,16.29296762338209,528,5430,0.9719568117549515,0,0.009311696861353172,9.339798729406274,QQQ_GLD_MONTHLY_50_50,W-full,COST25,True,B8,W-full
0.15541168254271764,W-full__COST25__B8__QQQ_HOLD,0.5340375947658245,W-full__COST25__B8__CORE_QQQ_CASH,25,FAIL,NOT EVALUABLE,FAIL,TOTAL_RETURN_REAL,be56a905e255a01383d402908258bda5709dcd439f70b36de287552d1f3de30a,200,0.0,0.79575143959583,0.0,0.20367892751061092,0.0005696328935591021,0.104716242228172,65,7886,0,2004-11-18,2026-06-22,0.2622797670428265,8.586823511681182,195,5430,0.728050647375689,128,0.009507629589274771,129.8986031395436,CORE_QQQ_CASH,W-full,COST25,True,B8,W-full
0.14570419051064665,W-full__PRICE_ONLY__NA__QQQ_HOLD,0.535526076685444,W-full__PRICE_ONLY__NA__CORE_QQQ_GLD,5,FAIL,NOT EVALUABLE,PASS,PRICE_ONLY_REAL,12e9bf99b9e973029ff44e434cc500366a32f2bf79ab74cbfe0b071011612809,200,0.20368324125230206,0.796316758747698,0.0,-9.202279682475623e-17,0.0,0.1324759369989834,129,7886,0,2004-11-18,2026-06-22,0.32340194729831806,14.673950299292763,258,5430,0.7591833527565159,128,0,257.8715642178911,CORE_QQQ_GLD,W-full,PRICE_ONLY,False,NA,W-full
0.14570419051064665,W-full__PRICE_ONLY__NA__QQQ_HOLD,0.535526076685444,W-full__PRICE_ONLY__NA__QQQ_HOLD,5,FAIL,NOT EVALUABLE,FAIL,PRICE_ONLY_REAL,0ac8cce24a90479f92cb314c62bd0ca6eb7b544127d1de6dae8417b8e91b994a,200,0.0,1.0,0.0,0.0,0.0,0.14570419051064665,1,7886,0,2004-11-18,2026-06-22,0.535526076685444,18.855685933329195,2,5430,0.739767338604426,0,0,1.9995002498750625,QQQ_HOLD,W-full,PRICE_ONLY,False,NA,W-full
0.14570419051064665,W-full__PRICE_ONLY__NA__QQQ_HOLD,0.535526076685444,W-full__PRICE_ONLY__NA__GLD_HOLD,5,FAIL,NOT EVALUABLE,FAIL,PRICE_ONLY_REAL,06d81626e4e995a27d93929d6ef963727b8d0f92359966df80c1ada8506ddb70,200,1.0,0.0,0.0,0.0,0.0,0.10498829325893166,1,7886,0,2004-11-18,2026-06-22,0.4555501381439925,8.632596485912071,2,5430,0.6416021646641746,0,0,1.9995002498750625,GLD_HOLD,W-full,PRICE_ONLY,False,NA,W-full
0.14570419051064665,W-full__PRICE_ONLY__NA__QQQ_HOLD,0.535526076685444,W-full__PRICE_ONLY__NA__SPY_HOLD,5,FAIL,NOT EVALUABLE,FAIL,PRICE_ONLY_REAL,38edced75cda0f81e93d3e64931987acac88eca3536190d7419ffd1bf5d983af,200,0.0,0.0,1.0,6.914406166310025e-17,0.0,0.08877382996558913,1,7886,0,2004-11-18,2026-06-22,0.5647367075664614,6.273736623631316,2,5430,0.5445803501719313,0,0,1.9995002498750623,SPY_HOLD,W-full,PRICE_ONLY,False,NA,W-full
0.14570419051064665,W-full__PRICE_ONLY__NA__QQQ_HOLD,0.535526076685444,W-full__PRICE_ONLY__NA__QQQ_GLD_MONTHLY_50_50,5,FAIL,NOT EVALUABLE,PASS,PRICE_ONLY_REAL,91f6d06dcf1975076a7822ebb3cd6b6aac187c3bbc75e85ff7695487f751b787,200,0.49972171195203247,0.5002782880479676,0.0,-7.780746040147164e-17,0.0,0.134024476684526,2,7886,0,2004-11-18,2026-06-22,0.33555151126356575,15.113331471600564,522,5430,0.9476103918816555,0,0,9.341037485969242,QQQ_GLD_MONTHLY_50_50,W-full,PRICE_ONLY,False,NA,W-full
0.14570419051064665,W-full__PRICE_ONLY__NA__QQQ_HOLD,0.535526076685444,W-full__PRICE_ONLY__NA__CORE_QQQ_CASH,5,FAIL,NOT EVALUABLE,FAIL,PRICE_ONLY_REAL,760aee6c36a3e3790bf5885cd6444e8c33dd622fdb3d7cd4397d3f2a543f4150,200,0.0,0.796316758747698,0.0,0.20368324125230197,0.0,0.1105200391729646,65,7886,0,2004-11-18,2026-06-22,0.24575207480775518,9.615383872680663,130,5430,0.7624902122462422,128,0,129.96751624187908,CORE_QQQ_CASH,W-full,PRICE_ONLY,False,NA,W-full
