window,cell,seed,p,k,net,total,win_rate,max_dd,sharpe,trades_sha256,seconds
2003-09-10 to 2014-12-31 (eleven years),0,0,0.02,1.0,-64.02743168735209,562,0.2117437722419929,-78.94821887702,-0.21137038109328302,761013ad1a2eb8ce56c52660d572e77211b5b19a55b63bee0a4b4d02e6af3afe,14.2
2003-09-10 to 2014-12-31 (eleven years),1,0,0.02,1.5,-70.14365490728109,485,0.1958762886597938,-72.3795614847881,-0.33239778643371076,755860925e0e575b90dfd86998ba97283c842d9d7a58ae1708521130d8960bf6,16.2
2003-09-10 to 2014-12-31 (eleven years),2,0,0.02,2.0,-23.118676490779862,390,0.2153846153846154,-51.98080378376451,0.018997640981201446,13e0267be7d38d6e5fe450de1b3d57c86d702b8fb50b1bd55a2be0916e9a6f90,17.2
2003-09-10 to 2014-12-31 (eleven years),3,0,0.02,2.5,-44.77860272397102,306,0.20261437908496732,-60.15381039834302,-0.17345042506681738,e0aa9213fd8d8ba7d02ee559a2da88b89801563877a99833230ef5a36507765b,19.0
2003-09-10 to 2014-12-31 (eleven years),4,0,0.04,1.0,-97.56414087315824,999,0.18518518518518517,-98.80234732706265,-0.8110409089284694,b368572286ba6e254de3ccac4a8eaf79c76ce4ad745c6ee36efd90b1c98ae6d6,16.6
2003-09-10 to 2014-12-31 (eleven years),5,0,0.04,1.5,-70.63407013691247,715,0.2013986013986014,-92.06952520633533,-0.20260930636607152,8050a82620a8a3b686d5526abb6aa22a69eef47c3ea284a4d6ef73861130b963,17.4
2003-09-10 to 2014-12-31 (eleven years),6,0,0.04,2.0,-16.41855067173414,502,0.21713147410358566,-77.1573880995805,0.08181858262312507,df78a1654e9bf2bf494abce75f8c06b3707da49de8bb48c7d036b93b41053207,15.4
2003-09-10 to 2014-12-31 (eleven years),7,0,0.04,2.5,20.703872925493318,342,0.22807017543859648,-55.60242181042261,0.20669374032374602,3fca9e147e61881d1a5ae89659b8b4413d3cf1e1e9bea62421036f40fdf094f2,17.0
2003-09-10 to 2014-12-31 (eleven years),8,0,0.06,1.0,-99.46814062032722,1291,0.18435321456235476,-99.61691758691312,-1.006303745065747,0cdd0883feda61b2e9fc11af8a2f2d6784ad4986ceb487f7600d53371e5b8a92,13.6
2003-09-10 to 2014-12-31 (eleven years),9,0,0.06,1.5,-87.37309888111642,844,0.19549763033175355,-91.94091533213938,-0.4011678962280777,969efef22f5d9e3bbef5a1be6fc35dfd15425968a8b1c6bbe421a085be91123b,15.8
2003-09-10 to 2014-12-31 (eleven years),10,0,0.06,2.0,-24.395125803682443,555,0.21621621621621623,-58.55949838432923,0.0625232750421073,494433740b499a195555c09e5f824fd9172ef2436a64a00ec5935cda343d68d7,16.8
2003-09-10 to 2014-12-31 (eleven years),11,0,0.06,2.5,12.666944869927097,377,0.22546419098143236,-44.01164860721447,0.18008725929771244,a594aa94a5f78c02aa0b80eb8bf75220589302ddae4ecb214c786644724cba3b,17.7
2003-09-10 to 2014-12-31 (eleven years),12,0,0.1,1.0,-99.41001428652395,1821,0.19439868204283361,-99.77775807690563,-0.765501743638659,3a3e917e0baeb07f05e00c6d8edde17dced5acbce24f25764dd8f24348dfd0a8,18.3
2003-09-10 to 2014-12-31 (eleven years),13,0,0.1,1.5,-92.58910509951271,1056,0.19507575757575757,-95.97788181800188,-0.46801160105321166,c75cb5289de83ddf9aecd5c4996ac937e392c564bfbd4c99d33d509f1b42ef52,19.8
2003-09-10 to 2014-12-31 (eleven years),14,0,0.1,2.0,-48.2640021970033,647,0.21020092735703247,-65.20609319934094,-0.053424870169864865,1193cb684f2cf849e43ea8ded30daa19cfe5e7773469beca3ac6100067b2f55a,21.0
2003-09-10 to 2014-12-31 (eleven years),15,0,0.1,2.5,25.328479245078505,397,0.22670025188916876,-50.48784951653991,0.22589253729195355,785584977514f0da735ddcabd6abe4952fe1feff44abecb3f670127d9e69816f,21.4
2003-09-10 to 2014-12-31 (eleven years),16,1,0.02,1.0,-87.01191515123473,583,0.18867924528301888,-87.62525081340078,-0.548748390440117,0031a378bc4336ec819049d0588ee857c84851018635d7be9a6211e6be84a423,13.0
2003-09-10 to 2014-12-31 (eleven years),17,1,0.02,1.5,-9.283132263810893,482,0.22199170124481327,-48.992852269427914,0.11436640264090871,42b3c287994c889871e5acba1309b1b00bed2faf9543f27cd84688366191e01d,13.9
2003-09-10 to 2014-12-31 (eleven years),18,1,0.02,2.0,19.042286011583442,376,0.22606382978723405,-54.87516738934405,0.20518520400879425,85d3e4ed228838c970bdb355794bebc7cc5c43ba182851951d84f7e16749e77b,13.6
2003-09-10 to 2014-12-31 (eleven years),19,1,0.02,2.5,80.2019099197497,277,0.24187725631768953,-48.088006425860584,0.39438282582549894,16f74a7da2c07052df3fce070534c47638fc3221d60e82ea2df030d87d7a4715,14.2
2003-09-10 to 2014-12-31 (eleven years),20,1,0.04,1.0,-95.1809398763536,1008,0.19345238095238096,-96.99474810745117,-0.6255911165604633,11a08ab55df4ea0af7cff01d5c4245aa50c919d61310ad4f1b0e8f4f69af0954,11.6
2003-09-10 to 2014-12-31 (eleven years),21,1,0.04,1.5,-37.92325310307112,712,0.2148876404494382,-73.48999182334006,0.020860165513230982,62aed3814c625f089a3f0d1d68a8c5d48cd97dbc95b065fdc83a59dac1e5ac49,14.1
2003-09-10 to 2014-12-31 (eleven years),22,1,0.04,2.0,-63.8677809688205,497,0.19919517102615694,-82.10874293257218,-0.22761345655370563,47a51554f9422ff963960575cd6ba0be88dd686086748ae57983eedac26d9f33,16.6
2003-09-10 to 2014-12-31 (eleven years),23,1,0.04,2.5,-10.008178835390504,353,0.21813031161473087,-61.472407450781596,0.0791854739736173,32cb8faac9a4a60f53c2556611b1b2e87c364494f1f77ed2c3a61ad652e5aa4c,18.6
2003-09-10 to 2014-12-31 (eleven years),24,1,0.06,1.0,-99.81092327414754,1343,0.17498138495904692,-99.90296880310098,-1.2264516287745477,11f4b7c7f0bafb9542f0d7031a910d95d642be8d3a1cb0494df82eba09be0b91,14.4
2003-09-10 to 2014-12-31 (eleven years),25,1,0.06,1.5,-89.39178034076689,898,0.19487750556792874,-93.98325151550928,-0.43740893522522095,f21c4e0add16a3f474ae39f45a396fb3374d2504aa20560297df648e4543fdfb,16.5
2003-09-10 to 2014-12-31 (eleven years),26,1,0.06,2.0,-45.415278857608044,579,0.20898100172711573,-69.28146577750896,-0.045673353106869555,abd9abe2bb89b6df92bbdfd94b218d6ef39507317debaac60b109ebeb8a400ba,18.3
2003-09-10 to 2014-12-31 (eleven years),27,1,0.06,2.5,89.09556113259727,415,0.236144578313253,-49.43459462585847,0.39749221569290816,b8d9bb7ba1d07e1e0c0cbf716c8eaf61e669bceddbd58aa6898f09f2ba49b4f9,19.8
2003-09-10 to 2014-12-31 (eleven years),28,1,0.1,1.0,-99.75018742525148,1799,0.19066147859922178,-99.84827045491517,-0.919668456393703,7d957e9cb801097e16016edf230fb609726cb2c4afdfdea6148ee2c4190e3200,16.0
2003-09-10 to 2014-12-31 (eleven years),29,1,0.1,1.5,-93.23118332969614,1101,0.19709355131698456,-96.78520106758187,-0.47262381895367256,4ed95978b62062dc682b5c16f95ff2ad049b2d57a2cebd3d654813224b67b40a,17.8
2003-09-10 to 2014-12-31 (eleven years),30,1,0.1,2.0,-67.5457152082856,669,0.20179372197309417,-81.40634997993274,-0.21376533433548306,5d153b80a964fdb0cbc890fd6ba7ef252f3cad52dff4eafad5ebd4505ce7dc99,18.7
2003-09-10 to 2014-12-31 (eleven years),31,1,0.1,2.5,58.15310573923901,400,0.2325,-49.33515578829042,0.323579732281535,372f44e9ea3514ee215e2a221a1432fd00ca38173b2422dac4da370363a555d9,18.2
2003-09-10 to 2014-12-31 (eleven years),32,2,0.02,1.0,-69.97876778273762,547,0.20658135283363802,-88.75848650206086,-0.2632338136417412,3e0e02b0562f292c1430ef830759d3bb4896a3f103683c2712da16c0177add63,10.8
2003-09-10 to 2014-12-31 (eleven years),33,2,0.02,1.5,-28.285009369678356,462,0.21645021645021645,-65.57802574323692,0.011116553475311566,9cb9397ff0124158d56c1b66ca2c0701ccad5d4c86b99be535a84f436bc57f54,11.7
2003-09-10 to 2014-12-31 (eleven years),34,2,0.02,2.0,-5.262428977103836,358,0.2206703910614525,-66.0352218830086,0.10075599651089977,a235d3e9f0e05fd5406e7e8467286177324ad3877fc92e5b65dc377459264542,14.1
2003-09-10 to 2014-12-31 (eleven years),35,2,0.02,2.5,-8.04558986538391,288,0.21875,-55.457835782691475,0.07195063082265092,5d6a50f1c7f63a0d31f486655703d16bf30cd66928c1784e7f170a011b5e2d61,14.8
2003-09-10 to 2014-12-31 (eleven years),36,2,0.04,1.0,-99.16010792325099,955,0.17382198952879582,-99.35278894236932,-1.1530628740456217,852da8eb9104314dd6e52160bb54ad108b2f810f1e4a797a8a6573c8ec66a84f,12.1
2003-09-10 to 2014-12-31 (eleven years),37,2,0.04,1.5,-92.71559210833075,716,0.1857541899441341,-96.07407018364444,-0.6636288534986335,8424df65bcffca5b101c9987bb59a7b1b7b1f54daaefeab163e59fe4d53eb540,14.5
2003-09-10 to 2014-12-31 (eleven years),38,2,0.04,2.0,-69.95890728786489,508,0.1968503937007874,-81.17601907132357,-0.30192663805376285,5709e8ccf37d17bd72298e8c2ee47847500409dc77ec1d0eac22cccf765b14bb,15.0
2003-09-10 to 2014-12-31 (eleven years),39,2,0.04,2.5,-52.48365324853539,381,0.1994750656167979,-69.0018543847645,-0.20437160962202836,5c6a9a6c822d2f5771e9e641f00aab423deec1f7220c4bcbd9c9173eb6f47a98,17.0
2003-09-10 to 2014-12-31 (eleven years),40,2,0.06,1.0,-97.58776327619452,1294,0.19242658423493045,-99.0561288942823,-0.6778182867750893,7254cfc727ca2673d61b978929e4e5d0cad7116a6644b68c9c6732751fb769e8,13.3
2003-09-10 to 2014-12-31 (eleven years),41,2,0.06,1.5,-53.37027045688609,844,0.20853080568720378,-83.39568462468247,-0.033726308978345367,9375a8f7266d316216ea4dc04c9da27d5b4705421a02bcc3c4c0a244804d587a,17.0
2003-09-10 to 2014-12-31 (eleven years),42,2,0.06,2.0,-35.07607103081005,542,0.21217712177121772,-72.05908123526679,0.003312254371514213,086d6ca6d7e1433bf269e0dc47cfccdb5fe9cbd478f9f366c53f21abe9f0d7d4,17.7
2003-09-10 to 2014-12-31 (eleven years),43,2,0.06,2.5,75.22128249885606,374,0.23529411764705882,-56.10085762661885,0.3683999764774598,3281ba670e6f0d53992dac464ba41aea3d69579a0aa8a88a8d4fabe6380c2b93,18.5
2003-09-10 to 2014-12-31 (eleven years),44,2,0.1,1.0,-99.49855321308218,1823,0.19418540866703238,-99.65923736214985,-0.8164373293915377,c9fe8cfedaff09641252b7402e65c54db41a58e8471134ced9186071c234b7ac,14.5
2003-09-10 to 2014-12-31 (eleven years),45,2,0.1,1.5,-91.9610853661699,1089,0.19651056014692378,-96.13674062265504,-0.42627269272325363,ddda29b7418b5f6a8d06684ed4ae626037875965a4dd33b5e74f8f27c18612be,18.0
2003-09-10 to 2014-12-31 (eleven years),46,2,0.1,2.0,-48.981953043593094,671,0.21013412816691504,-71.05662594441644,-0.045638947965388046,0560a85b30713d57758cfb5ee58755228c33913ffb9c99d0d59880a18bc9314a,19.6
2003-09-10 to 2014-12-31 (eleven years),47,2,0.1,2.5,83.0576285883519,415,0.236144578313253,-52.075666212769775,0.38055625909068336,9e8905daae6c10a6195f240211a77ec26c4bdea7ca6389ef87fac9a6ff9b7974,20.3
2003-09-10 to 2014-12-31 (eleven years),48,3,0.02,1.0,-57.11956212618634,536,0.20522388059701493,-68.31475181602495,-0.1656934434674099,ed4a1cab3b9e866db2426e253be5e15c3a79f6d2c55048d816bd3b24159b7d93,11.1
2003-09-10 to 2014-12-31 (eleven years),49,3,0.02,1.5,-7.779150196660041,441,0.2199546485260771,-63.33894281340503,0.1051879097757951,fed1e2b1c2466e304527e08b2fe111c74c4fb9b754c5253ff894ace0403a6f8c,12.2
2003-09-10 to 2014-12-31 (eleven years),50,3,0.02,2.0,28.806719796799392,353,0.22662889518413598,-54.766204002795185,0.23577222726289748,fc31200c7c2e79c27e05c282b74afc0a75c7c065427ae3e499686bde07bb6339,14.2
2003-09-10 to 2014-12-31 (eleven years),51,3,0.02,2.5,50.45106711662937,273,0.23443223443223443,-44.5492846913738,0.3155272714937692,f20dcaf306c813c42b4b01de449c36a45071e71d8582714bd140ba89872fc0ab,14.7
2003-09-10 to 2014-12-31 (eleven years),52,3,0.04,1.0,-96.80125963508893,1008,0.19642857142857142,-98.95186329717328,-0.6647754716597357,38b08877ed2c66d385931e801978a2a7a9a5022ed51473c5829e8d1d6c598c0b,12.8
2003-09-10 to 2014-12-31 (eleven years),53,3,0.04,1.5,-91.31054293132495,737,0.18995929443690637,-95.57587959344235,-0.5690627340734313,fc07fb9913370d5372f2e82f2eb39943d8d53e88cd4dc4188727337231b8e361,14.1
2003-09-10 to 2014-12-31 (eleven years),54,3,0.04,2.0,-11.650122040381016,485,0.22268041237113403,-77.25026375910421,0.10505897315287298,c95b2283963b7c6350598e84fda2fb04458f729cab8134362b43401ad58e5aca,15.4
2003-09-10 to 2014-12-31 (eleven years),55,3,0.04,2.5,116.25177737773423,369,0.24390243902439024,-49.62142067098383,0.46361613195001267,afda6a76cb28217635a0a5af5bfec80920d9320f76e1445b97e465aa6d91a34d,17.7
2003-09-10 to 2014-12-31 (eleven years),56,3,0.06,1.0,-97.43594467617851,1294,0.19397217928902627,-98.38313993383579,-0.6470564024950451,94c2bda2caf43a87c4c0d9a8f4a900760e0c272e3781922f9e2c932a8535bcfb,13.6
2003-09-10 to 2014-12-31 (eleven years),57,3,0.06,1.5,-66.81453038759479,882,0.20634920634920634,-85.84079577308049,-0.1266291854822204,8fbf573835a52dc7f485a862272a5324016954406acc33ac5d979e5f47d1eb64,15.8
2003-09-10 to 2014-12-31 (eleven years),58,3,0.06,2.0,-66.19373945584618,581,0.20137693631669534,-78.57524773279054,-0.21438438985999575,8d75d6dc67ce27794c4d6bdd7e8543d7ce002a474be230a5c8aa7a4d26788086,17.4
2003-09-10 to 2014-12-31 (eleven years),59,3,0.06,2.5,51.871553624519976,342,0.23391812865497075,-56.540358465233496,0.3081340858503372,bf26e53d6ffadf14e3c635bea8d44a8c04dbf0c8c41d51587b5ddd8c4b11491b,19.7
2003-09-10 to 2014-12-31 (eleven years),60,3,0.1,1.0,-99.81629668122558,1847,0.19112073632918244,-99.89158222778718,-0.9552952915284046,3af771670bb433be50604297af6ae27a7ba47529b718dbdc089cadd43fcec728,15.0
2003-09-10 to 2014-12-31 (eleven years),61,3,0.1,1.5,-94.6829392722496,1049,0.19256434699714015,-96.07897626845944,-0.5528083170527627,1468f011eda77bd48a3de7e2161d8a3eef8d155842a413a92dba2f77c680a955,17.3
2003-09-10 to 2014-12-31 (eleven years),62,3,0.1,2.0,-38.83595780252089,610,0.21311475409836064,-79.13272885859688,-0.0072378134618817066,709f904cc641f8e5e981311dbe057b3c521b2f3f050d9006c322aea2f8dd38ac,19.2
2003-09-10 to 2014-12-31 (eleven years),63,3,0.1,2.5,46.987593139655935,378,0.23015873015873015,-52.94312973454174,0.2933181720808663,dccc036a3ab55e36afa4e4cff563d42bface7dc533f433b021c1af890ed14cf2,18.3
2003-09-10 to 2014-12-31 (eleven years),64,4,0.02,1.0,-93.62359420967849,566,0.17667844522968199,-95.44116276505467,-0.7939743234289708,e222c1b9bdd78ec6dbf654839a79ada48c5f56c616c171897a66de711858f353,10.2
2003-09-10 to 2014-12-31 (eleven years),65,4,0.02,1.5,-76.51358864912272,462,0.18831168831168832,-82.83191405419328,-0.39425260022949793,2136e74e477ebcf88e88e8e8f29b4e7d2d94fd0c3850a08e64eaf77ce532a2bf,12.0
2003-09-10 to 2014-12-31 (eleven years),66,4,0.02,2.0,-45.78387503065356,358,0.2011173184357542,-63.03721960762356,-0.1401806209012937,7a9e91294e96f412d420aa2e419b71a6d05114fd602e89ab6142c4197b8ec087,14.4
2003-09-10 to 2014-12-31 (eleven years),67,4,0.02,2.5,2.741391958360657,281,0.2206405693950178,-40.18949643242771,0.1284524908383632,94d51d72986801c290f19770732a0409bef65125b5e1e01dd24bcd3da4bf9b09,16.5
2003-09-10 to 2014-12-31 (eleven years),68,4,0.04,1.0,-96.47854723947012,970,0.18762886597938144,-97.5432434866206,-0.7116291487658629,a43f42f8a2f0a45b2ff8a2f971f3fe4a44f853f4e750d9b04eaab28736345a84,13.7
2003-09-10 to 2014-12-31 (eleven years),69,4,0.04,1.5,-82.73597422773804,716,0.19273743016759776,-89.94821532626143,-0.39307363857831934,5607d8a661fa1e54b9ffe140c97b994334c310c2111972ac30df761044f426d9,14.9
2003-09-10 to 2014-12-31 (eleven years),70,4,0.04,2.0,71.27944506718262,475,0.23157894736842105,-57.24017540567279,0.349699068033144,edf7d6dfd7be9c197001880e23ae27716dd39c96816715db81c63de637c8bf71,16.7
2003-09-10 to 2014-12-31 (eleven years),71,4,0.04,2.5,56.28486621018717,339,0.2359882005899705,-44.52288823442097,0.3232408226073281,b8cf388af93ba3aeec8bf04631f888e237aff00936b90bb43211b4ae7235ff51,18.2
2003-09-10 to 2014-12-31 (eleven years),72,4,0.06,1.0,-98.63387938673765,1304,0.18711656441717792,-98.98821239296977,-0.7694902283658017,85cad0239a0080248276bf0a43387b33ce9fa6fa198e89e28144cfc3720ef18a,14.5
2003-09-10 to 2014-12-31 (eleven years),73,4,0.06,1.5,-38.10317594978384,874,0.2116704805491991,-79.5060296004162,0.06127735875761347,f0ac97244d624ee4aa47a41081df643e839de6448d3ed2b4008954f9c60125b1,15.5
2003-09-10 to 2014-12-31 (eleven years),74,4,0.06,2.0,-40.40640636352518,585,0.21025641025641026,-74.78200396461295,-0.007929215528753149,afd5a25852b28769d575736a7961fa57bf92e3e9e7ca82d2697d5b899ca7ae75,17.9
2003-09-10 to 2014-12-31 (eleven years),75,4,0.06,2.5,29.020311949409113,370,0.22702702702702704,-49.849377856473474,0.23838922611416216,af212e35c01dc661c405ed8af151ea1c3000e0f7074833fdc2bdfff8669bf19a,18.5
2003-09-10 to 2014-12-31 (eleven years),76,4,0.1,1.0,-99.87289471298313,1792,0.18415178571428573,-99.9378264383362,-1.0805913266439044,a01f0c4266385e108ecdbc3fe3d544828303e7c6cb17299a742e0d6cc9413101,15.0
2003-09-10 to 2014-12-31 (eleven years),77,4,0.1,1.5,-90.48613041439607,1016,0.1968503937007874,-94.78455220865168,-0.40508388317194755,8de6efa182c8888dcf5ae696c026f9f4ab7fcd02a9cad2f894233512f235f4a6,17.7
2003-09-10 to 2014-12-31 (eleven years),78,4,0.1,2.0,10.067662160998788,626,0.22044728434504793,-66.84478697184812,0.19725555943018738,fbc5b27de2905ab6d1e2243f7fda71601c83bc83a1d46de4a7aa2b84754a8b4e,18.4
2003-09-10 to 2014-12-31 (eleven years),79,4,0.1,2.5,60.63365723149079,395,0.23544303797468355,-48.22867650496181,0.3295533853233037,389b9dc34e49079c5a3f6135d10983ab00bf80f62cecb0e3710fb8ccdcd0ccb6,19.2
2003-09-10 to 2014-12-31 (eleven years),80,5,0.02,1.0,-83.38341953232678,553,0.19349005424954793,-86.46803989784726,-0.4724993810118573,dc9631acd3c9f8962d61f3b879d637cab0f0baedadd03d9e4af5c20994bc236a,9.6
2003-09-10 to 2014-12-31 (eleven years),81,5,0.02,1.5,-49.27981060109561,456,0.20833333333333334,-64.1339821620418,-0.11344618958828642,d09c983ef3e556300d8a9d76b3a28f9c5c25403a678cc42387f4df57d27fb904,11.6
2003-09-10 to 2014-12-31 (eleven years),82,5,0.02,2.0,2.263398790311635,359,0.22562674094707522,-45.14665686099041,0.13420591311890068,0bf5ef05e3146fe7150c45f5fb7a6261d4c9bd789f0eab93c7f02d2bc8e57b24,13.5
2003-09-10 to 2014-12-31 (eleven years),83,5,0.02,2.5,10.979905972926758,278,0.22661870503597123,-50.70166429966668,0.1621183583218771,80b686bce7c31874b3dbe4b5ef574c713d33d3f1648a3611b47d39f695baecef,14.6
2003-09-10 to 2014-12-31 (eleven years),84,5,0.04,1.0,-95.43514380001675,1004,0.19621513944223107,-96.98765177293545,-0.6248114016811364,da8ea2e12325cd42a461765cc38d63875c28fd5c76cd2feec382fa60414f5749,13.0
2003-09-10 to 2014-12-31 (eleven years),85,5,0.04,1.5,-60.179989182654914,717,0.20781032078103207,-72.28568868252965,-0.11459639912059398,f474d2e3e870b652f556be3d4ef8846571afcd943c204fa20c73b6c8f325dc40,14.7
2003-09-10 to 2014-12-31 (eleven years),86,5,0.04,2.0,-14.707507935857981,502,0.2151394422310757,-70.96527112970934,0.08397071522740036,5717535f9fba4578c2a218b4cf502090998b00b19cccbc1ef126fba1e41a18d9,15.3
2003-09-10 to 2014-12-31 (eleven years),87,5,0.04,2.5,14.894998350845054,338,0.22189349112426035,-57.01272669383568,0.18327308524024868,2f3dcfc92cd5c5e811b8cb867748ac6578c0b4be9a982473f846f8ed5be4d51f,18.7
2003-09-10 to 2014-12-31 (eleven years),88,5,0.06,1.0,-99.8217341841965,1333,0.17629407351837958,-99.83369426088545,-1.208989818830069,3881cdb959b9770966abc711b7459a401ade69105665d067263d1d613b5dbe17,12.9
2003-09-10 to 2014-12-31 (eleven years),89,5,0.06,1.5,-91.15916039600613,863,0.19119351100811124,-93.86995916358117,-0.5080213161343458,7167f8eb956680974a7a0a55848c9c7c518ff49b57241144b64712f49b0ae3c5,16.1
2003-09-10 to 2014-12-31 (eleven years),90,5,0.06,2.0,-28.7439830656467,604,0.21357615894039736,-73.16528877157212,0.043934765354039645,94ebeb94825ea437ed36edfc93bc5495fe7cf7fab7574c42c61227b24583f221,18.5
2003-09-10 to 2014-12-31 (eleven years),91,5,0.06,2.5,98.26861768815134,415,0.2385542168674699,-52.21468276266996,0.41476532497378454,5f4a136f91c17f683fb446dceaac54814a46fbcce4100aae03a81034ca01a14c,18.9
2003-09-10 to 2014-12-31 (eleven years),92,5,0.1,1.0,-99.92569371801639,1765,0.18640226628895185,-99.96616488612297,-1.137001992516686,7e588ea7673bc3caabcf575f4df6baf44571feaf960d236a52c084261d5a883e,17.3
2003-09-10 to 2014-12-31 (eleven years),93,5,0.1,1.5,-89.23482445746596,1038,0.2023121387283237,-91.5334620589638,-0.35522961483196197,8fb6b15277284910347908ab8fe866dbe7bad56250cc1f187cfcc6b874212b36,17.8
2003-09-10 to 2014-12-31 (eleven years),94,5,0.1,2.0,73.9962619483188,594,0.23063973063973064,-61.18390080552882,0.3493703133719212,89fa99a4be065b805b0919143305918fb14c191fab0a15b117306c702a7cbcd0,19.0
2003-09-10 to 2014-12-31 (eleven years),95,5,0.1,2.5,89.5286185984323,340,0.2411764705882353,-39.3419338360256,0.40129389270146554,373b805576ec34266f0035f3f421db23e1e57aaa830e880eeb0344276f2c6f89,19.0
2003-09-10 to 2014-12-31 (eleven years),96,6,0.02,1.0,-46.500577944772076,592,0.21452702702702703,-76.46028901864975,-0.05758225754208265,dc5d6440a73e464521330ad564f815118c961aaf1be25656e6297255f3dd88e7,10.6
2003-09-10 to 2014-12-31 (eleven years),97,6,0.02,1.5,-61.50875261045067,505,0.20396039603960395,-80.33713986810024,-0.20138773582607633,e237029fb666e09e5eaae1e6538f0829c390314368aeffd7c75bda9ff4e34498,12.5
2003-09-10 to 2014-12-31 (eleven years),98,6,0.02,2.0,-64.55502800588053,406,0.19458128078817735,-72.09156218123431,-0.31841047615785895,4f07fbb5ab57276daaa4e62d9f47fd14e1fc4f37c8d8774164690d552fae1d8d,12.8
2003-09-10 to 2014-12-31 (eleven years),99,6,0.02,2.5,13.630778600563975,296,0.22635135135135134,-46.091778861204425,0.17649617852147415,4a0e3f4bae42027311ebdf3805ea8fad43776571a9d8ac23839c7cd5c8ad7f3e,14.6
2003-09-10 to 2014-12-31 (eleven years),100,6,0.04,1.0,-96.46814749728082,986,0.19168356997971603,-97.45128553889184,-0.7068786196142226,e33a59373ccbee62ccd152662efbf545982e797bfec26c75eca330f0debe3f8f,11.8
2003-09-10 to 2014-12-31 (eleven years),101,6,0.04,1.5,-62.45183346727181,701,0.20970042796005706,-78.92876187693375,-0.13994893058802213,98507f21bf2b4af8348d210514d28e6b4bc265e82e35cc12376ccf4a6e926c70,14.3
2003-09-10 to 2014-12-31 (eleven years),102,6,0.04,2.0,53.37338075198256,487,0.22792607802874743,-59.818446435710605,0.3068518140826631,079cce38d37f090b04480818c28af6c610c39710618b9f65a31141741883e162,16.0
2003-09-10 to 2014-12-31 (eleven years),103,6,0.04,2.5,-3.74997091062603,369,0.21680216802168023,-50.26816939256919,0.10661210132977625,e3ad0e3564835b7b07b668ef2663aa724fa51960015e7a5d4fff972ed3555907,16.9
2003-09-10 to 2014-12-31 (eleven years),104,6,0.06,1.0,-99.70820483820857,1344,0.1800595238095238,-99.83246066110108,-1.0930555608489896,bde38287c005651b99cbc8532a53b9def4375eaebe63f544093bb19929be6ac5,13.2
2003-09-10 to 2014-12-31 (eleven years),105,6,0.06,1.5,-91.98057081689339,920,0.19130434782608696,-94.99380039417922,-0.4952940213655925,0ea4015b2380a6daa47904043492fd3918571d121a405ab96521129bf83bbe75,15.1
2003-09-10 to 2014-12-31 (eleven years),106,6,0.06,2.0,16.686562902671987,564,0.22163120567375885,-50.58649285228688,0.21353764540818823,a4f72a965f503f228ff60fec627c690801a346d716578807acd01803965215cc,17.3
2003-09-10 to 2014-12-31 (eleven years),107,6,0.06,2.5,49.417217556307094,365,0.2328767123287671,-47.575310068281176,0.2996509851144373,2f4494ef22da1dd5e90c12f8c3270f141090f17a3299f22e64b4d92e6c67194c,18.5
2003-09-10 to 2014-12-31 (eleven years),108,6,0.1,1.0,-99.92643399491658,1797,0.18141346688925988,-99.95722930631398,-1.1790166201544146,5f2139218c0b559383adac4eae651a12fce996563abf0953af78bfcc5ee57b9d,15.4
2003-09-10 to 2014-12-31 (eleven years),109,6,0.1,1.5,-96.50027947480791,1109,0.1884580703336339,-98.23414600994964,-0.6596593202697321,16cb247789ff887b2fa7c9495ae8ce5953b0257431d5dfed00620d9fc334470d,19.2
2003-09-10 to 2014-12-31 (eleven years),110,6,0.1,2.0,-40.96890174579292,638,0.2115987460815047,-71.32971118551875,-0.00618032795651745,66c21629f5053de00746f076b58716c3640e9071b9e7a9cc63bcb1b16736c7e9,19.9
2003-09-10 to 2014-12-31 (eleven years),111,6,0.1,2.5,-9.919595641351544,391,0.21739130434782608,-58.92335968658625,0.08567431896447508,1803219f3df895daa55b3813eed2d30d55425ac2f449894e480822341959b10e,18.8
2003-09-10 to 2014-12-31 (eleven years),112,7,0.02,1.0,-85.22941896728474,558,0.1881720430107527,-89.68416185246478,-0.5766399606353757,c2a70f192b99370d4b16182dee1afdee5002eefcbb2246c4d2be07c30f6f12fe,10.8
2003-09-10 to 2014-12-31 (eleven years),113,7,0.02,1.5,-66.3548118370911,468,0.19444444444444445,-84.05449199259925,-0.3007681687848738,92f06a8d1f7effc65578540e13affc2e828319608a9bd5fef01649eac5f836d8,12.8
2003-09-10 to 2014-12-31 (eleven years),114,7,0.02,2.0,56.322214170939,372,0.23387096774193547,-41.771288376254134,0.32012786609226307,8831ebd44e19f7aff40e7b4123e871685db7fe7b7104862576b3491d6c293adf,15.4
2003-09-10 to 2014-12-31 (eleven years),115,7,0.02,2.5,16.254574112604068,286,0.22377622377622378,-34.505344135786274,0.18495785821128488,16dab2febe76f06f87c9a38369fd76af278401ae55a197f654603f63e28d95f0,15.5
2003-09-10 to 2014-12-31 (eleven years),116,7,0.04,1.0,-96.66715916770879,977,0.18833162743091095,-97.85303389415449,-0.7497009012788739,f9ecba90c24496a1b975790d6781cb28689e3f5bb964d65cbf54b022173ea373,12.3
2003-09-10 to 2014-12-31 (eleven years),117,7,0.04,1.5,-75.32395507135494,694,0.2017291066282421,-85.21434125287233,-0.2509501900253398,ce8fc68de9a224fb9f7f21deab52080b2907798a798da0b71b844763e5f65df1,15.0
2003-09-10 to 2014-12-31 (eleven years),118,7,0.04,2.0,-13.344407185107457,480,0.21875,-62.94614708172719,0.09186365143744872,c88444397b222dfab5a362627e9bbdbc44ecbca46d534c916363697965f3518b,16.2
2003-09-10 to 2014-12-31 (eleven years),119,7,0.04,2.5,87.71886029430989,342,0.23976608187134502,-42.76453059369247,0.4016935765969005,60a8390cc7f47fed76a86714b6a16f8eb3d75296eb1230a1214c6318e2ebec99,17.5
2003-09-10 to 2014-12-31 (eleven years),120,7,0.06,1.0,-98.98878033823472,1381,0.1889934829833454,-99.47310426949996,-0.8316812886787666,151c41641d82e932cd2ed113bb63e22ee00d9d1662860cc5e5557dcd50322d83,13.2
2003-09-10 to 2014-12-31 (eleven years),121,7,0.06,1.5,-86.47727971583261,896,0.19866071428571427,-92.08849763611171,-0.37912128433504166,9faf2ab11fc056e99e901e9959c450a2e814cfbbc1083ad450175ee3022b6858,15.0
2003-09-10 to 2014-12-31 (eleven years),122,7,0.06,2.0,-39.10974350066433,583,0.2109777015437393,-68.98463066345299,-0.015746886652134195,3aa2e9ff9d8a99e3d831f2fa9888e4f218c02dd2907e3c382c4f10fc1a034711,17.4
2003-09-10 to 2014-12-31 (eleven years),123,7,0.06,2.5,30.647174696971053,370,0.22702702702702704,-61.55655301570576,0.24293343767105238,bbe964232fa6cdeb1a25db6ecfdfd7a503c09fce4cc793dca42105d190ab5b25,18.4
2003-09-10 to 2014-12-31 (eleven years),124,7,0.1,1.0,-99.82862435689661,1815,0.1884297520661157,-99.93955456396378,-1.0065637577788256,e611300b05042d52d1cbb12337052b2363dc9fc59b42d388bcf80d01af7aac52,14.1
2003-09-10 to 2014-12-31 (eleven years),125,7,0.1,1.5,-94.57407846135476,1075,0.1925581395348837,-97.30336341728585,-0.5328161838634776,ae0d4f13dfd42b5e8f325ef3dafff60b1cf3d5907c693b633dd1b4ba7d01d887,18.0
2003-09-10 to 2014-12-31 (eleven years),126,7,0.1,2.0,-27.53775945178734,605,0.21652892561983472,-67.03846352543032,0.05451949575400717,550bfb20441ff91d16880176fde835ebcbd733db5ed65ba11969aec2f0f1681f,18.7
2003-09-10 to 2014-12-31 (eleven years),127,7,0.1,2.5,-16.05622800772936,390,0.21794871794871795,-56.46973696141324,0.05533581496570177,0b0bdaf577cd45f4b75b2cf8850775fdc8cd3fb3de8fa60775c1a2c02d09a7b3,19.3
2003-09-10 to 2014-12-31 (eleven years),128,8,0.02,1.0,-86.34389614751653,542,0.1881918819188192,-90.44448560615767,-0.5637985301085421,d093e2f35c7578998f195842018b3b7b21bb593a7233cfa3e50668343c06a654,10.4
2003-09-10 to 2014-12-31 (eleven years),129,8,0.02,1.5,-78.1861795626936,478,0.18828451882845187,-87.51245421261432,-0.46731606967693146,4374424afb8c67d2b4288ccefb73b52b55af7a2ce987729aae13136dfd775753,11.9
2003-09-10 to 2014-12-31 (eleven years),130,8,0.02,2.0,-48.45318982696879,369,0.2032520325203252,-71.71820861589721,-0.1557364918997717,be1be03dde872b55b62eb1fb01bda1ae2e3a60bc9e997f31a845f0f3291435f0,12.5
2003-09-10 to 2014-12-31 (eleven years),131,8,0.02,2.5,26.615230603245184,293,0.22525597269624573,-59.90128927753662,0.22731155146259183,81b94a859c330fad3b0236be24c4ced561dbc95e36c90c84634cb6a2daa932f7,16.1
2003-09-10 to 2014-12-31 (eleven years),132,8,0.04,1.0,-88.99494134828939,996,0.19979919678714858,-95.4677283903388,-0.3936435951847861,9578db22d665879a0568d2ccd39c61e01a4540272bf42c3130202d36381fe77d,13.1
2003-09-10 to 2014-12-31 (eleven years),133,8,0.04,1.5,-34.086257046048296,723,0.21300138312586445,-81.13685371865334,0.049186433855133924,35cd682617c8cb320fd23e794cdae059eb68529aca7941540a3baee8914fc528,15.3
2003-09-10 to 2014-12-31 (eleven years),134,8,0.04,2.0,-38.15565255524096,523,0.2084130019120459,-61.822080292517036,-0.034860895169210655,7341603677518bbee36c92262456c8507ec073e97789bdb7c3a38c99ab072008,16.8
2003-09-10 to 2014-12-31 (eleven years),135,8,0.04,2.5,21.68520434250425,362,0.22375690607734808,-47.45607916396462,0.21141193744289405,ee680469762b4a1e0aef93a8a87e61d082d2ddfc1e6688c62610302561cb7f26,18.9
2003-09-10 to 2014-12-31 (eleven years),136,8,0.06,1.0,-94.37016138051769,1348,0.2032640949554896,-97.4357391707066,-0.39620058942359315,3a9fb51d48a01fbbc6691a072dad168fc075fadc0ae8d9f8813d5fb274fd9952,14.6
2003-09-10 to 2014-12-31 (eleven years),137,8,0.06,1.5,-32.09329730900538,845,0.2165680473372781,-84.62423309376474,0.0869900187902064,92742f9f40cc8117ddc2bdc7bd0d0505ab11360f8a6db3e5710d4a3b7685e167,15.6
2003-09-10 to 2014-12-31 (eleven years),138,8,0.06,2.0,81.20779233842373,553,0.2332730560578662,-58.634048634190265,0.365712735116012,404b7c8035d68bb666e23940e91f3718a7d0665324d8b841068aeda351c1af58,18.1
2003-09-10 to 2014-12-31 (eleven years),139,8,0.06,2.5,322.8282137566854,353,0.26345609065155806,-35.62210112674934,0.734945226535124,702a308fc7f022cf031774a452e8628ad3dbc194e360aa0ea48f262e0b4ad7df,18.4
2003-09-10 to 2014-12-31 (eleven years),140,8,0.1,1.0,-99.32178768124405,1775,0.19380281690140846,-99.5805968214396,-0.6954592753705681,3e364dbf197d20b71b42dfad5696ff8dcb3c6747dbf2c53944817a596700d378,14.7
2003-09-10 to 2014-12-31 (eleven years),141,8,0.1,1.5,-56.164713569950955,1052,0.21197718631178708,-82.1673044725108,0.0030317990816360885,fa34782dc44766d0fbb587fd25a814f678ecf4bee2808996eceb17db5deb76fe,17.1
2003-09-10 to 2014-12-31 (eleven years),142,8,0.1,2.0,-6.808192029672563,671,0.21907600596125187,-68.35310716067085,0.14632553188754488,29d65bdb00073cedd3a0babcc7fd8ed9dd6ad88a22fd1f65e9cccb92c057c03e,18.1
2003-09-10 to 2014-12-31 (eleven years),143,8,0.1,2.5,48.78705785952937,451,0.22838137472283815,-52.53650365953324,0.29609442597285945,cc262f3c0926fe121f8696aca1ce32e17f86dd8bcdc1706f5491ed0024fb12eb,19.1
2003-09-10 to 2014-12-31 (eleven years),144,9,0.02,1.0,-96.19537835514264,607,0.171334431630972,-97.65074651811332,-0.9427166257565593,1718fab7cd89c44621c23843d9334178921926a871b3551401a43b6cecb162c1,10.5
2003-09-10 to 2014-12-31 (eleven years),145,9,0.02,1.5,-70.731680141,496,0.19556451612903225,-82.51799812612605,-0.35312261042850257,b0030a087792a7a64733cba6b5241b4d4d80cffc7807e2c54463eeef57fadea5,12.3
2003-09-10 to 2014-12-31 (eleven years),146,9,0.02,2.0,-36.888266168612745,385,0.2077922077922078,-58.01816983184008,-0.08584715345081628,6af03cbb78ebb2b49e1150819e93d2f8049564c0f16288379eced603b1214ccf,13.1
2003-09-10 to 2014-12-31 (eleven years),147,9,0.02,2.5,-25.42634633771196,297,0.20875420875420875,-56.77325850118614,-0.04026567434457128,190116c4ec491dcb44c8992e3f5bab34d71efc8dd316c07c9b8ee7d1c14fc125,15.0
2003-09-10 to 2014-12-31 (eleven years),148,9,0.04,1.0,-97.89029503007436,1005,0.18706467661691542,-99.01115547846098,-0.7415306085671299,29202e02d8e505ff3fbf41325dac2380153cb9af4e9e9da6746ee544eba8232e,11.6
2003-09-10 to 2014-12-31 (eleven years),149,9,0.04,1.5,-82.28310287333736,752,0.19547872340425532,-89.93425256503647,-0.3293730351881237,24534e2797d5ce56c0f8cfd421a68769f93a2995930a95f5189ddaad5a872e64,14.3
2003-09-10 to 2014-12-31 (eleven years),150,9,0.04,2.0,7.328047958791941,517,0.2205029013539652,-62.29825608216966,0.1797585022087606,b403dbd4a72eb83d775e151b117c9fc7d3a669684ef5a5d20fdf5c0627fa35f5,15.9
2003-09-10 to 2014-12-31 (eleven years),151,9,0.04,2.5,-39.85219552756614,368,0.20652173913043478,-69.44598394911391,-0.0933240533395299,abeb09d3a916b88a11da781b90795c864f5f56aefc988b16284d30d47487326a,16.3
2003-09-10 to 2014-12-31 (eleven years),152,9,0.06,1.0,-99.53179252256118,1328,0.18072289156626506,-99.80890189871147,-1.0824680894566263,9ee902c91adaf070717ae006469e1041f8a3808955328d051851afc28d550efd,12.7
2003-09-10 to 2014-12-31 (eleven years),153,9,0.06,1.5,-71.83214231864876,878,0.2072892938496583,-88.12933882694324,-0.16029337210663697,90e7c9a4d80f8b65b15fbf35318626e04ef348b15d15aaa40df7210710729d3b,16.6
2003-09-10 to 2014-12-31 (eleven years),154,9,0.06,2.0,-71.63806927546607,605,0.2,-83.71495648329102,-0.28200604551194486,234f8082ae2a7f49e0c6a4293b99b55cba4e80882060246dc992cc1e71603a2d,18.5
2003-09-10 to 2014-12-31 (eleven years),155,9,0.06,2.5,-45.95943950214457,395,0.20506329113924052,-59.91406701438713,-0.13594888837957653,b6a12cf65550f6c94128e18bc56e36863ec1629203202b4d14234ea8c451eda5,18.5
2003-09-10 to 2014-12-31 (eleven years),156,9,0.1,1.0,-99.69143502694816,1800,0.19055555555555556,-99.85503607192689,-0.8808456746584882,06d9304748df14e3053d0b399a9a7a66037c58d61ec60022d5bfb64a21fc38e2,16.6
2003-09-10 to 2014-12-31 (eleven years),157,9,0.1,1.5,-94.95351142137551,1048,0.191793893129771,-97.35229309412291,-0.5642291938115754,aa459f789eac74e366738edf0f84c64043d81d25a783e7eb995b1621ebbbaab3,17.7
2003-09-10 to 2014-12-31 (eleven years),158,9,0.1,2.0,-71.97826479110596,633,0.20221169036334913,-82.87229540281106,-0.26533131745488214,12f373d72e9cfe1ec4400de973d9e52b4fd419f4216da52bf22b1b8c0ef3a492,19.4
2003-09-10 to 2014-12-31 (eleven years),159,9,0.1,2.5,14.48136418998686,420,0.22380952380952382,-56.68987451147507,0.18721038933978726,84a2579263ef7b5b4ae036a3c58a33c84531ac1a8928028ffd00b7a18e096d26,18.3
2003-09-10 to 2014-12-31 (eleven years),160,10,0.02,1.0,-92.21335769684235,550,0.17272727272727273,-94.4037876990354,-0.7653970917581496,4fccab47d822bc586e103ddc47c4884937abe4ddf5b86393c4d72ff4b25408a1,9.8
2003-09-10 to 2014-12-31 (eleven years),161,10,0.02,1.5,-66.89021390751915,458,0.19213973799126638,-88.13281605510122,-0.30139116242197816,13885dd101ccd03a4ea9889de8e95672e5a7236d3ef3001106672bac47d6abac,12.2
2003-09-10 to 2014-12-31 (eleven years),162,10,0.02,2.0,-63.37802183786193,366,0.1885245901639344,-80.42958705662704,-0.3180640894511074,5f3b15d6bbf7f7128e67fd00881b05a62a006c42c3a443e475d4f2d98212a412,13.7
2003-09-10 to 2014-12-31 (eleven years),163,10,0.02,2.5,5.467437794359839,269,0.21933085501858737,-66.05104889714414,0.13825837017604975,e9cc5cf6078fb0f1bb38085661ee13cbdf16d422a1aae8e4e99a5a5b7fd33394,15.5
2003-09-10 to 2014-12-31 (eleven years),164,10,0.04,1.0,-99.31304700133725,977,0.16786079836233367,-99.50843175182366,-1.1739346009471474,f2bbec6dd46eb03033bee7e8937c1dd74c90f281cd5ceb42a6850ae78d66b13b,11.8
2003-09-10 to 2014-12-31 (eleven years),165,10,0.04,1.5,-95.60633078600222,731,0.17510259917920656,-97.29547605887548,-0.7901216903648076,baeff9bf12c404d6f2b0b4c99998fc74794c3d54129c187292d2bf6e3f329906,12.9
2003-09-10 to 2014-12-31 (eleven years),166,10,0.04,2.0,-81.97729092405646,522,0.18582375478927204,-85.86183268908044,-0.49937662040103264,6e3ba92af606f69c26555c009e02c66aefa689c25888764bbdf049a785e6630b,15.2
2003-09-10 to 2014-12-31 (eleven years),167,10,0.04,2.5,-42.720916458452784,352,0.20454545454545456,-63.57087849565261,-0.1198113374600999,1decd8df0ea90867387f0e60fed1380f145e196a428d40c96209eef1c9ac83b6,16.5
2003-09-10 to 2014-12-31 (eleven years),168,10,0.06,1.0,-96.96527637920508,1300,0.19538461538461538,-98.6533119437064,-0.5819645190778713,920047e0e1eb67f26900dfe3a1165590d7cc6b0dcd1f4e44af6e06eadad85f84,13.9
2003-09-10 to 2014-12-31 (eleven years),169,10,0.06,1.5,-29.80387762879335,865,0.21271676300578035,-85.3065067980044,0.09568713757372756,cda11c523fd7b1b122bef0a69e3528b177ee9d44b7eff207b78c8a3054ef2782,15.7
2003-09-10 to 2014-12-31 (eleven years),170,10,0.06,2.0,42.97489409800928,557,0.22621184919210055,-73.86015641181987,0.28198990513446137,793c9e519d6f57104436b42d10108e8f5c38e9e58dfe3d21c935a7e2215570bd,17.4
2003-09-10 to 2014-12-31 (eleven years),171,10,0.06,2.5,133.30559909857755,372,0.24193548387096775,-57.20314052631482,0.48899728322520053,c0c195f01aca763a3a2fd60d28fc5abc47df254dd2949ce71fdbc228da54ff0d,16.9
2003-09-10 to 2014-12-31 (eleven years),172,10,0.1,1.0,-99.20018963263693,1821,0.19604612850082373,-99.58024240606225,-0.6744158509155312,b84d5ad79f391de6d9961e8dcc981da374b756a0548d4ded383ce7eeeef6f21b,15.6
2003-09-10 to 2014-12-31 (eleven years),173,10,0.1,1.5,-69.77241582569576,1080,0.20925925925925926,-90.38078429579701,-0.0836699614285369,b25576f846afe40d7969f5066fad2a7818ef32d580e8abd19aae8ac9c528f1f6,18.1
2003-09-10 to 2014-12-31 (eleven years),174,10,0.1,2.0,24.395575645561866,650,0.2246153846153846,-59.579552391820634,0.24053250465704581,340eaebf92c77533de5cacdac9a8e7a92f7c4263672f92de3f2c80b652d2b4f6,20.3
2003-09-10 to 2014-12-31 (eleven years),175,10,0.1,2.5,12.385941972200035,437,0.2242562929061785,-60.93165600827616,0.18702345105432464,8ccb5c67ea94e4290af7ee1360831e6b5146b9639c7bcbc46cde1d06c3dcd3a9,18.8
2003-09-10 to 2014-12-31 (eleven years),176,11,0.02,1.0,-96.19337740543733,540,0.1685185185185185,-97.9980461406461,-1.086224359923491,2ff8a6e72152deba3544e3259fd5393ff2416b59de56161ce206eb3b55a2eb46,10.4
2003-09-10 to 2014-12-31 (eleven years),177,11,0.02,1.5,-80.08489697874633,460,0.18478260869565216,-90.45342647017046,-0.5242403837385727,825ae791a33c45453e5eb40851277868f03505752a155e1a0bb8ca3683cbbcd4,12.6
2003-09-10 to 2014-12-31 (eleven years),178,11,0.02,2.0,-72.61510636330674,378,0.18518518518518517,-89.0884003774035,-0.4493573044660003,489e9c3660cdaa0d22abced717f2d93d03956e53c4001fea5d54b00798103428,13.8
2003-09-10 to 2014-12-31 (eleven years),179,11,0.02,2.5,-52.80927678142285,297,0.19528619528619529,-77.42272611413854,-0.25411825826642537,51dbe538df3cff64ade81a46f35f8cae483c18578e886eefb430add129b1b41c,14.9
2003-09-10 to 2014-12-31 (eleven years),180,11,0.04,1.0,-97.96979679789479,996,0.1817269076305221,-98.59659932995633,-0.8252045755106173,a975d90f809cb82dc0119c6b18dfd51a504ce8972670d4ffebfaa0d9be136c38,12.1
2003-09-10 to 2014-12-31 (eleven years),181,11,0.04,1.5,-86.48606188314812,738,0.19241192411924118,-88.12055881925193,-0.4546509738889341,6e2b957e4d448674163e137a19a539e02b86aff4fa3059e48e57220e97866547,14.0
2003-09-10 to 2014-12-31 (eleven years),182,11,0.04,2.0,-62.23605297400376,549,0.20036429872495445,-75.22816049287198,-0.2108979529632582,c6916d65251db697adab04bce7e1832b42d141f6ef648859398060c786cf97ff,14.9
2003-09-10 to 2014-12-31 (eleven years),183,11,0.04,2.5,9.520814945635657,381,0.2230971128608924,-66.38232029197533,0.16707385023776952,07aad50fdd5fef47e27ebc9108b49c500c914edc26049e722a97e60ad6d95f26,17.4
2003-09-10 to 2014-12-31 (eleven years),184,11,0.06,1.0,-96.39003272375494,1270,0.19606299212598424,-98.85775591215875,-0.5541347976010695,8bd943eda873061590596f00b1d53a3073d8dc6300280884c47b58f95a0f02b8,13.0
2003-09-10 to 2014-12-31 (eleven years),185,11,0.06,1.5,-70.527749353216,856,0.2044392523364486,-90.87055218649623,-0.16017228989077775,bd999f8c65e8cf2d413f17afa9d0bf82bd064ca6dbd706d9598fa767f8fec466,16.1
2003-09-10 to 2014-12-31 (eleven years),186,11,0.06,2.0,6.721443229074548,554,0.22021660649819494,-63.397889027654166,0.18041060238051682,7249ee3d9c04fe2d41596bb868cc4aa6f6a76735a8ff5d543749115b1816dd34,17.9
2003-09-10 to 2014-12-31 (eleven years),187,11,0.06,2.5,0.3064049318144612,371,0.2183288409703504,-47.95581697553961,0.1318411131757134,b64797370eba1c03d7b9ee57669e97d4ad6c89d2dca0b140c810d24c17e532ae,19.1
2003-09-10 to 2014-12-31 (eleven years),188,11,0.1,1.0,-99.87971272552859,1805,0.1850415512465374,-99.9543669763064,-1.080565077497914,ebc573632c1d70df18a80b802ddfaaffff3aed14c2351171c310d387db28f4f4,15.3
2003-09-10 to 2014-12-31 (eleven years),189,11,0.1,1.5,-95.5643699657981,1117,0.19068934646374217,-97.66390591477153,-0.5791321236266767,6dd5660d83f3adb58893446fd23dd8f73d0bfbed275b40d255c21608d702a65f,16.7
2003-09-10 to 2014-12-31 (eleven years),190,11,0.1,2.0,-3.7564338381584186,649,0.21879815100154082,-69.63124157095262,0.15620989448770994,a4423d854cc2ed460fee038c95731d1aade9716fd6346ebc54a118a205111b6e,21.5
2003-09-10 to 2014-12-31 (eleven years),191,11,0.1,2.5,31.640075632885345,431,0.22505800464037123,-56.141957201771966,0.2466674775697584,d7305301158248b3b4c919928e3a4ee102d3e1341ce8df0c84ceb4f222775e7c,21.0
2003-09-10 to 2014-12-31 (eleven years),192,12,0.02,1.0,-87.96476965036423,576,0.1857638888888889,-94.03271767973284,-0.6124432842535542,ee1c6910f43a5d3735c9761d0faccfc116b880df4b7c8b68000a7effeff87d01,13.2
2003-09-10 to 2014-12-31 (eleven years),193,12,0.02,1.5,-79.13178079879378,465,0.18494623655913978,-86.64951361178439,-0.46857027729819534,13228b63674d636d947f96e8b90d2ce83f1944e8f55eda767c5fc932c41a0c5a,14.3
2003-09-10 to 2014-12-31 (eleven years),194,12,0.02,2.0,29.037389578078997,355,0.22816901408450704,-44.79515571046754,0.23746438137805367,abda18e2e13cf6794c899d472c5ed2a6d40e5940b2696b7134575c7dbf1f230f,16.7
2003-09-10 to 2014-12-31 (eleven years),195,12,0.02,2.5,94.85535851397906,270,0.24444444444444444,-39.48112988773202,0.4381344755258135,ddb8c44d61457760c09bf874f075c029fe88c2eab2a3b1f780ab36db26646565,20.7
2003-09-10 to 2014-12-31 (eleven years),196,12,0.04,1.0,-98.12915706554092,1009,0.18533201189296333,-99.00547223712469,-0.8828638743665076,1ec8301483350e88fe3ca9d7777446bb41a95e615c6df94efbd31a8c6e3c307f,13.9
2003-09-10 to 2014-12-31 (eleven years),197,12,0.04,1.5,-85.92980200756975,748,0.19385026737967914,-92.95185230819199,-0.4450468851587345,79cb789adfd6d784cce2e2d04777fc40852e988ba94dabe3dcf937265d8b729f,17.2
2003-09-10 to 2014-12-31 (eleven years),198,12,0.04,2.0,-51.245024541872795,549,0.20765027322404372,-74.59257786487656,-0.1316510185259467,8192b34b90419398ad372440db78f2c3e5d0f6ecee7f26bfebc568474e9733c0,18.9
2003-09-10 to 2014-12-31 (eleven years),199,12,0.04,2.5,46.65868615953368,342,0.23391812865497075,-47.35697989714741,0.2950158366158823,25c26440966b42fb62ab36d66bc275d8417787a7d9f99a1372aa2192ab783115,21.5
2003-09-10 to 2014-12-31 (eleven years),200,12,0.06,1.0,-98.86467888696944,1293,0.1902552204176334,-99.41969197988261,-0.8273433527108741,25cdd822e4d99a1c10e1567d4053f4434944248e8c825e9fc4ec21e806009ade,17.9
2003-09-10 to 2014-12-31 (eleven years),201,12,0.06,1.5,-73.43772826289072,879,0.20705346985210465,-86.37206076463465,-0.19017003139205382,7e93f48a6d071a047111205c23dac0a2d6c5752ea6568c33a055f45567249ecb,17.8
2003-09-10 to 2014-12-31 (eleven years),202,12,0.06,2.0,-48.962815708488044,596,0.20973154362416108,-75.41700434170286,-0.07738505920570073,1745c34b7aba8b9b41ca9940235b06fbc247260ae18961910521384ad6f9e199,19.7
2003-09-10 to 2014-12-31 (eleven years),203,12,0.06,2.5,0.9893008185926737,394,0.22081218274111675,-67.02444345382526,0.13408647264584567,0b52f8d0e7cca68ab29c9df4aff4f7696afd21b7ada907461b629839e5609a1a,19.4
2003-09-10 to 2014-12-31 (eleven years),204,12,0.1,1.0,-98.32410447752179,1773,0.2041737168640722,-99.35474723664915,-0.5306054119355554,c1818a023aec5ad9d9908fbbacc6da83456bf981df4bdb54d89eebb0912a6bf4,16.8
2003-09-10 to 2014-12-31 (eleven years),205,12,0.1,1.5,-52.346529692801944,1036,0.2171814671814672,-82.8251550817997,0.02583947795188589,751442e0d8fec83dfc55ced25e3e98df003fe0aac9b8403824f6cb7e6e9db792,17.9
2003-09-10 to 2014-12-31 (eleven years),206,12,0.1,2.0,-51.00965117397415,640,0.2109375,-77.51683053776837,-0.062426579807617635,a0f0dcb86fc6ea22033df3dc89d9b96520761ee246d0c79ea04c7baa8114d9ac,18.6
2003-09-10 to 2014-12-31 (eleven years),207,12,0.1,2.5,-20.234095701933196,403,0.21588089330024815,-60.681157936953056,0.03926376503691704,e6be6b4647a2ad2ba1b84bad9d78434fce75179b2e6c444881c8f2cf6b6edbcf,20.0
2003-09-10 to 2014-12-31 (eleven years),208,13,0.02,1.0,-90.66377933218374,578,0.17993079584775087,-94.71916147594344,-0.7039865566069674,737c111c34bca058b22b96e0cc59ee385e11eb431ebd34c44208de63d6c88564,9.8
2003-09-10 to 2014-12-31 (eleven years),209,13,0.02,1.5,-67.42023636307131,473,0.1945031712473573,-82.37003917172699,-0.29235486270195,a0a16af8d453fa3f02226b837ccfb20722bc2b828c6c860719e2310d314d9d5b,12.4
2003-09-10 to 2014-12-31 (eleven years),210,13,0.02,2.0,22.94398612839943,365,0.2219178082191781,-58.06257409888622,0.21578443892391458,996e2021bd615258b54f9c4d1a31b0351cbf12eb62289ff609a039fa57013fa9,12.5
2003-09-10 to 2014-12-31 (eleven years),211,13,0.02,2.5,30.65180120163481,276,0.22826086956521738,-40.8212465341805,0.24373523032956607,6c14dc346676e3ae53a4a9374d92c8d7bca9e7bff87aeccd3df6ea585d2cb1c1,14.7
2003-09-10 to 2014-12-31 (eleven years),212,13,0.04,1.0,-99.6647634593916,1009,0.16749256689791872,-99.83268871985811,-1.3294681921826808,205038fbd3e79b8538b5eac79fc829d4fe26ce5af7f0422e62035585edf6f2c2,12.9
2003-09-10 to 2014-12-31 (eleven years),213,13,0.04,1.5,-89.3409536869894,733,0.19236016371077763,-93.22006875379346,-0.5480836085314317,77cc53e524c8d3520657521b1e3505c2c111998d3798c4b45ab0a6a13ec9bbd1,15.2
2003-09-10 to 2014-12-31 (eleven years),214,13,0.04,2.0,-69.99087053457511,507,0.19723865877712032,-83.40311285217115,-0.3019764357257413,dc7ad24794cd7bb26b766065738b09a24688839f8d14e9d2a3fe171e0af3c8da,15.4
2003-09-10 to 2014-12-31 (eleven years),215,13,0.04,2.5,-39.79512797693772,361,0.2077562326869806,-74.50864533194675,-0.10225144101254224,0bffa6aeccdf7006b8d63f9a00efc719eca0a4a06858fa9fdfe837b16ec5cc69,17.4
2003-09-10 to 2014-12-31 (eleven years),216,13,0.06,1.0,-99.75629618439332,1317,0.17843583902809415,-99.83390625628414,-1.2097321752374701,58a275ae1ffaf36249b4a8bc4a773e3f9fa3d5dfe0567c39dba12ac1eff2a52a,13.2
2003-09-10 to 2014-12-31 (eleven years),217,13,0.06,1.5,-81.31357958206806,863,0.20046349942062572,-90.21678382867026,-0.29251144719107103,8e402a7ed5aa3b6d1a0ce9a4f74cf39794b30925e9ba45d774e642716919568f,16.0
2003-09-10 to 2014-12-31 (eleven years),218,13,0.06,2.0,-8.417830081347525,558,0.21863799283154123,-74.40691906509531,0.12300434352022274,9aa62a4cefaca1be4c99edfab1f163b0a805e3535e764b9581c866cf0bd4d137,18.0
2003-09-10 to 2014-12-31 (eleven years),219,13,0.06,2.5,15.173413461010965,342,0.22807017543859648,-45.26221622237275,0.1900593367936717,fe4f3be8722b00734886cd90a2f4ebac6324e5e455b24e4aa5cbdfc43fca8d9b,18.1
2003-09-10 to 2014-12-31 (eleven years),220,13,0.1,1.0,-99.92343664073998,1880,0.18829787234042553,-99.95626126022695,-1.1355963523769022,9eb557007c5c99a71bb12ba514ee1bd52da0f6e9326915c299550fefc424130d,14.2
2003-09-10 to 2014-12-31 (eleven years),221,13,0.1,1.5,-95.07359994778977,1074,0.19273743016759776,-97.02369597321704,-0.5576017121250663,7d6621a8c7d1f6259131c8fe874cc95919d3f7a50d97f718f1e4b148051fe439,17.9
2003-09-10 to 2014-12-31 (eleven years),222,13,0.1,2.0,-40.11863303718762,606,0.21287128712871287,-74.83209463528168,-0.007238632504104529,f77177a2354c13f13b4d847175483dbac80be9984e1a779719f95ae9d6b8f84e,18.7
2003-09-10 to 2014-12-31 (eleven years),223,13,0.1,2.5,5.877957371831539,419,0.22195704057279236,-64.88858989207955,0.1576339049912201,73ea4bb6151b6d3b7fa193369b007c675ed4f703e46c76d3c02ab1f2244697ee,18.8
2003-09-10 to 2014-12-31 (eleven years),224,14,0.02,1.0,-89.04547852778111,544,0.18198529411764705,-91.313961786802,-0.6950228661748517,8e2f6e596a91fcf157a9449f4ec5bc63f4243df6218ef3dc2d8623078f982491,11.1
2003-09-10 to 2014-12-31 (eleven years),225,14,0.02,1.5,-63.671671381283716,467,0.2012847965738758,-80.20273709976904,-0.2672668338941768,b719898b87c409322fd61078002949929494eb8b7bf69e64331b4e6817373b25,12.0
2003-09-10 to 2014-12-31 (eleven years),226,14,0.02,2.0,-41.284653251626985,354,0.2062146892655367,-71.49392011698875,-0.11668333436980118,5cb735434d1e182757773e6542fcf78df7d514c7b03046c431ef4e29ad114640,13.2
2003-09-10 to 2014-12-31 (eleven years),227,14,0.02,2.5,-11.979425657921148,277,0.21660649819494585,-51.55283574258298,0.04147991841067553,45eb2b5841baedb210d34ab328e40bad16a5e5c3ec025e749cecb6fc72eb5bca,15.9
2003-09-10 to 2014-12-31 (eleven years),228,14,0.04,1.0,-99.189092214289,1042,0.18042226487523993,-99.41454090124876,-1.0015271238014467,25670654476a5562b13010adb4f0484afb26172cfb9821c14103069904ded827,13.7
2003-09-10 to 2014-12-31 (eleven years),229,14,0.04,1.5,-88.94644376542394,750,0.192,-94.66545264200126,-0.4916617845815628,abb4182e3f6a33904ca1544771ff203cc252e196c0db61f52582c062768b11dd,15.1
2003-09-10 to 2014-12-31 (eleven years),230,14,0.04,2.0,-67.71589431719158,519,0.19653179190751446,-80.30622334414203,-0.2702739089287967,8b5d64a14d367a12cae1298c9a4c013e68f8b2dd36a2a53776a57e9fac06ea24,16.8
2003-09-10 to 2014-12-31 (eleven years),231,14,0.04,2.5,4.7624698872914655,382,0.22251308900523561,-48.75218729699529,0.1453128479073346,4c440a9e9ad80fdcb05870f5fd52bc06fccfa4b6ecdd3d0ad78b155ec84d11dc,18.2
2003-09-10 to 2014-12-31 (eleven years),232,14,0.06,1.0,-97.01682517278371,1290,0.1930232558139535,-99.40744559904994,-0.5845105442643629,3dd512f1f1548ae56ea7bb95e2f6f70bba3264a3739aed98c3ac570ddeacdf64,15.0
2003-09-10 to 2014-12-31 (eleven years),233,14,0.06,1.5,-87.7619133171512,883,0.19252548131370328,-95.50398433332316,-0.4160002804472926,ad9fabf0cee190cee8f9c4d12689cb2cefdaec782d63ecb2e44bf4bc41235386,15.6
2003-09-10 to 2014-12-31 (eleven years),234,14,0.06,2.0,76.48078970076124,549,0.22768670309653916,-58.0358825481212,0.35564833633464304,a2215d5fba07bbe1b0d0c546536b8bc8221ce0437220690637004a98366e0393,17.5
2003-09-10 to 2014-12-31 (eleven years),235,14,0.06,2.5,89.47363042247632,348,0.23850574712643677,-40.040512125797676,0.4034470894045991,606489653426c32d8b8eea00a7720d5f4ab33f14261e99f0dcded3b016e8c93c,17.9
2003-09-10 to 2014-12-31 (eleven years),236,14,0.1,1.0,-99.8991618494682,1926,0.18743509865005192,-99.97581784858419,-1.0804621393142533,08d3dd92a4eb50d83b9b6b07b3732d22cf6ef94ee4b3900399b027f0dc4acee0,15.8
2003-09-10 to 2014-12-31 (eleven years),237,14,0.1,1.5,-97.07553794940928,1152,0.1892361111111111,-98.37147440412886,-0.6875874223720271,f0ad6f0333f3640bb830e75b2e7b4767d0aabecb3ff864067886ac18915c96e8,16.9
2003-09-10 to 2014-12-31 (eleven years),238,14,0.1,2.0,-77.39124220904394,703,0.19772403982930298,-87.92894709067333,-0.31531768500868684,51e3beb9a7fb83274594165d67a30f8bba3ffa1eccb8a3ba0451725d642c7fe1,16.9
2003-09-10 to 2014-12-31 (eleven years),239,14,0.1,2.5,-9.167890583291827,406,0.21921182266009853,-50.66313923801773,0.09478538170227198,f5ccedce471bb509928130fa66431eb1496650d13e52904cfc59000cb5583577,18.6
2003-09-10 to 2014-12-31 (eleven years),240,15,0.02,1.0,-88.222043857982,553,0.18264014466546113,-90.50412786258426,-0.6885892367099282,e689d4f03815197c5a3b157c5e4275aa72a1735568d5b17f0c3fae3e06acb7e0,9.9
2003-09-10 to 2014-12-31 (eleven years),241,15,0.02,1.5,-66.4348233227485,446,0.19282511210762332,-71.40877652812901,-0.30988803536895504,5115c73d785492806921c3d27a0527ad2a8f98adb18a4e4f89568d9ef49a3571,13.1
2003-09-10 to 2014-12-31 (eleven years),242,15,0.02,2.0,14.933530346947718,350,0.2257142857142857,-63.218494419170334,0.18468428928860303,3b2eb89b0731a4b1ef14320ac5611efa5ffb8e86e6c4b7dfbc6ac36c1a51ea79,14.0
2003-09-10 to 2014-12-31 (eleven years),243,15,0.02,2.5,51.75031193711842,275,0.23272727272727273,-58.547612641849426,0.31744320288847533,04e8f3aaae1191f1afe9b66a3829a18b279793821a80d99c8150ffd26886cd24,15.4
2003-09-10 to 2014-12-31 (eleven years),244,15,0.04,1.0,-92.63658996381776,1000,0.196,-95.3005495672473,-0.5012355581115141,326d996b17d5c30e497632b5d8d7480238f078f1748e60d654af2625ad2e02f2,11.3
2003-09-10 to 2014-12-31 (eleven years),245,15,0.04,1.5,-60.863721509589496,692,0.20664739884393063,-83.9341035425127,-0.12060560985761566,b42828c4b94e9d521d47d1a213c5b2d2a861099321c065b41c58427b8ef44d3a,14.1
2003-09-10 to 2014-12-31 (eleven years),246,15,0.04,2.0,9.055219843193573,478,0.22384937238493724,-72.94763335048853,0.1795072148908974,c5b06f18268b6c3fbe8a566a48befcf123844d12e37d9b9111f358663fb6396f,20.0
2003-09-10 to 2014-12-31 (eleven years),247,15,0.04,2.5,-8.470824397464503,336,0.22023809523809523,-56.57267540830671,0.08412776539138904,6e91a235d87708c287dbee551c6670a46a64e145b5032409014312ace75048b9,21.8
2003-09-10 to 2014-12-31 (eleven years),248,15,0.06,1.0,-99.63092409645346,1310,0.1801526717557252,-99.79335708589488,-1.1288559636082562,f274ac353b9f3b36aa5620f480aa3840aa1b6c6b1039ba4714c81a025e7154a3,17.4
2003-09-10 to 2014-12-31 (eleven years),249,15,0.06,1.5,-39.833805609602656,855,0.21403508771929824,-77.55232809242662,0.04810287397254539,9dd8cf2a134afd0e6c873c2f0c4597e5eef5d54365cff9cccbf39255ea2db038,19.6
2003-09-10 to 2014-12-31 (eleven years),250,15,0.06,2.0,29.339745059413165,553,0.22784810126582278,-58.8222473099647,0.24672776061400148,78dcabf6f8aa13a463e84a5d797ad523c6d015aebd14a4d9b165190adb83a1e7,20.8
2003-09-10 to 2014-12-31 (eleven years),251,15,0.06,2.5,63.27823113185145,364,0.23626373626373626,-41.51493128481102,0.33866577810484855,e5fab5c2102fce4b5995a23fc4450ca1c6dbde70417366f722135519fce2e003,22.1
2003-09-10 to 2014-12-31 (eleven years),252,15,0.1,1.0,-99.32240051646347,1810,0.19558011049723756,-99.63557986441047,-0.7500636805789522,ae100a20bb96e10a3d3d1e6e80e4a7fb2af458c9ac12653b58ec4ea585ff350d,16.6
2003-09-10 to 2014-12-31 (eleven years),253,15,0.1,1.5,-93.00685623527191,1086,0.19613259668508287,-96.49369451887375,-0.472689709095124,a16f9584ae007705aab441c974a9310e3df249455cfc03a2ecc00e52210f5e79,19.0
2003-09-10 to 2014-12-31 (eleven years),254,15,0.1,2.0,19.924398434748962,623,0.2247191011235955,-55.69708559592785,0.22911049696243097,01ce1d26892cc9bf7d7b6505dc2dde2f1938387b40cf5d1ce208c10cd8e94ade,19.6
2003-09-10 to 2014-12-31 (eleven years),255,15,0.1,2.5,11.461406071961184,439,0.22323462414578588,-53.422068983694736,0.18055656440389806,92c4e777d7f8d2da7ffca8b50b5b1fd61675424dfc2c00262c3991a9db62001f,19.1
2003-09-10 to 2014-12-31 (eleven years),256,16,0.02,1.0,-97.62588264698424,611,0.16366612111292964,-97.8255268149829,-1.2052178394972144,26a7b8b91a392ee24e3918e517081bb29f4fd078c30d8fd6fbae966bd7e689ae,10.6
2003-09-10 to 2014-12-31 (eleven years),257,16,0.02,1.5,-87.81959384128717,508,0.18110236220472442,-90.68218173615455,-0.6580159881064972,540a3cadbe842daecb1ac0a285a72063b70702c64765baf512c8dc7fb6aa56df,11.6
2003-09-10 to 2014-12-31 (eleven years),258,16,0.02,2.0,-67.66122190549926,410,0.1951219512195122,-81.6501441540811,-0.36082379466926656,4d0c3894e0ff3927209bcb45497ceba8066b88660c1a44f6777cfbf64411193a,13.9
2003-09-10 to 2014-12-31 (eleven years),259,16,0.02,2.5,-23.485436465908002,312,0.21794871794871795,-66.98621208844276,-0.02084733235465618,620a46acc5152a08ee2d8c8578066db505acae5a5d5497205d3bb55ab091fd44,15.7
2003-09-10 to 2014-12-31 (eleven years),260,16,0.04,1.0,-99.57045661719872,1013,0.16386969397828233,-99.60079611263772,-1.349285646069675,51e61de6e9925e6f1f8fdc06f4c52419b6235598ac4928c2fc8b38bc98b2906d,12.4
2003-09-10 to 2014-12-31 (eleven years),261,16,0.04,1.5,-91.99146479744942,770,0.18311688311688312,-93.25919434334085,-0.6154709635243755,382eaf8421712b9b83b770c25f625f527b70c5433c711a5fac08d09b82ee8e44,14.2
2003-09-10 to 2014-12-31 (eleven years),262,16,0.04,2.0,-13.977311212521712,516,0.21511627906976744,-65.36576226354546,0.09197132807049609,3f80c7671e0ff5db1e2dc2df28485b41492bf0d24f6216e20c4bc679508324ce,16.4
2003-09-10 to 2014-12-31 (eleven years),263,16,0.04,2.5,78.44951525525273,356,0.23595505617977527,-48.17884183044788,0.37884942892105145,ea497a323afe037d7977ff9b65a2431ae33a60acae01d8dcafd307a5756793ed,17.9
2003-09-10 to 2014-12-31 (eleven years),264,16,0.06,1.0,-99.5900810520004,1326,0.18250377073906485,-99.70752992266921,-1.042937192087288,5ff144037ce3f77a097e6fbe4e99f9b2092111318c7fc35664d854a29b90b8d9,13.7
2003-09-10 to 2014-12-31 (eleven years),265,16,0.06,1.5,-91.86548437628122,914,0.19146608315098468,-94.7768354960634,-0.5125957056822104,9446cb5ffe0ee3c7a10afc358764fdccf6ae9466fd083019f770bee39b42dc3c,16.2
2003-09-10 to 2014-12-31 (eleven years),266,16,0.06,2.0,-81.92685740617138,592,0.19087837837837837,-89.09668172716555,-0.43944323131186147,227c27b1b7f55d2ef3fd209e3cc039f5b309f901301b807d7151ca382c1b9f03,17.6
2003-09-10 to 2014-12-31 (eleven years),267,16,0.06,2.5,-43.408275050157144,392,0.2066326530612245,-68.29628174468797,-0.1110931446551092,14227aec7b0d8efc916c84ddb8e4b86668d18ab8aa61ecc43ec4e8f39a42b2c3,19.2
2003-09-10 to 2014-12-31 (eleven years),268,16,0.1,1.0,-99.83661176528857,1856,0.18857758620689655,-99.87845808684699,-1.0230387398131424,db26b00457c16e4b065181ab513e718c602673d43dd26d21e2f435d1cd8474e0,16.0
2003-09-10 to 2014-12-31 (eleven years),269,16,0.1,1.5,-95.73068767034579,1074,0.18901303538175046,-97.42057635431162,-0.5966894919317757,db6a215372411c0230c3b4f89e74e7866bf01c73419726da755ef32c1e77884f,18.5
2003-09-10 to 2014-12-31 (eleven years),270,16,0.1,2.0,-80.88672280507805,688,0.19622093023255813,-87.58370574155379,-0.37412417010016846,b8ef8d205938b58b70f9f2b695493fed3051a6df1f2f931d50b82e489e5d07b8,19.8
2003-09-10 to 2014-12-31 (eleven years),271,16,0.1,2.5,-39.2175247391932,434,0.20967741935483872,-62.2783844897757,-0.06770881613175625,96c9eb94ad235981509f3c9b81ec1a8f44408c23f13dab2528eb7dc5add04c77,19.8
2003-09-10 to 2014-12-31 (eleven years),272,17,0.02,1.0,-89.61470477602008,566,0.18197879858657243,-93.81555697353849,-0.6601071976092786,3af89c5ae091845e52ad2a990d12fe89b51cc269813d14659fb499d6d80a209a,10.4
2003-09-10 to 2014-12-31 (eleven years),273,17,0.02,1.5,-75.20747271224043,488,0.1885245901639344,-85.21315724241246,-0.41379627987617856,edbde601d0feb6213668b0a86792cf8f936b215ff3c68b8756d2a5ca0f7cb2b5,13.0
2003-09-10 to 2014-12-31 (eleven years),274,17,0.02,2.0,31.170202210668883,353,0.22662889518413598,-69.88145367674481,0.2439721309761997,2d687451daf7f6a5b155f24241f15c57ba0ed080a205fbb038caa5a17a6aa49d,14.7
2003-09-10 to 2014-12-31 (eleven years),275,17,0.02,2.5,47.32785824751509,270,0.23333333333333334,-54.376856958198694,0.3051203758417836,a28ddc4d8fcf4e2876675dbfc89a88be2f9441f73a862d85cb1946ad0b733020,13.6
2003-09-10 to 2014-12-31 (eleven years),276,17,0.04,1.0,-97.60496564402301,996,0.19076305220883535,-98.75064035839954,-0.7832650446753827,120626b79c731518fba3913d376eb8c9f4b14eaa133c34bdfb56b70b63eaab2e,12.0
2003-09-10 to 2014-12-31 (eleven years),277,17,0.04,1.5,-86.31253916497143,769,0.19635890767230169,-90.60430251945292,-0.4470573089266335,153913d13fb6bdf93101d210d5b2f3c124a75d69b733c137692c7570deeab7a9,13.7
2003-09-10 to 2014-12-31 (eleven years),278,17,0.04,2.0,-62.584339632982335,527,0.2030360531309298,-81.77105334535621,-0.210131618841062,0816637dbd19e959afff2e766ef1ebe2809728ca62326083601cddbd84f64cd4,16.6
2003-09-10 to 2014-12-31 (eleven years),279,17,0.04,2.5,-9.909618778331323,376,0.21808510638297873,-66.11465642922471,0.08079493738694024,55dd605c7a191120a1f69d08be5951d997cb39544c9f23b46ac6167e209a812b,16.9
2003-09-10 to 2014-12-31 (eleven years),280,17,0.06,1.0,-99.06161389365138,1309,0.18792971734148206,-99.55102404478563,-0.8451486533805151,5b9125f1c831f3a888a99919e635ef2d1914c807be5ba972e403d1b4ce56cb21,14.4
2003-09-10 to 2014-12-31 (eleven years),281,17,0.06,1.5,-92.69020851481929,904,0.1902654867256637,-95.62067376752003,-0.5535969711949749,d22acffe9086d2a17aca1727b248c2c5f6dbe4195661583448c37d740c084d85,15.5
2003-09-10 to 2014-12-31 (eleven years),282,17,0.06,2.0,-63.994728584398345,609,0.2019704433497537,-71.94711772255064,-0.19948070407732943,22dc895741b9a72a3a62ea115a88f2fe56ae5a83f115b25a8dece43eb40ae959,16.0
2003-09-10 to 2014-12-31 (eleven years),283,17,0.06,2.5,1.0386682403171381,392,0.22193877551020408,-52.21286371979566,0.1356941087007253,2157fefe3b75994318be02f0a94ec02d251081775d88f08f28f1b544f98f1660,17.7
2003-09-10 to 2014-12-31 (eleven years),284,17,0.1,1.0,-99.5555180834068,1822,0.19209659714599342,-99.8171214102701,-0.8044278129573869,deffe352677a9cb84bb282271160073c410bae3d8eabf35a1191e7ea9b46fe5e,16.4
2003-09-10 to 2014-12-31 (eleven years),285,17,0.1,1.5,-86.92561340097748,1120,0.20267857142857143,-91.24602967308559,-0.2975582882323656,129808dad9618ac8ea88f60634865175c9f28ccb63dbe65b58da877a1b3545ca,16.8
2003-09-10 to 2014-12-31 (eleven years),286,17,0.1,2.0,-43.697478037631626,663,0.2096530920060332,-74.57794433368983,-0.012171508577122963,66a1680a64d81f3da6dbb1bbff3802be09905364c61e71ce11b63434a558ac90,18.6
2003-09-10 to 2014-12-31 (eleven years),287,17,0.1,2.5,120.06769572302652,371,0.24258760107816713,-42.41773788923614,0.4592443720951021,c14602437c7c33e2628ab7db47f8b0d473256c3e23837490499cdd647991ca3b,18.7
2003-09-10 to 2014-12-31 (eleven years),288,18,0.02,1.0,-94.15299178488155,543,0.1694290976058932,-94.57465608615652,-0.973250330321832,53c259b64336b4596501c8ae710cbe8b59ecd1dc09437946f71a0b8411f859a5,9.5
2003-09-10 to 2014-12-31 (eleven years),289,18,0.02,1.5,-54.20668512782455,446,0.2040358744394619,-65.18577164039768,-0.1937421336979713,47670d98d48ed4a2570e4ac6f1135a6340b75766fba3b69ee5fcb1ea95fe3456,11.4
2003-09-10 to 2014-12-31 (eleven years),290,18,0.02,2.0,-26.23248653214706,333,0.2072072072072072,-73.43282596392122,-0.012892563415185994,8955dbc0d8f0084847b03fb24e200c378291c98d0edb50ce24957436c709cc85,14.0
2003-09-10 to 2014-12-31 (eleven years),291,18,0.02,2.5,-9.597037643748527,263,0.21673003802281368,-64.27736570165708,0.06074012679026978,064838dd81791a8ee80d4f46d68b4a6a3f4748d11a0e5c84f48a94d4f19fba8f,16.5
2003-09-10 to 2014-12-31 (eleven years),292,18,0.04,1.0,-99.22891655682241,971,0.17301750772399588,-99.32628860557313,-1.1736042663582797,58e215a105454bcdeb2234ddb96a5602f6ecfe31cc2d9119565d6957208ee153,13.6
2003-09-10 to 2014-12-31 (eleven years),293,18,0.04,1.5,-94.24333990916254,743,0.18304172274562583,-95.81982074477058,-0.7594558804603377,5220e6c67fee916dfcb53eea3c4987b92dea7f64d3379b07d8f4e0541601f7b9,15.2
2003-09-10 to 2014-12-31 (eleven years),294,18,0.04,2.0,-46.219583820456464,490,0.21020408163265306,-69.17152615274287,-0.0894143013813195,a1a7c601b6ea104c520b57401d3a76536a4e28ff1976c8ca1eb209a056d1f63d,16.5
2003-09-10 to 2014-12-31 (eleven years),295,18,0.04,2.5,-32.96448803773135,374,0.20855614973262032,-62.35546906982019,-0.05269694219045606,bed6d2d08eee31481fbd26f6c30b87770256393cc712097af51ad4856bf9e3f8,18.3
2003-09-10 to 2014-12-31 (eleven years),296,18,0.06,1.0,-98.71558552840793,1289,0.1947245927075252,-99.25970387311574,-0.7726428834938359,b6336af4d9865dad0f82269ecaba8380a584380700349cd630192f6e4ca7bd33,13.2
2003-09-10 to 2014-12-31 (eleven years),297,18,0.06,1.5,-58.01093428504777,838,0.21360381861575178,-85.4260674045774,-0.05820507105360938,1bfc62574a88ba1607e6fd58dcf7f8676e19582d74a2cfd1e45d4c460f47b786,15.9
2003-09-10 to 2014-12-31 (eleven years),298,18,0.06,2.0,-40.980229166872086,563,0.21314387211367672,-74.96642617692156,-0.01981854683405247,db11a7766247c62820f2e688fb43d6cd6ab232431d95c36f7fdb49ea7f07665d,17.3
2003-09-10 to 2014-12-31 (eleven years),299,18,0.06,2.5,79.06002071128081,361,0.2409972299168975,-43.089257822586816,0.37936261757370154,52f9c66a872bca4e1a7a857a8ed594b64051604108e83cf432bb7ff9b13044ca,18.1
2003-09-10 to 2014-12-31 (eleven years),300,18,0.1,1.0,-99.8299056279254,1793,0.18851087562744004,-99.91219361493678,-1.0645952390997595,aa63d4d4cbaecea1c83f984a642df94eca1056e88b3497252bfb60753092d093,15.5
2003-09-10 to 2014-12-31 (eleven years),301,18,0.1,1.5,-97.5907839080972,1117,0.18889883616830797,-98.368771383965,-0.7396401293402982,647657557920eed43792062286e164142a3754f6f0f9ca60a85a0ad8502b76d3,17.1
2003-09-10 to 2014-12-31 (eleven years),302,18,0.1,2.0,-68.89264493675212,662,0.2039274924471299,-83.97055329975984,-0.21864616683769786,929e88bcc9c5357a40d350bced7480d1cf6e32362e328ecbcc772eb61a0ba87c,17.4
2003-09-10 to 2014-12-31 (eleven years),303,18,0.1,2.5,-51.901833540795074,420,0.20238095238095238,-69.98504132488097,-0.16710284459045477,be0dd0f28fc80c2e25d75a722d669892efa9d079e15d3fb2bea183d5a1c796f0,18.9
2003-09-10 to 2014-12-31 (eleven years),304,19,0.02,1.0,-95.1849172910442,536,0.17350746268656717,-98.08300965541511,-0.9036948427699559,fccf31137b4636dac40af7ee184063c3f0187891fc4113d51b72396078873699,10.1
2003-09-10 to 2014-12-31 (eleven years),305,19,0.02,1.5,-79.96992448364922,455,0.189010989010989,-90.15908949478873,-0.4645780011796107,06242f824e09512dfb0b646422e57cf888d995058783fecf514de52a91ac464e,11.5
2003-09-10 to 2014-12-31 (eleven years),306,19,0.02,2.0,-75.6752599035746,379,0.18733509234828497,-85.8120115360937,-0.460049427377434,1bcfeb94e579f7e25694f7904f826166a80651896ceef8a8c6db4a97b4849efc,13.1
2003-09-10 to 2014-12-31 (eleven years),307,19,0.02,2.5,-79.16409224622198,310,0.17419354838709677,-82.43877432033385,-0.6374100262103108,cab2ebcd874c0617097a16fc7e5c31d0205990d51a460aa9c4992767c2c14e90,14.6
2003-09-10 to 2014-12-31 (eleven years),308,19,0.04,1.0,-98.94824724839489,993,0.18026183282980865,-99.34313782698288,-1.0246002859596532,a32b99fa11bb2585d708c17cf2732f967543d61ebeb55365a0ab72f3831b3210,12.3
2003-09-10 to 2014-12-31 (eleven years),309,19,0.04,1.5,-89.28836046443818,755,0.18940397350993377,-92.23887432340669,-0.536871425008057,9b912e7870d37872630624aa231f3a90f7ffcc0a3fee7730f7bf308a1df3c6ba,14.6
2003-09-10 to 2014-12-31 (eleven years),310,19,0.04,2.0,-76.08363224594488,532,0.19548872180451127,-78.75215425557994,-0.3752807575201282,e10853b0419f4043d87dd78f5e27a63a1fa85aeaf4c78358b7e043c413b11a4b,17.1
2003-09-10 to 2014-12-31 (eleven years),311,19,0.04,2.5,-12.937560113123666,369,0.21951219512195122,-66.7536876157462,0.06654904438339543,3aa578544c9a1981c964722a9a155cc308fab40746360ac7c22e45320fe1d8b9,17.7
2003-09-10 to 2014-12-31 (eleven years),312,19,0.06,1.0,-98.76948970808583,1321,0.18925056775170326,-99.43182962349975,-0.7771885173266041,b0711828f4d6687b9650e686639d0fc013f83c5a3458d9cf4b270ec97f63fd8b,15.0
2003-09-10 to 2014-12-31 (eleven years),313,19,0.06,1.5,-90.11092743339306,864,0.19212962962962962,-94.27856328519783,-0.4619421712213562,50c117ddfb828a03223165fef101270e80240b225db8ef8b7f6e4e7831f1ebfc,16.0
2003-09-10 to 2014-12-31 (eleven years),314,19,0.06,2.0,-24.486985854665093,546,0.21428571428571427,-60.906660214362596,0.05494824687505617,b13808edf4cd28875153b533452822c3f6357d1a451b6766b213edc6ec7dff97,18.1
2003-09-10 to 2014-12-31 (eleven years),315,19,0.06,2.5,-12.979799497614977,369,0.21680216802168023,-58.32142463466099,0.07023511755113038,de59e62ce7a1547f7a95c2cdc3af78ef84e32d482f08af78008ca432fe56f650,19.2
2003-09-10 to 2014-12-31 (eleven years),316,19,0.1,1.0,-96.16095409937377,1777,0.20596510973550927,-98.5910800521396,-0.3827740594783706,5f01f1b30e1a18ee8f2ab7d9be97863464340f540b148bc58f1509a9d0f60c49,15.1
2003-09-10 to 2014-12-31 (eleven years),317,19,0.1,1.5,-91.41658428506693,1034,0.19632495164410058,-95.33492917653044,-0.4325697840044008,d52668d418a2b05329a272d8e992c7883123c1ab6625c06c45e4209580d48f53,17.4
2003-09-10 to 2014-12-31 (eleven years),318,19,0.1,2.0,-57.698104352127885,609,0.20689655172413793,-81.73780416174183,-0.1358542414131687,b8fc7df815a3a94ae557f78af75a10dff56f7cc21ebf51a6c9e6e7aacda3b49a,18.8
2003-09-10 to 2014-12-31 (eleven years),319,19,0.1,2.5,23.50241181569135,417,0.22541966426858512,-53.604485074546496,0.2197222964853662,fae974d2c62311bf779a8f1e8806c26b90db7a4aae33b07e10298355b8922e29,16.6
2003-09-10 to 2014-12-31 (eleven years),320,20,0.02,1.0,-94.61953367127383,569,0.1704745166959578,-95.60386371698849,-0.930543645356231,9d3198f7000a6d9a7ed285158b406586b23c79fcbb8dd0efc953bf89c9ae8cab,9.3
2003-09-10 to 2014-12-31 (eleven years),321,20,0.02,1.5,-62.68202947824294,459,0.20261437908496732,-77.81888504500313,-0.25754694256995453,4f675dd8e1bb84104fca7c0b887efb2b5b4cc0745f30b00075a3e44866c2270e,12.7
2003-09-10 to 2014-12-31 (eleven years),322,20,0.02,2.0,-39.00914544339582,349,0.21203438395415472,-54.72086082582752,-0.10105705871180687,5397acd56dc759be87689a731e29b36b08bbbf7a1750490a381e4c0da337c557,13.8
2003-09-10 to 2014-12-31 (eleven years),323,20,0.02,2.5,1.6215505086900635,241,0.22821576763485477,-36.62265284768519,0.12065154318765502,89c08b61b752d639810d349b00a5d9095d8c9728ec7c5b1fcdf3bc20de2be434,16.3
2003-09-10 to 2014-12-31 (eleven years),324,20,0.04,1.0,-93.5297659558041,960,0.19270833333333334,-95.31019307817263,-0.5472899995633981,ec5f7558690fafa2050b835b0d0a797d60a6f946a543df5ff8390f30fd2cf751,12.5
2003-09-10 to 2014-12-31 (eleven years),325,20,0.04,1.5,-58.99220049271485,703,0.20625889046941678,-77.55457987965964,-0.1120184048775148,4728e0a9bf964c01c2951fb6f76f667d0c956aac1d8945366f5ac8b1bb293127,15.1
2003-09-10 to 2014-12-31 (eleven years),326,20,0.04,2.0,115.84042873168752,479,0.2359081419624217,-64.87561810486896,0.434786873005938,c14c9c3d168e75ee3701548d8913242db77d2bdba6c748788277331d968a71aa,15.4
2003-09-10 to 2014-12-31 (eleven years),327,20,0.04,2.5,18.624181743511624,327,0.22629969418960244,-39.80952688160777,0.19921902570632138,6f210bc20bfc907e7eed339cd86d4f1c77956228bc101f0ba10431048a9f11f7,17.0
2003-09-10 to 2014-12-31 (eleven years),328,20,0.06,1.0,-98.26468744268253,1311,0.18993135011441648,-99.36345054369983,-0.7138051158739385,1f52614d3c1f2c7816a402e56ce9d41e03431aad86e019700e912b4a04c7c3e0,13.4
2003-09-10 to 2014-12-31 (eleven years),329,20,0.06,1.5,-89.7713809750573,887,0.1927846674182638,-96.65618173687494,-0.4729315477498461,da5e1e5e01ccf52fc5a9b3cf1c9ffe989aee7bafb82e08daa357a75425944e63,15.3
2003-09-10 to 2014-12-31 (eleven years),330,20,0.06,2.0,-54.01088283563896,587,0.20783645655877342,-87.00863633003078,-0.1158142986762293,97f0a2cc2cd80bd2ae7602b0b56e1ca2d1401e623cccb74bf92c35897a5bee70,19.6
2003-09-10 to 2014-12-31 (eleven years),331,20,0.06,2.5,11.522866533276819,423,0.2222222222222222,-58.71715912977131,0.17547329128633474,b6badc98efbddd65f026538adb875dfdd4470d5048204ac5ddc62283c2e46221,20.3
2003-09-10 to 2014-12-31 (eleven years),332,20,0.1,1.0,-99.81843699584367,1784,0.18778026905829595,-99.91391219087095,-1.0310757722950548,6309678483bd6be7853fce823adabe2f80a4ad71b4833fa3fe4ddba60d82f252,18.7
2003-09-10 to 2014-12-31 (eleven years),333,20,0.1,1.5,-89.08781919775983,1014,0.19822485207100593,-96.15507809607618,-0.37679116718308064,e0cf53c1aa7e41db8eef7c8e46486658874ebded70deec229026579f00f90ee4,20.1
2003-09-10 to 2014-12-31 (eleven years),334,20,0.1,2.0,-42.88520985390398,621,0.2109500805152979,-68.01207936038287,-0.029358841446545682,0ed79812adbd32533b02278a214952ac081dda9f9acb48070101c846b873d8a9,20.7
2003-09-10 to 2014-12-31 (eleven years),335,20,0.1,2.5,-20.01702815425633,400,0.215,-56.68891972625752,0.03448967505027997,ade99c4964602850753a56241b9188d55597c558df67a2a7dba44de476369192,21.2
2003-09-10 to 2014-12-31 (eleven years),336,21,0.02,1.0,-94.33950106190252,622,0.17684887459807075,-96.14898116195377,-0.8075509205209147,0ab88236e281741983f47100380886d0a2552948fd54b428a52ddb44bdffcf46,11.1
2003-09-10 to 2014-12-31 (eleven years),337,21,0.02,1.5,-87.22976173584424,490,0.17755102040816326,-90.948814685194,-0.6370580672172429,633442264b4f696b95f852d9cb75a9d978bd48c4c1c85f172a243ede10fd45aa,11.7
2003-09-10 to 2014-12-31 (eleven years),338,21,0.02,2.0,-37.6750564827432,408,0.20833333333333334,-69.14548116117516,-0.06980533962495701,d8cd1fc45107e6a37cc0b0a1c804b2657856f9561fc31a856b124fc58ac4cfdf,13.1
2003-09-10 to 2014-12-31 (eleven years),339,21,0.02,2.5,51.21637523435631,281,0.23487544483985764,-51.54081975837394,0.31117545861627083,7ef145daa4bbf400bc1d556ec2a10c06e671459edc4be9701a1019955ad700e6,15.1
2003-09-10 to 2014-12-31 (eleven years),340,21,0.04,1.0,-93.75607495396955,976,0.19672131147540983,-97.0379452467647,-0.5355442789907694,5a9a3aa29774fe1be58da94fa984693eb1af3b2df4b224b49d5453a5e2da0ab2,12.7
2003-09-10 to 2014-12-31 (eleven years),341,21,0.04,1.5,-73.10283362321506,717,0.20502092050209206,-82.68835553302392,-0.22979897272295896,9145fc0f0a33585fadc015a1c8729ff22b0d6316ecae138566bb3b33c868fbef,13.9
2003-09-10 to 2014-12-31 (eleven years),342,21,0.04,2.0,25.892378426299928,485,0.2288659793814433,-65.10752352806888,0.23268674992241342,4b214b15f413df80755da09b66a684c89c7c8d8f7b07738d49f361895fabf1e0,17.4
2003-09-10 to 2014-12-31 (eleven years),343,21,0.04,2.5,25.001276753710282,343,0.23323615160349853,-59.626811008430835,0.2226463618278082,322065324ece08ad1700740e254ed29893fea29b7d8d1e11ebe5e701b39ebe43,18.5
2003-09-10 to 2014-12-31 (eleven years),344,21,0.06,1.0,-98.59151344837717,1369,0.19357195032870708,-99.38597675830295,-0.7857561151767362,7b4db08084af3aafeef82c33046ddc6d2151608a5a7872bfacf6f16168841d35,13.7
2003-09-10 to 2014-12-31 (eleven years),345,21,0.06,1.5,-69.98233693164399,922,0.20498915401301518,-93.24221745256767,-0.1435273316198226,33fb556ed49f8aad51f26cdbd4bbdf4537eb8221a5200ef9a691507636eb426f,15.4
2003-09-10 to 2014-12-31 (eleven years),346,21,0.06,2.0,-57.22131830959133,598,0.205685618729097,-76.88541109303418,-0.1287517823662287,9a2612cbdcea0bbe778a63d1e781dd4b6f7a97bf1f00b202285af6102a0584a7,16.6
2003-09-10 to 2014-12-31 (eleven years),347,21,0.06,2.5,50.819753105570044,383,0.23237597911227154,-56.90958413774989,0.30338511374925164,51695e410043ba85219353e28dac105a522aca3f036ec30da8a31ac2b4dba62c,19.1
2003-09-10 to 2014-12-31 (eleven years),348,21,0.1,1.0,-99.82674603417139,1843,0.18773738469886056,-99.88817016382919,-0.9979082225571798,a3115ce6817fb4b601dc440871349ad583decb89cf127d23a7b014e5dd8949a1,14.6
2003-09-10 to 2014-12-31 (eleven years),349,21,0.1,1.5,-94.98743327615718,1024,0.1904296875,-96.33965251281789,-0.5746800261344761,e31328c8cadd4962f558ff7a2d6653ea0fa2667ce465b6ea93a9b7fe5407b2f3,17.0
2003-09-10 to 2014-12-31 (eleven years),350,21,0.1,2.0,-32.09061181228016,615,0.21300813008130082,-67.33349572513222,0.026369462530246163,da215f82a3ae6d077d30361fdf9612f96caf1e660e738ceddc1284835d522b97,19.0
2003-09-10 to 2014-12-31 (eleven years),351,21,0.1,2.5,56.15845199837762,385,0.23376623376623376,-53.8479809301629,0.3190717315665448,e5f77403e0ab3c20b8736a5dcf578ae021590a794e6335d5f11e2ce0f675f088,19.7
2003-09-10 to 2014-12-31 (eleven years),352,22,0.02,1.0,-75.69759811505944,554,0.1967509025270758,-87.45804512885445,-0.3473622766722279,be6244e94f129c14c97a0df683a61a52ff7f48d6bc916fd298dd9cb37ab2f0ad,10.5
2003-09-10 to 2014-12-31 (eleven years),353,22,0.02,1.5,-89.28758116456386,464,0.17025862068965517,-91.6515901387319,-0.6873956490231665,6def5a59493f36f1b9f790f4419fb8425018065d04ab5e286bce461cc784a2fa,12.0
2003-09-10 to 2014-12-31 (eleven years),354,22,0.02,2.0,-56.61068865458103,362,0.19889502762430938,-73.88236078984205,-0.22383198244708816,3867ba3096e184e22c594aca5d41bafaba81b4e1a6c246e143034c5b93be509f,13.8
2003-09-10 to 2014-12-31 (eleven years),355,22,0.02,2.5,3.496949517121095,284,0.22183098591549297,-55.49675389475879,0.1299596145808456,c37ed471bac5b467beea3758e2ad9c3fa14c9527c74ade27ecd0c3bc47c28199,16.2
2003-09-10 to 2014-12-31 (eleven years),356,22,0.04,1.0,-98.88687246246988,962,0.17463617463617465,-99.18758724887336,-1.0456003611898064,eb87fba876f8d66e9bf95461c342f044554a52e0848b85093391baadf5cf0ec0,12.8
2003-09-10 to 2014-12-31 (eleven years),357,22,0.04,1.5,-54.91850641053557,718,0.20612813370473537,-78.43862132032461,-0.07490825155311016,f993fe779f3d7ac73fdf94605f9e092db2c8439e07a194ebd68c4c201971d6d6,14.5
2003-09-10 to 2014-12-31 (eleven years),358,22,0.04,2.0,-17.467410510927923,479,0.2150313152400835,-76.04712868581854,0.07155247947293779,d13471ea8028c2f3f5098e905df2bfe724156c47d21c73d5a31e91c6ce7042cd,16.6
2003-09-10 to 2014-12-31 (eleven years),359,22,0.04,2.5,-14.160926569098095,353,0.21529745042492918,-68.3327657337173,0.05050410747588844,98fa485a1c3d7a9c19fe9dc1f4e88f1d9db4652a1a777342cf4bea0ebd3123fe,17.4
2003-09-10 to 2014-12-31 (eleven years),360,22,0.06,1.0,-97.97999133354908,1316,0.1952887537993921,-98.58623929657413,-0.679262152676818,dd205edc8e6dba4b02c4a4dd43c29cc14a28395c7819d82b8b1794e6ea7756bf,13.1
2003-09-10 to 2014-12-31 (eleven years),361,22,0.06,1.5,-82.4881089479676,910,0.2010989010989011,-90.2029982584356,-0.28098976410785326,78deba42d45054ec9fb834015a42803d22d5cdafd0779afba824a207fb4017e3,16.3
2003-09-10 to 2014-12-31 (eleven years),362,22,0.06,2.0,-56.836828562246666,610,0.20655737704918034,-75.42822370996475,-0.12570085218745256,15376eff9153e9f86dc8b6a8908ab8070502c6853303fe60efbb3d452e538d86,16.8
2003-09-10 to 2014-12-31 (eleven years),363,22,0.06,2.5,6.67036589349229,399,0.22305764411027568,-56.31403656402003,0.1597289054000727,7a802c85edaaa3e3de0bd1406432af55cb51a29bc200135baf04507d4d88c09d,17.6
2003-09-10 to 2014-12-31 (eleven years),364,22,0.1,1.0,-99.92986620443469,1823,0.18266593527153044,-99.9575406481156,-1.1963797303052097,e7845ce012100ff95426623b36289a857eb8fc688e24a51ce45eafa43b072e96,15.5
2003-09-10 to 2014-12-31 (eleven years),365,22,0.1,1.5,-88.67714441474736,1083,0.19852262234533702,-94.08831673074413,-0.35030187755592396,3ca143216b444588be012dd99fa8eee3593ded0afa79f35737dea10d9fba7b2e,15.6
2003-09-10 to 2014-12-31 (eleven years),366,22,0.1,2.0,-7.612802557844398,651,0.21812596006144394,-74.5286578002188,0.14665496781286355,1c4e3b416a24a29819e8b197d7dcf4b2c518e0ae197f1a4889693c9f3ec98d85,18.4
2003-09-10 to 2014-12-31 (eleven years),367,22,0.1,2.5,19.601513126689966,422,0.22511848341232227,-57.5737288773577,0.20742096444202654,dcea3947f689deea6426b1687b091d6873a1ed061f62d52b17302d02e14f3eee,18.8
2003-09-10 to 2014-12-31 (eleven years),368,23,0.02,1.0,-93.55183847966657,616,0.17694805194805194,-95.27237273392501,-0.7956918474402428,6f8a8b3b6505f63d0ba30274eed3d5ec9d4843304ebac01007815809c4965270,10.1
2003-09-10 to 2014-12-31 (eleven years),369,23,0.02,1.5,-94.05062163290015,504,0.16071428571428573,-95.13537029343682,-0.9449568299930696,4a7833616ed192e7397294f83189037aa71c8961b46fea90d4d00cb50ae6208d,12.0
2003-09-10 to 2014-12-31 (eleven years),370,23,0.02,2.0,-58.736389988794194,394,0.19543147208121828,-72.67195684900325,-0.2306338222275011,d167b53748ab188ec26d9bffad3c9c20f7ed7f1f0891b5b3c98e8939cbca4534,13.1
2003-09-10 to 2014-12-31 (eleven years),371,23,0.02,2.5,-37.4230817004268,307,0.1986970684039088,-60.32032030819596,-0.10608224337831439,994141e644c55387639a53753f669c975c4a5a2537a48593a06c47940f99babc,14.7
2003-09-10 to 2014-12-31 (eleven years),372,23,0.04,1.0,-94.35560080301744,1023,0.19550342130987292,-97.18829350523013,-0.5270253427706587,09ec4ec3a70978c3cf52aeb1672762676b2c1fdf473ffc12d8c0d66554b8e69b,12.2
2003-09-10 to 2014-12-31 (eleven years),373,23,0.04,1.5,-87.98557950389345,771,0.191958495460441,-92.98625179055637,-0.4532579559661099,c5e74fb4a39e84ee894a86e490abefa4e52b0ad3bb31ae44762ba2c7372ceb69,14.8
2003-09-10 to 2014-12-31 (eleven years),374,23,0.04,2.0,9.8654829912272,501,0.22554890219560877,-67.07600932166247,0.1839959936539155,d7d2e43035fed41e10ccb6fb38923afc1ffdc33a9a5d5c25469dc426fd938dad,17.7
2003-09-10 to 2014-12-31 (eleven years),375,23,0.04,2.5,-8.610884713260857,368,0.21739130434782608,-65.19510785180988,0.09043715052843596,7fe9a4e2b3a057a3e2f6c1a1c74bc459d83b02e97bc27a1e8c17de57c6ba842e,17.9
2003-09-10 to 2014-12-31 (eleven years),376,23,0.06,1.0,-98.8711327716621,1329,0.18811136192626035,-99.31161106120092,-0.8301951082959879,263890da3db0f2c6b4f42aba4ca57f9a4631ec8f46115a7a82e034f2f08b328c,15.2
2003-09-10 to 2014-12-31 (eleven years),377,23,0.06,1.5,-92.54862002923984,882,0.1893424036281179,-95.32254179679761,-0.5506362446594212,0287e8cf97bc9338143ab42e268acd51942745b31ca51ad4cb8c83d1458650a3,16.7
2003-09-10 to 2014-12-31 (eleven years),378,23,0.06,2.0,-62.801031255113706,590,0.2033898305084746,-84.96593176382478,-0.1788456394194702,f92ef35e2b15c352230f8e5546e4d1bcee508c485533def3509eaaa4980869dd,18.0
2003-09-10 to 2014-12-31 (eleven years),379,23,0.06,2.5,-26.118757939268487,379,0.21372031662269128,-60.677160521730244,-0.004537235652040797,fc86e6d4655556c4abf5241f6b5ad496a1327c8db7a3d1582c46a827fca73568,18.4
2003-09-10 to 2014-12-31 (eleven years),380,23,0.1,1.0,-99.90374642569266,1785,0.1854341736694678,-99.94136409351846,-1.1639728550478827,48cc1660e7feae74d18c2e4326485b065bc567b79d4beecfb4b51b13b123db13,15.4
2003-09-10 to 2014-12-31 (eleven years),381,23,0.1,1.5,-94.70349214565671,1041,0.19404418828049952,-97.786173314931,-0.5779179207137107,2f4980f7a6c9ada1bc89e1de7b94893ef251829be86af9dcb1f687b85c1f3241,17.0
2003-09-10 to 2014-12-31 (eleven years),382,23,0.1,2.0,-17.766370357007997,663,0.22021116138763197,-69.62594951755,0.10476778314747678,bbd281efb43b6c2ce05b7c1a669282d699ba2249c30e041658e2fe6e47a8e3a5,17.9
2003-09-10 to 2014-12-31 (eleven years),383,23,0.1,2.5,-6.695031553739636,421,0.2209026128266033,-57.05122880146716,0.10345250217457327,07fe351d1033e6fefe6d22f7ead6a91dab9429f7fe06833e8e0ada500e55416d,18.3
2003-09-10 to 2014-12-31 (eleven years),384,24,0.02,1.0,-93.96306489054183,589,0.1799660441426146,-96.47336604935475,-0.8471290136275818,3080c0e739e7ed47b380eda49a0213914fce4693603e4b478267172ef6b0330c,8.9
2003-09-10 to 2014-12-31 (eleven years),385,24,0.02,1.5,-77.08216173351684,453,0.19205298013245034,-86.03233419397822,-0.4250959576305108,2499f1d62c79b32dc345f3de74c669a97f3329c1842df1af73f3694708f6164a,11.6
2003-09-10 to 2014-12-31 (eleven years),386,24,0.02,2.0,-64.20207007745383,363,0.1928374655647383,-77.81327736366039,-0.31582692739718915,66c8d1818cfd2302b4d1c9cbe237f49508531ca6e417412256b9c0e5a2a9145d,13.2
2003-09-10 to 2014-12-31 (eleven years),387,24,0.02,2.5,-33.25745621858772,285,0.20701754385964913,-69.1352158303615,-0.08000288558089716,e5886534dfd00009b44db82fae34f5adbc3b8ed3fdab755dc9be980a4de45a9e,14.8
2003-09-10 to 2014-12-31 (eleven years),388,24,0.04,1.0,-98.21898117686578,986,0.18255578093306288,-98.90513522514563,-0.9023162241426154,e5e3449e995e640eddbd6a8118b1317562c010bf15696da5a861899211354570,12.1
2003-09-10 to 2014-12-31 (eleven years),389,24,0.04,1.5,-64.55618602522853,729,0.205761316872428,-82.82317412317958,-0.1540471967483132,a3c6e2c717e883afd3f40665f0544e6c2d00541ed0d8ef9f71e864e8e4af9ec1,14.2
2003-09-10 to 2014-12-31 (eleven years),390,24,0.04,2.0,-58.195288891688215,521,0.20153550863723607,-78.36373533858007,-0.17829894683289432,852c17f0cc85fae579d25053cf7530db9367d321d2ff4138fc767d4821f079e0,16.5
2003-09-10 to 2014-12-31 (eleven years),391,24,0.04,2.5,7.094756788683303,381,0.2204724409448819,-47.88155857933376,0.15771878275241233,84bbdda76521eb0e244e405890d4386e679124f57285f13ebf4dc41a27034cd8,18.5
2003-09-10 to 2014-12-31 (eleven years),392,24,0.06,1.0,-98.16185636357724,1290,0.19224806201550387,-99.03463143304508,-0.7318767551119192,ee70845051f111bff39db0fef003028c0beda1f64304c08695765760f68bc89f,16.6
2003-09-10 to 2014-12-31 (eleven years),393,24,0.06,1.5,-86.38253211828045,885,0.19548022598870057,-91.39367894244704,-0.38171073642483855,e02e9ebf388af3d3eacd0ca7061698f168ccf32abcc33f66ba48c8b3b50907b4,17.9
2003-09-10 to 2014-12-31 (eleven years),394,24,0.06,2.0,61.043934806264446,565,0.22831858407079647,-67.4328211720703,0.32360931880783206,3d4fef5dd20c20347ac226bd41021fa3c74eab378bbbdecf923f664a68f055c0,19.1
2003-09-10 to 2014-12-31 (eleven years),395,24,0.06,2.5,81.329808011012,410,0.23170731707317074,-52.74340099029421,0.381200115275862,cf2378a6eac78ac0048aa829373034df549aa1742f323d8d2f9293e324bd6402,19.6
2003-09-10 to 2014-12-31 (eleven years),396,24,0.1,1.0,-99.98110169997744,1834,0.17611777535441658,-99.98946606609628,-1.4345081174631373,732ffabc39cf3eda8fd5ca1b8df270c0d8b6dec8692f8650c339adc7fdd8f747,18.2
2003-09-10 to 2014-12-31 (eleven years),397,24,0.1,1.5,-95.80228145840906,1085,0.19170506912442398,-97.49557179427065,-0.6001575834218573,827367273faade74d30d15b58ca1e706a896fe6da193dc23bab2549c28c96bb9,19.5
2003-09-10 to 2014-12-31 (eleven years),398,24,0.1,2.0,-43.69294533074758,638,0.2115987460815047,-81.4745902399677,-0.027195715196402098,b2e076879bbb267975a6c593e3dde209c425227c0ff9e94e9843b2b73d08dcdb,19.6
2003-09-10 to 2014-12-31 (eleven years),399,24,0.1,2.5,18.233655015082707,433,0.22401847575057737,-54.13141302385158,0.20687624723118445,32eae224dfae240c1c202b1e265ad98e3d4c5b627f12f4d9f4d1e84b6f49cd7e,21.7
2003-09-10 to 2014-12-31 (eleven years),400,25,0.02,1.0,-91.05619928972887,547,0.1773308957952468,-91.91354584866899,-0.7679203454440909,6d1a02a61f79b326d6c4de8d111e6897c854c6f6a95d4a912b4106816af67c3e,10.8
2003-09-10 to 2014-12-31 (eleven years),401,25,0.02,1.5,-86.79760091210188,467,0.1734475374732334,-88.1997589914208,-0.707219675385073,58ce2476b71167596904e616da67010e97686b3004f2a82bd864b8703e0e2952,12.1
2003-09-10 to 2014-12-31 (eleven years),402,25,0.02,2.0,-64.39025863162587,362,0.1878453038674033,-74.28668406226197,-0.3438865956864421,df8f021dd0207fb82875b96114548eb3d74cbec10078b32232aee0a0e32d6d27,14.8
2003-09-10 to 2014-12-31 (eleven years),403,25,0.02,2.5,-46.40966717581006,282,0.1950354609929078,-65.63923585000552,-0.20647124942420605,9ae84cfd15e000f8a8647380b74c3a7b2233759da3385eda4b10f4f826f31862,16.3
2003-09-10 to 2014-12-31 (eleven years),404,25,0.04,1.0,-98.47933909282528,1024,0.1806640625,-99.12013197805848,-0.8739555605360707,bb338638b4ec2e9a1a329f8a0682765950caeedd2ecb0c6c3436d3d70db3f992,13.7
2003-09-10 to 2014-12-31 (eleven years),405,25,0.04,1.5,-92.94365823911347,771,0.18417639429312582,-94.86860555376437,-0.6370562073192831,0244ba19877ba0a671bb21ff2c8a4a5d31e77052bb986ac044775942dfd05034,17.4
2003-09-10 to 2014-12-31 (eleven years),406,25,0.04,2.0,-77.56252277585958,553,0.19168173598553345,-86.2508286603585,-0.4018191199543558,757845a0e9275cb25b3956585a11922096cba72e9bf3050a2697449f8a876bd2,18.6
2003-09-10 to 2014-12-31 (eleven years),407,25,0.04,2.5,-28.813232097563013,365,0.21095890410958903,-53.96407272516803,-0.025963812523334764,dc5773bdecb98639884a62d093125aa7ead6c29992495edd8d87e0eb85a780ac,19.0
2003-09-10 to 2014-12-31 (eleven years),408,25,0.06,1.0,-99.1533427710625,1313,0.1865955826351866,-99.63536570900267,-0.9318585652825481,663b2e5cf8756ba2ec85ac36436aa9079ccd3e0dcdeacb085b4e98933dd4d44e,14.4
2003-09-10 to 2014-12-31 (eleven years),409,25,0.06,1.5,-16.83148105578286,899,0.21802002224694106,-82.00488429071216,0.14183962273360334,306730ce2f9d584d6621b931a6f662b4bb9e17bc9e5d4514c4991495a440deab,17.4
2003-09-10 to 2014-12-31 (eleven years),410,25,0.06,2.0,-34.22825417431856,594,0.21212121212121213,-81.70231830079923,0.014006848059380924,acc5d9363e9b722c14dd4d6f5fbb51691e60bd3d61c0babeb53220b1247a1ccc,18.8
2003-09-10 to 2014-12-31 (eleven years),411,25,0.06,2.5,15.53653868022985,396,0.22474747474747475,-66.87214070925019,0.1908575110585676,19116a10f40ca2f4617961113f0b60d1300cb2833d22e49a8d683c3cf253d673,18.0
2003-09-10 to 2014-12-31 (eleven years),412,25,0.1,1.0,-99.92404019300136,1815,0.1834710743801653,-99.96478667130097,-1.1647443533945196,c6612b5619ef8fbf950b3d094b34f5759d120f22b480401b421f3d63bf812cab,16.0
2003-09-10 to 2014-12-31 (eleven years),413,25,0.1,1.5,-90.65651848142359,1086,0.19613259668508287,-93.72545009373069,-0.3996345225466846,c54ec1fbcf6af6b2766d5f73113a506a025c1cdb1de88d3ef2cceb2c9c52edff,19.0
2003-09-10 to 2014-12-31 (eleven years),414,25,0.1,2.0,-37.69910270167565,659,0.2109256449165402,-61.22221449426206,0.014081411016976263,806e48d30afcc324e20ee060ae5b1dfe85a577e0fb9bb64c949b1f630203d443,20.0
2003-09-10 to 2014-12-31 (eleven years),415,25,0.1,2.5,9.535085626909176,440,0.22045454545454546,-53.176028957926036,0.17024950119927568,0e358a5042389e280e1b348148c8dd110d7283c573b952ed74e8648367aec2e4,19.7
2003-09-10 to 2014-12-31 (eleven years),416,26,0.02,1.0,-98.69253523695878,581,0.153184165232358,-99.11452548167219,-1.418378497375297,88afcf9748dfebcbcfda3509568aef3e42bc4018dddd41fac1cacd5a22c72779,10.5
2003-09-10 to 2014-12-31 (eleven years),417,26,0.02,1.5,-91.11159735094773,494,0.17408906882591094,-94.35502041568387,-0.8269390995799727,001055686e6c24bebba186df6b011e760286c314c6a1f9c6db7266fcafb09d30,12.7
2003-09-10 to 2014-12-31 (eleven years),418,26,0.02,2.0,-67.02641929040581,394,0.19289340101522842,-75.12560467535137,-0.3603846902418386,3bee4683ef7a7b0b565f30e898497a9c72ec5144a8e376531b1a0cdadb6a8977,14.6
2003-09-10 to 2014-12-31 (eleven years),419,26,0.02,2.5,-73.13504524116291,316,0.17721518987341772,-79.35715713799706,-0.5276383202758989,544ceb73c5f00e8b529c2b30966b033c7b50f559db4d7f5333c10f049f93151f,16.1
2003-09-10 to 2014-12-31 (eleven years),420,26,0.04,1.0,-99.46929076470565,962,0.1683991683991684,-99.63920641750394,-1.223753798478298,a66240189504aab32c3b089b5ac19dbc1181e476da8a28819af9d53973b72e75,13.0
2003-09-10 to 2014-12-31 (eleven years),421,26,0.04,1.5,-90.41232532880693,698,0.18911174785100288,-93.16307474241184,-0.5785295334546341,d1d2591023ecfd0c3e88c7a8428249444ee551c68cbae46c31e6cda426366047,14.6
2003-09-10 to 2014-12-31 (eleven years),422,26,0.04,2.0,-44.18989141932644,490,0.21020408163265306,-65.3892945403628,-0.06893241920691769,4881a66cb51bd6b64718afef43cdf2bad164a4333b0d9a32e32a18d7bb79c897,18.6
2003-09-10 to 2014-12-31 (eleven years),423,26,0.04,2.5,73.58718823394584,311,0.24115755627009647,-46.37501008038368,0.3671066063670635,7a1fbb31844ca5af68d5ac3ce296cfba92a3b75550b4a3063c023c86d1ae8918,19.3
2003-09-10 to 2014-12-31 (eleven years),424,26,0.06,1.0,-99.53584465502804,1324,0.18580060422960726,-99.77500050712078,-1.0054936013142086,c836bafd89f9968201c4cd8a30f05a65a77470bc28780a63071c26ef8df7e631,15.4
2003-09-10 to 2014-12-31 (eleven years),425,26,0.06,1.5,-94.40489585507036,925,0.1891891891891892,-96.88118541359984,-0.6087671297361016,d14f4b01d0a5a4f18870e4473bc5634ed8af2b96bee9810d127eb8fe6add6133,17.1
2003-09-10 to 2014-12-31 (eleven years),426,26,0.06,2.0,-59.19925036928683,606,0.20462046204620463,-70.17838369294411,-0.1490134134247589,6544c0abd9aec51ebb1a869b58021452f1342285d189d35e730d53b3c8a904ba,19.6
2003-09-10 to 2014-12-31 (eleven years),427,26,0.06,2.5,-63.50339906897789,442,0.19683257918552036,-75.56299885012116,-0.2812103222887442,7bb077cc2a864de0014920a3121274ef553f2c4dbfa6aaef611ebb867ea389b7,21.0
2003-09-10 to 2014-12-31 (eleven years),428,26,0.1,1.0,-99.61097837371776,1777,0.19245920090039392,-99.80543522949208,-0.8840176356160038,fca5b605afc209af2f9f36ed0fc57f4e66a4f4620d19f4c49a070fdadf9e8465,16.7
2003-09-10 to 2014-12-31 (eleven years),429,26,0.1,1.5,-78.01399730462103,1044,0.20402298850574713,-86.01106175702272,-0.17531468822822568,eaa10a1e811c8e17d70e2b9624eaf012bd2eeb9ac9e00e23f6bcf3d5c84dbdae,18.8
2003-09-10 to 2014-12-31 (eleven years),430,26,0.1,2.0,50.35902487819003,645,0.22790697674418606,-68.12146114836021,0.3009405195960134,2c2923e6ac1882cccaaac102f15a4edfc71c0480107aadcb7ddef0f7f6d3c661,19.5
2003-09-10 to 2014-12-31 (eleven years),431,26,0.1,2.5,33.09857864174919,396,0.2297979797979798,-61.65317221741384,0.2521684479069525,6bff90c5715888f9473b5950722a4f410719e26d3550b9666aa0a284fa8d2790,19.9
2003-09-10 to 2014-12-31 (eleven years),432,27,0.02,1.0,-53.760881764746685,558,0.2060931899641577,-75.7317121930815,-0.11984942541490658,638faa87487246565049caabd0ef5e97df0ba2a64f0879db4a5d6eba2d012b16,10.3
2003-09-10 to 2014-12-31 (eleven years),433,27,0.02,1.5,-51.252827435949655,468,0.20726495726495728,-64.13166580938959,-0.10904280763202452,8599e08ca4437646c17a092a0c1c5a4b25a7f71d67a423b1b8dbbca970a1a3ae,12.0
2003-09-10 to 2014-12-31 (eleven years),434,27,0.02,2.0,-3.2721864758610857,338,0.22189349112426035,-53.21566558435277,0.11911503525860771,9060dadbe281f63be0e63fd9f449fee5bfff45255e625f2ae245c104dd16426f,15.5
2003-09-10 to 2014-12-31 (eleven years),435,27,0.02,2.5,69.04258398689997,264,0.24242424242424243,-41.732502988442086,0.36551235952534206,9f4c362d718525e3d3f4cd3b4c3063adb4d8b57943be03e5b3595e880be16cdc,16.7
2003-09-10 to 2014-12-31 (eleven years),436,27,0.04,1.0,-97.28250450015085,987,0.18541033434650456,-98.23782834603067,-0.7531519733604773,e7aa4dda29d0cf19407c6a89be4ca051d532736f80f1e9c8834a5cf7a850b2e7,13.8
2003-09-10 to 2014-12-31 (eleven years),437,27,0.04,1.5,-77.77471898683856,729,0.19615912208504802,-86.54751294986754,-0.2967181578145452,84fd564b8d63161c4319a216e580cb1d4fd929d9c24224d00b724aefc067cef4,15.4
2003-09-10 to 2014-12-31 (eleven years),438,27,0.04,2.0,-66.37756767858491,508,0.19881889763779528,-74.85891547932049,-0.2536396868682557,058871ae830e10646339ae3acc6f8894ba08280808327130834f8dd177e5a35b,18.7
2003-09-10 to 2014-12-31 (eleven years),439,27,0.04,2.5,58.604011910405696,339,0.2359882005899705,-43.76638521718008,0.3298711253812975,ab5ab97ec3b64dbd273732ea1728b4b03391ec366073a2f895dbc736e707f16b,20.5
2003-09-10 to 2014-12-31 (eleven years),440,27,0.06,1.0,-99.47646927802167,1383,0.1829356471438901,-99.60740682266723,-0.9681927364508044,a23e490537f71de9f0a4f2ba8a16550ee9b55006e38e054a8890065bac34eaa3,13.8
2003-09-10 to 2014-12-31 (eleven years),441,27,0.06,1.5,-92.49570194511921,954,0.19077568134171907,-94.1893680569675,-0.517841380373153,8f8aa61ed4dbf5170b9ab3d7853e69eb266289eedc808757085c6a0752d6106c,17.2
2003-09-10 to 2014-12-31 (eleven years),442,27,0.06,2.0,34.775216082762135,609,0.22495894909688013,-63.77865064706501,0.26362779003752623,7f8400fcdc38a6320aa948126391dc5df5f8cee614b9e1b72adf00b4df3a0f72,18.2
2003-09-10 to 2014-12-31 (eleven years),443,27,0.06,2.5,98.35273864709137,369,0.23848238482384823,-53.53007304841437,0.42168380895591123,0cb3235bd9557203a05d89e0c72a96475eb1a79678a1206e5da2f6213d963fff,18.2
2003-09-10 to 2014-12-31 (eleven years),444,27,0.1,1.0,-99.32539889577035,1829,0.19737561509021323,-99.74990724187603,-0.7158476139956907,838d4fe6af520981ee2312492fb8347f1592a86c00c6764c298df41d3a1d7da3,16.5
2003-09-10 to 2014-12-31 (eleven years),445,27,0.1,1.5,-95.27375267271483,1096,0.19251824817518248,-97.13933236513034,-0.5686622720185847,ba6b1bae40f58ee0fbe633b84bdc2568411a7c3a7e4222246632ab37cbf2f7fa,18.3
2003-09-10 to 2014-12-31 (eleven years),446,27,0.1,2.0,-69.56814510833368,677,0.20236336779911374,-85.75664310769332,-0.20847924593109735,9f1393f4d64b46ed17f148d6ae0e43b67f4be271ddca3b239a63b2be9e13e5db,19.5
2003-09-10 to 2014-12-31 (eleven years),447,27,0.1,2.5,48.102776184668855,412,0.23058252427184467,-65.36749342118262,0.29485230754123765,4dfa19b7b7b69a8fda7ea0eb68e07812a794e10ab7a3808071ee4227405cfa34,20.2
2003-09-10 to 2014-12-31 (eleven years),448,28,0.02,1.0,-93.80508702642811,588,0.17857142857142858,-96.40008907354319,-0.791102885626161,68c1fa375e33493ec4055e0a56f9e311533854ed3128d9cda53917632ff25ef0,11.8
2003-09-10 to 2014-12-31 (eleven years),449,28,0.02,1.5,-68.48882409197388,499,0.20040080160320642,-79.59574951429249,-0.2911781808807653,f8e38b6b2cba5fb075deee29a9084433827ec87e51c395562df222c992ee372d,13.0
2003-09-10 to 2014-12-31 (eleven years),450,28,0.02,2.0,-49.65367082379478,379,0.20580474934036938,-69.30693241162422,-0.1590785156655342,4c895e1a708b40516b43264ae90abd02a0a4a604f236c8908a302b565e182877,14.2
2003-09-10 to 2014-12-31 (eleven years),451,28,0.02,2.5,-57.11277054699614,312,0.19230769230769232,-75.18569212150193,-0.2791824272729224,aa46417c7fc18ad547acf14cb349b1c800ab843d30164040a9f632cb0bd8fc54,16.6
2003-09-10 to 2014-12-31 (eleven years),452,28,0.04,1.0,-95.26761656825794,1000,0.192,-98.55289826677193,-0.6302017187806198,37a6c4144b95218fb95ab6129401c81d4694182a45c6f9e68b5bf6b9e9bce86b,12.8
2003-09-10 to 2014-12-31 (eleven years),453,28,0.04,1.5,-90.83559030268187,717,0.18410041841004185,-95.0313589560352,-0.590969719216467,116d2193a9afbc3634e5ff0776961de1f45f0b76682b8751f81bbbfe7156601a,15.7
2003-09-10 to 2014-12-31 (eleven years),454,28,0.04,2.0,-60.40025425793832,519,0.2003853564547206,-81.60298335830225,-0.20542504956078222,97b76746001a24bfd70a523808d20aaa0ef021c0efdda24a5621cd05bb9be337,16.2
2003-09-10 to 2014-12-31 (eleven years),455,28,0.04,2.5,189.56913450718116,350,0.25142857142857145,-50.818613637811126,0.5922958217577484,7714dbb6b34ced2e8f75a3528c3b6bec419db37ad3e0a98fb22b1b6f2ece7ff2,18.5
2003-09-10 to 2014-12-31 (eleven years),456,28,0.06,1.0,-99.53270461425299,1295,0.18223938223938224,-99.80448762581354,-1.019996991280885,b8798f5fa8fdc6998f47ec51a9fe0c7c19d0a27a376ae8c6b955995005353bdf,15.0
2003-09-10 to 2014-12-31 (eleven years),457,28,0.06,1.5,-85.07778990819105,885,0.2,-94.00211820421003,-0.33840810988029246,2192be9639aeb63d9eb5b6162621569ffcc7353e78081b787c461fc1a73e761c,16.8
2003-09-10 to 2014-12-31 (eleven years),458,28,0.06,2.0,-53.25895474365802,572,0.2062937062937063,-81.23209934310918,-0.1025678315099523,9f655645ba241f35e6229c3f3bc88d399dbea0441c9fd7065c61e2747f3dea5c,18.5
2003-09-10 to 2014-12-31 (eleven years),459,28,0.06,2.5,16.76763438589107,397,0.22418136020151133,-57.58766829209363,0.19558552623433284,d82eae9b69a26686b711224382f2601077e7a1429073d167b170c295730a56f8,19.2
2003-09-10 to 2014-12-31 (eleven years),460,28,0.1,1.0,-99.07188157592441,1795,0.19944289693593314,-99.49779077434827,-0.6554387477285843,171797476091800e0982d6c4a37b8bbc27d3431142c0ede769916b3e130ed208,15.4
2003-09-10 to 2014-12-31 (eleven years),461,28,0.1,1.5,-93.73147086053793,1098,0.19581056466302368,-96.71539025716774,-0.5040881900623806,fa1ca986ca6059ef6d9dafd6cfb38e0a3a5300617466f6f2e6d4c8990c912f2e,17.7
2003-09-10 to 2014-12-31 (eleven years),462,28,0.1,2.0,6.07193979659066,613,0.2234910277324633,-75.00252537998658,0.1854178086064067,3fc5e9cdcc383c14ec0c6ba117739bd715f4894261e6d9f9cc130959c417df95,19.2
2003-09-10 to 2014-12-31 (eleven years),463,28,0.1,2.5,61.32986029108688,380,0.23421052631578948,-54.3535390081366,0.33119763143280795,0e6499e757f453a163a6118ceeb63e56cd210ee3ed5ccaa19dc45759a25a3532,19.7
2003-09-10 to 2014-12-31 (eleven years),464,29,0.02,1.0,-83.13282558807896,580,0.19655172413793104,-87.16089839622703,-0.4669415942403525,05afe8ad14ef493106d0e10eccedff521f65efe5d90a6a79cc96e4d6247a764d,11.2
2003-09-10 to 2014-12-31 (eleven years),465,29,0.02,1.5,-74.14700471026532,472,0.19279661016949154,-85.79564696575662,-0.3997496643974727,03e4586eb3d9f4c452ac28ee90418d1d02065fe512eca51afe445463b6b409e7,12.6
2003-09-10 to 2014-12-31 (eleven years),466,29,0.02,2.0,-52.590215238267525,367,0.1989100817438692,-73.24055888776455,-0.21325803591835074,b59d93a45a8faf2f6538702b201080cb99703fd29ecaa2ca117947910c7b06f5,14.6
2003-09-10 to 2014-12-31 (eleven years),467,29,0.02,2.5,-26.190148764773813,279,0.2078853046594982,-64.85810567657329,-0.050224324970722614,bd1549715453a86a39b589367f2adf92b8cb80764e436247cec6815ebacd2ffa,16.1
2003-09-10 to 2014-12-31 (eleven years),468,29,0.04,1.0,-96.1682060801132,995,0.18894472361809045,-98.46672469761181,-0.6851140160540405,5232591c00f7d2ce689fb4e43d89219215779c25b050e2e676f77c40d1c36f6b,13.2
2003-09-10 to 2014-12-31 (eleven years),469,29,0.04,1.5,-42.83929849452113,714,0.211484593837535,-80.03047669063197,-0.015437878855500315,5d4add9011d4666baa799192e2ff208b7049bc4449d9f61ec05409c685aa746e,14.4
2003-09-10 to 2014-12-31 (eleven years),470,29,0.04,2.0,15.395154471517353,480,0.22291666666666668,-64.60912799078294,0.19763210953352875,31d7667aa3c02dc601ad435cc9ce2941fb4123a3b77d24b69b4bfe7c011eb61e,16.1
2003-09-10 to 2014-12-31 (eleven years),471,29,0.04,2.5,88.94758279398923,327,0.2415902140672783,-52.859066806458884,0.4092324117504795,2275697bbc35aab5fa1648db563e84d5195f2abd371d5cdac9ce95c66743ca5f,18.4
2003-09-10 to 2014-12-31 (eleven years),472,29,0.06,1.0,-96.47683979341997,1268,0.19558359621451105,-98.03353890971117,-0.570655159922052,81bcf844f7b9f48323e379bdbcc0920e59a3b3817c5c5b86d3156e6c3077bfc4,13.8
2003-09-10 to 2014-12-31 (eleven years),473,29,0.06,1.5,-74.91998071393957,861,0.20557491289198607,-89.02646563237558,-0.2008937916403462,d227e7807a36faa6d1a7275f8e0243a86511dade506b1b6b031b0bf28d197de6,15.8
2003-09-10 to 2014-12-31 (eleven years),474,29,0.06,2.0,45.501427864783125,563,0.22735346358792186,-56.776922073900515,0.28821446352891594,9cfdca33a94fb479ade52395854c4b84880de555a4c7fec33bd6ddaa599284e9,17.8
2003-09-10 to 2014-12-31 (eleven years),475,29,0.06,2.5,34.71902282793868,397,0.22921914357682618,-57.110856298150935,0.2559975022514947,cbde4e2125381a82eab8c05df34c5919e2cb5b8382ebd4b93872b51f127272e7,20.8
2003-09-10 to 2014-12-31 (eleven years),476,29,0.1,1.0,-99.86240577726917,1867,0.18960899839314407,-99.9371213015459,-1.0026900833424253,cab669d2726d5d59d42fb815f1b2d06730358110baf9a5f70d3c6e9f7c166b7b,15.8
2003-09-10 to 2014-12-31 (eleven years),477,29,0.1,1.5,-37.92865309274634,1041,0.21805955811719502,-82.86324605002142,0.10549958194798609,683e0b1bf480b43dd1360c8490ab4f12dd2d0cbb29c98641ef5018fb26bb601f,18.3
2003-09-10 to 2014-12-31 (eleven years),478,29,0.1,2.0,66.12977576996609,624,0.23076923076923078,-57.2183056915356,0.33454242916451,a03f46e85e5d20e6ce21335da6f0ecffaea651b4131b32bf6dc3395331935169,19.0
2003-09-10 to 2014-12-31 (eleven years),479,29,0.1,2.5,35.050285480393555,399,0.22807017543859648,-38.3452707015596,0.2572900914362495,f81dfa076c2f6ea0d6261cc714206c70fcb378d8952c4189121cb710334f833b,20.1
2003-09-10 to 2014-12-31 (eleven years),480,30,0.02,1.0,-86.59417784901274,566,0.19257950530035337,-92.65481499163427,-0.5081038785873824,d5cfd7f89a121afcf403d01a524c090bf77cc1d2cde89ed84beb68bd06475109,11.0
2003-09-10 to 2014-12-31 (eleven years),481,30,0.02,1.5,1.4572648445295864,469,0.2281449893390192,-66.38713742767852,0.15416790794354504,fb557c0ec3bda52dcb12211ca75d5206494eb7766e402535dd0f9a20d747269c,12.3
2003-09-10 to 2014-12-31 (eleven years),482,30,0.02,2.0,-20.024170968414793,368,0.22010869565217392,-66.43955524530534,0.03479061689592716,d746312684445f3eb56311e329968772125487ebe47b4532cc227bd7666a5678,14.0
2003-09-10 to 2014-12-31 (eleven years),483,30,0.02,2.5,80.11064742137958,277,0.24548736462093862,-45.548034168952036,0.3995336150619426,69bd02baaf8cec7c8405ad6e7fdf347f1705d411b08e755502d315dd95ffb36a,15.8
2003-09-10 to 2014-12-31 (eleven years),484,30,0.04,1.0,-99.73203791320012,985,0.16142131979695432,-99.73705458277689,-1.4824809021390568,57512c103a0881fb8b6b72f29c0a4c714d1edea997974e0abe8ca1c0968e8537,13.2
2003-09-10 to 2014-12-31 (eleven years),485,30,0.04,1.5,-95.72040504096819,744,0.1774193548387097,-96.65946910863843,-0.8694378943900014,5bbc0978c8bbe2d7e78cb25cd6bb95208339c7e7c6e978da09dad6c844cc7aa3,15.4
2003-09-10 to 2014-12-31 (eleven years),486,30,0.04,2.0,-76.08322283216017,533,0.19324577861163228,-85.48351865629954,-0.3941396926692222,b288383318c8727bdc9b5c0c986aed3c791b3da901a87a3f206365b98816925e,15.4
2003-09-10 to 2014-12-31 (eleven years),487,30,0.04,2.5,50.34813435732248,350,0.2342857142857143,-49.37541778990825,0.30516123504433557,09f117ff3c67e98db5bc6974e0baf2cfffa9e5ad6e943ede331fcebd710da9aa,17.9
2003-09-10 to 2014-12-31 (eleven years),488,30,0.06,1.0,-99.6803155061705,1362,0.18135095447870778,-99.7334389559666,-1.1237077918499794,31d6d763a250e1558e400d9b0a619203005f4d5b1979f0e1ccd251a159572ec9,14.4
2003-09-10 to 2014-12-31 (eleven years),489,30,0.06,1.5,-37.83756851983432,868,0.2154377880184332,-70.19227950954613,0.0624430221698201,416b9802c8d10e320cf093986b57b577ca1be2a79a6bf033bde97fbb96437ba6,16.0
2003-09-10 to 2014-12-31 (eleven years),490,30,0.06,2.0,-15.388568636586648,558,0.2168458781362007,-57.64580980303287,0.10005806298083147,0405b51c420ffdfda20d5437a10e2d9ad67aa39dd78422ba9c8529a3cebf5291,17.1
2003-09-10 to 2014-12-31 (eleven years),491,30,0.06,2.5,29.5518938664502,364,0.22802197802197802,-57.22656512658395,0.23937311199959785,74d9a29e6f53f93629728713a0a88441e1b338016143903f95fd9cb629789e84,21.3
2003-09-10 to 2014-12-31 (eleven years),492,30,0.1,1.0,-99.61020536882772,1755,0.19202279202279202,-99.74401974221016,-0.8160236659781686,b6aa27fe297a4fdf6e339f06b7c89515c85a120ff039541ef0d99cead3f0b999,15.2
2003-09-10 to 2014-12-31 (eleven years),493,30,0.1,1.5,-91.54257197045649,1044,0.19636015325670497,-95.61363818603637,-0.42799407038917303,03d4b1baad5dcbb84e7572a93d0f701c6e61d5875ac7954f8eae84eba4613803,18.4
2003-09-10 to 2014-12-31 (eleven years),494,30,0.1,2.0,-28.32393739277894,633,0.21642969984202212,-82.63545154734611,0.05515561684715628,07f3d18644a6c0eaeab0d22e0962cd7aecde3cc76c3cc3cd0665bc26569578a5,18.0
2003-09-10 to 2014-12-31 (eleven years),495,30,0.1,2.5,-8.225287921287421,394,0.2182741116751269,-68.91625547287026,0.0957665885362041,fad649546dc6595cf2d61a903e633c0b9b10f37661a9b70dae2bd95274387296,20.0
2003-09-10 to 2014-12-31 (eleven years),496,31,0.02,1.0,-93.98362154062936,529,0.17013232514177692,-94.6797251905337,-0.9192899146484924,99de29dbfe95547ebf31d13cb44643f9bb2eb2f49bc78eb8eaa638128bb4aa97,10.0
2003-09-10 to 2014-12-31 (eleven years),497,31,0.02,1.5,-81.0044580654713,447,0.18791946308724833,-86.38110048637893,-0.5328701739988999,11a47b22bf92379b9d136cc8a5c2124d488e8a30577b33e57773e1dbcb6ac337,10.5
2003-09-10 to 2014-12-31 (eleven years),498,31,0.02,2.0,-41.50236795886497,368,0.20923913043478262,-75.25303727406279,-0.11924771515685835,11f6a2de05e6f0e4a6db7fefeb0c8388c64a13322b7eed74e983eeb490b2a3cf,12.6
2003-09-10 to 2014-12-31 (eleven years),499,31,0.02,2.5,-17.370734312223785,278,0.2158273381294964,-60.17087045502223,0.017817560121863696,266101baf5ca3ac3fb88bf5c2a8a3ca633ddb2ba275fa6a66efcc1209b730fc3,14.2
2003-09-10 to 2014-12-31 (eleven years),500,31,0.04,1.0,-97.97874464065126,967,0.17993795243019647,-98.80364219641935,-0.863114071656385,1d5f3fb8e3ae89f7dd30a90b0a11e6f510e23474d9219023b19687f6d3afcfef,12.0
2003-09-10 to 2014-12-31 (eleven years),501,31,0.04,1.5,-82.82982044763914,737,0.19402985074626866,-92.43986505190007,-0.3793558472094238,28c3480bb8d4047e6d27cdad42e52e0bd7453789f6021834f9a55dd689bba8c6,14.6
2003-09-10 to 2014-12-31 (eleven years),502,31,0.04,2.0,7.010544222938897,521,0.22264875239923224,-61.09845617037912,0.175156840776037,e5c4f7088c16208a65f13d2af36fdabd47f8f8040355f53098c5bbfcc4d95717,14.9
2003-09-10 to 2014-12-31 (eleven years),503,31,0.04,2.5,64.90920196621408,356,0.23595505617977527,-44.84260218061499,0.3430194789817801,43ff427d6aeda7a599dbfa397da29177d949b20344d25aadc96f3ad0e1036268,17.0
2003-09-10 to 2014-12-31 (eleven years),504,31,0.06,1.0,-98.30070088512835,1349,0.1949592290585619,-99.1597877643985,-0.685141436073935,5b9fefaec5b437df6506154b5e1157c31e0c1d2c168b88d1defa7e0081aa7d16,14.1
2003-09-10 to 2014-12-31 (eleven years),505,31,0.06,1.5,-91.32515233522783,905,0.19337016574585636,-96.33135625253746,-0.49251044017136153,589493eeaf6b39980b33621574a4012674d483c47ff2597f7afd31d369318a6a,16.2
2003-09-10 to 2014-12-31 (eleven years),506,31,0.06,2.0,-54.98019095301162,583,0.2058319039451115,-81.29729014298667,-0.10807238443149712,f9c70d3d46462c839b2460eddb223e2612d01a0d0be5740acb9d54f4db2fa8ce,17.7
2003-09-10 to 2014-12-31 (eleven years),507,31,0.06,2.5,36.60907495781294,409,0.2273838630806846,-55.30169885334637,0.26192097172228124,b5bda89e715751b591b10b8391260acb0403812c9591a9f61bc006d232f00209,18.8
2003-09-10 to 2014-12-31 (eleven years),508,31,0.1,1.0,-99.84191194663117,1865,0.1898123324396783,-99.92808050327938,-1.016703769586988,274a41b8451dc52929be05eec893d32dd9b491203f9ea7bda34fa7cf495e8cd2,14.1
2003-09-10 to 2014-12-31 (eleven years),509,31,0.1,1.5,-92.51778438843058,1104,0.19746376811594202,-97.10528893370768,-0.467473448893113,b2bebcf23c93d16a05f29e9e6ee491e6d1e27645fb460048a3e21f4d02d609f4,18.5
2003-09-10 to 2014-12-31 (eleven years),510,31,0.1,2.0,-73.90195795951824,642,0.20093457943925233,-83.80464976472794,-0.29418824387892156,f7ee43e86ff41fc228c104a81eeec2bade80404cd492bdfb13dbdb56a18e51fa,18.7
2003-09-10 to 2014-12-31 (eleven years),511,31,0.1,2.5,26.970472311766592,356,0.2303370786516854,-58.67175586495173,0.231085826016254,1a2975ebd48ccb821afbae31163080cc011a7abef61a9570471a6f12e656b4a3,19.1
2003-09-10 to 2014-12-31 (eleven years),512,32,0.02,1.0,-71.10683565235695,551,0.20689655172413793,-91.73912760522013,-0.2717159429613459,52c905c153785adbf81999218adf28e4a829cf6f9f3092fc8d835328c452b229,10.5
2003-09-10 to 2014-12-31 (eleven years),513,32,0.02,1.5,-73.15482699993717,465,0.1935483870967742,-88.15950518697899,-0.3548991280641534,6fb8657b0577680c63df70de785256766012f4436df4dd1761c7fef4a22db13c,11.4
2003-09-10 to 2014-12-31 (eleven years),514,32,0.02,2.0,-52.4849417307174,379,0.20052770448548812,-83.55131774300085,-0.19441410330420514,510168aa9936404c458ada7a6b1b1ad71f0f4df77bbcf58f806ede67ffde77bd,13.5
2003-09-10 to 2014-12-31 (eleven years),515,32,0.02,2.5,-0.9887581879580647,293,0.21843003412969283,-67.56795928371679,0.10624175964024413,8b8345847bc37277c40f12bd30f057c8651e920d29835a56ff9b595969178523,14.5
2003-09-10 to 2014-12-31 (eleven years),516,32,0.04,1.0,-94.2223106020919,991,0.19374369323915236,-97.67805000623856,-0.5586234490878165,79bad1fdc3b916e0f5ed6b32316694a98b106bf7140e6f4eea11005516ae65d8,12.5
2003-09-10 to 2014-12-31 (eleven years),517,32,0.04,1.5,-52.58591292824778,685,0.21021897810218979,-84.0424243167429,-0.051945589893992596,bc531f1faa8d0dfe28b99dd3add986d9a666ffa91eb845fe4f92fead02ec0395,14.6
2003-09-10 to 2014-12-31 (eleven years),518,32,0.04,2.0,126.78677262769354,463,0.23974082073434125,-60.71106787140677,0.45884452719330177,23373af4db81f7418d6b6276b70665e5d7d033a03c4b61b23e2a4a80134ee496,14.2
2003-09-10 to 2014-12-31 (eleven years),519,32,0.04,2.5,284.0822211621005,324,0.2623456790123457,-44.52146041970158,0.7275324402127921,efd4054f2134c988df1257b3816de6690a5b867d035418c43ad29aaaa25b4993,16.4
2003-09-10 to 2014-12-31 (eleven years),520,32,0.06,1.0,-98.14958804296603,1352,0.1915680473372781,-99.21196410163178,-0.7110146477284074,05299f48ff05b3aec663f27444f3a97d3656a035476959b2d4580ab87573523d,13.2
2003-09-10 to 2014-12-31 (eleven years),521,32,0.06,1.5,-85.09143294730703,905,0.2,-96.66090835021947,-0.3358046589129392,7a4596d4b7b498411e9d7d50b955aaa55f0616cdd86b45278bd987228312bca4,15.3
2003-09-10 to 2014-12-31 (eleven years),522,32,0.06,2.0,-36.188880159991236,632,0.21360759493670886,-73.34245007681459,0.01105369188385781,2622e576f13f6f0bd003b02f168d46812f2577eb27923da54e4935a38c60b40e,17.1
2003-09-10 to 2014-12-31 (eleven years),523,32,0.06,2.5,32.34295814511479,419,0.22673031026252982,-50.982686790344985,0.24951592219740842,9bd45f355139a29019abf6f42176f623fc225365a6a6ca029fca92df92c9f6f1,19.2
2003-09-10 to 2014-12-31 (eleven years),524,32,0.1,1.0,-98.80185786961817,1759,0.19783968163729393,-99.14333585020589,-0.6216045429811086,9374ad94e9c4d9a9ef735091d6c09b0090922640ea4898d7ccc28d27ad32c110,14.3
2003-09-10 to 2014-12-31 (eleven years),525,32,0.1,1.5,-94.0561567634595,1058,0.19281663516068054,-96.09167017349795,-0.5184513273577768,8a41977c7d7f21b216d39d7953a25f399f66aaa4f2a6c318a10d833e177bab1c,17.0
2003-09-10 to 2014-12-31 (eleven years),526,32,0.1,2.0,-32.42036610712955,632,0.21360759493670886,-72.32851206066681,0.036241410295177724,84aa0d736931189e5f720923d584593c4f5761b0f2ba08e611f80bc82da2b9ea,18.7
2003-09-10 to 2014-12-31 (eleven years),527,32,0.1,2.5,84.71774623560894,415,0.236144578313253,-46.95560445596879,0.38343670663667445,2a2e453151bad8696118dea3cf854f7071365436947957a59657d17bfda37ca3,19.5
2003-09-10 to 2014-12-31 (eleven years),528,33,0.02,1.0,-65.33944789343326,565,0.20353982300884957,-84.2450904650521,-0.20065458125375754,dd69dbeeb0b9aa7ef0cadc2b3657088cb2119a820d11f5cf59e5184166285b45,10.5
2003-09-10 to 2014-12-31 (eleven years),529,33,0.02,1.5,-57.046823293957225,476,0.20168067226890757,-79.80750577366494,-0.16698605942518632,721e2e7da211cf4f66f7c576ad54474e11cbaa77b37be3e84a086564caefd410,11.3
2003-09-10 to 2014-12-31 (eleven years),530,33,0.02,2.0,-13.708927164733215,396,0.21717171717171718,-76.55149094752748,0.07483139664819795,88c4d4759ab13b50076aa9671e6b81b304235ff615d9fb905c7aac50127988c7,13.9
2003-09-10 to 2014-12-31 (eleven years),531,33,0.02,2.5,79.65079634233415,300,0.24,-52.53443079299285,0.3962950468390982,5f1326cce644eb78de05868455a498d24f1a96d3ae5ce2ac87e7ebc0605ef472,15.0
2003-09-10 to 2014-12-31 (eleven years),532,33,0.04,1.0,-99.71612220175008,936,0.16132478632478633,-99.75132356787707,-1.3489106818980063,d4efee5ff9ec28b150216de32492cd4dc7cd849b922343f05fe1e3d8a0858903,12.0
2003-09-10 to 2014-12-31 (eleven years),533,33,0.04,1.5,-78.18030139142797,699,0.1988555078683834,-91.42808201173395,-0.29594547280355393,014350436910f8b5ff3ffebc72d4b9b6af011e73a0bb5ee8de67bcf21cc50d9f,14.0
2003-09-10 to 2014-12-31 (eleven years),534,33,0.04,2.0,-52.324363837358156,485,0.20618556701030927,-80.438134575603,-0.12484251509100831,3248c5e4e9c884bdb02b31cfd0bd788a7a261b8a7514be35ec97700cf1001adb,14.1
2003-09-10 to 2014-12-31 (eleven years),535,33,0.04,2.5,-45.635823138627615,350,0.20285714285714285,-75.51565555867212,-0.13736653552163783,22847ed27f239927cd013054c0fa5d8f87448492a7073091299b4fb7fd257d48,17.2
2003-09-10 to 2014-12-31 (eleven years),536,33,0.06,1.0,-95.6179755636481,1281,0.19672131147540983,-97.47309276126495,-0.5068140681675641,5970a62869083e4a4d736e6ce8406bcb2a9176cd6aa0cf50c609ea0d9a94b656,13.4
2003-09-10 to 2014-12-31 (eleven years),537,33,0.06,1.5,-78.96523830206729,848,0.19929245283018868,-86.58664890166447,-0.25700053331666367,8a29758892f13d7b6fb60048e4ae8b9b502ebcc32cad80ff70c327da01a62cf3,15.7
2003-09-10 to 2014-12-31 (eleven years),538,33,0.06,2.0,-47.61951038923287,556,0.20863309352517986,-68.36310662796356,-0.07044721817086819,91c0ae188b778abc2d2b2ed5c08ac4178c4592f039dba64ed4edbe86a903ab9a,17.4
2003-09-10 to 2014-12-31 (eleven years),539,33,0.06,2.5,-5.834145927415916,374,0.2192513368983957,-66.03919066943803,0.10338722568855331,be363b09591dcd74788a5f4a507352c6a7e0f7cae9f6fd419f9d011191dc6dc0,18.8
2003-09-10 to 2014-12-31 (eleven years),540,33,0.1,1.0,-98.21285971677709,1818,0.20242024202420242,-99.23940439282151,-0.5205180519861835,8ce039bb2bc4e1a0645c9f1ea75953613ec34a1a473b05ce080b5e3ecf5545bd,13.8
2003-09-10 to 2014-12-31 (eleven years),541,33,0.1,1.5,-93.00324323459861,1113,0.1976639712488769,-96.53027721252789,-0.46232342031828855,9a908ad800feb4ea959506c9767d6c5978905d00c602fd633bd5fbb969f99441,17.6
2003-09-10 to 2014-12-31 (eleven years),542,33,0.1,2.0,-21.898709214636973,661,0.2178517397881997,-69.04230858167948,0.08716998727639638,c14f78b157955d2ac15375ce09f433a176e2f58081601109b2a051280f8232c0,18.5
2003-09-10 to 2014-12-31 (eleven years),543,33,0.1,2.5,10.804459491668359,388,0.22422680412371135,-51.6471390464172,0.1753317440434872,38b93505897c809e111a6ecc1f8506b4987d3c420eb78207570d77022d011496,19.3
2003-09-10 to 2014-12-31 (eleven years),544,34,0.02,1.0,-80.37481418307894,555,0.2,-90.36737831359169,-0.40299021306250227,ccf2d8241291217c19863ca1bcffc68dd9e6e782c71bed936ab7348bbc9ee0e0,10.2
2003-09-10 to 2014-12-31 (eleven years),545,34,0.02,1.5,-57.926259503835276,460,0.20217391304347826,-77.79073460807642,-0.19780792352901055,22537278f6e8f2323b48460ab48b32325809f6747cfda2e16cf79ec207bab982,11.5
2003-09-10 to 2014-12-31 (eleven years),546,34,0.02,2.0,-44.662512827235965,352,0.20170454545454544,-68.45703110980324,-0.1532484764714315,f000f8ea31ffbf3b5d02c6f74be38e3f67debf4b10ae12be71acd673b72becb6,13.6
2003-09-10 to 2014-12-31 (eleven years),547,34,0.02,2.5,25.105010365595664,261,0.22988505747126436,-48.52684972650958,0.22206239327954846,3156d0e95050ba699471575457d34fd4d634f37eb5c8849a41f36055cca9a3d9,15.9
2003-09-10 to 2014-12-31 (eleven years),548,34,0.04,1.0,-99.20955501942892,1049,0.1754051477597712,-99.39097974356991,-1.098064458027854,68e5ec147d44268cb20b8914085393885c9a3f35dde07d0ccf73b397431804b9,12.6
2003-09-10 to 2014-12-31 (eleven years),549,34,0.04,1.5,-74.4974357125461,717,0.200836820083682,-83.83428160730313,-0.24491870686961562,c8e6f5e5c0ef430f2a69db7c87f63ee86c24fe5c861c180519cb051a87d124a1,12.7
2003-09-10 to 2014-12-31 (eleven years),550,34,0.04,2.0,-39.78921775927135,506,0.20948616600790515,-64.18822144431793,-0.044374980617443216,afe87d5e8e0cbe9033fe6d46ee4e871ae65cabd847c221b6b4832d659748a993,16.3
2003-09-10 to 2014-12-31 (eleven years),551,34,0.04,2.5,-9.085716724522122,356,0.21629213483146068,-57.450453709504814,0.08299676953511381,447662a6b27fc53c4a3f39886782a93c6a5b81dcc7666c6bc1befdfdf1c9fa28,16.2
2003-09-10 to 2014-12-31 (eleven years),552,34,0.06,1.0,-99.12937458153121,1333,0.18454613653413354,-99.46181794537198,-0.8711913728588863,156567ac59fb5cc046d1d8d0d09621de1d08ce13ff929195a6b46ebe92cda778,13.4
2003-09-10 to 2014-12-31 (eleven years),553,34,0.06,1.5,-94.47295809027403,893,0.1858902575587906,-97.83910435822982,-0.5984032264167503,59f3c88a4b0e1329be0f8fc9b31f9080220749f2ba138a125d3c04ffaf864cc6,14.9
2003-09-10 to 2014-12-31 (eleven years),554,34,0.06,2.0,-57.77167590663341,603,0.20563847429519072,-87.3636451707689,-0.12173155033533083,933cdc57fd973c65a136fb769a3ccf6dcc03ec3f979ec60d78ec95d18033cae1,17.3
2003-09-10 to 2014-12-31 (eleven years),555,34,0.06,2.5,0.7816099713945096,379,0.22427440633245382,-58.45103075215843,0.13308383043030197,0434509300085d5b1cfd6cdeac1631f1ac2780fc2b88e63166af25af323a154e,16.8
2003-09-10 to 2014-12-31 (eleven years),556,34,0.1,1.0,-99.96664181994298,1799,0.1784324624791551,-99.98596058439868,-1.337100301855817,a7f5b652ca4ac241decc5b6be1d82278168eec512c75f6514de7680eb99473fc,15.4
2003-09-10 to 2014-12-31 (eleven years),557,34,0.1,1.5,-90.35156585417509,1064,0.19830827067669174,-94.91200606826442,-0.38758384615469277,59a450e2d80bd582f1f4c4aebf464da413860935fc1b54b2e34941d7844f97e6,17.2
2003-09-10 to 2014-12-31 (eleven years),558,34,0.1,2.0,-74.16809730708516,673,0.19910846953937592,-87.10593812926776,-0.27014295887846845,7c6da0bf1c9f7d38575a494eef44a2575d1181eb9edbb68b7508dabbc9f838e0,18.2
2003-09-10 to 2014-12-31 (eleven years),559,34,0.1,2.5,44.37638936723775,405,0.22962962962962963,-54.73451310136427,0.28537606804858295,a19402eaf15fc4d1156a35df986f247a8b31649a7ea1549aec1e8b1477e42047,19.1
2003-09-10 to 2014-12-31 (eleven years),560,35,0.02,1.0,-88.80502314131601,558,0.18458781362007168,-94.32064843863498,-0.636261545230817,ab181c8b3ddf6ac7408b2c1395f2711a1c9b5a9c2f87bde0713095150aa1b231,9.9
2003-09-10 to 2014-12-31 (eleven years),561,35,0.02,1.5,-49.79349807537064,474,0.20675105485232068,-64.57433749830668,-0.13046611102416666,a7df716222734de309315d8a7f4ab0bc62fb1d074135a2575fda5b8eab1b9da7,12.0
2003-09-10 to 2014-12-31 (eleven years),562,35,0.02,2.0,4.365708339507742,376,0.22340425531914893,-59.476244713379515,0.1447238647339139,3d00d3504abac783450c8dff8bb6f42905326ab81f32c847c9505f8fc8498bdb,13.9
2003-09-10 to 2014-12-31 (eleven years),563,35,0.02,2.5,131.8698188321977,268,0.25,-41.09403218854597,0.525369278346663,e621cf5e161d1436c75fbb3441d0c1847c04b46638f81f6a906809d6d6b2dd2a,15.2
2003-09-10 to 2014-12-31 (eleven years),564,35,0.04,1.0,-91.12357784734577,992,0.2006048387096774,-96.09383004171909,-0.4325792530551102,41b8859bc50eef449516f6a441236a425e96d09881f66176bd32108d1d692d09,12.6
2003-09-10 to 2014-12-31 (eleven years),565,35,0.04,1.5,-67.65021356771025,724,0.20441988950276244,-75.81986291994907,-0.17901250595116186,0e21c7fac9d814801783467b2445686966a466345abf501121b9bcb1ad6ef5d5,13.5
2003-09-10 to 2014-12-31 (eleven years),566,35,0.04,2.0,-23.076967130600536,526,0.21673003802281368,-60.934676279604794,0.05247592181199793,299802be4746f43247d04238add9e7e2a8a21a8024e9ebd13af13b12b9aa3381,17.1
2003-09-10 to 2014-12-31 (eleven years),567,35,0.04,2.5,-23.859832765469104,382,0.21465968586387435,-55.004616904319924,0.006932272117352006,7d729146ba723f2759d1605acd36718eaa009fd8aaf0f9467633d25f47457f6a,17.7
2003-09-10 to 2014-12-31 (eleven years),568,35,0.06,1.0,-99.80442878059009,1365,0.1772893772893773,-99.89868074566569,-1.2152165390550087,a7d7e56fc96618c0ba35df4da5b2b1fcec695aae68fea26928eb84a1f4db7617,13.0
2003-09-10 to 2014-12-31 (eleven years),569,35,0.06,1.5,-92.20123352660461,926,0.19438444924406048,-94.63444244050237,-0.5011176187339302,df13c3d1833cef0e8477b6aa24873feace03283a164d3581d16522942f7a2495,16.0
2003-09-10 to 2014-12-31 (eleven years),570,35,0.06,2.0,-24.190257407268508,574,0.21602787456445993,-71.94346304134609,0.0649737253192395,42b443b0f48eb1bdd0750bc97ea02d19d7dbddeba59806807faaf7cba24e342c,17.1
2003-09-10 to 2014-12-31 (eleven years),571,35,0.06,2.5,13.64544362866518,377,0.22546419098143236,-61.934246101929034,0.18232931144272824,9f67784eb32237d59a84f3215ca691a6521fb1f18b433c264e5050dda165a306,16.8
2003-09-10 to 2014-12-31 (eleven years),572,35,0.1,1.0,-99.72904663368975,1847,0.18949648077964265,-99.88436607165724,-0.8821564083724172,4b379e9752836880c8d53b8bddf9c7e1ccecf03b6eac5a2928f3f56ad5effcd8,15.1
2003-09-10 to 2014-12-31 (eleven years),573,35,0.1,1.5,-83.43232905949947,1074,0.20391061452513967,-93.89062615353899,-0.23802019997255608,6f4e8dc5732a81c29aff033f5a68409ed4ca11a4a7d2263b51a1966d31a7e2ed,17.7
2003-09-10 to 2014-12-31 (eleven years),574,35,0.1,2.0,-52.12323679501486,644,0.2096273291925466,-83.66609161253179,-0.07550745016955898,7464aa280de087348933545769c39c6af371ad0af31e452abd7909cc770c7a7f,17.9
2003-09-10 to 2014-12-31 (eleven years),575,35,0.1,2.5,48.852672176478606,385,0.23116883116883116,-54.97490620956207,0.29738230651322434,9093b45d9b37aeb29fbd8fd3bf82fa6a9a47bccb683c3f643e853e891b63f3e5,19.4
2003-09-10 to 2014-12-31 (eleven years),576,36,0.02,1.0,-98.24120568620856,565,0.15752212389380532,-98.56987776306376,-1.2266270571291542,0706384661c9f44c588e6b352132dedc0d63ab3d6e826f86fb4c6b640ede74aa,10.6
2003-09-10 to 2014-12-31 (eleven years),577,36,0.02,1.5,-93.14349535878694,498,0.16666666666666666,-94.11121228861617,-0.8877913636741755,09613fe291d0d15f375917fcc52aa6a6027ff901ae2d42e4599e4c2f25f9152a,10.8
2003-09-10 to 2014-12-31 (eleven years),578,36,0.02,2.0,-65.07864508818436,398,0.1934673366834171,-74.75983797301456,-0.31449614977609447,7fb14af7e9ee27093d7c2fe5b3cf9508aaf90d085f4f40fd786e932919c49d5c,13.1
2003-09-10 to 2014-12-31 (eleven years),579,36,0.02,2.5,-53.2644454082835,312,0.1955128205128205,-74.28499621699353,-0.23670652692131214,0c6267cef2e725dd7e159e5576eb1fcc3112aa71348caad9c99be632f96cd58e,14.9
2003-09-10 to 2014-12-31 (eleven years),580,36,0.04,1.0,-97.38557589784985,968,0.18801652892561985,-98.02373531825424,-0.7867856445014177,612ce74a422160bad12023208e1d71e8fe66aee46e01fad10caf901fff3323bd,11.9
2003-09-10 to 2014-12-31 (eleven years),581,36,0.04,1.5,-28.640620504034015,702,0.21794871794871795,-85.2553033149113,0.0714292959693819,52102723ab097559a500803be83a3cba0f38542a45a9a33020e659a8e83ed51f,14.0
2003-09-10 to 2014-12-31 (eleven years),582,36,0.04,2.0,-5.486349183027082,492,0.22154471544715448,-74.64948045025255,0.12581335926219875,575165aceb8a387e77cc948955a24756d078ce77e2074df73d59ea29fc481ad5,14.4
2003-09-10 to 2014-12-31 (eleven years),583,36,0.04,2.5,4.3256194274852895,341,0.22287390029325513,-62.937294986288435,0.14589217794008663,f240feb20e5b85d906d9eb2fce788d0b25700236149d6bc76b104bada4a54bb4,16.6
2003-09-10 to 2014-12-31 (eleven years),584,36,0.06,1.0,-97.335569985717,1285,0.19688715953307392,-98.40963825286852,-0.6413437602471873,8739cdaac3ebdf00c0a016c27ed0fbd1582e7a57bae5bcd3f54cfaca3b0cf6d7,13.8
2003-09-10 to 2014-12-31 (eleven years),585,36,0.06,1.5,-87.59465224340649,864,0.19907407407407407,-89.98057248966222,-0.40218785329004425,dc37b0e955e60fbf4dacce96bc878d6332b949eef2c2906a9d8ecd1c22211155,16.3
2003-09-10 to 2014-12-31 (eleven years),586,36,0.06,2.0,-70.95553496853773,569,0.19859402460456943,-78.84221868716598,-0.27068406994860805,260e87730551ca4abc295a3ac9dd49f936954a2648bfecb249a0a3a4d3850356,16.9
2003-09-10 to 2014-12-31 (eleven years),587,36,0.06,2.5,-14.269249147264695,374,0.21657754010695188,-58.16206735498335,0.06418694192237677,ac611b311aa3e58ab644be696c571b201de6add2ff4b23a8825da5840b85d127,17.7
2003-09-10 to 2014-12-31 (eleven years),588,36,0.1,1.0,-99.95532664685678,1778,0.18166479190101237,-99.96455656739694,-1.2936436760778107,77781eae297d62fd11d6b058819d7d6cf29c3411c94b3aae07eae0d1c6edfa69,15.0
2003-09-10 to 2014-12-31 (eleven years),589,36,0.1,1.5,-96.61857576283958,1113,0.19137466307277629,-97.82302138215859,-0.6614345689702588,235d4d8533852284fca57af701c3b4c7c57d1bf946eece860d2b068a78a57056,16.8
2003-09-10 to 2014-12-31 (eleven years),590,36,0.1,2.0,-81.03244597905658,664,0.19427710843373494,-90.58406424172662,-0.39480620481645745,a58307085b364300af3ae92d6e48db1d2a15d2ddc8a739c049c41a647e2ff93c,17.7
2003-09-10 to 2014-12-31 (eleven years),591,36,0.1,2.5,-40.64866880195261,419,0.20763723150357996,-69.52166961634107,-0.08969143381586,b121a4d220867a9a1153a9717cdb909c0255b04524eb1977fc15aef5d61580e3,19.4
2003-09-10 to 2014-12-31 (eleven years),592,37,0.02,1.0,-95.44743690424251,550,0.16545454545454547,-96.40835561684355,-1.0135030555629165,e00f9f172f2e12f9980d3dccfc3b51ef33cc4ecaa96b66ec090f54760d8b2efc,11.2
2003-09-10 to 2014-12-31 (eleven years),593,37,0.02,1.5,-73.7291192662108,464,0.1896551724137931,-84.74850580937118,-0.43893008392864513,3973280fd5e7e19acd8a3670a4b6e4737633aaab6d7a9501ab46ca84a436709a,10.5
2003-09-10 to 2014-12-31 (eleven years),594,37,0.02,2.0,-9.031355771950537,377,0.21750663129973474,-54.657700069457995,0.07429628012139973,b2ecbd688dbc2b3e086252597f25ae5d1510f008a4ab0e67dd764db33bd01a1c,13.8
2003-09-10 to 2014-12-31 (eleven years),595,37,0.02,2.5,32.90795632600162,275,0.23272727272727273,-46.75948163944811,0.25266181018561545,72822d42dd62cf4bc67b0694f85f88ccc4dc4deae2ca62d4e63129c84dbeec7c,15.5
2003-09-10 to 2014-12-31 (eleven years),596,37,0.04,1.0,-99.15352400142486,1008,0.17857142857142858,-99.48036775531435,-1.0472769101759418,1c65573026397eb78af9082f96af47a5d351835fa49cfbf107138e046abd9b37,11.9
2003-09-10 to 2014-12-31 (eleven years),597,37,0.04,1.5,-93.42986307111676,732,0.1830601092896175,-95.34803209880324,-0.6554090209866591,e97e96bf8fed468e7dfd819e4dce491e28d7944feab8a81b789616e4b748910c,13.3
2003-09-10 to 2014-12-31 (eleven years),598,37,0.04,2.0,-59.53209264604873,487,0.2032854209445585,-82.58335246952889,-0.1919276500016672,e6e90b7fefe22854c522ed7d1ec401543c95f7044d0ad1b663e6a6d7b7604b99,17.2
2003-09-10 to 2014-12-31 (eleven years),599,37,0.04,2.5,-5.624933429265659,357,0.22408963585434175,-54.46741208727022,0.10512850553505243,8c0b01c02d4b683eded296e11f651c0fbbbfdd713ca72508b0218c2b192d26d7,16.7
2003-09-10 to 2014-12-31 (eleven years),600,37,0.06,1.0,-99.53150431123005,1364,0.18035190615835778,-99.7974622086388,-1.0232515447639001,e316f19ce644be6a241441e75dfde503cb0008bc2128d5afbb40adddc7806c06,12.4
2003-09-10 to 2014-12-31 (eleven years),601,37,0.06,1.5,-97.4369151099768,959,0.18143899895724713,-98.55643067804962,-0.8089617458335764,7efd8d1508c1fd477dea4c8e81190a889e923c87cfb39510fc8aac98389a12bb,14.8
2003-09-10 to 2014-12-31 (eleven years),602,37,0.06,2.0,-77.17227190828694,613,0.19575856443719414,-88.75163109809681,-0.33450188609870146,eb61a3960ced7e84f61502ee02e14f43a356f12201dd5fc6779c6ba95bcbd088,16.4
2003-09-10 to 2014-12-31 (eleven years),603,37,0.06,2.5,-15.835184644448377,373,0.21983914209115282,-55.81370100706695,0.05618166745472018,3aff134f596f264716d82ec5b1e4d1b9a831f251db87fe63ba8d2ea9435f8b49,17.1
2003-09-10 to 2014-12-31 (eleven years),604,37,0.1,1.0,-99.93425380060104,1826,0.18346111719605696,-99.96170402951715,-1.202279046556684,476f7638ca4d66e8ed572dcee49da955414b6ac7c1fd653a431e13156786a352,15.0
2003-09-10 to 2014-12-31 (eleven years),605,37,0.1,1.5,-98.94824673580271,1143,0.18022747156605423,-99.18470597360908,-0.9656281934373669,fce9218c0b2ee2f672e369476dc706e040b128fcbafbfe7b619460f7ddbe000c,16.6
2003-09-10 to 2014-12-31 (eleven years),606,37,0.1,2.0,-22.01493940305967,621,0.21900161030595813,-63.960922200841175,0.08030361876130435,556b145371d3f3cbb1863f5f5b5e724a6f74459b34e3dc9ea25192fd289c7b91,18.4
2003-09-10 to 2014-12-31 (eleven years),607,37,0.1,2.5,46.267500463058845,399,0.23057644110275688,-52.15525669493343,0.29036081291046284,cea6b32446239f1d9eaddfed9677b01079607867cbd00f9391c0c7b99d2b7878,19.6
2003-09-10 to 2014-12-31 (eleven years),608,38,0.02,1.0,-86.39922915067923,568,0.18485915492957747,-93.75933976986767,-0.600766216496671,0b2c2cc105093afa4bee738c1f20cb342c32b31895bbed58c505a630a44cb6d3,11.1
2003-09-10 to 2014-12-31 (eleven years),609,38,0.02,1.5,-73.56801025519502,465,0.1935483870967742,-87.19015222185038,-0.36101907009750556,44618075ccaea1f61d0bbe41d5420d15c9607c48cf0adceef96df373cac78fcb,10.5
2003-09-10 to 2014-12-31 (eleven years),610,38,0.02,2.0,-31.3417211491917,364,0.21153846153846154,-77.55774406070334,-0.030729776903527798,d77f2e87724c04b1bf39af6c8bfa9783e90eed403fcf141bf587241ed3a20261,13.7
2003-09-10 to 2014-12-31 (eleven years),611,38,0.02,2.5,-1.364737810697293,281,0.22419928825622776,-63.418919618688484,0.10891760751132439,40304b03b0d5115cea3085fd292f718b178211466db32cd792b9322ab36ec469,15.1
2003-09-10 to 2014-12-31 (eleven years),612,38,0.04,1.0,-99.28371272767032,1034,0.17794970986460348,-99.56901554372142,-1.074940960419486,dff45d84bb07d685bd86abb959f8286f5f4662a12ad42b25c815e9c4e2b4c122,12.2
2003-09-10 to 2014-12-31 (eleven years),613,38,0.04,1.5,-96.66342794182691,754,0.17771883289124668,-98.14450821279888,-0.8707521164353847,02482f41bd20bd4114a0d773f29b6b7be2733a9cc6847d7b602588c0a7643c51,14.8
2003-09-10 to 2014-12-31 (eleven years),614,38,0.04,2.0,-78.48582596322615,559,0.19499105545617174,-85.81819082805517,-0.3957121354026894,9e36ae54748a0e97e22a1a2895b014a700821e93efcd183635e2153bcd41809b,15.2
2003-09-10 to 2014-12-31 (eleven years),615,38,0.04,2.5,-63.323641671754295,392,0.19387755102040816,-68.44009272812642,-0.2961969596805737,7a53611bc5074910c89e2239b524d21e1e6e20f30b76e94905313e333786d91f,16.6
2003-09-10 to 2014-12-31 (eleven years),616,38,0.06,1.0,-97.53982247940893,1326,0.19683257918552036,-99.11375814336353,-0.5958621029436352,abacf7526c8c4844f8b9ac20f108df1c360014da0082abee04563d74e4f3950a,12.5
2003-09-10 to 2014-12-31 (eleven years),617,38,0.06,1.5,-75.29556268412284,904,0.20575221238938052,-92.27484993074653,-0.1920870724555924,0699c2b90281295af66f0d278ad7608b2fcfc3196df5f1b613b9eaa9a6f81341,15.3
2003-09-10 to 2014-12-31 (eleven years),618,38,0.06,2.0,-62.74292808590533,570,0.20350877192982456,-84.58907658706065,-0.17882506998541797,ad64a6100952953fa75b65a6af7ed005cab7ef0dfe7d9719573cff3d8b64ec3d,16.7
2003-09-10 to 2014-12-31 (eleven years),619,38,0.06,2.5,43.136320307860856,392,0.23214285714285715,-65.50530974852666,0.281043915664113,40e8d7fff386cbd6a9ebc22d95ea4536b4de9df4d429a1f3a3d50eba42fa069d,19.3
2003-09-10 to 2014-12-31 (eleven years),620,38,0.1,1.0,-99.89646523069511,1773,0.18161308516638466,-99.92788263681189,-1.14823957790969,2f5d1fa1f10d6d9bedf0b03b8063098fa447951a3f3f812af231f539e61aa3cd,14.4
2003-09-10 to 2014-12-31 (eleven years),621,38,0.1,1.5,-95.86645900527803,1082,0.18946395563770796,-97.75716002521722,-0.6179567189285518,8288fd1ab436df9b316d7d343f82bd78770a58785275ca61ff52f5094ce48ac9,17.6
2003-09-10 to 2014-12-31 (eleven years),622,38,0.1,2.0,-67.51913410569857,648,0.2037037037037037,-84.98025489261548,-0.2060197899279651,c5d6585a23d33e41dda2e1e38c94df698c141beef85443a6d8563e803fc7a657,18.1
2003-09-10 to 2014-12-31 (eleven years),623,38,0.1,2.5,1.1213934498453284,427,0.2224824355971897,-53.13946406228317,0.13788111677164497,98399e08884662aa007f070b998c4f71ba7454bfa3f97f5c5cd11b4ee58bb714,17.3
2003-09-10 to 2014-12-31 (eleven years),624,39,0.02,1.0,-93.02038071584613,543,0.1712707182320442,-94.26479787451528,-0.8402793312658688,2c62b9a2c2b91c38f104fbd21af17deac9a8fe494d74af42b0405c6d3fe61d52,10.8
2003-09-10 to 2014-12-31 (eleven years),625,39,0.02,1.5,-89.43996147790043,459,0.16993464052287582,-93.03016189723101,-0.7722440314069074,b8f1af145a673e67aab4d412d7147165acee5aa847ddc1b1420939e06b02d58a,10.8
2003-09-10 to 2014-12-31 (eleven years),626,39,0.02,2.0,-66.28568456883403,347,0.1873198847262248,-75.11232692050456,-0.3512286871193024,3e47c13d82f31c1c0ca24ff95e241ce1a95afc93ee5d0ecdfe02a4a54de725e7,13.1
2003-09-10 to 2014-12-31 (eleven years),627,39,0.02,2.5,-3.025166183222459,267,0.21722846441947566,-58.202275691677066,0.09190623947088583,ac23d7e2620d18d2f3847911ac5cda5e9d163612e4772333baed489612c0d108,14.5
2003-09-10 to 2014-12-31 (eleven years),628,39,0.04,1.0,-91.0983255647813,984,0.20020325203252032,-95.68375156655551,-0.4514894859197565,5c17e2fa1c697d1ced343b9595321498663def0a22a64bb944761c34fcba1062,12.2
2003-09-10 to 2014-12-31 (eleven years),629,39,0.04,1.5,-70.57176542674884,720,0.20416666666666666,-81.50159791890417,-0.22006758901900259,318260f136e0a8aedd4ae310eac78e735673a694911990a21308c6e60ed2de22,14.7
2003-09-10 to 2014-12-31 (eleven years),630,39,0.04,2.0,49.392231530984496,514,0.22568093385214008,-49.60955669500443,0.29670297875194684,02ed28c2d5ce47642c10a7c9e2c2b88323c132155631e259936b77f394e23cb8,13.7
2003-09-10 to 2014-12-31 (eleven years),631,39,0.04,2.5,157.20241372465762,356,0.2443820224719101,-31.8562623098667,0.538578808113994,05e124b59b08f383a2a4f1a72b0888a35fd1ae0fac44a0caac9de1eee71d5cfc,17.9
2003-09-10 to 2014-12-31 (eleven years),632,39,0.06,1.0,-93.73976552252968,1299,0.1993841416474211,-96.08836370838556,-0.4265446608949157,1de9e3c0f031d3778f7f46a8539b92251664ac9180b6284145b35de3fe951d9a,13.7
2003-09-10 to 2014-12-31 (eleven years),633,39,0.06,1.5,-82.3996409312503,867,0.19838523644752018,-91.51437235566048,-0.2958093786494024,f5b380c4a6efb386a68e80638d0cbd24bdf1acbd67caa7dae30b2aacc2023cc7,15.8
2003-09-10 to 2014-12-31 (eleven years),634,39,0.06,2.0,38.636817999519536,543,0.22467771639042358,-51.83062980139221,0.2704228523514191,3ef60ac1a95bc35a76ce3ad639206361eacc341fb7233e1dc04c53888117573a,17.6
2003-09-10 to 2014-12-31 (eleven years),635,39,0.06,2.5,7.079820327531593,370,0.22162162162162163,-50.39837790447713,0.15680494603108414,8f9b77036588df4c620ececb3efa53ca980faeafadfa1bf9247b5c820936edd0,17.6
2003-09-10 to 2014-12-31 (eleven years),636,39,0.1,1.0,-99.91702529916682,1779,0.18437324339516584,-99.96134476800805,-1.129737922985884,895c0c6966a02b488952d3bc8245537003601be65962ba6b21263f1c1f413a15,15.5
2003-09-10 to 2014-12-31 (eleven years),637,39,0.1,1.5,-91.27139323793119,1048,0.1965648854961832,-94.78909087580169,-0.416069415078614,b67b4f73634d12459a72c91d1989bb56729e5e536d735440285c6d69cea8837c,17.2
2003-09-10 to 2014-12-31 (eleven years),638,39,0.1,2.0,-52.21606614665619,686,0.2099125364431487,-81.76955505455791,-0.06461049546820623,d9f2a1febd87f51cb7f164fb8956782e99cffa493aaf9b4cc3cd6f740343287a,17.2
2003-09-10 to 2014-12-31 (eleven years),639,39,0.1,2.5,-16.401120080107276,437,0.21739130434782608,-68.87157221100611,0.06169479309180807,9d87131e83f864b25023f47df9c7d5ccbae8bf6a9748fe725c4c411c91ddc0e4,19.6
2003-09-10 to 2014-12-31 (eleven years),640,40,0.02,1.0,-76.7034038765201,570,0.2,-84.64762865193718,-0.3596520335584751,5ff6cfef091ab639ad81060d2ba3545de142989d96bd54e1e9899c36f0e52bb6,10.4
2003-09-10 to 2014-12-31 (eleven years),641,40,0.02,1.5,-75.24924127522073,483,0.19254658385093168,-86.38058064172515,-0.38424321601304967,05c0c4d1c98f862e11e4680003ac10dfae38ed1671bfe77acb39d7f623a5cb21,11.9
2003-09-10 to 2014-12-31 (eleven years),642,40,0.02,2.0,-55.958463575967045,396,0.1994949494949495,-82.8786422878999,-0.21807249716963176,7d8b13f5acd075434180b73b2539ff2cad50f124cac129665f7406e061798784,12.3
2003-09-10 to 2014-12-31 (eleven years),643,40,0.02,2.5,-51.14143166460147,302,0.19536423841059603,-76.60021841179288,-0.22841928824356506,f02933997c2b08d45a2d3b6a301ffb4af4b8246be6548311b44853301583cd40,14.7
2003-09-10 to 2014-12-31 (eleven years),644,40,0.04,1.0,-91.94314954141667,921,0.1986970684039088,-95.12416241151608,-0.47456856335030495,26271f3c623c4910fff6dc354b6ffd87932c075aaeb2f572fee9bc9d88d35e39,12.4
2003-09-10 to 2014-12-31 (eleven years),645,40,0.04,1.5,-83.94665273837,685,0.19562043795620437,-86.84472630177595,-0.4256208192730733,333b8adcfe4dd2269c42ec67a795bf9a3022f3d42ad01cb9d47672ef6c2cddc4,14.5
2003-09-10 to 2014-12-31 (eleven years),646,40,0.04,2.0,-39.46631940908693,493,0.21095334685598377,-61.307272868175076,-0.0343944875908601,d4065ebdee58c8682a881faa5d050517d844a1454625f81346e163f56077a13a,16.7
2003-09-10 to 2014-12-31 (eleven years),647,40,0.04,2.5,-43.482241458384564,362,0.20718232044198895,-59.65634717391078,-0.12601381629103503,cf94854aa5705aa9a9a2ee8da845b70078486c41f9ba688099696398af09310f,15.4
2003-09-10 to 2014-12-31 (eleven years),648,40,0.06,1.0,-99.78737281016176,1323,0.17762660619803478,-99.8263945557248,-1.2392708236369259,4d7ae2a00d5f0dc38090189745ec4ecae8cc21897ae6cceb1b877b4255d37773,12.8
2003-09-10 to 2014-12-31 (eleven years),649,40,0.06,1.5,-94.63053904055224,899,0.18909899888765294,-95.16153193884396,-0.6261674214201763,e6a3728ede574d041808c50e5c43bf5eb64b59c636b0a9636f08792ffbf41b64,14.7
2003-09-10 to 2014-12-31 (eleven years),650,40,0.06,2.0,-39.52943393224668,578,0.21280276816608998,-69.54277107040446,-0.020828345382982866,f584e47d4746385e34a268be2c6a296987942e39227d74f13871cdb979b6bd23,17.1
2003-09-10 to 2014-12-31 (eleven years),651,40,0.06,2.5,32.98430691810134,389,0.23136246786632392,-54.91759430620926,0.25105359948907174,f94460cef53877f9d9bb752c2c98820d9d3cfb4d66818f875ae2e1479ad8c247,18.5
2003-09-10 to 2014-12-31 (eleven years),652,40,0.1,1.0,-99.42009178331942,1750,0.1977142857142857,-99.66445806012753,-0.7814349256497538,055135001f6201566539936aa937e35c69398a9ba04510a234543ef0f000287f,15.4
2003-09-10 to 2014-12-31 (eleven years),653,40,0.1,1.5,-98.62085358540494,1096,0.18248175182481752,-99.00564566547075,-0.8744691092947485,458a29eec691dc7da316e65e91595e12d377476507c42138a97b26854918699c,17.7
2003-09-10 to 2014-12-31 (eleven years),654,40,0.1,2.0,-33.959261752286515,658,0.21580547112462006,-73.84476829601486,0.03430030325107906,9836221cdab88e1a858b04eb75ce2804dceec12cb4bd536f68ebf6db037a9b39,17.3
2003-09-10 to 2014-12-31 (eleven years),655,40,0.1,2.5,-0.7242020197266993,408,0.22303921568627452,-54.76965863903288,0.13055376389695117,7eeb39c73f395eb5b96aaf38b7fbd8e5adce21619119a2904002ab13b7369ef8,18.3
2003-09-10 to 2014-12-31 (eleven years),656,41,0.02,1.0,-93.42348377941978,544,0.16911764705882354,-95.74723294930435,-0.9515314617681457,6b110157f394ef0c3493f985bafeb129763d2e020f360c1658a002f0784ad9ff,9.8
2003-09-10 to 2014-12-31 (eleven years),657,41,0.02,1.5,-69.28711597277709,441,0.1927437641723356,-82.5945296782509,-0.35087090901361595,b5ce688d8f73e2f4c1ada67ad48c988c5f4b70c7379fbd4602d8a757b1047697,11.7
2003-09-10 to 2014-12-31 (eleven years),658,41,0.02,2.0,39.939705639546204,329,0.23100303951367782,-37.26756758736265,0.27497323819722397,d3829f3caefbb73e0c7fc482a6b6eda8f569221a87fa76ab1be8bf278d71b4da,14.1
2003-09-10 to 2014-12-31 (eleven years),659,41,0.02,2.5,239.87678946957485,241,0.27385892116182575,-30.952949781546955,0.7523874850544069,137d723bbf6d7dc514e2573e892880374a64d6edf618adaaa083eacc33bfb3f8,15.0
2003-09-10 to 2014-12-31 (eleven years),660,41,0.04,1.0,-85.73735038007649,995,0.20301507537688443,-93.78448870364305,-0.32942103137253376,726c03bab72abf1a831e90d453db85e5fba7af636505b4c75835debcb0a108b3,11.3
2003-09-10 to 2014-12-31 (eleven years),661,41,0.04,1.5,-90.21213940884172,727,0.18982118294360384,-94.56891126105644,-0.5413295671985543,13ebae000d9ad1f99e4fd2d1125158415746f9ac679c1668838b24187f9b517f,13.7
2003-09-10 to 2014-12-31 (eleven years),662,41,0.04,2.0,-10.634863098797833,486,0.22016460905349794,-61.116541450545924,0.10800459104930674,d20d8e9e2c66a066b9b312626c15912ed52053892c16d33355209bf2d61c433d,16.6
2003-09-10 to 2014-12-31 (eleven years),663,41,0.04,2.5,-36.97968632040588,350,0.20857142857142857,-60.35996184670156,-0.08304782045101938,8354a704778eb56f5f5d5a528a906c87ae86a7f6f0e009b9621989681a5a18eb,18.7
2003-09-10 to 2014-12-31 (eleven years),664,41,0.06,1.0,-92.3140303658029,1283,0.20265003897116135,-98.63506326648547,-0.39570918557978924,1ec53cf88a9705f9ffd8dcc8befeec31750467cb8d95614ffe46f9759c9a2290,13.4
2003-09-10 to 2014-12-31 (eleven years),665,41,0.06,1.5,-40.35585200719336,854,0.2154566744730679,-88.21285011081392,0.04362741707612541,03c28b96cde910adc394f834af996ac90e9c28a8eb1d9b78d2278f0816dfde95,14.0
2003-09-10 to 2014-12-31 (eleven years),666,41,0.06,2.0,2.287839840331253,551,0.22141560798548093,-75.0293186546981,0.16449397290436527,ab84235eefa63cc04b3720320a82498f622ae3ba7fa647ce2ee1e3a9611781d0,16.9
2003-09-10 to 2014-12-31 (eleven years),667,41,0.06,2.5,62.08505906976003,354,0.2344632768361582,-51.64496135059488,0.33483785776106184,ba3c0180067eed2334476af28b80597b6b7f2a423e2ce87510bc88228ca58a23,18.2
2003-09-10 to 2014-12-31 (eleven years),668,41,0.1,1.0,-99.93093380026524,1846,0.1847237269772481,-99.95909482306669,-1.180607348991341,e8bdf31b77493afb6de90057a23870045c408dfb7458a713677cb056d0c5a2c1,14.9
2003-09-10 to 2014-12-31 (eleven years),669,41,0.1,1.5,-93.43679417592755,1051,0.1950523311132255,-96.58299021094588,-0.4992014233374028,8dd8065512dce212ee6aaebbe41d5f0c147f8a1dfae411e9af7679e6b17ee41b,17.5
2003-09-10 to 2014-12-31 (eleven years),670,41,0.1,2.0,-21.15297046273591,660,0.21666666666666667,-71.9707847085462,0.09034103185068412,b055a1e963a97e0e57c2b6e953ba1bacd520bd8f036ff6374df8d786feb8aab5,17.2
2003-09-10 to 2014-12-31 (eleven years),671,41,0.1,2.5,26.887877887221634,418,0.22727272727272727,-48.19357371435829,0.2317207075276134,76cc424569b3f609e5a3e66aef8bb719be329422cc610ce918252159e9fbb074,19.8
2003-09-10 to 2014-12-31 (eleven years),672,42,0.02,1.0,-95.07065783896628,596,0.1761744966442953,-97.40997458847474,-0.9282029906308036,54f854343172079b5e3f9adea7f8378cf6a3260aab5610ca4139740182817b1f,10.3
2003-09-10 to 2014-12-31 (eleven years),673,42,0.02,1.5,-79.87180272962739,490,0.18775510204081633,-87.87240520509513,-0.5047636953761794,a207fd1e532e4f27f6d9b206a60b5a267d66fc65aa304a64055b5217921657de,12.0
2003-09-10 to 2014-12-31 (eleven years),674,42,0.02,2.0,-43.09237458943826,403,0.20347394540942929,-63.07362304135559,-0.1183150688985929,3d55b87d5bfc51ce5a2441f175e3ead5fd36ec46e5103cf32e8b3607f02adb66,13.4
2003-09-10 to 2014-12-31 (eleven years),675,42,0.02,2.5,-38.5327593252755,329,0.20364741641337386,-63.705794720262475,-0.1238138445175066,292e59cd147ae351788fc2d020165e91ba51e734b651be6f98875c05cfe0973e,15.4
2003-09-10 to 2014-12-31 (eleven years),676,42,0.04,1.0,-99.17662313364907,1011,0.17606330365974282,-99.67075976591569,-1.064222652249601,57f37cab5b2f6d5fe3732e8adb4f0577228c1bfda5d50e410e65e6e4c1a08030,12.9
2003-09-10 to 2014-12-31 (eleven years),677,42,0.04,1.5,-87.2549689795119,735,0.19319727891156463,-93.68709498081745,-0.4474101451412758,23bad5f9e0bfd8bad15456c54cdfb3043a780f581cda8f5ad9c4875e34797d43,12.7
2003-09-10 to 2014-12-31 (eleven years),678,42,0.04,2.0,56.83445074735041,498,0.23092369477911648,-64.51976445653172,0.31494046418719535,a2aa6f068a40e35d7afb8f501e5c70ec37e655c80b75b0351fc8b2f82e270c09,15.7
2003-09-10 to 2014-12-31 (eleven years),679,42,0.04,2.5,26.136972521805856,365,0.2273972602739726,-57.64098762189914,0.22776701392580667,7637a4cc086b15c0e2ee087960c26d92685c34962475a1b414ece36888d7b42f,17.0
2003-09-10 to 2014-12-31 (eleven years),680,42,0.06,1.0,-88.79492266822173,1334,0.20689655172413793,-96.15160266297262,-0.2615188010031514,3f724e395c132c192966144b25a46396ae38f6000d440b3707474fe506dffa9c,14.8
2003-09-10 to 2014-12-31 (eleven years),681,42,0.06,1.5,-68.59164081221164,889,0.20697412823397077,-84.00074989755966,-0.11175505878354572,1b2fdf86ef06cc809a3b0d79ac8772bd06446068c08949f8cf633dcc497ce7a1,17.0
2003-09-10 to 2014-12-31 (eleven years),682,42,0.06,2.0,-19.140836621442578,603,0.21724709784411278,-71.04765979622037,0.09499379374439247,439cdceb88fbc88fe49d7c1a797f57ca852769fac84b94762822ec5c449318e6,19.1
2003-09-10 to 2014-12-31 (eleven years),683,42,0.06,2.5,167.71520135296345,361,0.24930747922437674,-44.54306464968993,0.5429430511016123,60b764d45b2c1566becfd75eb0c4d639e8ddc9c479f0017a967a8b64bcff1915,20.1
2003-09-10 to 2014-12-31 (eleven years),684,42,0.1,1.0,-96.60636289133416,1779,0.2034851039910062,-98.95693143212839,-0.4268840644339916,0561752d8a48d8a237dc7147ef908ada4e27ff0b6348e96928ecc32512190157,17.2
2003-09-10 to 2014-12-31 (eleven years),685,42,0.1,1.5,-64.49474472389467,1082,0.21072088724584104,-91.07881123744326,-0.05552483028201277,13207ce1f192ad18141bf818e3428bd07a5dd85319a2768ae078e495fed3108a,18.9
2003-09-10 to 2014-12-31 (eleven years),686,42,0.1,2.0,-12.9351312625672,600,0.21833333333333332,-71.69185869906303,0.1156070733079212,1fcfc882f6a615cc92b0c6c5ba1015bb0b6f23dc545a3ea749a48d8b2f450e07,18.4
2003-09-10 to 2014-12-31 (eleven years),687,42,0.1,2.5,54.944886284296416,391,0.23529411764705882,-47.95232945761722,0.3150590993278532,552e256aa6e5f33c6a1b688722c12c6240b6557c91225d332860985c7c408765,18.5
2003-09-10 to 2014-12-31 (eleven years),688,43,0.02,1.0,-90.09764975705177,561,0.17647058823529413,-93.41080046516086,-0.7517600953716954,44904cbc718b7d6d592818e3f109c8725c0fb7d3453ccf0163d3c86387aedd1e,9.9
2003-09-10 to 2014-12-31 (eleven years),689,43,0.02,1.5,-32.60786525261385,448,0.21428571428571427,-65.34341468566889,-0.01411224451630645,6da9962b62dfc1184c61a56e8a3746df579a7553cb91ebd29005b005ff316b35,12.2
2003-09-10 to 2014-12-31 (eleven years),690,43,0.02,2.0,-46.25485324912586,366,0.20218579234972678,-58.345353606780414,-0.13631237858477388,89f913472b77313778b6b56b15c767bd2d6e49982f7ebcd23d08a28777616bf7,15.0
2003-09-10 to 2014-12-31 (eleven years),691,43,0.02,2.5,-27.43085126302126,297,0.20875420875420875,-42.558923133274575,-0.045256971823424856,514b2c8e7d7f4ff89ba4e6dafe621cf13d290b7036e144af3e6679ef3e2e8229,17.8
2003-09-10 to 2014-12-31 (eleven years),692,43,0.04,1.0,-90.53029237906964,993,0.20040281973816718,-96.39642804356293,-0.42197292084038546,f34cb4eb8e5ec2ba258266091bad75d5836072c4c04d256c2606be05d969d630,13.8
2003-09-10 to 2014-12-31 (eleven years),693,43,0.04,1.5,-73.43871453174867,726,0.2024793388429752,-78.22295036104411,-0.23934467470198875,e6916a8038b997929cfca79f8ba54adef45f30db7588bcea81aee689a3e562b5,17.0
2003-09-10 to 2014-12-31 (eleven years),694,43,0.04,2.0,-64.53120018421153,516,0.20348837209302326,-81.2687218615237,-0.233136773808688,1ade1b8541d5e457eee2c77b75f720b8a2c7188626de039bba957e7c2b0dd42d,19.0
2003-09-10 to 2014-12-31 (eleven years),695,43,0.04,2.5,31.414409391641662,379,0.22955145118733508,-49.184445350320225,0.24548869734701778,98191505f1d1ef3cdc18dc3fde1259c45900e92aea415cdcd368334b805b3833,19.1
2003-09-10 to 2014-12-31 (eleven years),696,43,0.06,1.0,-98.43687433690708,1356,0.19542772861356933,-98.69203534086881,-0.7261234858323873,c7395e48212195dbb0bbd57964b6f75a4a1c83d3d24bfe259abdd7929100c953,15.1
2003-09-10 to 2014-12-31 (eleven years),697,43,0.06,1.5,-70.38135051048322,862,0.20649651972157773,-85.16879457597703,-0.14700161445542959,044f5f161fe68141f026fb89896c4ad4ace1f38008f48e8964c0d2259c32a3d5,16.6
2003-09-10 to 2014-12-31 (eleven years),698,43,0.06,2.0,17.35552707553841,553,0.22423146473779385,-73.46510831987543,0.21357844694911465,3a2955177d85db03fa6fac6ba6cb9be0e224b7c958873f02862993c58ed4fe6e,17.6
2003-09-10 to 2014-12-31 (eleven years),699,43,0.06,2.5,74.89636681076097,367,0.23978201634877383,-50.86738967750879,0.3675903630037514,a583ce0cd7f5fa4fc7a6ea15fbe5886e6af6bc31d044154e72da48c8500d98e0,18.0
2003-09-10 to 2014-12-31 (eleven years),700,43,0.1,1.0,-99.72090810867161,1803,0.19190238491403216,-99.80919257061329,-0.8881047815878979,13e8e3eb254ce4df94724ddf5b42e39dc0f85ed3b9cbb5c52ce20946bd88eb76,16.3
2003-09-10 to 2014-12-31 (eleven years),701,43,0.1,1.5,-94.26734922945751,1110,0.1945945945945946,-96.31714325032644,-0.5145212783333539,ddd6321ad0c44b43664400712d8590f6f40dba7d80983be13e166c74292a9e72,17.2
2003-09-10 to 2014-12-31 (eleven years),702,43,0.1,2.0,-6.161500194658006,607,0.21911037891268534,-72.46677184471604,0.14099173372954776,e3f3c2693a74afd11cfd7744c5ec1cda19c68caf24bb23ed5c6a6b30fed5522b,16.7
2003-09-10 to 2014-12-31 (eleven years),703,43,0.1,2.5,-8.662996835558614,401,0.2169576059850374,-60.139261372853326,0.09310408410033211,b3d8721dbfcdd58dbe0ed7ae45f22654bc9e5624eaf8e03aeeaa827e83dbf9a6,18.6
2003-09-10 to 2014-12-31 (eleven years),704,44,0.02,1.0,-83.71150601731475,563,0.1882770870337478,-88.79417676065783,-0.5125020178350098,f838ece5130115e7812dacc7a8cd4cee1d0e62514035ce07ef6d2ee96a434f1b,9.7
2003-09-10 to 2014-12-31 (eleven years),705,44,0.02,1.5,-69.36395153165513,449,0.19599109131403117,-85.32599069200593,-0.33039440975917267,7f01b15babfcedcd3229626117d01d8507abcca7ceef3af31738c09268b54a39,12.3
2003-09-10 to 2014-12-31 (eleven years),706,44,0.02,2.0,-22.103653306559526,340,0.21470588235294116,-60.36101820178394,0.007505881332351057,b81a62ec604e5f7248f68a25a34ba0088b0759f7f5277ba699af501a402eee16,14.5
2003-09-10 to 2014-12-31 (eleven years),707,44,0.02,2.5,12.530392320142129,282,0.22340425531914893,-48.73171379969271,0.16900113720241852,a8417abb6da4cbdda8bbab17138aaa03f129952fcf4044156fe69eb81a578dd8,15.1
2003-09-10 to 2014-12-31 (eleven years),708,44,0.04,1.0,-89.26821437750444,988,0.20242914979757085,-95.25937484355688,-0.3949770609235364,9c6b6f18a152a043f27316ac28a529a8181e689e27d9bf8536bd222b34aba4c4,12.4
2003-09-10 to 2014-12-31 (eleven years),709,44,0.04,1.5,-76.19843561505971,729,0.20164609053497942,-89.98669782180248,-0.2583257619862075,0d52b16dbc0b4770fa129c21ba2ed832f5e33fc6c893125a1d31ac5da357bb20,15.1
2003-09-10 to 2014-12-31 (eleven years),710,44,0.04,2.0,-6.585096967066825,489,0.22085889570552147,-65.10229921149973,0.12750105075560267,b5992e90fc43c539b96280ccdfd021913356402e922be3b17eb03bbe12664a34,15.8
2003-09-10 to 2014-12-31 (eleven years),711,44,0.04,2.5,69.0458721040299,371,0.23450134770889489,-64.23617441377367,0.3549929049030681,275298a633f6d2df3c73128379bc07eee11162865a4c85e68d5751f2e75a7956,18.2
2003-09-10 to 2014-12-31 (eleven years),712,44,0.06,1.0,-99.47252724382162,1294,0.17928902627511592,-99.53076942516526,-0.9914518067783187,6347499e7da8cd47e6a873a08dc93c6c19b2231bc1c895f771d332037cd71819,11.7
2003-09-10 to 2014-12-31 (eleven years),713,44,0.06,1.5,-87.99150297830103,904,0.19579646017699115,-92.7224558018393,-0.3929441157502402,8802cfd701295431293edbe688cc06e1aa0fd1095efd6604f5d9d1159fcc6891,14.4
2003-09-10 to 2014-12-31 (eleven years),714,44,0.06,2.0,-27.678514044677787,595,0.21512605042016808,-68.08869278701945,0.051367504290757815,5c58a6b0ace668196a7052d0e2214196a1ab81e3d94585baa3526e79e5de35ef,17.6
2003-09-10 to 2014-12-31 (eleven years),715,44,0.06,2.5,114.96377304507324,414,0.24154589371980675,-50.38100493713979,0.4487166680629179,8a61523419fa75f3ad6aeb613ba033a91105b9c6b3ced9a4a8cb9137fd161a91,18.6
2003-09-10 to 2014-12-31 (eleven years),716,44,0.1,1.0,-99.53350527143155,1756,0.19248291571753987,-99.75249749522241,-0.8303813882344239,d25a50f89615e5f10a502be61c755d2ea02503049dc8968c4f50c3080fd7a27a,15.3
2003-09-10 to 2014-12-31 (eleven years),717,44,0.1,1.5,-97.41535575188426,1056,0.18371212121212122,-97.94311835006373,-0.7303340230874312,02530c116cd0934041cf2124c1dfee805074d903ad960acebfddc0d901425e5a,15.3
2003-09-10 to 2014-12-31 (eleven years),718,44,0.1,2.0,-77.88093845279515,680,0.19705882352941176,-88.50526312818945,-0.32108778049983305,ce150f353579deb7e60893f1d0c00ec9cb9aa28e866950f7cd70731aba7f3db8,18.1
2003-09-10 to 2014-12-31 (eleven years),719,44,0.1,2.5,23.106281747501733,407,0.22604422604422605,-61.423137449683274,0.21910488583914578,0679048e75a9733c310fd1a7f30319181251671cec5d35b6aacb2b4e473d7b94,19.1
2003-09-10 to 2014-12-31 (eleven years),720,45,0.02,1.0,-97.49863179625893,578,0.15916955017301038,-97.83740944043873,-1.2026178598225556,c37bb9512048de1221152348422a2fb206acb45b386f23d3d76543da4e884bbe,10.2
2003-09-10 to 2014-12-31 (eleven years),721,45,0.02,1.5,-70.6611001273055,488,0.19672131147540983,-76.72701404586608,-0.3495858478855525,f1ddd54d4c1bd32d1235514f5cbb99bef3b319c7c1db59a177a0b0f45c75c207,12.0
2003-09-10 to 2014-12-31 (eleven years),722,45,0.02,2.0,-66.62224715794488,372,0.1935483870967742,-75.3296977904204,-0.36196975601358017,5baae45049cd8e87bac74e11ece1e8c4f65375a4deade3a8904dfa5e365a3709,13.3
2003-09-10 to 2014-12-31 (eleven years),723,45,0.02,2.5,-31.95109922699782,282,0.20921985815602837,-62.268733275029476,-0.06952418874872095,a760a66168cfcef2ba2fb428309a97e97fd06a2bf32d7f09a93f595a6391f974,13.9
2003-09-10 to 2014-12-31 (eleven years),724,45,0.04,1.0,-94.20138473866521,999,0.1921921921921922,-95.95464061361494,-0.5462654885054414,e72da32c77bcd333233baba3d78ca8b5912a3805b5d108269e3f93371236def6,12.1
2003-09-10 to 2014-12-31 (eleven years),725,45,0.04,1.5,-74.30514030259921,727,0.19807427785419532,-81.59323695389105,-0.23520852189677288,59fbaeee54316e7057f276165ac56ba1ed437753f4318d0e2fb02f3929244c3f,14.4
2003-09-10 to 2014-12-31 (eleven years),726,45,0.04,2.0,-29.85799158459824,505,0.21188118811881188,-73.9425673498876,0.019512801080380855,9b7e519e79816c90c80efa019f545ece05919b0330760e80a9b6e23a50b01faf,16.4
2003-09-10 to 2014-12-31 (eleven years),727,45,0.04,2.5,-23.005750443796412,360,0.2111111111111111,-70.81935063499903,0.01112460240864766,3ad66aab5e8bf9baa3854cbcbafa1d943dc08d5e89f15e36da5996a473638cf5,17.4
2003-09-10 to 2014-12-31 (eleven years),728,45,0.06,1.0,-98.42561524665618,1342,0.19299552906110284,-98.91384865466351,-0.6922988882730627,427676bccf9e10ea0f13bfb0b4c8e90917283231935357d2601e1fbc8a839b96,13.3
2003-09-10 to 2014-12-31 (eleven years),729,45,0.06,1.5,-94.63055545740289,920,0.1891304347826087,-95.65626683629644,-0.6111379716334474,fbf04f521dd4870713cec8773c1e3e4887f0877be0a5a00ed26abe79511200d1,13.3
2003-09-10 to 2014-12-31 (eleven years),730,45,0.06,2.0,-53.640602425724495,618,0.2087378640776699,-73.24972511218706,-0.08974603728677238,fa33e218c37d900f85ad720d3b568b1b4b52022c13426ee4dc7afcf8fb29c52c,17.0
2003-09-10 to 2014-12-31 (eleven years),731,45,0.06,2.5,48.56090797108541,386,0.23316062176165803,-46.23502171719538,0.2963192052305618,2f5ce07b464cef0461a398554ea14569d1f0157bfd0c7e56bf73693a2a8e01dd,17.8
2003-09-10 to 2014-12-31 (eleven years),732,45,0.1,1.0,-99.8956594159692,1842,0.18458197611292074,-99.92266569882227,-1.072785427724819,ae6185c901f94df1b14be90ca4729dcadde1026531631c8828a13687f4a16191,14.8
2003-09-10 to 2014-12-31 (eleven years),733,45,0.1,1.5,-45.07780396784518,1062,0.2137476459510358,-81.07381399834502,0.06303632731926612,9879f5a3bd0cb76b997d6617477d6bb00d2aa5e75334d60f47f3a543f9c337e6,17.7
2003-09-10 to 2014-12-31 (eleven years),734,45,0.1,2.0,-62.075014315632124,679,0.20471281296023564,-84.85504353499603,-0.1400026463508365,bbfd43c0fcf1f22ec0fe7a335795a26e10f65865a32cab89e6ed539cb7b6859f,18.5
2003-09-10 to 2014-12-31 (eleven years),735,45,0.1,2.5,5.944423731944975,405,0.2222222222222222,-65.84536465934674,0.15856043424837202,dd5926fa4d52a382d25058821f736881e955da39b7ee6e6484e2a6fb169b14c9,16.7
2003-09-10 to 2014-12-31 (eleven years),736,46,0.02,1.0,-89.43869619242099,544,0.1801470588235294,-95.53051530218947,-0.6784295378311992,27932c5713dc8ce7d3d8875a7a21ad06c61016449c635989286d28301ff804bb,9.4
2003-09-10 to 2014-12-31 (eleven years),737,46,0.02,1.5,-60.793226126470316,472,0.19915254237288135,-84.1108194785766,-0.21734263284374714,fc063dfe9fba693a2650df4b4f38aecbad89075b014acd2931b0ed1121ad1a5d,12.3
2003-09-10 to 2014-12-31 (eleven years),738,46,0.02,2.0,22.122414924359074,381,0.22572178477690288,-66.1613195494377,0.2145443016908475,394e284ceaa75bd99e574ac3f5d0e6a669f5c3376cef2511ab9a4c27a8914c86,14.7
2003-09-10 to 2014-12-31 (eleven years),739,46,0.02,2.5,23.43568142705581,279,0.22939068100358423,-61.69940235090139,0.21543346494411914,6bf59cbd8d5514e6df8528f8ce59676f33a08d3ab533fe92faf1ae9cccf53949,16.4
2003-09-10 to 2014-12-31 (eleven years),740,46,0.04,1.0,-95.8099477248434,936,0.18803418803418803,-97.28607713669018,-0.7169263153659282,6907394b7b72d57f4267e1d34220e8c7a7880c6f56d6cc7a891ca0b7fcf8b783,12.5
2003-09-10 to 2014-12-31 (eleven years),741,46,0.04,1.5,-66.05414269945524,686,0.20699708454810495,-82.90550450788399,-0.16844128217287885,0b86d89c3401a9016db1430c6d912da37dbd36f30311aa8e2a7ef51cd3affb75,14.7
2003-09-10 to 2014-12-31 (eleven years),742,46,0.04,2.0,-45.79669073505087,485,0.21030927835051547,-75.01392127856644,-0.08343312514788542,54cac9359c8e1dbf848db6128ded88aa6358f8e334ded2915e94a160ec806e75,14.6
2003-09-10 to 2014-12-31 (eleven years),743,46,0.04,2.5,49.17829816282912,355,0.23380281690140844,-50.920634381326444,0.30150006605916424,828812c5ad4a56a5ff43b5a7e73d2af2c6162f8169a2c9e87fc8ace823cd6c7d,16.9
2003-09-10 to 2014-12-31 (eleven years),744,46,0.06,1.0,-99.65296027080058,1331,0.18181818181818182,-99.73780823224767,-1.0652182035267672,78d0f060bf329ed616a2b934fa277fd06b10137baa0b6f0fd45ebfac458e2384,12.7
2003-09-10 to 2014-12-31 (eleven years),745,46,0.06,1.5,-80.38032929822442,884,0.20135746606334842,-85.90038402598927,-0.2547256511291936,9ce58c8d9f61a284d0e3ef88cacd546f916211e8436be8cf083e6783f13de497,15.6
2003-09-10 to 2014-12-31 (eleven years),746,46,0.06,2.0,-20.079414039972214,547,0.21572212065813529,-52.7042843087611,0.08481387348365867,2bf8bf4ff1d53a3aa90da59cbff39420f381e808f9b33b6a29d835ec855c4d8b,16.6
2003-09-10 to 2014-12-31 (eleven years),747,46,0.06,2.5,48.54158981728385,388,0.23195876288659795,-50.17343526301339,0.29781051752228566,92f5d6c71cdf01a8ec00a595665ad15eb879d71df023a089c7eddc8595b41bec,18.5
2003-09-10 to 2014-12-31 (eleven years),748,46,0.1,1.0,-98.65666769645132,1750,0.1977142857142857,-99.2908203110823,-0.5843749347226671,48167f543f1026241eefa5c0a0c1ab4f778e51ef11d3dd2e1eb881828c273f07,13.8
2003-09-10 to 2014-12-31 (eleven years),749,46,0.1,1.5,-91.77138602134688,1060,0.19622641509433963,-93.74162020735154,-0.45959879452065466,fecf26ed267af4d746822a776aec383f7015dc1304f2cd556b1b02a749f85447,17.4
2003-09-10 to 2014-12-31 (eleven years),750,46,0.1,2.0,-33.89212832456479,606,0.21287128712871287,-76.27333310151747,0.019015587543190604,6587565529a2bc596f23fe728ca0e25a864a0bd36b191411bfe6634eacd11704,18.6
2003-09-10 to 2014-12-31 (eleven years),751,46,0.1,2.5,10.56339593958306,385,0.22337662337662337,-45.355218032317445,0.1722440209867325,fffce9af8830efbdecd82903049db50c8ecfe3c03f31bde2566a7293323973be,20.6
2003-09-10 to 2014-12-31 (eleven years),752,47,0.02,1.0,-89.29617252346368,567,0.18165784832451498,-91.45139571487266,-0.655490595322837,2332f971acc91bf52549b9425ad4bf57ee0c5225863cabc7d98b4b026b3d43be,10.6
2003-09-10 to 2014-12-31 (eleven years),753,47,0.02,1.5,-64.28279542409228,494,0.19838056680161945,-79.2492629900726,-0.2562935639074332,96587e4ee5a3e66cddc419150953051df399f72dee2d8d353f0c6d63c25c6759,12.2
2003-09-10 to 2014-12-31 (eleven years),754,47,0.02,2.0,-46.99146239210528,382,0.20157068062827224,-72.73276722061598,-0.14143335592343775,86d45dd4b7304d809bec1bd9b74d9c02eb51b0f5088f21ca348d1ac658595be7,15.0
2003-09-10 to 2014-12-31 (eleven years),755,47,0.02,2.5,16.996792623523756,285,0.22807017543859648,-43.086976844797334,0.1903650476061728,0027132fbef3f4a85a0e84e5dd0dd667cbdf80b90a1ba1727423df21fd3190e7,16.8
2003-09-10 to 2014-12-31 (eleven years),756,47,0.04,1.0,-99.79826071383494,958,0.15553235908141963,-99.84577819017143,-1.587218480122187,fa14190c56a38b172272c9edcb3b5805d3e019ae8967c984ab0775b4027187bb,12.9
2003-09-10 to 2014-12-31 (eleven years),757,47,0.04,1.5,-94.16398192761086,697,0.1793400286944046,-96.76810277918901,-0.7359655934964623,402049b0bfe2721895ced1e3f6c694f1b12bec7dd1614f06604aea535a8a36cd,15.2
2003-09-10 to 2014-12-31 (eleven years),758,47,0.04,2.0,-65.71331483203178,518,0.20077220077220076,-80.7904968551008,-0.2577905792909493,9ba1eb14bda2c16f30a6c034eb4a2c5282a49208976b140034125110614c563d,17.4
2003-09-10 to 2014-12-31 (eleven years),759,47,0.04,2.5,-20.998203057596122,354,0.21468926553672316,-59.30219098020855,0.01678989257273589,67909bbfcbbb48cac4722cc80d25a3ab40189b48e44953d07447856acd768fff,16.4
2003-09-10 to 2014-12-31 (eleven years),760,47,0.06,1.0,-99.44356422109539,1293,0.18097447795823665,-99.69636826790551,-1.0486504034803215,b4a77bbd7b4c7b6c6a0da7dd626c642b5d09c6cb4806b4cda04a7ad58edfaadc,14.0
2003-09-10 to 2014-12-31 (eleven years),761,47,0.06,1.5,-93.7416240015338,872,0.18577981651376146,-94.67236617278034,-0.6242758225561205,b3586e72d254579628830642c5b90231638bac9921119b0bb345fdda73347f32,15.5
2003-09-10 to 2014-12-31 (eleven years),762,47,0.06,2.0,-49.090815295184065,580,0.20862068965517241,-79.98410549226624,-0.08128762610504772,dedd031ab06d9c4193967145e28582dd179550924bcbebced3c9efa9596df9ec,18.5
2003-09-10 to 2014-12-31 (eleven years),763,47,0.06,2.5,71.85321247495857,386,0.23575129533678757,-58.74584352403621,0.36044610775998653,022b40413baed8fa0873bf6d4814cda35107ee3e7c3f8191f7fbc15fa111e1ad,20.2
2003-09-10 to 2014-12-31 (eleven years),764,47,0.1,1.0,-97.20227322858982,1791,0.20435510887772193,-99.12818911892938,-0.44701169455598416,1d25a23356d20cc516393a2595a25c4ab884e30bdd3369b6acf40c09081dc74d,17.6
2003-09-10 to 2014-12-31 (eleven years),765,47,0.1,1.5,-36.06966439302132,1041,0.21709894332372717,-87.54891764210056,0.09552644057642544,5e66642fecb8c54fe35cd49d0a9517b54f7cb618b434f09ef098f095af92e050,19.6
2003-09-10 to 2014-12-31 (eleven years),766,47,0.1,2.0,87.60088037504377,620,0.2306451612903226,-66.55467214466988,0.3736469602127887,571e48885978da86765aca1ed4773fcc4a32facb7b92b9319fd3b10fad0b4779,20.0
2003-09-10 to 2014-12-31 (eleven years),767,47,0.1,2.5,125.0607240634015,394,0.24111675126903553,-47.261902149004634,0.46557778541681666,b0cbb5e37eb22f7c9c5116b4a73f24f4016aa8ef3e59c9107db285601db0eb31,19.8
2003-09-10 to 2014-12-31 (eleven years),768,48,0.02,1.0,-77.7507645398462,579,0.19861830742659758,-86.22054933261865,-0.37530680132000455,c6807dafcda5aad151f2764f20ae3d4074c3858380ad3f2e7f1785a53f9c93f0,10.9
2003-09-10 to 2014-12-31 (eleven years),769,48,0.02,1.5,-39.56818631170945,470,0.20851063829787234,-63.7396715026413,-0.0521521629227531,77467284ab9578b26e212a5d254935a29591157521436f05024a1bab81151e02,12.1
2003-09-10 to 2014-12-31 (eleven years),770,48,0.02,2.0,24.675438384464087,381,0.22572178477690288,-62.64454226758034,0.22300797114605772,9b5d9634d8634b33a3f9edb7639c8bb6210c735958b79f7ddfbda6559fb8297b,13.9
2003-09-10 to 2014-12-31 (eleven years),771,48,0.02,2.5,49.51637218570876,289,0.23529411764705882,-51.78706109009198,0.3056581978535264,51a64fe48df6a6818be6ea444d08643f1bf4a760d9594d262c39021407ea52ad,15.1
2003-09-10 to 2014-12-31 (eleven years),772,48,0.04,1.0,-98.82503139829447,976,0.17315573770491804,-98.96058441940569,-1.0210369908819206,d341468c0cd68184b8cad797b61e689cec6a785436cedd8f88eddf9a0dd34ec1,12.6
2003-09-10 to 2014-12-31 (eleven years),773,48,0.04,1.5,-55.69884226471107,699,0.20600858369098712,-81.84953546775485,-0.08867782137625482,c7eb66dc4b445cf78579e8132d83d540cfe5833e3f0a38fa75841af1ae9d841c,14.7
2003-09-10 to 2014-12-31 (eleven years),774,48,0.04,2.0,17.604334816399778,500,0.22,-70.88763075971836,0.20680132473349136,26433fe183baabfc2edbaf01d0228d8eb7722eed63ae317c10ff6a7ecd135800,17.7
2003-09-10 to 2014-12-31 (eleven years),775,48,0.04,2.5,47.763305619795595,334,0.23053892215568864,-50.89457421255067,0.2983154159730702,9459e5533923cecbefcc252ffd7d847ae10813f50e305c543165f29cca830cb1,19.8
2003-09-10 to 2014-12-31 (eleven years),776,48,0.06,1.0,-95.9536678125124,1290,0.1992248062015504,-99.25832644832877,-0.513900475186699,ae7b4cddd99c020b9042e6c3ffd861d30170ff4e5e023478aea0571b3e392d5b,14.4
2003-09-10 to 2014-12-31 (eleven years),777,48,0.06,1.5,-31.859100280642323,830,0.21807228915662652,-77.41078291117923,0.08033963235403971,df0544cc8cb5380bb68144eac42b86a344b551dd0635d1b727d2f9859a819469,17.2
2003-09-10 to 2014-12-31 (eleven years),778,48,0.06,2.0,150.6621591139202,531,0.2391713747645951,-51.451783421368006,0.4811560035612277,117c83f8614f9cf0c0258f1f065afabc1b2e1fa70f6b1d8f9ffc2c51f7b9cea4,19.2
2003-09-10 to 2014-12-31 (eleven years),779,48,0.06,2.5,37.63082174578527,363,0.23140495867768596,-49.86347678263766,0.26534228391068093,7175a90ef2324d15aaa9e3e9bfc34e61aadd66d0cf674a7f968a500fa39c9b54,19.4
2003-09-10 to 2014-12-31 (eleven years),780,48,0.1,1.0,-97.53178205208171,1871,0.20256547300908606,-99.07899748371383,-0.4499300717777278,f3ea8e89ee582220d8627c51851d48f11e12a9e4642e9fca027b1b5ced413a06,15.9
2003-09-10 to 2014-12-31 (eleven years),781,48,0.1,1.5,-88.79706006693566,1080,0.19907407407407407,-94.85988815799666,-0.34087888543226036,99b0a2ceed77a1f6edb32f84c91d89a74aa45d88c39237f21a05fdae2a4cc73e,17.4
2003-09-10 to 2014-12-31 (eleven years),782,48,0.1,2.0,-42.40381800405752,644,0.2111801242236025,-79.01145844890722,-0.022353602637222053,4c0adb89f730f6ba27729cbff7ca0214d85d83f137cd1a83c92be9e399eb2612,18.7
2003-09-10 to 2014-12-31 (eleven years),783,48,0.1,2.5,-4.924328951704451,399,0.21804511278195488,-59.5227404208178,0.11122237872067317,5540301ac3beeef99cbf10dfd2ab2ea8494467fc9b16866a4a3b4cf6f41e1564,18.5
2003-09-10 to 2014-12-31 (eleven years),784,49,0.02,1.0,-59.160933059404975,574,0.2038327526132404,-81.07040782668484,-0.17406702287840234,6f50dff164fe40f2a6e67e3fd71c4e7302bf24c07f16d06e3e5531447b00084b,10.2
2003-09-10 to 2014-12-31 (eleven years),785,49,0.02,1.5,-53.0508847473373,473,0.20507399577167018,-79.76791329493973,-0.14960815839824118,c7c0a136c1d90541a750fc0b2c6e71412e57d9caf01764efbb99995b2357657a,11.4
2003-09-10 to 2014-12-31 (eleven years),786,49,0.02,2.0,-50.06607462058117,370,0.20270270270270271,-76.26695287269811,-0.17768691116678442,6fd1d357f76d4339af10f2ad00f9eaf3b0c8326648ff221d493a52cae65e35a7,13.3
2003-09-10 to 2014-12-31 (eleven years),787,49,0.02,2.5,-22.981276197853404,285,0.21403508771929824,-58.25759473326985,-0.016519714226693766,a31a839a527f588b5e0457207eb9b20c3475bf780fb1a7393845ec0b63d522ad,16.0
2003-09-10 to 2014-12-31 (eleven years),788,49,0.04,1.0,-98.24161430659657,985,0.1847715736040609,-98.7376010068593,-0.8864511839140332,2e00d656c619446252224a2ae889cf10195974076c1ee4c15889c939b57fb314,12.5
2003-09-10 to 2014-12-31 (eleven years),789,49,0.04,1.5,-83.03541955854719,713,0.19635343618513323,-88.26425206836944,-0.371302980476305,680456b1f2c9cf41bb5729d19a3f1e6b71af078ea8c378b69e0263f3d68121da,16.0
2003-09-10 to 2014-12-31 (eleven years),790,49,0.04,2.0,-72.31253668466228,513,0.1949317738791423,-82.74722952476534,-0.32685453964346234,dad63f475a36d0dc22c7aa2120967542d087fa94630a4b3392d95f2909ca5ddc,17.8
2003-09-10 to 2014-12-31 (eleven years),791,49,0.04,2.5,-52.35037864621718,368,0.20108695652173914,-68.8569287346688,-0.2006001873840026,5c4a0e82245a73a8108e039c32682fe05fcfc9bd822d10ed85b665d3bdea87f0,18.1
2003-09-10 to 2014-12-31 (eleven years),792,49,0.06,1.0,-99.7849291407838,1357,0.1761238025055269,-99.83038483532908,-1.160378749271179,85c32e44d401351e08ede76d309e4651fa3b9d78c947c373aab232a7ae39f565,15.3
2003-09-10 to 2014-12-31 (eleven years),793,49,0.06,1.5,-95.86554103171686,897,0.18394648829431437,-97.67232770425417,-0.6767749069939499,1fd30443c2be6a5c2943fe9db7ac4758a749428c83c18ac663d721f9742fce7b,17.5
2003-09-10 to 2014-12-31 (eleven years),794,49,0.06,2.0,-16.68570701741739,573,0.2181500872600349,-72.00644440247358,0.09932503041544918,20d7b6f29bdb3b472183f6e6d99fa4e603e331039a5881427c1e5cf25fc17278,18.9
2003-09-10 to 2014-12-31 (eleven years),795,49,0.06,2.5,94.58144973606802,358,0.24022346368715083,-45.17324678238178,0.41160245275331764,b0a7f98a6777d9b2aff6a7ffdf7d380d6e45a5c1ebfa16c5ecb04669e848b728,19.3
2003-09-10 to 2014-12-31 (eleven years),796,49,0.1,1.0,-98.65103164306164,1813,0.19966905681191396,-99.69631702273809,-0.5825134437728607,89a6a72665de156a40828371a8b4f00d80dee30cfbc9c103b8612ef015b4a1f0,15.1
2003-09-10 to 2014-12-31 (eleven years),797,49,0.1,1.5,-77.77602680204375,1081,0.2072155411655874,-90.09346554027225,-0.16416789157791323,d17252bb44be6b964869c045f748879d04316815309a3ea25abf7ab30dcf033c,15.6
2003-09-10 to 2014-12-31 (eleven years),798,49,0.1,2.0,-11.42963606679093,645,0.2186046511627907,-61.9027611877366,0.12993560831810244,00b91845a7431fefd942ed856e5c70c49c79e3ab89fad125dfbc39118031c249,19.2
2003-09-10 to 2014-12-31 (eleven years),799,49,0.1,2.5,64.65167724879667,397,0.23425692695214106,-42.827474798916974,0.33937074162965236,6eaaef27aa4607d2821a9c216b8db57547c0fd7b7c3dcad57b1f3ddf4080c853,18.1
2003-09-10 to 2014-12-31 (eleven years),800,50,0.02,1.0,-93.06412262253656,594,0.18181818181818182,-95.14050255645301,-0.7903661744902786,9e5a1e152985e791b879942d8a5af35a19776b184f393c490cb386bde22c7dc7,10.2
2003-09-10 to 2014-12-31 (eleven years),801,50,0.02,1.5,-60.56239766299997,484,0.20041322314049587,-83.67518530326973,-0.22219687409845365,619c8538c41d51fe6a81eba98cbe4baab8ff6a8ce5daaa09bf5549f054c1345f,11.4
2003-09-10 to 2014-12-31 (eleven years),802,50,0.02,2.0,28.77146561621669,370,0.22702702702702704,-49.52158447894218,0.23564004167857824,3990c5f2506ad781a3d331360783dbfc3390a94301b400b41b568eb4cc71e30b,14.4
2003-09-10 to 2014-12-31 (eleven years),803,50,0.02,2.5,132.8799335612399,280,0.25,-38.4299745000636,0.5307920204788859,d521a43242c43cbdf847d88af1a1820c0e2b676f954ea7feaf21e2aa5deffec6,14.5
2003-09-10 to 2014-12-31 (eleven years),804,50,0.04,1.0,-96.45588710102062,975,0.18871794871794872,-97.21239970435698,-0.717285694146519,ae2c640cdc3a36562606b2a487164543b70d40a7b722965e11d5c7c4c6a8f3bb,12.0
2003-09-10 to 2014-12-31 (eleven years),805,50,0.04,1.5,-89.11987720642468,703,0.18634423897581792,-90.91426945913138,-0.5574525018247668,c26d0cf09549b8d6613854f5d135ad45a13c7179d9d5ba3e2480e423232a25d1,13.4
2003-09-10 to 2014-12-31 (eleven years),806,50,0.04,2.0,-11.790737096775537,466,0.21888412017167383,-66.75425994829645,0.09551470087515619,487b1a26c9b1cf4d0320b5bfd3c1b54823c1106eda5f084a409f845f4076f61d,15.9
2003-09-10 to 2014-12-31 (eleven years),807,50,0.04,2.5,-6.137400151875572,327,0.22018348623853212,-58.33485818343589,0.09079760534766147,a61c125d069c31bfce1c00992e941312d11ba71f2e8aeb25e1c96659e94f9552,17.7
2003-09-10 to 2014-12-31 (eleven years),808,50,0.06,1.0,-99.86721736123083,1379,0.17258883248730963,-99.91851471246378,-1.306060546144282,1e627e7f81481e5617e0f0f1a68a2e0606ac22d7f38f591dd60fc8ea71cb7ecb,13.4
2003-09-10 to 2014-12-31 (eleven years),809,50,0.06,1.5,-97.8448168927201,904,0.1747787610619469,-98.80463521941833,-0.8636837676933157,5669d19e86cdbab6e5dd421c6019fb7c0efe2bd5aecaa59550f2ebc3ef82e76c,15.0
2003-09-10 to 2014-12-31 (eleven years),810,50,0.06,2.0,-58.29347264271162,605,0.2049586776859504,-81.56865408809433,-0.13915211525205043,c8f0283900a9b32a57dd81025fc2675c34679af627af425331dd09438f184d2e,17.2
2003-09-10 to 2014-12-31 (eleven years),811,50,0.06,2.5,-36.26530776068846,403,0.20843672456575682,-73.6489338204253,-0.06171341867029978,69815b9dc06d88d88c3858e8a74eeac48481847b7ebbc808bd9037100d4dfaec,18.3
2003-09-10 to 2014-12-31 (eleven years),812,50,0.1,1.0,-98.6064517110307,1735,0.1988472622478386,-99.31593336411703,-0.61260494851043,eab9da0d6bccfe34468a8de61863693c588ce2df71c3183251addd842092fe77,15.3
2003-09-10 to 2014-12-31 (eleven years),813,50,0.1,1.5,-62.68138655191314,1032,0.21124031007751937,-83.85824786647979,-0.05528297168940981,d07f4c57367c037644a156a763cbcea7221d8c1386be8f5105d704af4ae86afd,18.1
2003-09-10 to 2014-12-31 (eleven years),814,50,0.1,2.0,-14.23945226180187,628,0.21815286624203822,-63.55575901744896,0.11271506325951372,2483410e8ae923e965935d8464494a99983075539e98014cd3fb4b8e7cd73d74,19.2
2003-09-10 to 2014-12-31 (eleven years),815,50,0.1,2.5,118.54941195177722,395,0.2430379746835443,-39.655366238329734,0.4566263635938192,4b80836e51fda92d0f92f7a36deced840038aba9314257c9a855ee1db076896b,17.5
2003-09-10 to 2014-12-31 (eleven years),816,51,0.02,1.0,-36.12854969397733,527,0.21631878557874762,-68.82968925563056,-0.0120732449456304,7919ed5ef093dde4f981bf1d655ff7c81f6194809150c32da92f199d3cb65ed6,10.6
2003-09-10 to 2014-12-31 (eleven years),817,51,0.02,1.5,-62.18779662689001,447,0.19686800894854586,-79.41176061140816,-0.25221136591997123,c07a9e18ad35ffb91125d3a3258700c3ae613600c5200b25f5eb9b7a5b0f9449,11.5
2003-09-10 to 2014-12-31 (eleven years),818,51,0.02,2.0,-16.182483822781744,350,0.21714285714285714,-65.33262760375307,0.045116437246652014,6ff025f1067f9b96d86e2359be8c3a99fbc31eebe6b1784f34831fdfb73764f5,14.0
2003-09-10 to 2014-12-31 (eleven years),819,51,0.02,2.5,-25.914893363899445,275,0.2109090909090909,-54.59029965800932,-0.034510556552448717,9eb66b96eb6385441fa5fba927935550b7a9b30dd0455a23f1f1a28f58551c6f,15.3
2003-09-10 to 2014-12-31 (eleven years),820,51,0.04,1.0,-93.15459113308975,992,0.19153225806451613,-97.57012648824774,-0.5292839612237352,721c7d28d39d10866bb2efabdbc92e27e14495ef443bf5c8a0cc87c50dabe94b,11.4
2003-09-10 to 2014-12-31 (eleven years),821,51,0.04,1.5,-68.13653959141129,714,0.20448179271708683,-83.70015048370698,-0.18070158181306797,3d6677c433516efadf0d2ed68856a3c0514710b1b8fce7258a6471a6efc58039,14.7
2003-09-10 to 2014-12-31 (eleven years),822,51,0.04,2.0,-26.243314259407658,518,0.21235521235521235,-53.8247524727764,0.042838493648310036,cc415e0e3acab5cb1f689a93c3cc680dc7120c796441627c272ecfff31024696,14.8
2003-09-10 to 2014-12-31 (eleven years),823,51,0.04,2.5,35.9838446833704,349,0.22922636103151864,-42.64483497751378,0.2603145002071454,1773f0b6f69fe032cb6b43c3c7e299cbf907c3ed4269aa274a46e24d2a1843b9,16.7
2003-09-10 to 2014-12-31 (eleven years),824,51,0.06,1.0,-98.6590081300776,1322,0.19062027231467474,-99.4035776941869,-0.798141181658823,d9e7eca377a5ddc8d898d7deda571d849d9463078a0e6abf082f76d32dfe4bd7,12.6
2003-09-10 to 2014-12-31 (eleven years),825,51,0.06,1.5,-88.81757012498176,877,0.19726339794754846,-94.94315403983238,-0.432295559103104,bdc3c926cb3ede0c848d075bd8dedba00c548c0f21acba39800cfb8003a827de,16.1
2003-09-10 to 2014-12-31 (eleven years),826,51,0.06,2.0,-40.487285258644945,530,0.21132075471698114,-76.54243984673874,-0.03103613070649205,ceed452d6ba8ec4328c107501b622f0770bb0d0eec2554a8738ccdf486e44835,17.3
2003-09-10 to 2014-12-31 (eleven years),827,51,0.06,2.5,36.30232686413465,348,0.22988505747126436,-61.09241482402972,0.2610021104988671,26935d647652ccd874f4cef3bd73b90d2f0802c5f7597be1a41a7f613070e6a0,18.3
2003-09-10 to 2014-12-31 (eleven years),828,51,0.1,1.0,-99.74985066107173,1838,0.190968443960827,-99.86112919207156,-0.9069862121897765,6e8c701474257492c2a89a57ae7c7a7de977984553c4b2dddf5fb49bd85227dd,14.4
2003-09-10 to 2014-12-31 (eleven years),829,51,0.1,1.5,-95.12651101188916,1048,0.19083969465648856,-97.38555914464204,-0.5588214395612998,abcfe2b77cabb6736b4051404a48ef3344152c8a90a0190954694752aec3be54,17.0
2003-09-10 to 2014-12-31 (eleven years),830,51,0.1,2.0,-69.5159701507361,717,0.20502092050209206,-79.65776830676407,-0.20860110180476862,4f8af8912dc1c375d01ffb2f02232fa2f9893bfd53dbadb15578aadd54631bd0,18.1
2003-09-10 to 2014-12-31 (eleven years),831,51,0.1,2.5,11.739446706164863,449,0.22494432071269488,-57.63701710168214,0.1829661713782895,08edb52c20bc5791ab928ac7e4c857af556cbd8dca0cd2c04f4109fc6af71025,18.3
2003-09-10 to 2014-12-31 (eleven years),832,52,0.02,1.0,-91.39279552260462,562,0.1797153024911032,-93.08856499249161,-0.748220404707507,42099e338e2fb1612c0f062f42966416a1dae74ec8156bbff27b6c096f96f93f,10.0
2003-09-10 to 2014-12-31 (eleven years),833,52,0.02,1.5,-90.03708587021106,471,0.16985138004246284,-91.77744242040464,-0.7785548989412401,a84318e29f6cd411e2a08b81316807f4eb1c0a5fa58ee2b117c7e368b0d3fa6d,11.1
2003-09-10 to 2014-12-31 (eleven years),834,52,0.02,2.0,-75.42441036443623,391,0.1815856777493606,-80.53936051086124,-0.4967720922923118,e8247250a8f0c6abdb523935e5dedc24d4c81dbee8c29a41be5d44a24bc4edb2,12.8
2003-09-10 to 2014-12-31 (eleven years),835,52,0.02,2.5,-61.874178370849364,308,0.18831168831168832,-67.33997027905339,-0.35745742531661895,467c26c3a27131cf64aaad13b669bb326b7ce1ba81c3a18311ed899619c6c0ea,15.1
2003-09-10 to 2014-12-31 (eleven years),836,52,0.04,1.0,-97.31456913190999,991,0.18970736629667004,-98.35475058267707,-0.7629223452137717,b47328073c1ab183e9f528d6edffc5b222b51852a7e644113aae2093cd1f424c,11.7
2003-09-10 to 2014-12-31 (eleven years),837,52,0.04,1.5,-93.23308028834215,728,0.18543956043956045,-95.1072402609228,-0.6632759151074138,9475e4a57bd704c343c18d593449ecea5fdb04167112c4a6876de1c9974ecdf9,15.1
2003-09-10 to 2014-12-31 (eleven years),838,52,0.04,2.0,-77.91995611359167,546,0.19413919413919414,-88.82448195761434,-0.40529398675273387,cc0ba21ee41255e17584664d1f37df02fd4e3cb4a5280ffaae86a0f8df90b589,15.4
2003-09-10 to 2014-12-31 (eleven years),839,52,0.04,2.5,-61.275448907205124,376,0.19680851063829788,-75.8237201265468,-0.2896219557785868,13cadd576b6ddf31002abdd12e2840b21f36a16b6dc5090ef71d361f9a39da69,18.4
2003-09-10 to 2014-12-31 (eleven years),840,52,0.06,1.0,-99.38581809955623,1322,0.1838124054462935,-99.53482332665958,-1.0007994479833398,358a4bdabc7e0811e22459abfc1e6d27d03a7aaa4188e336ad84e93b9e94dca0,15.2
2003-09-10 to 2014-12-31 (eleven years),841,52,0.06,1.5,-89.05263929141837,909,0.19471947194719472,-92.98437969387767,-0.4432303568777573,c35284f49af7001e972d8620f3dc419982496f900bef9e83f0d6d806592e861c,17.2
2003-09-10 to 2014-12-31 (eleven years),842,52,0.06,2.0,-21.688185503034248,607,0.21746293245469522,-70.25708917696996,0.07677898232456372,7a20f089ae97187037ffd62f9dc7a707c241f3f1a49c5b4193f22555e6e4bca4,18.6
2003-09-10 to 2014-12-31 (eleven years),843,52,0.06,2.5,26.704130228972367,396,0.22727272727272727,-57.476779274778764,0.23026641025570718,e092fa80717e5fb718e39c240a2e52d7ee30636ec92cb2597b88862fb75072d6,18.9
2003-09-10 to 2014-12-31 (eleven years),844,52,0.1,1.0,-99.88436162786364,1855,0.18436657681940702,-99.94487828046134,-1.1055565628209056,3482e845bdfa3f00c76c086f8cb7bb55af1da31c5aafcb4273da112a60b46285,14.9
2003-09-10 to 2014-12-31 (eleven years),845,52,0.1,1.5,-96.27814887523135,1109,0.18935978358881875,-98.15957455222576,-0.6317334548329743,fc8da26f6b825fbff6caafa64dfc55441146fad75c94e664e6c831d524992354,18.1
2003-09-10 to 2014-12-31 (eleven years),846,52,0.1,2.0,-75.95880693589608,667,0.19790104947526238,-86.24889099269272,-0.30823248529167907,675ce129aa65cd377c9c9cf00e5a34d73cea378905794422bfab3e5b222bdf4c,18.5
2003-09-10 to 2014-12-31 (eleven years),847,52,0.1,2.5,14.871679835424153,394,0.22588832487309646,-50.55844388271855,0.1899046314409869,2b7bc6c78620b54b578a3cde76762d118c29d9a8ce332bd70f2ea28003d0334b,19.9
2003-09-10 to 2014-12-31 (eleven years),848,53,0.02,1.0,-86.1836546113356,564,0.19326241134751773,-93.56511161883418,-0.5258645466535633,c2f3a4014450629983aa544368a718e89dfa8c5255e98fb64c234f88c82171e9,10.9
2003-09-10 to 2014-12-31 (eleven years),849,53,0.02,1.5,-46.22886032481593,467,0.21199143468950749,-83.61115368061066,-0.10437007182046901,2a0928367cebc1e28e3d7af538166af7f0d79ecf6b382512e28ed93ad9a16f62,13.4
2003-09-10 to 2014-12-31 (eleven years),850,53,0.02,2.0,-54.50116390533163,363,0.20110192837465565,-81.25446628723982,-0.21809593284328754,f63cd400750f0e11490a57788487264714cc6b31911d224f244729f57badaf0f,14.8
2003-09-10 to 2014-12-31 (eleven years),851,53,0.02,2.5,-21.29776267793846,285,0.21403508771929824,-64.67936761347102,-0.00975067854081775,1c13532a94728f683b693f9f78ff816c21d8000037aa9b38cde134bc1f67b86a,17.1
2003-09-10 to 2014-12-31 (eleven years),852,53,0.04,1.0,-98.39098685476158,969,0.17956656346749225,-99.23332573937148,-0.9526922050672049,345b77f21719b168981357fe2747b9fb24e244d98a2f350fa4f7112153f039be,14.0
2003-09-10 to 2014-12-31 (eleven years),853,53,0.04,1.5,-96.52568846091278,741,0.17543859649122806,-97.55371219726518,-0.8794252275027296,a5304a27d136622428e6ac186dea94c341f7b2a7665c22a7235223864d06c077,15.3
2003-09-10 to 2014-12-31 (eleven years),854,53,0.04,2.0,-73.67352889733503,517,0.19729206963249515,-87.44923363246863,-0.35488164838421976,495445ebad6b8eda350dacadafd96e014e64f9ec0c2998ca3bf547a8141fe130,15.7
2003-09-10 to 2014-12-31 (eleven years),855,53,0.04,2.5,-27.32311840768475,363,0.21212121212121213,-74.11004266926146,-0.011033252073966129,1f6626190a10599d2c08a633b0cc2d83cbd36a0385042fc6ddda9f3b78ead47f,18.2
2003-09-10 to 2014-12-31 (eleven years),856,53,0.06,1.0,-96.99254176454623,1304,0.1955521472392638,-97.27588272829342,-0.5693219877007457,fddd584186d9d7ff443ebf7ff524d861cde116460ed6d59342869189e213812e,13.8
2003-09-10 to 2014-12-31 (eleven years),857,53,0.06,1.5,-63.64645863400747,885,0.21129943502824858,-85.01427419276264,-0.08130044421823066,11d7df57e99c7c952170d151736a515e4f0a9a57a6124de754dc8409c8a66041,15.9
2003-09-10 to 2014-12-31 (eleven years),858,53,0.06,2.0,-27.954058199898707,608,0.21546052631578946,-72.69051409509402,0.05104549008596765,e9361e2fd702093a59ef8361b510b86257d6b245711da7b329d297c68e1daafc,24.5
2003-09-10 to 2014-12-31 (eleven years),859,53,0.06,2.5,4.734035107189286,370,0.22432432432432434,-53.27481154131692,0.14979431699890106,aba7db3cd6e91fde2f51b286a8a3f1360d322e46e72aa645435d999a8fee13df,25.5
2003-09-10 to 2014-12-31 (eleven years),860,53,0.1,1.0,-99.86041654633114,1806,0.1877076411960133,-99.94332410222057,-1.0220737072875539,cfa594cae411017678da84e680a5dd18b695ea8622ac21dfb3920ecc64b1142a,21.6
2003-09-10 to 2014-12-31 (eleven years),861,53,0.1,1.5,-98.61139243301452,1104,0.18206521739130435,-98.84696745695173,-0.9010220268525005,f276dbe9cc13fe5bd2bd0c515676be2dc4fa0b59b9882aa1f38872f814620284,24.9
2003-09-10 to 2014-12-31 (eleven years),862,53,0.1,2.0,-42.73737933918067,653,0.2113323124042879,-81.6909064871639,-0.013849978840252056,3f384a2f33c2e49ea128881b04675f26e7e72103b75c21e74137a5b4924a7e6d,26.1
2003-09-10 to 2014-12-31 (eleven years),863,53,0.1,2.5,88.86376114397618,372,0.239247311827957,-51.64720387577173,0.3935594680865259,154733c0bd25aba08609f7f482a3f65f903fda6d9fd03e5f4bcf6a89a853f942,28.8
2003-09-10 to 2014-12-31 (eleven years),864,54,0.02,1.0,-95.30956452516635,550,0.16545454545454547,-96.25053511999855,-1.0133736491785124,e00d2288eb3254a11b78ae3ca28bd44cd095be6e43ebaed9d81363a2c746c98e,10.6
2003-09-10 to 2014-12-31 (eleven years),865,54,0.02,1.5,-86.8372891650094,451,0.17516629711751663,-90.05634200196597,-0.6380397223553254,b9063450f54546ad060295c2207b5e97e0b3ff23d1c638d5dc1f601255b935ee,14.4
2003-09-10 to 2014-12-31 (eleven years),866,54,0.02,2.0,-40.022869303511754,353,0.20679886685552407,-72.79972511861655,-0.0970115357225263,a42ea22408301d36114d5b5bc16dbbb8fe6ba65d113b7c46ebd4356238273e54,16.5
2003-09-10 to 2014-12-31 (eleven years),867,54,0.02,2.5,4.8372947212809505,273,0.22344322344322345,-56.15814643678062,0.13664843519017583,d96082d77f67d7410f1929fb552a5d8c2b69a8fbc71cd74b7069d9fff7c82acf,16.9
2003-09-10 to 2014-12-31 (eleven years),868,54,0.04,1.0,-98.51282471867259,947,0.17845828933474128,-98.99302271643894,-0.9999287241658491,e904139a26e15aef69dfcee75c98b74683644f2b7cda2f515116572a8f2d36fa,15.1
2003-09-10 to 2014-12-31 (eleven years),869,54,0.04,1.5,-93.96958703189604,716,0.18435754189944134,-95.33571742482924,-0.7409173850205619,05a8b47bce66a432ad320e888b35f07e1fe2246152f5ade464a3e54ddeba2065,17.2
2003-09-10 to 2014-12-31 (eleven years),870,54,0.04,2.0,-72.51677402218763,496,0.1975806451612903,-82.89469423079099,-0.36489596518038603,2e5cdee887fcde0e6778487e39d9655e7d9aa082b3b29e5ee3240f1bc4fafa2a,16.7
2003-09-10 to 2014-12-31 (eleven years),871,54,0.04,2.5,13.936907872149781,308,0.22727272727272727,-55.374264331001086,0.17967209564690012,d0dd364e58a84d740b859fd58a9e45cefca515047c919a32d39c851ba4aa73af,18.2
2003-09-10 to 2014-12-31 (eleven years),872,54,0.06,1.0,-99.48488739876178,1326,0.18250377073906485,-99.67523120350894,-1.0157037896272776,95a377091ec5832f925c0b249f55d02c61da3f336c94ad5f6d57af06404dfb5c,14.0
2003-09-10 to 2014-12-31 (eleven years),873,54,0.06,1.5,-87.71872730566355,915,0.19672131147540983,-96.30459489097056,-0.4071668790186597,788b7b9a66a65262bed386e06a0132ae51e59c868b71e2d7482464c765bb8e2a,16.1
2003-09-10 to 2014-12-31 (eleven years),874,54,0.06,2.0,-53.7282866600983,609,0.20525451559934318,-81.8044249783665,-0.09765205635959334,1ed1ceadeabfa9f259c3fd4546ad4c24d2c4931a4120fa7784d8cf5801eef79a,17.6
2003-09-10 to 2014-12-31 (eleven years),875,54,0.06,2.5,4.643882942623468,400,0.2225,-67.3479700935544,0.15603609002754262,fba35f682de07af98c275ba6af988d4b969f79584b09c869b513a728011fadf2,17.7
2003-09-10 to 2014-12-31 (eleven years),876,54,0.1,1.0,-99.31623895724564,1738,0.19275028768699654,-99.58756155133962,-0.7758734393965999,e2d9fbce8bc12dbae14427911308996d4a85c7a09623dda9cd19a03c4d965830,15.4
2003-09-10 to 2014-12-31 (eleven years),877,54,0.1,1.5,-85.90032005531192,1012,0.2015810276679842,-88.9620768570282,-0.3059731487041704,ba091a9d3db2f38dc483286a31aa68f63b02811d41b410c3bd460babad8ad7dc,18.6
2003-09-10 to 2014-12-31 (eleven years),878,54,0.1,2.0,-43.17235895407494,630,0.2111111111111111,-64.18511187745246,-0.029666651256599463,ba7e8437b53361f56b861b67bb45350c816a9d063c222f8a49a906425c0eb9f1,18.4
2003-09-10 to 2014-12-31 (eleven years),879,54,0.1,2.5,33.35432167044502,394,0.22842639593908629,-53.312779433908844,0.25151523247649377,4b3cae9e1e0d8b0a2cf73737174fa8c742729b72cd5af3a8dad12c4cbb542a4f,18.9
2003-09-10 to 2014-12-31 (eleven years),880,55,0.02,1.0,-3.222560457756072,541,0.2199630314232902,-73.01900439847988,0.1437295433941044,92164876e3664f293932976b5f2b5c087439d762d3c2e29008a49ea5b2dc2e77,9.7
2003-09-10 to 2014-12-31 (eleven years),881,55,0.02,1.5,-9.066997092454358,465,0.21505376344086022,-69.73178951758885,0.10576147233892345,61c9aac8031d7952c90f6175c5b84d8a95b8151d42baf4d6272634ff40b4eb5a,12.1
2003-09-10 to 2014-12-31 (eleven years),882,55,0.02,2.0,101.03420452964889,358,0.24022346368715083,-61.335318273893755,0.42323383158662575,e5dc25431f75e59e7859f5c1f19086a3cb5f7231029e4c07226846413279f045,13.7
2003-09-10 to 2014-12-31 (eleven years),883,55,0.02,2.5,28.538138256962593,293,0.22866894197952217,-65.67076151385803,0.23512879526681907,5f5c78e45e1b4f07654cfa2d97ec6c270a27313bcf9b6dfc4e5f5be2415fbc5b,15.1
2003-09-10 to 2014-12-31 (eleven years),884,55,0.04,1.0,-78.24836594359296,1013,0.20829220138203355,-89.36061909851868,-0.18628808612964876,1a10b817493f181701810a90e2f01f29dc6c34609ec5cc4ae3a3d992d815551b,13.5
2003-09-10 to 2014-12-31 (eleven years),885,55,0.04,1.5,-50.31741333210296,747,0.21285140562248997,-83.54746667279807,-0.025527737875707758,257cbf2620c437b3c2c790466deea5f22744fed6b08a66ac2147916c692a97b1,14.6
2003-09-10 to 2014-12-31 (eleven years),886,55,0.04,2.0,94.77143909201206,510,0.23529411764705882,-54.70667153648421,0.39405317519815714,6a391448243283f6050f898dbefb0afe5fdee36819d9e4236395ea7e40ec6a1f,17.5
2003-09-10 to 2014-12-31 (eleven years),887,55,0.04,2.5,25.080540176513548,356,0.2303370786516854,-45.39638875467822,0.22528986502222617,a1264989bc9a625985d2c0d623ac6ecf210fee33d83023b438d6c12d09ab4196,18.3
2003-09-10 to 2014-12-31 (eleven years),888,55,0.06,1.0,-99.17373610810697,1319,0.18423047763457165,-99.4414270170196,-0.8792350231935055,b87c6435f5c2343e082ff7d9ba553585d74885f0e42ce1da9d89e639928bc783,13.4
2003-09-10 to 2014-12-31 (eleven years),889,55,0.06,1.5,-87.14337519975793,896,0.19642857142857142,-90.9272931188183,-0.36913972178572785,d55bddc8796980e4088977d24cc7fc62664417c770b13e613f1943954e14f2d7,16.1
2003-09-10 to 2014-12-31 (eleven years),890,55,0.06,2.0,-50.941061899141104,600,0.20666666666666667,-69.31479980891673,-0.07681108417422061,94d7661e2166cb08f41f879583d6802c209c56af49f6061bbdeb2bd225a63411,17.3
2003-09-10 to 2014-12-31 (eleven years),891,55,0.06,2.5,-15.641158725579151,415,0.21445783132530122,-62.295557987981134,0.0652072846629383,27138d6013c09af99205a237a2b5998a846d34bdd3e22635151254efaab13bba,18.8
2003-09-10 to 2014-12-31 (eleven years),892,55,0.1,1.0,-98.30628716833533,1797,0.19977740678909292,-99.07337408827199,-0.5385267585831104,a385fcca8d81c1d2647fa474d0aa3769fd04a509f2c450d756ef8a65270593f0,15.7
2003-09-10 to 2014-12-31 (eleven years),893,55,0.1,1.5,-80.7082577272806,1079,0.20389249304911955,-90.26912984329236,-0.20641363578977337,869e47ec6eae5f2365f14af2dec312724dfac1494759d0b4eaf4ebcb97f4b8d9,17.3
2003-09-10 to 2014-12-31 (eleven years),894,55,0.1,2.0,-40.01262750952217,639,0.21283255086071987,-76.60581137850261,-0.002749257365956312,1ab5a6cdc64ed53ae315db76e3f7b04bf097206055c7267481f460499605463b,18.5
2003-09-10 to 2014-12-31 (eleven years),895,55,0.1,2.5,13.58677997532936,408,0.22303921568627452,-50.371646708071104,0.18686248516036297,dc7f03019c6710fbe058b7080a75ecd09890b9dfd18ce6855f521dc568dddc47,18.5
2003-09-10 to 2014-12-31 (eleven years),896,56,0.02,1.0,-85.99251300800613,548,0.18065693430656934,-90.97753851000498,-0.5643847016147099,a563f5bb6dfcbc2459f6fe7da41d78070e578b882c6a6b448d3d2b5b654bf0c5,9.7
2003-09-10 to 2014-12-31 (eleven years),897,56,0.02,1.5,-41.888610555158415,466,0.20600858369098712,-78.32954981290794,-0.0782241427083972,efbc29b6e6e70cde7ce576f569d5e4d288d8daaf121af9f81fc179f0a162d917,10.9
2003-09-10 to 2014-12-31 (eleven years),898,56,0.02,2.0,26.284128520699635,386,0.22538860103626943,-73.66556451387345,0.2273669374259652,572e9054c883319efa645c44ef0a792c238ffe168b6daf8f0d06820b25d843e6,12.5
2003-09-10 to 2014-12-31 (eleven years),899,56,0.02,2.5,-1.7145654921380358,308,0.21753246753246752,-65.57817266486862,0.10454054087201631,72ae013f636f046a9183597758bc7aa1e40168c5a9c242cba7cc20a111e365ae,14.7
2003-09-10 to 2014-12-31 (eleven years),900,56,0.04,1.0,-97.32545456913378,981,0.1875637104994903,-99.02674346541987,-0.75653834398515,d34492d4f12a1d5a84bb4a0269ab632bff9c2fd2b76cc0bc05020c43727bc789,12.6
2003-09-10 to 2014-12-31 (eleven years),901,56,0.04,1.5,-75.33969285798167,741,0.20242914979757085,-90.74326138348779,-0.24734764215609928,33b14fcfabef7cc8f5492e2665e4e1f9df128645541de8704bfc5adec086d026,14.6
2003-09-10 to 2014-12-31 (eleven years),902,56,0.04,2.0,2.7459727156001006,524,0.22137404580152673,-72.31045362773592,0.15775837318457736,424b9b2e16cc994306c35b8ead7e5b686fd24fc6dcf3b25893c79b3112dbaeef,15.3
2003-09-10 to 2014-12-31 (eleven years),903,56,0.04,2.5,23.788575408222794,367,0.22615803814713897,-66.01298924066424,0.2190844061235731,f28ed4b5db6dceffef888dec4b2885d69f2b0a05f92bc76efebde8fb077eb331,17.6
2003-09-10 to 2014-12-31 (eleven years),904,56,0.06,1.0,-99.52655915682799,1355,0.1859778597785978,-99.71506908614477,-1.003159152096063,ae11b73e9d120f9839914c95e9ed193381b03e661a0062a6630ed060e12938c4,13.1
2003-09-10 to 2014-12-31 (eleven years),905,56,0.06,1.5,-96.83179986880482,920,0.1815217391304348,-97.82403746934692,-0.7744996613817294,d6a40e2a8ee20b0285323affc353b031efba0e793df92704788a8153f782f0ea,15.3
2003-09-10 to 2014-12-31 (eleven years),906,56,0.06,2.0,-50.62205476319562,600,0.20666666666666667,-77.39291742961605,-0.08654460273146526,cae9f19ec632bfe2d84f030a28d9f83607b42a3427c532348260c2b3243477a2,16.9
2003-09-10 to 2014-12-31 (eleven years),907,56,0.06,2.5,-52.905946280735336,425,0.2,-68.3063269961317,-0.17867452597746528,fba75bb66a266c1c41b835bc01515845b63c63ba4cad9810b229a593559d85f5,18.4
2003-09-10 to 2014-12-31 (eleven years),908,56,0.1,1.0,-99.85347041175085,1799,0.1867704280155642,-99.9341963546327,-1.0256175145673858,abec1f6872ee2d79137c8dd3fd13eca12719644a98626a2b86cbf5ee400a265a,16.0
2003-09-10 to 2014-12-31 (eleven years),909,56,0.1,1.5,-85.08104400935126,1059,0.20302171860245516,-91.8692720732629,-0.28984236928544516,db80c6309d5ed781163744d74cacd568980b4969c3a98114b3847971f8a686d4,16.8
2003-09-10 to 2014-12-31 (eleven years),910,56,0.1,2.0,-45.990832216773995,644,0.2111801242236025,-63.2284197636819,-0.03593015733161141,86b2da1b596c15195ac2250c308725e9dc60bd0c477784788e6871e9c38e16b6,18.5
2003-09-10 to 2014-12-31 (eleven years),911,56,0.1,2.5,120.17695041502756,384,0.24479166666666666,-44.259370534910204,0.461529862159305,6cc334adb8df85d2425ff313cf40bb63009c9efe5b1c2f8b7c3e9b8400580415,19.7
2003-09-10 to 2014-12-31 (eleven years),912,57,0.02,1.0,-67.7974432741834,566,0.20318021201413428,-86.36619171035382,-0.2534652739527834,dd4773c8d15b8f480c390ac2d8b32b1c562f32212deeb2528952e042586e74d2,10.8
2003-09-10 to 2014-12-31 (eleven years),913,57,0.02,1.5,-36.7263109601231,477,0.21174004192872117,-67.6855382391799,-0.034504628014132954,092f82d57bc896d9c126c94d8b9842d1b3001d40a99ba052668ec80983063cc5,12.5
2003-09-10 to 2014-12-31 (eleven years),914,57,0.02,2.0,13.411525237235496,359,0.22284122562674094,-50.571664127875216,0.1820171838163421,8886f9de6d9b0fcd0ffda9966f08ceb06b1fc70122dee67b281a2d9e1e9ae6e7,14.1
2003-09-10 to 2014-12-31 (eleven years),915,57,0.02,2.5,120.15605914211649,292,0.2465753424657534,-56.19333943793461,0.48931688637651927,6c3c9103a373438cf1ac87ac18de31d0a9d74c92ce0978b9a78c10cb1ab6820b,15.0
2003-09-10 to 2014-12-31 (eleven years),916,57,0.04,1.0,-88.60107954095118,977,0.2016376663254862,-96.1848417089474,-0.38470248672411717,b3e9f82f1534581d76598d9763686a8972a351fb91ca3903b8ede4bb33d1dc4f,12.1
2003-09-10 to 2014-12-31 (eleven years),917,57,0.04,1.5,-66.41808906127508,717,0.20362622036262204,-80.06711020300439,-0.16432640772010268,9a4b06be09fdfd34b20110445b65066524a936d97eb2ed3ea8b19222790afde0,14.2
2003-09-10 to 2014-12-31 (eleven years),918,57,0.04,2.0,13.451590054412698,522,0.22030651340996169,-52.34453174519278,0.19484684240510305,2cd920c5aa2b6d7675623ff54d845197bf6aabc819c02a04a10e78545c54a6ea,16.1
2003-09-10 to 2014-12-31 (eleven years),919,57,0.04,2.5,13.215994421210219,386,0.22538860103626943,-52.70665542393438,0.1806942756332148,ceb0d3f3f15202da364206dde9547f3d95ff286c09dfa3d43c34601ee849d148,17.9
2003-09-10 to 2014-12-31 (eleven years),920,57,0.06,1.0,-99.17280006069362,1322,0.18683812405446293,-99.58736830610442,-0.8743643583826017,fa207c6de1aecf072b25b1cbb8f063bbc7a24de364de92822deab1eebd837615,13.8
2003-09-10 to 2014-12-31 (eleven years),921,57,0.06,1.5,-86.39201119824507,871,0.19747416762342135,-93.75723159639857,-0.3655708631513179,1266ec83b0c4fd0191242a2f6bba46f468a67d7318e384133d9ea3c6b89d96cd,16.6
2003-09-10 to 2014-12-31 (eleven years),922,57,0.06,2.0,-44.92140648666832,570,0.21052631578947367,-73.4497180839094,-0.05102817733829095,66b1f9622d21c7a8bf22974e1d66fc8b382dc7ca623192a7573ae7eeda5ceb68,16.9
2003-09-10 to 2014-12-31 (eleven years),923,57,0.06,2.5,-6.023928830830864,379,0.21899736147757257,-66.4611130492476,0.10252613796164621,90a717a6bc5f111774fd8a08f7320b7645eb425df96a085c6ab4d422dc91405c,18.3
2003-09-10 to 2014-12-31 (eleven years),924,57,0.1,1.0,-98.10843845497506,1794,0.20178372352285395,-99.18003994778947,-0.5269952662187336,f8416ff49eb23e6c216d24b4749c7bb873e29d6cab358b939bed9557ba04b2b5,16.1
2003-09-10 to 2014-12-31 (eleven years),925,57,0.1,1.5,-80.32120770090805,1117,0.20590868397493287,-91.50384759868928,-0.2066688159151501,f72bd161421ac66eeeaf39dcd646cf5967a52601e28fd26e5dc875a78e6c3c73,17.7
2003-09-10 to 2014-12-31 (eleven years),926,57,0.1,2.0,-16.727098789783895,648,0.2175925925925926,-79.02755335085192,0.11262894572306574,1b8b3bb3b3a6e985974d845b1d1146184275bde78bc193b03ccf03fe2f9b6c5a,18.9
2003-09-10 to 2014-12-31 (eleven years),927,57,0.1,2.5,-8.928490872275061,422,0.21800947867298578,-68.03223773119818,0.09725704465812444,6d24f6aad7280249ba152c9f6710a702d8a6045db39f8c22dbfcfc1490ead10d,19.6
2003-09-10 to 2014-12-31 (eleven years),928,58,0.02,1.0,-83.18570799723511,583,0.1955403087478559,-85.4707912479566,-0.47613066228133183,e3d1ff5313114a943275bdb72d3837f4f320532fe972306c61ec712fb1489630,10.6
2003-09-10 to 2014-12-31 (eleven years),929,58,0.02,1.5,-25.340182299286234,484,0.21487603305785125,-55.20622084522642,0.035899657261406835,ada101f6054ead96797d2e35cd60a3f1bd0c709d8883a63e8743a5f0a37b1e5b,12.5
2003-09-10 to 2014-12-31 (eleven years),930,58,0.02,2.0,30.973387715555027,368,0.22826086956521738,-63.72747248525338,0.24343446272797936,67a4be137f4d1963bd01aaf28e8d4b471da32741387c0a078ee049e76bba74dc,15.0
2003-09-10 to 2014-12-31 (eleven years),931,58,0.02,2.5,-41.90329077806398,291,0.19931271477663232,-74.526976235375,-0.14772608054455805,37b9b0f5ee82df91eb8330e6779ff6757c7d78ef41f1042b69441a3b67e1a887,16.2
2003-09-10 to 2014-12-31 (eleven years),932,58,0.04,1.0,-74.21501867710445,978,0.21574642126789367,-89.03900461980115,-0.13778854640787394,51a90731d09b9ec97d9b5b49eb8f34854e7890edacb83d315360bb15fbb790c7,12.2
2003-09-10 to 2014-12-31 (eleven years),933,58,0.04,1.5,-22.312786003626048,681,0.21879588839941264,-77.21765779067294,0.09843667903953257,863911e828273a3b0f50fbad419eb2bc43385080e568e952f179a0b498371557,15.3
2003-09-10 to 2014-12-31 (eleven years),934,58,0.04,2.0,24.128153317469685,477,0.22641509433962265,-64.47700204625062,0.22699821584625463,4f50e7d703fcc452987114a20e7579da2f1184307e329a9b60d48e3bf4970299,16.9
2003-09-10 to 2014-12-31 (eleven years),935,58,0.04,2.5,75.7682046225498,338,0.23964497041420119,-44.40741970432555,0.37557577308048007,8615c5aace9a562925cb85bb0ac3edf9de230a04524e0009b1f1365ac81b6305,17.1
2003-09-10 to 2014-12-31 (eleven years),936,58,0.06,1.0,-99.65270075306549,1333,0.18229557389347337,-99.8205717465433,-1.039039087056481,d38d2d1fcaf20f4b2fcd2b9dc40828bcfb831317f2f0237722edb2fe16352e8b,14.6
2003-09-10 to 2014-12-31 (eleven years),937,58,0.06,1.5,-95.26648048517885,869,0.18642117376294592,-97.22164468414599,-0.6611379967921059,8bded73b065b0deb1f2cf1f0ed66683f5e517fa205d3f3a61ae1d3966e240dce,16.4
2003-09-10 to 2014-12-31 (eleven years),938,58,0.06,2.0,-41.839053190379964,548,0.2116788321167883,-83.20665365949672,-0.029782407322715337,e055ece87df1d9501e3d4f527998493f083d51ecec94be2bc9891da825f54df5,16.7
2003-09-10 to 2014-12-31 (eleven years),939,58,0.06,2.5,90.15653177195254,353,0.24079320113314448,-48.04074304019391,0.39952268247967077,869f96a9bcd519e549d3c5f507db19ff2af0d3dae77d67fe217ccfe02f6c85fc,19.2
2003-09-10 to 2014-12-31 (eleven years),940,58,0.1,1.0,-99.2930006891201,1781,0.19708029197080293,-99.68588229946647,-0.7065810827636206,34b6090f11096c48897649932f579bb37958f49c3f2dc4d92863ca01d6ca636b,16.2
2003-09-10 to 2014-12-31 (eleven years),941,58,0.1,1.5,-83.7537690734615,1104,0.2056159420289855,-95.28542314471416,-0.24717910702359167,b27a7570fae383bdf5198e32e33dcc80ad43896f39f6b808c5a9c6062c3cc2b8,17.8
2003-09-10 to 2014-12-31 (eleven years),942,58,0.1,2.0,-38.87775343553382,700,0.21428571428571427,-82.49624543680407,0.00821094510991637,191043d55b4bca098653e43423b9c3cb8d15976dab54d639e1c9fff293dcdfeb,18.2
2003-09-10 to 2014-12-31 (eleven years),943,58,0.1,2.5,59.709829283671134,399,0.23558897243107768,-58.2470439653402,0.3273222761423244,0ef3d07334f3959fb6f49711d2cf540932f9338180816ad96faa22670acba229,19.1
2003-09-10 to 2014-12-31 (eleven years),944,59,0.02,1.0,-87.5270858543882,577,0.19064124783362218,-91.72688411854767,-0.5475906951139422,3623958cddbffa96dd601303ada6f67fac966a06c6eaacbad43d24c6c2ec3228,10.1
2003-09-10 to 2014-12-31 (eleven years),945,59,0.02,1.5,-15.111992465764196,483,0.22153209109730848,-71.15949035684493,0.08401885972827701,62aff5c2eb09686feb4a8a8e64648456b840106a8d40af3795abc051c55ac46d,11.6
2003-09-10 to 2014-12-31 (eleven years),946,59,0.02,2.0,-18.74629521329536,388,0.2190721649484536,-63.36880197640422,0.03959556636367832,df3c8f70dbf92cd4a6a310be70a9ad32c52a7bb5ea46c756347eb369148ab6c9,13.3
2003-09-10 to 2014-12-31 (eleven years),947,59,0.02,2.5,7.844684331872595,301,0.22591362126245848,-55.01216132097848,0.1515142553304637,601efdc15c38441ef4ac9285b6b8a18bdd2b8b1e1bb6cfa2af6e1f2136463d23,15.4
2003-09-10 to 2014-12-31 (eleven years),948,59,0.04,1.0,-99.069279326575,983,0.18006103763987794,-99.44218126675392,-1.021068870156024,5624e04948c363a6f6d1967487130afabd2258d36a35e90d34d9e59b179dbe6a,11.5
2003-09-10 to 2014-12-31 (eleven years),949,59,0.04,1.5,-88.77904151511915,721,0.1914008321775312,-91.94674966382985,-0.4896701048733431,e25277a95f34e6fec0ec625838e3c2e14eba8306e3d5820f4284f81f4f954c6b,14.5
2003-09-10 to 2014-12-31 (eleven years),950,59,0.04,2.0,-13.090647369669481,477,0.2180293501048218,-69.79666052205965,0.09280706676330913,54c61f46a1a594e72e6b0467980db07c0d843be71406655dafdb891817b3e19f,16.7
2003-09-10 to 2014-12-31 (eleven years),951,59,0.04,2.5,35.952764296923064,334,0.23053892215568864,-48.685782886702654,0.26008680447248506,4906e4a1bed6610561529b7a32d8e6916ddf3955311660aaa26c04204fffea94,17.8
2003-09-10 to 2014-12-31 (eleven years),952,59,0.06,1.0,-97.89151884354911,1309,0.19480519480519481,-98.7227582011282,-0.6927077541025466,80e1a868d4579efca509c7f89fd120236af12c6fa9033f193992c15fd3ddc4fa,13.2
2003-09-10 to 2014-12-31 (eleven years),953,59,0.06,1.5,-95.29679922458035,854,0.18501170960187355,-96.82747240962371,-0.661263214215963,c11a296657cad0b33d873969156b7a0a0e0d6c064152abb9a523a0aab06b21d0,16.2
2003-09-10 to 2014-12-31 (eleven years),954,59,0.06,2.0,-52.53722464104308,551,0.20871143375680581,-79.15269531481043,-0.10221786128137939,3f13c04b20cf101b9c58098fd362cf1e707fad212731aaf852f7346937f57647,17.3
2003-09-10 to 2014-12-31 (eleven years),955,59,0.06,2.5,-4.488900594886045,392,0.2193877551020408,-59.7101352121594,0.11070967894289468,e6c6866b189ac59ec9dfc43d72ceb847fc39734f934909db13f28bf8699671a0,19.5
2003-09-10 to 2014-12-31 (eleven years),956,59,0.1,1.0,-99.51976532875094,1828,0.1925601750547046,-99.8855293390427,-0.7706169834744245,8969505ff7c6cc512d06ae5f60344276676ab7145f4ccdaf327321840c41c8eb,16.2
2003-09-10 to 2014-12-31 (eleven years),957,59,0.1,1.5,-79.4288799533575,1061,0.2054665409990575,-92.74456017753228,-0.1854095819310291,274fadf81ae39df47d6b8de0b14c89881c3669155c28f51212b890dc916d51f4,19.7
2003-09-10 to 2014-12-31 (eleven years),958,59,0.1,2.0,137.7124022307845,650,0.23384615384615384,-61.36088508706352,0.4491578656544857,e89453a4d7d5ebf234ae76e8cff4a22073c21d5467bb4ab64c750c1bee963d08,19.7
2003-09-10 to 2014-12-31 (eleven years),959,59,0.1,2.5,43.76381540171844,441,0.2290249433106576,-56.18663131105461,0.28287648792864417,c9e0e3414abb001ba864dd46cfeded92057ba6da958d7a9132b218a345a6fd89,20.5
2003-09-10 to 2014-12-31 (eleven years),960,60,0.02,1.0,-86.40050394939706,585,0.18803418803418803,-91.81744628123457,-0.5970935940993488,b463a9ad38e237ad7ba338300b910d59800028ca1294766a747e9a2de9fa2dda,10.3
2003-09-10 to 2014-12-31 (eleven years),961,60,0.02,1.5,-68.50520393289162,470,0.19787234042553192,-77.49475461828568,-0.2940651153896953,c0940cf90018f0c2fb54e64035284a129c5fdb3a6e68f2da491106103e426cc3,12.6
2003-09-10 to 2014-12-31 (eleven years),962,60,0.02,2.0,-36.359621665216984,358,0.20670391061452514,-62.05951449437035,-0.07818048918520856,578ce9500fef6b13168c39489da7059e657d738d58ab9c33629ff1bb73ed5730,14.0
2003-09-10 to 2014-12-31 (eleven years),963,60,0.02,2.5,-44.54876980957344,288,0.2013888888888889,-61.397556325355126,-0.16911668982946274,b707d719c49adf09b30dea0091f2ff003598daae189a26e9a004174f2ac72ddd,15.2
2003-09-10 to 2014-12-31 (eleven years),964,60,0.04,1.0,-98.47510749708407,1017,0.18387413962635202,-98.79856128896589,-0.9103143539738445,336fc876979250fda7369352cfabc1ed704d50463d318dd487dc1b3b0cd77193,11.7
2003-09-10 to 2014-12-31 (eleven years),965,60,0.04,1.5,-90.68303695532246,752,0.1901595744680851,-95.7926412718211,-0.5527726959206027,ef12721f5162d21f28acba3f08f1d5f355fe8791f9e0284e924da04df3fa0ace,14.9
2003-09-10 to 2014-12-31 (eleven years),966,60,0.04,2.0,-3.924107523255025,520,0.22115384615384615,-65.99202462739957,0.1333875219300343,b6a5c8ac57b014ec6d942b411d90593d3254536a461d3ed4ec3a70424ab22778,15.4
2003-09-10 to 2014-12-31 (eleven years),967,60,0.04,2.5,3.9995810037648285,379,0.22427440633245382,-53.26104656294404,0.14495985727192434,a19fe85f2d79ad787e9feb6a76d7d4f95d0bd8747ababd40c267ea983203f3b5,17.1
2003-09-10 to 2014-12-31 (eleven years),968,60,0.06,1.0,-99.70599202687018,1237,0.17865804365400162,-99.79841099874604,-1.1826237747864532,89282872dda84e6351990788f7451a4a18f35ced704a8cbfbd12f9955ccb576a,13.9
2003-09-10 to 2014-12-31 (eleven years),969,60,0.06,1.5,-79.27306793287016,768,0.20052083333333334,-88.17560116473742,-0.28832127486172937,6b417dd828d5755c8622d50a4dd4a9fab67d79bd04f3b83a991a76f5ca9e7713,14.0
2003-09-10 to 2014-12-31 (eleven years),970,60,0.06,2.0,53.807555396020575,515,0.229126213592233,-54.02009696443599,0.30764791738177494,28dbe6557a73de734339e662c708447ce3c48646e01952db69ae96efaed657f0,17.7
2003-09-10 to 2014-12-31 (eleven years),971,60,0.06,2.5,101.82866070050073,344,0.2441860465116279,-48.02377705310934,0.43732145865282696,9d2e32b05100f27991e4aed0acccd8b8a60bf40cfb3b354407c83d207b7a2ccf,19.4
2003-09-10 to 2014-12-31 (eleven years),972,60,0.1,1.0,-99.97699714455254,1842,0.1775244299674267,-99.98395282398518,-1.404436813211902,be77a8b03d81a4a50542e85995f1690e292489e001773cb0094ab9a33aeb5723,15.9
2003-09-10 to 2014-12-31 (eleven years),973,60,0.1,1.5,-89.25024534330453,1088,0.19852941176470587,-92.20487303722193,-0.3487099824629795,6bc14db491bfa0bfe2f04d6c1c6826f62013f9b444ac5feb8c6f616e4a5146b4,19.6
2003-09-10 to 2014-12-31 (eleven years),974,60,0.1,2.0,-54.86767391546705,701,0.20827389443651925,-72.46006219311569,-0.08619621707711878,93bbf5fe88f7fda3cfc8d7f053decad828130e641f12ea98461f1ad7f69da013,20.9
2003-09-10 to 2014-12-31 (eleven years),975,60,0.1,2.5,42.53747259421165,376,0.23138297872340424,-48.63739609775026,0.27963402144340554,bb125b2916bdb615a48e722a46b86de8f54f827d27e954c305facecb1b410219,18.8
2003-09-10 to 2014-12-31 (eleven years),976,61,0.02,1.0,-88.51602458666301,535,0.18691588785046728,-95.0988326926521,-0.6152949795022673,f62ba9a3deb90d9b2394a5b349fd0a16c81855462daa42baf88c49c3c9332127,11.3
2003-09-10 to 2014-12-31 (eleven years),977,61,0.02,1.5,-69.0961943717281,450,0.19777777777777777,-87.94362089674655,-0.3224136795884965,dfee06616ab8065ab2d054d340cb09ac24ae989582ba9a1fd0b2454e59c00b7f,12.6
2003-09-10 to 2014-12-31 (eleven years),978,61,0.02,2.0,-14.827253561614112,362,0.21823204419889503,-70.04217123446553,0.05602381658308895,0392397b6eed772da9905f9eb2b93dce5e236205574989007412a79743e8c8b2,15.1
2003-09-10 to 2014-12-31 (eleven years),979,61,0.02,2.5,-33.49810824761105,270,0.2037037037037037,-67.03110681750584,-0.09690631162554585,82599c2d309374c2860ea724d9fefb1b584a81c714017e174171264f8c9157d5,16.6
2003-09-10 to 2014-12-31 (eleven years),980,61,0.04,1.0,-95.25343733401435,968,0.19421487603305784,-98.49895823129397,-0.6376953361195352,7aeb7ebfed780d30ab7496ad6cee6066f84fcbf1ff8cdf4eb1979ccccf2ca138,12.6
2003-09-10 to 2014-12-31 (eleven years),981,61,0.04,1.5,-78.55592878367686,690,0.2,-90.04899479845415,-0.3276598109285694,d0547ee45b7b6305d589d78220a9627dd8adf436f66f44a2502835e13df6105e,13.4
2003-09-10 to 2014-12-31 (eleven years),982,61,0.04,2.0,-54.625040465967444,511,0.2054794520547945,-80.19058723827345,-0.14378440950398058,4e0e2a72995102033ed9f8f389e882687e773e249c8a4bae6662fe18584d054e,16.7
2003-09-10 to 2014-12-31 (eleven years),983,61,0.04,2.5,-40.46106599541953,370,0.20810810810810812,-71.16377035821459,-0.0931652933925637,a80942af55988ec45e2da4a9f629495c1b320d5c44e190c4593f9d09d29d049f,17.4
2003-09-10 to 2014-12-31 (eleven years),984,61,0.06,1.0,-99.25519183391002,1338,0.18684603886397608,-99.62390995170335,-0.8975179312318192,12369f57c73ed3a5dacbf16b882b019b8e46a4dc5a3efd261fbfcd3882d58db9,13.2
2003-09-10 to 2014-12-31 (eleven years),985,61,0.06,1.5,-92.28645380443913,887,0.1927846674182638,-95.99541062510296,-0.5048925996496814,7ee9b87da3ecc37039291dfad2d23d9f7e43b5d248f1abd37fa6101042499115,16.6
2003-09-10 to 2014-12-31 (eleven years),986,61,0.06,2.0,-56.9636210314829,594,0.2053872053872054,-81.73924684757283,-0.12799686942786506,1b40ce5adce59074a39a6e095652d43558baeeb760bbc257e205cad4606e38b1,16.6
2003-09-10 to 2014-12-31 (eleven years),987,61,0.06,2.5,-34.615507598485365,403,0.2109181141439206,-76.33071003044824,-0.0497672865472088,9631c9b999151392c911ab5470d375c1b8996087cce220a1c609b21003deaed1,18.7
2003-09-10 to 2014-12-31 (eleven years),988,61,0.1,1.0,-99.94481544762061,1842,0.18132464712269272,-99.97110880133356,-1.272709228264584,389b738a5db2947f6fefc90a97710301857f3af0c59fe2ee9b7fe3827d5f0efb,16.5
2003-09-10 to 2014-12-31 (eleven years),989,61,0.1,1.5,-93.89917918660272,1097,0.195077484047402,-97.30032273967903,-0.5094137486356057,45af14ad94db41fcf11b8429f4a500a930fc4cfd68184a5c8f7532b9e79fd06d,18.5
2003-09-10 to 2014-12-31 (eleven years),990,61,0.1,2.0,20.284862428953236,613,0.22512234910277323,-68.40748811160738,0.22475555557009724,705a32d3f31de932aa0cc394bb4adda4f42d3f8c3eb1cb3eccbf5751f89f26f7,19.7
2003-09-10 to 2014-12-31 (eleven years),991,61,0.1,2.5,60.83904166441819,376,0.23404255319148937,-50.46708546146673,0.3332678012767545,9ff6d857f16921d92d9d449b17e41c401ead85765561fe93a68fa5ea0362f6fc,19.6
2003-09-10 to 2014-12-31 (eleven years),992,62,0.02,1.0,-83.91016642384058,587,0.19591141396933562,-89.85973838311207,-0.4712701007695662,5b571bbd3448c8709a03ea01a4a456f4a59ddc815091d55a403e738de36df079,9.8
2003-09-10 to 2014-12-31 (eleven years),993,62,0.02,1.5,-77.78976587044981,506,0.19367588932806323,-82.50972981274181,-0.42800663345114653,59edfaf6793fcb6f07b362f279937df16b21d68a936919a08a3065eb60e66532,11.9
2003-09-10 to 2014-12-31 (eleven years),994,62,0.02,2.0,-68.36339272262677,382,0.193717277486911,-79.40122951654256,-0.3539508249629863,ccfe94f60dd9368d09b3e9925fbc3b45a218a04c7421799fa973e0f042d071b8,13.8
2003-09-10 to 2014-12-31 (eleven years),995,62,0.02,2.5,-39.842120260342575,297,0.2053872053872054,-58.48767560620978,-0.11697979748266661,53281d06edb8b2c3f2eb98a626b7be37d6649195a64e4f9b7c6ddfc6156f5367,16.6
2003-09-10 to 2014-12-31 (eleven years),996,62,0.04,1.0,-98.65582991704704,965,0.18238341968911917,-99.50781891648124,-0.9414160293794418,af93a90acf5ff73ba775135e96e6fb6665be73f61c61f4604bf3896ef721c8ba,12.8
2003-09-10 to 2014-12-31 (eleven years),997,62,0.04,1.5,-93.49078886044212,703,0.18492176386913228,-97.06274552923783,-0.6568364999603585,4fa0fa881f4c23d7d868a3a0242716e6c5c5b2a60c88d359c44a055e0a6d0600,14.9
2003-09-10 to 2014-12-31 (eleven years),998,62,0.04,2.0,-58.39824217266719,484,0.20454545454545456,-74.50998203491547,-0.16905576194856026,6c4d105d40aca56b39e349cd09eb201f50bd0c3a1292a07affddd8d2cea79cdc,17.7
2003-09-10 to 2014-12-31 (eleven years),999,62,0.04,2.5,102.34581381519037,339,0.2448377581120944,-36.37531705356374,0.4347121007564443,e574417d44b07ece77ace74a83d1a9404dab293dc9e49cf640830285ac854dcc,18.8
2003-09-10 to 2014-12-31 (eleven years),1000,62,0.06,1.0,-98.59608465970466,1305,0.1900383141762452,-99.31961464047065,-0.8084432524946358,347e1503b4264bd3714a20478eddda5894d8d10f98eec515df321b439195992d,14.8
2003-09-10 to 2014-12-31 (eleven years),1001,62,0.06,1.5,-91.08643216117255,892,0.19282511210762332,-95.18008105318684,-0.4924012822768074,374b1fb9e062bf02e7deaaaf1581b1cb9befc0df8eb39f0d757711699d92c585,14.7
2003-09-10 to 2014-12-31 (eleven years),1002,62,0.06,2.0,-33.48374224272019,606,0.2145214521452145,-68.22526304353411,0.021321938075629845,4cd820f4feb5ab33c94baeefa21ca6577dab6a0c67a22fce0c89e000d9dac7e3,17.2
2003-09-10 to 2014-12-31 (eleven years),1003,62,0.06,2.5,-0.11301896497686811,434,0.22119815668202766,-62.88944067383693,0.13512092482576457,d3453f4d7b19009b1e306d5fad551ff507e7ec68d56aed174727491f10daae15,18.3
2003-09-10 to 2014-12-31 (eleven years),1004,62,0.1,1.0,-99.4430985261893,1813,0.19415333701047988,-99.51956656993691,-0.7606326966815431,cccd432c7bbe4b1eab044fcc0d724fa5f8fd6140594f415fd2ce5bccd65434b3,16.0
2003-09-10 to 2014-12-31 (eleven years),1005,62,0.1,1.5,-95.10299933491714,1133,0.19240953221535745,-95.95623592407092,-0.5552021514221747,63a0bc207e9bef23bd65bf49b8588ed4f301aa7106a9b343e2aeafc78786c248,18.0
2003-09-10 to 2014-12-31 (eleven years),1006,62,0.1,2.0,-7.672458151642964,636,0.21855345911949686,-62.784188371891815,0.13936369783305583,96aa7188f40ad7f7e6fd6928fe5220ac20213ab29e4a5f46375906fa6bd74f46,19.0
2003-09-10 to 2014-12-31 (eleven years),1007,62,0.1,2.5,62.47998157326988,391,0.23529411764705882,-52.839788671433666,0.333673626223485,d753c3e82319a82b351b44fc33a85335d1d0f164fbff726695530b8d636f39cc,18.6
2003-09-10 to 2014-12-31 (eleven years),1008,63,0.02,1.0,-94.05387331988834,567,0.1781305114638448,-95.41572370225711,-0.8500887183876104,5ab0602a1bd8c628bb138964e47809f3b95c66842c32a2ee6d1eb0908dd7bef2,10.3
2003-09-10 to 2014-12-31 (eleven years),1009,63,0.02,1.5,-19.5301556771445,469,0.21961620469083157,-72.92890504371917,0.05298949044019856,ca7890cc2e5690524e36f5f7cc4b486f1cff9e70461926b4694da89b04eeb1c7,11.4
2003-09-10 to 2014-12-31 (eleven years),1010,63,0.02,2.0,63.13741956759708,367,0.23705722070844687,-53.184745801219755,0.3394528781150011,7278f57378dd07bf360f8a7cdc47785c34583951ff80d6fab6e6b5719c8d33d9,14.9
2003-09-10 to 2014-12-31 (eleven years),1011,63,0.02,2.5,113.49064370749853,293,0.24914675767918087,-43.53884920972837,0.4841081244529677,71f8a73facfb3b7d609bd100cd4626db3d628c9bc3f6e7f7ba1b43e43d5067d7,15.2
2003-09-10 to 2014-12-31 (eleven years),1012,63,0.04,1.0,-91.40834911159665,969,0.2002063983488132,-92.30826488806788,-0.47693297659267886,6c761d64e3bd7a736c71990e610ed23e7911e570eae7d8c0e5c8191cd79b46e3,13.5
2003-09-10 to 2014-12-31 (eleven years),1013,63,0.04,1.5,-82.75574616631825,721,0.1955617198335645,-88.7998435602752,-0.39162153749846024,1c6b1fa1e2bd99a8cb7ff218841094a2b3db62ab007c9f5e8b2d406a5ba3835f,15.2
2003-09-10 to 2014-12-31 (eleven years),1014,63,0.04,2.0,-30.452742801161715,526,0.21292775665399238,-68.50550923369443,-4.2269002022459556e-05,323bd85ff11069f0eae3efa8ded152e5896b2920673f43fc747ad006f34f2270,17.8
2003-09-10 to 2014-12-31 (eleven years),1015,63,0.04,2.5,33.72637960798649,342,0.22807017543859648,-60.32597300834883,0.2530480649388185,7f70624185000369c82ce457552d5829493bc168f2ee006325b8980e24014e8c,17.0
2003-09-10 to 2014-12-31 (eleven years),1016,63,0.06,1.0,-99.92866107431517,1305,0.16934865900383142,-99.97491535083525,-1.5143926644876504,d047ddf01676ef369b0ad8801b4bab240663412c30eabd62b5e22283deab61cf,13.0
2003-09-10 to 2014-12-31 (eleven years),1017,63,0.06,1.5,-94.81166075140173,896,0.18638392857142858,-97.31422034375944,-0.6387121732458644,fac51bdc23dfbfe258003905eb4b683c45bf94f518f722d07f411c76e9b393d6,16.6
2003-09-10 to 2014-12-31 (eleven years),1018,63,0.06,2.0,-46.42839517735687,560,0.20892857142857144,-80.85077878216312,-0.06591662889333294,4e708376883311cc772b5ea6c2754c5896f6d17ad7db7defca43f77ca092adc0,18.5
2003-09-10 to 2014-12-31 (eleven years),1019,63,0.06,2.5,-18.499470478839182,406,0.21674876847290642,-71.47381675623056,0.05083342979955826,28351f62133f733249b9aec9a18468bf2dfdfb40f00e3e0e009c755262cec1c1,19.3
2003-09-10 to 2014-12-31 (eleven years),1020,63,0.1,1.0,-99.84021420773385,1816,0.18777533039647576,-99.92482844896294,-1.0004738994111748,b9c973e46c63cd0bd0de148dfbc3e89d7a202637c1c495cde9685923847a1ced,16.6
2003-09-10 to 2014-12-31 (eleven years),1021,63,0.1,1.5,-93.75165868405199,1052,0.19391634980988592,-97.51232561931684,-0.49258220149909904,c2928ca8629c4f17e12f6cf89f4ca68fead40774cc63dd46f164fa26f8e412df,18.0
2003-09-10 to 2014-12-31 (eleven years),1022,63,0.1,2.0,-66.92423389515656,652,0.20245398773006135,-78.14644443449619,-0.1953075633805341,80e7423290b148d611e994c4c79fe98f16e3e4cd49e0f880f61eb86ccedad0b2,19.3
2003-09-10 to 2014-12-31 (eleven years),1023,63,0.1,2.5,20.33523940185847,412,0.22572815533980584,-50.65604484972302,0.2099204089319068,1861c923cd8c730c1660ec6633a84e0e4cd3e9fb39ceefc732f4ed4f12586b66,19.1
2003-09-10 to 2014-12-31 (eleven years),1024,64,0.02,1.0,-93.72277597708117,556,0.17086330935251798,-96.08582740120075,-0.8838918636179256,ca36874ba785d68356afdfb832e39c6c483df8f87a52c9675a8aa9cbe791deef,10.8
2003-09-10 to 2014-12-31 (eleven years),1025,64,0.02,1.5,-85.47942852849184,474,0.17932489451476794,-89.77053613225007,-0.6109074206803261,2f33665c19232f4b52a1afdca6bbf6eb91695de25f21a06694475c63dbd59fe7,11.3
2003-09-10 to 2014-12-31 (eleven years),1026,64,0.02,2.0,-77.22914729708508,386,0.18134715025906736,-80.59442648215327,-0.5150147411759642,291a701456da14980f5a99bd157dc211a6ffe3193b496db47839721a520eaa60,14.1
2003-09-10 to 2014-12-31 (eleven years),1027,64,0.02,2.5,-44.59821538300286,288,0.2048611111111111,-62.89646172598087,-0.16654603012236327,2cb60e95f35d7df2dc565a185ae1a3da30bd4216cff507242d9227c07572c52d,15.7
2003-09-10 to 2014-12-31 (eleven years),1028,64,0.04,1.0,-94.6411873405561,961,0.19042663891779396,-96.66879997147757,-0.6167563535963618,584390d5dd3e0c225a583ed8f1706840dea641b915d15ca252ea7b5f4922d61b,12.3
2003-09-10 to 2014-12-31 (eleven years),1029,64,0.04,1.5,-75.93790120751078,717,0.19804741980474197,-89.96123777836829,-0.28735168767798086,f5e66ec535e7657047f3f482d24e86a115ab2413961e0aabee5e45320ac42a23,14.6
2003-09-10 to 2014-12-31 (eleven years),1030,64,0.04,2.0,9.87612439278811,504,0.22023809523809523,-63.1341094445512,0.17990897056649385,abf2b484e6a38dd233fbded7b4ce2e25ee72df93928c606bfcd359ccc9a13d5f,16.2
2003-09-10 to 2014-12-31 (eleven years),1031,64,0.04,2.5,88.72787936963475,364,0.23626373626373626,-58.792145701075086,0.40359208927652535,ceb5c72bad7467930ba4d83f7e1d9d0ad26da15723e6edc70520b18e10999eaf,18.0
2003-09-10 to 2014-12-31 (eleven years),1032,64,0.06,1.0,-97.24002342943385,1319,0.19484457922668688,-98.98610093666268,-0.6066690775850276,be1f8597160c625dfc8efee20952bef4f05d32a5ca2b6f2d6260f713322ecc7c,13.5
2003-09-10 to 2014-12-31 (eleven years),1033,64,0.06,1.5,-52.94868711211272,880,0.21136363636363636,-79.64969480561783,-0.021739282359883174,d874e4360b262d516a47c7bdb1f2e5efc5e7d5648fe3b7bae5cb751279463024,16.2
2003-09-10 to 2014-12-31 (eleven years),1034,64,0.06,2.0,52.178157593367594,563,0.22735346358792186,-58.13673594248976,0.304013252205283,429d31d7cc50cacfc39b76ceba8f51dfef19314b07ea36f5d3f73462456dc428,18.1
2003-09-10 to 2014-12-31 (eleven years),1035,64,0.06,2.5,11.653131933474542,343,0.22448979591836735,-48.12098087517077,0.17356463096889937,7fb77ae36b7b0237a1b089f4afbe5f88ea319ea149759c5604846b2bbbfbd563,18.9
2003-09-10 to 2014-12-31 (eleven years),1036,64,0.1,1.0,-99.96174391518784,1826,0.17907995618838993,-99.97756717141868,-1.27211119402603,fdc542e84a40e785597e99dc956171fc15d7098b3abe236a945e0590acfa7ef2,14.2
2003-09-10 to 2014-12-31 (eleven years),1037,64,0.1,1.5,-95.20551857373499,1076,0.19144981412639406,-96.72695043483853,-0.5692236020584344,a0fb2d74b5fc54d2d5b662dacfaad098983c9c9368fa44cbd3035a95b728c509,17.2
2003-09-10 to 2014-12-31 (eleven years),1038,64,0.1,2.0,-4.9946920395065675,645,0.22015503875968992,-54.40839910189859,0.15157556950716417,496d8260d517638e2f0ee3899d006cc4decc21e29d472b4ccbb922aab40bb3fd,18.8
2003-09-10 to 2014-12-31 (eleven years),1039,64,0.1,2.5,70.28412306327202,432,0.2337962962962963,-53.470173277693355,0.3520620110635784,48d55a5a56f6561f784ffae3a75d589230f9dc9f0c44438824563336081b37c8,20.7
2003-09-10 to 2014-12-31 (eleven years),1040,65,0.02,1.0,-72.96161686209179,541,0.20147874306839186,-83.35226228358445,-0.3120215689760242,2cf9e14da5f416b06f8256a30af8a6474c06fb6fb0300c6b4699cfcf1cb3cba3,9.7
2003-09-10 to 2014-12-31 (eleven years),1041,65,0.02,1.5,-74.71991560459594,454,0.19162995594713655,-75.58892168550078,-0.3882026745392087,4cf22f83d0fdc7858c1c81f1e30b2fb18e1d2abc8d6d54d233cd33021ecfd86d,13.0
2003-09-10 to 2014-12-31 (eleven years),1042,65,0.02,2.0,-68.58774453412965,374,0.18983957219251338,-69.07796896851477,-0.38496564199484234,12cfae23afe6b9c291176080c091ffee5664fd70b2ed41af5ad5e8c13b6bc1ae,13.4
2003-09-10 to 2014-12-31 (eleven years),1043,65,0.02,2.5,-58.60261351410588,290,0.1896551724137931,-71.83124050748202,-0.33833519048541216,ed35ee210b7f823e29674e0696651e86ff320c7e8cb68403166f108131adc4e5,15.8
2003-09-10 to 2014-12-31 (eleven years),1044,65,0.04,1.0,-98.17176537575828,971,0.18537590113285274,-98.40401647526775,-0.894815424981884,c2d228c19eefab0eac9345abcf4573ae5769e3dbcd5552d3414837e12909a29d,12.5
2003-09-10 to 2014-12-31 (eleven years),1045,65,0.04,1.5,-88.9757169262131,702,0.18945868945868946,-90.74633229956576,-0.5198099659756563,a08e0e6c2f414957e4cfbe96340128254cb37afba01b8eeed9adbf67147aa07f,15.3
2003-09-10 to 2014-12-31 (eleven years),1046,65,0.04,2.0,-5.836859290859491,471,0.2208067940552017,-63.40314420526044,0.12539069501510042,f1c662db37a508f145106d99547244bd7bffbab9a1d0dd84c92875f23585cc84,16.5
2003-09-10 to 2014-12-31 (eleven years),1047,65,0.04,2.5,6.535316282339415,343,0.22157434402332363,-50.09100982677934,0.1503651319836528,b4c4fb6e1a88b50ee041d6bc7ce414ee9694ad9da4c706838e5b40a18623f328,17.5
2003-09-10 to 2014-12-31 (eleven years),1048,65,0.06,1.0,-99.55140233779817,1328,0.18298192771084337,-99.77193100741594,-1.0607441663062405,720f7841c054cd13d7bb64651e65f2a8cfe113ae384e9b8ef1033d8d32c6ffb4,13.0
2003-09-10 to 2014-12-31 (eleven years),1049,65,0.06,1.5,-98.51911565515535,941,0.17534537725823593,-99.2078805671618,-1.002752613563699,068dd75591b0aae50c6e69e9a1b498de865bddf81708221ab761e6afea3ff0f2,16.3
2003-09-10 to 2014-12-31 (eleven years),1050,65,0.06,2.0,-73.96206599350276,615,0.1983739837398374,-87.08797926713474,-0.306832188436772,c8f0098e8d247dbfe4a7eef40512d07edfb2a6cd275ea9d820b5112374b19704,17.4
2003-09-10 to 2014-12-31 (eleven years),1051,65,0.06,2.5,41.876579353052996,399,0.23057644110275688,-49.59422297796468,0.27815632348252206,9936a7aa2dc167ea23b13c43549065979c7fe4b94d2ab0c814526e0e169adb95,17.9
2003-09-10 to 2014-12-31 (eleven years),1052,65,0.1,1.0,-99.92485510597618,1814,0.1819184123484013,-99.94348127111708,-1.1983972178787556,06ca7633f8180cf837f0f4896c1403bd30a7595e91d6bfd784650f337f0f6fc7,14.4
2003-09-10 to 2014-12-31 (eleven years),1053,65,0.1,1.5,-93.82333797598312,1113,0.1940700808625337,-95.90725734087053,-0.5242408033630914,ae7f7a3348b88e77ff5cf6859b201a90c952fc2fa79262541e94401e0fbdd03b,17.9
2003-09-10 to 2014-12-31 (eleven years),1054,65,0.1,2.0,7.213658038109802,628,0.2229299363057325,-57.07439833431446,0.19033532563960684,8fe909d9c985580042489394a0a971d70beac614f47bd6a685276ad7bc83adb1,19.4
2003-09-10 to 2014-12-31 (eleven years),1055,65,0.1,2.5,9.395619121375239,418,0.22248803827751196,-41.46076711045489,0.17018672925721454,b18ea5f9dc0e806346fab7221349c841ddbcad2da247bc5bdf410249fffd5ac8,19.2
2003-09-10 to 2014-12-31 (eleven years),1056,66,0.02,1.0,-85.60833243515744,570,0.18596491228070175,-92.46536955365036,-0.5687465015452108,3c66b60c2ff296e4408da03b2142bc98ce7ec380cdd07df2a7a405c7e5841518,10.0
2003-09-10 to 2014-12-31 (eleven years),1057,66,0.02,1.5,-8.478290705098916,468,0.21367521367521367,-72.81742977029171,0.10425813464426507,cfd6f3e77c468a39dd7d19f988a586db3f5feed38f255bcebc419bf587932367,11.5
2003-09-10 to 2014-12-31 (eleven years),1058,66,0.02,2.0,-20.078616847442206,359,0.2116991643454039,-67.02018531751632,0.028029558660570643,55711578ff85bb7a8d01f33a265a52c8a559235faab9699fe2d88fda78d858f9,14.4
2003-09-10 to 2014-12-31 (eleven years),1059,66,0.02,2.5,53.784865471941046,284,0.23591549295774647,-51.29902277428429,0.3231687909025758,f7959a3682bc46b33af0f674a88020bdced1b94e44bbf37f97fa378e4dfc3b30,16.3
2003-09-10 to 2014-12-31 (eleven years),1060,66,0.04,1.0,-93.99118196523973,941,0.19128586609989373,-95.27650048991711,-0.5944758874518625,0b20b64d90ff2eda014a23bd5f5cc50db5c90d31002012083344e05f863b87db,11.9
2003-09-10 to 2014-12-31 (eleven years),1061,66,0.04,1.5,-47.33910128540895,708,0.20903954802259886,-79.35113654631911,-0.04142656371713168,d0feb3e47a60519cd571c8a20858926e62b33682b36f8b80ec448699783f2d38,14.5
2003-09-10 to 2014-12-31 (eleven years),1062,66,0.04,2.0,114.70443200849445,492,0.23577235772357724,-56.29928180746698,0.4333846256144915,6be0780bbc11e9d0febf12d0c6e927f450d95222c9b62232038924d1bf0c2964,16.3
2003-09-10 to 2014-12-31 (eleven years),1063,66,0.04,2.5,273.92028175728274,359,0.2590529247910863,-48.66408189257654,0.699998665188982,8cf8f1466234f4896efcc9d6fa80501d57d39fc4e1f320c4bcacc1c159fa2d5f,17.4
2003-09-10 to 2014-12-31 (eleven years),1064,66,0.06,1.0,-99.66550961504672,1294,0.18547140649149924,-99.8607073047877,-1.1021921466725357,04b68f3e1046d102e8133e4dff919515d7e88e913335c538a025962174adffba,14.7
2003-09-10 to 2014-12-31 (eleven years),1065,66,0.06,1.5,-93.78216402338833,868,0.1923963133640553,-96.3841229929661,-0.5915643547020073,188282fc8d4cd0c8ca58d6c16ad4fad4bbc5d4fcdc8f0069e9db6ca662defe36,15.7
2003-09-10 to 2014-12-31 (eleven years),1066,66,0.06,2.0,-38.72018191440355,547,0.21572212065813529,-74.82243836122808,-0.019366535535655604,bccbe22931119f8f95663c149265333bf54ca452a25b9f7389acaf9d04c12496,17.7
2003-09-10 to 2014-12-31 (eleven years),1067,66,0.06,2.5,-10.696565423400038,359,0.2200557103064067,-60.507206686233275,0.07475939312855091,59eb93f8f7c3d52a0dc9d15d1c9c97e65325c5054a78e167ee4b4562a3cf2ea6,18.5
2003-09-10 to 2014-12-31 (eleven years),1068,66,0.1,1.0,-99.81217127123469,1792,0.1875,-99.95078492083894,-0.9783236621819013,eb908eb2e265077c09c41181a68cb76ccaf9f17da39e3042c5037756939ca392,14.5
2003-09-10 to 2014-12-31 (eleven years),1069,66,0.1,1.5,-91.47294915499545,1085,0.19815668202764977,-96.36808868818645,-0.40445457838069243,41cfeb7877f3194a66fd99c15e6efc47270e5a96194de921d78bd31c07da779b,18.6
2003-09-10 to 2014-12-31 (eleven years),1070,66,0.1,2.0,-69.7047767499672,697,0.20229555236728838,-86.1710303185643,-0.21517347039855367,0edc3933462db805058f536b57fc8c7ce439fedff215f01a3a02bec7a5c3a587,18.3
2003-09-10 to 2014-12-31 (eleven years),1071,66,0.1,2.5,1.1418904713109714,415,0.2216867469879518,-56.976780028630934,0.13850263145706668,ff0b139b1d27cac66959f471848b18ad1c90b4fc2e3a1b919a7e15bb9c907cd7,19.3
2003-09-10 to 2014-12-31 (eleven years),1072,67,0.02,1.0,-91.72484652287027,559,0.18604651162790697,-93.54401271973033,-0.6930491132558101,ae4545475b566c856e790d16ea587536c6c4edc576a5398e0a18d0bd2a672bcd,10.8
2003-09-10 to 2014-12-31 (eleven years),1073,67,0.02,1.5,-80.44740129736844,470,0.19148936170212766,-86.03166246480818,-0.44814473602670724,dd5db35f6b3256393fb68ef7ec3945249dfdd10299acdf1a29271f4a49a7e505,11.4
2003-09-10 to 2014-12-31 (eleven years),1074,67,0.02,2.0,-23.0064394092863,370,0.21891891891891893,-70.95378960424993,0.02173447450600078,90dc5ebe1d586e999be384d5fd07bd0288a1ec69b75ff34bd845d4cf3a4485e9,13.7
2003-09-10 to 2014-12-31 (eleven years),1075,67,0.02,2.5,-16.735852348278517,291,0.21305841924398625,-60.800991923345535,0.029023583175235165,5ef1271e51c8d55631f803c50007ee8bd655aa08aa4ed2aede43de81d8be605b,15.4
2003-09-10 to 2014-12-31 (eleven years),1076,67,0.04,1.0,-95.42311910006781,1014,0.1932938856015779,-97.46846924999727,-0.6031598397527173,2e2f235c64e0e87186c2b2bbd4bf210a9c949a4dde85ef8946b2be23bd558d58,12.9
2003-09-10 to 2014-12-31 (eleven years),1077,67,0.04,1.5,-69.49368064036078,771,0.20363164721141375,-84.76367442768657,-0.19213829136727517,ad1c5048bc0506377020a6a31dfa7c1b1e30dadda0d8b2906897a3f90a076fd1,14.9
2003-09-10 to 2014-12-31 (eleven years),1078,67,0.04,2.0,-46.56480841529297,539,0.2077922077922078,-71.07593028603848,-0.08137595468626392,cf79f06d074807efa3630b6b8ceb313b8253626d938beecda1f7aa21cd4ab231,16.9
2003-09-10 to 2014-12-31 (eleven years),1079,67,0.04,2.5,-28.64369792037593,409,0.21026894865525672,-73.42143778935228,-0.01559527014185544,f1f9b79fee19a85ba7f2f1d64b81d69b63eac24b4578da6170eb7cbd99c21390,18.2
2003-09-10 to 2014-12-31 (eleven years),1080,67,0.06,1.0,-97.89846715656661,1314,0.1933028919330289,-99.27391394887596,-0.6765945598629143,c88a60200168e41c510fc2f31fbdc57f805747c8fa666e4edc2fc941859054fb,13.8
2003-09-10 to 2014-12-31 (eleven years),1081,67,0.06,1.5,-66.73000309681242,870,0.20689655172413793,-91.93472807662843,-0.11571604481054173,4086e188db6f926c62634416cfe1bc966ac8e9ee89499d813f79bb426088c71a,15.8
2003-09-10 to 2014-12-31 (eleven years),1082,67,0.06,2.0,-74.3525184851786,578,0.1972318339100346,-86.02026829346674,-0.31959600343186484,8f3b1c550ac40fbf85cc4fb7a7c9ddf3acb8c116108b8fa23695b6ffeb8a6ec6,19.3
2003-09-10 to 2014-12-31 (eleven years),1083,67,0.06,2.5,40.475493646747765,391,0.23017902813299232,-45.861710714030956,0.27374090045137045,f4214fd455975af1dd278b0955f390a5961f608c42a97be856bf89139f695280,18.9
2003-09-10 to 2014-12-31 (eleven years),1084,67,0.1,1.0,-99.61691284750272,1798,0.19132369299221358,-99.8409411448986,-0.8730378305381642,224ebc5adfcb3ff58378d19eb593002f60f455d9a66732804d5bed0f2262360a,16.6
2003-09-10 to 2014-12-31 (eleven years),1085,67,0.1,1.5,-95.60222303057137,1103,0.1885766092475068,-96.70183965410203,-0.5966236254536622,ea5030e659452fbaeb1749b848b78bd81c830dd54df12db36c3ab789e1987ee9,18.5
2003-09-10 to 2014-12-31 (eleven years),1086,67,0.1,2.0,-43.325627510674295,610,0.2098360655737705,-79.89810557336874,-0.027647308463467142,ebebdb268299d27c2219b77331d2ede64ecef2017a9da6f5ccd1ca7aabf600ab,19.4
2003-09-10 to 2014-12-31 (eleven years),1087,67,0.1,2.5,64.44060317388092,370,0.23513513513513515,-50.224141333662864,0.34068651944362577,6aaccd8568e0c7de660e20fa625b0ed8fffe17470f123860638641c20a4fb39c,20.4
2003-09-10 to 2014-12-31 (eleven years),1088,68,0.02,1.0,-70.94941000632372,555,0.20540540540540542,-90.03059018335064,-0.24686970163319022,0f9b45fbccc6a88f8280d15f4409f4c0fefd5b9401d8eaadd84b77c0f2281185,10.6
2003-09-10 to 2014-12-31 (eleven years),1089,68,0.02,1.5,-25.50081308876469,457,0.2188183807439825,-73.0399898297114,0.03900040559565297,3cc71474d65559526a17d1db4a0006ffb8b952d21cf2e7ec72f56f5d5153b5a0,12.0
2003-09-10 to 2014-12-31 (eleven years),1090,68,0.02,2.0,54.53128770232165,361,0.23268698060941828,-60.865921390337185,0.3137751909221664,f611732ffff222f11a59548fc2ae42906d0e622428e986e48656685c2097d1b4,13.5
2003-09-10 to 2014-12-31 (eleven years),1091,68,0.02,2.5,57.22134870667224,278,0.23381294964028776,-60.76938328873801,0.33191397190367383,0465b039288a889fd58a0228c37245c6badca0daa7d958223e499922e5b178c2,14.2
2003-09-10 to 2014-12-31 (eleven years),1092,68,0.04,1.0,-95.03156682779594,992,0.19455645161290322,-98.52749468331619,-0.5957302307031291,ae817cdd933eb4d8e74211116efa9462ea7418a545356d51d919e42ed5c50782,12.6
2003-09-10 to 2014-12-31 (eleven years),1093,68,0.04,1.5,-77.98354463395324,748,0.19919786096256684,-90.09193729508112,-0.2981542821565944,0b9d947d3422550de926bb02017cbd34694e961529938281b7494f851cf5d0bc,14.2
2003-09-10 to 2014-12-31 (eleven years),1094,68,0.04,2.0,6.396730757692384,530,0.22075471698113208,-75.32605140794445,0.17032107303184105,3253bf044bfb854471393eba615dec83239d4e7cc9a13b1fbb3b71ca7487b301,16.3
2003-09-10 to 2014-12-31 (eleven years),1095,68,0.04,2.5,-46.238599186440474,388,0.2036082474226804,-72.70187148090601,-0.13890019126679554,da6fddaf84338252cb95dc9edcd1cee6804f9616c377b82620d0ac35e2eddccf,18.1
2003-09-10 to 2014-12-31 (eleven years),1096,68,0.06,1.0,-98.90541009546217,1318,0.19044006069802732,-99.71286188209993,-0.8199246199084991,7d2bf28964502e6e4ddb993d54da9cf6baed0bff8da5633066b31a5a83977f6a,13.5
2003-09-10 to 2014-12-31 (eleven years),1097,68,0.06,1.5,-76.03327632971587,927,0.20496224379719524,-96.76780228366934,-0.20090521953882237,d768ebf4f8de759a9e324a96dc9b50901c564d22dca70bec91cc444d83ded86f,15.7
2003-09-10 to 2014-12-31 (eleven years),1098,68,0.06,2.0,-46.88423605400921,597,0.20938023450586266,-82.22296493795203,-0.053986006959327044,09eb3dcfcb5b646fe07f8844e51f137bb840dcd06923cd16773df83053a9d8e1,17.6
2003-09-10 to 2014-12-31 (eleven years),1099,68,0.06,2.5,40.32979218777174,387,0.22997416020671835,-64.34662956228911,0.2734439973707304,254e0f2f51af84d2765b892fd31c17e40134fbee805c02f431b0e2b0d215d701,17.7
2003-09-10 to 2014-12-31 (eleven years),1100,68,0.1,1.0,-99.20512016968746,1838,0.19749727965179542,-99.71547111405063,-0.7005698301571259,6975b27bb7ebc33ff7e952a9d0435b37cdc1083bd8d4a92882fd06b056038f68,15.6
2003-09-10 to 2014-12-31 (eleven years),1101,68,0.1,1.5,-82.1102960218552,1075,0.20651162790697675,-91.16776220912902,-0.2333922015642153,fe68820e2fced10c437300d3d52c23025a83ce2cf99eab776157b981e6a38c19,17.2
2003-09-10 to 2014-12-31 (eleven years),1102,68,0.1,2.0,-26.26015289949296,602,0.2159468438538206,-57.43068471845771,0.05647065406470951,ce7ebd54533436f24f8abc0c3282ce9a809c482b45332857268020042271d481,18.5
2003-09-10 to 2014-12-31 (eleven years),1103,68,0.1,2.5,82.20138769596906,381,0.2388451443569554,-50.3450855384054,0.38337250910754067,69ec0b0e661d607a4ecc934ededb85cac25d1c6136fd05614d34e57c3a88b932,18.0
2003-09-10 to 2014-12-31 (eleven years),1104,69,0.02,1.0,-19.790708645341873,514,0.22178988326848248,-74.14322033434533,0.07184741053441474,5650051ff1aa6fd486dfa58c103912deff96f2e7261ee5e0b6671a723027c09c,10.4
2003-09-10 to 2014-12-31 (eleven years),1105,69,0.02,1.5,-41.26570865770346,425,0.20941176470588235,-65.58063646390613,-0.07581270549126053,de644a95c00c24498054859e23607f973e90762aecb627a8e9175bb9c30576f9,12.7
2003-09-10 to 2014-12-31 (eleven years),1106,69,0.02,2.0,-19.510075401137346,342,0.21637426900584794,-72.8098662431037,0.02521199789611364,93cc4b6648dcdac6c38c6f71dbe835cc443f5ef7c47a25bba2aba96afc4a6f9b,14.5
2003-09-10 to 2014-12-31 (eleven years),1107,69,0.02,2.5,79.65028034147603,257,0.245136186770428,-55.05312613712236,0.40916394623965424,0102063e64e2e685ab6e7ab35fe8a0fb82e1718036b3aac0fa2c218c023ff219,15.1
2003-09-10 to 2014-12-31 (eleven years),1108,69,0.04,1.0,-99.26689201939831,1020,0.17058823529411765,-99.63857330297641,-1.1152216515589535,9c4b4bb4d5f0d7d8973356ead10f571232e50602ae2465dfeb90b8782089ac9b,11.9
2003-09-10 to 2014-12-31 (eleven years),1109,69,0.04,1.5,-94.39674412152482,757,0.17965653896961692,-97.5685866166844,-0.717487434055281,fc727228f95a6dc7fdbb7cbd61afbb25d162c99f6b6edf2444d3588fd9890a7a,14.4
2003-09-10 to 2014-12-31 (eleven years),1110,69,0.04,2.0,-53.557819594095925,540,0.20185185185185187,-82.33892277886817,-0.13194055996127438,f577c164333342f4b31c63aa3572f56c8e3626a8741097d5792d630972e3e778,15.6
2003-09-10 to 2014-12-31 (eleven years),1111,69,0.04,2.5,-15.571167040854734,349,0.2148997134670487,-59.92335622983028,0.05250404863727046,c1bb4a0a42e7b1ca5aeb9bc972df854c40eb862cd8d078be54361f954e6210b4,17.2
2003-09-10 to 2014-12-31 (eleven years),1112,69,0.06,1.0,-98.00934951201098,1307,0.188982402448355,-98.59980369688685,-0.7033345833580418,fa91c195891f70aad82a9193addd429dfd81400c736a0816f3d336500bf25b3a,14.0
2003-09-10 to 2014-12-31 (eleven years),1113,69,0.06,1.5,-95.79220339704297,892,0.18161434977578475,-96.09707217590137,-0.7017122415538422,0cfee68eeebc46bcead2bb26ac00fcfea3def291375eef23499799d49ee2541e,16.4
2003-09-10 to 2014-12-31 (eleven years),1114,69,0.06,2.0,-79.88638176234572,601,0.194675540765391,-84.04187662087026,-0.38006556053604873,8ec5fcf70348d76ecaa70dbd56fbf8a868d9c17ec4372f1f42e0221959a9660f,18.9
2003-09-10 to 2014-12-31 (eleven years),1115,69,0.06,2.5,14.369926855625323,391,0.22762148337595908,-51.68505812335344,0.18869246561698466,5e289281e58e71b3dab34339b720fbd4577fb4bd7bb9d9d32facc6e22b97be92,18.8
2003-09-10 to 2014-12-31 (eleven years),1116,69,0.1,1.0,-99.97699378600069,1848,0.17694805194805194,-99.97992433196663,-1.3986262423285303,00853b419cfbc03d8bc04c5257bd7f78c32c2e3312fdb1ecda3f8350b682a192,15.1
2003-09-10 to 2014-12-31 (eleven years),1117,69,0.1,1.5,-93.97570348138262,1100,0.19363636363636363,-95.8261005922498,-0.5257743202366427,17dfa1e56b7a541e0f8db3fbe68a8b0a1736ab9ac8d91eede043338f9d3c761f,17.5
2003-09-10 to 2014-12-31 (eleven years),1118,69,0.1,2.0,-70.28073120090009,634,0.20031545741324921,-80.41676132553759,-0.2406167308742343,c171ab3a8ef277897993048d485306cf30cb90f93a2e86fbd07245ccf6fb7395,18.7
2003-09-10 to 2014-12-31 (eleven years),1119,69,0.1,2.5,16.40529243672798,385,0.22597402597402597,-51.83877682703469,0.19480749937256187,6c34d263baa3cb4d1f4905fee7d8c82b83b82affd8123d2243cbba7dbc5832b6,19.1
2003-09-10 to 2014-12-31 (eleven years),1120,70,0.02,1.0,-81.75262678412483,586,0.1945392491467577,-84.4391298457598,-0.415323382171228,12caa2060289e01d279a66d99690a7e2226d06e26ffdd0a53c3acfaac7e745f2,10.1
2003-09-10 to 2014-12-31 (eleven years),1121,70,0.02,1.5,-61.65521343491389,472,0.19915254237288135,-74.64519990437121,-0.22810363524113056,78eeceed8c454707d46d73b777b47063d3e46d43e9c62c72c0c69254e54105dc,13.0
2003-09-10 to 2014-12-31 (eleven years),1122,70,0.02,2.0,53.774747778773005,392,0.22959183673469388,-60.704338745126066,0.3132940202482484,854f98d4d9da6d296f6ab518e01c9527c06a67696872b5abc3d04d9d9f96e89a,13.1
2003-09-10 to 2014-12-31 (eleven years),1123,70,0.02,2.5,59.156421785604195,294,0.23809523809523808,-38.73375382532414,0.33487037101762834,b606676cf1017488696b3318cbc6b90f436393d81a06ce9431192f17b964b819,15.5
2003-09-10 to 2014-12-31 (eleven years),1124,70,0.04,1.0,-98.42072026412104,996,0.1817269076305221,-99.18716043530185,-0.9299725694341757,a1e332d36a81571472243865165435b4c4ce5745caad967cf47798afdf99a41b,12.1
2003-09-10 to 2014-12-31 (eleven years),1125,70,0.04,1.5,-68.13596388913682,732,0.2062841530054645,-85.26872662936522,-0.1686961142240438,1e4cfa0347890e2a0cb2388f080d71c4d2024ed2dfbb2c7e03eaba03cd423e02,15.6
2003-09-10 to 2014-12-31 (eleven years),1126,70,0.04,2.0,-30.028335603649985,500,0.214,-68.62968679987797,0.012594895736915041,3f7ac0d8654077916f9d06b92d293f634c32a7d2d407aa474bb1118b21fd9635,17.2
2003-09-10 to 2014-12-31 (eleven years),1127,70,0.04,2.5,-22.49134678847501,336,0.21726190476190477,-61.896552775746905,0.01450983932256323,7c25501f65a1d93130987526ff720cb6e3d30421a624e1b8b0bf48a3ef1ad268,18.4
2003-09-10 to 2014-12-31 (eleven years),1128,70,0.06,1.0,-98.65257226488575,1326,0.19004524886877827,-99.28464765421904,-0.7237227565635016,b2374e173e40856958897f5f874570e08b97ad7bbe7f0832b1096c052144097e,13.3
2003-09-10 to 2014-12-31 (eleven years),1129,70,0.06,1.5,-79.86513585027808,886,0.2020316027088036,-91.60912565152816,-0.24598069359508942,945106360c0d74edb998a99557aa4628647d5442005659a7d8548ff64bcb4c12,16.5
2003-09-10 to 2014-12-31 (eleven years),1130,70,0.06,2.0,-13.76962783418032,596,0.2181208053691275,-68.46753551959056,0.10805987788580966,4357185a054457af63dda67eba8279f7fce35ec649e7fcba93d798fa749fec14,18.3
2003-09-10 to 2014-12-31 (eleven years),1131,70,0.06,2.5,21.03795644558199,391,0.22506393861892582,-54.12686562808182,0.21217777811546282,bb24caab36e6963cb99803acddbf7cac2c7b2a59deb0f2d737fd9b82485d98c7,19.1
2003-09-10 to 2014-12-31 (eleven years),1132,70,0.1,1.0,-99.86483080894551,1875,0.18773333333333334,-99.93370369351572,-1.0223413625952913,c0e7d3a377b61f79ed8eaf7f5de1ee7ab1c43ac9e07eba9479de846485047351,16.4
2003-09-10 to 2014-12-31 (eleven years),1133,70,0.1,1.5,-95.84668105450433,1126,0.19094138543516873,-97.64269181738055,-0.6108064608279321,4f77bdb5313ee70a788038ff2f57edf75887c0e2d5c2f324a1bdb8b60692e16b,18.6
2003-09-10 to 2014-12-31 (eleven years),1134,70,0.1,2.0,-71.8780143205646,640,0.2,-83.30614187119426,-0.24376136821018665,0cdf3e15621489b1969892b9c7f81179c5ca6838e2ab1e2b1dfe6d8e7759e00d,19.5
2003-09-10 to 2014-12-31 (eleven years),1135,70,0.1,2.5,65.904404204861,374,0.23529411764705882,-55.91735620212437,0.34100348119413676,1a67434732381572b84541503c5fb418dbb57d978c3e6e7d0148e3281b9e48e8,20.2
2003-09-10 to 2014-12-31 (eleven years),1136,71,0.02,1.0,-81.58840194077435,592,0.19932432432432431,-90.03745820851586,-0.3816825092179298,7688c97b2274ab21a3c7aadf2be26229b5df65dfc1106c017c8953746bd96464,11.9
2003-09-10 to 2014-12-31 (eleven years),1137,71,0.02,1.5,-41.18892140629457,484,0.21074380165289255,-80.62751751867803,-0.03782620634111037,3ff6912d902a5fde5412f38da860e509f869fbe16ac13205585c3fce060d97b8,13.0
2003-09-10 to 2014-12-31 (eleven years),1138,71,0.02,2.0,-24.433355921439173,387,0.2144702842377261,-69.04786876075975,0.019136301774372623,1540a4ea32c5b0a57e3f4480c69e634520db99cb5832e7689dc641ff7797fb8c,14.4
2003-09-10 to 2014-12-31 (eleven years),1139,71,0.02,2.5,60.16780525730646,280,0.2392857142857143,-54.74988225982147,0.3361962402296506,0b009a554b3e1eb07e08803906513fa9ff45bbdaa8eaa71661c0bfdeb9b1aae6,16.1
2003-09-10 to 2014-12-31 (eleven years),1140,71,0.04,1.0,-81.84258121959529,1003,0.2033898305084746,-88.9770953566164,-0.2538308139426293,2fd077d8972df3c48c3f556670175910809c40091c29352742e353fc1488e456,12.3
2003-09-10 to 2014-12-31 (eleven years),1141,71,0.04,1.5,-35.08237360014447,703,0.2147937411095306,-71.37715355844931,0.04720899099457187,b1866ecef818df3c87243b1802d2a21610a6c7f525ad179b66957db730673d92,15.0
2003-09-10 to 2014-12-31 (eleven years),1142,71,0.04,2.0,-23.664735442720175,507,0.21499013806706113,-62.42164236086152,0.053453111764299545,24b39d01d8944c66821e559b5d680ad5eefdd4978290e852f98c9d3069860344,16.8
2003-09-10 to 2014-12-31 (eleven years),1143,71,0.04,2.5,13.908989696036183,351,0.22507122507122507,-56.475309630496675,0.18471717016074143,d0837f6673247b6a1c35ed78ec8398b7db7d6ab9528c44ae124a58772803f7e0,18.4
2003-09-10 to 2014-12-31 (eleven years),1144,71,0.06,1.0,-99.54087599382026,1306,0.18147013782542112,-99.69199059765982,-0.9761903250058392,c9ad88390b22b6c85bad84d795a48ffcb3b01cc12179873783b26e06bbe7bccf,13.4
2003-09-10 to 2014-12-31 (eleven years),1145,71,0.06,1.5,-94.9103928487347,915,0.18579234972677597,-97.00216960232139,-0.6351741023741196,2b80837e4ee9de1497bffc0aa76c9cda75d99711d7c7ad534af5fdf27993db99,15.4
2003-09-10 to 2014-12-31 (eleven years),1146,71,0.06,2.0,-38.32809376247251,582,0.211340206185567,-76.63838616723612,-0.011161637054103302,719c8127acd53e79b10c6fb64e90c1fc01f41df914431fa1da5de496cb2a64ea,17.9
2003-09-10 to 2014-12-31 (eleven years),1147,71,0.06,2.5,2.2736565163104,374,0.22192513368983957,-55.1990716704607,0.13829890131854788,6dad50ef53df20454b95523ff458bf52c691b4eedf4701ffb5e267a93c035de8,18.4
2003-09-10 to 2014-12-31 (eleven years),1148,71,0.1,1.0,-99.37446142622277,1846,0.19339111592632718,-99.74417101950591,-0.7272652265393317,d1ac33a3ed97e9a4f6a9f31c67c282245926c6145e684274c6594dc3d73f5f3e,14.8
2003-09-10 to 2014-12-31 (eleven years),1149,71,0.1,1.5,-81.55925813687243,1087,0.20331186752529898,-91.44889889303309,-0.21887215133433696,e575f726b50ef02433df67ed893355caeca7f451e96b7655d2df64e0639b891c,17.8
2003-09-10 to 2014-12-31 (eleven years),1150,71,0.1,2.0,27.87830887062967,656,0.22408536585365854,-70.60754483121653,0.24847447114917776,0d7698f9f8824c589bb5025c3c5d11b45d2ad366c0bfbd99e09cdb3f5a98b484,19.0
2003-09-10 to 2014-12-31 (eleven years),1151,71,0.1,2.5,68.69297514788717,415,0.23132530120481928,-63.02456957118625,0.3485920299472706,dc2ed9c804599d0351e9f1f3622ebe1c3d7590645875b368bb485f1c59f75806,19.8
2003-09-10 to 2014-12-31 (eleven years),1152,72,0.02,1.0,-95.84146356926176,553,0.16817359855334538,-96.99438822701283,-0.9350546360785342,b06c3fd2c4688d29c4ecac26c3cd8af2ccc20b69fbc50e52e0454a353423adf1,9.8
2003-09-10 to 2014-12-31 (eleven years),1153,72,0.02,1.5,-94.57022479845324,480,0.15833333333333333,-95.53595812212437,-1.0310239393297667,c62776e9f455d9069f22d4ce2a1187dae22d65379c4df162f30f453b9bf18aa6,12.2
2003-09-10 to 2014-12-31 (eleven years),1154,72,0.02,2.0,-83.98934855233178,387,0.17054263565891473,-90.90917608655444,-0.6863556315754967,9e5ee299000456c48a6794ad4f8e331584152087778361b6096055f02accf175,13.5
2003-09-10 to 2014-12-31 (eleven years),1155,72,0.02,2.5,-56.95235888054493,307,0.19218241042345277,-78.98481077856636,-0.2972067122392945,9e6d4baf8886fb0748bb3f75d171ca5b0fee0996d69c2df6ad73e115635c28cf,15.2
2003-09-10 to 2014-12-31 (eleven years),1156,72,0.04,1.0,-95.92400905772587,962,0.18503118503118504,-96.98888980565846,-0.670728519863187,c7465928984691e369a59d3d58f7cd8dc2b171f8b36e1e99ed168b0d8ab644ed,12.8
2003-09-10 to 2014-12-31 (eleven years),1157,72,0.04,1.5,-47.6259703213418,744,0.20833333333333334,-76.23915116872614,-0.02660196745163165,50d436bb7432fb3877ef8bc6b96afcdc505ac6f720750c88ec07c0b3b1a5a0fc,13.6
2003-09-10 to 2014-12-31 (eleven years),1158,72,0.04,2.0,-42.44474269771601,525,0.2057142857142857,-71.49320762059872,-0.05959035993136419,6d729094fc5783de14918d1462c92451eeceb24dd2afb8b6660c8d4670ab9a83,15.6
2003-09-10 to 2014-12-31 (eleven years),1159,72,0.04,2.5,64.22767987520572,344,0.23546511627906977,-54.61926901863606,0.34323736946014927,db51303abfc3ee77c37a34082899d4561ec22a0f13eba815dcbb4d629388a9ef,16.9
2003-09-10 to 2014-12-31 (eleven years),1160,72,0.06,1.0,-85.201554872334,1308,0.21406727828746178,-93.30122822203391,-0.20546716747513488,9a1b7633247b85daa95482f8204a864cb09cd4b6c41d847ce424467925d87872,12.6
2003-09-10 to 2014-12-31 (eleven years),1161,72,0.06,1.5,-73.51644276937049,852,0.20539906103286384,-89.8496180370884,-0.17445152116453733,690cacdfad111e316b7d8e1c4e8833f8e57d1c5516f90d6837437d3a92bf3860,15.9
2003-09-10 to 2014-12-31 (eleven years),1162,72,0.06,2.0,5.27853485986429,555,0.22162162162162163,-67.44882405039215,0.17298989002236437,f649c7c285339b24ef03e0002e81591c61badccbf4e324582e0cec75e61a25c4,17.8
2003-09-10 to 2014-12-31 (eleven years),1163,72,0.06,2.5,42.845973412682994,356,0.2303370786516854,-41.96812282504735,0.28151886855005503,da1ddd9dbc26e9ff2a303abc31f2c63c23675a224dbd0bdb5e60ce3bfde76673,19.3
2003-09-10 to 2014-12-31 (eleven years),1164,72,0.1,1.0,-98.30645303694162,1805,0.20110803324099724,-99.24277773622372,-0.5523843717189159,70f6f06425b71965ec2a5c3f808258110bc08442d5a287d5704d7ac117a7fc4b,15.2
2003-09-10 to 2014-12-31 (eleven years),1165,72,0.1,1.5,-89.42455224215655,1061,0.1998114985862394,-93.43898966647302,-0.3607964650784545,e0bcac3e4ae3aa3721e42f4217451a1fa00cba69bf4af2a470131b78995b6c7c,17.8
2003-09-10 to 2014-12-31 (eleven years),1166,72,0.1,2.0,-23.149283001102088,666,0.2147147147147147,-65.87309333422597,0.08238154389526274,4b2f3bfec6ca1e50ee55ee39a3a27b1ae9c4c5c49d3146adcd0c95e3e9e4771e,19.2
2003-09-10 to 2014-12-31 (eleven years),1167,72,0.1,2.5,7.839581735350494,429,0.22144522144522144,-67.0283348317015,0.16660197637145646,693070384372d2a700030ad506ee5bce25737b36b3d301902d081387f5c9c282,19.3
2003-09-10 to 2014-12-31 (eleven years),1168,73,0.02,1.0,-49.51850453387298,515,0.2174757281553398,-81.00405728414016,-0.10200947778988732,1218f73976182bd4ceca2a09ea7516b698406cbb2610a2b58f7cc2ddfc25d42e,9.8
2003-09-10 to 2014-12-31 (eleven years),1169,73,0.02,1.5,107.61809148318821,433,0.24249422632794457,-65.4078206622021,0.4304817774244791,e5957673df91b260d40551f71bf00d95162cd58d3cc0eeea7aff109b0f6b73bd,11.6
2003-09-10 to 2014-12-31 (eleven years),1170,73,0.02,2.0,138.8848297508845,358,0.24581005586592178,-49.385010778633486,0.5097991012809724,91982c11d121c741e7e1ab7520ed4f5d9f013e97848adb9b5ac1d4b550d3a524,14.3
2003-09-10 to 2014-12-31 (eleven years),1171,73,0.02,2.5,146.40888641373868,288,0.2534722222222222,-55.167050183839116,0.5616823601203177,1c7e2ead667874c5c915c01a65bc9b08caff3afdc3f40a7612cc88f6a2848c47,15.7
2003-09-10 to 2014-12-31 (eleven years),1172,73,0.04,1.0,-97.46970975921236,1030,0.19029126213592232,-98.39313612408608,-0.7615686619220801,610189454156699512e38def736d759c6ac6de3b6ec5b2cc7a36439c9a0908c3,13.0
2003-09-10 to 2014-12-31 (eleven years),1173,73,0.04,1.5,-86.72320628206597,749,0.19359145527369825,-93.9712365745801,-0.4432739389198817,73c85d8aadd9db63ef78ee5c8deb424286f23bd538446280247f20b642ea2f25,14.9
2003-09-10 to 2014-12-31 (eleven years),1174,73,0.04,2.0,-39.86923058347996,527,0.21062618595825428,-78.20707547024037,-0.03723226648977676,f283a5d9f4f1d505e3a1234e9d2bc50d8e5d08200bfa80ccaf336bd67d6d4371,16.8
2003-09-10 to 2014-12-31 (eleven years),1175,73,0.04,2.5,87.32189524954043,337,0.2403560830860534,-47.70242314665673,0.4019687281582945,1ab13813fe786dbcf3c2f868abdff6cf95ab1bc5c3558894b9252a21e9174317,17.8
2003-09-10 to 2014-12-31 (eleven years),1176,73,0.06,1.0,-99.85116766121844,1356,0.17256637168141592,-99.88288444793336,-1.3267313919063233,fb156294ab23477992192f3855f55f8d3246dd06efb15857e45cbf79a26f5835,13.4
2003-09-10 to 2014-12-31 (eleven years),1177,73,0.06,1.5,-94.48892954600043,908,0.18612334801762115,-96.97863826022457,-0.6424407705103683,e0928c0d237c91a580452d78d48db1fc7f0b139328976010544d9c2ae08c6fbd,15.5
2003-09-10 to 2014-12-31 (eleven years),1178,73,0.06,2.0,-69.59865297693057,594,0.19865319865319866,-85.92575367476225,-0.2732107078358626,1e25cfdc37ed4daea7ad3f2d068c4cea44fd49516fbc7647255ff9fbfe154489,17.3
2003-09-10 to 2014-12-31 (eleven years),1179,73,0.06,2.5,-32.305404861703835,398,0.20854271356783918,-63.718228291287396,-0.04720040520069279,98da2a750e9de9e7c5f65ce23a6a79be176d1d0a7ba871f674ed044875d19583,18.2
2003-09-10 to 2014-12-31 (eleven years),1180,73,0.1,1.0,-99.6721007001814,1800,0.19111111111111112,-99.83256677980286,-0.8614501389700695,d6a378fbdd5ed1b7e7f939add7ca584ce8e5ca1e29f8904c1e436a7ff40bca74,14.8
2003-09-10 to 2014-12-31 (eleven years),1181,73,0.1,1.5,-67.0142767211223,1045,0.20861244019138755,-85.88995604351358,-0.07463680760968476,6fb82f22d49508c5f3825bfd3bd92b14d77f1b640dfb839b4f9adcebd994ba11,18.9
2003-09-10 to 2014-12-31 (eleven years),1182,73,0.1,2.0,67.98543067131864,619,0.2294022617124394,-69.16805941027252,0.3379162334310351,8a7bc37c46f8650ae57f1da67d59fba0c174dd2f03f7b5296a42401c00039b5e,19.2
2003-09-10 to 2014-12-31 (eleven years),1183,73,0.1,2.5,105.1918501671225,370,0.24324324324324326,-51.03040656850234,0.4347266328804759,7ffb291383359cb939d184da9b26b51cd7fcaa9d0780590c7d2799af77f2e54a,20.4
2003-09-10 to 2014-12-31 (eleven years),1184,74,0.02,1.0,-80.02244487989545,554,0.2003610108303249,-86.45306647089922,-0.4099747999906736,d1fe7eb8d7e2b13db5b7b0c6e5f48bd7228cc486efee355010f01c02c6fcf19d,11.4
2003-09-10 to 2014-12-31 (eleven years),1185,74,0.02,1.5,-28.99882554750676,455,0.21978021978021978,-72.5157050555346,0.01071546005635855,790337c74df7eb6e7153614f876dac843329bdc6e1d38c7709f54c2238669dd4,13.8
2003-09-10 to 2014-12-31 (eleven years),1186,74,0.02,2.0,66.07723792629294,351,0.24216524216524216,-51.45381187042233,0.349228901264063,59e122780e241261e455bb96d5a8a31216f869256233584198677033198b06ff,14.7
2003-09-10 to 2014-12-31 (eleven years),1187,74,0.02,2.5,97.48618929053293,272,0.25,-31.408528113657464,0.44616413154175566,03d38b53f580440fa88e7f89f45e81d8048747d9b39346d3acf64ea37fbf5f0c,16.3
2003-09-10 to 2014-12-31 (eleven years),1188,74,0.04,1.0,-98.65613467250711,986,0.1815415821501014,-99.09216044704465,-0.9698237875388646,3cca9c7950b73fc5d2e03c42a5bfee5c055781636c914d4d08d8f8bbeacec890,13.4
2003-09-10 to 2014-12-31 (eleven years),1189,74,0.04,1.5,-68.87662668977876,726,0.20385674931129477,-89.61720938813014,-0.18326731541619917,6be664f5a721c4e7c487b8a124dca0f6a216f3d0ea3bc61c18e03e64b0b9fc32,15.3
2003-09-10 to 2014-12-31 (eleven years),1190,74,0.04,2.0,42.962249675068634,497,0.22937625754527163,-46.78125110822939,0.2808189296962593,0ca759dc8217729b312e252575682db442817eaf8ace113819729b523dc373af,15.7
2003-09-10 to 2014-12-31 (eleven years),1191,74,0.04,2.5,20.731874671274095,367,0.22615803814713897,-47.982304010810054,0.20793482703051,3004233c27d4cb157b4609932c5a94c7013f5ec75ac86c3a32d809d77efcfe94,18.6
2003-09-10 to 2014-12-31 (eleven years),1192,74,0.06,1.0,-97.24656631488546,1314,0.19863013698630136,-98.9803460057979,-0.6014192298858553,dac20dca2e78924c06f54ce32048a3d9443929f28970424ef96bd68c39f1af29,13.0
2003-09-10 to 2014-12-31 (eleven years),1193,74,0.06,1.5,-87.03789230919891,908,0.197136563876652,-92.34119238818522,-0.3787586718231592,86f9ba68279f5f09fca9bfdd65fb83538baf7fd130d766a4a00e543c41b8a7a5,15.9
2003-09-10 to 2014-12-31 (eleven years),1194,74,0.06,2.0,-52.15199713469059,561,0.20677361853832443,-78.83432196857402,-0.09329902258599564,22a2857e07c3c1aab836462c5432c4928c99526f84574970c19f7e548bc7e085,17.0
2003-09-10 to 2014-12-31 (eleven years),1195,74,0.06,2.5,76.15245572605359,362,0.23756906077348067,-38.17181567066973,0.37112499144373196,055a93845db74f05588800d15fe9be7214b8dcb396283aa587b4630a0aeb3b92,18.5
2003-09-10 to 2014-12-31 (eleven years),1196,74,0.1,1.0,-99.83058075231392,1859,0.1898870360408822,-99.91293900866258,-1.0037947570589627,5d9ffc0542f8c3811e555010d828f9bd7e62747807741284ed1e0aab34adfad9,14.3
2003-09-10 to 2014-12-31 (eleven years),1197,74,0.1,1.5,-92.87650060202044,1137,0.19788918205804748,-95.61640970347412,-0.4755962222267451,d75cc020420ab08f28da710644cdb6394c9545aac92faabb1d5f41351643fb9a,18.3
2003-09-10 to 2014-12-31 (eleven years),1198,74,0.1,2.0,-47.432738888175976,668,0.2125748502994012,-80.44914693676871,-0.04232553811852964,2fef7d94f39019c24145d81676fbba209c6f46bb62fe0a19d5e61479c740b32d,18.6
2003-09-10 to 2014-12-31 (eleven years),1199,74,0.1,2.5,25.76961836984663,414,0.22705314009661837,-56.7950745469183,0.22869708388095786,80b04a18aecf5056c937bf0338bef6069aaa50cd9df821018dafc5f6d79406e4,19.2
2003-09-10 to 2014-12-31 (eleven years),1200,75,0.02,1.0,-79.53903955847663,543,0.19337016574585636,-83.95541712459908,-0.421368437709731,1671ad18c08a61c106c0e24f41fdd2fccd3fd5e32a56dc21abf63ca950027059,10.6
2003-09-10 to 2014-12-31 (eleven years),1201,75,0.02,1.5,-58.23741265540592,441,0.2018140589569161,-82.88770332501915,-0.20399340757412768,3c9d8c845e66391ee6f294087ae30eca02390bf21906892ae3919e2821c58ff3,11.7
2003-09-10 to 2014-12-31 (eleven years),1202,75,0.02,2.0,0.8958877882231718,366,0.2185792349726776,-76.91112926051727,0.127627791135864,6527e4f07a3581ee1bd83d95f13176b9e73b0fa48545295a462522f00151c9f8,13.8
2003-09-10 to 2014-12-31 (eleven years),1203,75,0.02,2.5,-29.962954510446092,276,0.20652173913043478,-70.35534171565857,-0.061738792690235,944472cda73cde872b1ab359f157bf232e27039847f140b13c5498158f38c259,14.8
2003-09-10 to 2014-12-31 (eleven years),1204,75,0.04,1.0,-98.94514493195226,973,0.18088386433710174,-99.2930874053944,-1.0141484683537225,7a0a602527eefb81ddc36f73e843a8ceeebfa667a49138ca2a672d71c96ca32d,12.0
2003-09-10 to 2014-12-31 (eleven years),1205,75,0.04,1.5,-80.78079821862954,715,0.2013986013986014,-89.6308935645729,-0.3472082926269041,5ae046c219a9385dca8fbf8fc05b635bf07aa9989ea2d947526fac3589146671,14.5
2003-09-10 to 2014-12-31 (eleven years),1206,75,0.04,2.0,-24.98793934199378,496,0.21774193548387097,-70.98235596145747,0.03660366836215709,5ecb6a828b4aefb1fa77bc9391e63d472ec8c0df978d1711c8abf05194e09e62,16.8
2003-09-10 to 2014-12-31 (eleven years),1207,75,0.04,2.5,68.95246229357362,338,0.23964497041420119,-51.755280247260906,0.35891725948087766,512bd854195f2268e0a4891fe209459e4204b91e70062f42b03eac35af09ca2c,17.3
2003-09-10 to 2014-12-31 (eleven years),1208,75,0.06,1.0,-99.50646433492764,1337,0.18474195961106957,-99.77431563814747,-0.9892328291798415,038350eff6d8d7d4f0b64c5447ee37a82d05c1b3cb965e925e65c00d6d7857f7,12.9
2003-09-10 to 2014-12-31 (eleven years),1209,75,0.06,1.5,-88.53131123250077,865,0.19537572254335261,-92.96303413094861,-0.42658259793708747,22e1819baaa945d9609f347bc58271eacfb6df13101f425d863b7e906ed21376,15.6
2003-09-10 to 2014-12-31 (eleven years),1210,75,0.06,2.0,-61.690034363491755,592,0.20439189189189189,-81.70745031681943,-0.17249438861155086,5f44b1a51ae42f29297b5994d6287ffc9c6390f8f222a27016208d8a65dfaff6,17.0
2003-09-10 to 2014-12-31 (eleven years),1211,75,0.06,2.5,3.5842985065271655,379,0.22427440633245382,-57.317738424889164,0.1469030743380564,d284c9a252b727923343893e636a7399b1feb1f770d8b97cc4949de1624f1029,18.7
2003-09-10 to 2014-12-31 (eleven years),1212,75,0.1,1.0,-99.85288755200995,1803,0.18691070438158625,-99.89984967398539,-1.0205429153494456,5ffb500cdf3b4033635cd13e0cc2d1ab76809e3707b505bc2272e2e9f0cbc8f6,15.2
2003-09-10 to 2014-12-31 (eleven years),1213,75,0.1,1.5,-94.04811829289295,1084,0.19464944649446494,-97.06507700801157,-0.5208931028000355,564b2b99f6cc6b673855fd52b625322637538d51c6f80e22d2c3a2da0198ce98,16.7
2003-09-10 to 2014-12-31 (eleven years),1214,75,0.1,2.0,27.08955353815287,642,0.22429906542056074,-73.21703618683036,0.24557523295372663,b48fcfd2002c15d4b64b89998bda41712b099e42c2d5c998b62da64be5483233,18.7
2003-09-10 to 2014-12-31 (eleven years),1215,75,0.1,2.5,31.94704990053453,381,0.2283464566929134,-58.46530026470138,0.24759355664608818,a7f75714322904fadbcad7a0b76208aba5543f0c45d4ec7efacfccc0112ac4b9,19.2
2003-09-10 to 2014-12-31 (eleven years),1216,76,0.02,1.0,-88.90973474174758,556,0.17805755395683454,-91.65428149867407,-0.6642359290266086,2ba855471a1997002d6038605887278b554be27b4ed5134f00264ff9d271611f,10.9
2003-09-10 to 2014-12-31 (eleven years),1217,76,0.02,1.5,96.08196737677801,458,0.2314410480349345,-66.84219679145104,0.4032751412886994,6fee9e85dccaf7284a0ed2fb25656de064d37c5bcfd1f918d351f238fd4f978b,12.6
2003-09-10 to 2014-12-31 (eleven years),1218,76,0.02,2.0,94.50275668567602,364,0.23626373626373626,-52.39537795074074,0.4136262064379949,c0ab7b59e4e7f93ee03f879ec599507d1514af7dd6bdb6c6e7477256219c2abe,13.6
2003-09-10 to 2014-12-31 (eleven years),1219,76,0.02,2.5,56.75505436290902,288,0.2361111111111111,-53.53484621165382,0.33026204185744623,a65c6cf7179c348df2b0d7ab5f91601aa546cc15694eb3f3480df9699573df51,15.7
2003-09-10 to 2014-12-31 (eleven years),1220,76,0.04,1.0,-98.93716345561377,1016,0.1830708661417323,-99.11271762234793,-0.9863944603934279,ba544402b56033deee2a6be48baa7643b2ea325c1c84a3f02e2d06ab901df929,12.4
2003-09-10 to 2014-12-31 (eleven years),1221,76,0.04,1.5,-94.41035568188148,760,0.18421052631578946,-95.08728066637259,-0.7079380266578343,588938e69ec9a859e3a254a129a84364ef22a677899ea1ef6722c73a3c3fb97e,14.5
2003-09-10 to 2014-12-31 (eleven years),1222,76,0.04,2.0,-80.07966900561053,549,0.1894353369763206,-82.01065913702313,-0.4318693821075455,1a24d6852c03762da37a3124bf45aa5e3f130cb12f0c2fa467123525f5a172f5,16.1
2003-09-10 to 2014-12-31 (eleven years),1223,76,0.04,2.5,-42.30780186513962,354,0.2033898305084746,-68.24901937765118,-0.1142001231537183,f8aaa7ba9e90530c7e0990480ad247dabe1ac545373bc723ced228d165c43798,17.3
2003-09-10 to 2014-12-31 (eleven years),1224,76,0.06,1.0,-95.1338247538318,1286,0.20295489891135304,-97.7675739766053,-0.4917998129456726,9b584c63616506bc11182d213a0a148e581511e55def99c0eabac981b89ded89,13.4
2003-09-10 to 2014-12-31 (eleven years),1225,76,0.06,1.5,-59.826767625461876,800,0.21125,-86.02869271074034,-0.07137627274556531,299f95337867285bd6888a2e8fb8bcac439245615d42c857051c9ba9d8536ede,17.0
2003-09-10 to 2014-12-31 (eleven years),1226,76,0.06,2.0,11.510892095582571,530,0.22264150943396227,-69.66154965465134,0.19387442543272265,256b8be37a923c4c7d8d5478d4d562dbe81cad68d8cd5275c09184ecffe671fc,17.4
2003-09-10 to 2014-12-31 (eleven years),1227,76,0.06,2.5,155.30136838522915,355,0.24788732394366197,-45.72695337578864,0.5370230109831671,cfde715566e8562b894d1bba1cec1363676efeef96f54419477e2debca3eea80,18.6
2003-09-10 to 2014-12-31 (eleven years),1228,76,0.1,1.0,-99.80536978628614,1791,0.18927973199329984,-99.85275948163732,-0.9407081393646285,b19b44adfd3ffd9a4ac58f535af5b13c0bfd7ed5c039432ce905bbf79882bee5,15.9
2003-09-10 to 2014-12-31 (eleven years),1229,76,0.1,1.5,-90.3740907961734,1082,0.19963031423290203,-95.00903905539272,-0.3827000489625244,3cf1adb15b78001e66180115de6f206b0a28db4cad817a607d898d1b5d7df825,19.6
2003-09-10 to 2014-12-31 (eleven years),1230,76,0.1,2.0,-45.98747492892456,685,0.2116788321167883,-75.34204580945267,-0.025672999391129537,ab5aaf626b052805e99e0dc4cccd4440b4d3024b6dcd8dd4d3b615965ec85f5b,20.1
2003-09-10 to 2014-12-31 (eleven years),1231,76,0.1,2.5,-23.61312679429759,432,0.2152777777777778,-61.03980902918303,0.027240798868575236,4699e47adefc3ee1a66653941c79f41ee8bb16c91c2ac2908dcfae0f3a478d37,20.2
2003-09-10 to 2014-12-31 (eleven years),1232,77,0.02,1.0,-82.77476275476604,565,0.19646017699115045,-88.74936081269136,-0.445979544083094,4a3e46058a8796bc5f711b2824daccef3b08c1d8915b3976f822afaa0e6f61b0,11.9
2003-09-10 to 2014-12-31 (eleven years),1233,77,0.02,1.5,-28.810356986330792,477,0.2138364779874214,-75.39613932346803,0.009404101079836125,61fae6c31c58a3e8659581c7653c032c30cbcda19f1783947f0711e90915e733,13.5
2003-09-10 to 2014-12-31 (eleven years),1234,77,0.02,2.0,-1.9036810360991332,381,0.2230971128608924,-72.27171065358912,0.11860563803641866,34a85493db271efd0cc9c03fb2c27b7df730a377e81f66b6b48a4a7e8c302c96,14.4
2003-09-10 to 2014-12-31 (eleven years),1235,77,0.02,2.5,-7.834986676899834,309,0.2168284789644013,-79.793318386148,0.06929610318640216,5676dfeb9f13bb83c110d5dd407a91dfc8a32db878d5ff717d013cfe7336da2e,15.5
2003-09-10 to 2014-12-31 (eleven years),1236,77,0.04,1.0,-97.69500527635579,1015,0.18817733990147784,-98.82830886590493,-0.7646522064427884,d99a87fa6a996477ed48f1d3dfe8ce39fad7bee8418a729121780a9fa7761d97,12.6
2003-09-10 to 2014-12-31 (eleven years),1237,77,0.04,1.5,-69.2355048150399,710,0.2084507042253521,-86.6827538401132,-0.1901315172757041,b27d0feb6d8aa53df70dbd773228ac1f4496c0e373c5a0863283dad7fe6c8f10,14.4
2003-09-10 to 2014-12-31 (eleven years),1238,77,0.04,2.0,13.775241128128302,461,0.22559652928416485,-49.78717931009221,0.19281666441462383,0d330e3935ba02a069ffe3fcf37def823990a26c349bf3f3b35ddaa6799b41da,17.4
2003-09-10 to 2014-12-31 (eleven years),1239,77,0.04,2.5,96.72262632373182,300,0.24666666666666667,-52.148774281494106,0.4313108147369835,d5d4ac194f64b605a982b922374bc6f6102f2f3266a3fac6e15f6b0a7e31caf1,17.7
2003-09-10 to 2014-12-31 (eleven years),1240,77,0.06,1.0,-99.51635230970311,1330,0.18270676691729323,-99.73655877907164,-1.0133370485384425,1406f94158f9652ba7f94ef1667726778fc76f76d9ad91f1ac7c65019be2e38d,13.0
2003-09-10 to 2014-12-31 (eleven years),1241,77,0.06,1.5,-83.55722164907814,929,0.2023681377825619,-93.26971339807119,-0.3125844590052823,ef191794238f001feb2605f4263ca4905f705de730f05c88291bdb0fe7eb5e94,15.9
2003-09-10 to 2014-12-31 (eleven years),1242,77,0.06,2.0,-9.816500770654647,607,0.21746293245469522,-70.57641073035981,0.12710283303255657,fc084979c95d1572e80bd84f96a97f0067097a637a7e92c672d4d9a673f06ed6,17.4
2003-09-10 to 2014-12-31 (eleven years),1243,77,0.06,2.5,52.43209193787,395,0.23037974683544304,-67.87526514520988,0.30783417668724256,ed18065d390ebb7fcc0a6371faa00c2850349bed8318e657c8de2654e9623e4b,18.4
2003-09-10 to 2014-12-31 (eleven years),1244,77,0.1,1.0,-99.77863461552259,1833,0.18712493180578288,-99.83500030864688,-0.9978262477627198,fc383949479439688b95b0ca30aa99b3678317fc08c39be42e677aa1f76a7c00,15.2
2003-09-10 to 2014-12-31 (eleven years),1245,77,0.1,1.5,-92.41996696700139,1102,0.19328493647912887,-94.61673623337366,-0.4657306123640459,841d39541f3cc2544e94b2dd007743a7ef489745de2063cef4730679f417418e,16.8
2003-09-10 to 2014-12-31 (eleven years),1246,77,0.1,2.0,-70.46244088716367,719,0.20305980528511822,-83.59326156427215,-0.22508331837766812,1f4a081d0668454a7eba793a7d44e9ce3f2e5f15774e2e1cf542b0ca2eb43a1d,18.0
2003-09-10 to 2014-12-31 (eleven years),1247,77,0.1,2.5,-6.643664157514722,438,0.21689497716894976,-65.57993855300232,0.10986978131448494,cfb8a35f5cb3c48bc27b97c48ab285c0a4cdb3a0c601a5efc28c91bd9f61f48f,18.4
2003-09-10 to 2014-12-31 (eleven years),1248,78,0.02,1.0,-97.02364740418274,567,0.15873015873015872,-97.27242591561814,-1.2074488630268587,41c0773a4505963873af6e36a1d53dd7b96a4b3c9f6a5e699db19c5407273a3b,10.4
2003-09-10 to 2014-12-31 (eleven years),1249,78,0.02,1.5,-78.73552459817473,482,0.18672199170124482,-89.5181289219477,-0.49243139478032194,c3a638b28288bc3c4b80bae00963997caae60ab078b87dcaf00bde4caa6a8900,12.1
2003-09-10 to 2014-12-31 (eleven years),1250,78,0.02,2.0,-42.39471020028495,398,0.20603015075376885,-79.99707211356453,-0.11007880320906559,417fac6244dfb127626de8e62deab78d4c192aa0ee79f339530df515ead89945,14.6
2003-09-10 to 2014-12-31 (eleven years),1251,78,0.02,2.5,-29.30544005804342,316,0.20569620253164558,-72.63841032001402,-0.055978257802168405,42424e1178d7a0b5575048604813893ed7b6ccb9a092693ede67e8e865718369,13.5
2003-09-10 to 2014-12-31 (eleven years),1252,78,0.04,1.0,-94.6659799331786,975,0.19589743589743588,-96.5635753682481,-0.5843630569814885,ea4a7fe1979c2b7c98b3f965272bd063e9008b40084726a905e62926d1f69086,12.7
2003-09-10 to 2014-12-31 (eleven years),1253,78,0.04,1.5,-68.80076408806572,718,0.2075208913649025,-85.97779306641013,-0.19097995976208737,5a7ad861a63d6447f2e9d2a4759484b7bf2606f1db5fc9ba461124106436c250,15.4
2003-09-10 to 2014-12-31 (eleven years),1254,78,0.04,2.0,-67.85867355591988,536,0.20149253731343283,-78.52967704322097,-0.25972552917504305,cdd1d56c1ff5e7bee1aaa9e79e7323502f0ef7a00022c6f394953ea5100b7367,15.9
2003-09-10 to 2014-12-31 (eleven years),1255,78,0.04,2.5,-44.65211658611116,384,0.20572916666666666,-65.67163843088221,-0.12075984666173935,c4f6c6751d65822459d4cb052175b8281a0a64f5f65625baf87dd4a8195d7c64,16.4
2003-09-10 to 2014-12-31 (eleven years),1256,78,0.06,1.0,-96.07328633659279,1333,0.19504876219054765,-97.98219152921868,-0.5259318664373837,e01cc063cc781898d28ef9e9413701be851409a463cc10a6a260c070cffc51fd,12.8
2003-09-10 to 2014-12-31 (eleven years),1257,78,0.06,1.5,-82.14850994069748,881,0.20090805902383654,-93.8265490373175,-0.30082370490516386,f6960e3d8f3f25e08fa7babe42aea48ffc77e0022063ff493bb418a4afbc001e,15.6
2003-09-10 to 2014-12-31 (eleven years),1258,78,0.06,2.0,10.936146611644727,536,0.22201492537313433,-66.40307147396824,0.1911456628292808,c04100d5f11fa5a83374ea7fcff5631be78389df5b95bc84ceceedf569630b19,17.7
2003-09-10 to 2014-12-31 (eleven years),1259,78,0.06,2.5,72.66140254705397,367,0.23705722070844687,-47.02097770199964,0.36159138935099316,cdfe96d7383bc7f37d8acbc242fe87b2eafdd04ec98e7c1756ef74f3715c5e20,18.0
2003-09-10 to 2014-12-31 (eleven years),1260,78,0.1,1.0,-99.4879974389253,1785,0.1938375350140056,-99.8365189420298,-0.8041568441669311,9580f41a554cd47201c5518510ac78e037c2c9aacd6651e53f68c7cad2976612,16.3
2003-09-10 to 2014-12-31 (eleven years),1261,78,0.1,1.5,-81.10689313693858,1075,0.20465116279069767,-96.21584856541507,-0.20864662408548085,cbbfc9320c44bb934d6433acea92775a2f53d0f19584dcae851a45de49c2f0d6,18.4
2003-09-10 to 2014-12-31 (eleven years),1262,78,0.1,2.0,-16.842599356923543,620,0.21774193548387097,-68.25872783768854,0.1067989601077416,2381e505a0d34e7435440f37943f8b6a96146b10f63b960ae3eed54009567d37,20.1
2003-09-10 to 2014-12-31 (eleven years),1263,78,0.1,2.5,114.18704611162183,358,0.2430167597765363,-54.39144414409278,0.4504787774857471,95d605ebed5366313ac52b6263eef775242aadc61f8d206f50171d864d9870dc,18.3
2003-09-10 to 2014-12-31 (eleven years),1264,79,0.02,1.0,-74.85911015190406,600,0.2,-85.55710901899309,-0.3341214775688531,accd59261fe4524606f69af05d18413a6d659639e7d67ab13e8509ad5b8bfb9f,10.2
2003-09-10 to 2014-12-31 (eleven years),1265,79,0.02,1.5,-31.70485297374442,499,0.2124248496993988,-70.31169108820168,-0.0031244167503566545,a374da995a70ec33461bc10b2327a702275fde287e060d0d9040aaf0e8e39dec,13.5
2003-09-10 to 2014-12-31 (eleven years),1266,79,0.02,2.0,-2.126696636004872,384,0.21875,-65.90465313866912,0.12149723285200668,81edb532b39ae4a7a44b43d70216e1c7aec440fc8ae1d895ab8a1ea60a521d86,13.6
2003-09-10 to 2014-12-31 (eleven years),1267,79,0.02,2.5,85.65955766403644,293,0.24232081911262798,-44.043440245441346,0.4110765958655519,3fac0843f6b18b7d47d297150c07c8151956a85925f455fbe45248891847bcf2,15.8
2003-09-10 to 2014-12-31 (eleven years),1268,79,0.04,1.0,-97.96920750099547,985,0.18375634517766498,-98.6855038643112,-0.8369403816611154,014d0eadf62084b48132faeefe0fa17fd6dad6db26c2064a379fdb5e29cea69a,12.4
2003-09-10 to 2014-12-31 (eleven years),1269,79,0.04,1.5,-83.99622205781081,706,0.19263456090651557,-90.13728805212169,-0.413895917956536,c5304669db84e1564b10bfd0bf5f12d376c008ae725d12f08d6f77f5742ec56d,14.5
2003-09-10 to 2014-12-31 (eleven years),1270,79,0.04,2.0,-13.498877012617394,496,0.21975806451612903,-68.22459643914188,0.09161347747226309,6b539eeb49d32253f51bd2df6fe48a0aa6d471fcabe275f2cbccca232d47b5da,15.3
2003-09-10 to 2014-12-31 (eleven years),1271,79,0.04,2.5,22.2233911522584,345,0.22608695652173913,-58.98805230487676,0.21281585077043447,a04d615c41566eb6112fb8fcdb551146b37ec066c72322247a9638f33bc10257,18.0
2003-09-10 to 2014-12-31 (eleven years),1272,79,0.06,1.0,-99.14776442822834,1373,0.18936635105608157,-99.3549421334589,-0.8426944475401681,ba620c81d629b4ae3dcb38bc38bf70651f75f214eaf01e3dc814ae0aaa3f8d60,13.7
2003-09-10 to 2014-12-31 (eleven years),1273,79,0.06,1.5,-83.26118370804922,913,0.2004381161007667,-91.71756704162027,-0.30246086051274895,42c7a7baf367212c63fe1451da91b3d63d365c7fda00f0a7290aff47c426918a,16.4
2003-09-10 to 2014-12-31 (eleven years),1274,79,0.06,2.0,-48.13284458295673,606,0.20957095709570958,-78.46983770278827,-0.06739789793901087,0292b26886cc7dbad266037a0646af69e3b967e4b4570805ac0ff9218d3134af,18.7
2003-09-10 to 2014-12-31 (eleven years),1275,79,0.06,2.5,-5.9967997226225895,401,0.2194513715710723,-46.40525446395808,0.10431570714062553,dc56fe3d98f3d0782ea4672f12f95729bc704bc890627aaa4479d6bb7545f2e1,19.4
2003-09-10 to 2014-12-31 (eleven years),1276,79,0.1,1.0,-99.92943725968183,1812,0.18322295805739514,-99.9648670111523,-1.2298389343538931,f701e9b07deee8e315a9d56e7d2a1b41eaa80b400f2473ef7532932f546d8d48,16.3
2003-09-10 to 2014-12-31 (eleven years),1277,79,0.1,1.5,-93.93453021612656,1075,0.19534883720930232,-97.0881444506809,-0.5257273065781748,588487a1b58bb536d48c36450171714f00e5ce9414c7d4f3c46ee15dacaab171,19.5
2003-09-10 to 2014-12-31 (eleven years),1278,79,0.1,2.0,-52.17043626268176,713,0.20897615708274894,-81.8849355957243,-0.07535388556637147,2237fb311149d6b3a844808a38e1887912821fe1a575928f0732991b472c11d2,20.2
2003-09-10 to 2014-12-31 (eleven years),1279,79,0.1,2.5,-30.53646162524788,431,0.2088167053364269,-66.343591846873,-0.019367901126820138,01228fed7e7d0ae020e464ceb1c16719b2d73fd19dba2ae9fa11b98219b9fe31,20.2
2003-09-10 to 2014-12-31 (eleven years),1280,80,0.02,1.0,-92.3320643065346,534,0.1704119850187266,-94.28732335094129,-0.857356652593808,650c4724248c6f2f1132988f74750e3aa0af878c00fea32c8f338ab3e791a37c,11.2
2003-09-10 to 2014-12-31 (eleven years),1281,80,0.02,1.5,-88.97778826438977,464,0.17456896551724138,-91.8465894586302,-0.7529971617775303,5432a63dc50ca8192de97580a6419780205edeb11bbfe67aa4f09ea7a458d333,13.5
2003-09-10 to 2014-12-31 (eleven years),1282,80,0.02,2.0,-50.66140113531088,352,0.20170454545454544,-64.74229016012477,-0.19000192393602244,da6d9f31bd66b14b04feefbf2b084a85a7f7c8c969f493039909db4c02a70b24,16.4
2003-09-10 to 2014-12-31 (eleven years),1283,80,0.02,2.5,-40.03993946945925,276,0.19927536231884058,-57.928756091624045,-0.14820009778439716,382f46222e40163f2fef265c8fa8c7f669ffa498a3d0e285567355335d322436,16.1
2003-09-10 to 2014-12-31 (eleven years),1284,80,0.04,1.0,-98.82022284122681,934,0.1777301927194861,-98.82022284122692,-0.993782262325033,d95232a7edaff6c3fddf7abd8faa24b1672dd10caef78f42c74b624b1d97b408,13.2
2003-09-10 to 2014-12-31 (eleven years),1285,80,0.04,1.5,-78.04044225005582,689,0.1988388969521045,-82.32703319211151,-0.29788200543608373,870015eb2850641dbcc14c8c547b2213c4f3857a59f5e1e07e8f24cc9cd66b8c,14.6
2003-09-10 to 2014-12-31 (eleven years),1286,80,0.04,2.0,-52.68997080610419,477,0.20754716981132076,-76.15330032571357,-0.1375772626987324,3f4663447c78bb5d1db6396c39d539df8b2330ad53a4c51bb96742abb17a76c6,15.7
2003-09-10 to 2014-12-31 (eleven years),1287,80,0.04,2.5,-21.565858865386993,346,0.21676300578034682,-67.15655552668963,0.011472623597276993,0d6ba218aef25b47291a71bb01022b9844978f4471d6659ab893593eddee27cd,16.4
2003-09-10 to 2014-12-31 (eleven years),1288,80,0.06,1.0,-98.98433696014018,1298,0.1856702619414484,-99.45570926836079,-0.8366020890612849,f4c6988af1123f0318aab6567279212dde10923f7d7fbf16146ab5ce939ad73f,13.0
2003-09-10 to 2014-12-31 (eleven years),1289,80,0.06,1.5,-95.9278709410633,882,0.18253968253968253,-97.7039475642076,-0.7149846459916838,a0ab5d47b9e93cabd8433f8d89cf55662914d201e76cc198540bd897b1e9f448,15.3
2003-09-10 to 2014-12-31 (eleven years),1290,80,0.06,2.0,-44.232446693583974,578,0.21107266435986158,-79.83834025175877,-0.04795498054293441,cabc827f1034d36bbef74ec53e7d3b5e48395f3234adb303cfa89b98b17a90d7,16.6
2003-09-10 to 2014-12-31 (eleven years),1291,80,0.06,2.5,33.01190402373308,368,0.22826086956521738,-54.29992345110774,0.2505826650894123,b664503e365bce721d91967324fb86e46635f6648886588fa1c6f931c456aade,17.8
2003-09-10 to 2014-12-31 (eleven years),1292,80,0.1,1.0,-99.59532592317018,1873,0.19327282434596904,-99.82719668784402,-0.8440277039338503,4dd7568cda2ee78af158d1750b395a3872b0f73b930bc93cb3779c673d86a0a1,16.6
2003-09-10 to 2014-12-31 (eleven years),1293,80,0.1,1.5,-86.03871482241964,1118,0.20304114490161002,-92.65718349545395,-0.2922284738088403,2f9af04c47edd60fdae5dd3e2b11a633341a49a8436b0fd13a3b3be722a22598,18.1
2003-09-10 to 2014-12-31 (eleven years),1294,80,0.1,2.0,-40.749380689169826,643,0.21461897356143078,-70.5411499127207,-0.0023409387416541156,df160086ef91bc63d6dd106d353e6d4b85c9321f3f9fd0eb241d6f44d0aee7b5,16.3
2003-09-10 to 2014-12-31 (eleven years),1295,80,0.1,2.5,5.764754467099746,443,0.22121896162528218,-67.14456933433321,0.16068675541515645,22d36443e09799312dd044cf6ec43238705d5e6aaaa51a4df2db5deb3a9a9efd,19.7
2003-09-10 to 2014-12-31 (eleven years),1296,81,0.02,1.0,-86.47769616503143,570,0.18771929824561404,-92.00505442577217,-0.5515470487985347,87a0ed208a5f2ae309af36b7737f932a67c7cc163cba06523fab1f9b047c754f,10.9
2003-09-10 to 2014-12-31 (eleven years),1297,81,0.02,1.5,8.429942287951175,456,0.22149122807017543,-47.66187758440814,0.17578015048815007,625c000857d0cc0f32188c4ebebcb3002e7d70729a951aa11054a891180dedc8,12.1
2003-09-10 to 2014-12-31 (eleven years),1298,81,0.02,2.0,-0.7849412955852859,328,0.21951219512195122,-48.425484053157156,0.1176757228064508,d5c5eaa22907f8867fc736e52f40e4127255bc5ff8f139cff513a25f34620a47,13.6
2003-09-10 to 2014-12-31 (eleven years),1299,81,0.02,2.5,20.54380524870612,271,0.22878228782287824,-51.925212867177514,0.20298194997140703,1d503f0ad098c8c3096dcbc20c1926c842ac43f63accb337bc238ee6d532ee2e,14.1
2003-09-10 to 2014-12-31 (eleven years),1300,81,0.04,1.0,-97.91914228562024,981,0.18552497451580022,-98.75136630093935,-0.8395375411994644,14815e859868082a38894f4bcfe85462f41e12cd96660c33ee7778780869a437,12.7
2003-09-10 to 2014-12-31 (eleven years),1301,81,0.04,1.5,-81.81861673930074,744,0.1989247311827957,-89.6961145651717,-0.3493456679646031,3b9ec38e023ebbd893bf747de974a0541de30955833f471613121278513940c5,15.1
2003-09-10 to 2014-12-31 (eleven years),1302,81,0.04,2.0,5.689052547669262,514,0.2237354085603113,-74.03919856562848,0.16884713861155895,a0b296151da4551e5debca0223552d2d5fee1b28480c2c9ac5c805a88a43d59f,16.9
2003-09-10 to 2014-12-31 (eleven years),1303,81,0.04,2.5,-1.6874624354116896,366,0.22131147540983606,-72.40144774522189,0.1193123178315689,06bb042979769b5051ab764bfbe1440f11b761f36070b4637c17f61da284aaed,18.9
2003-09-10 to 2014-12-31 (eleven years),1304,81,0.06,1.0,-99.45871184192173,1304,0.18251533742331288,-99.78473316896844,-1.0741911453146389,2cea7a5eeee53f5c46ae9cd031781bbe2c464b1a6f6d60199999f396c361952b,15.2
2003-09-10 to 2014-12-31 (eleven years),1305,81,0.06,1.5,-74.95385146890065,880,0.2056818181818182,-92.0902999430356,-0.19781009680120878,7518cef972953b30ed46723f79a10956ca985a4cab35d378edef55a2565eb3de,16.9
2003-09-10 to 2014-12-31 (eleven years),1306,81,0.06,2.0,83.22209957297562,589,0.23089983022071306,-59.98292442291411,0.36729885923373223,fba355f270048dc0fec8d0d9cd693234b729a170e255c62cda521363ccbb7479,18.8
2003-09-10 to 2014-12-31 (eleven years),1307,81,0.06,2.5,106.06459163420763,377,0.2413793103448276,-59.5374523932933,0.43552168101323924,256b8d20c14973b990f71b5f47981c435bdbff38476fdcec8250d1b4822b63f7,18.3
2003-09-10 to 2014-12-31 (eleven years),1308,81,0.1,1.0,-98.95224793702869,1822,0.19813391877058179,-99.48540457974315,-0.6071175707689063,8588fcc173087de5aa30749ec1fb9160ecbf2a6d01a7ff28525869510d2ba23e,16.4
2003-09-10 to 2014-12-31 (eleven years),1309,81,0.1,1.5,-95.7645488486355,1116,0.19086021505376344,-98.43315617891355,-0.5823031936203165,da04f9c58eff2e135ca2c09f8694ea477b3e47702889792822c4207f3af0bf85,18.6
2003-09-10 to 2014-12-31 (eleven years),1310,81,0.1,2.0,-2.233277507280113,631,0.2202852614896989,-68.05892145713084,0.1581502988414069,9941e11cee68e62a36bf43b0c66fe0e1a5d88e5338f5cc48419faa42f8494794,19.9
2003-09-10 to 2014-12-31 (eleven years),1311,81,0.1,2.5,51.84918322405032,399,0.23057644110275688,-51.97736981168274,0.3060869236539436,594b9c6ea6284fa3f6195de5c73666c16dcc5d83cf96f4034d7a032179b6270f,18.8
2003-09-10 to 2014-12-31 (eleven years),1312,82,0.02,1.0,-63.349109884121745,594,0.20707070707070707,-74.63071004747678,-0.19668165781633962,23d15730e6d7aad594066be8611b2be891eaa129aa7f5404515768d749a23f3e,11.1
2003-09-10 to 2014-12-31 (eleven years),1313,82,0.02,1.5,-70.03635874136809,493,0.1947261663286004,-81.34126512796914,-0.32868353117550214,9a2d63bfbd813f598a9d198d4d1fd2bc0c0a757c99f209d508dfb81e7bf5fb7f,11.7
2003-09-10 to 2014-12-31 (eleven years),1314,82,0.02,2.0,-67.87217126523582,360,0.18611111111111112,-78.60173032355806,-0.36858759403571084,f4b7e9d948c617277e7f8928d98c73ddad2c6e7bf615da01819f181079b175fc,14.4
2003-09-10 to 2014-12-31 (eleven years),1315,82,0.02,2.5,50.362544356796256,281,0.23487544483985764,-53.245737937508906,0.3132396805667408,835a60699198086e2ba1f1725020e208683fd4c87a9ffc35f2b49f7a9c7df1b5,17.0
2003-09-10 to 2014-12-31 (eleven years),1316,82,0.04,1.0,-96.16994057070634,1019,0.19332679097154074,-97.61772928080623,-0.656690758645208,bf065ab028bb325e8f1bddc43d086a8ebe0c6225bd4728233e43ce4ba6bc837e,12.4
2003-09-10 to 2014-12-31 (eleven years),1317,82,0.04,1.5,-84.01347025229818,749,0.19626168224299065,-89.8518876348064,-0.39756541479631935,b5e1142d0187d6eecdf3fc27e9f509c75b155f25c2c4218e57d3baefe7729f1b,15.7
2003-09-10 to 2014-12-31 (eleven years),1318,82,0.04,2.0,-26.499652438634758,517,0.21663442940038685,-72.84989641354271,0.039551113062249225,24ef55ed34cea2f99c149593fd353d26be83e2ea9ed09b5afcb4e41c3a935619,16.8
2003-09-10 to 2014-12-31 (eleven years),1319,82,0.04,2.5,57.537868298946904,362,0.23480662983425415,-55.78803720660752,0.324126805567744,7f5470646186a4b2dd8ccfe6d6291ee252d65334c55aa3b3b5ce1ffc7818017c,17.1
2003-09-10 to 2014-12-31 (eleven years),1320,82,0.06,1.0,-64.5675604806907,1273,0.2175962293794187,-84.86236212150826,0.013546807364140974,18f03cbcdc7a7f9deddf5b903565d7b66478a7818ba5f3b0680eba8ba6d63af5,14.1
2003-09-10 to 2014-12-31 (eleven years),1321,82,0.06,1.5,-42.96603609873686,883,0.21630804077010193,-87.91547935782873,0.04445747154180989,271d5a9f90d0cd2969295445d89d29c2e4ec49f31f1deb59d49339dab17184ab,15.7
2003-09-10 to 2014-12-31 (eleven years),1322,82,0.06,2.0,48.754767380201535,569,0.22847100175746923,-72.33627869299248,0.29670453614295417,eba4bda4f4579c3429faeb46865cc9ce745faa004f3320ea24a62e138193e2d5,17.6
2003-09-10 to 2014-12-31 (eleven years),1323,82,0.06,2.5,71.94285876785229,415,0.23373493975903614,-50.19590744207994,0.35661858123467766,41f34bc41c89d84d4572b49be94766bfd3b9e2304d0223093f466c3e3c6a4298,18.3
2003-09-10 to 2014-12-31 (eleven years),1324,82,0.1,1.0,-99.56563068797419,1794,0.19509476031215162,-99.7923713609669,-0.8173759086369972,624e591c78677cb528575bbd273df4df5e1106c2a878ef9b235e384d4688d803,15.6
2003-09-10 to 2014-12-31 (eleven years),1325,82,0.1,1.5,-90.8416621450383,1065,0.2,-94.42408945357512,-0.4107903472329576,86124bfece83f50facb8659d6b4f00c20f564ee54b0faf873b75c326ffc148f7,17.7
2003-09-10 to 2014-12-31 (eleven years),1326,82,0.1,2.0,-31.06062014934128,644,0.21428571428571427,-76.18186417124336,0.0384845939081482,a7edc69511bdee96477e0f3641af10884d4d9d5f14d00d25dba776a3467d302a,18.9
2003-09-10 to 2014-12-31 (eleven years),1327,82,0.1,2.5,-17.241825395820488,465,0.21505376344086022,-62.291155124742616,0.05965702455616178,23b8eeb32cac1ac6cef14c0ef7eb1ca5d5b0ae2d129affbd6ed56ca2adc46226,19.5
2003-09-10 to 2014-12-31 (eleven years),1328,83,0.02,1.0,-91.4892170558437,522,0.17049808429118773,-92.97549980547552,-0.8064578612335606,93758cd6ec7e727b4c109511ef42155031ac9455ebc7a26282f1bbb2f6c5d263,9.7
2003-09-10 to 2014-12-31 (eleven years),1329,83,0.02,1.5,-85.90504217433657,445,0.1707865168539326,-89.3994027696344,-0.6514061931005094,aa2eda5da07d44779be873487f0ae92b2c22c125c5eaa6df0b94aa36cb77775e,11.8
2003-09-10 to 2014-12-31 (eleven years),1330,83,0.02,2.0,-45.60967428410581,359,0.20055710306406685,-70.0872648392886,-0.1443654849936757,65037cf5cf294939c7e328465e185025e877c707fe2cb13d9d24d57972cd22c9,13.4
2003-09-10 to 2014-12-31 (eleven years),1331,83,0.02,2.5,-36.32457007310499,280,0.20357142857142857,-59.54436339972862,-0.11370013863489184,55666affc899fbd4857661e12fccf38c90c77b71638ab1adc70ccf4472d4e6c1,13.7
2003-09-10 to 2014-12-31 (eleven years),1332,83,0.04,1.0,-98.86991267791831,1020,0.17745098039215687,-99.52244451852191,-1.0258387958137258,765ff4239467679e1fbe85c01dd29d3c8e17d45ae030df447a5371ce62c3d351,12.3
2003-09-10 to 2014-12-31 (eleven years),1333,83,0.04,1.5,-79.0406665390226,752,0.20079787234042554,-92.65311444818973,-0.316752847673942,78fb1111be3092fb08b03a02860626271843e71a039bc47aad09ed164472b1ef,15.4
2003-09-10 to 2014-12-31 (eleven years),1334,83,0.04,2.0,-45.13255919792514,499,0.21042084168336672,-69.00622949146083,-0.08063651583280673,446615f5238b074103683c6a77a9d919af155b8a7389742bd1abe647df7d57e1,17.5
2003-09-10 to 2014-12-31 (eleven years),1335,83,0.04,2.5,185.724900749735,353,0.2521246458923513,-41.04935308016184,0.5853572252004998,c535c209f98912ff3b3f38e862b68c753faf7bdf2ae6c3f0c9f130a753a8be23,17.8
2003-09-10 to 2014-12-31 (eleven years),1336,83,0.06,1.0,-98.24327068201566,1298,0.18952234206471494,-98.98263467602776,-0.7064592777840086,5c43f378a3c2ed93da5d92abcd06555e9154955887093f062129dbad29b70e4e,14.2
2003-09-10 to 2014-12-31 (eleven years),1337,83,0.06,1.5,-85.53082904097296,861,0.19628339140534262,-91.04232756517811,-0.36866573763735483,6d7d5949116e98057c8e75e27c153d349a6304e17244c31fe25270b619ed609c,15.8
2003-09-10 to 2014-12-31 (eleven years),1338,83,0.06,2.0,-23.177443823544415,584,0.21575342465753425,-70.70048697099945,0.06300933048272386,da3a2d1de1e54074542b9cd7fa8ac77403e7a2d48cdc0f959d7d7db22792b961,19.1
2003-09-10 to 2014-12-31 (eleven years),1339,83,0.06,2.5,165.1542464148432,348,0.25287356321839083,-42.68759625727561,0.5453803414730403,a887b7c10e04709ba03fac9fdb2303103fab55fa47581eed69c60b1c966b97e7,19.3
2003-09-10 to 2014-12-31 (eleven years),1340,83,0.1,1.0,-99.62851050066,1797,0.1930996104618809,-99.75756429062737,-0.8252955081742286,0761cf702f782610d2f71c1bd56afc75165ad2b2228b5f08fdc7e2db96235291,17.3
2003-09-10 to 2014-12-31 (eleven years),1341,83,0.1,1.5,-85.41369775649225,1076,0.2016728624535316,-95.57716120192067,-0.28034815370545824,a36b65fe4e35eaef3bf98278b55fb5317c06a2ab4338f746dc804687fa5ae065,19.1
2003-09-10 to 2014-12-31 (eleven years),1342,83,0.1,2.0,-34.77088478825056,685,0.2145985401459854,-77.00390062074791,0.03515704836619237,9cd2b83be11832f979b2aaacd52b4d09f5f4748812c72dd47f6849910a41479f,20.6
2003-09-10 to 2014-12-31 (eleven years),1343,83,0.1,2.5,40.047570587628684,398,0.23115577889447236,-61.747386366053405,0.2723329442957918,1c2e3cf5fece3a8d9566121c969092dfb37a6a4caf839f439a93a3fe3a0740cd,19.9
2003-09-10 to 2014-12-31 (eleven years),1344,84,0.02,1.0,-98.22998220216706,546,0.14835164835164835,-98.31544631798266,-1.400382812013008,2d9b2fbeb6000002fe60c988bd931f7509d8948c92d1f46ded03ae71d4398ed1,10.0
2003-09-10 to 2014-12-31 (eleven years),1345,84,0.02,1.5,-94.8640869685688,458,0.15283842794759825,-94.86408696856883,-1.123330668670111,79a4bff93fe4a1efb2da06b66ff7f158c7ad08ee7b2cb3b6569a4d6d15b2572d,12.2
2003-09-10 to 2014-12-31 (eleven years),1346,84,0.02,2.0,-69.157587891494,373,0.1903485254691689,-70.62921578236842,-0.40211758816744464,dea18f54ed5754673bd2f3669acdb46829018616b4559e247af3e6d1ee8fbbb2,14.0
2003-09-10 to 2014-12-31 (eleven years),1347,84,0.02,2.5,-73.37187105703119,308,0.17857142857142858,-73.94418573902162,-0.5297790946192612,38718130185b93050dd515fee9d058af8ae0f6e06bb25d911260c39c014ffe45,14.6
2003-09-10 to 2014-12-31 (eleven years),1348,84,0.04,1.0,-99.1915248779524,1017,0.1750245821042281,-99.54912738089375,-1.0809397093267812,6bbc26c7f0914efc28897f8ba89bcbb9ddeb8edbab4e362f7e7d95ed84ece947,12.7
2003-09-10 to 2014-12-31 (eleven years),1349,84,0.04,1.5,-78.23258199081899,738,0.1991869918699187,-87.4957781774597,-0.28866614976774074,ef2bd368174185702c6b56e9676a0bf28e0b399205ebc31082dd123c37f5e687,15.2
2003-09-10 to 2014-12-31 (eleven years),1350,84,0.04,2.0,-18.123516383772937,509,0.21611001964636542,-69.23839566007734,0.07329959069119614,cd5c872bdb4cd5cec5dc5d75675253b45b6e567f05d9d395ae61c32fb2a7f490,15.6
2003-09-10 to 2014-12-31 (eleven years),1351,84,0.04,2.5,27.99060344057185,361,0.22714681440443213,-55.756705350026394,0.23337548715512094,68f0c6f8c9533f61b6e53bf11782948720c9e22294036b8e8098f0d65acb0fcd,17.2
2003-09-10 to 2014-12-31 (eleven years),1352,84,0.06,1.0,-99.05093319454625,1345,0.19033457249070632,-99.54017803528996,-0.8442338873747576,cb5e3aaf0eb1de218b526382a6951d357883248369e01d0f22377fe482f4ffc5,14.1
2003-09-10 to 2014-12-31 (eleven years),1353,84,0.06,1.5,-91.29579721644514,921,0.19435396308360478,-96.6023431967088,-0.48254759299714817,6eebc18b4365995f0e9e3dddcbb297b01b2e3aa74d4baf5ec44dc69ac498ab59,15.7
2003-09-10 to 2014-12-31 (eleven years),1354,84,0.06,2.0,-60.775991429999735,604,0.2052980132450331,-85.58736346091722,-0.16524167783060809,438082e63d1485e01d868e9525f6fd1b0aee7c1ea5384f32bd10c285aa071b3f,16.6
2003-09-10 to 2014-12-31 (eleven years),1355,84,0.06,2.5,-10.23868933293965,389,0.2185089974293059,-58.16490904748341,0.08448627558293674,1b29508ae7ca6da9d3632ba42d315b61f26417f1f0c85c64b489d09c6e83a6cc,17.9
2003-09-10 to 2014-12-31 (eleven years),1356,84,0.1,1.0,-99.86500860160979,1750,0.18514285714285714,-99.9453178115526,-1.041906679102432,6e51d4cab37d03abdee6eb0a59c68c8cb5accf33f137cfdc259d24492b1d35f0,15.9
2003-09-10 to 2014-12-31 (eleven years),1357,84,0.1,1.5,-91.08223763515025,1039,0.19634263715110684,-95.03998330298371,-0.41634491957661207,c726a32f81c3ed00b65e9e35b067e0467bf2cea240c30946166699f82cf3bd43,17.6
2003-09-10 to 2014-12-31 (eleven years),1358,84,0.1,2.0,-57.93114534752636,636,0.2059748427672956,-81.37952330747603,-0.12234773692931282,34fbc30a105ddce5c823470b6017658e66e2108e6c61c4e83d439afaad96377e,18.6
2003-09-10 to 2014-12-31 (eleven years),1359,84,0.1,2.5,51.35355951316435,389,0.23136246786632392,-46.45064847827112,0.304685771814282,7fbd83c4b90a3d6a44503c3c2b77c48255e3dda731896cd2d6dbc05c3c2e0dc3,19.2
2003-09-10 to 2014-12-31 (eleven years),1360,85,0.02,1.0,-22.445014764464315,553,0.2224231464737794,-66.70348444229235,0.06624870959998626,2162f79dfb3855bd3126efe57295423d35cd641da9d49a9f857ebfa8867ac64f,10.9
2003-09-10 to 2014-12-31 (eleven years),1361,85,0.02,1.5,124.77869762068852,467,0.23768736616702354,-40.56545979890327,0.4585281693469929,30e156e690e272dab0eaadd2b17fe7c8b8c11d7f87fea867b19d9b5b09b7696f,11.8
2003-09-10 to 2014-12-31 (eleven years),1362,85,0.02,2.0,-52.21275637010183,373,0.2037533512064343,-69.39156268565829,-0.17896285167138376,51ad079ab2f4ad6464421ded9b846efdd89752c914c11e1874d49ca73e1b5446,13.7
2003-09-10 to 2014-12-31 (eleven years),1363,85,0.02,2.5,-42.42273647330283,293,0.20136518771331058,-57.79112435225373,-0.16487577607000756,b67ba3ca97292a66f09833323bde9d63ca7b8e2a58e471d9726fe1a3f2996031,15.0
2003-09-10 to 2014-12-31 (eleven years),1364,85,0.04,1.0,-99.17796368843351,1008,0.1736111111111111,-99.45141974862683,-1.0787243324325104,ac6cc7e1ca6eef2e15a897d495b8f50980eaf70a1541963f3d3395e7cd1c8c43,12.3
2003-09-10 to 2014-12-31 (eleven years),1365,85,0.04,1.5,-89.16580414099393,741,0.19163292847503374,-94.48369977782384,-0.5089452193425544,19e0d8f88f3b4e65ee93fc0d33e6f50a767ec72f5376575c4ff950252ad2a8ea,14.3
2003-09-10 to 2014-12-31 (eleven years),1366,85,0.04,2.0,-41.50882242570397,502,0.21115537848605578,-64.43043775490614,-0.055358792533957625,5bf4ca5ecf06f0c0c9a9d5454b4954a397cef5e93e20a8c991812effcd710188,15.9
2003-09-10 to 2014-12-31 (eleven years),1367,85,0.04,2.5,8.967134785582271,345,0.22318840579710145,-59.83498520908992,0.1597797124627189,eff31e3da9d5db7dda9ccfca574d7b0c5c9709f033e88238349928ce70ccb893,17.9
2003-09-10 to 2014-12-31 (eleven years),1368,85,0.06,1.0,-99.80023032115423,1345,0.1754646840148699,-99.8472089957861,-1.293182321543223,42e89d0fdcb9accd3910962948659cd023b983b13f793125f3dbc66d8ec75454,14.3
2003-09-10 to 2014-12-31 (eleven years),1369,85,0.06,1.5,-96.82991379117954,903,0.18161683277962348,-97.40842092269632,-0.8118739341394371,946dc8e4b94fa92bbc9360f566acaf0776c1b43c70310a3c7f023ca4aa3f4eda,16.8
2003-09-10 to 2014-12-31 (eleven years),1370,85,0.06,2.0,-66.06516900566288,596,0.19966442953020133,-78.50774867418936,-0.2336528184654223,388fd6f0a16908b25c90a3e7dbc01298265931f825f0153e5fdb8e70c97a6a6c,17.0
2003-09-10 to 2014-12-31 (eleven years),1371,85,0.06,2.5,5.735878408656402,419,0.2243436754176611,-62.099349793675174,0.1575636641936453,eac4829c7847d128d0471af5555088ba7ed1bf92dd2e13c9cb91182db6302c00,18.7
2003-09-10 to 2014-12-31 (eleven years),1372,85,0.1,1.0,-99.88808852654783,1810,0.18287292817679557,-99.9489962358961,-1.0654120834256664,e8828ecdd1ff18bc1c91a835df86f84092702e84a61bdc5db48912591d433cc0,15.0
2003-09-10 to 2014-12-31 (eleven years),1373,85,0.1,1.5,-73.45733215176253,1071,0.20915032679738563,-89.35527748827464,-0.12524277311953497,b12dcc9de0a785321aab21b14f2580eb29d2967c61c3c000910320fb2121143c,17.6
2003-09-10 to 2014-12-31 (eleven years),1374,85,0.1,2.0,-9.154904499983644,628,0.21815286624203822,-60.50002024958662,0.13395403854448,acba861ee2d343a1840aa7cb4534faf9ad62f0b8e95959c9dc9e22f5f11ed53a,18.7
2003-09-10 to 2014-12-31 (eleven years),1375,85,0.1,2.5,101.9362456323454,387,0.23772609819121446,-46.30986184262969,0.42376196371684893,f5f1d59b1a1af95bfd289c5697b5148e56d41c95ff18801dadbf353357d5d1ca,18.9
2003-09-10 to 2014-12-31 (eleven years),1376,86,0.02,1.0,-89.75175566941863,575,0.18608695652173912,-91.09872234819414,-0.6994017921921176,fc7f161d7cb7a662e8b9693b796b1f6317345512690aab1f55d9e97123693644,10.4
2003-09-10 to 2014-12-31 (eleven years),1377,86,0.02,1.5,-78.04232101068634,468,0.18803418803418803,-81.04153749014085,-0.48198182588607175,e62dfc9e8bc225cc53aee05c68cd76b64f88a4af80d0dba5ac8cdf72698fc37a,11.5
2003-09-10 to 2014-12-31 (eleven years),1378,86,0.02,2.0,-57.44260326009989,380,0.19736842105263158,-71.04591363319388,-0.24919045920360144,32d8005c1d7f4d9d7e9f3f6391a5347a1dcb6f98e45d4e3cc05139748e1fe48a,13.6
2003-09-10 to 2014-12-31 (eleven years),1379,86,0.02,2.5,-4.0086748323011285,299,0.21739130434782608,-50.46051161750314,0.09093971454682932,71774f25c3a83f0c12e3b02dbec65ee7f8e75f431d44c1e9807a118ed57c3617,15.5
2003-09-10 to 2014-12-31 (eleven years),1380,86,0.04,1.0,-99.08841970942312,1009,0.17542120911793854,-99.18066080359334,-1.038695889370497,0a554cf84e7843b8ec83c225153c2e8d9349bdcb9012ffc68f878e6a4b0834cf,12.5
2003-09-10 to 2014-12-31 (eleven years),1381,86,0.04,1.5,-93.64453495454677,746,0.1836461126005362,-95.84742659709083,-0.6811040147363542,9f0772ae35bc6b8053b511a8abcba450e5bf73db577895e5bd28985184ebd44a,13.9
2003-09-10 to 2014-12-31 (eleven years),1382,86,0.04,2.0,-49.85143849558459,507,0.20710059171597633,-83.06869227317124,-0.11082976874586692,ffbc6408b87909a0585a719ccffc02acd01eef01e8215b23895fbaec653844ef,16.8
2003-09-10 to 2014-12-31 (eleven years),1383,86,0.04,2.5,-8.64826546866222,356,0.21629213483146068,-67.82225296658766,0.08466977557937141,5f44824776499021dd53e978fb87ddbf591e047424c08fcb1273de559fd526d1,19.3
2003-09-10 to 2014-12-31 (eleven years),1384,86,0.06,1.0,-94.77507686562494,1318,0.19650986342943855,-95.42184665213331,-0.4482377826343852,b8dc4679ffde4218f2f202e1e43c53bee587d337da2f1188aca5ffd3a0d0ae33,13.8
2003-09-10 to 2014-12-31 (eleven years),1385,86,0.06,1.5,-38.441880097138196,846,0.2115839243498818,-77.81643232206926,0.04721947703910524,cc4a2e5efe9e6c3204b8725b063f8a1c381079b0871ce14ba62543333aaee6fa,17.1
2003-09-10 to 2014-12-31 (eleven years),1386,86,0.06,2.0,-57.94091575736638,593,0.20404721753794267,-86.52468336972962,-0.1338305425034494,15490437cf3a32f040aa626e9288e37931f8b10eeb88dd0dd46e25db1f0e7390,19.4
2003-09-10 to 2014-12-31 (eleven years),1387,86,0.06,2.5,145.46452797222284,329,0.24924012158054712,-55.2382057189142,0.5193894318387826,38576a03d53a6d46d9ebc4441fc7ff1f5871133609066c1a10531c604b12776f,20.3
2003-09-10 to 2014-12-31 (eleven years),1388,86,0.1,1.0,-99.82879243282284,1822,0.18660812294182216,-99.87650915555454,-0.9989649895601073,2f46f78beb24de333050f0b04c2e3f0bae9918918c9ee265a5faa0be6259134f,17.1
2003-09-10 to 2014-12-31 (eleven years),1389,86,0.1,1.5,-95.63661370903881,1079,0.19091751621872105,-98.1071058910726,-0.5801959882405961,37c82360dcf422ad2bc81c8ca460bb13fa0492e84cc01cc2feafe658f8221dbc,18.0
2003-09-10 to 2014-12-31 (eleven years),1390,86,0.1,2.0,-44.0979726169547,661,0.2118003025718608,-76.41329374556322,-0.02003328700704579,9b614f73a4f3eb955efdbc7e09392e77f51888220868c2ef420cba112c22036b,19.0
2003-09-10 to 2014-12-31 (eleven years),1391,86,0.1,2.5,104.15386774142125,391,0.24040920716112532,-52.477992519257086,0.425527437586229,b2f28a94e893513e05c99ba83464b8fd28cc41039fb611b8446e3411ba46c9de,19.9
2003-09-10 to 2014-12-31 (eleven years),1392,87,0.02,1.0,-51.52843695623829,542,0.21033210332103322,-78.906101624765,-0.11063580186397293,bf066bcb87ac37d09f3fe15f58eac1ce48325f0c1326eda14fa47af5d408b2b8,10.9
2003-09-10 to 2014-12-31 (eleven years),1393,87,0.02,1.5,77.60556898195917,448,0.234375,-55.05515579775716,0.3649981977725863,a69632898847b39594dcec2317c049f1d949c052123294b187331264dd532936,12.1
2003-09-10 to 2014-12-31 (eleven years),1394,87,0.02,2.0,164.58609385403167,361,0.24653739612188366,-43.52173818895192,0.5435653127800203,ce126a09a91273074351453e27e6de83e1f780ccf5ee6dfb1b67a5917f5fd956,13.9
2003-09-10 to 2014-12-31 (eleven years),1395,87,0.02,2.5,224.2901219676724,263,0.2661596958174905,-26.443938045543703,0.6973975883390628,5c1a91a0b7bde090320ed48833c13c5e02185f2c21738e4ce0faa5a5105ad918,14.7
2003-09-10 to 2014-12-31 (eleven years),1396,87,0.04,1.0,-98.41367540997844,988,0.1811740890688259,-99.01364670877929,-0.9220974609429923,41d80ea3de389856d3ab5ce1d5c82fb7d4e22a642a2485709bbed3731960bb9d,12.1
2003-09-10 to 2014-12-31 (eleven years),1397,87,0.04,1.5,-91.92643467496752,756,0.18518518518518517,-96.46386966011525,-0.6254645902894026,24d80e317c87f1cf91fd1c5a6341a3b78e099d566edf84f125703a60871b9872,13.8
2003-09-10 to 2014-12-31 (eleven years),1398,87,0.04,2.0,-47.92042034707449,563,0.20959147424511546,-76.54925305294253,-0.09142403570637306,c963843942c4ffc7e0c891d8f46d2a74c7d246599c7bde7e998e8c1ae9d216c0,16.1
2003-09-10 to 2014-12-31 (eleven years),1399,87,0.04,2.5,20.200352263654967,383,0.2245430809399478,-67.82948311821234,0.20692852255410737,e3f4bfc1aa9e2a03ba7077646502ed7415920be3e0bbe34e1c2b3592972853e4,17.0
2003-09-10 to 2014-12-31 (eleven years),1400,87,0.06,1.0,-99.69957885546373,1343,0.18242740134028296,-99.74859473845282,-1.125348585271517,27fce17975c48b12a45965a701be9b7d50cc9acf568def5de280b9094b2d63c8,14.6
2003-09-10 to 2014-12-31 (eleven years),1401,87,0.06,1.5,-78.32367234796655,878,0.20387243735763097,-86.91541198827525,-0.23001824524599745,41cd0435b48d7c271385da9f79d72cdd44ce8638b7c46b70a24005efe56caea5,15.4
2003-09-10 to 2014-12-31 (eleven years),1402,87,0.06,2.0,-43.87729830569665,564,0.21099290780141844,-77.24717946131724,-0.047488531089943206,405c7fd68b5ced17b9643d3f50713fa0b820c43ea555a00bfe5d5cc50edc812c,18.3
2003-09-10 to 2014-12-31 (eleven years),1403,87,0.06,2.5,-28.926874661925883,392,0.21173469387755103,-58.384385470147215,-0.010863324667293617,f81144cfec277bf10b14b89394abbd9abdd309c8603cf87d9f0984403b542159,19.7
2003-09-10 to 2014-12-31 (eleven years),1404,87,0.1,1.0,-98.9397163546269,1789,0.19508105086640581,-99.32673357727822,-0.6551499972549389,05cef21bfb94a781c40b5cb4db648e12e20981af2628f7371435e503f7b93b03,15.8
2003-09-10 to 2014-12-31 (eleven years),1405,87,0.1,1.5,-79.28367634849548,1071,0.20448179271708683,-86.29724914573941,-0.20088533451299648,49b065863f2860e68a881e5947447deda61964b2ac3668280c677f836a522370,17.8
2003-09-10 to 2014-12-31 (eleven years),1406,87,0.1,2.0,-53.08938119081177,634,0.20662460567823343,-79.47920948392506,-0.09408341514263636,24ea885f80707527636a1d7fed4ce766b55fcf0e1831bb74121581e655e59f9d,18.2
2003-09-10 to 2014-12-31 (eleven years),1407,87,0.1,2.5,30.41183092195574,411,0.22627737226277372,-54.20734032568082,0.24304630985889197,af4e48d6e3b244bcf139fd1aef87d430f0f2e9196fc5ccf8871d6d79d0d74034,18.8
2003-09-10 to 2014-12-31 (eleven years),1408,88,0.02,1.0,-92.7542292068773,568,0.18661971830985916,-94.05959876795028,-0.7266775079849421,8d4d9a222339a57ed75a73e9eea303f37d2262b4bf3bac0b9bf37b7f80121c29,10.3
2003-09-10 to 2014-12-31 (eleven years),1409,88,0.02,1.5,-80.689659190982,476,0.18907563025210083,-90.81285313748373,-0.4850154382084268,3d168fa3d2a548f9198611dd1b974f5206cb26773bb9ef60ad3d3f683eef613a,11.5
2003-09-10 to 2014-12-31 (eleven years),1410,88,0.02,2.0,-63.33990908068729,377,0.1962864721485411,-75.69832007617859,-0.30710994274968606,b1371309a7402a015dbbf4288f6b482ba4db067fe8278f6b1ed71270d31e7356,14.3
2003-09-10 to 2014-12-31 (eleven years),1411,88,0.02,2.5,-26.386561201612313,301,0.2159468438538206,-59.74077391393591,-0.030977646369490925,a40816cd3fc6fb51e02ff88e71d879aefe2ff1631a7d9a82b3af3be7ab4144cd,15.0
2003-09-10 to 2014-12-31 (eleven years),1412,88,0.04,1.0,-91.84255285922038,975,0.20102564102564102,-95.41433017250054,-0.4629758732654031,356cc14671ec60e22f42f4ba0e68e2edabd9e7aedee0cd608cf665a9381b6380,12.6
2003-09-10 to 2014-12-31 (eleven years),1413,88,0.04,1.5,-81.43157673369552,727,0.19807427785419532,-89.5069095275801,-0.3501060013109618,32cd37bdd6bf4678c90371af5b6670599d2a5330207a348b52acaa947c49f348,14.1
2003-09-10 to 2014-12-31 (eleven years),1414,88,0.04,2.0,-69.81799664520253,526,0.19961977186311788,-82.92275122274803,-0.28776751759276037,e6a9b013dbe05ae0ecdd75ab04aac638fd1b9ef888feb607df48e24fd42f0c34,15.1
2003-09-10 to 2014-12-31 (eleven years),1415,88,0.04,2.5,53.11328333468257,377,0.23607427055702918,-52.06583436653982,0.31030570377258176,1363327c00a2875335d0d489a25676954b353ec90e7634ea6b9a9483f9eb8826,17.8
2003-09-10 to 2014-12-31 (eleven years),1416,88,0.06,1.0,-99.24241861738133,1288,0.18944099378881987,-99.67196630427873,-0.9166248121320507,df89d34b7204003c4d81cfe7fb70614967b93118aac86eebb3b85a877d25353f,13.2
2003-09-10 to 2014-12-31 (eleven years),1417,88,0.06,1.5,-75.14620322360163,876,0.20776255707762556,-82.75939875207712,-0.20095575831842843,f3ff413de5b70970c9232450afe431d802b3cd6b321195ebc58c94e1a704176b,15.3
2003-09-10 to 2014-12-31 (eleven years),1418,88,0.06,2.0,-12.618651783877826,544,0.22058823529411764,-63.64481131646285,0.1084340151589732,cd65c5325b051bb9ea0bb87ba8d5a50ef676881a5eca3210630cd7eb9efb8c91,17.4
2003-09-10 to 2014-12-31 (eleven years),1419,88,0.06,2.5,55.54144961071788,347,0.23631123919308358,-42.47722426296547,0.3182729136997068,ca697e7826b0b5eab9d7c00f3df98aa4c38bfe06f95ffa846318c20aedfac549,19.0
2003-09-10 to 2014-12-31 (eleven years),1420,88,0.1,1.0,-99.3937462868221,1783,0.19293325855300056,-99.80760754719272,-0.7510126892939607,2e78c6bf47d3f12f73cfcf36eaccb7e3413f69e5e37552b3bcbb196ac56e8ad4,15.2
2003-09-10 to 2014-12-31 (eleven years),1421,88,0.1,1.5,-89.55922687476566,1033,0.1994191674733785,-97.15745154172826,-0.371858697901537,d77c8c45885320046f252b926359237711342e68c60759ef1ea5acdae32f08df,18.3
2003-09-10 to 2014-12-31 (eleven years),1422,88,0.1,2.0,-0.3347535558136406,617,0.22204213938411668,-65.69611557264041,0.16174614713881938,dfe1a4ec59388168d40680c54b2fbe84dac8cca38fb6002bd841db26b81d1f0d,18.2
2003-09-10 to 2014-12-31 (eleven years),1423,88,0.1,2.5,131.03349282660145,384,0.24479166666666666,-55.800229561594314,0.48571887192664864,4bdaff75a3de6b036d282845dfc537bd2f2e83014c7a77682d094ff98a389655,18.9
2003-09-10 to 2014-12-31 (eleven years),1424,89,0.02,1.0,-93.22052846042685,547,0.170018281535649,-94.30301124021128,-0.8537532771820786,0b0604868efa639963469377128bebfc284235fa8d5ed6c770b4091f91bc80ec,10.8
2003-09-10 to 2014-12-31 (eleven years),1425,89,0.02,1.5,-85.40332448513512,461,0.175704989154013,-89.43107504319967,-0.6460974796224536,f247c8d28b3c42ffbed189d28d9a38af81b02597cad30ebd1b4ab0a34eaefb90,11.6
2003-09-10 to 2014-12-31 (eleven years),1426,89,0.02,2.0,-70.50542325071987,376,0.18351063829787234,-84.71402556653752,-0.4081699982526844,e24c59e6bf4f40742036cc240cf820300ca1cf84952bd01cd3eadad96df40ad1,13.6
2003-09-10 to 2014-12-31 (eleven years),1427,89,0.02,2.5,-50.08950713514642,288,0.19791666666666666,-72.70642306486084,-0.21807163865941823,2141c854a088f218d3155490061317b9c0b040b79dabeaa39219f103fb1a5e4b,16.5
2003-09-10 to 2014-12-31 (eleven years),1428,89,0.04,1.0,-99.21085135274413,984,0.17784552845528456,-99.47134922878563,-1.055602389801475,0a070d46dd7df2781ec516888c0b16ef80b2580d01e7dfd40e5fc39c2aa785f9,12.9
2003-09-10 to 2014-12-31 (eleven years),1429,89,0.04,1.5,-89.01971342679334,727,0.1953232462173315,-94.18672465211253,-0.5049794470121935,0dcd70f19c742f9f5f305ed560581bbe34e8f8e9d22c2545716abf22a753272b,15.9
2003-09-10 to 2014-12-31 (eleven years),1430,89,0.04,2.0,-67.38275081386794,524,0.20038167938931298,-75.95536888644419,-0.2503177716367922,60b5df7a8cabef18f3d98373ee7e80a7e39e0bbdd94dfc400e72a1490569db60,17.8
2003-09-10 to 2014-12-31 (eleven years),1431,89,0.04,2.5,-40.360483821334434,341,0.20821114369501467,-66.12745129240825,-0.101437492205717,96b7d148147af9c85b5ecda50d4c395fad1bb06ff0fdaea7e0b78029697f6e7d,18.9
2003-09-10 to 2014-12-31 (eleven years),1432,89,0.06,1.0,-99.41422041559035,1339,0.1859596713965646,-99.65658939843566,-0.9464977259402246,dea73a48f83f08708c20588715ceb2ab37a3f98788ca9f4fff39ba7d4db4eb38,15.0
2003-09-10 to 2014-12-31 (eleven years),1433,89,0.06,1.5,-67.9944942567118,890,0.2101123595505618,-84.67857283477849,-0.1253412093864204,396c14f49633d12be56914a4399cd0e85dc5814844e44c76878441ac1a05a551,16.8
2003-09-10 to 2014-12-31 (eleven years),1434,89,0.06,2.0,-43.65436833533812,646,0.21207430340557276,-83.02079570524522,-0.03061426863844664,8a79a8dfefd59d8835e5dd633278e9725f6625885dfa9f23df9629eadb1acd14,17.1
2003-09-10 to 2014-12-31 (eleven years),1435,89,0.06,2.5,-29.00425481879301,418,0.21291866028708134,-72.2629217465464,-0.016008451556156135,7db53433a36f1e3dfbc07977f3e7eac25d84508910b692a87d132a0cabf579bc,17.5
2003-09-10 to 2014-12-31 (eleven years),1436,89,0.1,1.0,-99.95160842038867,1831,0.1813216821409066,-99.97231133566925,-1.3038072980395528,ad07deb6db9740ea70495bdcdc4bc6ff97f9a56288c1a94460528fb3751e6a1e,14.8
2003-09-10 to 2014-12-31 (eleven years),1437,89,0.1,1.5,-99.14406467177054,1142,0.17600700525394045,-99.50263595315832,-1.0157971133651769,265f7d2d7ffd8c6c80b4f5079d918bb8ef369f84b25bafeff0e9a3846d0ac8e1,17.2
2003-09-10 to 2014-12-31 (eleven years),1438,89,0.1,2.0,-50.62751855577026,678,0.20943952802359883,-77.00967871602951,-0.05773830493219791,3f050714646f5bb2acd3779667defa0c168a0946299a9e84faf4b89f6d6428a1,18.2
2003-09-10 to 2014-12-31 (eleven years),1439,89,0.1,2.5,21.834080302247045,449,0.22494432071269488,-51.87403444148144,0.21727969066111705,2f399f8608bdd501ce244bdaf744049e257f063b5aa5dd66687d1d496613e115,20.0
2003-09-10 to 2014-12-31 (eleven years),1440,90,0.02,1.0,-96.09235441027823,524,0.16030534351145037,-97.25040926972471,-1.0975589890753867,983c1593b9876c515c93234b2bac139a19377216d498f95b2016089865059380,10.2
2003-09-10 to 2014-12-31 (eleven years),1441,90,0.02,1.5,-78.84995107941857,445,0.18876404494382024,-85.38935514814635,-0.5045235390833923,1839c3e8bee4b38a1fea027827769c28a95c3fae526dfed13809b58504a80951,11.6
2003-09-10 to 2014-12-31 (eleven years),1442,90,0.02,2.0,-36.61134402913901,348,0.20977011494252873,-65.3016780935797,-0.08647054055234749,1849de532527975c34516b211eb807e9193844918c558532f3ffa2caf84d1b35,14.5
2003-09-10 to 2014-12-31 (eleven years),1443,90,0.02,2.5,-24.624608533216254,282,0.2127659574468085,-53.896544100142144,-0.03623917897808181,d49dab3970e9478dbe9cb0a626f7a7317e99c4c6b12bdee1584a4d36e27a1a1e,15.0
2003-09-10 to 2014-12-31 (eleven years),1444,90,0.04,1.0,-89.97054725539921,950,0.20105263157894737,-95.17984673888063,-0.39720996152953597,4c509f1b0475e13b9a9dae38c32b297f3bb2d1de2cbb4502eca675f75896b694,13.0
2003-09-10 to 2014-12-31 (eleven years),1445,90,0.04,1.5,-83.0209012508935,721,0.19833564493758668,-93.04557520467456,-0.37214911144017043,2373ba42ba7d3863da1b99f7ae8152b7f0418888615671fbe40153560a999d41,14.9
2003-09-10 to 2014-12-31 (eleven years),1446,90,0.04,2.0,-63.220983495355156,537,0.2048417132216015,-83.52927454595344,-0.204628556049439,22c18bc93be8c9ec7b6b5335b13a6b27061c59623202cb18c622f8fe964d2aed,17.3
2003-09-10 to 2014-12-31 (eleven years),1447,90,0.04,2.5,11.58126860985091,355,0.22816901408450704,-47.902115400754965,0.17460092459133816,ee3e8e3c623f5c7aa331751d123f7ab59bcc8a420a80e12a51ba87a8ab39df7f,17.4
2003-09-10 to 2014-12-31 (eleven years),1448,90,0.06,1.0,-99.60208192579604,1287,0.18181818181818182,-99.6915209004538,-1.091454241311502,e9efdf494af491ed8227d2bba3e4095699ac3cfb40f5b6a52d9e18a281fcfff7,13.7
2003-09-10 to 2014-12-31 (eleven years),1449,90,0.06,1.5,-96.81507701931974,871,0.182548794489093,-97.47739074520089,-0.8072131534881198,9116535f5258f69ee5f8edd8100620bec6841f42b6c53a23c46433dd928bce4b,16.7
2003-09-10 to 2014-12-31 (eleven years),1450,90,0.06,2.0,-83.97562302135276,534,0.18726591760299627,-86.41704035283901,-0.49904271049161086,4abc60c7cdf0e190e226005ef224f540f6339ebb4a0222c040b2f9da23118113,16.9
2003-09-10 to 2014-12-31 (eleven years),1451,90,0.06,2.5,-35.60124227347328,365,0.20821917808219179,-59.55819624938391,-0.062400582959367734,89f9b25de8301d024c928e0512988ea5334bb48694f267f593d7ffcb10ff8599,17.6
2003-09-10 to 2014-12-31 (eleven years),1452,90,0.1,1.0,-99.9017217478961,1818,0.18756875687568758,-99.95759868054698,-1.0915599485954421,b69ada814bb69b837dd58c383a1e5ab29535b7427efeb716b38c277dab0858de,15.5
2003-09-10 to 2014-12-31 (eleven years),1453,90,0.1,1.5,-93.9695692450061,1080,0.1925925925925926,-94.93642460048792,-0.5031388723925599,0feb2d47881f83d50032382391fd74556e60aea646cb1b2428df8d575c3d7fe6,16.4
2003-09-10 to 2014-12-31 (eleven years),1454,90,0.1,2.0,-66.128521582255,632,0.20253164556962025,-75.44363588166179,-0.19571841596038442,32e75139a1ad30ff2de53d4a29e73a4e66702c060500f8f481549d742d4fb53d,18.6
2003-09-10 to 2014-12-31 (eleven years),1455,90,0.1,2.5,51.10483224937708,377,0.23342175066312998,-49.05049314246277,0.30498647103978993,1c326b8e4715fd3b4b8be9e1c71c9887e8545d2cd6be300fab684ac3b0d54479,18.7
2003-09-10 to 2014-12-31 (eleven years),1456,91,0.02,1.0,-98.02575556517425,569,0.15289982425307558,-98.64577719169773,-1.3238520005972623,099ac6926b3be89236b6600a0bee270f3f7206f96bc910f708c49a7421b55e80,10.8
2003-09-10 to 2014-12-31 (eleven years),1457,91,0.02,1.5,-89.813828421737,484,0.16942148760330578,-93.2016923317855,-0.7615392650749984,b6e5db7b9de2c861b2535c28d8452aa0cd82a220be9adfaa6fdc1cbcc43078cd,12.8
2003-09-10 to 2014-12-31 (eleven years),1458,91,0.02,2.0,-73.41749615990601,395,0.18227848101265823,-79.94025371238166,-0.4705637354988485,bd613c20514c8ad0a97e5f65dc98578e16dae2907158d6a34a94fd9daf4b1b5f,12.8
2003-09-10 to 2014-12-31 (eleven years),1459,91,0.02,2.5,-31.46259265925281,299,0.20735785953177258,-69.6933879261006,-0.07949249266439302,acd0299aca730e44fc5ce90050c4ce9b2b9e0ea6a0f0d8094a8e9b012975f392,14.2
2003-09-10 to 2014-12-31 (eleven years),1460,91,0.04,1.0,-99.35456498590757,983,0.1698880976602238,-99.38613742266845,-1.2390445171215185,c4406e054f9c69fc1664e4a6e30d7a8c8bf284dfa9e70efebd34481befb3fb3c,11.9
2003-09-10 to 2014-12-31 (eleven years),1461,91,0.04,1.5,-93.80795948632549,747,0.18072289156626506,-94.12263951148732,-0.7179414519839635,e7d37e416c647b1ba16895c43e1aa465bc99f9393d8d35e365062153978a0e6e,14.1
2003-09-10 to 2014-12-31 (eleven years),1462,91,0.04,2.0,-88.96138307849874,549,0.18032786885245902,-91.15340975441866,-0.6626671499541551,5974ee1f71923cbd18fd5a155fe4204dcf8b84496426e54fd49951bfe1824574,15.2
2003-09-10 to 2014-12-31 (eleven years),1463,91,0.04,2.5,-37.330071834259115,347,0.207492795389049,-64.67990850166171,-0.07752216950541636,9d5b85e9d949ab783fc273b6798e7c8095c3c1161f668a72df229a42ecbd50d5,16.8
2003-09-10 to 2014-12-31 (eleven years),1464,91,0.06,1.0,-99.65911919036469,1339,0.18147871545929797,-99.72933362571713,-1.1412939934176292,246f7b2e7b5cc0c3bfd931cb613427d9da31d9482bd8d12681968f48790eb72a,13.4
2003-09-10 to 2014-12-31 (eleven years),1465,91,0.06,1.5,-91.15371980300817,923,0.19609967497291442,-94.12058521018731,-0.49813358882094255,377c31ba59b1ef38fdf4c463f30f354f9ce200cd4b523a8111e0cb55c4bb4cc1,15.0
2003-09-10 to 2014-12-31 (eleven years),1466,91,0.06,2.0,-39.5814615799242,597,0.21440536013400335,-72.08220411362835,-0.016985633861793862,f779faf309fdf69bb18485098cee330a0125a77fdb47b327135bc90779cc47e6,17.3
2003-09-10 to 2014-12-31 (eleven years),1467,91,0.06,2.5,-37.035674634690906,428,0.21261682242990654,-72.70104592547808,-0.04893515223717724,4c2d9ea8ceef4650648ca63db38f1f4b899bca786ce0f947578c9d7c43496609,18.7
2003-09-10 to 2014-12-31 (eleven years),1468,91,0.1,1.0,-99.38832857279198,1856,0.19558189655172414,-99.59703342496438,-0.7166941801626303,446cdd8561a07080cd10cb00e603c436c365da826259eae5b22213799e5cdfd5,15.6
2003-09-10 to 2014-12-31 (eleven years),1469,91,0.1,1.5,-89.99795043359045,1130,0.19823008849557522,-95.08594597616286,-0.3625491182278739,0bc8b3f7ac33c2e2294d5232bd94f66479abf816b8fdd2d017096ee46a61dc78,17.9
2003-09-10 to 2014-12-31 (eleven years),1470,91,0.1,2.0,-30.907513383048002,698,0.2134670487106017,-77.22377580805421,0.05323592958799285,a86b7609609fe415336742b2c47fa40c5850959e9b0132fd938ee1676aa76982,19.0
2003-09-10 to 2014-12-31 (eleven years),1471,91,0.1,2.5,35.26604079431325,422,0.22748815165876776,-54.65588081860957,0.25805230803542817,419c1d2a5187931496b11111f25adece58b9981520ff51df524724111034852a,20.6
2003-09-10 to 2014-12-31 (eleven years),1472,92,0.02,1.0,-94.70525199048335,576,0.1753472222222222,-96.03409316685594,-0.8528688743868718,9cfdff415597039abae1fe36eaa9c4723e7241b44329a49aec0a3f7f64f88b35,9.5
2003-09-10 to 2014-12-31 (eleven years),1473,92,0.02,1.5,-51.64391135430564,499,0.20841683366733466,-83.52526374032341,-0.1322627240212009,b80a72cb609def416a39af01b0cd76e4d935c16b54f30f800799d582e3f6dc57,13.0
2003-09-10 to 2014-12-31 (eleven years),1474,92,0.02,2.0,-26.318543920051113,394,0.21573604060913706,-72.66216862955592,0.0012758809846343932,c33d115cb456da6eb9201f403ae5dbd01e9fc623e86c70477d1e765bd910ac67,15.1
2003-09-10 to 2014-12-31 (eleven years),1475,92,0.02,2.5,-37.846261747425885,307,0.20521172638436483,-65.03765806087132,-0.1184742441514718,682542a9985432758067c968d4223c7078237472745668265da00ad6620baf19,15.6
2003-09-10 to 2014-12-31 (eleven years),1476,92,0.04,1.0,-99.59938028747332,1015,0.16945812807881774,-99.73490300610628,-1.3088999703154311,22c0a9d91da642b14e1285f621b13fcb0ffe3f595f5e5fa1f79a6cfb279abbc4,13.5
2003-09-10 to 2014-12-31 (eleven years),1477,92,0.04,1.5,-85.87333390810687,729,0.1906721536351166,-90.92273509380256,-0.4548409371470213,845aa62a26156a61fb86e8413f54d0d552d889b1caeafaa0a680e0927c001be4,15.4
2003-09-10 to 2014-12-31 (eleven years),1478,92,0.04,2.0,-61.15927414549102,510,0.1980392156862745,-76.76223632882774,-0.226619105538318,d55066d757866e6a1b21f8b7f73340f7ad5664fd1c2ae260490e1f7d46b70ff3,16.7
2003-09-10 to 2014-12-31 (eleven years),1479,92,0.04,2.5,-2.979670895182953,357,0.2184873949579832,-63.35533036001924,0.10830685522576183,30b2306fa5e072dc2b6c01c59f7f5e27af648327ce9989f442fef9a2daba45ea,17.9
2003-09-10 to 2014-12-31 (eleven years),1480,92,0.06,1.0,-99.13999792849005,1329,0.18961625282167044,-99.56349997129075,-0.9010267493886056,6762ffe7bc0f6e7b64b29bdd30e5d0e084d82590ee697cccf88c3a310b3254c7,13.9
2003-09-10 to 2014-12-31 (eleven years),1481,92,0.06,1.5,-85.02707215265971,872,0.19724770642201836,-89.94893321239128,-0.35810880897022807,457730f6a83b0d009608c06f838a77c7cba50dd532516979142af8229ec8efc7,15.7
2003-09-10 to 2014-12-31 (eleven years),1482,92,0.06,2.0,-0.719556425192568,557,0.22262118491921004,-65.02124714861995,0.1554128713094076,aa44ac9dd56b9247b8b7a482ec1f3c8939f58f6f4e8e26d5c297038face6e385,17.4
2003-09-10 to 2014-12-31 (eleven years),1483,92,0.06,2.5,28.352977114102195,417,0.2302158273381295,-56.02480526681013,0.23621501658866395,959b5e8cc0f357655b51c0448b50e9005787189018241c44cbe0519bf59235b2,18.2
2003-09-10 to 2014-12-31 (eleven years),1484,92,0.1,1.0,-99.38264403723936,1788,0.19574944071588368,-99.81867461974039,-0.7352660756035319,10e236ec48dcfb9ac6dda3b92e01c4a8a5bd7c41c3bcfa040e0b5bc556cec4d7,16.0
2003-09-10 to 2014-12-31 (eleven years),1485,92,0.1,1.5,-91.53626818835977,1094,0.19744058500914077,-96.34200347128832,-0.4275215440272372,b72fc45bf21ea399400048af681c58c798834660c41cdc857a0fd8fe5d7637ae,17.9
2003-09-10 to 2014-12-31 (eleven years),1486,92,0.1,2.0,-13.910948905400547,658,0.21732522796352582,-80.18941639324402,0.1178051605421967,10d3139d783447119034958af230dc1e41239618e20c87ce31c26f7ee9dcef9f,18.3
2003-09-10 to 2014-12-31 (eleven years),1487,92,0.1,2.5,67.97053506531925,390,0.23333333333333334,-50.267418155999344,0.3465229740894222,fda2480e32ea50c10875ed6f3637f5efd70449c2f886cb1204f0040770f05fbe,19.8
2003-09-10 to 2014-12-31 (eleven years),1488,93,0.02,1.0,-86.69978918551656,567,0.18871252204585537,-88.58053407322767,-0.5720635723294774,c19ce36f670a0baec793ee8009237dd398f995a4f174835f3780b702337d7639,9.8
2003-09-10 to 2014-12-31 (eleven years),1489,93,0.02,1.5,-78.72096398356956,476,0.18907563025210083,-79.24621481833536,-0.47300266724253714,902e745c79fd1b1f0b1e00498dc9edcfa48e79ae9c33906be2acbd001ccbc162,11.5
2003-09-10 to 2014-12-31 (eleven years),1490,93,0.02,2.0,-51.84622428545407,391,0.19948849104859334,-64.13063306366449,-0.20126865052708542,92cd4247279fff6866ba1e775f955a076ed0fb12f03174b3b4e0dd55d6e522e1,13.7
2003-09-10 to 2014-12-31 (eleven years),1491,93,0.02,2.5,-3.7847635125312764,305,0.21639344262295082,-54.45626507861998,0.09160887253817665,ce773449ecac8b46c736c0f9f7803779b35e90f08002b8e27e2b2041bccf8097,15.1
2003-09-10 to 2014-12-31 (eleven years),1492,93,0.04,1.0,-95.45393718874018,980,0.18877551020408162,-97.84560468737634,-0.6031528679714063,2b12d833ab68257386e59437edfcb45d4a3bac220c7ad13865b41a1e3d2e2da2,12.5
2003-09-10 to 2014-12-31 (eleven years),1493,93,0.04,1.5,-71.6433244662088,711,0.2011251758087201,-91.87222519892035,-0.21997591164193003,e21840695169282d706d891f8fab1c6348efb8d0cd986dcdc5dd45994b148a3a,15.0
2003-09-10 to 2014-12-31 (eleven years),1494,93,0.04,2.0,25.401122010213058,496,0.22379032258064516,-58.87360947924501,0.23031537866379231,80b8a55026997029ea72443f2e3b7cfd82da9a29d688512a0ca7e7da4652ef7a,16.4
2003-09-10 to 2014-12-31 (eleven years),1495,93,0.04,2.5,57.23001825790494,358,0.23184357541899442,-61.66893981891499,0.32472222818938873,9b2ba04395afe9a9fe75212d6e1ba8e3a8bed40456f33728d7a03bd9c047982f,17.2
2003-09-10 to 2014-12-31 (eleven years),1496,93,0.06,1.0,-98.96125764018716,1373,0.18936635105608157,-99.74154490497502,-0.8473880938536775,8fa08c5e7bc2099786edb9a0af412fa5c39c35ab283aeb36785dcc59a3554d5d,13.8
2003-09-10 to 2014-12-31 (eleven years),1497,93,0.06,1.5,-96.66108986540189,914,0.1838074398249453,-98.47986434922994,-0.7680959014416658,df5ee8562e65c902104d46556abdf9de49490e632bafea5012e6a2e3bbe3b428,14.9
2003-09-10 to 2014-12-31 (eleven years),1498,93,0.06,2.0,-70.01086187831727,593,0.19898819561551434,-80.78847756046493,-0.26118201836274785,1d8d6f75207d7907b94037c960bd5f7495f947484481e7b31eac14a4ca8f4344,17.1
2003-09-10 to 2014-12-31 (eleven years),1499,93,0.06,2.5,-38.376796592722904,388,0.20618556701030927,-74.31578155019452,-0.08098486031901683,15206be23eaab37745186efd58df71c283d8d3640c9870b7aff4d444bc2de35d,19.0
2003-09-10 to 2014-12-31 (eleven years),1500,93,0.1,1.0,-99.05675134950083,1787,0.1969781757134863,-99.41232094585008,-0.6779442483469871,c20226f67212a2b4b755d95adb69b0c07e0a009031b982776dfc29f93866b257,14.8
2003-09-10 to 2014-12-31 (eleven years),1501,93,0.1,1.5,-90.68360724022914,1010,0.19504950495049506,-95.12471877048495,-0.42586968150908067,82d1f46eb6822de7b318efea186fc61032e45eaf960b7ce05ebffaf3b86ac243,18.3
2003-09-10 to 2014-12-31 (eleven years),1502,93,0.1,2.0,-53.02595724789351,611,0.2078559738134206,-77.76042172129969,-0.09700968396086111,8df8d8f1472a6ead95fb797f96a24f7a6236331da396f863c4b6c5a6b443f4a9,18.4
2003-09-10 to 2014-12-31 (eleven years),1503,93,0.1,2.5,-10.876967473774608,364,0.21703296703296704,-49.97614841920228,0.07510893158579,36b93985ff08498cf18a2dc5e4684e0c567f87de675740da89bfff1b63c9d719,18.7
2003-09-10 to 2014-12-31 (eleven years),1504,94,0.02,1.0,-85.63441182679966,564,0.18617021276595744,-90.10585684940453,-0.51538353309928,b198cdd56db03c35f1c07a7684afdb6826e304f2f7cdd15aba2a034d3ce2a2b8,9.4
2003-09-10 to 2014-12-31 (eleven years),1505,94,0.02,1.5,-79.79582312180868,479,0.1837160751565762,-85.83696743263769,-0.46670324587464945,2c500621c1ab593aaf2e824de8b9f5576da8e53d5719804c7cab6bb6dc638fb9,11.5
2003-09-10 to 2014-12-31 (eleven years),1506,94,0.02,2.0,-29.02718582106334,374,0.20855614973262032,-53.350413512405524,-0.026867133977460163,45ce23f76c322c3c7dd308dfe89d9e31a49641f8d7993042535850aab4c07771,14.0
2003-09-10 to 2014-12-31 (eleven years),1507,94,0.02,2.5,-15.688325670363323,276,0.21014492753623187,-65.09046185533933,0.030374217043015576,6f16b99c182d4f492ee7396ce1488cce74dfdb511a3241b8b8973a989803c6f7,15.4
2003-09-10 to 2014-12-31 (eleven years),1508,94,0.04,1.0,-98.68091934290769,1017,0.18387413962635202,-98.94381975148656,-0.9380404632150888,cb8d73063207a2aad2145c6a91f4ae834c7cd1f5e18f9e34dc9e91aec310a158,12.4
2003-09-10 to 2014-12-31 (eleven years),1509,94,0.04,1.5,-82.64453334165417,713,0.19915848527349228,-90.45680882773557,-0.39077688446034914,2b1a79e385cae9dc29f50b450a45356a8d5ef2d067dc8bea85ace3051b455b03,15.1
2003-09-10 to 2014-12-31 (eleven years),1510,94,0.04,2.0,-61.38948053199507,498,0.20080321285140562,-78.09816282805261,-0.20985071028619795,cfe28a98bd5caa6de2f01333588c1ec4ee26bfde828b24b407af725d593c90ac,16.5
2003-09-10 to 2014-12-31 (eleven years),1511,94,0.04,2.5,-39.625364395759625,373,0.20911528150134048,-73.84856604769595,-0.10558436150794341,6e3cb78653b0080aaee50b4b33580aea2634776b4ba6816bef534deff36b5674,17.5
2003-09-10 to 2014-12-31 (eleven years),1512,94,0.06,1.0,-99.52230871489208,1336,0.18338323353293412,-99.73658785857313,-1.0011811820889382,256936c1b5d9898bb0320d39b464b52462a370620c0dab01e4422c3152dfb647,12.8
2003-09-10 to 2014-12-31 (eleven years),1513,94,0.06,1.5,-86.73431044285697,886,0.19751693002257337,-91.24368114737564,-0.3741354463425649,cc069b94b77ffbe4e22a7c1046cff21eba34f08454be844c184776632a0332de,14.8
2003-09-10 to 2014-12-31 (eleven years),1514,94,0.06,2.0,-35.55521423886567,567,0.21340388007054673,-74.11063953402416,0.009804141201375495,2303135703a67151e7ef4fc3f3202cb917deafb6c525f61d9ce424a2ae5cbdb8,16.7
2003-09-10 to 2014-12-31 (eleven years),1515,94,0.06,2.5,-7.646186824152832,407,0.21867321867321868,-64.03886877573504,0.10007236909436824,6c7c8eedeb82e1c4ebd3d8ff1b1cadf263424295c79815668028a0ea5e53ba6a,17.8
2003-09-10 to 2014-12-31 (eleven years),1516,94,0.1,1.0,-99.82094077637956,1820,0.1901098901098901,-99.89056199064524,-0.9909151048052811,1c7ffc8aa9dcc104058452b3b9559a19321c27f5cdab0a01365bf8dfdc276ca3,16.5
2003-09-10 to 2014-12-31 (eleven years),1517,94,0.1,1.5,-91.54873343229451,1030,0.19611650485436893,-95.54291359979052,-0.4308419139689913,f04ab33419015e6fdcd61e59a7aa45f95b4239a082e51aae09aa9bec6db8351e,19.4
2003-09-10 to 2014-12-31 (eleven years),1518,94,0.1,2.0,-36.23226031268648,641,0.2121684867394696,-78.66470648976347,0.018673595647889066,e096be8097e4169f31aee0b66b387eb7ae3766fd376aa26930046f0f7ff8b1e8,20.8
2003-09-10 to 2014-12-31 (eleven years),1519,94,0.1,2.5,48.07183999974846,414,0.2318840579710145,-48.31814381468267,0.29505486574688644,56be83f5a8c41b6ccd61966a3b2983ba7b1e0f3b89d476182bbc36a1ecfd55c5,20.3
2003-09-10 to 2014-12-31 (eleven years),1520,95,0.02,1.0,-94.25988380466028,586,0.17747440273037543,-94.49800905472495,-0.8343122581364822,3c0085eec4d5f61bba7c6cfd29069c698259c3a09b798ef999dd87991da744bd,11.6
2003-09-10 to 2014-12-31 (eleven years),1521,95,0.02,1.5,-77.3788310274687,476,0.19117647058823528,-78.97629557557283,-0.45400861829007516,16af42688c52f060dd0eaa50f3fe15343f67cccf95b28bfa414862051d75ada3,13.6
2003-09-10 to 2014-12-31 (eleven years),1522,95,0.02,2.0,-30.316595937706058,372,0.21236559139784947,-59.68399687118649,-0.034917114622522415,52663fdcad4f77c3099e0c90c98e24adcd0553029e7131dc61ffa9e56451ca83,13.7
2003-09-10 to 2014-12-31 (eleven years),1523,95,0.02,2.5,7.805280402662802,275,0.22545454545454546,-48.92333636119112,0.14592242512310705,4632e664520e753e61c93005eefd8226e81f4e4b8b1550f4f2f8d836d2e08a4c,15.7
2003-09-10 to 2014-12-31 (eleven years),1524,95,0.04,1.0,-96.54357558269008,982,0.18737270875763748,-98.09206001168413,-0.7284768997189044,c28a64732b7c310af623253c0e5416b1fba908d25204f59454a71213b6a4159d,13.0
2003-09-10 to 2014-12-31 (eleven years),1525,95,0.04,1.5,-57.64079700685415,722,0.2077562326869806,-88.28805028089289,-0.09730294835592086,06e115acfe1c06cbdf68dc65a61a7a8d092624539cc7ffd4b4794f62df22491a,14.2
2003-09-10 to 2014-12-31 (eleven years),1526,95,0.04,2.0,-28.53990595335279,532,0.212406015037594,-79.64833201952854,0.023694395684413862,06f50a7cadf86f752427e31137cbc2ee5ea70faa57b4adeec7cff515d83e7885,15.1
2003-09-10 to 2014-12-31 (eleven years),1527,95,0.04,2.5,30.682245035608364,337,0.228486646884273,-63.812245675313186,0.24262744723273508,140df66c6c5dfa1ff445efc186417a18c48a77cdf551b820ad94e74dd6d8e8f6,18.0
2003-09-10 to 2014-12-31 (eleven years),1528,95,0.06,1.0,-95.61485246632554,1334,0.20089955022488756,-97.00150195354385,-0.4740930546799951,1d6b220fe3940323bff65c8c75ff440ece8f01421f16d9711071917cfa1bbf1f,13.3
2003-09-10 to 2014-12-31 (eleven years),1529,95,0.06,1.5,-84.54070925710097,894,0.20134228187919462,-91.75502376173846,-0.3249856253617072,8f8ba166b58cd9848adca3a1bc6d464117bbb14d60b5aa22119587dfcf8e78f8,15.9
2003-09-10 to 2014-12-31 (eleven years),1530,95,0.06,2.0,-80.22828819389916,590,0.19491525423728814,-85.75141789883949,-0.4123202912115973,8f01aa460b957d9369e2af53d4364cbf75a86c8b17f19c2900facf7bb4153e83,17.3
2003-09-10 to 2014-12-31 (eleven years),1531,95,0.06,2.5,4.311035034186162,368,0.22554347826086957,-54.18691885465192,0.14656071452236938,accc39b88522b7be4e70b9644b92fc3efad3671deeeffc02356044f6b8c405d3,18.3
2003-09-10 to 2014-12-31 (eleven years),1532,95,0.1,1.0,-99.8940603568504,1803,0.18635607321131448,-99.9019018806388,-1.1136498397413201,729d77c007d06cff8807104b1b19d092db5833b51d1e812d732b50b11b3a90e2,15.1
2003-09-10 to 2014-12-31 (eleven years),1533,95,0.1,1.5,-96.6066125930555,1123,0.18967052537845058,-97.75053485846887,-0.6667119414876024,f8c2577fec02ee68624d337c0808fbc1187bded21a5279860c46d15203c967d3,17.5
2003-09-10 to 2014-12-31 (eleven years),1534,95,0.1,2.0,-28.767457418262403,619,0.21324717285945072,-67.83892201174437,0.04927354982882535,a6a153ab1801b769ad9d4e0907719f0542a7c594eb2c2f87ace86d1dc6fc4a1d,18.3
2003-09-10 to 2014-12-31 (eleven years),1535,95,0.1,2.5,-26.435387412993645,383,0.21148825065274152,-50.66628358366376,-0.004593373461374432,3e804b90f807a5dacf5b4372f41a1b7b4a57f44ed93747c7203da5e38defa63c,19.7
2003-09-10 to 2014-12-31 (eleven years),1536,96,0.02,1.0,-91.38964317255778,582,0.18384879725085912,-95.7496415531047,-0.7392356805249245,ad5c23c6cf8fa558554c2b7e8d0d7abfa11cebd8770cac64e4f2c20dce6a5ab7,10.1
2003-09-10 to 2014-12-31 (eleven years),1537,96,0.02,1.5,-82.36552151967594,488,0.1885245901639344,-91.53543663400436,-0.5211131450439528,c7a2e731a321521bce58d9126141b53f171706e4efbf268cbc1f1042a962018b,12.6
2003-09-10 to 2014-12-31 (eleven years),1538,96,0.02,2.0,-36.49943401068111,370,0.21081081081081082,-76.95091093627295,-0.08066204967295597,26769b37ecf0cee7038aabc98c7f5d1f96b1c103b67ee80b569ce2ab72b3d863,14.0
2003-09-10 to 2014-12-31 (eleven years),1539,96,0.02,2.5,-27.724739197362304,297,0.20875420875420875,-69.48505846083492,-0.04437169958296583,b56cfe41e7872c46b95611aacc877424d4aef298a4252d24457e9c3aa94e8c84,15.3
2003-09-10 to 2014-12-31 (eleven years),1540,96,0.04,1.0,-94.5591030084016,989,0.1890798786653185,-98.25726862688245,-0.607582157951486,a6d5fbba55aec228d1972d72ef901606a34a2694f39af820748f9638e3bc9109,13.0
2003-09-10 to 2014-12-31 (eleven years),1541,96,0.04,1.5,-49.27340945954886,727,0.21182943603851445,-75.32472521530991,-0.037409564350786115,424dc61fa7aa9fa58458b1f14e884b22d89aa84537e2ddc11707d7af1029547a,14.0
2003-09-10 to 2014-12-31 (eleven years),1542,96,0.04,2.0,-23.460466793868452,516,0.2189922480620155,-64.31827165635744,0.042790928259641384,0d1c678270a6dce7bb70a511155c54cb8b35148b7d499473d6eb3c591988a5da,16.6
2003-09-10 to 2014-12-31 (eleven years),1543,96,0.04,2.5,36.16317429743366,370,0.23243243243243245,-38.966083709923474,0.2611769681873715,92288c80b0a90111242e696695726849bac39592408ea3aa69ecc854d1fc361f,16.3
2003-09-10 to 2014-12-31 (eleven years),1544,96,0.06,1.0,-97.9785699131799,1380,0.19710144927536233,-99.19745734180681,-0.6454123426858976,001221824bcb768869c645a665ef1b1ae18696e73fdbd26d679749f9943c401f,13.6
2003-09-10 to 2014-12-31 (eleven years),1545,96,0.06,1.5,-24.70015173513735,886,0.2178329571106095,-80.57050931789469,0.12005833719727886,fd811d23fb25d3ba043d58dca8b0736fdbacc37e568dbf8fd3f27ae6e29ed26c,16.2
2003-09-10 to 2014-12-31 (eleven years),1546,96,0.06,2.0,172.39718283023285,551,0.2413793103448276,-61.874439059392806,0.5005732184752893,a671eaeac8a33eb4dc5c006ec5a48bc2dd31eb2bebd06dbcc03cec35b4782960,17.3
2003-09-10 to 2014-12-31 (eleven years),1547,96,0.06,2.5,67.20064599417425,346,0.23699421965317918,-46.01401007037854,0.347960895171822,f1ae9a72c9035cf7eb2ce871c6abca76c94548afd3f7e3d1c04629271627a0a4,19.0
2003-09-10 to 2014-12-31 (eleven years),1548,96,0.1,1.0,-99.9485458283401,1857,0.17985998922994076,-99.97900929895873,-1.2153643189992653,efc2c2e67f6faffafd862f5fd7e18d4e4e89a5b8df4f95f7bd527afdd691b0a0,15.2
2003-09-10 to 2014-12-31 (eleven years),1549,96,0.1,1.5,-96.89814960723147,1107,0.1878952122854562,-98.19241495554371,-0.676190108494332,a1ca39c3fa55ae9dd8dad585ccc569178a9c172bf35a8280fea8cbb50827da1c,16.7
2003-09-10 to 2014-12-31 (eleven years),1550,96,0.1,2.0,-32.241191712211034,666,0.2132132132132132,-73.59958718172425,0.03422366805494639,1136a0b6950223f8eee17539af5136a99ddc07d981c3f6924883f7346aa33e6c,17.6
2003-09-10 to 2014-12-31 (eleven years),1551,96,0.1,2.5,-23.26758278613582,411,0.2141119221411192,-54.128163836887154,0.02766788605419052,14b8cf2523962fe48ffbc6ec98799f2bebd74eb9ccaf38384081fdad875d55cb,20.0
2003-09-10 to 2014-12-31 (eleven years),1552,97,0.02,1.0,-83.55722136681548,549,0.18761384335154827,-89.92353876536552,-0.5252978565946658,1094311a76f9a45001274069b9bf4b84ac8e5fb60bf28f87f351dfa78eb4d45a,11.4
2003-09-10 to 2014-12-31 (eleven years),1553,97,0.02,1.5,-28.259869588866266,449,0.21158129175946547,-67.3508452539881,-0.0007147918951928925,d7288ab7ecc456955a5e62a21a6c239c4512f2cef4e9192a64920376cbdcaed2,12.5
2003-09-10 to 2014-12-31 (eleven years),1554,97,0.02,2.0,-7.518137541931461,340,0.21764705882352942,-56.48305059454093,0.09405359084291659,4d13923c22da890b91ec559b889ae50e7543b7c9dd33a5a6c3803a0375837cf2,14.4
2003-09-10 to 2014-12-31 (eleven years),1555,97,0.02,2.5,-29.700351636005433,291,0.20618556701030927,-54.64899853732803,-0.0638078440061889,f36e8a5312b6222586cb0989963443fca6e638dfe2b9f99a0aed557af3767b24,16.1
2003-09-10 to 2014-12-31 (eleven years),1556,97,0.04,1.0,-88.25261793220865,1014,0.1992110453648915,-95.06766677700467,-0.3638023999343605,a9d9af9ceba5f060d84d29f1f6d80d702ef70a6b5c6a35b9113da407a8a03535,11.9
2003-09-10 to 2014-12-31 (eleven years),1557,97,0.04,1.5,-57.74853772744771,736,0.20923913043478262,-83.82389765099929,-0.08830871964675313,c358a969d3af8de3e17783c2dd14274a92a81a00496e66e3b47dc65c90849eec,13.7
2003-09-10 to 2014-12-31 (eleven years),1558,97,0.04,2.0,7.082996693413539,535,0.2205607476635514,-74.31163908385926,0.17570429547580516,fb41b268b041ffdb9c7dc23672e86b15adfe7dbe2e2c8b433c080e861a5de3a7,15.4
2003-09-10 to 2014-12-31 (eleven years),1559,97,0.04,2.5,32.53690877974974,372,0.22849462365591397,-48.62710374244128,0.24890796959410091,b9bf1d52ef5933d516ac43fa210f2cb51066535d20351bc25eaee0b8e482d5ea,17.1
2003-09-10 to 2014-12-31 (eleven years),1560,97,0.06,1.0,-99.50281188613202,1338,0.18535127055306427,-99.6601848939386,-1.0119904370684425,2250aec1de6c4872c836c872c2b6e823802ecddf62023aa44982c570d96e1c48,14.3
2003-09-10 to 2014-12-31 (eleven years),1561,97,0.06,1.5,-86.95637576811478,902,0.1973392461197339,-90.13962117960578,-0.3667502563510559,3e8763d006b019bd17c2570ba9575dff61fe9055c7f37167d8cafd4c6f3ddd08,13.7
2003-09-10 to 2014-12-31 (eleven years),1562,97,0.06,2.0,-30.40152071586011,610,0.21475409836065573,-74.74077636577461,0.03850633881750864,103cd240705e89a5cdc794cbc7392dc302e038d7c52ca8a89f3dee6974a951d8,17.2
2003-09-10 to 2014-12-31 (eleven years),1563,97,0.06,2.5,37.60726554220735,391,0.23017902813299232,-68.14330613675233,0.26519878958901705,faf8ddeab78379a706d51504591462f1e5f8dc10a7760273f5f06e97a31c1ecb,18.3
2003-09-10 to 2014-12-31 (eleven years),1564,97,0.1,1.0,-99.7376497673214,1779,0.18943226531759416,-99.87833891109656,-0.9585786243932362,f0eeef0e44db10cbb99d5d0159895691ff09c9669eef0dc220357f8309489de1,15.1
2003-09-10 to 2014-12-31 (eleven years),1565,97,0.1,1.5,-93.48775857917553,1066,0.19418386491557224,-97.13305539783616,-0.5025273900029288,aa1adf92dd07b2439519c71e2e394c0c1bddcae3fbd241baa982d538e524f557,16.8
2003-09-10 to 2014-12-31 (eleven years),1566,97,0.1,2.0,-38.46121359943512,624,0.21153846153846154,-71.77341097031997,-0.011525627135285226,b52950400c7f346137af1d56555f75af17d657ea537354b2c63666a497bcba22,18.5
2003-09-10 to 2014-12-31 (eleven years),1567,97,0.1,2.5,31.2810246145473,415,0.22650602409638554,-47.54927574383224,0.2448159911571567,27cb1b95d335d470800d0fe98868d3307fbd0f17b679043531c495f0eba8ca01,17.4
2003-09-10 to 2014-12-31 (eleven years),1568,98,0.02,1.0,-78.02453670867678,557,0.20107719928186715,-82.65732489888168,-0.38354148736957105,5f2e68f232d36774df996ef504efcdd691d5314cc3e2cd69e677487d43757209,9.7
2003-09-10 to 2014-12-31 (eleven years),1569,98,0.02,1.5,-54.04072420143004,461,0.20607375271149675,-72.68202559709998,-0.1720677878331339,abdcad3d4d335f586d47833a014fa900c2fe4d8ddd83395f893fabe44a4ffcb3,12.6
2003-09-10 to 2014-12-31 (eleven years),1570,98,0.02,2.0,-5.718094093204954,377,0.22281167108753316,-70.99981119919701,0.10404071745272322,4f663fcf95d0a034459ae1af3b3067921143fff0b1f80292f4598a45ce983e5c,14.7
2003-09-10 to 2014-12-31 (eleven years),1571,98,0.02,2.5,-25.215647309564986,303,0.21122112211221122,-70.66329190111544,-0.021469185400609953,348b7ec61016b9758bad121af8752d2e51f68175c81be37855faac702bd04c21,17.5
2003-09-10 to 2014-12-31 (eleven years),1572,98,0.04,1.0,-87.99543614361515,969,0.19917440660474717,-94.79721007688389,-0.3729433242869888,879d9b162fd6358e6505ca2d30465bf1c84fa1d6b275a8c9c52110bc792b4e39,14.1
2003-09-10 to 2014-12-31 (eleven years),1573,98,0.04,1.5,-39.445661210546334,724,0.212707182320442,-82.31293385412195,0.01472925149351508,b4ddd50e34822cf4e15ce0c3e948ac39a7ed6c999b3d98771a226bdfb79f3fa9,15.5
2003-09-10 to 2014-12-31 (eleven years),1574,98,0.04,2.0,-33.77955372847174,490,0.21428571428571427,-64.29870531321028,-0.002160139155980178,f3be0c817575e77a54cfd6ee2844ce44f54b09bc1f1bd15998c0a508ec573da7,18.3
2003-09-10 to 2014-12-31 (eleven years),1575,98,0.04,2.5,7.272670969493052,355,0.22253521126760564,-58.65321572757127,0.15586990780638044,9cee2a44204a5f84f6e4ecde7fbcf106556494f7ce579523e88b0da136e90a84,17.2
2003-09-10 to 2014-12-31 (eleven years),1576,98,0.06,1.0,-97.50465982825193,1330,0.19699248120300752,-98.67859084581,-0.6019621703253367,7bf67e63f531744be056d8ca4e7b542448ad134c0c6be1ceab087e25a78f59fc,13.8
2003-09-10 to 2014-12-31 (eleven years),1577,98,0.06,1.5,-83.2628109980993,896,0.20089285714285715,-90.0409317455419,-0.29279420463283345,3f92ff9e03bf206134b5e6263ff581a14a121107b07c61d278d0a3a7bbe18250,15.6
2003-09-10 to 2014-12-31 (eleven years),1578,98,0.06,2.0,-19.717890204295546,581,0.21858864027538727,-63.23181746224428,0.09017338647063812,a876cb6398c08787e16925a986a7bb2018efcc5117802fb7d0d5c739fef064a3,17.1
2003-09-10 to 2014-12-31 (eleven years),1579,98,0.06,2.5,19.528997368982125,404,0.22524752475247525,-57.34635422076799,0.20609390716336554,fa8980cbf30e95b26cb75328168f80cd5a174ec66725fba30d205c7a1ff16adc,17.9
2003-09-10 to 2014-12-31 (eleven years),1580,98,0.1,1.0,-99.7931439850799,1834,0.1875681570338059,-99.8973699245532,-1.029086698831683,83839caeceb1910513d5c510dbaf24e176f823b46c4072c4e7faeacfcac304c7,16.3
2003-09-10 to 2014-12-31 (eleven years),1581,98,0.1,1.5,-92.80756920622886,1095,0.1954337899543379,-95.77635747469799,-0.4582866081699369,2722daff0ad855724cb9133e75ebaa6d5cccf9301db6f381d7cc5883560139ae,18.0
2003-09-10 to 2014-12-31 (eleven years),1582,98,0.1,2.0,-51.23067482166914,661,0.2087745839636914,-77.44743150018782,-0.05819791758373652,a3119613eb332922b6d954486b1b973132fce689bfaa47117b70e1348da41080,19.7
2003-09-10 to 2014-12-31 (eleven years),1583,98,0.1,2.5,37.89833927520206,406,0.229064039408867,-54.09808996679575,0.2661212933012848,4de7e8972af968203bf1234cdca8e72a0d98341b48179472a4ad97aef9cddf95,18.4
2003-09-10 to 2014-12-31 (eleven years),1584,99,0.02,1.0,-93.23614254025885,552,0.1721014492753623,-95.61347041116886,-0.8234908656402815,04f2ca66c84786da40f15a7ee4e3a1be621912ca6153fff8a965dd5f129d54cc,10.0
2003-09-10 to 2014-12-31 (eleven years),1585,99,0.02,1.5,-64.8675415948851,468,0.19658119658119658,-84.30615748611682,-0.27963989679075774,5f1869a83409f00556cfb7996f0339cc56a3592844c7e1499e61ba2ec7e14b5f,11.4
2003-09-10 to 2014-12-31 (eleven years),1586,99,0.02,2.0,-45.9899424950522,352,0.20170454545454544,-63.67991428634032,-0.1431685916613936,e1854a4e1befcdb2cccb6055bbb04c5432ceae189656398086cfe51994e17bca,13.3
2003-09-10 to 2014-12-31 (eleven years),1587,99,0.02,2.5,-24.005814748016938,273,0.2087912087912088,-62.97642559663312,-0.03207819381688466,4521945e2fd6c6c6b4e8bb3d9fce3e87ca0199732bed4f69d2f854ea3b22585a,15.0
2003-09-10 to 2014-12-31 (eleven years),1588,99,0.04,1.0,-85.56742381615999,929,0.2023681377825619,-94.71800822272859,-0.3187802150222979,b8fe942e421937df8619ce1cfed306f1122a11653971a88eb9af8016a7388fb5,12.0
2003-09-10 to 2014-12-31 (eleven years),1589,99,0.04,1.5,-74.62864943609098,691,0.2011577424023155,-90.28835850252112,-0.25782701843710143,34e8aee0ae2c647283709a8a1e10e4e3f208491966d16cd2823d9bee5baa2a33,15.2
2003-09-10 to 2014-12-31 (eleven years),1590,99,0.04,2.0,-44.87904957644173,433,0.20785219399538107,-71.7848316667259,-0.0900313270361203,6adaa8e1417506f0a214ecd4f150d4f30f08e3683cf0ccad62f8a3c3dbebcea3,14.0
2003-09-10 to 2014-12-31 (eleven years),1591,99,0.04,2.5,29.468851887623558,327,0.22935779816513763,-56.96524282993111,0.2383280480520648,b41c77506f81c8e98d0f2fa96dc6d22eb36c9784ffabbbabb4200a55371a8558,17.4
2003-09-10 to 2014-12-31 (eleven years),1592,99,0.06,1.0,-99.6294360302268,1281,0.17876658860265418,-99.80802025795765,-1.071824219326168,36f621c8e8ba3e20ae62ea2a66227fa839c4c5cc1685267a2c0871902e970de0,12.7
2003-09-10 to 2014-12-31 (eleven years),1593,99,0.06,1.5,-73.6188806201587,860,0.2069767441860465,-90.78256076656375,-0.18035776076783272,6485a66eb94e45a7c73d121cfa0d8490e7e32ebd6e2feac0a9b194b4bebae10b,17.2
2003-09-10 to 2014-12-31 (eleven years),1594,99,0.06,2.0,-70.4298483861704,557,0.19748653500897667,-87.77947437476499,-0.2823432157990127,c6d13828fad8ec401a648ea15f2a0da0092fb06c1163324df1a302f24718d5c6,17.8
2003-09-10 to 2014-12-31 (eleven years),1595,99,0.06,2.5,2.200735214938163,363,0.2231404958677686,-50.069688400215526,0.1373361051499132,50fb473713ab477761eb63aaa965211c17f9c50d46f93df31e5f1c7e0865e7f5,18.9
2003-09-10 to 2014-12-31 (eleven years),1596,99,0.1,1.0,-99.47808479595285,1810,0.19502762430939227,-99.69677406653143,-0.7534184701497774,7f8da5dc8d948fce7886f308760a321f60145cf7ebb73b7d2a81af5fd588fecd,15.4
2003-09-10 to 2014-12-31 (eleven years),1597,99,0.1,1.5,-88.52775686864989,1067,0.20056232427366447,-96.2101947100235,-0.33758778762692304,b0cd8799906c65f1cc99875b586783a9b35e83071bfb88fd3cee005555d48f6f,19.1
2003-09-10 to 2014-12-31 (eleven years),1598,99,0.1,2.0,-64.47200692909755,655,0.20458015267175572,-80.22977826258216,-0.1744166041544404,70cb4cc868b8338943564e6ce0977ee70a32bae0175ee2d60c5803e4deff1216,20.6
2003-09-10 to 2014-12-31 (eleven years),1599,99,0.1,2.5,-5.9504249514300955,400,0.22,-62.751064457147244,0.10852449627811186,438ce14b118115d7112714b019ea3c9584a6a925461bed583e3d6b05ccc25cb4,18.9
2003-09-10 to 2014-12-31 (eleven years),1600,100,0.02,1.0,-93.03894175310076,552,0.1793478260869565,-96.24229507652446,-0.7619618566257657,a39abc4a746d2a83ccc9bfc752ced3fe5f8877a5bcfcb7354e8a7bc818ab54a8,9.4
2003-09-10 to 2014-12-31 (eleven years),1601,100,0.02,1.5,-69.14930064411729,471,0.19957537154989385,-86.61028620316974,-0.32474170795145646,4827e822905463df4df90cdbb8762dfc08073ebcae7baf233635a9e99ed062db,11.0
2003-09-10 to 2014-12-31 (eleven years),1602,100,0.02,2.0,-19.910474346451878,362,0.2154696132596685,-72.73544294439664,0.028481094420532968,a0817691930d4227740463a6205b022a6de89cf20dc5f8d4768b62239e28c1a1,13.5
2003-09-10 to 2014-12-31 (eleven years),1603,100,0.02,2.5,77.91832227195627,279,0.24372759856630824,-54.586556583433484,0.39570978412946917,c8e114b465bed7dc336d76b0ea7a72671d530c4a024489e2f6b77212265e2e28,15.0
2003-09-10 to 2014-12-31 (eleven years),1604,100,0.04,1.0,-92.66988345314623,959,0.19603753910323254,-96.06835087479038,-0.536719434943379,864ddb564a8075b49d96cb0e77c3ce84f56ef1219c53c23c82e07e79c2bfed31,12.2
2003-09-10 to 2014-12-31 (eleven years),1605,100,0.04,1.5,-75.42952151629126,720,0.2,-84.69217400726002,-0.2899083488853082,be1199212c5a9637100363b7fe0c29a218328704c8216fd899736b984c21cd53,14.5
2003-09-10 to 2014-12-31 (eleven years),1606,100,0.04,2.0,-67.5071526614607,532,0.19360902255639098,-80.10477723566922,-0.27834114684202504,e23e20abf68117b0a510138e3feba49bf5a2c2dcabdd64988f8e0f9271e81df5,15.8
2003-09-10 to 2014-12-31 (eleven years),1607,100,0.04,2.5,-10.301437231989139,351,0.21367521367521367,-62.11105882304611,0.06937200184874583,b51159456e31d1278aad1278ddb2ab5c66f0f9e558684b14b498e07d2299e31a,18.5
2003-09-10 to 2014-12-31 (eleven years),1608,100,0.06,1.0,-93.91064009752893,1291,0.20061967467079783,-97.10028644486441,-0.44627653283977886,51fafc7d6d0c26b4fa434f3af95fc265c9636b7a6995350f83233e929341e5ec,13.2
2003-09-10 to 2014-12-31 (eleven years),1609,100,0.06,1.5,-90.47210809527088,854,0.19086651053864168,-92.43628701690405,-0.5142157759051574,0c2d57f03991054f5c5ce51944a8e0bbc07b2744cce436e861ddef3031612f5f,16.8
2003-09-10 to 2014-12-31 (eleven years),1610,100,0.06,2.0,-38.55990827998502,582,0.20962199312714777,-68.55139474010483,-0.016365625285236083,9111a5bb4ac69041f6314ac4a952641379ce3a1b62fdcc58186ae5ba74a1f2d1,19.0
2003-09-10 to 2014-12-31 (eleven years),1611,100,0.06,2.5,-50.473074776953965,404,0.20297029702970298,-58.253244449995954,-0.16451277469218248,d0b431a7d3789b3263f9878a6e00a09f88f961720e4fc5a020426eaaa8b885e2,21.3
2003-09-10 to 2014-12-31 (eleven years),1612,100,0.1,1.0,-99.77697503925621,1761,0.1902328222600795,-99.90593487222039,-0.9612483861039736,b99c3570e7d83261e8c4c4e17818030f4115d899a4733ab76928723aad81e18a,17.5
2003-09-10 to 2014-12-31 (eleven years),1613,100,0.1,1.5,-94.50121353796958,1065,0.19154929577464788,-96.48627883147594,-0.5339183645835388,1320b203e9d5dd29d1f589834b036dc21c8472deedea27513a78afc3e5db5575,19.8
2003-09-10 to 2014-12-31 (eleven years),1614,100,0.1,2.0,-61.7584897481145,619,0.20516962843295639,-81.56426635614294,-0.1538050984333751,832a5b3a5d8fc70df8f724ae79eefa49a860754d7bc7f693ab1f266c3efe9028,19.2
2003-09-10 to 2014-12-31 (eleven years),1615,100,0.1,2.5,6.700465905251886,372,0.22311827956989247,-52.806325657311426,0.15821958500597527,092b205a948b7f0d5c4d9968c83e36eeb40088223dcb1aafc9078b60de5fa819,20.0
2003-09-10 to 2014-12-31 (eleven years),1616,101,0.02,1.0,-63.84938996334202,543,0.20257826887661143,-82.5014524677479,-0.21351801206556248,b94e18e45144e8378fe3743f51915b21a6c7076f96c06305714347859a662ccf,10.6
2003-09-10 to 2014-12-31 (eleven years),1617,101,0.02,1.5,-28.987235323238146,453,0.2097130242825607,-72.24184513194758,0.007405460353788937,7f2cb878d66164060c20906080b7b1d3a20b848f15be865ebe66872500a77574,11.7
2003-09-10 to 2014-12-31 (eleven years),1618,101,0.02,2.0,19.654750254860268,351,0.22507122507122507,-48.721118288934015,0.20474269803793554,22ac712c8e552b006bb5a035d672e39458cb2faf939643e92a595d310095d2b8,14.0
2003-09-10 to 2014-12-31 (eleven years),1619,101,0.02,2.5,50.21020734457515,272,0.23529411764705882,-50.544551028534,0.31266402682450917,71549ff378c172f23c0139150bcb0ea2e50e440f7482708d5cd71576775f34c8,15.2
2003-09-10 to 2014-12-31 (eleven years),1620,101,0.04,1.0,-97.16937458822758,987,0.1894630192502533,-98.73175859960871,-0.7790122431233353,c6be170f16f5d452db471527c8cf85ec5fe1ce6901f2c5e250a20677d9c7c60c,13.1
2003-09-10 to 2014-12-31 (eleven years),1621,101,0.04,1.5,-66.50145698112075,719,0.20584144645340752,-90.6300627357806,-0.1815047457651002,9d2883d294b79601aa92db23b4f4867ade27aabf762c0e3eb1630f2d4c50884e,15.0
2003-09-10 to 2014-12-31 (eleven years),1622,101,0.04,2.0,-22.41868925723265,489,0.21881390593047034,-67.49077236342806,0.050434753830465216,23ba51aec6a6d3491c8475e6a2797b70e944e7b729b4c05d34bb9e53dc830a43,17.5
2003-09-10 to 2014-12-31 (eleven years),1623,101,0.04,2.5,-3.473094772543827,365,0.2219178082191781,-60.352985673708346,0.10605085714073219,abded812db205005d07cf4f0481454fd8571b7f2be92f0f87b664c1640171a8a,15.9
2003-09-10 to 2014-12-31 (eleven years),1624,101,0.06,1.0,-99.36056012935843,1354,0.1861152141802068,-99.42081677483903,-0.9409617017269121,7075f698ca47f21f42b6a0ae29b4e347372465447e8eee0b61169b42dffe399a,13.6
2003-09-10 to 2014-12-31 (eleven years),1625,101,0.06,1.5,-64.17717133631349,920,0.2108695652173913,-83.78291603171957,-0.0950290443678933,d3b1fa2493b47f40091c6de9ebe340744e794d56344fb0037dd0ad0822d1f5a2,17.3
2003-09-10 to 2014-12-31 (eleven years),1626,101,0.06,2.0,8.249458703509873,590,0.22203389830508474,-63.1986334302427,0.18566821255081659,239cbcd2544370a2526c0f9669cd85dc6317fcbb7992a3b77d7ae67948d7af03,18.0
2003-09-10 to 2014-12-31 (eleven years),1627,101,0.06,2.5,-15.933569480548456,402,0.21641791044776118,-58.04431039983664,0.057730848202480055,e91730aeed4092e7b3a35b3062ef74bffc5109cc79e4f5b8b39d8dd2e1ee71ed,18.3
2003-09-10 to 2014-12-31 (eleven years),1628,101,0.1,1.0,-99.59401669118597,1830,0.19289617486338798,-99.80892277521224,-0.8128483142630998,7639960e37c8888d5bed41025db6b12aa7da95122e98392b2bc2897112815d94,17.1
2003-09-10 to 2014-12-31 (eleven years),1629,101,0.1,1.5,-96.63165949522879,1103,0.19038984587488667,-97.38323685961647,-0.6641727596149166,d2072e5e324b4362f4973ce6e39322ccd9089d9091cc9eb340a251b9cfdada02,18.4
2003-09-10 to 2014-12-31 (eleven years),1630,101,0.1,2.0,-70.6429173932346,633,0.20221169036334913,-83.2911212113953,-0.23706105851671205,f79c9e1442ef4f54534db128c951c4fb1b5ddbd8396da163c54340b4c7a71058,19.6
2003-09-10 to 2014-12-31 (eleven years),1631,101,0.1,2.5,15.255070916148847,412,0.22330097087378642,-56.73436590896177,0.19375024287806206,bc6535db2ce2ac7ad5250f048aca82514cd3a062fbed7d55b0a4466e35a3c84d,20.2
2003-09-10 to 2014-12-31 (eleven years),1632,102,0.02,1.0,-80.73324207248496,567,0.19929453262786595,-90.26694246028171,-0.43288154796050476,e6424a476fcaf77e4852c1ff0b5afd496aa200f25062df68e502299a0fb97659,10.6
2003-09-10 to 2014-12-31 (eleven years),1633,102,0.02,1.5,-34.57522835595313,465,0.2129032258064516,-62.16037797392483,-0.02910119949096902,c595ce8a6e6189e9db7fb1baa8187d6fa07f51e9c4b848e0d9cec1309b756077,13.1
2003-09-10 to 2014-12-31 (eleven years),1634,102,0.02,2.0,22.637270930724576,356,0.22752808988764045,-46.85980021684939,0.21404482031938882,4a6e8d47bb0c36bb693242f5e1f46c42c414a682bd814fda3e9c8a995979bf1d,14.6
2003-09-10 to 2014-12-31 (eleven years),1635,102,0.02,2.5,14.575134575801071,289,0.22491349480968859,-59.15799518429614,0.17786792140584526,a63a3dc22767aca54a521d42ec1506104f05dd8d19f1283fd293149fd3a61b91,16.2
2003-09-10 to 2014-12-31 (eleven years),1636,102,0.04,1.0,-96.35045833406762,974,0.1868583162217659,-97.63542307009344,-0.677223186663436,0505c68a5d95b3967c4ed991ce6637292a157b50b40d31b9b163a0fbf8cc23b1,12.6
2003-09-10 to 2014-12-31 (eleven years),1637,102,0.04,1.5,-94.62908594498546,719,0.1780250347705146,-95.8453064508344,-0.7394554426011696,567bf18f0ca8ecac1ce00083cf87f081d649ff2a31054bdc637c9ba1c5f44b91,14.8
2003-09-10 to 2014-12-31 (eleven years),1638,102,0.04,2.0,59.25700022162079,519,0.22736030828516376,-67.38527522928202,0.3200033868013775,82123d14c436691f7a732034a5d43c99d5ee2d5a812ab3a1ea9e1811fccd887a,15.7
2003-09-10 to 2014-12-31 (eleven years),1639,102,0.04,2.5,123.44618452306841,358,0.24022346368715083,-55.23617031472705,0.4805546466381384,9c04b67fc1ecb3eec24bdabd60370a1dea4e2ca5ef685f6a47f38d4462ca9bfa,16.3
2003-09-10 to 2014-12-31 (eleven years),1640,102,0.06,1.0,-98.4417524636052,1303,0.19339984650805833,-99.21824996324271,-0.722780675253033,7fd0d4bc4fe55d492de01843c298deff23e99be34d4973a58e63edd74335be24,13.0
2003-09-10 to 2014-12-31 (eleven years),1641,102,0.06,1.5,-73.84343736745286,890,0.20674157303370785,-91.57351185302062,-0.1785707979140573,23067649f4f77f790621e50f6f3e53b2e3f40f21b2cc293ec8b6e1e5bfacc86d,15.7
2003-09-10 to 2014-12-31 (eleven years),1642,102,0.06,2.0,-38.02600671740363,595,0.21176470588235294,-75.79453655775012,-0.002569755443965515,8488db0c9d5e71bb1feaff88bdd5f9dcdc2eb59882fc4b21e1324c2ce36a3658,17.8
2003-09-10 to 2014-12-31 (eleven years),1643,102,0.06,2.5,-24.396886908108435,422,0.2132701421800948,-63.34196348300727,0.016978887781290846,cffd9a077b98fe3c170a08ac8efea48f5a2f5fe21a89a6dfd84b3f0b9b983df7,19.3
2003-09-10 to 2014-12-31 (eleven years),1644,102,0.1,1.0,-99.41543386560538,1788,0.19630872483221476,-99.79040037394006,-0.7703778519582315,ebbda4c2c527f23463cb8e288fe01f06a06a22260ae860217dea65e6ed0bbd86,15.4
2003-09-10 to 2014-12-31 (eleven years),1645,102,0.1,1.5,-90.43603173032488,1046,0.19980879541108987,-96.55828036775527,-0.38401981104306837,f8c4bcf2baf59275364a0f8f1dabd004f9ca95abc7644349f982e3ebc8007e58,17.0
2003-09-10 to 2014-12-31 (eleven years),1646,102,0.1,2.0,-24.02977300975546,663,0.21568627450980393,-71.22820582313756,0.07730264561154937,4554335dbc11a0e8f48a2674a0aadcc4664b5101c24c14d3cc8a5b9178442111,18.8
2003-09-10 to 2014-12-31 (eleven years),1647,102,0.1,2.5,10.628462695933019,365,0.22465753424657534,-57.93078538282808,0.17504836356403214,000717e34848341c5dce3f7e60c302326fec7ea7dcc344c1b854189f7b357ebf,19.7
2003-09-10 to 2014-12-31 (eleven years),1648,103,0.02,1.0,-71.65299722412678,580,0.20689655172413793,-90.88506065352954,-0.2633858940096658,49a5c4819a372227c65fd450ed6dfa09eb5a92e342a0ba5541f77a466fd5d4a0,10.7
2003-09-10 to 2014-12-31 (eleven years),1649,103,0.02,1.5,-66.85751325364215,483,0.19875776397515527,-86.226813156557,-0.27493961214716556,5b335a6dfe1957644ebb0b0f8f97504e38bde518101ad8905423520feeb42e0f,12.1
2003-09-10 to 2014-12-31 (eleven years),1650,103,0.02,2.0,-22.093375152775216,393,0.21628498727735368,-66.80380907189046,0.02714858100026281,7bd703259a7583f9378f7970c25cd32cd6f1f42fea67456e000ceabd8dfe9063,14.5
2003-09-10 to 2014-12-31 (eleven years),1651,103,0.02,2.5,-6.886244991456938,292,0.2191780821917808,-55.0216633896472,0.07904745366282662,b100084abab3bf0177cc962e45cc575661495fb9e7573f98fbef05df43c492e3,14.5
2003-09-10 to 2014-12-31 (eleven years),1652,103,0.04,1.0,-99.65964348113444,1023,0.1681329423264907,-99.73050115091394,-1.3487933486475385,f435ca30ae53fdc855ba03f22c77182bba9cad0d04d20d62983aacf88c3eba1c,12.7
2003-09-10 to 2014-12-31 (eleven years),1653,103,0.04,1.5,-95.20263195453393,754,0.17904509283819628,-97.03527819921685,-0.7723072954523273,b1dfe87ff5383282db5e609eb588b23cc4d024975879c7b58a1a3c6265bf84ee,15.6
2003-09-10 to 2014-12-31 (eleven years),1654,103,0.04,2.0,-59.43698247185984,519,0.2023121387283237,-78.99017939812796,-0.1843808825243508,cdeeaeb844b2d16861c0fadf4a4a59e7806ec5fb63161cdbc5f568bc30f2c42f,16.4
2003-09-10 to 2014-12-31 (eleven years),1655,103,0.04,2.5,-42.717688174776505,368,0.20652173913043478,-73.27725164554244,-0.10804134555128907,b73b49a48ac42286c6c34926412bc690b725613a3a5fb49a4a2f6608e1a6f556,17.8
2003-09-10 to 2014-12-31 (eleven years),1656,103,0.06,1.0,-98.64034946462384,1288,0.19254658385093168,-99.05309412677865,-0.7731742509450803,815ed815a9fb3f791d7371887a75f9e2df4065ddd829c7f60a1398535605d0bd,14.1
2003-09-10 to 2014-12-31 (eleven years),1657,103,0.06,1.5,-92.55702949820804,887,0.1927846674182638,-94.40609660703362,-0.5470261521206765,c0e5a6f967f77d4cba29ed84ec5da513e1f7652835b88190ec3e88844a0c84d1,16.4
2003-09-10 to 2014-12-31 (eleven years),1658,103,0.06,2.0,33.25121215466854,556,0.22482014388489208,-58.23271773925045,0.2570423545904657,6af66029f677013cf89898f28d46c19af1a449d6bcf3bdb5fabb16940d67437f,16.8
2003-09-10 to 2014-12-31 (eleven years),1659,103,0.06,2.5,35.02396362932003,392,0.22959183673469388,-51.98224657198984,0.25690411403701363,17bc5f68375fb41a191f62da7669d8f0ae6ca57b35f1a094660c8563d2797f2c,19.3
2003-09-10 to 2014-12-31 (eleven years),1660,103,0.1,1.0,-99.00625217803129,1810,0.19613259668508287,-99.45200484369649,-0.619887138075795,1722ad1082370b36f2cf89e406aa59b4266398cd31f445b532dde26c4668f77f,16.3
2003-09-10 to 2014-12-31 (eleven years),1661,103,0.1,1.5,-92.13458810902245,1016,0.19488188976377951,-96.14830273866738,-0.46029602856321017,c6cb3de9194754771f1399b45bb8f7344855b8c0bfcc463d7246e07461056073,16.7
2003-09-10 to 2014-12-31 (eleven years),1662,103,0.1,2.0,-31.845253616726772,607,0.214168039538715,-76.69930870917948,0.03680690817190109,93cf9a1fef6be655e1f5ea5b7c354db2ac1e26e6447d60da50f97502c9975274,18.7
2003-09-10 to 2014-12-31 (eleven years),1663,103,0.1,2.5,92.67734224086507,371,0.2398921832884097,-46.380485122001716,0.4049122114184694,67cb83336d9d05185babf993542641a63aa000cce8522bce7c1a5cf85e45f9dc,19.1
2003-09-10 to 2014-12-31 (eleven years),1664,104,0.02,1.0,-94.54423460402207,586,0.17064846416382254,-97.51656329839312,-0.8497953443175951,9eb9082c19a3563a6334cb24f784e66a697a7f3608cd5c2b656a774c1aedd0e5,9.0
2003-09-10 to 2014-12-31 (eleven years),1665,104,0.02,1.5,-46.333496159654935,495,0.20606060606060606,-77.43366951622622,-0.09779225474723503,5c0be0a3610e644c546075e5f60b41c8df5ede5d054630239941880fb5910d9e,12.2
2003-09-10 to 2014-12-31 (eleven years),1666,104,0.02,2.0,-5.320720051413782,398,0.21608040201005024,-69.98505966579424,0.10450320061244271,c2145685fef89bca4923ff4421d242b36a823a202fbcd8cf9c173fe7cd7d7fc8,12.9
2003-09-10 to 2014-12-31 (eleven years),1667,104,0.02,2.5,33.47582305332882,297,0.22895622895622897,-59.07406614986267,0.25317841652476825,0194746de6d6ac5182075ae77029a9be724b31438d20de53b8c350fd4d40d287,14.6
2003-09-10 to 2014-12-31 (eleven years),1668,104,0.04,1.0,-91.33177463874843,980,0.19591836734693877,-95.84664708079568,-0.48492359088065107,6876beba24db85c3e158054685f851d45d1ca7d1cce86e1c0791feee6e292300,12.8
2003-09-10 to 2014-12-31 (eleven years),1669,104,0.04,1.5,-55.78663218844776,706,0.2096317280453258,-85.90663539636772,-0.08669201197100722,072bad747e9686acd2e964b4fd17505caece9ace6e30e3b0b3ae588af491ca31,14.2
2003-09-10 to 2014-12-31 (eleven years),1670,104,0.04,2.0,-26.330456886679215,483,0.2153209109730849,-66.75648940258372,0.03571881006686892,4ba6ee4850f14a0425f3aebe27dfb830b686f601ede6df20e93c02725420c663,17.0
2003-09-10 to 2014-12-31 (eleven years),1671,104,0.04,2.5,-17.721232404523125,348,0.21839080459770116,-50.189471514385176,0.03815084197122011,5a5a9890694bfc5bfe55da1077354c6ea682fa6e7b7ba01e4f04a98bc405eac9,17.3
2003-09-10 to 2014-12-31 (eleven years),1672,104,0.06,1.0,-97.15167921194283,1296,0.19675925925925927,-98.68212234018652,-0.5946445595075383,661c0e3ed3bbe49fd8680f394e1c9cd9e88a65cd969072fe6eeeb3ec1a7b2ad9,15.0
2003-09-10 to 2014-12-31 (eleven years),1673,104,0.06,1.5,-85.31411648785885,850,0.1976470588235294,-93.63059481346653,-0.3495736722118521,85c50ac94ad1818bc7b426f9bd063ea923cf0fedae7e4399a4cdf75acbf3331d,16.2
2003-09-10 to 2014-12-31 (eleven years),1674,104,0.06,2.0,3.201927173611775,536,0.22201492537313433,-69.01506243134645,0.16506784133933897,5bf28a48c0a6f2cd1d06a654c48b8e155df2ef675ef322a53bce0466473faa87,16.4
2003-09-10 to 2014-12-31 (eleven years),1675,104,0.06,2.5,11.53717874929729,349,0.22636103151862463,-52.964343722383234,0.17344710961288895,c0a539f295843026bb7a0ea72f048d78f0b8cfb73d3bd958e5f4169ca50f6b50,19.3
2003-09-10 to 2014-12-31 (eleven years),1676,104,0.1,1.0,-99.20380274498257,1862,0.19495166487647692,-99.73096273983253,-0.6779143631913672,2ee0ed9218118684a1d56306887126c6498dab650f8be8ee9f917191b4a30bb6,15.1
2003-09-10 to 2014-12-31 (eleven years),1677,104,0.1,1.5,-84.70095372923502,1078,0.20037105751391465,-94.51563836319696,-0.2738462347491765,22ae1f4fdb5b7c8fa309287b4026ba38c889edff7e2545c0f74257e6b97c3492,17.6
2003-09-10 to 2014-12-31 (eleven years),1678,104,0.1,2.0,0.2556208689864616,638,0.22100313479623823,-72.48956108789316,0.16724925182722994,e527a07ac22fe736e4bca4c2036977881d8e7a9362f102fe13811fa838ec0408,19.2
2003-09-10 to 2014-12-31 (eleven years),1679,104,0.1,2.5,65.67257256728882,409,0.23227383863080683,-47.067709116039815,0.3426000959988521,e69ce8595dcd13487a51881413712e1322b523fee1a6fc6fb0a2ced9852a7f3c,20.0
2003-09-10 to 2014-12-31 (eleven years),1680,105,0.02,1.0,-93.99000924365538,539,0.17068645640074212,-95.89970826924934,-0.9073005042719156,fe0d4b4557623cc75a7082357a3f2a647f6f569843e54c28f7ce360c6423ce50,9.2
2003-09-10 to 2014-12-31 (eleven years),1681,105,0.02,1.5,-73.90374490581908,474,0.19198312236286919,-86.22315332846694,-0.4099110354640224,f4c6f80a90d23ca39a1e0aa80628f9968fec24299a92fa23d20071d84e508444,11.2
2003-09-10 to 2014-12-31 (eleven years),1682,105,0.02,2.0,-9.037389160634593,369,0.21680216802168023,-75.1308404641306,0.0826789469495571,17f61268b8a0d626b2e5cab161b0a3a5bd626f8ee5eb64620625ea8113a4e8ca,12.0
2003-09-10 to 2014-12-31 (eleven years),1683,105,0.02,2.5,-6.542114890102649,301,0.2159468438538206,-56.65207822271328,0.07828015638446142,dc66ebd431a047db7fe8a5f71bb26bbd5d33ff8320fa13672f54fc5022f8bf6b,14.3
2003-09-10 to 2014-12-31 (eleven years),1684,105,0.04,1.0,-98.20057113921808,975,0.18256410256410258,-99.2673786475844,-0.87885542423746,78f6218e9b8e091d097d8c9e4d4797cd43a68d37bfe33bb26c4e897906b837a5,12.2
2003-09-10 to 2014-12-31 (eleven years),1685,105,0.04,1.5,-87.69393050670105,716,0.19273743016759776,-92.3125259114973,-0.5000869327449312,0e7c56d0a423d4a6dee9434169cdc613b9f6ff9571935d71399d2f3a766305a6,14.7
2003-09-10 to 2014-12-31 (eleven years),1686,105,0.04,2.0,-81.36353005045707,520,0.18846153846153846,-91.45125017261205,-0.4851536078260683,122bbabc3c4266b77cbee363a6aa74ee0beb455724ce0dd1e4606e0e5fca2bee,16.5
2003-09-10 to 2014-12-31 (eleven years),1687,105,0.04,2.5,-28.327820662386948,343,0.21282798833819241,-61.45851726306224,-0.023224242692326733,f0722ac9bc4f7c280b4ee89ee8a9446a2d735c60927b0c2ccedc334a1e9c75c2,18.3
2003-09-10 to 2014-12-31 (eleven years),1688,105,0.06,1.0,-99.54595692611315,1318,0.18209408194233687,-99.76216982183878,-1.0256175067990176,f2197f3909cc136e53455728fc24f3c26ac869f1a347c783095fcaa5af842d0b,12.5
2003-09-10 to 2014-12-31 (eleven years),1689,105,0.06,1.5,-95.1246414493584,919,0.18607181719260066,-97.15518502770489,-0.6574233621508254,ba9298c655fba7ed2aa0a40964b31d2e0afd93b02b8a941ecbf860dc92a7b46f,16.4
2003-09-10 to 2014-12-31 (eleven years),1690,105,0.06,2.0,-68.85907298715377,596,0.19966442953020133,-90.87844095541531,-0.2516539410134959,dc1e498e51ddf90270caed1f691aefd77f0e21cfd74072a8ec5ad8ae98fc4252,18.8
2003-09-10 to 2014-12-31 (eleven years),1691,105,0.06,2.5,25.887637322205954,369,0.22764227642276422,-70.26188920428983,0.22617594888066891,9143b1975876432b0672c744e7a74fa94d33d26d9d58351e606e43f26f083dd4,19.2
2003-09-10 to 2014-12-31 (eleven years),1692,105,0.1,1.0,-99.79208454932149,1785,0.1865546218487395,-99.81758347881618,-0.9570306227620561,af6cc0bdc4d7c575e475c0285579f4ad181babe55e0b2369b437d5414f301317,16.3
2003-09-10 to 2014-12-31 (eleven years),1693,105,0.1,1.5,-92.64551462325417,1090,0.1963302752293578,-95.41081010411396,-0.462969508818948,2aa1fa034b882f41527c112f011c13d87b0f926444a4a78ef2043212d9b1b418,18.8
2003-09-10 to 2014-12-31 (eleven years),1694,105,0.1,2.0,-43.56484418919654,644,0.2127329192546584,-73.98200716998743,-0.01828545270441993,c63ec59247f52c9b4b619c18e2ff698c0fbd8d202af626faedbfba7b6cc0bf6c,18.5
2003-09-10 to 2014-12-31 (eleven years),1695,105,0.1,2.5,5.806033920539651,416,0.22115384615384615,-49.646316475864616,0.15792378970946497,f83d7a129e47b1ca88f37889f25c5c60dc600a8e328006117510df4188461ac9,19.6
2003-09-10 to 2014-12-31 (eleven years),1696,106,0.02,1.0,-85.6921518064984,535,0.18878504672897195,-87.96081552923816,-0.5395958888427727,a6ab16f29ea138fefdca692f342492dae81b6866e85fec6e3e49a77f8cc2f90f,10.9
2003-09-10 to 2014-12-31 (eleven years),1697,106,0.02,1.5,-75.99924699755623,455,0.1934065934065934,-83.87609624547756,-0.41943296614727105,ed64812e7d08b6333ebfca48e3a4ac0bcc31da64cd144d27744d43b672b0ca63,12.4
2003-09-10 to 2014-12-31 (eleven years),1698,106,0.02,2.0,-25.02446322614487,362,0.2154696132596685,-62.55577932190929,0.0011082044561683902,0b4e475514ef26dda8bbe15be518fb4c4eb00645bd58c5d53bc537baa96671f3,13.2
2003-09-10 to 2014-12-31 (eleven years),1699,106,0.02,2.5,1.1764655394944339,276,0.2246376811594203,-52.22832544210372,0.11702944427291825,ea14dde2d6ecffb0f776a1f490e52adb04e7c354e5b1d378d1c68da7da8a2d35,13.9
2003-09-10 to 2014-12-31 (eleven years),1700,106,0.04,1.0,-94.22195629560106,1015,0.1980295566502463,-97.37651048738599,-0.5699521673818194,e5e0cb7e683dd508a898dc5815e5b267fc1ec6526d41562c5cc74630a2558430,12.1
2003-09-10 to 2014-12-31 (eleven years),1701,106,0.04,1.5,-71.19274002326166,711,0.20534458509142053,-88.87718687833525,-0.20699775208769708,9e3110754bacd5eac4a7c4a8a413034bcc1e14a2f58c1642abfe21d9e8f1dedd,14.6
2003-09-10 to 2014-12-31 (eleven years),1702,106,0.04,2.0,36.91428040064421,513,0.22612085769980506,-66.62832856045458,0.2650375889704386,fbfb0bbe12e8710043447ddef19d1b57286ba6ab49e21f351b71ebae433e04e5,16.3
2003-09-10 to 2014-12-31 (eleven years),1703,106,0.04,2.5,57.114033091764014,362,0.23204419889502761,-57.93362520287217,0.32271689564086375,9f9c5175e927edb4ee3de4d9363720acf1597ec3892662ee6a901a1e91804a5c,16.9
2003-09-10 to 2014-12-31 (eleven years),1704,106,0.06,1.0,-98.8997755660985,1318,0.19195751138088013,-99.07781991953098,-0.800087155323575,d43ab747c1b67f7654c334da9747a7b077562999d8ff1ba4bcdb40a8fa79cf5d,14.1
2003-09-10 to 2014-12-31 (eleven years),1705,106,0.06,1.5,-71.70007880458581,897,0.20958751393534003,-83.1465981691957,-0.1680382120227876,c4741c1f5cf0667a69713769e82551b5b37432130411948703302a8f0c33b147,15.2
2003-09-10 to 2014-12-31 (eleven years),1706,106,0.06,2.0,-3.171755910330894,535,0.22242990654205608,-57.23349520794619,0.14296342227472336,01c3792783b64c462039af4c707700c6e1c3d5feef33fdfda8b2cd39af8e2a88,18.0
2003-09-10 to 2014-12-31 (eleven years),1707,106,0.06,2.5,39.53616036777598,381,0.23097112860892388,-54.494704106700475,0.27129407176820486,c01e05547609053ac4e12ea411612a56caa8844f0ec3071f136b7e76f816135f,18.5
2003-09-10 to 2014-12-31 (eleven years),1708,106,0.1,1.0,-99.21515516507645,1780,0.19662921348314608,-99.70743576457163,-0.6776966583107399,f6972f2f97a1d0abb22cc3abe4cd937ca62ebb5938e8a4a024ddadb68abcf8dd,15.1
2003-09-10 to 2014-12-31 (eleven years),1709,106,0.1,1.5,-93.28030096974192,1063,0.19379115710253997,-97.04585990212713,-0.47121836506667697,f88440aae966926bb420e8d0d56dc3b8c5500dd360fa8cc3ffd70770b0476134,18.2
2003-09-10 to 2014-12-31 (eleven years),1710,106,0.1,2.0,-61.97722500719305,658,0.2066869300911854,-72.04664486620327,-0.15998924476058676,c73f522134e7a0ef7a6359779a5bea84f441f5776d39ead27ef25117bb76e21a,17.6
2003-09-10 to 2014-12-31 (eleven years),1711,106,0.1,2.5,66.63179577240403,394,0.23604060913705585,-43.64760301900977,0.34433772596135603,72e46f369394bbf5fcd975adf39562f2a52c501aadaee21e8916e1b729deb8b6,18.8
2003-09-10 to 2014-12-31 (eleven years),1712,107,0.02,1.0,-96.97207754990471,583,0.16638078902229847,-97.42513247452963,-1.012110439271097,6db3f867583d16980af5dccffa99effcbcd3f48a150c1272360b74c0153fcbe7,10.0
2003-09-10 to 2014-12-31 (eleven years),1713,107,0.02,1.5,-76.38637928195237,492,0.1951219512195122,-85.29241950174256,-0.4110358604193046,9ad83b728fbd4bdcea881ff30c59a4ffe48fab43babf4381afa1695db9a899df,12.4
2003-09-10 to 2014-12-31 (eleven years),1714,107,0.02,2.0,-45.46388295014127,398,0.20854271356783918,-63.2695129727969,-0.1251292131175087,2e86983524d5c935817433b7b42d186cfe4bdb083006dfb2f03cfc1d4bae0b26,15.8
2003-09-10 to 2014-12-31 (eleven years),1715,107,0.02,2.5,-33.24255184971708,318,0.21069182389937108,-61.87673879310347,-0.07689255131950601,0f0177e9fe90ac0d8a2f84b4fec8d469ccab6b60dd1c02e6c3b79ca8443b2be5,16.2
2003-09-10 to 2014-12-31 (eleven years),1716,107,0.04,1.0,-97.14027672021203,994,0.19014084507042253,-98.04659234242472,-0.7735553926363793,736d5e03cbdbe5662cd8a6b444a7cf9689b14a0781803659e2f9611eb1bd3d67,13.8
2003-09-10 to 2014-12-31 (eleven years),1717,107,0.04,1.5,-83.62477801427062,725,0.19586206896551725,-90.1065695388695,-0.3877634081623134,21f32d8d179b9e07ec0379043387bf465f02d4d7514ba720ae7c38fba7844a77,16.1
2003-09-10 to 2014-12-31 (eleven years),1718,107,0.04,2.0,26.43764629403241,532,0.2274436090225564,-66.42968963693792,0.235219819190426,c0ab4ebd41fb2a74a780d49ea7db8950365dee15dd2590d06c368de9d5229a28,15.1
2003-09-10 to 2014-12-31 (eleven years),1719,107,0.04,2.5,3.716666650256484,344,0.22674418604651161,-51.37201167130885,0.14122506167514678,bc3b1fff10565aff8fda15408ceeaaa82353e2ebd12e111cb8620b06be55d5fa,17.7
2003-09-10 to 2014-12-31 (eleven years),1720,107,0.06,1.0,-99.08098370050045,1326,0.18552036199095023,-99.54547079363725,-0.8677508859394484,ac11f607334ce37a1032f8d242bb25e72c1e2dd46dffa4dbf879c9d5178c58ba,12.6
2003-09-10 to 2014-12-31 (eleven years),1721,107,0.06,1.5,-78.30709966049608,896,0.203125,-94.114484126628,-0.23017219237270725,2e5a7c8555c6f05ea9c4178ba8910018a6097041dcf33bb624ce06c313b04b37,15.9
2003-09-10 to 2014-12-31 (eleven years),1722,107,0.06,2.0,-65.92991429775986,580,0.2,-83.67393813114879,-0.2164286655654058,8c51db826f1cc829bda1cce01660e811edeb08b27330c63616f08a6f2ab39282,16.8
2003-09-10 to 2014-12-31 (eleven years),1723,107,0.06,2.5,-38.75027008913239,401,0.20448877805486285,-74.4987523555259,-0.07460284966605632,b98df429c823deb5a63372b251eb8b25d5c09fa1e2449fd01968da7deabda95a,18.3
2003-09-10 to 2014-12-31 (eleven years),1724,107,0.1,1.0,-99.98511579344428,1840,0.17717391304347826,-99.9875982753136,-1.4838204551018892,2b10832c75e4accd2de0cc2ac9b69c484c3393b037f3b6d54459484b573dc8c9,14.1
2003-09-10 to 2014-12-31 (eleven years),1725,107,0.1,1.5,-91.58034906144199,1082,0.1977818853974122,-94.86308664073651,-0.39942741230684764,c0f563f70e737bef0d1437ebba1230e7a97467a33e545284c1b217c2d6b34178,17.6
2003-09-10 to 2014-12-31 (eleven years),1726,107,0.1,2.0,-53.00315962259254,654,0.20948012232415902,-83.84920057969154,-0.07458145049352942,c30c377d2d24d1dcfef9ed803f9ec9d8a742154b939cc1ee9be69078a756a5a6,18.4
2003-09-10 to 2014-12-31 (eleven years),1727,107,0.1,2.5,50.17717733096825,416,0.23076923076923078,-50.59772080513726,0.30039768432974046,d64165893c8f9d0747209eabf51807112535f68859983ad2dfec147b8da5439a,19.2
2003-09-10 to 2014-12-31 (eleven years),1728,108,0.02,1.0,-87.869929505641,580,0.18275862068965518,-92.67280501013371,-0.6110336644019722,b1a2923e091deede986c7057b30bdcec95dddb8259ddc5d484fb502853185fa7,11.2
2003-09-10 to 2014-12-31 (eleven years),1729,108,0.02,1.5,-71.42728023712647,479,0.1941544885177453,-79.7979848604898,-0.36649614169168415,6db7e2567da2acc35e7418409a1f8a0836f1cf06349488f2dc7db55f0b1790e5,12.8
2003-09-10 to 2014-12-31 (eleven years),1730,108,0.02,2.0,-61.63773350511551,364,0.19230769230769232,-79.81183320309452,-0.28707377040506554,7d8ff740f7eb7c6fafe8bbcdfd13108b28f4b36ff447db461007aaca100b23f9,14.5
2003-09-10 to 2014-12-31 (eleven years),1731,108,0.02,2.5,1.725898398393872,302,0.22185430463576158,-55.84772533808318,0.1224785760123379,2b6fa7e9ef1f6d3ba084581ed0eed1f3f9473cc24d492a4016d054414d0af34b,15.4
2003-09-10 to 2014-12-31 (eleven years),1732,108,0.04,1.0,-95.62998353674527,985,0.1918781725888325,-97.1684128926898,-0.662116257338561,042657e168a9a7e51c4219c1827a93672872061653790df38a20a8acdcd7ea25,13.5
2003-09-10 to 2014-12-31 (eleven years),1733,108,0.04,1.5,-61.476642045713895,714,0.20868347338935575,-77.9845279619056,-0.11925773071718221,47c09aad65f442afd4b037dd0f4b2f75edb9e490e5ed9f50228852f87120e93a,16.0
2003-09-10 to 2014-12-31 (eleven years),1734,108,0.04,2.0,136.8982867592737,488,0.23975409836065573,-64.09766140470371,0.4651927970155582,4460efd2b6421e5039a589f2acf1cbe7028be0784fb5b34a95fd639fe9c37471,15.0
2003-09-10 to 2014-12-31 (eleven years),1735,108,0.04,2.5,158.64943589934234,338,0.2485207100591716,-43.71114955277591,0.5411112168662775,3ab7f8ef1982abc28813a4ca768e87c2be59439b5decf1ceffdc1b1471f71c54,18.6
2003-09-10 to 2014-12-31 (eleven years),1736,108,0.06,1.0,-99.2426319911817,1339,0.19044062733383121,-99.61242399565849,-0.8524513474243076,d2e77d6e0cb8e477f69827cfc5bc8fbb65c8e89533bc7494a531426552dd74a3,13.0
2003-09-10 to 2014-12-31 (eleven years),1737,108,0.06,1.5,-74.37669548866835,858,0.20745920745920746,-84.24702320391025,-0.1841375360119941,d3707e923b0e0baf5b9e57191f6b580af81442cafb4424b948defef343505bd8,15.7
2003-09-10 to 2014-12-31 (eleven years),1738,108,0.06,2.0,-38.80246647165553,593,0.21079258010118043,-77.69586931823692,-0.008986285232830273,5f1cff492b0dcd953d5f20e6cb8a76162507f8ebe9c70eda7ea58ece60524a70,17.5
2003-09-10 to 2014-12-31 (eleven years),1739,108,0.06,2.5,-24.260721132680644,388,0.21391752577319587,-69.68354285324476,0.009495276766421954,6167a4fcc0e44612fdb680c5acfe86f214af31db5d6a9ff322b23cd3444e7421,19.1
2003-09-10 to 2014-12-31 (eleven years),1740,108,0.1,1.0,-99.09561818096985,1862,0.1970998925886144,-99.60699427633098,-0.6798863862479906,c8bb0a62c4ac53e47582675a9152cc8575bf8aa480f0520171c7afd1e9ae99d2,14.5
2003-09-10 to 2014-12-31 (eleven years),1741,108,0.1,1.5,-94.94275518485996,1106,0.19258589511754068,-97.85870274896207,-0.5485453554112738,92efd6d4e4970798dcf57becd51d11e658040fb1c542285db55694de9e4d4035,17.9
2003-09-10 to 2014-12-31 (eleven years),1742,108,0.1,2.0,-40.63949879732163,677,0.21270310192023634,-72.94407408784707,-0.0015979955914313616,43a3d681ddafb85781ec53911e744b1fda0a28538ed31c31752c541dd23c919a,19.6
2003-09-10 to 2014-12-31 (eleven years),1743,108,0.1,2.5,16.861825241316065,440,0.22272727272727272,-58.33775906688074,0.1993602697590221,2b3ec6445b040e4b382750c85e27a4384100c78385ced2cbf62473393cf93602,21.2
2003-09-10 to 2014-12-31 (eleven years),1744,109,0.02,1.0,-76.16701964167972,567,0.20634920634920634,-87.61732967659078,-0.3169276835596868,14e0c01f305b7385af8a0334caa0aa98369f89d4de9ee14af2d63a4a6a7a420f,12.6
2003-09-10 to 2014-12-31 (eleven years),1745,109,0.02,1.5,-17.298436757267392,460,0.2217391304347826,-65.4459844955785,0.08239228506577013,465c3bdc3da2c0ece36190b4aea7830970a9151baabcd73174c22a3177c47c62,15.5
2003-09-10 to 2014-12-31 (eleven years),1746,109,0.02,2.0,80.83396768207714,352,0.24147727272727273,-61.68645287167467,0.38291603850224665,112078cfcf866c0ab292b1267485dfee5f2066689962190cf03c9826a64b535f,16.8
2003-09-10 to 2014-12-31 (eleven years),1747,109,0.02,2.5,87.64929837774213,290,0.24482758620689654,-50.34073065203701,0.41790417176091676,335dfe449c9190f7cdab92eb6cdeb01b15776fc0358d5eff3df22d92d80dafd7,17.0
2003-09-10 to 2014-12-31 (eleven years),1748,109,0.04,1.0,-94.29188410896812,1002,0.19560878243512975,-96.80370157405403,-0.5541511287991078,67d80ce50d9875265a7eb88e3194f110e68b87d09e0cc715ff79410c405f556c,13.5
2003-09-10 to 2014-12-31 (eleven years),1749,109,0.04,1.5,-93.68893699654464,772,0.18523316062176165,-96.54461370014252,-0.6605950524304993,bbd190904f30c1f696eac05c0856eef0cfdd3544a55198a8b06f169d8897224c,16.7
2003-09-10 to 2014-12-31 (eleven years),1750,109,0.04,2.0,-60.99783044652547,527,0.2030360531309298,-76.27354304100066,-0.18894628045853049,c0575de51add84e185f1dd8610aaf2997254436391b44ef0ae9427e1786bd3f6,15.8
2003-09-10 to 2014-12-31 (eleven years),1751,109,0.04,2.5,-24.35868292010819,367,0.2125340599455041,-51.378009646143866,-0.0021585676917991238,86c757cca99654494082655d5b59420b98a35e0a3dafad667f2b1c9c4a435530,18.8
2003-09-10 to 2014-12-31 (eleven years),1752,109,0.06,1.0,-96.60758469125768,1299,0.19784449576597382,-98.7930111703475,-0.5554079606206161,469d1e3f11c4c1b0e639fd27b2e6cfcdc703e7f99923a2cfb971b93706b8939d,16.1
2003-09-10 to 2014-12-31 (eleven years),1753,109,0.06,1.5,-91.94664561794424,863,0.19119351100811124,-96.0196291410276,-0.5288862523041096,9bd3315be70836852036d504d7d13370da7a12dc849de67181f10e67e0018f06,18.4
2003-09-10 to 2014-12-31 (eleven years),1754,109,0.06,2.0,-77.1386829169731,592,0.19256756756756757,-83.00592402933165,-0.3542115146966879,6ca1f2d9e6c649e6e1e302b669589f7b267bf1f5d0fa769914ba30a451d41360,20.0
2003-09-10 to 2014-12-31 (eleven years),1755,109,0.06,2.5,-66.98014342462622,410,0.1902439024390244,-78.35254001684432,-0.3434057558813909,98ee70d0854539f19463282be8b0b28f7617313a4f89617e1649873dbaad8bbd,20.8
2003-09-10 to 2014-12-31 (eleven years),1756,109,0.1,1.0,-98.87127412465514,1804,0.19678492239467849,-99.71028037729658,-0.6274930300455203,419e74236a7af35d655aff9ba1c8a867714e29570a435f39172e36d26faa071b,16.9
2003-09-10 to 2014-12-31 (eleven years),1757,109,0.1,1.5,-65.50582926647928,1067,0.20899718837863168,-90.93039588640653,-0.06621414331942267,41fe73fca47b0604c48adb0721b2de602cf0c3b8f4fe6e364436b14107f7d45e,18.2
2003-09-10 to 2014-12-31 (eleven years),1758,109,0.1,2.0,-32.644761848253836,613,0.21207177814029363,-73.36176606850795,0.026136063685833367,011ab81dca9dba094b2b9ed54880c56541ebf4ba20f8df2290f97b5edc8fe13d,20.0
2003-09-10 to 2014-12-31 (eleven years),1759,109,0.1,2.5,22.02543959941615,389,0.2262210796915167,-51.843261102911754,0.21318051436326405,eb7c850cb22678ce44fc9282df3bb22aa2c8e2964532b41ae33779713a871c97,20.3
2003-09-10 to 2014-12-31 (eleven years),1760,110,0.02,1.0,41.176010769506526,508,0.23228346456692914,-41.37265359994251,0.2752846172101938,bf110a3bec6f295985a18853ce577e6caf54c528a3849d080a8b7ee0325de1a6,11.5
2003-09-10 to 2014-12-31 (eleven years),1761,110,0.02,1.5,18.35661823125513,438,0.22602739726027396,-51.846741187194176,0.20629398068317978,5091653243c2dde68f8afa7ae27c61f44b011bf0d9f4afb504ce25d3f8f65f2b,13.1
2003-09-10 to 2014-12-31 (eleven years),1762,110,0.02,2.0,26.1538226938764,345,0.2289855072463768,-52.23768303810118,0.22686352095881737,8d3bf269432ebff4b7fb9c3cc247610311eaa56cf8e7e594e8bb606718aac8df,13.4
2003-09-10 to 2014-12-31 (eleven years),1763,110,0.02,2.5,61.91489349933404,262,0.24427480916030533,-51.05385157804816,0.3495879737345422,bd0b6de58cf0c5af34caf5225e61d6d164b6ef3433bcfc9a6206acd18e42538d,16.4
2003-09-10 to 2014-12-31 (eleven years),1764,110,0.04,1.0,-98.65356330936403,953,0.17418677859391396,-99.11330206196895,-1.0456309174219536,6bec761c04ac0032570afe6815f396aa2a3e75dc8b9bae33d0718e43b4436bbf,12.4
2003-09-10 to 2014-12-31 (eleven years),1765,110,0.04,1.5,-77.02422604546449,695,0.1985611510791367,-86.89054504047692,-0.30451366466898905,f8135ae596417d0cc01fcf16d8e851cd7fc0d48718a79a0e768e1c67ca56b82f,15.4
2003-09-10 to 2014-12-31 (eleven years),1766,110,0.04,2.0,-15.019284163792118,501,0.21756487025948104,-68.69869789086414,0.09003561266855747,2051e3b69dc24b7e4055a0deedcc37f54d410dc13f9886601560f32fc0276504,17.1
2003-09-10 to 2014-12-31 (eleven years),1767,110,0.04,2.5,-21.00287171945171,376,0.2127659574468085,-59.13260134715793,0.018537079280359026,181a8b26ace7c54bdc549aaaca485a7613b83f76381a15e1641633f5c5c3e6d2,17.7
2003-09-10 to 2014-12-31 (eleven years),1768,110,0.06,1.0,-95.61234642838046,1317,0.2012148823082764,-97.34195950871344,-0.5059228011370429,6579f6af12bb97d5677a7358ad71594a8573b66e1e73db5445ba659c53615276,11.9
2003-09-10 to 2014-12-31 (eleven years),1769,110,0.06,1.5,-64.95730818261374,866,0.20785219399538107,-86.87139482072101,-0.1110882146028981,964a33e28f9eb15da908a949d3ad5d3e4ea4e03c31faf78b09df88b122a38d40,16.4
2003-09-10 to 2014-12-31 (eleven years),1770,110,0.06,2.0,46.616184792975865,557,0.22621184919210055,-66.12718948673148,0.2907498329309667,b6bc067a7103701e9342ca2595d74ef93565b043867aa6547691033b61cf5c4d,17.6
2003-09-10 to 2014-12-31 (eleven years),1771,110,0.06,2.5,113.82167095628033,347,0.2420749279538905,-53.57688869018617,0.46035215091730897,1104d43207d7a7016c33cb54c20395ddc65928469bfbee80fc37ebfd66b1dfcb,18.8
2003-09-10 to 2014-12-31 (eleven years),1772,110,0.1,1.0,-99.36466238395883,1806,0.19490586932447398,-99.58092690139013,-0.7592474460438389,bd7f933728fe1a2b3e626b722893e84e99b1d434561399c7821a5014b8fb61a4,14.6
2003-09-10 to 2014-12-31 (eleven years),1773,110,0.1,1.5,-92.74855202972613,1081,0.19703977798334876,-95.61512271868563,-0.46750817023060276,e9dc8758ca6adf2d9c6716f83c9fec163b3977cea2f174518e66dae1bfe06d16,16.8
2003-09-10 to 2014-12-31 (eleven years),1774,110,0.1,2.0,-54.872518896675906,656,0.20579268292682926,-77.22127758317612,-0.09600441941865354,3a1c5a221c106063f9d219959ad691f9197bac463eba3799726bc482cdc85456,18.0
2003-09-10 to 2014-12-31 (eleven years),1775,110,0.1,2.5,-24.568254936701596,423,0.2127659574468085,-57.30731362825069,0.013520612532592239,a900dbd46dbdf1efd5f6d9a5f22cd782bc0c2a5b2d8b8b21d4da7568b5e1ebab,18.7
2003-09-10 to 2014-12-31 (eleven years),1776,111,0.02,1.0,-90.14829237029764,539,0.17625231910946196,-90.60685795354782,-0.6977495968236191,ebb3f147740fcd4cb48724b64b6afcdf26cfe186d7468e62abd527fea67f3527,10.1
2003-09-10 to 2014-12-31 (eleven years),1777,111,0.02,1.5,-64.24082883936006,431,0.1925754060324826,-69.91699259147556,-0.2757746746220792,b340808f22c25414f108b16d8b372e0fa43b4df68f56a89004fcabe04883dc8d,10.3
2003-09-10 to 2014-12-31 (eleven years),1778,111,0.02,2.0,-64.00643004642063,361,0.1883656509695291,-68.43486618950556,-0.3427181224785862,fb25acd5641031e2048c1f22f2a64d782d5bc5b05c2c147bd1067c6619e5c4c8,14.1
2003-09-10 to 2014-12-31 (eleven years),1779,111,0.02,2.5,-35.484665737949015,283,0.20141342756183744,-67.56038364188801,-0.10323603874046358,8916ab8ae2246457e933cb9eee9e8bf642c66b894ca9ef95a4b7ed23f1ccd131,16.5
2003-09-10 to 2014-12-31 (eleven years),1780,111,0.04,1.0,-90.14508838598624,990,0.201010101010101,-93.97390911059891,-0.40037187038525723,8e0410a9fab02beed9e0d4a60b5922c7e1823d31ed1de7ef4b0c1dfa6ca67f60,13.4
2003-09-10 to 2014-12-31 (eleven years),1781,111,0.04,1.5,-89.65915364064585,745,0.1906040268456376,-94.48774561813079,-0.5265120678878582,d0b5e9c72367c67f2c0c7e9b51025417d738eeefa83a906f5cc0576a310256bf,15.4
2003-09-10 to 2014-12-31 (eleven years),1782,111,0.04,2.0,-50.84911395580725,524,0.20801526717557253,-74.51012163066592,-0.10477006000250473,23c98fe3aa9d6744eb1aaeb57e233604c5d7e2e7c2dbd0899d906c1752c5eecb,17.0
2003-09-10 to 2014-12-31 (eleven years),1783,111,0.04,2.5,-24.8647700618636,365,0.2136986301369863,-59.079422784051296,0.0019025081328308622,acb359bbc0302fd19c2fa1c142a4af1a9e692c7f9ae364005b041c735d6889d0,20.1
2003-09-10 to 2014-12-31 (eleven years),1784,111,0.06,1.0,-98.52111686499208,1326,0.19155354449472098,-99.027784507005,-0.8003633458683544,bbfaee6d582b2aec5b508a6c8c0154f50b7f5b3121a870743a4ea3a65ddc7484,13.4
2003-09-10 to 2014-12-31 (eleven years),1785,111,0.06,1.5,-72.2544975053796,912,0.20723684210526316,-84.72840060567196,-0.17344831546443876,4abcb32b6053c5d58931d9fea9ee5fba26476c02227c30df013db05dca911f6f,17.4
2003-09-10 to 2014-12-31 (eleven years),1786,111,0.06,2.0,48.08024767623194,590,0.2288135593220339,-62.35569797459899,0.29585131228938105,68aca05236be473e07553e441854cb4555c5fe64ad15a7f0e763fec7bcf915f2,19.1
2003-09-10 to 2014-12-31 (eleven years),1787,111,0.06,2.5,124.027619933528,384,0.2421875,-42.97703754916641,0.4666709265937272,3792ded5ffc1ac66b05ec9ce7b1ab5334ce19ada2c200f72bbac37aa07347410,21.1
2003-09-10 to 2014-12-31 (eleven years),1788,111,0.1,1.0,-98.81840846105699,1766,0.19762174405436014,-99.41095229103064,-0.6535582004095073,a7b460627bde18945315025c64bf1203f45bc94659d30ba4a3220262dd2282fe,17.1
2003-09-10 to 2014-12-31 (eleven years),1789,111,0.1,1.5,-85.05375800409067,1091,0.20073327222731438,-91.56921243368397,-0.2763524531734995,c000f27f88f6837fa2772aeeaf126fae3bda3c66535fd3c55752ba6c42f5fcf9,19.6
2003-09-10 to 2014-12-31 (eleven years),1790,111,0.1,2.0,-24.115949335177895,678,0.21386430678466076,-73.6834703333048,0.07541895354547154,64766ebd3ce5016b0f4e1c76c1edeedc87b222ee1f4d6104b4037a0bf6a00ab0,17.8
2003-09-10 to 2014-12-31 (eleven years),1791,111,0.1,2.5,56.88398381362926,369,0.23035230352303523,-49.59988556034393,0.31932533914954947,938bf31d6778e3ac4fc4238552eaa44822657e6b5d99fd3397da7fdf1c78ce36,18.7
2003-09-10 to 2014-12-31 (eleven years),1792,112,0.02,1.0,-76.12567964195229,550,0.2,-84.70007001255398,-0.3360771426373644,19a15141d08f9987b096d60f552743746b6141ff5003bb42e4191c56f5edba29,10.5
2003-09-10 to 2014-12-31 (eleven years),1793,112,0.02,1.5,-47.94381380401789,451,0.20620842572062084,-73.25277695574788,-0.09064317881347014,25ff86ea7b8df1aad6dc40c86b4eab2cbc943c1f3f4927c450592241092d367f,11.4
2003-09-10 to 2014-12-31 (eleven years),1794,112,0.02,2.0,3.4965512623900623,361,0.22437673130193905,-58.669641955284725,0.14502274233538445,7f4f57399f8f27ae03fd0dca8af07be2b991db0dee1d1bf441b1d414609e161a,16.4
2003-09-10 to 2014-12-31 (eleven years),1795,112,0.02,2.5,119.25515834031322,271,0.25461254612546125,-43.20137726979127,0.49422893717211985,fabd48793b68566456de929241d9d4a0078d1415d2a00d8082b33bde96242706,16.8
2003-09-10 to 2014-12-31 (eleven years),1796,112,0.04,1.0,-97.61843099640677,980,0.1846938775510204,-98.15950964678755,-0.7689323521203933,c52c32fde937de9c0c376476c960edaf1ee9c358d954c2fb538d40e424ddbac1,14.8
2003-09-10 to 2014-12-31 (eleven years),1797,112,0.04,1.5,-74.8405306087174,700,0.2,-85.78852258247774,-0.2635972252111038,a504a0465d337e1af5c1c99f97261a65a30015de9996f98a7c23fa4a0f5aca5c,17.1
2003-09-10 to 2014-12-31 (eleven years),1798,112,0.04,2.0,-55.91899303840332,519,0.2023121387283237,-75.90942085961372,-0.16024621937738776,8ed4f4b6800831afa276b66c82cbdf7463ca412900ec9fe9ab4e6c8335ef0514,17.9
2003-09-10 to 2014-12-31 (eleven years),1799,112,0.04,2.5,8.255809003993818,344,0.2238372093023256,-59.111524058892904,0.15735024206030934,4b6a7d95a3ff2852616d82381cccfb7e0480759e839380bf0c8f5973b5057424,20.8
2003-09-10 to 2014-12-31 (eleven years),1800,112,0.06,1.0,-98.93989992202371,1259,0.18506751389992057,-99.38259783472631,-0.8313336502422262,538cba885a5b4c9c09ab6c59ce0ee3aff6329f4dd393316d04d7fc8c0bea698c,15.0
2003-09-10 to 2014-12-31 (eleven years),1801,112,0.06,1.5,-93.74168046862204,892,0.1860986547085202,-95.53221909052878,-0.6060740115848781,400ea9fad67439e9ad12e5ce503ddc1e4f16ff948fa9d68d77c5de6fe85e0425,15.9
2003-09-10 to 2014-12-31 (eleven years),1802,112,0.06,2.0,-23.356315350761424,555,0.21621621621621623,-67.87669508509049,0.06695601811700097,d2d3275cf26bbc85d066125f7f0f47694e9345769c194756b6fd08eec8917490,18.2
2003-09-10 to 2014-12-31 (eleven years),1803,112,0.06,2.5,79.3701277485941,354,0.23728813559322035,-48.38868163549248,0.3770329954284868,e8d3e0a8d1161e0c7957fa2c7485eb34c3e5c860a6672438739e1734c5e9e848,17.6
2003-09-10 to 2014-12-31 (eleven years),1804,112,0.1,1.0,-99.89880283018984,1795,0.18440111420612815,-99.91104280628488,-1.1765216003075798,64140cf7e7e6ad65fd619715fcf4aa28218ead7ead72d1727bc3dce934eb9cb4,15.6
2003-09-10 to 2014-12-31 (eleven years),1805,112,0.1,1.5,-90.32434884178173,1071,0.19981325863678806,-93.70390165405827,-0.3998223632329002,1852a099ac369974e2c92c8f2d0520507c44cb0759a2d95f9a94d5c0edd37345,17.9
2003-09-10 to 2014-12-31 (eleven years),1806,112,0.1,2.0,12.614471722452336,667,0.22188905547226387,-66.81942408717067,0.20821427742158535,f08c02e81dd6cc54f9e9cf580b70810976165a3c1099b8e8986847af9de9470f,18.7
2003-09-10 to 2014-12-31 (eleven years),1807,112,0.1,2.5,142.2503069067782,377,0.2440318302387268,-49.0868108421974,0.5018682594300663,e5402aa623d78e638308b4fc645f93dd557cfa4fa7f62219a304492878a0a09c,18.8
2003-09-10 to 2014-12-31 (eleven years),1808,113,0.02,1.0,-95.59016979677948,564,0.17375886524822695,-97.55933989137543,-0.9372506463932251,f9aadbcf82073fa77e6e67db4b8175cb3ec9f972d9edf03b80719907acc8d199,10.0
2003-09-10 to 2014-12-31 (eleven years),1809,113,0.02,1.5,-90.26710086146231,476,0.17016806722689076,-93.50966464179056,-0.7566269882317535,423dad418cc68c672dbc00ad148e7f607c3cbaa0a550678d02fe18a624c1e5eb,11.9
2003-09-10 to 2014-12-31 (eleven years),1810,113,0.02,2.0,-62.48398342252427,389,0.1953727506426735,-74.78168221939278,-0.30005030222054063,368a4e64d709f6087067510238b62f96f1249ab2fdc7704142a04e414f0b472a,11.5
2003-09-10 to 2014-12-31 (eleven years),1811,113,0.02,2.5,-28.228975844204086,299,0.21070234113712374,-59.125219140844635,-0.04186053710282454,9515a708572474c136c03e77ec0293f1126e30874b50bac653d5b22c8e481415,15.8
2003-09-10 to 2014-12-31 (eleven years),1812,113,0.04,1.0,-97.42646124108568,969,0.19091847265221878,-99.29510222906397,-0.7721470416356722,50ce9dd7c3af193fa12c5b8e6d5ac9d320ef6f9cbeb6a5a6a8cbe5392c6f1319,13.4
2003-09-10 to 2014-12-31 (eleven years),1813,113,0.04,1.5,-84.7166737558401,725,0.19448275862068964,-90.99911013265746,-0.4114511631227874,3e0ba814bb1af53db592ec8aa73525d33a717fd915a7c10ff03b299e98f64867,15.0
2003-09-10 to 2014-12-31 (eleven years),1814,113,0.04,2.0,-49.85609725116206,528,0.20643939393939395,-82.21077548178606,-0.11608005645780986,608749f7dfc18974d629599a0dbe7e4edee390703a7b68c854e77bd9710dde46,16.5
2003-09-10 to 2014-12-31 (eleven years),1815,113,0.04,2.5,55.59335281148993,359,0.23676880222841226,-45.62438730627601,0.3190167815739274,9d0bb8b6f9c1dff6accf367da87eb0e9a2668a3c4d8bd949950b872905a7db89,18.3
2003-09-10 to 2014-12-31 (eleven years),1816,113,0.06,1.0,-99.2825260949944,1300,0.18692307692307691,-99.44924540370347,-0.9482873876455292,f235c98cd517b36c8ec3d6be2a9bdf37a083d25d5d47059b3da30e971e3d5acb,15.1
2003-09-10 to 2014-12-31 (eleven years),1817,113,0.06,1.5,-69.20976876307729,906,0.206401766004415,-83.40602228464425,-0.14140910053597971,e106f693b3e446730d0054121daf610cf5836b32cc08592aef0d0bd048ec0cc2,15.2
2003-09-10 to 2014-12-31 (eleven years),1818,113,0.06,2.0,-49.7340675104196,578,0.20761245674740483,-74.18473880376831,-0.08822275024426131,cc08e85d14d96b2c625ce173d4c0ace36f38c449ae4f4134b6f28a517d16b473,18.0
2003-09-10 to 2014-12-31 (eleven years),1819,113,0.06,2.5,-16.51101544128215,397,0.21662468513853905,-54.304475436681166,0.05099561982538955,af0b22b0c60e1d2381a81417f3f8252f15527c5a0328a151fac0d27be6d699a8,19.1
2003-09-10 to 2014-12-31 (eleven years),1820,113,0.1,1.0,-99.93445198870783,1822,0.18331503841931943,-99.95736243754432,-1.1837264515354142,0af02a70275801fd710987e1450eb1ad554609d7ec45af624f1f97865f52c8d6,17.2
2003-09-10 to 2014-12-31 (eleven years),1821,113,0.1,1.5,-91.97357647606832,1118,0.19767441860465115,-95.13280751951353,-0.43664598536809685,197507c079b582a377e553abfc3a5f28597939118c8c4a46490b330754e9feb2,16.9
2003-09-10 to 2014-12-31 (eleven years),1822,113,0.1,2.0,-39.60231130807668,693,0.21212121212121213,-77.40074867133863,0.008166578752102523,b7a795e5641dca79968d90b39b7735fcbe9946f0cbec78f2e1f671f6499860c4,19.1
2003-09-10 to 2014-12-31 (eleven years),1823,113,0.1,2.5,98.90942760868853,384,0.23958333333333334,-50.75797219484465,0.4133596503841831,775f49c07b0187526aa26787afd7a1e694ad913da013b420048bf9664e9951fe,18.1
2003-09-10 to 2014-12-31 (eleven years),1824,114,0.02,1.0,-81.4735628928946,599,0.19699499165275458,-92.49138799702273,-0.43589972978426533,70f2fc8699d2759a5370aff399a574a40787a6167dec9f6328f2f59e4b9e4109,9.9
2003-09-10 to 2014-12-31 (eleven years),1825,114,0.02,1.5,-75.39929047052881,492,0.1910569105691057,-91.90042891207166,-0.39886792577632596,13eca789499e38db791e48c016ded582bf7d4a3909a76e6ba8bc244b4cfe8692,11.8
2003-09-10 to 2014-12-31 (eleven years),1826,114,0.02,2.0,-50.95142547724222,391,0.20460358056265984,-75.69350104721411,-0.17177824506942926,9299af3a7487a50762671d3fb3c9b01e73a145256e797750eba1524e1907bffc,13.2
2003-09-10 to 2014-12-31 (eleven years),1827,114,0.02,2.5,-27.696104799461956,308,0.21103896103896103,-63.871186790659706,-0.03842103688351018,f5e0bca1f891b1082b74f471dbd90e29f3904fb695a88df49f1b229d87d239de,13.9
2003-09-10 to 2014-12-31 (eleven years),1828,114,0.04,1.0,-86.09350015236772,994,0.2022132796780684,-91.57083653112788,-0.3260116882695609,6fd7d64a556ba4009553386acec678ff2efe883854bf4c67b7a16dd386f4b287,12.0
2003-09-10 to 2014-12-31 (eleven years),1829,114,0.04,1.5,-82.21023139371029,719,0.19471488178025034,-91.89977716752742,-0.3708402702720695,8f62202db6a924a7c51c0eb5dbd8da49a5fb6be7eadbf455d0c8b93a6a0f32a8,14.6
2003-09-10 to 2014-12-31 (eleven years),1830,114,0.04,2.0,-70.65549340213245,489,0.19631901840490798,-82.06964375703994,-0.3193134583405914,7a2815d8f1a0a20630548ec525d5822fa6d3f4c4923525b1d50f9e8c11a10da7,17.5
2003-09-10 to 2014-12-31 (eleven years),1831,114,0.04,2.5,42.7252078212886,334,0.23053892215568864,-43.22125095930516,0.2823086604798586,31b4edb68c2a7eb8790c5f4b4e315a64726b5311acfaac49fc1c55d94747c5de,19.7
2003-09-10 to 2014-12-31 (eleven years),1832,114,0.06,1.0,-93.80899616748216,1307,0.20122417750573834,-97.3908754365208,-0.42880671266774495,0c46f50bf0f88fa605ac1b021197337233018964b3d452656c63796a624fc0b0,14.5
2003-09-10 to 2014-12-31 (eleven years),1833,114,0.06,1.5,-77.23844541382289,882,0.20294784580498867,-87.11937877493096,-0.22908891117964436,67b3403e109ea709419a051dfa57192e362790880ba8a8abc23a2e8b3e2f2b66,16.3
2003-09-10 to 2014-12-31 (eleven years),1834,114,0.06,2.0,-23.476704513425982,565,0.215929203539823,-65.25797021954516,0.05925600547721929,5396bcdb03a46f054c667d1a67f82c6a5a3f32b72b620a3a9b1313a59b2e3973,17.7
2003-09-10 to 2014-12-31 (eleven years),1835,114,0.06,2.5,-9.614486850384257,372,0.22043010752688172,-48.70670972865171,0.0838176082139015,afb2e05227cd980cf78659ff66f59529decc167fe21abbb96a877533410c1b0d,19.1
2003-09-10 to 2014-12-31 (eleven years),1836,114,0.1,1.0,-99.92028019315532,1801,0.18323153803442532,-99.96621656695623,-1.1770587146762717,0b15a00582a192898f3061d3750216e7a7e6ef9b991b6f5323bdb0308c732fda,15.7
2003-09-10 to 2014-12-31 (eleven years),1837,114,0.1,1.5,-96.46195918304376,1097,0.18960802187784867,-97.81562826876899,-0.6483979127050508,bc4bb9d1bba661070f4fbf7ff56ab9746a196e3366eddf901adb149ecdeed54c,17.9
2003-09-10 to 2014-12-31 (eleven years),1838,114,0.1,2.0,-27.120821179501597,685,0.21605839416058395,-80.29931126662434,0.06584439328251787,2e43ff4fba1a0f6542302cd0d8b50f8d0499ba260727327fab73d9f36db2e290,18.4
2003-09-10 to 2014-12-31 (eleven years),1839,114,0.1,2.5,-10.75784538207784,404,0.21782178217821782,-58.22051282812225,0.08753112915147997,94bce6418fab29431bcecd1f32cf9bca81a77d81922f5ce53bfa60066e5b5f84,18.2
2003-09-10 to 2014-12-31 (eleven years),1840,115,0.02,1.0,-92.74619614880696,577,0.17850953206239167,-95.13553753537118,-0.7779703991885814,3aebaed84e848703511cf35d1b9f670557e2bf15bb8c804eef6e5f2d00db54ae,9.7
2003-09-10 to 2014-12-31 (eleven years),1841,115,0.02,1.5,-74.99344636117881,491,0.1934826883910387,-85.70981150240613,-0.4092170630309544,ac0ad9afd36fbf6551c63ebdb6648b4a700f64f566bb50d095e6350b270895fb,11.5
2003-09-10 to 2014-12-31 (eleven years),1842,115,0.02,2.0,-65.73824632277484,380,0.19210526315789472,-78.45048121083883,-0.3125619859528524,edd3bc6657afc7055c84c2431f1aba6433bdcffdc7ef6ceaa89a3757981f20d0,13.5
2003-09-10 to 2014-12-31 (eleven years),1843,115,0.02,2.5,10.548799127454563,283,0.22614840989399293,-43.99142079859312,0.16348660477481114,34420a103691d8111e7a4566ad5bfc5e9f5874af4d99824308cb0efcd8b1c2a5,14.3
2003-09-10 to 2014-12-31 (eleven years),1844,115,0.04,1.0,-93.18862346947968,973,0.1963001027749229,-96.97780321709845,-0.5439742414804293,96a3231dbeeab2d770a241a55efcf447ae21c62eb5bd234a4ee26eec1e8bfae6,12.0
2003-09-10 to 2014-12-31 (eleven years),1845,115,0.04,1.5,-66.15106074106787,715,0.20279720279720279,-88.75313694803589,-0.16798224199874293,ca255277aa78a17da7834e09e104496920fefe605371d0b7872d9de166fbcabc,14.0
2003-09-10 to 2014-12-31 (eleven years),1846,115,0.04,2.0,-1.1054325255209825,488,0.2192622950819672,-66.39272087669515,0.1390859293525335,8a4c2ada1a699eeaa605f2a8f05c651b3e9e8cd23c40f6f4330604d8a21715b5,18.0
2003-09-10 to 2014-12-31 (eleven years),1847,115,0.04,2.5,51.002251308348164,339,0.23303834808259588,-63.118085228831134,0.3084595810136847,2a7e20b02950fa11b0e6d9f962045be14dd3485c49a921dd3bdab54831a68944,18.0
2003-09-10 to 2014-12-31 (eleven years),1848,115,0.06,1.0,-98.20249833082781,1322,0.19062027231467474,-99.2344686468468,-0.7197858391311014,d16476b9da24decb1b7a55407d1dec2b0f61603181dc113f2eff02c91ec94df3,15.3
2003-09-10 to 2014-12-31 (eleven years),1849,115,0.06,1.5,-83.78000004654386,850,0.1976470588235294,-93.41037181375711,-0.3137590255853659,7909fd4d3338870589f5a03f54695ceb853747e675f540e4c71f7e519db2c27c,16.9
2003-09-10 to 2014-12-31 (eleven years),1850,115,0.06,2.0,-51.908438246326085,578,0.20588235294117646,-80.93194209023386,-0.09698569365162182,7b7a3264a1df59272c17b913c67cd55796b56628503cc8fb9b8d8105bbc4b173,19.2
2003-09-10 to 2014-12-31 (eleven years),1851,115,0.06,2.5,-26.416705489802904,390,0.21025641025641026,-65.01229290249407,0.005786314944593944,092e1a04d52801ac847695911b83a16e3f6b125183a62a6dccd17ed9e992f33f,17.4
2003-09-10 to 2014-12-31 (eleven years),1852,115,0.1,1.0,-99.68855113213209,1831,0.1938831239759694,-99.7896160719015,-0.8592507581514199,d3b91e00da6ead6cc6592cf5019a7a1bdfb37766fc5bd73190da759d17798069,14.7
2003-09-10 to 2014-12-31 (eleven years),1853,115,0.1,1.5,-92.80963562568341,1066,0.1951219512195122,-95.6869604833354,-0.4737929090882707,40006a0cd889f9a2ce7f96e89eeb62d26c5ceb167127a759e0685749b180cc76,18.1
2003-09-10 to 2014-12-31 (eleven years),1854,115,0.1,2.0,-23.969681252461715,638,0.21630094043887146,-76.394110202558,0.07714294535548873,584f58d6222d915ca78ce09ac20473d3fa76f54ccafc42f861fe9795efc2a096,18.5
2003-09-10 to 2014-12-31 (eleven years),1855,115,0.1,2.5,47.554915488709284,426,0.2300469483568075,-52.84562919622602,0.29292119352180973,3f9df65bb164c9077da013883f5671f8eff52c56f5558e842ce79e4e9aa3ddca,19.9
2003-09-10 to 2014-12-31 (eleven years),1856,116,0.02,1.0,-95.58672912198702,574,0.16898954703832753,-97.48083726358925,-1.0318538640105723,5b842f1ce5c6b5d93f37163d9bf83643919680a5516de468d40a59e77c29265b,10.8
2003-09-10 to 2014-12-31 (eleven years),1857,116,0.02,1.5,-89.37289667627046,481,0.1704781704781705,-91.79116645076336,-0.7642305590183218,417996fed7e34c76c7d0308b0efea3e233648fa5e8832659e91c284ab66011dc,11.8
2003-09-10 to 2014-12-31 (eleven years),1858,116,0.02,2.0,-61.53528222345267,387,0.19121447028423771,-77.1542633714912,-0.3026681065641424,9672db3f3322da332e8baa6571ee79b18b7283dc150d1de6a8a4a93f5cd1ff41,14.4
2003-09-10 to 2014-12-31 (eleven years),1859,116,0.02,2.5,-39.85082615779328,323,0.2043343653250774,-74.26969127048018,-0.13196780630803118,1fb454749bcd4d2a7b9a1f85cd84b19a7ec357668fc1e02a11bd615f3f4c15f7,16.0
2003-09-10 to 2014-12-31 (eleven years),1860,116,0.04,1.0,-98.19566349388673,970,0.17938144329896907,-98.72413203920387,-0.942857012402513,39a1b5d28eb70cf156cc572a1afb8f458f2aa13ba7a80d03d9a84188cd7670a5,13.6
2003-09-10 to 2014-12-31 (eleven years),1861,116,0.04,1.5,-87.88175986825793,684,0.1871345029239766,-89.81486462914697,-0.5119591329641656,cc6604d234a025c5daff173878487fb9fb698c7e2314c38dbcffb6eacb71903b,15.4
2003-09-10 to 2014-12-31 (eleven years),1862,116,0.04,2.0,-65.0737328655571,486,0.19753086419753085,-71.68714627035108,-0.2541832559385171,77a108a1759b5203fe770dc2e35b39c896ab5fe4fdf0b0bccbc7b6f3a0dd9db2,16.2
2003-09-10 to 2014-12-31 (eleven years),1863,116,0.04,2.5,36.71090729207796,353,0.22946175637393768,-50.28878500154255,0.26243342396779246,e13053295e2e4327147efc915cbfd4f8f0c8d60f1fa1c39c89afce984e92b261,18.1
2003-09-10 to 2014-12-31 (eleven years),1864,116,0.06,1.0,-99.03243493234037,1298,0.18798151001540833,-99.23922697652343,-0.857672957064111,ce45b3f13b113c063aa7493364b8e4227e36379b72ed91ff1b6dcd4290f83431,14.1
2003-09-10 to 2014-12-31 (eleven years),1865,116,0.06,1.5,-87.91530832162704,856,0.19509345794392524,-96.22600518840919,-0.40100492865300097,b0819b62c5bad162f5e38b9257423c66a2d7960662ef03dee5491fd080e201dc,16.6
2003-09-10 to 2014-12-31 (eleven years),1866,116,0.06,2.0,-3.934449860525433,588,0.2193877551020408,-72.74289972252382,0.14588907996881645,6abb42c8f806de8e1681febed798663dabeeb03a6d25a9ec55f6da70377a5201,17.7
2003-09-10 to 2014-12-31 (eleven years),1867,116,0.06,2.5,10.087683791050857,407,0.22358722358722358,-58.52976189715693,0.172367175427535,bc9b8133eeb82072b76cbd79099f99ae637266ba5dbf870e4ee4191ede382669,18.3
2003-09-10 to 2014-12-31 (eleven years),1868,116,0.1,1.0,-99.88995114601748,1801,0.18656302054414214,-99.92577261065082,-1.119485544976735,d3ba7e5b4a4bf7fe34df9165b572ab61294e3d7bb2207ef2301c8c16c81a9eef,15.5
2003-09-10 to 2014-12-31 (eleven years),1869,116,0.1,1.5,-97.06105251497236,1061,0.18661639962299717,-97.72523339854082,-0.7073954788868664,3c1c012ba34ddb4d4af57db90904b7a816e39a0aa85b1d46c71b6429aadecce8,18.0
2003-09-10 to 2014-12-31 (eleven years),1870,116,0.1,2.0,-72.48882649445066,657,0.1993911719939117,-83.56440307228692,-0.2632915360359119,0418a3c3aa7bc4b311df371b389802a60156eaa11ebb85df890d71be9a0d978a,19.2
2003-09-10 to 2014-12-31 (eleven years),1871,116,0.1,2.5,24.42224341021035,391,0.22506393861892582,-48.675476470800604,0.22238225951358787,acedd6697b2636ac48d9b56f4efd21069172bddbb41d0077a4cb6edae7822c71,19.8
2003-09-10 to 2014-12-31 (eleven years),1872,117,0.02,1.0,-80.82197314922372,555,0.1981981981981982,-90.37521840733586,-0.42165424606828084,226c054fad87833103395a24cfa0da9fbf504585cf69274f05a37364ee63edb3,10.3
2003-09-10 to 2014-12-31 (eleven years),1873,117,0.02,1.5,-67.11269059398711,458,0.19868995633187772,-80.85197387377605,-0.27924493505968007,1ae23a19cca451a13fb2467e1ed5e83738c919cd2289606de80434383eadb7d3,11.9
2003-09-10 to 2014-12-31 (eleven years),1874,117,0.02,2.0,44.484720758543716,366,0.23224043715846995,-49.68977835060716,0.28656589531885746,e1d634682fff8f6831c0aaafa91eb975f11d7936805b482f708613e3b798e7a8,14.8
2003-09-10 to 2014-12-31 (eleven years),1875,117,0.02,2.5,28.33516633839151,286,0.23076923076923078,-54.1840211746937,0.2344410415054813,dbb10600f02e9b3b1bf5a77781cf98f632ee31044ea936fb6bc6a0e6498a5c68,15.1
2003-09-10 to 2014-12-31 (eleven years),1876,117,0.04,1.0,-98.07770495882633,1007,0.18371400198609733,-98.5529642345466,-0.8978521775053606,cea98a8e36b71a1f2e9da7de143896588c33895370d456cb28ff59a598b2a320,12.7
2003-09-10 to 2014-12-31 (eleven years),1877,117,0.04,1.5,-97.64268898779976,783,0.1698595146871009,-98.26184773180509,-1.0032816093697159,7c7e597087d4d925616053d738e3795be6d7baed56e9e660cab1994936f94ce8,14.7
2003-09-10 to 2014-12-31 (eleven years),1878,117,0.04,2.0,-71.08936624829349,527,0.1935483870967742,-80.08153490819754,-0.3122652950252872,b26c3eef0d0a3865a772c60c18a87ff354d2afe2511a45f4f20f9e95a18d7e2d,16.5
2003-09-10 to 2014-12-31 (eleven years),1879,117,0.04,2.5,9.172817983023947,347,0.2219020172910663,-48.240794670401975,0.16291325664565878,0b9dfde92161a20d8e33465cb683add9b54770908870559b9967533950542e91,17.2
2003-09-10 to 2014-12-31 (eleven years),1880,117,0.06,1.0,-99.10114394526846,1351,0.19170984455958548,-99.3860018271795,-0.846556235403463,71f07ee5f5a31e5e4146f8ab1b7a5ec5713ba05c82b79201c0d97faf846b360c,14.1
2003-09-10 to 2014-12-31 (eleven years),1881,117,0.06,1.5,-78.01195560489401,918,0.20697167755991286,-90.02909292341718,-0.2256024820749028,21a71ae7d77521b0e84af31112efdb78b89e3e63d58cb1dd95188b762e363b3b,15.9
2003-09-10 to 2014-12-31 (eleven years),1882,117,0.06,2.0,-37.92445963443304,601,0.2146422628951747,-79.105392669063,-0.0023198803670094943,7606039420ae132e8a8c4c8fc81564b6f34051df1c2ca4f58d7351b759a30af4,17.4
2003-09-10 to 2014-12-31 (eleven years),1883,117,0.06,2.5,26.936478520268576,389,0.22879177377892032,-62.44840538380538,0.23119916834736823,3f4c0a64b593ecc7b58fa4fa4512e2e2eb957ac2e6b05a6722a85ea8dc5fc062,18.0
2003-09-10 to 2014-12-31 (eleven years),1884,117,0.1,1.0,-99.86737396076558,1793,0.18627997769102064,-99.90686985050688,-1.0698342585057325,2b81bdf203f835f553a8beff04ebea0a6282da20f9f23f3bd825e97cf164bcc3,16.1
2003-09-10 to 2014-12-31 (eleven years),1885,117,0.1,1.5,-88.70912612788648,1048,0.1984732824427481,-92.72897796149948,-0.3502956681858503,e9050182c3cbc3f36c5e69ebc68555bdc5523e673b10321eeacabd7e1e596af4,15.9
2003-09-10 to 2014-12-31 (eleven years),1886,117,0.1,2.0,-48.862410325043946,641,0.20904836193447737,-73.14277750662438,-0.05814726261512207,f330eddd9e070ccc9f2a25fa324f4d098dff3a586d945c76006c11af6eed62fa,17.1
2003-09-10 to 2014-12-31 (eleven years),1887,117,0.1,2.5,-22.27108046800477,412,0.21359223300970873,-63.23227701634294,0.02923473451978459,90a60018533b715f9996b6ba5d1512b34f8818a5f2d8a345253641d8e2eccf3e,19.7
2003-09-10 to 2014-12-31 (eleven years),1888,118,0.02,1.0,-91.64130084985754,584,0.1780821917808219,-92.66254854630895,-0.7593905396767855,4e9c5370031d6c98bd65571f2398782b76e881c436e92d1ab2a554aa0398671b,10.9
2003-09-10 to 2014-12-31 (eleven years),1889,118,0.02,1.5,-91.59620349335884,488,0.16598360655737704,-92.43683386587128,-0.8275035778659716,de2ba5f2ddad97f94f7d32142af2ead916a6e73664cee81393cac32359a068e3,12.6
2003-09-10 to 2014-12-31 (eleven years),1890,118,0.02,2.0,-85.90889885854281,411,0.170316301703163,-88.8742085659778,-0.746575834255531,045a9d447b0c064a037eb653717252167bd3cfd888793ae4248722a8b4469a95,14.2
2003-09-10 to 2014-12-31 (eleven years),1891,118,0.02,2.5,-45.839918124605525,310,0.2,-76.10013922665304,-0.21490813918276191,4f54f0c57180447e6e5db116c9ea547699617625e2fcf9857f03ba5fda5507d3,16.5
2003-09-10 to 2014-12-31 (eleven years),1892,118,0.04,1.0,-98.74366632806758,943,0.17497348886532343,-99.09665344149829,-1.0407130718852227,80c088c4eac2c639f8c92ceae0fa2c9138ec7ae6650d34fdf70034f4a4a50057,13.0
2003-09-10 to 2014-12-31 (eleven years),1893,118,0.04,1.5,-82.0882566372395,699,0.19456366237482117,-87.54247525569845,-0.4072337436195865,e3a28b5e951a2476987ad362ec64040c5c91d3f7fb509a1c002adb19ab9140c7,14.8
2003-09-10 to 2014-12-31 (eleven years),1894,118,0.04,2.0,30.880307896910754,478,0.22594142259414227,-54.692970344974334,0.245636231074334,58c3e103a869fac41bc64aece7340500ca3f78c42ed07722395cfb758c04c673,16.5
2003-09-10 to 2014-12-31 (eleven years),1895,118,0.04,2.5,-5.433646148948099,317,0.22082018927444794,-52.217967579848334,0.09494094017407863,b3f4d3e937e96668b8bb5536fca4073d198d12dd7cc144fbff870d352ace8e34,18.4
2003-09-10 to 2014-12-31 (eleven years),1896,118,0.06,1.0,-99.72115858060626,1360,0.18235294117647058,-99.78689584714195,-1.1439962305177278,e5b0f0926c6e373132336012dcbfa8d9427577def7d7a952951ad690ea882288,13.7
2003-09-10 to 2014-12-31 (eleven years),1897,118,0.06,1.5,-95.28122805984133,887,0.1871476888387824,-97.03647287839983,-0.6979335516355318,12d8a6c8908c63919930bfa388693b8742def81693192535495b27771b13306e,15.9
2003-09-10 to 2014-12-31 (eleven years),1898,118,0.06,2.0,-54.073802658447654,586,0.20648464163822525,-72.79514675094923,-0.13638323134014463,ec5e21899a97bcdcaa2a98125475407f3ad1031f0dfed4f4a655f73dbf15bceb,17.0
2003-09-10 to 2014-12-31 (eleven years),1899,118,0.06,2.5,46.01263649549485,375,0.232,-50.59477760542899,0.29125059927511254,5daf048672069358c766d2becd00cc45eb32d1af7fcb4a8bf1f44fe67f1923b9,17.6
2003-09-10 to 2014-12-31 (eleven years),1900,118,0.1,1.0,-99.93274025362126,1852,0.18196544276457882,-99.96483064796318,-1.1957756314035592,efb395e676ceedaccba6b71e27b5de1cf6d116c9b9a716bfca92628939acb0be,15.3
2003-09-10 to 2014-12-31 (eleven years),1901,118,0.1,1.5,-95.8246803050775,1098,0.1894353369763206,-97.94795131952282,-0.6077733091840015,62b2a6678e31ac088a8941e2ba2ca401dad89237aa0be72186340332dcdffadc,17.5
2003-09-10 to 2014-12-31 (eleven years),1902,118,0.1,2.0,-47.77182719892954,649,0.20955315870570107,-77.89979963153822,-0.046450562717336,5fe90fab480d9b10242aa01ed1d7ba951111c3e6fece82221eff5ef4447cdfdb,19.4
2003-09-10 to 2014-12-31 (eleven years),1903,118,0.1,2.5,87.89410960365421,423,0.2364066193853428,-55.06271816011146,0.3890538009584358,5168f2b5f74ce87950191f8743f090a068973410970c1db19bc312e35eb223a1,19.3
2003-09-10 to 2014-12-31 (eleven years),1904,119,0.02,1.0,-89.18373118039628,538,0.18401486988847585,-94.94148544232445,-0.6263638189167786,67b273da83dd2799e059f1e7d8c056da8dc400b144a47966811dc287ca5f1917,9.8
2003-09-10 to 2014-12-31 (eleven years),1905,119,0.02,1.5,-61.70891660057338,443,0.20090293453724606,-82.63605627194154,-0.24729740795365648,2b9faabfba6b7c517de0cb5fe085e17e19d6f98db1cf60d898b6af46efbedb4c,12.5
2003-09-10 to 2014-12-31 (eleven years),1906,119,0.02,2.0,29.771902144854938,347,0.23054755043227665,-49.869028897867466,0.23972773783917858,61389fd551fa818442574da2de7cf852412aa1578cd3a8ff9744af6912296465,14.3
2003-09-10 to 2014-12-31 (eleven years),1907,119,0.02,2.5,49.16445496390712,260,0.23846153846153847,-37.81311716990561,0.30977421391060284,e1a1decd0626362ae074ed1aa9370df5ee534e09a357a3d43ac55c55d23e3a3b,16.3
2003-09-10 to 2014-12-31 (eleven years),1908,119,0.04,1.0,-99.86824012456209,1000,0.157,-99.88922613612216,-1.5872557596688632,4ca6490e1bbc5bbc1666e4f2816cd4a6ab4c56286e6dc3ea52c9e691aa63eae1,12.8
2003-09-10 to 2014-12-31 (eleven years),1909,119,0.04,1.5,-95.02973880825299,720,0.17916666666666667,-95.52701131662221,-0.752714015665136,40bf247b30ee0873afd82e88e826b1cba6f08d188827df8793710bc402d85aca,14.5
2003-09-10 to 2014-12-31 (eleven years),1910,119,0.04,2.0,-16.576145054257342,508,0.21850393700787402,-74.25589827798132,0.08120535334729051,31ddfa93db36058b55182b21aad7db46ebc9380ecabf82248d8708be1f3dcc33,16.4
2003-09-10 to 2014-12-31 (eleven years),1911,119,0.04,2.5,1.6688740101722943,355,0.22253521126760564,-62.09842936834631,0.13539475635821133,36dfb9c3a8fc085f704ac191793a077ed438c1dfb8cd22508ec0d39c7b238ff0,17.6
2003-09-10 to 2014-12-31 (eleven years),1912,119,0.06,1.0,-99.46865346138097,1337,0.1862378459237098,-99.53517044323995,-0.9632965847930356,dfa4759b8198c793cfd723a06742c3ce0b21f03dbbb4022a7a818e023fb36b9a,12.7
2003-09-10 to 2014-12-31 (eleven years),1913,119,0.06,1.5,-91.32292486241703,892,0.19394618834080718,-96.30145945068797,-0.5024385634478695,e7be3620808004494a5e341492d2739d4ef34d2e21026e8c62eddbd6bf655341,16.5
2003-09-10 to 2014-12-31 (eleven years),1914,119,0.06,2.0,-38.350510766726906,580,0.21379310344827587,-77.22526765355546,-0.014929851821920284,811f31ab681f1575b46376fff702a08a20742997c64ca9c380b96bc9f6700e13,15.9
2003-09-10 to 2014-12-31 (eleven years),1915,119,0.06,2.5,-31.124124923366686,404,0.2103960396039604,-61.078578510195825,-0.026259199483846377,df72f6b436591507f964e7f0727ae09dd7c9068b12ac19782cbf40bcda9672d2,18.3
2003-09-10 to 2014-12-31 (eleven years),1916,119,0.1,1.0,-99.60735488182638,1820,0.19230769230769232,-99.70866857941353,-0.8600911351037573,11bc0be07724b5132c7198b8a6a7078cac5f3ebc3b38831cf6fe6542504edf6a,15.0
2003-09-10 to 2014-12-31 (eleven years),1917,119,0.1,1.5,-86.86602407107846,1099,0.20018198362147407,-93.45728536712917,-0.312188113015421,5a409b6940ce10364ffc11a959dc2ce64cf7360a7e21eab9ab0029792aa93fb9,18.4
2003-09-10 to 2014-12-31 (eleven years),1918,119,0.1,2.0,-50.150457660103896,674,0.20919881305637983,-72.2472676635121,-0.061725148440548695,77ec4f6f21abd3f9b1c5e79f5759b4bc5cac80d4c4cb1da57623844dd3d7c52b,19.9
2003-09-10 to 2014-12-31 (eleven years),1919,119,0.1,2.5,22.871775410027922,418,0.22488038277511962,-63.81266486373923,0.21801868226495583,a6c82e5f9a27bce3763717fdc997d8306b6e21f477895fb33cdef04beae85940,20.6
2003-09-10 to 2014-12-31 (eleven years),1920,120,0.02,1.0,-87.27998686637783,549,0.1894353369763206,-92.98939952626554,-0.5374896384434548,b4f0dbb125218055e9fcf54ae7342e83174d574aae2cdb2601acdb2fe27cfa01,11.9
2003-09-10 to 2014-12-31 (eleven years),1921,120,0.02,1.5,-84.69092174310269,464,0.1810344827586207,-88.71954976607137,-0.5838663068465001,12ac63a3f70680878eebf80ceff9dcaf70359445ea1697e108955233162563d1,12.0
2003-09-10 to 2014-12-31 (eleven years),1922,120,0.02,2.0,-57.04196911722358,373,0.19839142091152814,-68.25081235763548,-0.21328870731892458,c6c64f3a0216048a435ef13398df021f3ba2fa2da12b806d392057fe47ea1cfe,14.5
2003-09-10 to 2014-12-31 (eleven years),1923,120,0.02,2.5,-12.622166002206772,278,0.21942446043165467,-61.69617027477767,0.05195292785073914,4540ac193dd7f0b9b80bb74fa3fcd08cf6e119f34951c7727b4e3b749427d47b,16.1
2003-09-10 to 2014-12-31 (eleven years),1924,120,0.04,1.0,-97.25412573951053,971,0.1874356333676622,-98.57593199835286,-0.7976030670075461,99cdcd829153df7125b924ad98b26fce77d753a9d40d4e6dec03ccfc569ceab0,11.3
2003-09-10 to 2014-12-31 (eleven years),1925,120,0.04,1.5,-1.6501428776833609,677,0.22008862629246675,-71.16459396159753,0.1714261338062316,e53ac22deb802211f955b5108d87e7e0b13112809c1937e105906907d48d8eb4,13.9
2003-09-10 to 2014-12-31 (eleven years),1926,120,0.04,2.0,-21.778169493441784,501,0.2155688622754491,-60.58171651145761,0.06449520048863222,ccab93e133069886225ca5d67c14fc6ae8f78a71428e45cf557a8969a04be976,15.4
2003-09-10 to 2014-12-31 (eleven years),1927,120,0.04,2.5,-7.938040077322096,350,0.21714285714285714,-52.076929794107606,0.09077847694835947,95498e7f79ad60cc9e5235a26e735d5dce5d0888cf684dfef7fe46bbc59f6986,16.9
2003-09-10 to 2014-12-31 (eleven years),1928,120,0.06,1.0,-99.55947041787009,1306,0.18223583460949463,-99.6680663832795,-1.0418220307625647,2d5749f28ab14c29d6182956469ca9f95b87e1d187c2dc8f39eb33ef8fb90ade,13.1
2003-09-10 to 2014-12-31 (eleven years),1929,120,0.06,1.5,-81.91047503387439,908,0.2026431718061674,-89.4019024665698,-0.2824480673112851,c73e5d0e0453f79a87bf0fb1e1cd1c8cff2276a70912ba34c05b31721ba48545,16.5
2003-09-10 to 2014-12-31 (eleven years),1930,120,0.06,2.0,-64.67988246148445,578,0.2041522491349481,-79.72770423547885,-0.20045304503910613,29a690cb65173b7498aa7ef6400d16050240df96b5280fcdfb0c3ad9c0965a0f,17.1
2003-09-10 to 2014-12-31 (eleven years),1931,120,0.06,2.5,8.22630763589052,394,0.2233502538071066,-54.28629318544316,0.16795756838810852,640d4a33c36a41eb56db43420ccca07bb62db580826daaf358532871eba04868,18.1
2003-09-10 to 2014-12-31 (eleven years),1932,120,0.1,1.0,-99.65891667325668,1797,0.1914301613800779,-99.8255645206904,-0.8535288769628425,e7842a5642f247ba07e3bf7aba2583406062671b8a6ed5b41a36fafc7d9c2785,15.0
2003-09-10 to 2014-12-31 (eleven years),1933,120,0.1,1.5,-87.81976864812255,1048,0.20038167938931298,-94.91818238162672,-0.3282604996138669,b7389326138e7ebb92adfd0436694e04885e540b4165ddd4b35295a863230023,18.7
2003-09-10 to 2014-12-31 (eleven years),1934,120,0.1,2.0,-43.104640071816384,668,0.21107784431137724,-77.43369917688018,-0.012883393639039484,f0fff8b772970c850185ccbbf8a90f8b187c28b70563940321c702d5e47c5927,18.8
2003-09-10 to 2014-12-31 (eleven years),1935,120,0.1,2.5,-3.697292289449497,435,0.21839080459770116,-63.01506569730366,0.12206616898055501,9330281b3a94001c138aa0592ded3d5aa62697bf604de4432fd26886998fbf45,19.2
2003-09-10 to 2014-12-31 (eleven years),1936,121,0.02,1.0,-85.53697656939137,561,0.1925133689839572,-90.38441654527543,-0.551206656131852,fb9ce200ba6dccb60f353172e51af33f5cc4d13b2ca07cd604cc593a5a0a4433,11.4
2003-09-10 to 2014-12-31 (eleven years),1937,121,0.02,1.5,-81.54965302490815,470,0.18936170212765957,-86.47208878880072,-0.5357574478249642,91e27f22feef46b6fea5a96a72e38c514ac21c0d3462092c6301f3738fdbf91e,12.8
2003-09-10 to 2014-12-31 (eleven years),1938,121,0.02,2.0,-68.86710532830439,371,0.1940700808625337,-75.09273729830464,-0.38638302106651395,9108e1d278ad41185f82e5bc44c627a3b36c85c8fc20c24f7ad5940506976f2e,13.8
2003-09-10 to 2014-12-31 (eleven years),1939,121,0.02,2.5,-51.62714963746428,298,0.20134228187919462,-65.9866271904562,-0.24087244936813035,94c1902a493fa615973e4d7de456e45f1fdcdf5bea82b54f8c0a28e985c1990e,13.9
2003-09-10 to 2014-12-31 (eleven years),1940,121,0.04,1.0,-96.13240477559357,1001,0.1938061938061938,-98.06512318492085,-0.6597278003734437,aaf3ac0a182c29f92cd89442c7d362f88d96fdb3b864ec86e5dc68a2e44e66b1,12.6
2003-09-10 to 2014-12-31 (eleven years),1941,121,0.04,1.5,-67.35647188070237,723,0.20608575380359612,-87.6975533957355,-0.16171263743236808,9b839dbcabbac38d52c57e5c2a0b8af3e46ef9130ded35e34708a756a8205b16,13.5
2003-09-10 to 2014-12-31 (eleven years),1942,121,0.04,2.0,-58.881542444272405,492,0.2032520325203252,-75.06052285157394,-0.17674514636998337,68ec4ec285d7908987659bf168f35b466ed0a4e9d4659c59db9f12f307df0982,16.3
2003-09-10 to 2014-12-31 (eleven years),1943,121,0.04,2.5,-26.137764955388054,378,0.21428571428571427,-61.0675758526982,-0.009325030300294647,9394fa04ffd9ff283f710791a1724dbe2169d2c075c389bfbc60d96dd45fc579,17.7
2003-09-10 to 2014-12-31 (eleven years),1944,121,0.06,1.0,-99.23599447771403,1344,0.18601190476190477,-99.5808599010942,-0.8797466751559507,b6ae985d3a774988adbe8e9ee636d70b12b04614f3edc7b973fa20917c29680d,12.7
2003-09-10 to 2014-12-31 (eleven years),1945,121,0.06,1.5,-82.638921693888,945,0.2021164021164021,-88.28582201741119,-0.28493505795556906,d809de199f9c90bf275be75c3d9359292bd86fdfe039913fb9413b16475662d2,16.4
2003-09-10 to 2014-12-31 (eleven years),1946,121,0.06,2.0,-46.10203283363022,609,0.21182266009852216,-70.64828176295673,-0.0530109995139872,1d0f8c765271922356c74270bba193442e38f02e8161148996528dff8a980b4f,16.9
2003-09-10 to 2014-12-31 (eleven years),1947,121,0.06,2.5,234.79109347238509,392,0.25510204081632654,-51.10545146750115,0.632334093773067,a2e695cb5ed9db72266c27dfce9b23e660182a78870de312eb7739f37476e9c4,19.4
2003-09-10 to 2014-12-31 (eleven years),1948,121,0.1,1.0,-99.973422166245,1884,0.17887473460721867,-99.98125990786454,-1.386445184582952,053c14dc06f48ec3f65ad56d1bd3e4cedc55befe8081f8852d569540d1ac2826,15.4
2003-09-10 to 2014-12-31 (eleven years),1949,121,0.1,1.5,-97.0432265490979,1082,0.1866913123844732,-97.82258875630328,-0.7055455753557877,9df347a0864abeb79c8449d492d078e7c4d7d0b581001fec23d7bf6dd0f5e68d,18.5
2003-09-10 to 2014-12-31 (eleven years),1950,121,0.1,2.0,-63.51742899964171,663,0.20361990950226244,-77.32498070592221,-0.1659230748131642,433a6ee9e1b7eebc150a2039608b5a221dbe90fd7b4daf2faea28ef2037c780f,18.2
2003-09-10 to 2014-12-31 (eleven years),1951,121,0.1,2.5,-4.966871907304465,426,0.21830985915492956,-55.33281808729824,0.11134904732375984,cdfb5b397eb2f1709739f89847076a8c03ea22b1930694e25f05c163a88c62e6,19.2
2003-09-10 to 2014-12-31 (eleven years),1952,122,0.02,1.0,-93.84014509252873,586,0.17235494880546076,-95.93981801224615,-0.8457707280249679,5810617cdb77c07c420b727b57cda07fb602b95dcc2156e728dde3ab33e52d3e,11.3
2003-09-10 to 2014-12-31 (eleven years),1953,122,0.02,1.5,-92.36578372882735,503,0.16898608349900596,-95.7683923823117,-0.831772517066428,f445c9de005cf2b4e9906711f4da44ffebcbca80b7581d569b772721f0a47716,11.7
2003-09-10 to 2014-12-31 (eleven years),1954,122,0.02,2.0,-81.00697952658074,403,0.18114143920595532,-86.3870862798498,-0.569837754310898,1f01d54152f8c1a1530ac9cc4dea594545792557185e1499598fa1ce4ac82c45,12.8
2003-09-10 to 2014-12-31 (eleven years),1955,122,0.02,2.5,-73.7657435233001,308,0.17532467532467533,-79.24996021150893,-0.5103239085648834,25ee6486ff8664cdb6292c313977160f3ad4db6a784e838b6857b02330653fb2,14.1
2003-09-10 to 2014-12-31 (eleven years),1956,122,0.04,1.0,-97.71883068897318,973,0.18705035971223022,-99.16444540482777,-0.8274294101616938,b54aa0981944630e075ef3192472d7a98fc5ae017268053da4df3aeaa7dfc728,11.5
2003-09-10 to 2014-12-31 (eleven years),1957,122,0.04,1.5,-85.90455691411871,694,0.1930835734870317,-95.66459855281501,-0.45531575511451955,4ef7d7fc9be053db2d02497e28da848280b3d88f3ba0403b0dd47695a747aed7,14.7
2003-09-10 to 2014-12-31 (eleven years),1958,122,0.04,2.0,-77.5083387141855,502,0.19123505976095617,-89.30302968805756,-0.4341924581406434,72d1046c1f6b77a23f35fd78c81617752896983f3beb0b4e88feb0c290821e2c,16.1
2003-09-10 to 2014-12-31 (eleven years),1959,122,0.04,2.5,-62.32579773614213,373,0.19571045576407506,-81.31604785540412,-0.322465101822972,0870cbd8fd518eaf214f681c598a052cdbe1a4218350b9c99817e3ac35fd71f1,17.1
2003-09-10 to 2014-12-31 (eleven years),1960,122,0.06,1.0,-91.46047349759415,1323,0.20483749055177627,-97.44537935778783,-0.32554079976440287,10565e3643cc76979cca46959d60a0b85c4d634d5bc8e020e12d271b75d25da6,12.4
2003-09-10 to 2014-12-31 (eleven years),1961,122,0.06,1.5,-64.22098778335308,894,0.2080536912751678,-78.60983742255907,-0.09092440113672529,006fc38c7ed2203ee269056a8c4ac8d7a739b6963a3302476d3f68f0cd61ded9,15.2
2003-09-10 to 2014-12-31 (eleven years),1962,122,0.06,2.0,-58.297639195777485,602,0.20431893687707642,-68.20206475269113,-0.14314979451957724,c101170da2e8f7b7889964ba76d654a52d4e20a42b28103f1388604ed2e55df8,16.7
2003-09-10 to 2014-12-31 (eleven years),1963,122,0.06,2.5,30.78153616179515,408,0.22549019607843138,-44.0330008193985,0.2435877432384964,bfa4bb43d912c73f7bba63cd3dd13c11c79b5233e10ca120b40d5239291c2d06,18.0
2003-09-10 to 2014-12-31 (eleven years),1964,122,0.1,1.0,-99.24931532272356,1814,0.19625137816979052,-99.84016432027036,-0.6679455112426312,d576cb96a53fffca58a6c2ad3dd1730ad47337c96d09fde7f627c2fe68381d9a,15.4
2003-09-10 to 2014-12-31 (eleven years),1965,122,0.1,1.5,-87.94286083693238,1093,0.20036596523330283,-94.43413374127287,-0.3204014909133726,e47cf545970a4e015a8fd9991035956dfb725dd8829644b7e9445d51e5ffcc74,18.7
2003-09-10 to 2014-12-31 (eleven years),1966,122,0.1,2.0,-39.937838681781756,665,0.21203007518796993,-78.34645829944319,0.00614950757547127,1a914d0917614012fdbb6690491f5fde3a89ad804ba0527df9468251f9ffe09c,20.3
2003-09-10 to 2014-12-31 (eleven years),1967,122,0.1,2.5,29.408159292745783,404,0.22772277227722773,-48.531698195961695,0.23980579266661745,d6e11823e116420c5711d7c2c9ec554bb35c4c2432ccf3b3ce691c1ec457eb54,19.6
2003-09-10 to 2014-12-31 (eleven years),1968,123,0.02,1.0,-94.20000133086776,530,0.16981132075471697,-96.50609766682638,-0.9584476782407613,644dcdbaeece0e94ccea13420d23cbf8ae226d8847c595780e160717528c4723,10.8
2003-09-10 to 2014-12-31 (eleven years),1969,123,0.02,1.5,-47.08763589438604,447,0.203579418344519,-68.0928144501357,-0.11796434348840686,502aede00428372ca963cbcd8f7db7cc79b0dfb11fb6b4d4da931f8f026c1360,11.7
2003-09-10 to 2014-12-31 (eleven years),1970,123,0.02,2.0,-40.01798946107642,362,0.20441988950276244,-72.05947875506233,-0.10200711690385396,445d87a10537db4ec139a72f9e1d15db4ff720340083b335376e83458e3619ba,12.9
2003-09-10 to 2014-12-31 (eleven years),1971,123,0.02,2.5,239.40195016913682,266,0.2706766917293233,-41.88647473144973,0.694954709274033,69d19a6fb5000496dd27e7ec4e51b316b26678295b92f3d100460e27249d5914,15.0
2003-09-10 to 2014-12-31 (eleven years),1972,123,0.04,1.0,-98.87242937581475,973,0.17266187050359713,-99.15163027970529,-1.0300388210908722,a6821f29d1b1c9e3d100a625e898636ea57ec26232265cd3a3abcca552c213fd,11.8
2003-09-10 to 2014-12-31 (eleven years),1973,123,0.04,1.5,-75.47854671999453,698,0.19484240687679083,-92.47622891585546,-0.27387436767446866,e08a0d4e519f0605030e9621410cc7a3ebfbcb25d5aa2977244ddb85f417538e,14.1
2003-09-10 to 2014-12-31 (eleven years),1974,123,0.04,2.0,16.707627607380438,481,0.22245322245322247,-59.61953371191059,0.20254304957270888,ae0dacaf2fe20b0251685baf02cf1564952a760be7d4b6799b4558318d64a8ea,15.7
2003-09-10 to 2014-12-31 (eleven years),1975,123,0.04,2.5,23.43031622566499,317,0.22712933753943218,-44.72978693649537,0.21688639640063018,6ebf8055738a4b165dc74a48fe475170cecd9c8b1f254534207b531b3c80879a,17.1
2003-09-10 to 2014-12-31 (eleven years),1976,123,0.06,1.0,-99.2045984484624,1381,0.18609703113685735,-99.27677409102215,-0.8873010637459913,59d9f631fb5f0f55fc611ca2cf7af08b3e9ff5365168dc75cbab41f732414224,12.6
2003-09-10 to 2014-12-31 (eleven years),1977,123,0.06,1.5,-95.96236233241007,939,0.18317358892438765,-96.64825501575598,-0.73416322943121,042614cc11bd13522d6fde62b92d7bd95c1746e239fad3c4235dc804289f013b,16.8
2003-09-10 to 2014-12-31 (eleven years),1978,123,0.06,2.0,-71.6013974704913,606,0.19801980198019803,-79.63837109557052,-0.2831695547302085,ec29dceea87d657dcec9d136eeca658bb124ff604e29530aeeb995735977df7e,18.4
2003-09-10 to 2014-12-31 (eleven years),1979,123,0.06,2.5,13.098350563069467,395,0.22025316455696203,-51.189209469093036,0.18167517537217578,fead70489f29b09fc6430766f205fa30070cc3f5924ca3ba55c3592d1c2cf943,18.6
2003-09-10 to 2014-12-31 (eleven years),1980,123,0.1,1.0,-99.97661990472044,1867,0.17675415104445635,-99.98791089192284,-1.4095129982255121,6a508cbdc928922de2f03dede5d8dd657f9e97d88ba70deced178fbb3efb11f7,16.3
2003-09-10 to 2014-12-31 (eleven years),1981,123,0.1,1.5,-94.92247475175103,1084,0.1918819188191882,-97.9276642484187,-0.5668186285014988,61113508d05ce536ac8e8f3be811221bb3ba156620becee78c0673523ef52e4e,18.7
2003-09-10 to 2014-12-31 (eleven years),1982,123,0.1,2.0,-22.277953253244416,658,0.21732522796352582,-71.91789011932592,0.08104887606605575,a87da07bd6c57b73962a1d71a091e93fde4a0dcce550fdf424165074aa46a70b,19.5
2003-09-10 to 2014-12-31 (eleven years),1983,123,0.1,2.5,77.27277649555585,399,0.23558897243107768,-53.354157661627944,0.3692746497304053,03a751894aa922d92919d74ad71872159d19c57d47deb2208739280db5405cde,18.3
2003-09-10 to 2014-12-31 (eleven years),1984,124,0.02,1.0,-95.08628675901315,533,0.15947467166979362,-95.56363455216801,-0.9794083310893423,4579f234523c975610735c056d56f04ca256cbd7a60ba257fbd596efe18b1d29,10.2
2003-09-10 to 2014-12-31 (eleven years),1985,124,0.02,1.5,-82.87696754726129,463,0.17926565874730022,-86.56036431349992,-0.5506153084391486,133ee51b66be40e328fc09407351c038c46689654ee23a5050996c282db93c14,12.2
2003-09-10 to 2014-12-31 (eleven years),1986,124,0.02,2.0,-69.57425929100438,368,0.18478260869565216,-77.47628842739645,-0.42464361946133794,f0a49595c9d2a28a76b640ff8eeaa60e879191681821ff40250a19efbde403ea,12.0
2003-09-10 to 2014-12-31 (eleven years),1987,124,0.02,2.5,-58.777339419217725,298,0.18456375838926176,-71.27444412381858,-0.33034439733507903,9142e57224b62f789afb25e3f49b91224182beceb9a0debf77bd20d4faac5954,14.8
2003-09-10 to 2014-12-31 (eleven years),1988,124,0.04,1.0,-97.53962651116747,1021,0.18707149853085211,-98.57740604143218,-0.7951770985755557,69193af57358dda1f83e52b11d73bb4871d78fa6bc2fff4e87476eb8e8850967,11.9
2003-09-10 to 2014-12-31 (eleven years),1989,124,0.04,1.5,-85.15738223458538,733,0.18963165075034105,-94.09621081408,-0.4229947536392913,6905183545d017154ddc0b159a18917ee463dc557fb3d6feb92a65b9e9b4d394,14.2
2003-09-10 to 2014-12-31 (eleven years),1990,124,0.04,2.0,-66.5828033240298,508,0.19881889763779528,-78.03364843620115,-0.25145325752196573,9173c083aae82248443e60e7c37170b1e8d5fe1b4e016baa858e18d744c7b170,17.4
2003-09-10 to 2014-12-31 (eleven years),1991,124,0.04,2.5,-14.023855044413502,347,0.21902017291066284,-64.84934922021037,0.05776764402922978,cb39a28af6fc95c99cf741972cb454176d72e7dccd7368178430d62f9efb5cc1,17.8
2003-09-10 to 2014-12-31 (eleven years),1992,124,0.06,1.0,-97.71538584420804,1288,0.19254658385093168,-98.53710582133776,-0.6678422160669082,b0022be192e0ec39ba4c94739bbd518887fb69fa24a76a194dd3d1dbcbc66ccf,14.1
2003-09-10 to 2014-12-31 (eleven years),1993,124,0.06,1.5,-92.56773287474637,845,0.1893491124260355,-95.34943829075566,-0.5843831618985855,ed6c3f56c65beba4fc709fad5b3e5b3da9d01dfedf27f43a93579c6dc13bcdaa,16.4
2003-09-10 to 2014-12-31 (eleven years),1994,124,0.06,2.0,27.678390151415677,522,0.2260536398467433,-71.51769714079835,0.24149207376521917,e33eac6f4097383b986f3b97d75531a51784ef6bb07b869c0c9c066f7d6bf968,17.9
2003-09-10 to 2014-12-31 (eleven years),1995,124,0.06,2.5,53.980316690956066,371,0.23180592991913745,-57.80160918009325,0.3119472189608088,66cad900508585d5cbbc87358b0a16725fe5d2c41cc86b55a6a50df68e792f96,18.6
2003-09-10 to 2014-12-31 (eleven years),1996,124,0.1,1.0,-99.93733112435001,1847,0.18354087709799674,-99.96486822856906,-1.2182901961223522,48f434cd748ffb6d9832cd1ce640bfa034fae5cc406a837c0b60eacad5e2bedd,14.2
2003-09-10 to 2014-12-31 (eleven years),1997,124,0.1,1.5,-96.59130189186055,1095,0.18904109589041096,-97.7483841198818,-0.6604106517404343,58f4d44818f0a7fe870dee7e1f29a3fbe57f6adec716bc93618d096439615a9b,16.4
2003-09-10 to 2014-12-31 (eleven years),1998,124,0.1,2.0,-33.36590411650621,621,0.214170692431562,-77.9223032754491,0.029634673869133685,e6941fe1e31f60b3a6106814d857063ad323abfc689f863af75cdf3ab4559993,18.0
2003-09-10 to 2014-12-31 (eleven years),1999,124,0.1,2.5,87.92616642761347,386,0.23834196891191708,-44.96623813960336,0.39744831853762924,736a91f4ee1d64c4bc89e0a309176778baba79052d2163a05332553403c81eb6,17.9
2003-09-10 to 2014-12-31 (eleven years),2000,125,0.02,1.0,-94.60276660182981,573,0.17102966841186737,-96.26968837668079,-0.8637978950054442,09c8eb5b373c2bf41274e8232d5e01a47ed24b35ae55b9efa57342bf8d86a59e,10.7
2003-09-10 to 2014-12-31 (eleven years),2001,125,0.02,1.5,-78.99604815855271,477,0.18448637316561844,-86.84237727980569,-0.47130810804512957,75ac33ff9ecd5e1a3b7af0d777db0ec15ff0b718836ad940b873cd55bb8bd34a,11.9
2003-09-10 to 2014-12-31 (eleven years),2002,125,0.02,2.0,-36.83849588036894,401,0.20448877805486285,-73.41540885069149,-0.07037422894735612,5ee96fc339be5947b23eabfc1046ac8cf7a478c0e79801569463515817e2524f,12.1
2003-09-10 to 2014-12-31 (eleven years),2003,125,0.02,2.5,-43.58060427671802,326,0.19631901840490798,-71.7303955634682,-0.1661764356990744,1a910826edbe54b29c4c2b5d486884bf6c0dfe536438428c64c24d4305185ecf,14.3
2003-09-10 to 2014-12-31 (eleven years),2004,125,0.04,1.0,-98.34172287900464,945,0.182010582010582,-99.0348130242921,-0.9168092891077828,9b3be561d0c647740e38225439de46627b66432b2d706f7923c30cf357a09d5b,12.6
2003-09-10 to 2014-12-31 (eleven years),2005,125,0.04,1.5,-70.85140127848219,719,0.20305980528511822,-87.2796458446578,-0.2102230314374661,c80a071ca7c8c1ba0bc6f015422e7ba83164db8a2a454f3fbfb95758b243cb26,14.2
2003-09-10 to 2014-12-31 (eleven years),2006,125,0.04,2.0,6.729632789396218,520,0.2230769230769231,-62.65411798301804,0.1691673840628835,472dbbd6cf8793a013a856e83f8648b198c84bdc1e581730819c6e5952da7622,16.3
2003-09-10 to 2014-12-31 (eleven years),2007,125,0.04,2.5,46.25023470222039,323,0.23529411764705882,-51.81709960400735,0.2930878972977504,5cad21c48ac7d283ad01209272896a62313458a6a1aae8ae8beea6c31a90e5c8,18.4
2003-09-10 to 2014-12-31 (eleven years),2008,125,0.06,1.0,-99.89530925059098,1349,0.17346182357301704,-99.93583850481971,-1.3725560421254177,49f4e264ab0a0006778425d865cd0a769d10fb7271531d4b8242d7e3869595b7,14.6
2003-09-10 to 2014-12-31 (eleven years),2009,125,0.06,1.5,-94.611279326978,907,0.18963616317530319,-97.06621605952782,-0.6351694642154508,37eb0c504f7037f34432fe5bbb83aa2f7c74dbe889f128346af317b383c0bb9e,17.1
2003-09-10 to 2014-12-31 (eleven years),2010,125,0.06,2.0,-48.051838751862796,597,0.20938023450586266,-78.76514725665838,-0.06805709070534988,683c10592fff89bb6971266c79579a471eae44fc0c1150f6a70dab834dfce069,17.9
2003-09-10 to 2014-12-31 (eleven years),2011,125,0.06,2.5,-48.76645530734226,389,0.20308483290488433,-71.61181717290697,-0.1511782836755317,607e93315bbd344ef5277656c2fda6ab8e2e60ee5cc4131c0d6778843b7bb0c4,18.6
2003-09-10 to 2014-12-31 (eleven years),2012,125,0.1,1.0,-99.13070525960161,1867,0.19764327798607392,-99.64694776129544,-0.6578069627624905,93b2be6b9acbcdee871cf6547e77c0d4af806325f48ffbee4119749e38b0266d,13.9
2003-09-10 to 2014-12-31 (eleven years),2013,125,0.1,1.5,-92.99865337616173,1139,0.1957857769973661,-96.80754530312544,-0.450662386389904,880c8d258c8b5fb1e5de8d06794ef91e2dbe81f95b45441078d7f5bdfc8f17d2,16.9
2003-09-10 to 2014-12-31 (eleven years),2014,125,0.1,2.0,2.3618685026918502,665,0.22105263157894736,-72.3966660739601,0.17446335116733608,79a32018df26b4fbc2a3c4899350a6f002d8e8e505822381e6ce03de651e7e44,17.6
2003-09-10 to 2014-12-31 (eleven years),2015,125,0.1,2.5,26.308886554852062,397,0.22670025188916876,-55.35333986276949,0.2294080728473446,9a33e19d9c7190eaffd46b17baa0070ec34457090d75e72aad3050c631644f43,18.0
2003-09-10 to 2014-12-31 (eleven years),2016,126,0.02,1.0,-88.11157047027008,557,0.1813285457809695,-89.51239365978184,-0.6007299773768965,18ae30d30c08f97c7af0f38be2ca3465ff41ae5e1ef91dc7d34a20be14f9bdcb,9.8
2003-09-10 to 2014-12-31 (eleven years),2017,126,0.02,1.5,-91.32730000069648,468,0.16452991452991453,-92.62061847135008,-0.8304904864391419,1c89131e9a4d304987cb34113403bbe26910d724c9f9000b731e5f7167880b7a,11.6
2003-09-10 to 2014-12-31 (eleven years),2018,126,0.02,2.0,-82.38631795658242,381,0.17060367454068243,-84.7919316231887,-0.6421572682639082,ae88921484f283fc0619cb610927d5eef2a79c707b576ad427512382fccc3abc,13.1
2003-09-10 to 2014-12-31 (eleven years),2019,126,0.02,2.5,-24.747275501832185,278,0.20863309352517986,-68.45379458421017,-0.023207795372268525,ac4d2c733f44db581cbc0254f597b4a1fc6fcbd61dcd22c10810e37d9288bc1c,16.6
2003-09-10 to 2014-12-31 (eleven years),2020,126,0.04,1.0,-98.45002019876186,994,0.18008048289738432,-99.0630077830566,-0.9006449909891384,663f2c8fe13fa76eba4ba1f61c1c447b98ae780098e5414a8051db5702515a58,12.9
2003-09-10 to 2014-12-31 (eleven years),2021,126,0.04,1.5,-55.390409628546585,737,0.21031207598371776,-84.87991383929013,-0.07199426811087146,2053e04c5a28b3d6e2f5476bd7b1746269428b7bbd9f9ca761bf098ba343005e,15.6
2003-09-10 to 2014-12-31 (eleven years),2022,126,0.04,2.0,173.05734364903012,506,0.24110671936758893,-49.54797674015885,0.5178567105323397,ed0d2a548eafac30415272be5651d11d0dd91c6c1116d3d1abb30b6e6436b3f1,17.6
2003-09-10 to 2014-12-31 (eleven years),2023,126,0.04,2.5,19.381295779384182,364,0.22252747252747251,-62.509896333015625,0.20296575162896063,6984152e3ffbe9bfd8eace32ebb30cf7ef4ea157b4db8d20201f6a2bd797b5a6,18.6
2003-09-10 to 2014-12-31 (eleven years),2024,126,0.06,1.0,-99.76182943060053,1328,0.17620481927710843,-99.87391671636007,-1.1881288817120434,9194ab8a0ed81dd87d42c3091329253b66126e93f2d9672065e1617ce5e8d278,15.0
2003-09-10 to 2014-12-31 (eleven years),2025,126,0.06,1.5,-87.90923352533362,885,0.19661016949152543,-91.53338835415047,-0.41359365651637503,c1410cfd907893f144a2839aedad972bee542caad3d88877144a4e5eeb787de0,15.7
2003-09-10 to 2014-12-31 (eleven years),2026,126,0.06,2.0,-55.225846993760996,568,0.20774647887323944,-81.43225692145471,-0.1332824053250521,81995c39dbb106a610a7b42ebe19785fba259b9580ea65831f8bd42e135c982a,17.1
2003-09-10 to 2014-12-31 (eleven years),2027,126,0.06,2.5,-29.15728282719781,372,0.21236559139784947,-63.1131687671721,-0.01910200377939345,a9dcbd3d53483ecdffa0e68e4c25a9d8b6695ced8bebd0a36b9c0a0b20ee6a8b,17.2
2003-09-10 to 2014-12-31 (eleven years),2028,126,0.1,1.0,-99.8732597641641,1772,0.18340857787810383,-99.94235585827201,-1.1024925003618733,b726f92345fd4d87dd87b69ef2eafbc8281289b54a3dff542ae3d000f63bceef,14.4
2003-09-10 to 2014-12-31 (eleven years),2029,126,0.1,1.5,-95.61450517745641,1087,0.19135234590616376,-96.73922521335805,-0.5914828026897705,69088fd998ebecc388bc661caa68625694860800b46fc01770453a24c5ff9709,17.9
2003-09-10 to 2014-12-31 (eleven years),2030,126,0.1,2.0,-31.94155227195099,625,0.2144,-70.42903518247971,0.03438135412683553,1de32bd7d6ce175da49e0b8aad75db11db8f47404d0e6e3e1e978b506e1c7e5e,17.5
2003-09-10 to 2014-12-31 (eleven years),2031,126,0.1,2.5,27.32749103501808,380,0.22894736842105262,-57.244261926420315,0.23227894528925286,a6195f7a40e3cf8b20d9dd93c189f93283189a5350690ffb677bf24798f9481d,19.0
2003-09-10 to 2014-12-31 (eleven years),2032,127,0.02,1.0,-97.77570361343425,568,0.15669014084507044,-98.47339912084888,-1.267968721210371,8b164b4e8eeb210cb9a527dbd18232eb462ac49337182934e714a1b0572f1a6b,10.9
2003-09-10 to 2014-12-31 (eleven years),2033,127,0.02,1.5,-85.68928729957399,493,0.18255578093306288,-91.14832222800374,-0.6379399057057275,a0aae15650c0127bae771198b166e38af74eb0ab26f5def2a417c45803d8f9b1,11.9
2003-09-10 to 2014-12-31 (eleven years),2034,127,0.02,2.0,-60.83027344985168,398,0.1984924623115578,-72.05196756519679,-0.30096654662985756,e828ada1a520a6b56ec73b58b40bc6f7c1da7ddc0b2d31c6d150435d7ab1767a,14.3
2003-09-10 to 2014-12-31 (eleven years),2035,127,0.02,2.5,16.031298868373206,303,0.22772277227722773,-43.36016036554272,0.18350131913184248,5ee953fcc2cd69ee8ed62feec26353d977771485058643986528cb8fed846529,16.0
2003-09-10 to 2014-12-31 (eleven years),2036,127,0.04,1.0,-96.96004740400296,969,0.18782249742002063,-97.92397520065987,-0.7539284224182574,5b7184c8a47160e0103fd1a50183954d52fe50fa984e78b3fdfa54e49a8b700c,13.4
2003-09-10 to 2014-12-31 (eleven years),2037,127,0.04,1.5,-66.0183261247617,735,0.2054421768707483,-88.65175919488266,-0.1624386670464817,85404363c5aeb2739c2e40cacf785d36b3109a8ec3bb9d2dc38e4b60d584f99d,15.7
2003-09-10 to 2014-12-31 (eleven years),2038,127,0.04,2.0,-61.894161884639566,518,0.20270270270270271,-81.3513332875497,-0.1973661207045832,f41a31ce57a553d6ffd2f1d9928460ed56300c396cf4512caa6ce11245bd2d3c,16.8
2003-09-10 to 2014-12-31 (eleven years),2039,127,0.04,2.5,20.974289955679136,389,0.2262210796915167,-63.03708326885178,0.2097931015279099,1f3d7e1022ac4faaf081ff3deb867405ce1a37c4e5205ff167c725bdcc500ccd,16.0
2003-09-10 to 2014-12-31 (eleven years),2040,127,0.06,1.0,-99.57101789418753,1302,0.1835637480798771,-99.73982906262012,-1.0391822425402697,40bef30f477cfbf9bd861aa127f3abc8033c4dd1e98dff55f9b3bce33ce574cd,12.8
2003-09-10 to 2014-12-31 (eleven years),2041,127,0.06,1.5,-96.3086427408949,886,0.18284424379232506,-97.05646768213552,-0.709680641279262,378423990510bb27a806beddd9bd7be40669e427e65ff919e1e3093b0bae9973,15.0
2003-09-10 to 2014-12-31 (eleven years),2042,127,0.06,2.0,-59.6528703498041,561,0.20499108734402852,-73.22958179592285,-0.16949914283604237,e7b70de7e91fd4cb15866173c70197e10075eec3d349c3c255d41a843ed85913,16.8
2003-09-10 to 2014-12-31 (eleven years),2043,127,0.06,2.5,-9.790289971764091,344,0.22093023255813954,-64.28160980239653,0.08281676347233255,7afe99f50a2b3d4d89e3597dc2373d7737382fca69a24d0aebc9bb104a8d3b77,18.9
2003-09-10 to 2014-12-31 (eleven years),2044,127,0.1,1.0,-99.69314081155774,1806,0.18992248062015504,-99.88906485355437,-0.8754467698691161,8a2b52bce0007cfe24542cef791707686b4f02785b84eafe9be64ba68726e5b9,16.7
2003-09-10 to 2014-12-31 (eleven years),2045,127,0.1,1.5,-98.1238615969535,1088,0.18198529411764705,-98.85201359135306,-0.8213067171678464,0beada1432f4569a986925f4dc4285406e461676e210ec961c4bf33afafa32eb,16.9
2003-09-10 to 2014-12-31 (eleven years),2046,127,0.1,2.0,-69.62813450884637,656,0.20121951219512196,-84.99959569499131,-0.21986693476738473,c0e6a17aa22a31d812df200f5e2f61e29b3dcdd9b4fe2ef7d06d0c6b1267e9aa,20.2
2003-09-10 to 2014-12-31 (eleven years),2047,127,0.1,2.5,43.07565172638732,390,0.23076923076923078,-54.93333673030345,0.2810178958473563,b49b43dff98443661270502acb358b2558be4a9da1287038ad22d4f2291806d8,19.8
2013-01-01 to 2014-12-31 (two years),0,0,0.02,1.0,21.42874384122434,110,0.24545454545454545,-34.38206504470305,0.5855907468415361,1891d3222604660e806b84928973127ea7cf57acb2bb46df090178f349cdb689,2.6
2013-01-01 to 2014-12-31 (two years),1,0,0.02,1.5,-22.374381632537087,98,0.19387755102040816,-32.0171723100067,-0.4736018077726501,77784096d4de2f2acaf3bb84002308d7bcbd964c52943492658c0987d2f73b3d,2.8
2013-01-01 to 2014-12-31 (two years),2,0,0.02,2.0,-6.8372431484799865,81,0.20987654320987653,-23.322918212247203,-0.059553033714792876,91f47f7c4e5a6fd8553dd00dd0ffb6fc22e42841958b70058e39c97261e03ed2,3.2
2013-01-01 to 2014-12-31 (two years),3,0,0.02,2.5,-8.053607489787845,69,0.2028985507246377,-26.01946250243341,-0.1213882473211843,ba5f922872dd214c8d90516e854769df32b9dcb5a06cabed047a67c6ee28cb71,3.3
2013-01-01 to 2014-12-31 (two years),4,0,0.04,1.0,13.446841881796745,209,0.22966507177033493,-52.025071588186854,0.4262237622117213,0111b33f35a4ba941963659ec33a3b19bc8bef25eecfc9b51631e5fe7011c7f1,3.0
2013-01-01 to 2014-12-31 (two years),5,0,0.04,1.5,4.372845305585035,146,0.2191780821917808,-35.08391458525263,0.2780633796830191,abe96c89191c3c1666d41e0f24c2d86d830323f577f92920425a80ec93a5f8c5,3.2
2013-01-01 to 2014-12-31 (two years),6,0,0.04,2.0,12.403016767370808,103,0.23300970873786409,-34.00574309078465,0.4202507816044958,1e5cd783d8ea42dfddf5aedd1731466170ec2ed07284ee14a6e3605170a4f769,3.7
2013-01-01 to 2014-12-31 (two years),7,0,0.04,2.5,26.73892154918654,71,0.2535211267605634,-23.692985630724195,0.7487481344189802,d6e092cd412d29137856b4820f28b84f419779de1013603418a930d7d7be1af3,3.6
2013-01-01 to 2014-12-31 (two years),8,0,0.06,1.0,2.9204085327442226,234,0.2222222222222222,-33.61209975908896,0.28560228202345245,ad619b5a958e44367a77ac18649df3d36d8e788e0c51cfa59686ffcd261c943c,3.1
2013-01-01 to 2014-12-31 (two years),9,0,0.06,1.5,-32.3134080311343,154,0.19480519480519481,-49.47719045962494,-0.4836403549524957,bf98c2e74a54ae58bfebcd554ce50af6c772d24fd2f5c50f2d3c64386ee3b6ba,3.2
2013-01-01 to 2014-12-31 (two years),10,0,0.06,2.0,25.425908391559627,104,0.2403846153846154,-27.541391814221583,0.6645192375736794,7cb4bb64e7e7e6c0a0b923f2fefa6b926130612121a9ea12b66f9725f3cd9d02,3.9
2013-01-01 to 2014-12-31 (two years),11,0,0.06,2.5,17.74673390351221,80,0.2375,-20.128206802275717,0.5582975268666501,85c7e2e1c4f47b1b0fe81c36fd6eec37f33d187945d94113b1200c8d2295f9e2,4.0
2013-01-01 to 2014-12-31 (two years),12,0,0.1,1.0,-28.948174427868878,344,0.21511627906976744,-70.7050480508685,-0.12473203094668243,1332d390cb5e7be59d47d45a6479e5c450d9bee75a222078d37634142441e934,3.2
2013-01-01 to 2014-12-31 (two years),13,0,0.1,1.5,-51.31626153287326,218,0.18807339449541285,-66.07543411746391,-0.9047647766916408,e27bf5ad44f9feb4ae1a227bf8b0f0d099167669a91a44d0ce0911f91d765402,3.4
2013-01-01 to 2014-12-31 (two years),14,0,0.1,2.0,-18.606706304893066,137,0.20437956204379562,-37.87128125908702,-0.20757159184149113,e81f50c2cb255d0a4da5be3358841dd6f6612f3cddb3011d891ac3bd80cf82ad,3.7
2013-01-01 to 2014-12-31 (two years),15,0,0.1,2.5,-6.731737301036988,96,0.20833333333333334,-28.067514899012668,-0.02879332384481541,51e499f435c389c813af0dd342b435f22568fa314f06fde3408fba4712e89a7b,3.6
2013-01-01 to 2014-12-31 (two years),16,1,0.02,1.0,-52.50036333461945,109,0.1559633027522936,-54.844714679286355,-1.445551965888305,b635b07694e9c1d3f508a8f45f1f2617773fd8ac1f4b9050358d7504c41eb299,2.0
2013-01-01 to 2014-12-31 (two years),17,1,0.02,1.5,-20.329792319453038,89,0.20224719101123595,-31.03775475437279,-0.32232080257294204,49832d1d825e7ccb69b18b905749b1a3639549373b61d0e81bf16b64ec3b833b,2.6
2013-01-01 to 2014-12-31 (two years),18,1,0.02,2.0,11.965415599126155,71,0.23943661971830985,-21.54201609632864,0.4239405213554384,47229cdd1bf25e72425d233f04b3380e3db5a1539e3caac6698999ce55e9a8ba,2.9
2013-01-01 to 2014-12-31 (two years),19,1,0.02,2.5,54.29108459731032,52,0.3076923076923077,-20.84761937625754,1.3834879672316873,41e7f408589595470caae90c744f70b8f4cacb7dd4499bb18e9d713c0d2fc07c,3.1
2013-01-01 to 2014-12-31 (two years),20,1,0.04,1.0,7.901231356088083,195,0.22564102564102564,-52.0110334141308,0.35329920710005225,9f7221c904864f6a9f551afed96d7d788657d1e96e13b44fd95dc00663a193d3,2.9
2013-01-01 to 2014-12-31 (two years),21,1,0.04,1.5,41.76648145207744,142,0.24647887323943662,-37.2948158380209,0.8250864470091753,fed4cafd2ea500c574fb14d84ffe862e0a2b428189e9849a85d8b38af52676fd,3.3
2013-01-01 to 2014-12-31 (two years),22,1,0.04,2.0,60.0733049569099,100,0.27,-25.463219102349733,1.1530000271842886,ece9abeee708751b8574c09899691a3dc0f768e660a2d013b69dbe4868016063,3.6
2013-01-01 to 2014-12-31 (two years),23,1,0.04,2.5,65.16792099728994,72,0.2916666666666667,-17.216476537590996,1.3605630399900328,cffde528785d505a20dce56f091dc07860db7adff98e1a475e38f0c5eb4eb937,3.9
2013-01-01 to 2014-12-31 (two years),24,1,0.06,1.0,-55.75051030619297,259,0.18532818532818532,-79.92061971512756,-0.8365323545719328,334b64ab28d808760c1bdaf6f82bdf1cf4b8b85585e3feb843842592a72843da,3.6
2013-01-01 to 2014-12-31 (two years),25,1,0.06,1.5,-20.601676392348836,191,0.20418848167539266,-55.28794523976184,-0.17732380499078948,b4f7419c140ae7555cfd389eea832fdd8b955614dad0d8fcd2e63610c91addc8,4.2
2013-01-01 to 2014-12-31 (two years),26,1,0.06,2.0,-5.305951181999708,127,0.2125984251968504,-39.26934602341417,0.06437437659630958,d6750f4864e2b881f38575e874e000d31f403a67c99ad633bdb9132cd254e7ea,4.4
2013-01-01 to 2014-12-31 (two years),27,1,0.06,2.5,0.21723182131855157,102,0.21568627450980393,-36.20227484662647,0.14717453711134948,3487603b3fdd4dd6c6dadbca9a023629a2ad946aa629322ed493c971463e6faa,4.4
2013-01-01 to 2014-12-31 (two years),28,1,0.1,1.0,27.87711747773709,341,0.2287390029325513,-44.33051760622807,0.5919976846982457,75c0d18bacee3011449f55842e73a93ee5053ffe8f18ce5dd0c8ae24c38581c6,4.0
2013-01-01 to 2014-12-31 (two years),29,1,0.1,1.5,16.155684542130317,212,0.22641509433962265,-48.28036990574284,0.4641153772968192,ae41ba3b98f6c4f94cad21857b547a2f5bc22733cab72641c571c948c95729bb,4.4
2013-01-01 to 2014-12-31 (two years),30,1,0.1,2.0,29.587362045569282,135,0.23703703703703705,-23.461622651361346,0.6923535959371399,a3e4f25addce7d1594d1836fff2bf7012e59d97d420919b101d11476389fbb1f,3.7
2013-01-01 to 2014-12-31 (two years),31,1,0.1,2.5,43.435367539759305,71,0.2676056338028169,-16.716648606955996,1.0712103213860495,a3414d1171a9fe20401b4171c6188d88ece1e380c989cde360967af0fdc5973d,4.0
2013-01-01 to 2014-12-31 (two years),32,2,0.02,1.0,44.0338092288745,104,0.25961538461538464,-35.90018415600822,0.943363464481659,3cda6e7ec017fb9973a88f2c15dbedbe96f49fa6b620027948174fac54a9f257,2.2
2013-01-01 to 2014-12-31 (two years),33,2,0.02,1.5,37.83016130355344,90,0.25555555555555554,-35.34832640293597,0.8742885857121304,18f4d9eb12ef12eaf1f3780751f4623a9db08c099182fb7ff12b153e452e3f0f,2.7
2013-01-01 to 2014-12-31 (two years),34,2,0.02,2.0,100.1951912142684,72,0.3194444444444444,-25.407492596747183,1.918277607810025,8a18dacca5b46123bbd46cb7c16604250fdfd8b8baf54850ddbf24c97b4b95d6,2.8
2013-01-01 to 2014-12-31 (two years),35,2,0.02,2.5,1.7435545601221842,59,0.22033898305084745,-29.536033231265513,0.17334309913932353,ed7896f194b0af5fc42a9e9d23152839172b0722df77e886ddd404e65300a397,2.8
2013-01-01 to 2014-12-31 (two years),36,2,0.04,1.0,-23.67409995887359,187,0.20855614973262032,-44.98135683108935,-0.22352372460846243,a97bb8ae28162af901e5c298d9f485055dff91afd89c7b9bc8b272c4a6b5b39b,2.5
2013-01-01 to 2014-12-31 (two years),37,2,0.04,1.5,37.649754792283055,130,0.24615384615384617,-34.25865765830385,0.799628806220665,807d1d1496b328976e02c0ada638364c0a64f5ad7efc252dfc5b9a2cb10de4b5,3.1
2013-01-01 to 2014-12-31 (two years),38,2,0.04,2.0,1.8121685225626578,99,0.2222222222222222,-34.099199238849145,0.1995536238329493,1d508a947458c39e863bb63a5bf126f680513915204ba195330ba328aa9569d7,3.4
2013-01-01 to 2014-12-31 (two years),39,2,0.04,2.5,4.8256240818219425,72,0.2222222222222222,-25.51793266564024,0.2611236595160749,f50a9903a62d2b809f8d72d645cbd79aec0316c9fa07d4ae7c670378ac965271,3.4
2013-01-01 to 2014-12-31 (two years),40,2,0.06,1.0,-39.41509220402995,259,0.20077220077220076,-69.13807670511038,-0.481008615545226,87fb511e82ee6cd3935ec45c8752de49aea8f19719a75d8c03485f715179de45,2.8
2013-01-01 to 2014-12-31 (two years),41,2,0.06,1.5,36.86141987739389,168,0.23809523809523808,-42.9955799979664,0.7687292507045979,7eca01509c09179c4d331c0c991b2e2b3a42d84e2ba4c615ee90174e78781eb4,3.2
2013-01-01 to 2014-12-31 (two years),42,2,0.06,2.0,33.05870941229302,95,0.25263157894736843,-19.926864925020293,0.7796585838358305,0a8a82876286e022a02600d38e6f5783297f1be43f015a7b0f10d069a9ac21da,3.7
2013-01-01 to 2014-12-31 (two years),43,2,0.06,2.5,46.98633358242426,69,0.2753623188405797,-17.365892758789737,1.1195005300061187,5950afb69e670097536cc7c0ec90563b25f19dca92667b63b52dae711f4bfb0f,3.8
2013-01-01 to 2014-12-31 (two years),44,2,0.1,1.0,13.282748587856267,355,0.22816901408450704,-34.63741623030181,0.4451662593181232,182a330098d713f202536316312775d00e6d401bf7ba2d93da6b654d39e67ec0,3.0
2013-01-01 to 2014-12-31 (two years),45,2,0.1,1.5,-30.525138852887952,219,0.2009132420091324,-55.874049969387805,-0.31862033494561987,a16e00b6d070f1fdf9b82d820d005d1a09386ef8575fb5016018ee0215dda109,3.5
2013-01-01 to 2014-12-31 (two years),46,2,0.1,2.0,6.333963477243071,134,0.22388059701492538,-30.32649925955915,0.3067144135694313,6553a8b0dbb19da34fb010f3ab47d26b99ad03089fdc70eb6a6a6514da08c623,3.6
2013-01-01 to 2014-12-31 (two years),47,2,0.1,2.5,57.877739999898694,89,0.2696629213483146,-23.130568323122546,1.2129491974006426,9316d531ae357134769a0defcd14326d7a336c1c775d14633640668b99a66fa4,3.6
2013-01-01 to 2014-12-31 (two years),48,3,0.02,1.0,1.3231804188578564,109,0.22018348623853212,-28.482534748409314,0.20341956423925436,2c8c564fee705ac76c574918ebd0aa3137acf2c31d116f9e05232672e5967437,1.9
2013-01-01 to 2014-12-31 (two years),49,3,0.02,1.5,20.58206642509689,87,0.2413793103448276,-31.334064261643736,0.5840409437761018,cd6c9728d81b9225b36f2ecf21d342cf58d2603847c721e59d962e898281833c,2.5
2013-01-01 to 2014-12-31 (two years),50,3,0.02,2.0,56.06605513545861,71,0.28169014084507044,-26.01647691629315,1.322190363793694,edd808ee692b49a1e44caed576922eda87dcf14937fc3545996357a59e67440d,2.8
2013-01-01 to 2014-12-31 (two years),51,3,0.02,2.5,20.965498673708503,56,0.25,-29.719150023923824,0.6950946965891788,1eec745ac5b79de71f7733c0776fad39794779182bb3087841334e23b4936f29,3.3
2013-01-01 to 2014-12-31 (two years),52,3,0.04,1.0,-62.70208295697554,208,0.1875,-73.58424062048272,-1.2242177904727662,5aa776375c5e42c3f3c5014e8e80dc0c873988b1c587bc543b6d1f60344b19a0,2.6
2013-01-01 to 2014-12-31 (two years),53,3,0.04,1.5,-27.104022669680155,146,0.2054794520547945,-59.774079930006586,-0.36249125746008953,4f862b1668ae32885fd531aa4ac79e22ca6c008537c418aff5741ecd325c08f3,2.8
2013-01-01 to 2014-12-31 (two years),54,3,0.04,2.0,14.975814375988946,96,0.23958333333333334,-35.319271353160985,0.47203147037921794,16b0c36cebdcf808e55643cddf75d882e6aac212291f512b4b03742af50a3f0b,3.4
2013-01-01 to 2014-12-31 (two years),55,3,0.04,2.5,21.070758919036923,78,0.24358974358974358,-24.515211330132193,0.6413778202279472,90ebc39e740168987f7f826a8155e8b3935e3e7b36a4b5af0fa9f897b7c768c3,3.7
2013-01-01 to 2014-12-31 (two years),56,3,0.06,1.0,-33.56226505059852,265,0.20754716981132076,-46.20990118315186,-0.28198157024076087,208c613596e74cd4fb58a2c1c002189d8ef163cf21c6a38b05f2cd4bbcf05673,2.7
2013-01-01 to 2014-12-31 (two years),57,3,0.06,1.5,-4.517803585632055,174,0.21839080459770116,-41.50967279178178,0.12565385772469298,37e7382d1d65396340f0ee0ea4996f880bacafcc2651dd3261e311fd926d0c41,3.3
2013-01-01 to 2014-12-31 (two years),58,3,0.06,2.0,6.705889487747887,125,0.224,-29.277337244472047,0.30794682219066505,f14e1bec3da1ce3dc7dec816dbcdb6c1ad2708e1732b91139eb01070c0aff652,3.3
2013-01-01 to 2014-12-31 (two years),59,3,0.06,2.5,10.805084815210364,74,0.22972972972972974,-24.919647076790397,0.4018236005060184,fd468f3fe3d68f14c1571b3228a3282c3cdefb62ed40c2f5843b35f1153f3e8b,3.9
2013-01-01 to 2014-12-31 (two years),60,3,0.1,1.0,-54.65964814771692,378,0.2037037037037037,-71.61789957609737,-0.6417436957136219,b9c4c74637eafb004e2009024b739abce81b98fe6e557502f797d3a89f40b5e2,3.3
2013-01-01 to 2014-12-31 (two years),61,3,0.1,1.5,-9.099734552780136,201,0.21393034825870647,-46.645009276216655,0.07411068377443496,cfb68737cdc4bf700318e456afa1c63904a369c2b4bf0ad215fe95e53460c412,3.6
2013-01-01 to 2014-12-31 (two years),62,3,0.1,2.0,52.92563471521713,107,0.2616822429906542,-24.22191020981742,1.087188957629905,a6a6737fe05316f2726c448d35185d87f696293982e03e84d7eb7bb455051b39,3.7
2013-01-01 to 2014-12-31 (two years),63,3,0.1,2.5,39.28086717277552,77,0.2597402597402597,-22.1095508849945,0.9836815641318446,aeef29013c6777e97a7c34ec2dd4f0908d4b7883964a1d4a0ee4c2c9af2834bb,4.2
2013-01-01 to 2014-12-31 (two years),64,4,0.02,1.0,4.958060169355798,95,0.22105263157894736,-22.564227428783255,0.26775042221144507,36d60a53778df6d14f92b51a47e02b461c00132fe02eedb56d2ea6151132b8a2,2.0
2013-01-01 to 2014-12-31 (two years),65,4,0.02,1.5,-3.2300697856806915,75,0.21333333333333335,-26.948488507993908,0.04903451448731061,34852e5c93a7418d0caefe5370fe83d061f8f5393991f45d8fd287f3c8c7209d,2.3
2013-01-01 to 2014-12-31 (two years),66,4,0.02,2.0,18.852446913151418,61,0.2459016393442623,-19.9611358345646,0.6377795987952065,75262afc5684229fae0f4be7d731206250fc0bfbe4c53005b5fb313cf3e7879f,2.5
2013-01-01 to 2014-12-31 (two years),67,4,0.02,2.5,27.18753923843689,48,0.2708333333333333,-15.638846743023382,0.8192719364841637,b70d1fde1d151d3528a903d6bc1d2299bc091fed63e2f25956a50ababc42b484,2.9
2013-01-01 to 2014-12-31 (two years),68,4,0.04,1.0,-57.10212213318465,195,0.18461538461538463,-72.22499378711319,-1.0438486560570224,085b7a6e268ed4c3352255bcc05b698d6b78f360de3dae3c301323e03bb4d194,2.6
2013-01-01 to 2014-12-31 (two years),69,4,0.04,1.5,-29.845188891201328,147,0.19727891156462585,-60.099234727400066,-0.48302568862461964,25e7d7de9a8de44d6e67a37e2488454139506e5542fa12b8a87904cd1f6540c6,2.6
2013-01-01 to 2014-12-31 (two years),70,4,0.04,2.0,30.59747500735727,110,0.24545454545454545,-41.264541428986114,0.7441928061077955,415072a2ec810c005c4cab84bf34f49843159efc728fee4a1adb8547d552f7d6,3.4
2013-01-01 to 2014-12-31 (two years),71,4,0.04,2.5,16.831219794349213,74,0.24324324324324326,-29.295981985578802,0.5355219683567789,3b4b6e9aff79d6b9680fed63c5b43b687e5c8bd12f3af1838c8b880bff11a77d,3.7
2013-01-01 to 2014-12-31 (two years),72,4,0.06,1.0,-41.21588003378008,282,0.20212765957446807,-65.8707583592139,-0.44619700862230877,066047a5c9df412123310091e0d3343a799bd101a726480f2150faf005c8c96e,2.7
2013-01-01 to 2014-12-31 (two years),73,4,0.06,1.5,6.899641154559272,191,0.2198952879581152,-53.608344119568585,0.32705647341234095,aa28d0632052b38b5d3535f2ced6751a5c4b45c24480a62e04c73eacfa63eb40,3.1
2013-01-01 to 2014-12-31 (two years),74,4,0.06,2.0,43.68373187195075,119,0.25210084033613445,-29.43494261442542,0.9251779113605058,43c0376304bbcf6e4904a5522f31624e65b0baf21ce42a08c51ae08a1a65b08f,3.6
2013-01-01 to 2014-12-31 (two years),75,4,0.06,2.5,7.666752929540818,85,0.2235294117647059,-28.54116299975791,0.3296145328339235,ab52d116e622af8aa4f5c5ca54b5694fb3195a464ec987b24bbbdd991935c052,3.6
2013-01-01 to 2014-12-31 (two years),76,4,0.1,1.0,-63.71282977214451,362,0.19060773480662985,-73.965056727175,-1.0073472073511993,25cfde5e340973bb0f0b309106a9dd9de9ff83af3fd8a06524ae85284a764e2a,2.8
2013-01-01 to 2014-12-31 (two years),77,4,0.1,1.5,-10.035998247791401,205,0.2146341463414634,-48.082355868346724,0.0637353988843137,f40a0b4c1b34fddc0be9bcf7442ed805c947ceafd30862822ff9d41ee93961dd,3.7
2013-01-01 to 2014-12-31 (two years),78,4,0.1,2.0,6.933558747281657,126,0.2222222222222222,-32.51475435714455,0.3144070167199421,c9af26d9a1ce2426814603e0ac382c6c5a916a7f626926cd6f93e0c417c6d063,3.7
2013-01-01 to 2014-12-31 (two years),79,4,0.1,2.5,37.30476121252299,87,0.25287356321839083,-19.58348898859754,0.9311542070727815,9743e4eb08c081f097c6964a8be913476d7b3126a3264f2c62673e5326e3a0c4,3.6
2013-01-01 to 2014-12-31 (two years),80,5,0.02,1.0,-32.73610071862439,114,0.18421052631578946,-58.95392688328703,-0.7421525784745213,7090a9a492ece7f40785cda2bc7f4ea63540b561beb098a8747fa5a281f4937a,2.0
2013-01-01 to 2014-12-31 (two years),81,5,0.02,1.5,1.7853610872259982,91,0.21978021978021978,-53.686027573004004,0.1939505742576958,3b632a0a93356e9796224eb64445caaa04686f541ba98a7c4430a1a51a600855,2.4
2013-01-01 to 2014-12-31 (two years),82,5,0.02,2.0,23.324316575908266,77,0.24675324675324675,-41.82638116779037,0.706631161901687,a8f02c9f754cb808d7a330c5bdc2397b7b786c94b27b8ee4f2a9a239576abddd,2.8
2013-01-01 to 2014-12-31 (two years),83,5,0.02,2.5,84.22408299351771,58,0.3275862068965517,-18.908127097300586,2.049136349240512,9b0e4227a73df77cf8dbeb81f21f8a0aefa791cbc27aa448fda57703c7f64663,2.9
2013-01-01 to 2014-12-31 (two years),84,5,0.04,1.0,-11.11279376729859,179,0.22346368715083798,-47.969719319444,0.04746407330720668,3ef9c4f3bc8641fcc2f499ef3308d03816b997141fe574c56164920a11600e5a,2.7
2013-01-01 to 2014-12-31 (two years),85,5,0.04,1.5,-24.093951090806183,140,0.20714285714285716,-41.73819458874102,-0.3120354268203311,fb06061a61b27254817e135a974f1d8b1e0948ae2399a7238f30705feb534bab,3.1
2013-01-01 to 2014-12-31 (two years),86,5,0.04,2.0,44.220750744295785,100,0.26,-27.914357887447682,0.9719853833449411,4ac9b07d467a08050f6a44c7a897c60e3000ad73bc5b6abff631a4ff8a408035,3.3
2013-01-01 to 2014-12-31 (two years),87,5,0.04,2.5,43.05141887728546,66,0.2727272727272727,-24.6679569566601,1.0701325884015045,67a9a9da2614a1b8be9e48a57fc4f3c2e30b7adc715d8dd81322e4520d95913c,3.8
2013-01-01 to 2014-12-31 (two years),88,5,0.06,1.0,-67.00573624867279,274,0.17883211678832117,-73.4533427164028,-1.2157067026296797,3791994676c89246a33f9a72f59d9c22f88b24c3635aa789a6346678580eff82,2.6
2013-01-01 to 2014-12-31 (two years),89,5,0.06,1.5,-18.16477923246124,180,0.20555555555555555,-42.47333024147557,-0.16177587189315557,37aaefa6792f36e3c4d05e0a8b09e60721db2ca908dc987fc0312802db56ae5c,3.7
2013-01-01 to 2014-12-31 (two years),90,5,0.06,2.0,14.333437181175162,123,0.22764227642276422,-35.27387966012695,0.4519704348551599,9c2e43805f52de0bb92c74e282a01ebf6b9f275720ef3273f2feb678357a5003,4.3
2013-01-01 to 2014-12-31 (two years),91,5,0.06,2.5,25.238543887352584,72,0.25,-25.785721993626087,0.7357084094589104,860ee08df695f041eebfd0a832ba4115dbe85dd33d30d897ed5bbc5cfc814910,4.1
2013-01-01 to 2014-12-31 (two years),92,5,0.1,1.0,-17.35620137560324,328,0.2225609756097561,-59.573495828631685,0.06742465411355542,81c96c439695e5a05bf85a1ae44d72b20afa36779f289bbd78305aea44bcc8d7,4.1
2013-01-01 to 2014-12-31 (two years),93,5,0.1,1.5,1.6855153201576738,204,0.22549019607843138,-45.33766668459715,0.25550549203633505,ae081ec5626e275bac0713007787d81a652429d57e579535094c6354ebcbcdef,4.4
2013-01-01 to 2014-12-31 (two years),94,5,0.1,2.0,101.43470433199265,125,0.28,-19.721188118064013,1.5414978098836025,fce74b5901221267528f86dc3195226dddbce015dacebb1a7003e59df65f4d18,4.5
2013-01-01 to 2014-12-31 (two years),95,5,0.1,2.5,46.99119855801207,69,0.2753623188405797,-18.273140163605728,1.0922173670795756,1e25e2aa5809ede4396998317993a62cb428a36149193165dbe0d7c9544acfcc,4.3
2013-01-01 to 2014-12-31 (two years),96,6,0.02,1.0,-48.03306313723093,109,0.1651376146788991,-57.36798000714558,-1.238938968993401,2d7236b4d40e4daa44f736bf9984cb614e8c0364489549576670dd35d1ea0d99,2.2
2013-01-01 to 2014-12-31 (two years),97,6,0.02,1.5,-28.70792207231707,94,0.18085106382978725,-42.98227682640159,-0.6333998282059223,b17c4981ae0107a86a84d26f998b928a2dbd6b7bb7833031384fb4229ff01146,2.5
2013-01-01 to 2014-12-31 (two years),98,6,0.02,2.0,-23.077238957218366,73,0.1780821917808219,-40.74935708336906,-0.613385516717818,7580ea6061f3e65ab4a225b2c653aeeb646d4b394b6da35067b9cdf36c88829e,2.9
2013-01-01 to 2014-12-31 (two years),99,6,0.02,2.5,0.6155845968147629,56,0.21428571428571427,-32.10167244229722,0.14304218035971933,ba45c7fac44d4011c47f6daff29a67bef1165839352ed85c83dc7390b733c0dd,3.3
2013-01-01 to 2014-12-31 (two years),100,6,0.04,1.0,-22.650799657460674,207,0.20772946859903382,-62.529813583835356,-0.20587596287836699,91a9f2bb32c3f4d6cecf4c4ce2bac48a7aea509a833cc8442e65883de16ca8f7,2.6
2013-01-01 to 2014-12-31 (two years),101,6,0.04,1.5,27.44984238565622,142,0.23943661971830985,-47.292010856295754,0.6524718109780536,ea68dbbebea66ec746b25065cf7cd02b4023cc2353fa5b30e02c03d50a42afc3,3.1
2013-01-01 to 2014-12-31 (two years),102,6,0.04,2.0,85.342077557415,99,0.2828282828282828,-25.668164958538362,1.5947258848153936,4ed61e59f38ab4a27e469dcb28d2d5942b3c7e7420bbdfe0d770723f77579892,3.4
2013-01-01 to 2014-12-31 (two years),103,6,0.04,2.5,25.527352529119575,81,0.24691358024691357,-27.637370524378035,0.7388170328113948,fc5c44ff226ddfa6be6f393f7cc6bcf7af074a5ae0698e134487aace5db35f57,3.6
2013-01-01 to 2014-12-31 (two years),104,6,0.06,1.0,-39.405881048585286,259,0.20077220077220076,-71.89647866448323,-0.4887235338054653,7947d607ff2686bf3e248a057e22992b4fc8d590ee8c4bbb3c09a1b5caa1697e,2.8
2013-01-01 to 2014-12-31 (two years),105,6,0.06,1.5,-12.74836309639066,168,0.20833333333333334,-59.755583680938074,-0.04995271676848186,1a02e9f310f3ec50fca9cb498391f2845db6cfb53319989345d4eeb2ae772aaa,3.3
2013-01-01 to 2014-12-31 (two years),106,6,0.06,2.0,17.443680405181333,115,0.23478260869565218,-30.552621225729048,0.5190584340891818,98bf516028361c671a93352787194c62bec723d3375848816a4147ec1fdcb232,3.4
2013-01-01 to 2014-12-31 (two years),107,6,0.06,2.5,-4.548534593827275,81,0.20987654320987653,-30.27571935415666,0.012736576281367616,3e8a091e7ae04ebda9211790ab6618ee48631255716fbf12c8a0a4b94b030476,3.9
2013-01-01 to 2014-12-31 (two years),108,6,0.1,1.0,-72.4167417314845,369,0.1842818428184282,-79.7748293309574,-1.2986213849528299,a50ae8522f37a97928993a7f35679455462cf35879dad897112aca8c794d8e05,3.3
2013-01-01 to 2014-12-31 (two years),109,6,0.1,1.5,-13.47824335114414,209,0.21052631578947367,-49.16146250942383,0.008140412147668143,b3e258a5e4151c3cd02dcc3b0d64cee128b62d5f18ef601a22a73feafd996153,3.4
2013-01-01 to 2014-12-31 (two years),110,6,0.1,2.0,-4.0286971771118525,145,0.21379310344827587,-34.69050859400913,0.1075561122466625,08d56b77ea6bd5c8f6adea4715e66f6031fc88e82798495ed68b96b6aaf1f56a,3.6
2013-01-01 to 2014-12-31 (two years),111,6,0.1,2.5,12.63611602896855,96,0.22916666666666666,-28.62777028950291,0.4361242758642816,e7036c4666dff09504def2ddf984dc31c3c5827e590ff7e099f9e254f98af271,4.1
2013-01-01 to 2014-12-31 (two years),112,7,0.02,1.0,-29.911526522617947,117,0.18803418803418803,-52.3616784567522,-0.5941303366419252,37b3107a0903d686eb2a3d4a5de7921d19275da4807fddccb63fda1c603ff8b9,2.2
2013-01-01 to 2014-12-31 (two years),113,7,0.02,1.5,21.533990339055077,91,0.24175824175824176,-36.88097951693886,0.6068202008775283,171c4be67ff3d3452169d535734205555e9f34d19b5a59c90b7d022750a6f548,2.3
2013-01-01 to 2014-12-31 (two years),114,7,0.02,2.0,34.98858981384739,73,0.2602739726027397,-29.900166191298073,0.9221518742545264,540480c55e469ca70ae9f53461990f1e6f7c08d66a45627f6a63e8d7be3e6f2d,2.9
2013-01-01 to 2014-12-31 (two years),115,7,0.02,2.5,23.222474884757137,55,0.2545454545454545,-26.311954791540714,0.7333205782961999,efafa96dacbc0c58adc0032563dde67ddb0309394fd50198fdad1b8c3e76e095,3.4
2013-01-01 to 2014-12-31 (two years),116,7,0.04,1.0,-37.70817916889149,196,0.19387755102040816,-59.378275529346524,-0.5446265165793283,c9e45bb6c195ea784d9da992abb4f6f3d2a53cc28da270ea0e08c982b43005c5,2.5
2013-01-01 to 2014-12-31 (two years),117,7,0.04,1.5,-43.60481841034314,147,0.17687074829931973,-59.19263040265776,-0.9077444712264798,2af3e3bfa6332ff2450f23a23a7f88e506251d18b7e838bc8a5f4907cae0b753,2.9
2013-01-01 to 2014-12-31 (two years),118,7,0.04,2.0,10.540519974636279,99,0.23232323232323232,-30.69778107072736,0.3842167955790158,71f8d520c8f01b01ab83c00be261f891c0ba4fbc3dd65592fb7b3428c961829d,3.3
2013-01-01 to 2014-12-31 (two years),119,7,0.04,2.5,23.583570275502808,77,0.24675324675324675,-28.456605177672024,0.6732611760266866,c94ea8c60beb6521e78d78f9f232ab2e20e0cac5f92fd9dbed39c0b815047731,3.3
2013-01-01 to 2014-12-31 (two years),120,7,0.06,1.0,-66.94718370062441,267,0.1760299625468165,-73.5248425863959,-1.3551003520988678,41607ac39e69bf75ae2dbc3623c7988347cfbf4cc1a7016ae1de97e47de90457,2.7
2013-01-01 to 2014-12-31 (two years),121,7,0.06,1.5,-33.109871635994296,195,0.2,-56.90441045328119,-0.4435310692867905,58a5300829a0e7d2c8b937e232162e9a448239c7a1d09ecf45180da6ba074caa,3.3
2013-01-01 to 2014-12-31 (two years),122,7,0.06,2.0,0.7840863283211001,133,0.21804511278195488,-28.535641444265213,0.20367856587365823,553b42017791952c357b25e85548224d7ff8b5a914dfa54ab7e7d42d3582f83d,3.0
2013-01-01 to 2014-12-31 (two years),123,7,0.06,2.5,31.658715720708923,80,0.25,-21.561804411349605,0.7988791389477673,ea6d5619ccc95dc0441251170ad8e6705bb98c164127f49d68cd10fd17cf604c,4.0
2013-01-01 to 2014-12-31 (two years),124,7,0.1,1.0,10.002617322572387,338,0.22485207100591717,-55.43826857955179,0.40473989030752494,56349dbd9cd0abd45fe0e7ea7d7f9223ba3d116eb203ad5e8c8889812caeab10,3.0
2013-01-01 to 2014-12-31 (two years),125,7,0.1,1.5,19.871035383927442,189,0.2275132275132275,-39.64070407166071,0.5149315774391017,e59accb16046bdc63b02886c0fd2284003a724e8a4f9b51a8026948dcf3977ab,3.7
2013-01-01 to 2014-12-31 (two years),126,7,0.1,2.0,32.782092265166,123,0.25203252032520324,-24.6940841261161,0.7668523341894169,9f6182081ae3f788bf4c43d79942d927bf5dfff7559b3890c62f15f6cca946cc,3.9
2013-01-01 to 2014-12-31 (two years),127,7,0.1,2.5,17.94791984520764,75,0.24,-19.26945269022444,0.5615191580891535,e4f271cff24df07ae3514b27286c27f119d4accba99cc44fed951e726b8421b2,3.8
2013-01-01 to 2014-12-31 (two years),128,8,0.02,1.0,-49.55140688272818,107,0.14953271028037382,-57.693428433387204,-1.358301188311736,f956e9d453ec5231b0a9c9d3423e2a2c580b6473d8885a43b48d95fb7fc036ca,1.9
2013-01-01 to 2014-12-31 (two years),129,8,0.02,1.5,9.41086742135215,88,0.22727272727272727,-31.421776574986893,0.36283276777910817,94107ed8c67715dec38005622901288775ab0edb597016c5b47a7215f0386b68,2.2
2013-01-01 to 2014-12-31 (two years),130,8,0.02,2.0,28.169622202312883,66,0.2727272727272727,-18.006470054278445,0.7926938652960911,95e34c0ff9b3bf47ebc36e9cf596a2946a698840fa66c68d4a28db4650dfc8ef,3.0
2013-01-01 to 2014-12-31 (two years),131,8,0.02,2.5,18.61751524403499,55,0.2545454545454545,-20.744897715861686,0.6134948619855323,8cd6f96b9a568a41e7628dc31e3baa1387d2bce599795b13a6cc27f8c34eebb6,3.2
2013-01-01 to 2014-12-31 (two years),132,8,0.04,1.0,-17.660028412020637,212,0.21226415094339623,-49.50841016090071,-0.09659406926935372,b8294b6eccce845efdf7c309249011f458a9bf1fa4f8e3925d9e8d385a228ead,2.2
2013-01-01 to 2014-12-31 (two years),133,8,0.04,1.5,36.450125845511955,151,0.23841059602649006,-29.67684985825222,0.7739648130015916,520e7c5fe96e3d8d6e161b043e31055ef0c2ce493448bfff3daf10caa5a5c1dd,3.1
2013-01-01 to 2014-12-31 (two years),134,8,0.04,2.0,12.98864711096582,119,0.226890756302521,-33.39898270317189,0.43064521291943414,0cb1d1d0a6997e67bf6f197ee42b39392cf16990801e3759598bc4695951cff3,3.3
2013-01-01 to 2014-12-31 (two years),135,8,0.04,2.5,33.23563159007795,79,0.25316455696202533,-20.0332978202264,0.869003149933136,16a78e54bfcb11dcb2f2fe5f6a42ecc89bf2f61291c445d878665cfdd5bb2795,3.4
2013-01-01 to 2014-12-31 (two years),136,8,0.06,1.0,-62.47155611305946,263,0.18250950570342206,-75.39861874745893,-1.1134300116330853,7a188f5df9571e1efec6ffac8a8d5e7676d04e5f8cbbcf4a9ea2b6c43b0aae24,3.0
2013-01-01 to 2014-12-31 (two years),137,8,0.06,1.5,40.345159797515215,161,0.2422360248447205,-36.18002464822,0.7842906769594581,35ecf09fa63856df70a45c466ab455305cb1b3f58ffcb1b089468f0ef49eabf7,3.5
2013-01-01 to 2014-12-31 (two years),138,8,0.06,2.0,30.063683183097467,112,0.24107142857142858,-32.014280203638926,0.7237333450901497,2e706acd0b1ac2e568373465a9e5d5d48c77f35a1d6b074d6ad19b910bc07850,3.5
2013-01-01 to 2014-12-31 (two years),139,8,0.06,2.5,65.87745202631842,72,0.2916666666666667,-19.357160720060286,1.4053057444104609,d732577930cf0b62718ee91db53ee2afbadb6abec71cda4dee4e1bee933c18f5,3.5
2013-01-01 to 2014-12-31 (two years),140,8,0.1,1.0,8.32528879720071,340,0.22647058823529412,-63.60761396499397,0.3982301335630101,230a16425f3af29a8e63a0ef45c03fce6ff63a0d2969b5ea0c8799d674ab18fd,3.1
2013-01-01 to 2014-12-31 (two years),141,8,0.1,1.5,15.765497983275893,201,0.22885572139303484,-56.2301853204017,0.4600592496817126,398ebc3d61bf76ec8c363e5fa8a21eadf79a94d6aeb5121e0d9c0fe7aea0ccbb,3.4
2013-01-01 to 2014-12-31 (two years),142,8,0.1,2.0,14.62384997129248,140,0.22857142857142856,-37.23010595231988,0.4551649534692284,79013360f32a4c96d5607d53fb854ea735955ef8c960a2b33cc51497abcb16e8,3.5
2013-01-01 to 2014-12-31 (two years),143,8,0.1,2.5,6.63321519451837,104,0.22115384615384615,-28.775756882440717,0.3046868184759506,a352679e6c576062e0de75715cfc686584762e518b4f10b8e3afedbf90bb3640,4.0
2013-01-01 to 2014-12-31 (two years),144,9,0.02,1.0,-57.70150422350028,121,0.15702479338842976,-58.17646518387656,-1.5773894856391437,8514443e483409cacb590940821eb2dad8d39bf53f9b15923a8a7c3a691709e8,2.0
2013-01-01 to 2014-12-31 (two years),145,9,0.02,1.5,-8.770558681987307,100,0.21,-30.195880156390686,-0.06697301082142089,273946c61b73ceea6cff4027a6e34571d8197549d776aeadcefc23762734dd90,2.7
2013-01-01 to 2014-12-31 (two years),146,9,0.02,2.0,10.535421329387612,77,0.23376623376623376,-30.257844887647746,0.4001160300264517,70623e526343742b280e19f9b1ae5703bbc46dcdc3ebb0ea10b36cb46563c3df,2.8
2013-01-01 to 2014-12-31 (two years),147,9,0.02,2.5,21.59469575634497,64,0.25,-18.975482897401818,0.69174301384536,dbf26c901c7f275e4311063e654a24958b5e061315c1d632fa32ae53b8b64d51,2.9
2013-01-01 to 2014-12-31 (two years),148,9,0.04,1.0,-32.898951278053154,199,0.20100502512562815,-58.3346218718342,-0.4006276498873519,1a6c0cd7a60fad444a551ecbff8a0f5d8df9d4a7684f6347d7ade6058b3ce0ef,2.8
2013-01-01 to 2014-12-31 (two years),149,9,0.04,1.5,-32.6379887658411,153,0.1895424836601307,-55.24929072962659,-0.514837494943987,4b7ce94668548e11500058299ca4313ca80fff4368121e7dfe494c460525d8f6,3.1
2013-01-01 to 2014-12-31 (two years),150,9,0.04,2.0,37.57741718530807,104,0.25,-34.16853740225119,0.8604896034680746,52cd37c81fcc27ac99ff058a361f59064087b86610c9dbace3963c0416173206,3.5
2013-01-01 to 2014-12-31 (two years),151,9,0.04,2.5,23.210197721424958,73,0.2465753424657534,-20.600889324479354,0.6906903096841172,9c6bdd3335727b2c4735091d2c82c7c01519d771fa9817ba563ca45770805430,4.0
2013-01-01 to 2014-12-31 (two years),152,9,0.06,1.0,-6.1280183722139325,258,0.22093023255813954,-41.722534113704434,0.1814797756641933,59e08d33aeb10cb64e7c7b12b912dfe7cfd615e2892a4da569297ea4160da5bb,3.9
2013-01-01 to 2014-12-31 (two years),153,9,0.06,1.5,6.518116499169192,171,0.2222222222222222,-31.65325486083089,0.32601137313162415,4f46fe68764c2b7c8332ad0f0016ab646539aa49a684ce74fcee602a1e955ca9,3.9
2013-01-01 to 2014-12-31 (two years),154,9,0.06,2.0,40.59953580249064,125,0.248,-23.763589973838407,0.8836443638433228,a37c39716b6fe8f7a732364039bedd8cd120bbc89eb68eef3a6914a6c8b56ba9,4.4
2013-01-01 to 2014-12-31 (two years),155,9,0.06,2.5,3.153826932637418,82,0.21951219512195122,-24.319805661955673,0.2206722003390558,8616f41e219bc1e4b5eda2bff87b7bb9d4b4826ed14c217a04dcaa3e23fdd8d6,4.4
2013-01-01 to 2014-12-31 (two years),156,9,0.1,1.0,-24.035700513666782,356,0.21348314606741572,-57.11472274725949,-0.02094761537157611,cac90e663bc39ea945bc1a6c4b88f923b50688ac05cd4e000aeeaceb3ec75e2c,4.1
2013-01-01 to 2014-12-31 (two years),157,9,0.1,1.5,-0.5784076820196241,217,0.21658986175115208,-54.80621989735705,0.2201659124791398,f896a38459e40028147b4fda006b6400a10c518a634aa4a70fa90ebcf0a7f305,4.2
2013-01-01 to 2014-12-31 (two years),158,9,0.1,2.0,-5.816935342778938,124,0.21774193548387097,-30.126047357611363,0.06334483301819724,3db79a2b33266ec1eddc622021df954a36a0b5189c408444ccb9420dcea08121,3.8
2013-01-01 to 2014-12-31 (two years),159,9,0.1,2.5,25.758041235102034,72,0.25,-21.34983543352741,0.7363074715369388,c03aff7c4d7ba8e25d2ffebc8778c5ab4e32f1ee01d090e37678c280ffdaebe8,4.1
2013-01-01 to 2014-12-31 (two years),160,10,0.02,1.0,0.4192440556175109,100,0.22,-32.72489730271856,0.17197727682901673,b706e578b859ba479e0cea1208b6d86c00641dd18b2d4dc943e25ab337c3950c,2.3
2013-01-01 to 2014-12-31 (two years),161,10,0.02,1.5,45.12553546932013,87,0.26436781609195403,-32.30830994585215,1.03478418828152,57276e2aca8744a147cf3437144889456d9278481018e8c5a677213017f360e4,2.3
2013-01-01 to 2014-12-31 (two years),162,10,0.02,2.0,-9.327145664908054,78,0.20512820512820512,-38.170026700411064,-0.13732036903014677,1aaa85a7f6a3f6347d426beaff82096f1eff750e9ce20d3f403d3f7f63efd7e4,3.0
2013-01-01 to 2014-12-31 (two years),163,10,0.02,2.5,6.131079959169923,62,0.22580645161290322,-27.887272477547132,0.297479447432771,a865d43711d2794ecdd0296e69e437d180bda6a33f07d20c474d9deecc2e0de8,3.1
2013-01-01 to 2014-12-31 (two years),164,10,0.04,1.0,-28.963822356804343,198,0.20202020202020202,-65.30737866306671,-0.31310489805044184,617bbc2e8540ca8a7d8fa4aba4600e04a5a0888a985d4daaaba21eb17e71ac5b,2.7
2013-01-01 to 2014-12-31 (two years),165,10,0.04,1.5,-31.905969454867964,153,0.1895424836601307,-53.93960780912721,-0.4744356514707265,ba5136a10410c22eac748ee7b20f87cc4ad66100c32485c4e23ee8116399c9f4,3.0
2013-01-01 to 2014-12-31 (two years),166,10,0.04,2.0,7.661684723180668,101,0.22772277227722773,-35.39604326214618,0.3263295179382767,e5c234cd1a50dab7cc027d34c66ad24aca2e7c4599209c36ba74d4773255cb06,3.6
2013-01-01 to 2014-12-31 (two years),167,10,0.04,2.5,21.79444826508565,78,0.24358974358974358,-19.020984666018403,0.6539997257201902,34a52969aa02dc397108e3e40d7ee8ce6e6e7a8772499b5c828d22e640391d62,3.3
2013-01-01 to 2014-12-31 (two years),168,10,0.06,1.0,-35.60912978896762,258,0.2054263565891473,-65.81938901849647,-0.32637289251881824,890aa2bb1f6276ed4fc17ae8cf3d86119c92161a14bf1181df3821a59e6e578c,2.9
2013-01-01 to 2014-12-31 (two years),169,10,0.06,1.5,39.34052978027419,178,0.23595505617977527,-52.721921180749945,0.7567213240465609,a74da3110402e29c737e9c454933e928252d3dda1b7dda5731ef1f8340fb507e,3.3
2013-01-01 to 2014-12-31 (two years),170,10,0.06,2.0,25.15496380890192,121,0.2396694214876033,-41.72456068761922,0.6326927788634601,22e656c1d1d91acf4e932794fb35a12d76be630629896cf1c2d03a73ba70734a,3.7
2013-01-01 to 2014-12-31 (two years),171,10,0.06,2.5,58.901281782705574,75,0.28,-18.932992681118566,1.298274058375398,cfb93c3f1e313428f77e957eff471abcf70fc77652383c2db68b298f8d49a216,3.5
2013-01-01 to 2014-12-31 (two years),172,10,0.1,1.0,-34.88429959477977,349,0.20916905444126074,-60.610123139336295,-0.2268636255314534,0f2e83e50046f22a3e4deca77764110218cf0a80a0dd4b30cde27c2cd3e19419,2.9
2013-01-01 to 2014-12-31 (two years),173,10,0.1,1.5,29.26406867934121,202,0.23267326732673269,-37.995987644792464,0.6336916887800189,51a433724861fc8992f0b95d02c302acc45174b98c038fe61ea42f8853ee4479,4.0
2013-01-01 to 2014-12-31 (two years),174,10,0.1,2.0,23.223641968373453,112,0.24107142857142858,-29.69679593007648,0.5971969247516028,89b96e96f7c069eea4fed39824319c3cca0c2c39e6764c3d5cd8496172bb5d29,4.2
2013-01-01 to 2014-12-31 (two years),175,10,0.1,2.5,15.93213539466601,90,0.23333333333333334,-29.896404029661582,0.4986732410280751,0091f4de7ed56f568ed1fe509f52669c5a19f0542fbc3e7bd8df7a7d302c8702,4.1
2013-01-01 to 2014-12-31 (two years),176,11,0.02,1.0,-10.880306168095972,107,0.22429906542056074,-39.23535490204518,-0.08479748320371394,51731890a749215ef5dd09b92cc4219ecef1cce5dbc793fcf1162c24676a878d,1.8
2013-01-01 to 2014-12-31 (two years),177,11,0.02,1.5,48.02207381302225,86,0.26744186046511625,-32.12372236592229,1.084581004548038,4d4699d94bc021d4d41c83f584830037c09b2f03ea0b805e74852d129bde81f0,2.8
2013-01-01 to 2014-12-31 (two years),178,11,0.02,2.0,96.32367776134247,71,0.323943661971831,-23.93190991412085,1.885955855197216,7f8039a58c7aeefd9f46d3e0712645398f036fc5a6a1dc4313d4ef32c46da3a6,2.8
2013-01-01 to 2014-12-31 (two years),179,11,0.02,2.5,68.12111418664342,48,0.3333333333333333,-15.651409043937525,1.70858912127506,0c1e2444852894c159dbe098417eff8c7a6e1d9a0af2179edeaf5050a5fd29e9,2.8
2013-01-01 to 2014-12-31 (two years),180,11,0.04,1.0,-21.92991712220206,188,0.2074468085106383,-62.032644167721116,-0.17808365266723764,a7cd5a888fd9bb5ac341900356093bac6a11cf3b0eb10a37fca0636ca65490f4,2.5
2013-01-01 to 2014-12-31 (two years),181,11,0.04,1.5,-23.615045859499144,135,0.2,-38.19680748946409,-0.33396969607627924,d87b34d15d78b760b6560579aeab2ffe1d9d93c8799a47a88097bf4bafee1f37,3.1
2013-01-01 to 2014-12-31 (two years),182,11,0.04,2.0,-4.279325744560824,103,0.21359223300970873,-27.927158454315105,0.05303152837584435,8a244e3c96722b03e30e64448dae6fc37a4b283d6cf587d09c8e91480980f1cb,3.2
2013-01-01 to 2014-12-31 (two years),183,11,0.04,2.5,35.02319620966778,70,0.2714285714285714,-20.152934168516957,0.9637166328620818,83e75b8ab1690c0434180698d7877339fcfd30317021ff271c577359e7e97ecb,3.6
2013-01-01 to 2014-12-31 (two years),184,11,0.06,1.0,-36.09764058660608,260,0.2076923076923077,-66.38326106189972,-0.3298605421910469,6187b3d50f894b0eb38c63764bf4980285c8c9f1cdcc1baed791c53fb0fd20cb,3.1
2013-01-01 to 2014-12-31 (two years),185,11,0.06,1.5,42.21342383922653,172,0.2441860465116279,-53.294434801151745,0.7925560201102071,9a00a203e0e448c3c986bf223e29f1e5b7db0d4e5b3e28819770bfc3b51ad17d,3.1
2013-01-01 to 2014-12-31 (two years),186,11,0.06,2.0,53.24663611947976,112,0.25892857142857145,-24.07596368892887,1.0944813596815797,b9222c8ed24f3719c7986a9b75aa0ddf500cbad34cab3de96c2018c073b6929a,3.8
2013-01-01 to 2014-12-31 (two years),187,11,0.06,2.5,39.378903752829125,77,0.2597402597402597,-23.743753676768332,0.9997783760249834,5e347a62b0024706adc4ff59220925e998de23b97448f25323db7130227647bd,3.5
2013-01-01 to 2014-12-31 (two years),188,11,0.1,1.0,-7.790581776760414,332,0.21987951807228914,-47.147028715313844,0.17566634018517688,255bed467894a3f9a98ff927940301d1d57b7aa20b09c18188fe3c4baaeffa4a,3.4
2013-01-01 to 2014-12-31 (two years),189,11,0.1,1.5,-1.1067535916591964,210,0.21904761904761905,-51.47999284357299,0.21770467341123437,fb0be3ad4be7140ec5de859d50aa03d171a4a660a2f3db56846cbdd6f282fd19,3.2
2013-01-01 to 2014-12-31 (two years),190,11,0.1,2.0,93.77181354887607,113,0.2831858407079646,-26.986483849433217,1.5186509328663735,ff2c4709106781c07168451527a8a2fef0b68f68a9bc5f65d5c4c0754c892064,3.7
2013-01-01 to 2014-12-31 (two years),191,11,0.1,2.5,12.343481383939304,74,0.22972972972972974,-23.810984472042495,0.4391785686547552,e2bdcfd657a0e4e5851254407f3f54f02de27c63f77855058c883fffad3c5b76,4.0
2013-01-01 to 2014-12-31 (two years),192,12,0.02,1.0,25.638825047582102,131,0.2366412213740458,-29.353177911543515,0.6202557389513924,1ecfcb5e9821f9faec0df20d1396ef82eb5714e7ecf74b1bcf1d44f6090e0a5f,2.2
2013-01-01 to 2014-12-31 (two years),193,12,0.02,1.5,2.3781563861133237,100,0.22,-35.79485632482885,0.2167530945842236,3e75f4635a8eab35ed4a7bcdf237c3a43c5350a1af44645a7be8a79d78c446eb,2.6
2013-01-01 to 2014-12-31 (two years),194,12,0.02,2.0,10.150842319164612,81,0.2345679012345679,-34.46847489542195,0.3834133081017978,f8d8900b425103edf6b4caf92d48442a184fc6c26bac55c32e052bfbaa902faa,3.0
2013-01-01 to 2014-12-31 (two years),195,12,0.02,2.5,31.657479191014744,64,0.265625,-25.7597991904319,0.8867769584530478,3983ce15fc9afc7e7053f24f7a6152a811a0b77d0850f05857527e6fdb93bd94,3.2
2013-01-01 to 2014-12-31 (two years),196,12,0.04,1.0,-21.877828431182746,201,0.21393034825870647,-54.444554043451944,-0.16624663816546412,a3c367167a9d80bee9d1d3b65b348fc8a195a5dd274b75b6036f58b100890758,2.7
2013-01-01 to 2014-12-31 (two years),197,12,0.04,1.5,-15.455078402468303,141,0.20567375886524822,-53.88529632732273,-0.09657122989613667,a2f635bc07d66494409c9c638bca7f0a44800490717597172e5d8e5fd3b2b659,2.9
2013-01-01 to 2014-12-31 (two years),198,12,0.04,2.0,22.15461034588514,100,0.24,-31.58039330735979,0.608884491865169,c779ee730ca92711a89ee276e3277010832805d4040a35fc9873c28a4f044c62,3.4
2013-01-01 to 2014-12-31 (two years),199,12,0.04,2.5,15.666763747783532,71,0.23943661971830985,-25.929925289916245,0.5193332303160172,702d921121098a0a93214a57c2d47392569c0eb3b22a0a1b1436cf2b2e810d00,3.6
2013-01-01 to 2014-12-31 (two years),200,12,0.06,1.0,-21.224575410616396,245,0.21224489795918366,-52.47901553182467,-0.08646087827395309,12039b0266556854cc5ecf33a45c8c8dbac2d2c6a2eb4d6b94ac3f3ffa175ea1,2.8
2013-01-01 to 2014-12-31 (two years),201,12,0.06,1.5,8.96389909622666,160,0.225,-36.04012038026191,0.3574615163386619,a1b08ce2bc92f00e3b10ce9c3b1a825f2b34a4230838f7588ded6b2ea52b1bcc,3.1
2013-01-01 to 2014-12-31 (two years),202,12,0.06,2.0,29.48299369723035,104,0.25,-17.82447263386846,0.7351961674429781,a66a270f9a918bd3004cbc8ea36fabcae780a25cce5100839c1b52e2dba5c578,3.6
2013-01-01 to 2014-12-31 (two years),203,12,0.06,2.5,43.42393018479258,70,0.2714285714285714,-22.493362597375455,1.0447965283783582,9294ca5f95731045b23d55246979d808fd4e5a5689edde7934cf2a5b42ed2d09,3.9
2013-01-01 to 2014-12-31 (two years),204,12,0.1,1.0,14.803477103718631,345,0.2289855072463768,-42.32145096432928,0.4610186243452182,2bc0bc2e77c56f37deed408b1decfca8d670ce4171e8ccdef363bc4fe2e5ad38,2.9
2013-01-01 to 2014-12-31 (two years),205,12,0.1,1.5,73.6446365215266,206,0.24757281553398058,-30.827805172974866,1.089805016365018,8316fc6760f39183c099394268f71ea4bf16e556fe586cba79d2e4d7a2c50be2,3.4
2013-01-01 to 2014-12-31 (two years),206,12,0.1,2.0,60.3731244336556,124,0.25806451612903225,-27.54877418668903,1.1214255538438038,af0b2043307cedb2fe439123a48a25920be2552dd655f66a19fdfafb548c890a,3.7
2013-01-01 to 2014-12-31 (two years),207,12,0.1,2.5,53.50590354498325,81,0.2716049382716049,-19.573450347446908,1.2056634257276675,13bb4cd6e6ba426786c943a88fd286d4c42de82a267cb8a87654f2e54cc31c80,4.1
2013-01-01 to 2014-12-31 (two years),208,13,0.02,1.0,52.87020429199746,126,0.25396825396825395,-34.5701668467794,0.9785015921036395,7355b45f91a02772abe6dfc33b6df577ab272768e99a7d1b60662e451902a1bd,2.4
2013-01-01 to 2014-12-31 (two years),209,13,0.02,1.5,38.120184013544694,105,0.24761904761904763,-25.5565242116908,0.8318808366015525,faf76e114d4338e95903ce7bbdb9a2404cb18b5e8ec76eba3fc298003b0c89dd,2.5
2013-01-01 to 2014-12-31 (two years),210,13,0.02,2.0,85.85676995225835,81,0.2962962962962963,-20.67636226304206,1.6606615687534927,efa26d1b34ec0264254ee894a2897ccb2b5e72c3a047d3725418d66cae5876e1,2.8
2013-01-01 to 2014-12-31 (two years),211,13,0.02,2.5,63.63480461056129,59,0.3050847457627119,-17.1448777571917,1.5537624192770165,d9c4ce0647f3231f020fea4f9425866d67ea1765d6ce48d1b5036fde7e16d0ce,3.6
2013-01-01 to 2014-12-31 (two years),212,13,0.04,1.0,-21.18226174652712,186,0.20967741935483872,-46.87821371106309,-0.16136412406330303,c3f7914d085aedd0e6895fa642e5348f30d78efffc11db82cadf03181b73c26a,2.6
2013-01-01 to 2014-12-31 (two years),213,13,0.04,1.5,-1.337801262625262,142,0.21830985915492956,-31.99850057469086,0.16677001282957452,e125439b8de9212f360feff17585cc965442cf525cc94d427bef39777a7093b7,4.0
2013-01-01 to 2014-12-31 (two years),214,13,0.04,2.0,-3.5895338712489164,103,0.21359223300970873,-31.79915560613651,0.08178774931659255,98618ea11ebd52bd5ed7e82220064ad327eee294cbf6b7001060ffa84f4d82ce,4.0
2013-01-01 to 2014-12-31 (two years),215,13,0.04,2.5,24.93253698682954,77,0.24675324675324675,-17.741536703144856,0.7080702028279802,2944555e389c70c380c7acc7d793b19a8d5c85b0f80c82aa5ac2ff0bb4c877b7,4.3
2013-01-01 to 2014-12-31 (two years),216,13,0.06,1.0,-39.92721194670002,253,0.2015810276679842,-53.95743393797463,-0.4443504375677007,7c8dfae3181d2cdca9eae682dc13ef085b2ad0148daea5904548dba8ee8656a9,3.9
2013-01-01 to 2014-12-31 (two years),217,13,0.06,1.5,-7.707406670236737,164,0.21341463414634146,-48.55295093652393,0.07473538169152869,728d9d4d0124efb5dfa98186b49444a9546043939566934b7e78fa8de8d59416,4.3
2013-01-01 to 2014-12-31 (two years),218,13,0.06,2.0,82.56500409143538,98,0.2857142857142857,-20.894701206726197,1.4602239251980074,778056d5c0c3e6ad87b80699efe083952a4d52ddd7a20f23e4d11ca16c4e0c1e,4.3
2013-01-01 to 2014-12-31 (two years),219,13,0.06,2.5,28.59283917822734,75,0.25333333333333335,-20.037230456211862,0.7834405671115316,e02639514b464220c8bf592ea6b80b480f64426d7b80be6eeb90f3e9ee6120be,3.9
2013-01-01 to 2014-12-31 (two years),220,13,0.1,1.0,-81.06012803830367,383,0.17754569190600522,-86.78892672394163,-1.726517713364263,2d31a02578cf6bdfc485796295f04346488c9f01a94ca510553faea03019c035,3.3
2013-01-01 to 2014-12-31 (two years),221,13,0.1,1.5,-43.18903429155584,224,0.19642857142857142,-59.56627101518166,-0.6544103685900409,47f1254ea0da9eb5865f4ddd93193896c4efa8ee53145d0c10a6009c605c1149,3.5
2013-01-01 to 2014-12-31 (two years),222,13,0.1,2.0,19.967303352088514,124,0.23387096774193547,-21.698758980954423,0.5412297830312183,aeb6e7cc72e42c0cbe3e57154759392e9cf1e2523d730f872520813d2d8959a8,4.2
2013-01-01 to 2014-12-31 (two years),223,13,0.1,2.5,20.385514639739927,87,0.2413793103448276,-20.832857886034205,0.592328109142945,042674f17f003995d1dcb103d7b3f29c08d38af817c505ef473131a6653cffca,3.7
2013-01-01 to 2014-12-31 (two years),224,14,0.02,1.0,-31.96699656652403,111,0.1891891891891892,-41.18109759965899,-0.6734008567587634,6a7877c0327ef4768701bf0f134309be83d2f18bcfabeaf487724692b79a3d0e,2.2
2013-01-01 to 2014-12-31 (two years),225,14,0.02,1.5,-14.290204351823757,93,0.20430107526881722,-33.26910283708824,-0.2326919861549499,cc181c0d783ce35b1e5e26c97bbfb9252d2fbc856a5e5f460c765b3b7375e4fe,2.6
2013-01-01 to 2014-12-31 (two years),226,14,0.02,2.0,19.038075982109067,69,0.2463768115942029,-27.72980074342224,0.6032210620558718,eb54750406ac942c72aac46a261f870a9c2cefc642914422fdc422724724dc04,3.0
2013-01-01 to 2014-12-31 (two years),227,14,0.02,2.5,26.523103009574772,54,0.25925925925925924,-18.307070724827,0.8013955151048925,5bd860c882c909e4466108e10faf27a16e941d5eeb75b173d10e80388edb2e6b,3.2
2013-01-01 to 2014-12-31 (two years),228,14,0.04,1.0,-32.10858091813672,196,0.20408163265306123,-51.881642016972265,-0.3959445736577516,8c84c125b0109661b38abb107e89231e2171b81e448beaf3414dbca3e23631f3,2.1
2013-01-01 to 2014-12-31 (two years),229,14,0.04,1.5,-14.317386091040401,146,0.2054794520547945,-49.93562490435066,-0.10283794525734716,340ce977654f9b3c6ac8f2411feb76c68dc42f73af1c507bf8618664b8dd3f60,2.9
2013-01-01 to 2014-12-31 (two years),230,14,0.04,2.0,-14.340894866415002,100,0.2,-39.4862789444964,-0.19213672639942395,f808d87d3d358822ce20c57844601e495635b2420c7c58649966cc1479eb29d7,3.5
2013-01-01 to 2014-12-31 (two years),231,14,0.04,2.5,-0.7799844069667998,75,0.21333333333333335,-25.60895931289152,0.12389663109043662,6450c24d66e6f1b947f5380dc47d47780ec4c410603301ead04cd1276688cf7b,3.4
2013-01-01 to 2014-12-31 (two years),232,14,0.06,1.0,237.2007422170032,235,0.2723404255319149,-47.10030621077046,1.9480632551514427,e2ac5187aa16ff66df561a941bc21e01bc851971d7c9b2f610f54b4b54415444,2.9
2013-01-01 to 2014-12-31 (two years),233,14,0.06,1.5,56.982856035547194,162,0.24691358024691357,-40.54025938701247,0.9825718966441724,a9b262d01fef417dc5e6a43bc01a2fec8eb37b5a07be7b3ed7aff4d6a8b61a47,3.3
2013-01-01 to 2014-12-31 (two years),234,14,0.06,2.0,89.71358471286892,106,0.2830188679245283,-19.8462212162144,1.4426204714362443,20e941ec0da2c2dcf03d8465fa0886cacc0a6a0d0d51009149761a9212025af9,3.4
2013-01-01 to 2014-12-31 (two years),235,14,0.06,2.5,66.04733398661658,71,0.29577464788732394,-24.049943037429788,1.3953397726390528,237c5bb8cebe33a6aa7709c95cfad1f6aaec086769deb1ee315c115e67148fe5,3.9
2013-01-01 to 2014-12-31 (two years),236,14,0.1,1.0,-1.8555639746351518,364,0.22527472527472528,-55.35083817189903,0.2728177523289585,7f0cdec4f011d8e03fe50ce8c5331df353a00a6bb553c6a34f125154a2f3fede,3.5
2013-01-01 to 2014-12-31 (two years),237,14,0.1,1.5,-9.067132576160061,214,0.21495327102803738,-40.011696855327415,0.08076170364187071,d57e91fb418984b53ec12b3ed0eee65d4606d659e2f1c90b14c02171a8338779,3.6
2013-01-01 to 2014-12-31 (two years),238,14,0.1,2.0,24.347552027872915,141,0.23404255319148937,-19.44349052827501,0.6191374660194403,8747143ace0d9d9772e8930513f61517bc5a6af9d3d06aa18f3b14903429d397,3.9
2013-01-01 to 2014-12-31 (two years),239,14,0.1,2.5,1.9582720000775453,83,0.21686746987951808,-22.89665489817373,0.19444379184824184,24feb38abf50f3ba3c1bc6df2c51e0ef9e28e65a9fc4426dc63a9682a11d0037,4.1
2013-01-01 to 2014-12-31 (two years),240,15,0.02,1.0,-54.21378024800171,123,0.16260162601626016,-58.14584668028813,-1.5357715034094883,5645c3cae325d160954c21d0ba3dd6e058490121f4a15ab948aa855f0c7a759d,2.0
2013-01-01 to 2014-12-31 (two years),241,15,0.02,1.5,-17.929589583980643,99,0.20202020202020202,-27.1092220476448,-0.280480252988847,0a89181669c2df9c872317142b050e222920837b24b245b31e35bc8f68bbf719,2.8
2013-01-01 to 2014-12-31 (two years),242,15,0.02,2.0,84.21240090587746,71,0.30985915492957744,-22.42437228628189,1.7063678891737195,878e0962b74be909be0a0e35947d7175360d6dd85969ff27bdf0ae67d8a5a75b,2.8
2013-01-01 to 2014-12-31 (two years),243,15,0.02,2.5,47.216330572309275,61,0.2786885245901639,-15.026296710747722,1.3135708175033085,e22885c06726c1af69fb0acea36829faf8548aa02b1546e4d0005053baa8a520,2.8
2013-01-01 to 2014-12-31 (two years),244,15,0.04,1.0,-24.311447367082792,184,0.21195652173913043,-58.1716613147687,-0.18812445049133816,ff295c3d51881cb3c9d42f1a214cb54218f7c2cc0f8d364b1356be909d8e5319,2.6
2013-01-01 to 2014-12-31 (two years),245,15,0.04,1.5,-0.8706894429528551,140,0.22142857142857142,-52.82889909919446,0.17259778511737456,80abe6622bd4a8f5a18893667d5f29869d7d4e7dd62a53c2e48246d7ca6a63a6,3.2
2013-01-01 to 2014-12-31 (two years),246,15,0.04,2.0,81.17163993795813,94,0.2872340425531915,-28.11052624020999,1.5369500882112053,416df5ca439b96c93a7d7cef42f081b7303408ee1c186c56eb92fa9beeb61ca7,3.2
2013-01-01 to 2014-12-31 (two years),247,15,0.04,2.5,39.53400925640369,67,0.26865671641791045,-26.23991590429251,1.05334407997616,42f2f99b96b164933c97eafa77c901383a5873c1836825518894780a88d1f689,3.3
2013-01-01 to 2014-12-31 (two years),248,15,0.06,1.0,42.75945253634008,243,0.2345679012345679,-36.00277264177295,0.7588418451489931,b15915f57bf931b3d4b87db0e3e5ca0617d468273f6b198f2b8d7bd9b7e9540c,2.8
2013-01-01 to 2014-12-31 (two years),249,15,0.06,1.5,71.12017236145633,157,0.25477707006369427,-24.527277010618732,1.145626411739572,bf67a44bdf928a6f7d338cf80bc5aa8d89197f85729f9948df0f82919df20aab,3.0
2013-01-01 to 2014-12-31 (two years),250,15,0.06,2.0,42.79271410007021,111,0.25225225225225223,-28.706430511786508,0.9389498022942978,6637925c96cbba02a5c2eecb6d147110e5ddac330c16fd93d7fb4bcf14c4b53f,3.6
2013-01-01 to 2014-12-31 (two years),251,15,0.06,2.5,49.080721925247886,73,0.273972602739726,-17.589944472063035,1.1507011187318497,6eeb8f65e50f7ac7a37757e44e38d1cdf2b1e28e7092eeb1b6b6c83215ec49a9,3.7
2013-01-01 to 2014-12-31 (two years),252,15,0.1,1.0,-42.763390436377755,371,0.20754716981132076,-63.50888837573526,-0.38467779331368357,89f74696fe375977876e69f29806db3202987b907f41e6933028ae20308baac7,3.0
2013-01-01 to 2014-12-31 (two years),253,15,0.1,1.5,13.631674065026052,200,0.23,-30.898923144167533,0.4315663635727196,26d5c1e96a630fa3faf186954e32a2a97cc1c6169c8b71fb229b2d64e48c07a1,3.6
2013-01-01 to 2014-12-31 (two years),254,15,0.1,2.0,33.509215151799744,128,0.2421875,-22.571265253588635,0.7457804971837176,8c186484c8447806168385a99d472ae1e85faae7cc5908f045919178e59c5d37,3.9
2013-01-01 to 2014-12-31 (two years),255,15,0.1,2.5,29.540650599514606,89,0.24719101123595505,-27.183940266776595,0.7491581886885437,89ff5034ece7858d0d7b0e1c3469a13e7d40498b660702f83a2a4cf327f8d610,3.9
2013-01-01 to 2014-12-31 (two years),256,16,0.02,1.0,-52.43584806576772,142,0.16901408450704225,-57.22371509415866,-1.2468868023535034,c810243a2d3f21ed32f7600f0e57d315a2aab8b102df4dfbe23014b4da7b07bd,2.0
2013-01-01 to 2014-12-31 (two years),257,16,0.02,1.5,-17.733463106500754,117,0.20512820512820512,-40.51290238963673,-0.2304414909257348,952d5a4e9657946fa7ed7a4d221a1d96e939f0c107f8de4959eb69aceff67fb7,2.6
2013-01-01 to 2014-12-31 (two years),258,16,0.02,2.0,-7.628730519428513,87,0.21839080459770116,-33.00885922319712,-0.04085241780119526,dc596bbc9ee14a6adbfd58804d62ca98e8c8ffc288b59c5c7feefc4a1720027d,3.0
2013-01-01 to 2014-12-31 (two years),259,16,0.02,2.5,23.105856358364285,68,0.2647058823529412,-20.691052354653028,0.7221104151448303,2c6a3bdaae72d7ec90c465be781751740ee4a5f098c53992695912054df0e26f,3.2
2013-01-01 to 2014-12-31 (two years),260,16,0.04,1.0,-77.86314939996865,199,0.1407035175879397,-82.63685956689369,-2.316782243884542,f883fb434220b80deae6cc77c75b65bd80dad836cd222216a86866ff52713efa,2.8
2013-01-01 to 2014-12-31 (two years),261,16,0.04,1.5,-55.983427442576584,154,0.16233766233766234,-63.110578842745134,-1.4582419068856343,28836644eae9affdec460a7f45b430e18c0a292049579e3957f89d992e6f2060,3.0
2013-01-01 to 2014-12-31 (two years),262,16,0.04,2.0,-11.55606627380068,103,0.20388349514563106,-26.569101029330845,-0.14605777673682319,e5a435b6c54a335e6992dff322d032d5fe70ea27bd65588c153f04d58f49aaaa,3.1
2013-01-01 to 2014-12-31 (two years),263,16,0.04,2.5,42.40429895373262,71,0.2676056338028169,-21.601188530912697,1.0540495794363014,423fbc07781eecb49d5d0d6d926a747053c1a4b979852abc4a73e79284973083,3.9
2013-01-01 to 2014-12-31 (two years),264,16,0.06,1.0,-61.86367699902515,284,0.18661971830985916,-65.94348592437638,-1.0178068737716204,d9dd9ff4208234be21560e55ccbb2ae41fd08d5030fe7638622b667579635e63,3.0
2013-01-01 to 2014-12-31 (two years),265,16,0.06,1.5,-30.03404236056969,187,0.19786096256684493,-50.2929066337436,-0.4166867273837484,081acc4689e37b799bdca3aa066e0e8527ca0a8e2dd44630b6010d42c37e1e7b,2.8
2013-01-01 to 2014-12-31 (two years),266,16,0.06,2.0,1.9831751297744227,127,0.2204724409448819,-32.1104956009259,0.21680579016381832,bfdb6445e816f97f6715abc7c71b04c7376baa1e3eb78de28d7f521df3601b7a,3.6
2013-01-01 to 2014-12-31 (two years),267,16,0.06,2.5,16.120083288834085,85,0.23529411764705882,-25.459870633851477,0.5075561617019868,665eeb914932b16b8e50671d69a07320a9caaefb26de4667255a829d2cd886ef,3.3
2013-01-01 to 2014-12-31 (two years),268,16,0.1,1.0,-18.447207891612496,345,0.2144927536231884,-52.23832725921387,0.03902639708596097,9cf5debd1360a764d6d1724b1332d22197ff4700e16d5a89f428bd4984a82fec,3.3
2013-01-01 to 2014-12-31 (two years),269,16,0.1,1.5,-8.4100618254619,200,0.215,-38.08262061001242,0.09752606032216325,2660da83360638c95e350dde3dfe0a05a1a5839a78638b52e621083cad554e59,3.5
2013-01-01 to 2014-12-31 (two years),270,16,0.1,2.0,-22.92770233134532,138,0.2028985507246377,-35.87251558234053,-0.342257519352064,e7792dc73d93d15c8f4721990456dec349410af44fa29c958c4a1d876ee8f3f8,3.9
2013-01-01 to 2014-12-31 (two years),271,16,0.1,2.5,-3.236044505568895,98,0.21428571428571427,-30.930289547755883,0.07448730383450819,797104a52a782ac69fb6991c11414e6a11dbd33625a85d0a8f584bd51964ce42,3.5
2013-01-01 to 2014-12-31 (two years),272,17,0.02,1.0,-38.57044528800082,107,0.17757009345794392,-56.219023901167375,-0.9116797642785265,d807c000aa286411909fb892a971931f2754ae63140450cadb3fac999baff504,2.1
2013-01-01 to 2014-12-31 (two years),273,17,0.02,1.5,-8.591493866583855,91,0.2087912087912088,-34.65731808317586,-0.09069845428250073,74e4324c31541cfaa06080a9654117684cfbfecf1f172c728a6f5d03095c542f,2.5
2013-01-01 to 2014-12-31 (two years),274,17,0.02,2.0,56.4915272890256,70,0.2857142857142857,-19.980664825289896,1.3729148916002352,11dad65cd348c88b1d9ea023a57c782e8237ca5063a5098ac68992820c2b85b1,3.0
2013-01-01 to 2014-12-31 (two years),275,17,0.02,2.5,16.50268737724721,62,0.24193548387096775,-23.392661010703787,0.5840473719595521,71e8d101ecf2f1a34b2d58a83f555523331c7ac87ce8b3f3b6585a1a2d8b3792,3.8
2013-01-01 to 2014-12-31 (two years),276,17,0.04,1.0,-8.588358703220173,185,0.22162162162162163,-40.366484558769955,0.07880943262715898,adb9c2247c10ae79e7c36b96647ed202da2746283b3445b48f61e4ea362c4c07,3.0
2013-01-01 to 2014-12-31 (two years),277,17,0.04,1.5,-16.0669349978011,148,0.20945945945945946,-40.57714396663715,-0.15099468677006447,df61452176f9ddb1c8d296b55fbd409bbc50d555d5e2a161ccac9b1eb7df0c3b,3.7
2013-01-01 to 2014-12-31 (two years),278,17,0.04,2.0,52.19659315257563,108,0.25925925925925924,-22.347706053878092,1.086486966178287,4b2055f7fe19217ae30e6dbd5c2416435ff9a3e7339e566fd935edfd7eb88251,4.0
2013-01-01 to 2014-12-31 (two years),279,17,0.04,2.5,54.634180017872595,76,0.27631578947368424,-22.790554744345236,1.3066322706458229,057309cd23428c58866e6ccad6e9ff27c23e6478f90d8eba5e088a8dd3df55be,4.3
2013-01-01 to 2014-12-31 (two years),280,17,0.06,1.0,48.91429320659316,241,0.23651452282157676,-37.707003572991724,0.8160535356053442,30858d2430fb56f36d603baba2cf51032194890db80aa7136e3528ef11421225,3.6
2013-01-01 to 2014-12-31 (two years),281,17,0.06,1.5,14.080602307082064,170,0.2235294117647059,-49.12163882358001,0.43812866594336447,9baa84c38cef378ff3ede11990f829f126b6801047de8a3e3f7b5d22a430a4f8,3.6
2013-01-01 to 2014-12-31 (two years),282,17,0.06,2.0,-2.383461339917917,120,0.21666666666666667,-39.74380210242704,0.11503950075542026,820d7c997eb896a7aa928952b223e07cda4111657cddc1917c040122931d68a9,3.5
2013-01-01 to 2014-12-31 (two years),283,17,0.06,2.5,41.15552274678365,81,0.25925925925925924,-24.53300581448866,0.9997161047181234,5c8191a431ec4a55eac7ed7eee0fe4c5f82ee821b806b93c3da2c78c67682ff9,3.5
2013-01-01 to 2014-12-31 (two years),284,17,0.1,1.0,113.85239731067529,352,0.24147727272727273,-63.00292884429395,1.1856373989798539,f117c38a4b3b144e8b51f64d9ba66aa02cb680516293d777df20ae92f5cade87,3.5
2013-01-01 to 2014-12-31 (two years),285,17,0.1,1.5,29.531728091826338,222,0.22972972972972974,-48.867754480324166,0.629637707528647,0d662536a173dd36d3a81630c90f0022bc7379dc6ee5b30a90e6dbcdefd4c7ca,3.8
2013-01-01 to 2014-12-31 (two years),286,17,0.1,2.0,41.442713149794606,132,0.24242424242424243,-26.294432673443456,0.8420999836855398,cff5a81e5f70d8687fc88e607d47df99ae4b3b19623ae39597b90c1ddd835838,3.8
2013-01-01 to 2014-12-31 (two years),287,17,0.1,2.5,24.183790386035646,87,0.2413793103448276,-19.926864925020404,0.6558187507170882,3b4f119c21dd23a9d8f0150ce25f4dcda5926c916a51644612a3b680604a4568,3.8
2013-01-01 to 2014-12-31 (two years),288,18,0.02,1.0,-50.73316065101492,115,0.16521739130434782,-65.34587147979467,-1.4774532365713602,0bfe6f010b8575ec05d549ff2ce4a1641b5a3fd6c41b04ef7fa5e66fcdd94b82,2.1
2013-01-01 to 2014-12-31 (two years),289,18,0.02,1.5,-36.958139243055854,102,0.17647058823529413,-59.801575240291086,-0.9575730565020917,93f96415c0978dc60aee55246dbdd635bfa0f4e176890305b4d76957eb9f0c1b,2.5
2013-01-01 to 2014-12-31 (two years),290,18,0.02,2.0,-13.21451967512483,80,0.2,-43.11894892825015,-0.24304748809910848,d3e9da699b56757bf616d13c5896ac8ec92d62db14c65ce6bd500bd07c7fcae7,2.5
2013-01-01 to 2014-12-31 (two years),291,18,0.02,2.5,8.06774162776722,69,0.2318840579710145,-32.488675526882695,0.35006429974222,7533aba23efabbbb191f10891097b6feb86c0d1acc20b6e717d484ac27436914,3.1
2013-01-01 to 2014-12-31 (two years),292,18,0.04,1.0,-56.66633911684566,195,0.1794871794871795,-60.40185877383948,-1.2322377324003324,d3bc954ea9052bcaf5da14e7b7d322d007a6393749de5176fb9bcf09f2c3bed3,2.5
2013-01-01 to 2014-12-31 (two years),293,18,0.04,1.5,7.036137554470195,148,0.22297297297297297,-30.729831710469835,0.3172800380013714,23bf39edf88704ba6345e4d34a21e27bd98771fbd1019eb06ed9255e8af8c191,3.1
2013-01-01 to 2014-12-31 (two years),294,18,0.04,2.0,23.90140968651558,110,0.23636363636363636,-24.895446704651103,0.6404109446551267,4dd7321be2da255515e00b412dae94008f28442fa62bf05056e2bdc587dfd9f6,3.5
2013-01-01 to 2014-12-31 (two years),295,18,0.04,2.5,30.538282306588016,79,0.25316455696202533,-22.599757762818882,0.8609121314724505,e10d846d5dd6ceaa75b46a15bb5d36b093dbc51dc60d3435eda18aa9763fc282,3.5
2013-01-01 to 2014-12-31 (two years),296,18,0.06,1.0,-7.2632191333648555,233,0.22317596566523606,-67.4605789765254,0.1534495538051787,35dba2c3e5163f0813b7960281a9568611809dc340f3170ebdaddceced3112e6,2.7
2013-01-01 to 2014-12-31 (two years),297,18,0.06,1.5,66.55467011719296,161,0.2546583850931677,-39.152187015522784,1.1151662121007722,cc3ddab005351b20fc6be31b90f7f50af25881008cc2a5748815c2c8dd1e9767,2.9
2013-01-01 to 2014-12-31 (two years),298,18,0.06,2.0,23.685575486233372,104,0.2403846153846154,-25.08426185123216,0.6233486431895051,a9c3e190a2e918c86223bdafb211a24713a816ecdb7be145951a7275146d714c,3.2
2013-01-01 to 2014-12-31 (two years),299,18,0.06,2.5,52.54647768391511,71,0.28169014084507044,-16.34977142770544,1.1898656676450658,eaee50d4f5a1f1e9aadc1327ddb970bd0035660e4c9089c1d7c8a7ff37235a52,3.3
2013-01-01 to 2014-12-31 (two years),300,18,0.1,1.0,-55.89170313859104,342,0.20175438596491227,-82.36888231719874,-0.7493264447705285,dc2c6d783f5e7ea35c9a86082a48de426e4ca1591c5fcbe68e7f9b0f42d339cc,3.4
2013-01-01 to 2014-12-31 (two years),301,18,0.1,1.5,-47.066688413731846,230,0.19130434782608696,-62.18997687148678,-0.7485651657633852,e945500860f34de790a2b72e92480a6d9aab4d7da96796885d433dd58407d606,3.3
2013-01-01 to 2014-12-31 (two years),302,18,0.1,2.0,20.583376336334506,131,0.2366412213740458,-27.620227940750553,0.5519227860542386,bc604d75feb035a8739514099edae0c75a62f4448c7909f2a9b643a0b59df2d7,3.7
2013-01-01 to 2014-12-31 (two years),303,18,0.1,2.5,-13.42115212256528,95,0.2,-36.26672213318307,-0.2172027687166228,d13eec66a9947ca29f1c7f66469557ecc18ee2052160b0742d83c6e51ce7019c,3.7
2013-01-01 to 2014-12-31 (two years),304,19,0.02,1.0,-3.431876891979988,108,0.21296296296296297,-33.04032373379935,0.11286087493284631,c20f83a9b6e4e8fa6acd0430d923f6b6c56eb30af1c7c3f5c57aa946f39a8a9b,2.3
2013-01-01 to 2014-12-31 (two years),305,19,0.02,1.5,-15.009060035634722,91,0.2087912087912088,-37.72635975803633,-0.19285238507365313,bef28ccf52ec61654e8ceaeabf5c431859552b502fa6b8eea500a09fa7f42311,2.5
2013-01-01 to 2014-12-31 (two years),306,19,0.02,2.0,-18.765684476019995,77,0.19480519480519481,-32.91170987954705,-0.40646706158466145,bb357328e24d3c642f7bc54b3c0e0ef7d94ecd67d82d8afd97c48aa80dfea0f5,2.3
2013-01-01 to 2014-12-31 (two years),307,19,0.02,2.5,-6.654482441540495,63,0.2222222222222222,-23.260317201430382,-0.09014760624616809,44c81eeafd97de1f70537aea2dd2272d5fe96c47e2dd06e1a79fd8b9235b4074,2.6
2013-01-01 to 2014-12-31 (two years),308,19,0.04,1.0,22.80303144622282,180,0.23333333333333334,-42.69041451250671,0.5569199020241135,25554567ee6f963c94df0e14d0eff9af6cb26049f34eac1e4be2f448fcacc60b,2.5
2013-01-01 to 2014-12-31 (two years),309,19,0.04,1.5,21.180091453557402,130,0.23076923076923078,-33.3955930928492,0.5609965163985374,96075cfd7880ca682f98500214ac7fa5fcf199e04214119559bdfead735ee786,2.9
2013-01-01 to 2014-12-31 (two years),310,19,0.04,2.0,-19.63202969739053,102,0.20588235294117646,-39.35216036089433,-0.3627261776994393,8efb077ec761ff6c57795e398ce41f6e6e26330c4ce3d73ea25ab69895bd6d62,3.3
2013-01-01 to 2014-12-31 (two years),311,19,0.04,2.5,51.906771396843645,73,0.2876712328767123,-18.2927193112453,1.2855627636016307,be754e7c5ebf8c5ae0a438789a121dd5c9f40a6ef7cbc698f000b0dc2beda971,3.3
2013-01-01 to 2014-12-31 (two years),312,19,0.06,1.0,56.87290970382679,245,0.23673469387755103,-28.824164345883307,0.9008994868324603,597d2653a51cb6c790c6200094e13d932e5104edf4a95d2b023d3640476cf7e2,2.3
2013-01-01 to 2014-12-31 (two years),313,19,0.06,1.5,-13.328393566927108,166,0.21084337349397592,-43.32002715373838,-0.04514511065515572,3aebb404f2a93b4556f3461de65bc09498e5e7236120501792803b26311f2d9c,3.1
2013-01-01 to 2014-12-31 (two years),314,19,0.06,2.0,36.24341380468105,100,0.25,-36.45261200901513,0.8640816708010411,ddf2a75250b7b741c030b915abfc5f0f92c5cf07025b4b82b3b580ecd3cff268,3.5
2013-01-01 to 2014-12-31 (two years),315,19,0.06,2.5,29.996014929093306,75,0.25333333333333335,-23.974365297449417,0.8230991478192484,3ba7cc13f699adac24d4150e0ac55ad654e701a096fc836c3696f8cc3634a3a9,3.8
2013-01-01 to 2014-12-31 (two years),316,19,0.1,1.0,-2.353647052858978,335,0.22686567164179106,-53.153591716913596,0.2635463639923715,68f09d6abb49ecc9942de4381a19776c4e4265cde0d3c4465ae5c068b2f22d14,3.1
2013-01-01 to 2014-12-31 (two years),317,19,0.1,1.5,-29.013068205290587,203,0.20689655172413793,-48.65642872126102,-0.30704970376494495,2e1e4743c7e4cadda20399eec64f3f4f5be7e11c77080df17958850c503f42e6,3.5
2013-01-01 to 2014-12-31 (two years),318,19,0.1,2.0,48.86442561249385,118,0.2542372881355932,-18.555210620347474,1.0159745791588868,27dd8e6a37778ee622806c975bf9710010a46678df2416de14832eb0c9138db9,3.8
2013-01-01 to 2014-12-31 (two years),319,19,0.1,2.5,17.62321023848699,85,0.23529411764705882,-21.42476884844199,0.5422930192971408,10b0ee3c4df438d97391b6319782ed4783cc6a07c0ca0bb2557db018def0c892,3.6
2013-01-01 to 2014-12-31 (two years),320,20,0.02,1.0,-18.065283875826193,121,0.2066115702479339,-46.614762490450076,-0.23620349739925814,b3e94ea4d5ec22594b02ef1939cb2bdda8e48a92e83cda60a82f4d43c5e226c0,2.1
2013-01-01 to 2014-12-31 (two years),321,20,0.02,1.5,-20.143784866379132,104,0.20192307692307693,-51.230071633953635,-0.3355828418568528,10d3037f2933b14edb69586b2f2311754ede1f9093db26c659f6fe960ae1b3db,2.8
2013-01-01 to 2014-12-31 (two years),322,20,0.02,2.0,0.18508930462728246,82,0.23170731707317074,-36.28162771881114,0.15727440773249016,5a16114c43c398e2a90640e1b5fb2a19d201f194405df54373c68057b2b8e126,2.8
2013-01-01 to 2014-12-31 (two years),323,20,0.02,2.5,3.574588460220767,63,0.23809523809523808,-28.359145566139276,0.22999509948548982,092cba99c545ea461f710d6b8ea561792f7de242376cb19d334ffbfca194ae6e,3.2
2013-01-01 to 2014-12-31 (two years),324,20,0.04,1.0,-44.22660280257447,188,0.18617021276595744,-70.26613806891369,-0.7575879172802006,ead88bb6e411e2ded2e4dd99d8de372d09d1c55ec9090287c0cb8c9b44fe14cc,2.3
2013-01-01 to 2014-12-31 (two years),325,20,0.04,1.5,21.94122362976317,139,0.2302158273381295,-42.86975074775591,0.5698497226802658,011bff63b0a42c80210e143bae6d0cf5ab6a7e28acb560a2a356b305c27350ef,2.6
2013-01-01 to 2014-12-31 (two years),326,20,0.04,2.0,65.56434381639583,100,0.27,-23.88218807421586,1.2891388110286857,6e02bb07a85c7e0de064cf528bb8b2ccbb7c974eabe10dc6cb6f76c517888d98,3.3
2013-01-01 to 2014-12-31 (two years),327,20,0.04,2.5,25.623047261352355,77,0.24675324675324675,-25.019443984441214,0.7305143259605789,39150752dc7d96100d481cfb9b2051cc39650bda7fe765e495ea1207882b0345,3.1
2013-01-01 to 2014-12-31 (two years),328,20,0.06,1.0,-14.944981698165009,273,0.21611721611721613,-41.92281708828387,0.03864479001399374,f219742e3ff64ef03e31b612a18e69f780da839a90bf70efc94c5a5c32c7489d,2.3
2013-01-01 to 2014-12-31 (two years),329,20,0.06,1.5,8.435666516794228,166,0.22289156626506024,-50.21574215108835,0.34940858239213113,c8dbd12773723323a44075efb4dad75a6aeb609050e49360845f035beea924a7,3.3
2013-01-01 to 2014-12-31 (two years),330,20,0.06,2.0,41.07523292664473,110,0.2545454545454545,-29.368702802699687,0.8945812206165654,466cc5c12f6382a4d5458d43d0577312cb43eb4146ee67d68932bf81c7327a1d,3.4
2013-01-01 to 2014-12-31 (two years),331,20,0.06,2.5,26.66393745161775,82,0.24390243902439024,-28.987037624879754,0.7130292008263018,5f4e258c0d015adbca69414c3f00b22806dde21635c0d35d624d4aaef15ad2aa,3.8
2013-01-01 to 2014-12-31 (two years),332,20,0.1,1.0,-59.36387474268493,362,0.19889502762430938,-73.39342839267773,-0.8184150038625367,b3fcbb937790732fe5b2e7853dc3dac6c0bdbc6a971a2ebe23d039f9c477565c,3.1
2013-01-01 to 2014-12-31 (two years),333,20,0.1,1.5,15.965725974400799,200,0.23,-44.61891136866325,0.4620994196790449,59f8b2509850a66cbbd0466d3009704c723e1e8bebae45702946d980a334d8d6,3.3
2013-01-01 to 2014-12-31 (two years),334,20,0.1,2.0,13.482039212827795,116,0.23275862068965517,-36.50797401873073,0.43082620091339635,4b7f8243d82f497fbbedd6db31bddf623ee86415d78835f593b9e5f6ab48eccf,3.9
2013-01-01 to 2014-12-31 (two years),335,20,0.1,2.5,8.989031175162097,89,0.2247191011235955,-28.475394326954394,0.3590125107181768,2f00fd1cf5a17a87a0fe00feb26e5eebd26061e9ec888b2c1d118752a99c9154,3.8
2013-01-01 to 2014-12-31 (two years),336,21,0.02,1.0,22.594319418395354,118,0.23728813559322035,-32.01067898496858,0.564254335062501,4b8a7b304220e577c52751f4f4667504d1ec1cfdf0b0bfccf2a321631978eba4,2.0
2013-01-01 to 2014-12-31 (two years),337,21,0.02,1.5,15.527930919425362,94,0.23404255319148937,-36.43201113283383,0.4841428157856468,fdb89b595707b1747e0f80c80ac9a15ead44f826cb8c7beeddf1b409031fc923,2.3
2013-01-01 to 2014-12-31 (two years),338,21,0.02,2.0,9.033353811874749,79,0.22784810126582278,-37.707769857651975,0.36078041157352886,1ac95b9ea072f636cda3792c2025b0096f817c1177d666444792557fca473918,2.9
2013-01-01 to 2014-12-31 (two years),339,21,0.02,2.5,51.72314190626513,50,0.3,-14.270559632223945,1.283094716478694,327a6c053b2f4050e1dd909a8655380cd0beccd37877024109fd7e5c1d54aaa9,3.9
2013-01-01 to 2014-12-31 (two years),340,21,0.04,1.0,39.571436633441884,201,0.24378109452736318,-38.01623042911135,0.7433733143015202,9b6a643abc84107b95e0b5bbbd0b73824b1f07e08abcda104ecd996810de248f,2.5
2013-01-01 to 2014-12-31 (two years),341,21,0.04,1.5,8.26832439545606,139,0.22302158273381295,-36.0754266491675,0.3412315489219826,01752ae96404f35cec13a75619b2810b992e9c4220a206ad524c177789af1f72,3.9
2013-01-01 to 2014-12-31 (two years),342,21,0.04,2.0,52.66321406587595,100,0.27,-17.094486686672084,1.1182052689061865,0895752c97f190f26515015203149b4ac86c3a36905c7c860f44f077a44f6081,4.2
2013-01-01 to 2014-12-31 (two years),343,21,0.04,2.5,48.12677438605313,65,0.2923076923076923,-14.037974143197218,1.186572006350973,dd130b912347a9ea1ac751f268e69e306fd3c728645738d842f9b3f29f712dba,4.4
2013-01-01 to 2014-12-31 (two years),344,21,0.06,1.0,23.587418768047286,270,0.22962962962962963,-53.60576835228035,0.5512356977558766,7e7a20993ed5006cb4d1f59d842df8c383a2411df94e8297f7e70fcde0292449,3.7
2013-01-01 to 2014-12-31 (two years),345,21,0.06,1.5,137.43631544679934,175,0.26857142857142857,-26.99797433151676,1.584459048859692,43385dc82bb8fbf1afd04a508be62858502093f16c7b706a32f8db6838813c2d,4.3
2013-01-01 to 2014-12-31 (two years),346,21,0.06,2.0,30.05102548960259,116,0.2413793103448276,-33.339978618936605,0.7110150325551589,f59109bb7e07f4da1540a9408652feb71e4b5164854a669673c99d43b6559988,4.1
2013-01-01 to 2014-12-31 (two years),347,21,0.06,2.5,99.70246816577485,68,0.3235294117647059,-16.1249513117513,1.834295890565414,dd738086d22d82567625d701fe6ba206d0f699cae5ef740db9108a056f3588e2,4.2
2013-01-01 to 2014-12-31 (two years),348,21,0.1,1.0,15.389624117775865,332,0.22590361445783133,-61.39223804931324,0.4673968164286867,399ad22013af2191c8431e2e9f0d5eb274d2e18cca00bb26c904c917b74e42da,3.4
2013-01-01 to 2014-12-31 (two years),349,21,0.1,1.5,-22.884260601103577,195,0.20512820512820512,-47.579773671796076,-0.20777422438372217,7909f894221099845a350041147837e305b738ff5a08ab1c0e486c3578797d51,3.9
2013-01-01 to 2014-12-31 (two years),350,21,0.1,2.0,-2.297501015681352,129,0.21705426356589147,-26.176169074900134,0.11886072123000967,61abfaa17dbf5a7b9b081aee7d7f954ba4981801ef2fb7a5a449ed4c4f8526b8,3.9
2013-01-01 to 2014-12-31 (two years),351,21,0.1,2.5,25.136879347232778,86,0.2441860465116279,-25.085634939556435,0.7010931260917098,7d735e5047f8fb15e1b2977e4d7d53703ea9aa03f7d763c9d8b320c735f12601,3.8
2013-01-01 to 2014-12-31 (two years),352,22,0.02,1.0,-33.48823596043919,99,0.1717171717171717,-47.012649874597464,-0.7660678308750163,6c61dab6ef490b1aac83dfde91ff1f8f7eb6742339bde78dfaa7a431a8c4d231,2.1
2013-01-01 to 2014-12-31 (two years),353,22,0.02,1.5,-51.667542767325095,85,0.12941176470588237,-55.89617339234365,-1.5984201998457677,bb90a7cbe0b331a68e03ffbb65323d18fb6b61aef8621dda0df58d1f7f015924,2.3
2013-01-01 to 2014-12-31 (two years),354,22,0.02,2.0,-27.241071404963428,74,0.17567567567567569,-38.27883947408471,-0.6861147788035239,513938ce6e667a5dfef758ee5f7fc7d5c8735c2fd669975dac9d4e75b83fa977,2.7
2013-01-01 to 2014-12-31 (two years),355,22,0.02,2.5,1.0835022143732027,59,0.22033898305084745,-19.228840680814784,0.15126745327776853,484088055b05549ff2fe7aabd51bde7f6fa22d821a546c88e2678363a6fd71a5,2.7
2013-01-01 to 2014-12-31 (two years),356,22,0.04,1.0,-48.63795019867106,205,0.1902439024390244,-61.28973005870646,-0.8436101786975699,e014b47cf72a6985b99939ddcc2188f373c530a6781f8d8e0327e5c5c690bbb8,2.4
2013-01-01 to 2014-12-31 (two years),357,22,0.04,1.5,-39.92816289871627,142,0.18309859154929578,-51.782312957359046,-0.8056452756551287,f0c8d2e37c5d56f150a625ed5b78ab30a4378338a84965ad6bbda9c8d8e33744,2.8
2013-01-01 to 2014-12-31 (two years),358,22,0.04,2.0,43.69424363188847,96,0.2604166666666667,-20.539236676150054,0.9951717131245288,cfc8817dd08a0f72bdfcc00ac3c252b9e12325602c722b9fc85e53c7954c59db,3.4
2013-01-01 to 2014-12-31 (two years),359,22,0.04,2.5,1.1150845333782406,78,0.21794871794871795,-18.97741922120225,0.15992402488814508,067dd28d59d26fc19afe13c0cfd38cec00e5d51c68c1fa82e6d97d09dd7ae0f3,3.2
2013-01-01 to 2014-12-31 (two years),360,22,0.06,1.0,-23.254521943738965,244,0.21311475409836064,-51.92390579006847,-0.11281087542861006,59431c4db622b45c41a149b65e28ec44345fabcef6f47cccdcc21bef349fd9b8,2.7
2013-01-01 to 2014-12-31 (two years),361,22,0.06,1.5,-2.7341527331221585,161,0.21739130434782608,-43.85154947507679,0.15706280415464235,5be71b443c2b4d3fb8d12634831c11fbbd7e12bb1ce93da108b54254cc20544c,3.5
2013-01-01 to 2014-12-31 (two years),362,22,0.06,2.0,29.831541543200018,109,0.24770642201834864,-22.331231885670867,0.7334166334340778,d0fb7bb50f3fe3bff1f55fa3bf77cd19b700c32a72454df2ed3a3ed6ae801366,3.6
2013-01-01 to 2014-12-31 (two years),363,22,0.06,2.5,55.664102993622635,71,0.28169014084507044,-19.734789404416876,1.2538805054504947,44ed462e94f62a7a216b6149984cc94cf08ca5fca6239d550b16e93037f90098,3.7
2013-01-01 to 2014-12-31 (two years),364,22,0.1,1.0,-41.43276703150764,353,0.20679886685552407,-78.61110209157812,-0.3564527230683085,ce82df73086e741de09aac893b6bf60247bdab39e53523994d8c7d79d29fa520,3.2
2013-01-01 to 2014-12-31 (two years),365,22,0.1,1.5,0.9029807052492851,190,0.22105263157894736,-36.84935142553625,0.23797979109719952,298cf5811c17c929fab6ea6bf2736875d75c071bb7a6afa0da7c345eb4c925bd,3.7
2013-01-01 to 2014-12-31 (two years),366,22,0.1,2.0,21.12628296327814,105,0.23809523809523808,-33.90084092929014,0.5667396243484709,697da5095df1eff3791e8964dde346631678e4cbe1bbcb6dd7027b5bc824ad1b,3.9
2013-01-01 to 2014-12-31 (two years),367,22,0.1,2.5,22.403220804846683,87,0.2413793103448276,-30.21471166998738,0.6523725770579473,49c23f809d760f808891772f7c977f44a954e2a320c8363b439f69aa9d067625,3.8
2013-01-01 to 2014-12-31 (two years),368,23,0.02,1.0,-48.93447803081215,115,0.16521739130434782,-52.7976675640245,-1.232644104303238,46a48cb1decfd608894650e4f159f7eea7c804e87917c77f898d2041d5ad3232,2.2
2013-01-01 to 2014-12-31 (two years),369,23,0.02,1.5,-43.037817724280266,90,0.15555555555555556,-51.00713353130646,-1.2310499316388268,65a03d123c2e4f5783f2d7c162544d36ce97d14c95dd5cbc4a7d52be07650739,2.2
2013-01-01 to 2014-12-31 (two years),370,23,0.02,2.0,-7.458354256207973,76,0.21052631578947367,-30.456323950123853,-0.05940474069525778,4d5fec727883e6f92237b3b4f90a79be1e97550881574e4f445381c09a931993,2.8
2013-01-01 to 2014-12-31 (two years),371,23,0.02,2.5,2.185880201490565,64,0.21875,-28.61700746943453,0.18793846024270316,2d00037703709e77896b017377fc43ecad17571ac692f8aaaaa0496cb657e0a6,2.7
2013-01-01 to 2014-12-31 (two years),372,23,0.04,1.0,-18.94467794752577,202,0.21287128712871287,-28.14383489108616,-0.10162996461146172,09c07480ec1b8ff57b5409139a92b00572c210b3468e04b81e65510205b96304,2.6
2013-01-01 to 2014-12-31 (two years),373,23,0.04,1.5,-30.589372200384734,155,0.1935483870967742,-47.542820565406174,-0.47474753230501293,4ccb48ad8381d572ab2f9c7f7c2aacad15ea2f2172f805f3e3937eb39316d4a6,3.2
2013-01-01 to 2014-12-31 (two years),374,23,0.04,2.0,42.81669087652709,97,0.25773195876288657,-22.04911969565172,0.9506590951172637,a6832f991b1d453966eb60121f209a24b8eed80894e1ef9de308ccf2c4700fcc,3.4
2013-01-01 to 2014-12-31 (two years),375,23,0.04,2.5,21.7012760935196,73,0.2465753424657534,-21.98991236647401,0.6327646191561135,a8590b10b9d9a595e8e29f88118bbc9e38835203f9cf40916c26c5db23817e75,2.9
2013-01-01 to 2014-12-31 (two years),376,23,0.06,1.0,-49.89324305409911,240,0.19166666666666668,-64.99125796091279,-0.8312486619734366,d66faf53c685f4b8b1e2c95cebc6e8709067d03867f5cfcce4bba834c21da4e9,2.4
2013-01-01 to 2014-12-31 (two years),377,23,0.06,1.5,-22.399171379646372,169,0.20710059171597633,-57.88879783050237,-0.2333165572050754,6f4c69a8774f45a8ac4c66ff25e381f25ef07887fd081c5631cb5463d7b58398,3.4
2013-01-01 to 2014-12-31 (two years),378,23,0.06,2.0,11.29789246610095,108,0.23148148148148148,-21.73292307399294,0.39816012027415176,1450132678d8b16bcf23ba73fba2d69fbfd7a1ca71e8a6f2b8924a60db4846d6,3.7
2013-01-01 to 2014-12-31 (two years),379,23,0.06,2.5,24.416065543299887,72,0.25,-18.98334014460531,0.7029941565279615,16451273efa073502ac0d63d8ce8311e342ce1f10fd0330b0b1c7c13fd2a924c,3.5
2013-01-01 to 2014-12-31 (two years),380,23,0.1,1.0,-26.893128398337524,346,0.2138728323699422,-55.374359038050926,-0.06823125519753649,be8e32f3c52ca0546d39b6a768e7f7bb228c6cbdb3600e8ae1017e41b3be0ea1,3.2
2013-01-01 to 2014-12-31 (two years),381,23,0.1,1.5,52.43989606073741,186,0.24731182795698925,-38.53178970353414,0.9029702120092642,7fa11b6012335541cf673ee09d79dc82f267c59896926d2ca6e14affaa9a8080,3.3
2013-01-01 to 2014-12-31 (two years),382,23,0.1,2.0,17.267762098518688,131,0.2366412213740458,-21.528327626519893,0.4982864277302407,6c14a1203bf526403d7f74f3749e99501f8f4af8be9ec74488038884f7787ec7,3.7
2013-01-01 to 2014-12-31 (two years),383,23,0.1,2.5,45.31381838948087,70,0.2714285714285714,-18.49145654619614,1.0924782807421372,594b72e02a64780a263f728ca04bd2dc5026ba8e42b499e8cb90ed9c30f50eea,3.5
2013-01-01 to 2014-12-31 (two years),384,24,0.02,1.0,-38.431792013561775,117,0.1794871794871795,-48.624777047016735,-0.919686436061715,7aaeb94b9c985ba59f6f36a983b6703571109964a4b2cfb053bc5279318a7718,1.9
2013-01-01 to 2014-12-31 (two years),385,24,0.02,1.5,-21.18993463092604,85,0.18823529411764706,-41.81357618914912,-0.4409376421684519,57c71c9efda981fccb3f4a32838361832c488950fcf4ae2ae041cb2728fe5311,2.5
2013-01-01 to 2014-12-31 (two years),386,24,0.02,2.0,-25.08017623395184,67,0.1791044776119403,-32.36192178314968,-0.6187214519318738,1c79673b44f700e05189c0d0e975e82496042a59384e67f7476a38a753e8f41e,2.4
2013-01-01 to 2014-12-31 (two years),387,24,0.02,2.5,3.0182415685467356,57,0.22807017543859648,-29.871020785545543,0.2117994983351145,38bb439b3c6efc481395058a6f9e109746b2d0d13fa083040e0df7b16027f698,3.2
2013-01-01 to 2014-12-31 (two years),388,24,0.04,1.0,-36.60582628732726,196,0.20408163265306123,-53.4156830201016,-0.46996065336687903,34aa0bc9024f5e24abbf559ab907b0519a4591f4a38ff82c47ac86ee17601ec9,2.6
2013-01-01 to 2014-12-31 (two years),389,24,0.04,1.5,31.87862972894172,144,0.24305555555555555,-36.0889179969357,0.7080752946698138,d14346649cbb5a4df731e234e30d3b0bcaccaf3e8cd32c1e2680dda7a8613241,2.7
2013-01-01 to 2014-12-31 (two years),390,24,0.04,2.0,11.572330291587923,99,0.23232323232323232,-31.89156470710501,0.4042205932127687,55dd24e6e55bd1ba792c2347e6416800f9db4562eff71cf344c0ff2b8ce6999b,3.0
2013-01-01 to 2014-12-31 (two years),391,24,0.04,2.5,-1.446043048349558,78,0.21794871794871795,-35.15186632322608,0.11144396013418921,4c2b7799e520e20747d29924e16ac4f58e3ddd363cb88ab266dd3f9a07088234,3.6
2013-01-01 to 2014-12-31 (two years),392,24,0.06,1.0,-65.72663672851189,230,0.17391304347826086,-77.14740785273294,-1.387233057839641,f9eb9bbfc6d762621cb9a967aab8342b2a720bc414a01ef27db2271d9fd369d3,2.7
2013-01-01 to 2014-12-31 (two years),393,24,0.06,1.5,-40.40933966378306,165,0.18787878787878787,-55.23013454095946,-0.754365932555926,43d7895133c3ff292537de2011ead82ae7c30dc1f8e7f908d59660c2d9ec03be,2.9
2013-01-01 to 2014-12-31 (two years),394,24,0.06,2.0,80.35094314192594,95,0.28421052631578947,-18.036685860137215,1.4751593076049503,9544b4a0ecbbd8e98384b1d4395ab18f1a926944f8593f4229508a080f5284dd,3.6
2013-01-01 to 2014-12-31 (two years),395,24,0.06,2.5,43.078169254783575,71,0.2676056338028169,-20.101531546970808,1.0965898296319763,bf99a947b32d3b0daa82e2279108d09fe04a69386f72e669b8dadec72a393f70,3.7
2013-01-01 to 2014-12-31 (two years),396,24,0.1,1.0,-42.807213401970564,324,0.20987654320987653,-66.61287961235716,-0.38356607291699324,67b82c2cb236f0ce2a52ce5c39aa13fde252661254560dc4e272c87e4a060541,3.0
2013-01-01 to 2014-12-31 (two years),397,24,0.1,1.5,-15.099649278787428,201,0.21393034825870647,-45.97372922767411,-0.018186188045698323,fc69237fd39063d69bab7e47ea401e949d0066bae099c3f58cfc4bcc8239197a,3.3
2013-01-01 to 2014-12-31 (two years),398,24,0.1,2.0,56.82502558755679,100,0.27,-19.25196851071004,1.133059856976064,9ad1431089085b62797133b570ffce14357032f451232544eaa19711b5002ebd,3.6
2013-01-01 to 2014-12-31 (two years),399,24,0.1,2.5,23.42641096437246,82,0.24390243902439024,-19.482699400325465,0.645695910428415,703302b61d17ee24494aa42bb7d508376c3150043c578f9f7bb8f394d8ed5882,3.8
2013-01-01 to 2014-12-31 (two years),400,25,0.02,1.0,-40.634278701864325,114,0.17543859649122806,-45.05933049201231,-1.0053917687145508,300ec41058beff9f0f48de0779f76b85f55ca2c232b73bc78857c66dd2b84a8a,2.0
2013-01-01 to 2014-12-31 (two years),401,25,0.02,1.5,-26.114664224401434,92,0.18478260869565216,-39.8016020548438,-0.5957893780995003,672e60d9b14d4b73fa5835a9b453fb0c5221ea90604c2cb93eba0b9ac91c7676,2.6
2013-01-01 to 2014-12-31 (two years),402,25,0.02,2.0,18.124266220662637,65,0.24615384615384617,-22.248198614536218,0.5806141672506542,d890ec330448bbee04380fcd8aa3a84fc7bd7a71738428f1c4e61e5b5832a372,2.9
2013-01-01 to 2014-12-31 (two years),403,25,0.02,2.5,23.352757304325642,50,0.26,-15.547298283741585,0.7298158621571814,8793e14ddd6904c6fe25e2652aaf29ef265a1350ea0ef41c5d955290d21e01bd,3.0
2013-01-01 to 2014-12-31 (two years),404,25,0.04,1.0,36.79351440220789,190,0.24210526315789474,-35.0254229887279,0.7303030848551968,2bac657bf83523e2027c6a138dce6122182de62d5c2e3f2f91e95a3b0c74a38e,2.8
2013-01-01 to 2014-12-31 (two years),405,25,0.04,1.5,-6.342676756426677,142,0.2112676056338028,-35.73519134669982,0.05677330025098052,cd7665b8dc05d7c42988a33a6e670bb4822e36bbe72926976ab61a4c18b2360c,3.8
2013-01-01 to 2014-12-31 (two years),406,25,0.04,2.0,-4.46935432939634,104,0.21153846153846154,-28.593812772756124,0.02642694971309539,989a30251492dba1eaa30b09c00194617e5a1b5c869ea07e198cb3d8d6dcdda7,4.3
2013-01-01 to 2014-12-31 (two years),407,25,0.04,2.5,-4.686225402500502,71,0.2112676056338028,-27.74750075584076,-0.008827728128589694,d8ce9fc043b8b9b2aa6624244596887187a004a862334afe5747a3237881eb99,4.0
2013-01-01 to 2014-12-31 (two years),408,25,0.06,1.0,-0.2734451092227801,240,0.22916666666666666,-42.703725551960204,0.24960806205577024,c738dbef74f177a3db7635af9f3ef7c3775023b945243e40128acbe7f70fbb60,3.4
2013-01-01 to 2014-12-31 (two years),409,25,0.06,1.5,140.57205639976388,167,0.2754491017964072,-23.75636404575,1.6900500197593185,1ae5e2626852297fec5e23d8df41e00b214dba476e03632447a7f2d7c92602ac,4.3
2013-01-01 to 2014-12-31 (two years),410,25,0.06,2.0,58.473196037272714,111,0.26126126126126126,-19.03032159136149,1.1382205472886355,2bea0f78bb223dfa942c7633e8cf8c443b1674983c2b250119db29bffeae6c5f,4.1
2013-01-01 to 2014-12-31 (two years),411,25,0.06,2.5,80.88419514201914,91,0.2857142857142857,-17.77454336029741,1.5689248749538023,14013dcc9b8df0cca5a6cb3e162a5fd255c8613fecad93977e767319962acb36,3.6
2013-01-01 to 2014-12-31 (two years),412,25,0.1,1.0,-65.67427879466854,348,0.19540229885057472,-73.19391057996268,-1.0210096385976337,8f1d140f3320a725628eced345f20247c4a17eacb5d63d3fbfb88cd7a7c48a64,3.5
2013-01-01 to 2014-12-31 (two years),413,25,0.1,1.5,4.684603664624424,220,0.22272727272727272,-34.97180599878479,0.3071157719621718,5bbeeb40e98f4bb538572093bbea392cf2470ed94c95eb81751eb7aa1d5275b6,3.6
2013-01-01 to 2014-12-31 (two years),414,25,0.1,2.0,10.281460990248819,128,0.2265625,-26.312839559938762,0.376336709494813,47254d0df08f76840819c85eb93ae857bdc5334109d76743ad1da1e69991a4ab,3.9
2013-01-01 to 2014-12-31 (two years),415,25,0.1,2.5,25.310136806018928,96,0.23958333333333334,-25.723820642330576,0.6874978176033079,c08f5a284c42d3c45b095845dd6b9369c07829bbeef429ef05906a429962600a,3.9
2013-01-01 to 2014-12-31 (two years),416,26,0.02,1.0,-27.8204726615041,120,0.20833333333333334,-45.52709046765449,-0.4780791479564895,8e325e54e6f105d49bffa481cb1eb37b7b432aa3c5fa5a42c5bf76b1033d1373,2.0
2013-01-01 to 2014-12-31 (two years),417,26,0.02,1.5,23.573225573396876,100,0.25,-20.23807495594847,0.6469585988947916,de2d223a1ae087c7a4846dc17bf0e2cbb01ad00342a5846874d3d01664a8b3be,2.3
2013-01-01 to 2014-12-31 (two years),418,26,0.02,2.0,-6.267963411045284,70,0.21428571428571427,-21.99366945200919,-0.02814042043324796,828afa9fcbfdefb345d76c8d3e3f5cb51c6b01c09d0f987a882eec89363285a7,2.8
2013-01-01 to 2014-12-31 (two years),419,26,0.02,2.5,5.099537040475919,57,0.22807017543859648,-21.849698770326086,0.2685570719441909,e854a77055d7a9c4dbe0231f924b8a1c8e56d299f287d305930a41deb5f7d6ac,3.3
2013-01-01 to 2014-12-31 (two years),420,26,0.04,1.0,-66.33551251568652,189,0.164021164021164,-75.12901429143496,-1.7776847082029401,d171788d868e0609b3d11ab2a54884cc61ede833783591059932cfa07ec6f7ce,2.6
2013-01-01 to 2014-12-31 (two years),421,26,0.04,1.5,-35.51305882945472,132,0.1893939393939394,-51.16856818159119,-0.719825525652044,67be4ea8b361d3a242528e6cdd3d5495541c9ee892b7a09219e7c07f7921c6b0,2.5
2013-01-01 to 2014-12-31 (two years),422,26,0.04,2.0,-4.28534728741423,101,0.21782178217821782,-25.259004671254147,0.05152292822064947,12df5aeecb749ce7034782ccef15e8e868416f634032dbd445df537a69f7a3b9,3.0
2013-01-01 to 2014-12-31 (two years),423,26,0.04,2.5,19.48813791173836,73,0.2465753424657534,-24.233925727868755,0.601764688693428,87cfa6d4f9ebfc80a4517af6035138f1aa28a6256b66c97cfdac1b3427d4d5d4,2.9
2013-01-01 to 2014-12-31 (two years),424,26,0.06,1.0,-51.63586754749125,266,0.19548872180451127,-68.27540035509465,-0.7322783609722113,58ec525fb9f01da5ec8bf382593014479257aa7bcc002623da01f3009e3ec73b,2.9
2013-01-01 to 2014-12-31 (two years),425,26,0.06,1.5,-57.857778588202315,189,0.1746031746031746,-69.68097559526089,-1.2364075674858916,a3c041a3953cf8d78d6191eb70f955397b9b2f37973ac3f10a8cc29e9206c66e,3.0
2013-01-01 to 2014-12-31 (two years),426,26,0.06,2.0,1.0146828116971995,128,0.21875,-35.5293515723759,0.20383561262559152,aa90c9844333880fbc129986868b98c0686e37c545480016701d2e4627c12171,3.5
2013-01-01 to 2014-12-31 (two years),427,26,0.06,2.5,13.705501417194544,91,0.23076923076923078,-21.847924249641114,0.4556121694495376,5b5b5ff5271de2d07b780cca0f3709179f7ad1f53586a1778b60ad610850987c,3.9
2013-01-01 to 2014-12-31 (two years),428,26,0.1,1.0,-51.0472049402379,334,0.20359281437125748,-69.673259717717,-0.598984261069421,47fcecf7c37c55ad2a4dc6e532e0d74d48b3f23d62d0e0e50f55155538086842,3.5
2013-01-01 to 2014-12-31 (two years),429,26,0.1,1.5,-28.624569032138886,217,0.20276497695852536,-57.16275281027983,-0.29536957368855027,d84c2d3073c88abd2caffe1414d84e6f36585d1e2fd51ad4603de9f7a3fb004c,3.2
2013-01-01 to 2014-12-31 (two years),430,26,0.1,2.0,2.982972021153915,130,0.2230769230769231,-28.62451484597367,0.23601967434313473,12d6d01662e04992393a5106f15359e9ebaf869adb994dad33741b750699a4bf,3.9
2013-01-01 to 2014-12-31 (two years),431,26,0.1,2.5,19.88123180586028,80,0.2375,-23.186365842870394,0.590951743123474,e2a7b7a04be743d7e059cc6ace48f506f25127c9560b434cdd5361c146f0f871,3.8
2013-01-01 to 2014-12-31 (two years),432,27,0.02,1.0,-32.56028991879427,108,0.19444444444444445,-34.854083679053396,-0.6853293788209622,2e97e48166fdbde5f1e05cf0a1be6f0bf1d04858e3ad79e2beb3c07bc540d0aa,2.0
2013-01-01 to 2014-12-31 (two years),433,27,0.02,1.5,-27.183688210709718,91,0.18681318681318682,-37.669127746535644,-0.6143117308328754,918ebbdb4114cc44bc789f3f71390d2561eb015f8bbd316e8c058ffb69f3ef1a,2.4
2013-01-01 to 2014-12-31 (two years),434,27,0.02,2.0,-6.727436268619981,63,0.20634920634920634,-36.34883336226221,-0.0541495663463929,e9621e92d00cf5e21be4e948197b7c83cfd6c16aeadcbf5d5ea902ba03198681,2.7
2013-01-01 to 2014-12-31 (two years),435,27,0.02,2.5,1.3311557442696285,50,0.22,-25.613608186457014,0.163212419092961,ee09fcd6c3b2d7843202611844ad918246f02604fbbcd89cd285b51320f2a583,3.0
2013-01-01 to 2014-12-31 (two years),436,27,0.04,1.0,-59.78735633400761,201,0.1791044776119403,-74.7983578758429,-1.2131763650418772,dec5d9b09d407cb176e59919f4458379634ec29919d1632965f02b341c780006,2.3
2013-01-01 to 2014-12-31 (two years),437,27,0.04,1.5,-47.3480067380376,148,0.17567567567567569,-66.78509366280709,-1.0215838450902948,c15d1e6c7021f1553b35e72bfe79acb8a0e022e76f103b995337f8dd411a9a94,2.7
2013-01-01 to 2014-12-31 (two years),438,27,0.04,2.0,-41.025425554163945,108,0.16666666666666666,-56.401465117788106,-1.0189498293900912,1344eab52a8119b7889441c31034b4a5cd62b1d64cca889f1537a1d983d484f3,3.3
2013-01-01 to 2014-12-31 (two years),439,27,0.04,2.5,-3.993960228893651,80,0.2125,-37.82718088586341,0.02610336212887737,8f5cf67a05a725c4affe12afa2aa64e6de54fe6b2775c8d6ba39e1ae44e5e944,3.4
2013-01-01 to 2014-12-31 (two years),440,27,0.06,1.0,-70.2741208745987,266,0.17293233082706766,-74.70563390982083,-1.622333686533014,bd3a5438e82e35e562763f32022ba7b25ff997fbedcfcbdff2e74fac88ed0d82,2.6
2013-01-01 to 2014-12-31 (two years),441,27,0.06,1.5,-33.023209785771634,177,0.192090395480226,-59.20296145076305,-0.4866623012210184,b72d0519f98db991bf0d9024b387bdad04784f1b576d567a5c97f0fbe2b137d5,2.6
2013-01-01 to 2014-12-31 (two years),442,27,0.06,2.0,36.11968829312542,100,0.25,-21.288820322110325,0.8440403455222923,a4d83491665c3c0c3e3d15807eeacdeff3673aa7ab1de31e7f6a72f294f7249c,3.3
2013-01-01 to 2014-12-31 (two years),443,27,0.06,2.5,52.70418942819218,72,0.2777777777777778,-22.38926210006189,1.221602711527331,858d16462f49ec348db875834ef863c7070c326b5657bc2a4ae75a9b1736f30c,3.5
2013-01-01 to 2014-12-31 (two years),444,27,0.1,1.0,-51.925257637072356,343,0.20699708454810495,-60.813190749873655,-0.5991136731614309,42f1e996466a02e613a0efe3e3beceaaff3cc6b212edb948d744063779dfd7cf,3.5
2013-01-01 to 2014-12-31 (two years),445,27,0.1,1.5,-22.2418536260185,194,0.211340206185567,-56.8409288187649,-0.19761325872952296,3009f8d86bde7687687f101592b087cd26e294b5ac8509e2359f76b94710b2bd,3.8
2013-01-01 to 2014-12-31 (two years),446,27,0.1,2.0,-9.791744920275555,128,0.2109375,-28.520103037252987,-0.02886184714113818,946f56c662dbcfe69a592668a1f8c50d7ae36ff959c0a198e5d6774703444d1d,3.8
2013-01-01 to 2014-12-31 (two years),447,27,0.1,2.5,55.19818815609797,71,0.28169014084507044,-19.862468798540267,1.2014918235668322,abc0b381cf1f622c25acee14bdf3f56787aa7e3e67637b522063366b78d116ab,3.7
2013-01-01 to 2014-12-31 (two years),448,28,0.02,1.0,29.554822594213835,109,0.24770642201834864,-28.99221680054833,0.7087748035116836,ddf7fd93ea2f6054aa5639aae3227e175332ff38a8276b8e3fa78568f9ab5ed9,2.0
2013-01-01 to 2014-12-31 (two years),449,28,0.02,1.5,12.977753088495039,92,0.2391304347826087,-28.253910698977936,0.4306992560518314,2264b29b4882b4e7ba281efc29e618e384531cf84a9948ef4c3515fbfd871e44,2.4
2013-01-01 to 2014-12-31 (two years),450,28,0.02,2.0,24.33601347481064,72,0.25,-16.414469112432407,0.7073252621239737,5195eb3e18457d4d5e012aa12394794ab27e1a53bd2a416e8bdc1f417004e0d7,2.9
2013-01-01 to 2014-12-31 (two years),451,28,0.02,2.5,20.1708062448761,61,0.2459016393442623,-19.833807625963416,0.66605422994812,e743ec18ccdbe54dc473d0ea2a0cec46beb8d1c154043c5bec142a7f7f05f47a,3.0
2013-01-01 to 2014-12-31 (two years),452,28,0.04,1.0,88.77212187756659,204,0.25980392156862747,-43.70542938835218,1.1732974927453974,a882eca614f9a6deec803bdfd70d2b0d4384d5c5aa9f8053a20679548f9b00b5,2.8
2013-01-01 to 2014-12-31 (two years),453,28,0.04,1.5,-26.233629291298367,148,0.20270270270270271,-45.49398963683321,-0.3809846928485962,be86f35a7468fcb2c85aecc623f92cc0ee853e0682ecf6bca6460904701b1a3b,2.9
2013-01-01 to 2014-12-31 (two years),454,28,0.04,2.0,51.67864615194612,107,0.2616822429906542,-32.38470135106588,1.0566787239721693,d1e98796823cf4bbf46223e2f4b4a8c468ddfb954b8f29e33dce2f086f4e1661,3.4
2013-01-01 to 2014-12-31 (two years),455,28,0.04,2.5,53.32617544164695,76,0.27631578947368424,-17.011787864981088,1.236807077491825,0c12ab2a0cc59a161ad7e3beb21aea8df0e3fde2968f93b0cecd9e813c43c70d,3.7
2013-01-01 to 2014-12-31 (two years),456,28,0.06,1.0,-35.10805591903167,248,0.20161290322580644,-57.05422371142881,-0.33556968602513376,2896c64d07feece8cffbd9ed6e04cd62ddcd4379a14b24332d1c658ec1435282,2.8
2013-01-01 to 2014-12-31 (two years),457,28,0.06,1.5,-18.685019121102997,172,0.20348837209302326,-59.78130986621996,-0.11759204375531929,abe38f828cee8c3f0bef2bef9037393188dea4a855268d5f2e61d432b919c065,3.3
2013-01-01 to 2014-12-31 (two years),458,28,0.06,2.0,21.217589805033494,115,0.23478260869565218,-32.40054794934427,0.5698372917291568,275f37f59e53d6ad666b0cb99e28509e765faaf0df119591a56b7e529e009146,3.9
2013-01-01 to 2014-12-31 (two years),459,28,0.06,2.5,32.04311566763134,79,0.25316455696202533,-23.92241413667677,0.8463321445913923,ba88c7e9e1cbbf1bf3825d35293ebc9189695e4200c7b67788c83250c7608405,3.9
2013-01-01 to 2014-12-31 (two years),460,28,0.1,1.0,1.9351006462517535,357,0.22408963585434175,-63.742787909300745,0.3184149386424335,35f0c2c6c2ea085f3632f77fcac52a34eb8e066438397c578c5f104b5d45b18d,3.4
2013-01-01 to 2014-12-31 (two years),461,28,0.1,1.5,-4.906110114616224,218,0.21559633027522937,-53.14846145238131,0.15742102155719828,0d893db51c02836a870260d35dd7bbb56a0a298218b5e5dbcf94dde20c26d425,3.6
2013-01-01 to 2014-12-31 (two years),462,28,0.1,2.0,21.053726631689596,120,0.23333333333333334,-31.473348660497425,0.5659864868724733,7a22a4d1ca2bd984a9853a437662eeaf978917d4ddee63cf6b01398e98fc051e,3.8
2013-01-01 to 2014-12-31 (two years),463,28,0.1,2.5,49.603242037252585,78,0.2692307692307692,-24.737125163826224,1.1277549450041369,f0b7cfc6515c0f12e8e100fa81eee1280e9fc51f83eb3a23f337ae9101fcc127,3.6
2013-01-01 to 2014-12-31 (two years),464,29,0.02,1.0,-36.730524755335445,111,0.18018018018018017,-51.10258243082184,-0.82109302341996,500b4654739fd2e2cfec3a1d9e2b7951404a8646370dd13cc1e14900fa7bc0f3,2.2
2013-01-01 to 2014-12-31 (two years),465,29,0.02,1.5,-0.3415515592454275,95,0.22105263157894736,-39.1374300025372,0.1437889763822908,7436848af644e7054e38c7e746850fca944518b253f80f2b15b51da786d565d0,2.5
2013-01-01 to 2014-12-31 (two years),466,29,0.02,2.0,12.029377565884458,73,0.2328767123287671,-27.24328349915286,0.44429333758931977,e5c92446c5c62fce92ecc39c8f877d225c4533b97e62e8c92b678d9f7465de1e,2.7
2013-01-01 to 2014-12-31 (two years),467,29,0.02,2.5,28.728600520360686,56,0.26785714285714285,-21.547095176736487,0.8951294286159329,47c7dde30aa5264d2c4ddd884e9e816a6d970047b5937aac12451a8cad615c91,3.7
2013-01-01 to 2014-12-31 (two years),468,29,0.04,1.0,4.00609026637507,193,0.22279792746113988,-48.422471863066654,0.2952779143450871,595fae68243279a56a559706e621544d5e80e5decff5a254d93d70c720f426ce,3.2
2013-01-01 to 2014-12-31 (two years),469,29,0.04,1.5,36.53845050290895,145,0.2413793103448276,-35.08739418941328,0.7745882734279179,9ef17d0567f97c5541c8210ff37b89a32dc98264d08a82b8e7d81c6a83ca2836,3.7
2013-01-01 to 2014-12-31 (two years),470,29,0.04,2.0,81.4414737767466,100,0.28,-18.329619467796064,1.4700866701136608,82222decbf3cc9027f21a61242a3bb0e9743efedf8aa65c91a9da2113e6aff12,4.5
2013-01-01 to 2014-12-31 (two years),471,29,0.04,2.5,47.28202406529105,64,0.28125,-17.285297667253563,1.178200911942342,ff52cbea05661ffef7d37e41f5f13e4d4f1e153dd9024e03cb53b18d243d7649,4.4
2013-01-01 to 2014-12-31 (two years),472,29,0.06,1.0,-1.4821435910720981,239,0.22594142259414227,-33.57570536329486,0.22235497679438865,52e7fce272265e06ff22a6a44a8c2e1dcbe34a4fbd34f055830a3865184ee6e6,3.5
2013-01-01 to 2014-12-31 (two years),473,29,0.06,1.5,9.752188376963172,159,0.22641509433962265,-38.46634283210609,0.36915211360759304,6d2bce1020750f6c75912e295488a1520b86a553afa5ef727c2c93a9ad1a3ebd,3.7
2013-01-01 to 2014-12-31 (two years),474,29,0.06,2.0,49.445858703391515,108,0.26851851851851855,-19.385041073424624,0.9998634539890016,16977a26caa137a68f71f92857132ebab2de8f57cf82cce04e0b9393ca0f69c8,3.8
2013-01-01 to 2014-12-31 (two years),475,29,0.06,2.5,29.826787478228777,81,0.25925925925925924,-21.568906978093917,0.8095149374376129,af878bbc176ba464e66ac31770da6a517b6e4c107e70d7123fd05be594f926cb,4.1
2013-01-01 to 2014-12-31 (two years),476,29,0.1,1.0,-25.11881197854231,355,0.21690140845070421,-47.9545060467316,-0.06959902171564525,6ad9c75d80b8976de75cdd33eee2b12ffdb487c35ac6399ac22267b53f72fff0,3.2
2013-01-01 to 2014-12-31 (two years),477,29,0.1,1.5,21.477453530158712,216,0.23148148148148148,-38.92275522731652,0.5321647990160907,8eef509527f78bfae5efe275337d67b8cd492e50c813fc3532aad98eab6ec09e,3.5
2013-01-01 to 2014-12-31 (two years),478,29,0.1,2.0,44.15186981953314,120,0.25,-31.869121828430792,0.915792322778125,d7730f8ec8c5a43ad9d92916df753c91f559aeda23a0484d2b03d47490dfea0e,4.0
2013-01-01 to 2014-12-31 (two years),479,29,0.1,2.5,-2.568789434972225,80,0.2125,-32.872174600801685,0.08137203127998074,4b6bf3cc5075c99ee33a032a81e7e27d71bf35053fe00a81b0770539f245328a,3.9
2013-01-01 to 2014-12-31 (two years),480,30,0.02,1.0,-22.27302831123025,121,0.19834710743801653,-48.86117193219168,-0.31532029084196317,31a66104bd4aa1b68bf2a52ff85d8aef201b8a33704fbfef7d5b525f06f2751b,2.1
2013-01-01 to 2014-12-31 (two years),481,30,0.02,1.5,113.83189724680116,96,0.3020833333333333,-28.652981902608488,1.7285037110896513,736e94019fa6c8b5dec767c1184d7baae198a600d03ffbd774afe5c68f5b160b,2.3
2013-01-01 to 2014-12-31 (two years),482,30,0.02,2.0,58.47165466850925,73,0.2876712328767123,-24.21294110555987,1.240396029293657,578f8fe971183265170307bb24874255b5a91ad891e8b3b540fd0e142d560d6e,2.8
2013-01-01 to 2014-12-31 (two years),483,30,0.02,2.5,58.56886817668705,64,0.296875,-26.528431563134312,1.3444532621993286,d327857c3d3884203dbba8464110c2a7d3c52f2b926e43f3c21ffb1d0951eb0c,3.3
2013-01-01 to 2014-12-31 (two years),484,30,0.04,1.0,-42.467027050974984,185,0.1891891891891892,-56.623124062491705,-0.6965538635113553,daa1dee97a8b043e0efdca2314e6a41f2b6a5b0063fa4013d0250cbf6d5d29f7,2.3
2013-01-01 to 2014-12-31 (two years),485,30,0.04,1.5,-3.9104542384935668,149,0.21476510067114093,-36.10350623738565,0.11313223305814965,ba686af89dfc9ea4acb6b507e05a43a92e7b4763742faec29639ad6b6a5bea30,2.9
2013-01-01 to 2014-12-31 (two years),486,30,0.04,2.0,-11.200566901414655,112,0.20535714285714285,-34.86804029043934,-0.11597189990813499,643cd31182f8cca80aa8794ba6f98e08069e8cee02f35bc0df058a8829d304b1,3.2
2013-01-01 to 2014-12-31 (two years),487,30,0.04,2.5,25.91495455936752,81,0.24691358024691357,-18.60346507921795,0.7214664448318628,24d18fb5a3a1ff1d934efea4f482b773e7490ae3fd0fb8894909b666674bcbf7,3.6
2013-01-01 to 2014-12-31 (two years),488,30,0.06,1.0,-34.338508725852044,232,0.20689655172413793,-60.332077854411395,-0.33558761001679815,95107a13e1c017cc7aa74e71dd897fbc2075c702d0fa458e1a2baa96a132c8da,2.6
2013-01-01 to 2014-12-31 (two years),489,30,0.06,1.5,11.598030265360325,161,0.22981366459627328,-44.49255334014238,0.3979056529913855,033c8e216209cd44abba84e41b5a2cc0f86ff7962e3241bc0fb569fcb9ed3a1f,3.1
2013-01-01 to 2014-12-31 (two years),490,30,0.06,2.0,31.934247767177382,117,0.24786324786324787,-23.63790545026223,0.7467298669956531,202876aadf2d97581d4a32568cba8c9c1db0c557f1d17d60bd5774ae1f86bd20,3.4
2013-01-01 to 2014-12-31 (two years),491,30,0.06,2.5,52.09380709006835,76,0.27631578947368424,-16.01614397264437,1.1648632677709336,1c6f33a600b9cc5d8c9185b7a28cc62fcab76e52883c3dd40e59a2058665154b,3.2
2013-01-01 to 2014-12-31 (two years),492,30,0.1,1.0,4.8425144625957435,338,0.22485207100591717,-48.43734425278742,0.35689672322277805,f27418200d72c63c0a97705071b5c3367a6389411b01e4ad63e9941b953ea970,3.3
2013-01-01 to 2014-12-31 (two years),493,30,0.1,1.5,8.012668870618555,186,0.22580645161290322,-43.613103085858995,0.3515443188358915,d6a90354814f4844b82ebaccc49ee9b4adf4b8e42bb5fb275dcbc80ce587510b,3.7
2013-01-01 to 2014-12-31 (two years),494,30,0.1,2.0,82.83438964941173,110,0.2818181818181818,-19.859591866508765,1.3927804168236866,c439fb0dd52fb315f0f57e9f53b4c81e74e567e435d707f7c18919444974ba7e,4.0
2013-01-01 to 2014-12-31 (two years),495,30,0.1,2.5,26.611173152080177,81,0.24691358024691357,-26.713919674550514,0.7320596965242815,432c79f1f53565605bb38d3d95c9c5f5a9d01def066c5d1791d829e0208a3763,3.9
2013-01-01 to 2014-12-31 (two years),496,31,0.02,1.0,-10.347995421605617,108,0.21296296296296297,-36.48328612572747,-0.06005353437867447,1aee7cb903c2feb70e0bda0785d6e743b851888d820824f15adae0d178eb07fa,2.0
2013-01-01 to 2014-12-31 (two years),497,31,0.02,1.5,-4.645181634975074,93,0.21505376344086022,-41.412008346141974,0.045070763945493524,482f2694ff08af0c4fc6a822efb29bfcf7f9e881d9abd596c4e9e304e7fbdbec,2.6
2013-01-01 to 2014-12-31 (two years),498,31,0.02,2.0,35.678747262310516,72,0.2638888888888889,-33.710730155699665,0.9404312941950356,a6705f7b5f6868f4f5e1fa4c72cd97c45fd8248c99fa0b6d01e78b8a9abd1d57,2.8
2013-01-01 to 2014-12-31 (two years),499,31,0.02,2.5,22.7289867491305,59,0.2542372881355932,-28.280627502458934,0.6996391114624446,194f3cf96f5cf47c24cedfba892c17a4d05584c00f30a054277515b654154a24,3.0
2013-01-01 to 2014-12-31 (two years),500,31,0.04,1.0,-45.876039570207865,186,0.1935483870967742,-62.434937913360564,-0.7264497427338775,979a4c3a49cd458ea04b9ae77b8a3b4c6f5a513a577c3f81b3d60383d05c81b5,2.6
2013-01-01 to 2014-12-31 (two years),501,31,0.04,1.5,-21.5707797605243,152,0.20394736842105263,-54.37518407922295,-0.26231045419451143,fdd7d04f564688240abba77dd8dc064373027733f3e831e073e252bc3c76d8e9,2.6
2013-01-01 to 2014-12-31 (two years),502,31,0.04,2.0,37.51421981794542,111,0.25225225225225223,-20.294654147848046,0.8415584964381865,1e02314639e88d3d23839c5513e678f7fa965d72f7a24058f002d3b4df7e896d,3.3
2013-01-01 to 2014-12-31 (two years),503,31,0.04,2.5,46.333648780365024,78,0.2692307692307692,-17.809699767459286,1.1287064931742727,fe970a5923f9e724325ba2ced02e94e309e63e17637813ef4285ffb1b518aeeb,3.5
2013-01-01 to 2014-12-31 (two years),504,31,0.06,1.0,-47.3951146527796,256,0.19921875,-77.15076404687535,-0.6286980390348281,28032e0703e803a7fb0720b3c4353b40f1024a7b521cecfa71e327d7e0a67478,2.6
2013-01-01 to 2014-12-31 (two years),505,31,0.06,1.5,-2.34608855776866,167,0.2155688622754491,-58.826492049287424,0.1631279249001725,7f096bdcbeb9f1672afa0360339e05e477f21d472d13ad7cddd460df47f6b8a9,3.4
2013-01-01 to 2014-12-31 (two years),506,31,0.06,2.0,31.933493807512225,114,0.24561403508771928,-32.275378794712026,0.740044365393507,65570a50d83d8a41e0fc03e1f0a101ea4920982572ef4206dc83360fdb56260b,3.5
2013-01-01 to 2014-12-31 (two years),507,31,0.06,2.5,56.11385614191434,80,0.275,-23.21143501217051,1.2282611146234539,b27282167230c637788c270a5b27ca99dd4c3455f1f583a0a4640727ba322092,3.4
2013-01-01 to 2014-12-31 (two years),508,31,0.1,1.0,-33.018996050266395,348,0.20977011494252873,-61.40410341392872,-0.1843985468602049,c0330aea24b14d549918d9d4e5f3898a31de877f9633e03c0ecfc75d326d0a79,3.4
2013-01-01 to 2014-12-31 (two years),509,31,0.1,1.5,63.158441385636955,216,0.24074074074074073,-37.220301117903595,0.9708286959058056,e412a1d706c5b0f6854a3ae2a285391a941bd942e370512ea047950c036ff0ef,3.7
2013-01-01 to 2014-12-31 (two years),510,31,0.1,2.0,9.439271178220135,138,0.2246376811594203,-29.869004044410353,0.3612162004320577,35a4de7db3ebbff070cd089494b37b25f6677b535941c12f3960529c29966261,3.6
2013-01-01 to 2014-12-31 (two years),511,31,0.1,2.5,47.169786697104264,79,0.26582278481012656,-19.143142791888014,1.1046417041061922,ab1bf7619a63961624095aa34da115778c857b270a3aea14376df005ca6e8fd4,3.7
2013-01-01 to 2014-12-31 (two years),512,32,0.02,1.0,33.855787583310985,102,0.2549019607843137,-17.75682512516842,0.7978385897468551,b94ccd602ec74c7dcfaeaef3f5f49fe96e24e25730b15f1ee352bf926e3e8990,2.1
2013-01-01 to 2014-12-31 (two years),513,32,0.02,1.5,18.25828896190361,88,0.23863636363636365,-23.935531426709677,0.5517727380642499,f923fc78ba5fa7e70ef9f003fc4fc730bbc5a39003dd633c6e29f3b23ca4b6d8,2.4
2013-01-01 to 2014-12-31 (two years),514,32,0.02,2.0,98.54586882902406,63,0.3333333333333333,-15.267534212935253,2.0433962072760057,7d13b8c1f22528f6be166eb7611042919ff49202e2ef9a87767d667f8a8b0531,2.9
2013-01-01 to 2014-12-31 (two years),515,32,0.02,2.5,39.3916126343511,53,0.2830188679245283,-21.896446911204848,1.142927867185197,375c0279154c7e4fbc1fe28c5d98ba116526b0e0d8bd0177915eb393c12096f2,3.2
2013-01-01 to 2014-12-31 (two years),516,32,0.04,1.0,-24.966564286554092,181,0.20994475138121546,-49.04220525050511,-0.23058058717786745,b67cdac831d9577a6cf916f3b81d24145c814f3acb90b146cbd8b8ad1e12f31c,2.5
2013-01-01 to 2014-12-31 (two years),517,32,0.04,1.5,-36.45753258799434,141,0.18439716312056736,-43.9951093395915,-0.693416112843018,dcca7aedd6962c36f1d9ca38fbef772dffb6bb8738d92d80421cf5cd491e4259,2.7
2013-01-01 to 2014-12-31 (two years),518,32,0.04,2.0,6.1975476815355615,102,0.22549019607843138,-18.596339040867726,0.29528439777276005,f39583a0795230b7f80bebc96cc24bd4e2455888a29ce211d4b77c761f7dc9f4,3.5
2013-01-01 to 2014-12-31 (two years),519,32,0.04,2.5,44.96700790473439,70,0.2714285714285714,-19.07470112061421,1.1551771721057986,634b5dbc8dc4a0ab47f0bffd7df6fcacb1265afdebd761a320b991836751e2f7,3.6
2013-01-01 to 2014-12-31 (two years),520,32,0.06,1.0,-18.606019322676392,260,0.21153846153846154,-59.93951388935499,-0.0678221375326186,e1d3853c7148bee67c1a5826611ea3c9b08267059040cd73c8cfa8b53431f2bc,2.6
2013-01-01 to 2014-12-31 (two years),521,32,0.06,1.5,43.0295867622866,159,0.2389937106918239,-42.52019339917836,0.8391915182413779,b3080f099e12b219611499ffd64b0c3ead2f015c77e0bd8a912044edda7f1f05,3.4
2013-01-01 to 2014-12-31 (two years),522,32,0.06,2.0,37.358116017924964,107,0.2523364485981308,-27.02762455135779,0.8397128989681444,386de3548db2fb6c427358995296af1966c17ed473828533ceb19709d3f72a81,3.6
2013-01-01 to 2014-12-31 (two years),523,32,0.06,2.5,17.799355252220625,80,0.2375,-33.9319468059336,0.5671349776112165,7c4476fb95929f746d82b0af60db42cce235948a4d80e942487a2dc60d5c5345,3.4
2013-01-01 to 2014-12-31 (two years),524,32,0.1,1.0,-51.24116203573048,340,0.2,-67.15609847213793,-0.6436328556180229,2b821e4c55df3b1943851cdb0384f1626d2c3bb59db43f5fe28807ddf4c2c62d,3.1
2013-01-01 to 2014-12-31 (two years),525,32,0.1,1.5,17.4760363215638,195,0.22564102564102564,-39.276742219462726,0.48255205022556813,aa79dbaa7bed9f128c54d48ea9f0bd7037d19d5b1b66572dce95074a554d86fe,3.5
2013-01-01 to 2014-12-31 (two years),526,32,0.1,2.0,4.259166008662383,121,0.2231404958677686,-33.0009890849419,0.26320356549168733,412ffb34475ca163c47ab1ace9a2a248decec50a4c1095df326a9f787e9ce499,3.7
2013-01-01 to 2014-12-31 (two years),527,32,0.1,2.5,12.173163595523691,86,0.23255813953488372,-25.962122439024384,0.4276221637002864,387ee900cc32f339d29317bb56505b5b2e9e1d947066aea66d815a178cd4c9d0,4.2
2013-01-01 to 2014-12-31 (two years),528,33,0.02,1.0,-12.255689441929155,116,0.21551724137931033,-42.889907017793625,-0.09202189299393015,52cd895f95946548e753fbbf5b3c97e96c0ad83faf421bfd1f257a4accb73963,2.3
2013-01-01 to 2014-12-31 (two years),529,33,0.02,1.5,-1.6361295506915292,97,0.21649484536082475,-24.39599242017393,0.12880459934889077,eb699aa6110b327166e5fec476cd20eef93e4867902c65a00000bd3f9752f7be,2.5
2013-01-01 to 2014-12-31 (two years),530,33,0.02,2.0,-7.090938945278835,81,0.20987654320987653,-28.28269763041774,-0.027321395590633728,639ba77634ceabac84438af07ae78e4eee3d5842d41459447b2d8334af938832,2.6
2013-01-01 to 2014-12-31 (two years),531,33,0.02,2.5,11.15500202192506,64,0.234375,-26.721230728832836,0.4158179073607926,5fd06341c98b142e068d757f8701efe9e59116c0da2c07216d7e253dcd0b2c08,3.8
2013-01-01 to 2014-12-31 (two years),532,33,0.04,1.0,-36.036465214674315,172,0.19186046511627908,-47.97791505450941,-0.5607776939973682,6231f9526ef993fb3c55b60bcc2f238bcacb80496dde348cc3dd451765d50f3b,3.5
2013-01-01 to 2014-12-31 (two years),533,33,0.04,1.5,40.565374190457845,122,0.2459016393442623,-28.951727264605875,0.8397799388491347,66267551340350339fbcab4233b78461b97e02d6e3c5312f514d7800815ef100,3.5
2013-01-01 to 2014-12-31 (two years),534,33,0.04,2.0,23.912414638315944,88,0.25,-22.05656107540094,0.6552830476013906,a8c55a8af7311efa9a5f19c62a6c0c4ba97bfab445f6eafb85103c7f3c4ed5dc,4.2
2013-01-01 to 2014-12-31 (two years),535,33,0.04,2.5,5.689282651922183,74,0.22972972972972974,-27.611326028313965,0.2828128198893095,d8f374363538255d0f0644ccc7d5c5c4fcc6dfc27a8ae28ebbdee70795d3e3bc,4.1
2013-01-01 to 2014-12-31 (two years),536,33,0.06,1.0,-40.65207309348152,231,0.19913419913419914,-57.753107982978676,-0.4964892614516656,43fabe7b720a7d2dab4e0a26bf65d703b21b5c3a5d60c641235393d2674e1496,3.7
2013-01-01 to 2014-12-31 (two years),537,33,0.06,1.5,-23.662920509453798,153,0.20261437908496732,-46.54713255756706,-0.27379347417224487,39a3631d5a9e61a754eb116e8e7f3031f4f6d448915364c2fffd0429b6e86b18,3.1
2013-01-01 to 2014-12-31 (two years),538,33,0.06,2.0,-17.86278201498409,98,0.19387755102040816,-26.612303961699336,-0.31233338661293225,df00edbbe884adb3c5a51acb55928248354e81f7a0e289da8e13f54ac1842b7e,3.8
2013-01-01 to 2014-12-31 (two years),539,33,0.06,2.5,-1.4379120900659843,75,0.21333333333333335,-31.853535868390047,0.10460090701209485,0586272353b8c2796a9146d4bdcf7b51b985ff32c3e412bde0934608d2450102,3.8
2013-01-01 to 2014-12-31 (two years),540,33,0.1,1.0,5.826829469911575,352,0.22727272727272727,-61.92683522853122,0.36166044028977035,e98e591d48e24aa5b273c6352f281ef5f12fd208373ae90e91c3a34844536501,2.9
2013-01-01 to 2014-12-31 (two years),541,33,0.1,1.5,-50.923058161830184,220,0.19090909090909092,-63.761919447624,-0.8472740520383147,bb0798f8e4c549c61eabfc59a5449045384daeccce117fa074ea3c0eeb11af03,3.9
2013-01-01 to 2014-12-31 (two years),542,33,0.1,2.0,7.8699205125709755,132,0.22727272727272727,-28.90928354436295,0.3334614716671314,26c0dd9d7f7dccd29daee5bc74569ff5c507afe662a22f3cf11b392f5dcb019b,4.0
2013-01-01 to 2014-12-31 (two years),543,33,0.1,2.5,10.046363310509465,79,0.22784810126582278,-32.41893570608612,0.3814963676829603,3027bac5cff2c18fb5a34079a502fb14686c57a5d0687abb8d81debfc7103086,3.6
2013-01-01 to 2014-12-31 (two years),544,34,0.02,1.0,-26.012031068684543,107,0.19626168224299065,-47.111161381530685,-0.4902322057828927,62008c44700bc91adfd4c25520d44af5083f7d46ad95d128446df98fd66b3508,2.0
2013-01-01 to 2014-12-31 (two years),545,34,0.02,1.5,17.33364701664266,88,0.23863636363636365,-20.682251488423788,0.5237165826755026,4e4ed399f1e83db536856a0893dfca1736cb1ad31a135b85db1416cceaf47a6e,2.5
2013-01-01 to 2014-12-31 (two years),546,34,0.02,2.0,60.60582521110426,74,0.28378378378378377,-20.41286743659484,1.3461400072927938,8f6712d3d33a5b6f6ef255755ea2b5e606a361360404ff308b578d53f05d3e8a,2.9
2013-01-01 to 2014-12-31 (two years),547,34,0.02,2.5,50.987526091995925,54,0.2962962962962963,-12.197601552599103,1.2879709681024667,3936d149b288d1a4dfd4d7b93e6ec32cb4999a3d1d3896cc43c13f63de5e46b2,2.9
2013-01-01 to 2014-12-31 (two years),548,34,0.04,1.0,-52.25571881601135,187,0.18716577540106952,-68.0640589611413,-0.9849316548795963,aba4e1e76c2a6001a60dfb0248c8bfa004c300854ba8bf5901dfb22712e3bbf5,2.5
2013-01-01 to 2014-12-31 (two years),549,34,0.04,1.5,14.381347802863711,133,0.23308270676691728,-33.77694888899321,0.4427872500314467,ca77ae6551a4623fba4bd9452c4f5710b0ee08075b71174bb43fba0828652ed4,3.1
2013-01-01 to 2014-12-31 (two years),550,34,0.04,2.0,38.5656023656115,102,0.2549019607843137,-27.30652071340086,0.9041988042371116,772653cccd6dcc19cc689ad35e0bd3082254bea2f01d0372856c0075dd8937d3,3.2
2013-01-01 to 2014-12-31 (two years),551,34,0.04,2.5,4.012362508432375,68,0.22058823529411764,-23.623902805092577,0.24128634744320537,c317f44f32df15616d4a838403f34c9bbaf77e62a9d1562e8e9f4bc6cd9a1e38,3.6
2013-01-01 to 2014-12-31 (two years),552,34,0.06,1.0,-22.39113203416009,273,0.21611721611721613,-64.19919258892975,-0.05851683800491258,903ba48dd6b3e602ccc3d631ad2659c3cfee7a99f1e57526c4778af450f982eb,2.8
2013-01-01 to 2014-12-31 (two years),553,34,0.06,1.5,72.36727453651531,170,0.25882352941176473,-25.84326134205892,1.0926632652103283,5ba0a29114058cd56f6b7f630ea99cd2023476c0e5d977261524b2bfc5515feb,3.3
2013-01-01 to 2014-12-31 (two years),554,34,0.06,2.0,156.17395489807265,109,0.3119266055045872,-16.78454285106633,2.077512143887749,dea77dfaa61820b011eda52695ddf8ba2050e052920e0662051ae365a24fef59,3.6
2013-01-01 to 2014-12-31 (two years),555,34,0.06,2.5,66.80182567716923,72,0.3055555555555556,-15.52701687509288,1.4270756446190411,f3e83ed39877a4d8ba00d058dce0176708c12d1db7fd3e773d0e48f03c62a2a8,3.7
2013-01-01 to 2014-12-31 (two years),556,34,0.1,1.0,-62.306345012495655,338,0.19230769230769232,-76.07721857554186,-0.937782278926682,7ef62db9c3b9c4da72111b8f7494e8033e0b48471b9f6ac05bef993f14329361,2.9
2013-01-01 to 2014-12-31 (two years),557,34,0.1,1.5,0.3876532011074096,194,0.22164948453608246,-47.71928900307937,0.2273802330156676,b6d545ee404b02fdbb1401fe0a2abad5f10a285e82d88a16e65b00a47ee2d6ee,3.7
2013-01-01 to 2014-12-31 (two years),558,34,0.1,2.0,7.335314160815649,128,0.2265625,-29.957734953605254,0.3232639239186636,4e2067eac85c0ffd8a398532a122e48d70099afe8eb929f70734e7f63ee565e8,3.5
2013-01-01 to 2014-12-31 (two years),559,34,0.1,2.5,29.47759869843693,94,0.24468085106382978,-24.100900388667913,0.7871478388878307,d4b573653d28602bc6137e56686161ba2714e79f3558fdb77bd1043154c8662f,3.6
2013-01-01 to 2014-12-31 (two years),560,35,0.02,1.0,-39.52136719566433,124,0.18548387096774194,-52.81001170762681,-0.8748747705266564,bcd2a0c20ac293f59cd398a84980667d4577ad7d73b2c6506add395e9f60a76c,2.0
2013-01-01 to 2014-12-31 (two years),561,35,0.02,1.5,-42.616978890358794,107,0.16822429906542055,-57.659289613276286,-1.1163655916721993,63db0120fd918b398450981e6b82e60b55963b410c67210d5c7d658d3cefc3b3,2.6
2013-01-01 to 2014-12-31 (two years),562,35,0.02,2.0,18.560015155672552,87,0.2413793103448276,-32.21100583011193,0.5805284689119832,d3c6744e4e0861bec4c3488b3ae5694e4a8cd384824d63928696d199c1ce3445,2.9
2013-01-01 to 2014-12-31 (two years),563,35,0.02,2.5,44.643930721100276,61,0.2786885245901639,-24.037456497670874,1.1826617044478422,92e01ceae5f1e7eca1922075504f5cb6666ce2c6cf27414e473d1e3460f3c682,3.4
2013-01-01 to 2014-12-31 (two years),564,35,0.04,1.0,39.44001421769761,192,0.24479166666666666,-37.043769204007724,0.7363799701473847,98cf5a3ed45fe90473fd90f5506e261c15ecfc71f8ea69f6f5c87b50645a88b6,2.6
2013-01-01 to 2014-12-31 (two years),565,35,0.04,1.5,-19.54654101370807,144,0.2013888888888889,-46.08429252740951,-0.2230253940403452,7336586488893b3cf4c275fbdf728002f9c072c345573262fbc2ddf74f893771,3.1
2013-01-01 to 2014-12-31 (two years),566,35,0.04,2.0,24.29406575379041,106,0.24528301886792453,-27.198843916350114,0.6531869535065328,1ab81cba3a74811c7e50b6165dac3a7f9aa7528328b9b8c934da8e874b8d1d9f,3.0
2013-01-01 to 2014-12-31 (two years),567,35,0.04,2.5,11.926056907590144,76,0.23684210526315788,-21.27062956703709,0.436658998969722,e01fce5125b8edf556266db55d7e1a266441f252415b928d1e1627b91cc2569f,3.7
2013-01-01 to 2014-12-31 (two years),568,35,0.06,1.0,-74.38206265973052,260,0.16923076923076924,-82.52470549212988,-1.6655693431912353,650ce72c566fef881f3b11eae75ec5f3bc8c902054822dc9f87936a5bf61a07d,2.7
2013-01-01 to 2014-12-31 (two years),569,35,0.06,1.5,-20.51994873283562,190,0.21052631578947367,-53.663037714999774,-0.16890744215756326,948610528ec8c4c9671b5defc58c209507b2c203b0b4d242df7b5b569ff275e5,3.2
2013-01-01 to 2014-12-31 (two years),570,35,0.06,2.0,40.976686430716484,102,0.2549019607843137,-23.119150752720998,0.890265396325912,91027f4b2b58561a5484d4de338998fb5c43eff7535989ea01e2091f0f1eb33e,3.6
2013-01-01 to 2014-12-31 (two years),571,35,0.06,2.5,36.658042352299915,77,0.2597402597402597,-20.2768565994782,0.9435422194766817,76075f1950940bc0e37591414f73aef846960b42a2b52ae65203d5675e153aef,4.0
2013-01-01 to 2014-12-31 (two years),572,35,0.1,1.0,-25.191927411155003,363,0.21487603305785125,-65.76719265470912,-0.03984048167689774,ce99d349cf2c495e5b56efc6169f2ca29b822bdc63919acba796ee684e931476,2.9
2013-01-01 to 2014-12-31 (two years),573,35,0.1,1.5,80.22980323301616,203,0.2512315270935961,-42.667756992958935,1.1336232607126528,4c4cf8e1770fc34e21305704793850b81d21cef65c8abdc85bdbb0ae89661dc9,3.3
2013-01-01 to 2014-12-31 (two years),574,35,0.1,2.0,28.977492438223507,129,0.24031007751937986,-24.676030176322183,0.6843788531395849,fe1beb996a3619521502df35912a5dba7b71d1ac16aef1a40eaa0ec21527aa2d,3.8
2013-01-01 to 2014-12-31 (two years),575,35,0.1,2.5,54.29207485883359,81,0.2716049382716049,-16.0732573892415,1.2050164789996096,cd2cda4157dd0acff0efc07d6f3ac11fb9e8f3b824efdd814634cb6ae00e2f00,3.7
2013-01-01 to 2014-12-31 (two years),576,36,0.02,1.0,-25.816581093889603,108,0.19444444444444445,-53.556265259796575,-0.5540960583889095,e1c8c1843bb0a8f29470733ba270fe0d81559728c692aea644b17c104ac8d505,1.9
2013-01-01 to 2014-12-31 (two years),577,36,0.02,1.5,-20.84603621261693,94,0.19148936170212766,-44.46326433958747,-0.4399761888521264,2f74d436131aa7dd5a81c94167920ee375b602c70f3ae6378482081aaabab2d4,2.5
2013-01-01 to 2014-12-31 (two years),578,36,0.02,2.0,19.3641601624592,73,0.2465753424657534,-21.195838924453923,0.6177960797438978,28b9141221a4ef7a43623fc45b68fa76a0b6d3085827f99730e65e470bd2d49e,3.1
2013-01-01 to 2014-12-31 (two years),579,36,0.02,2.5,8.972518921728206,55,0.23636363636363636,-15.950915795299824,0.3714438930340929,24ff808c8d14fee8dbe126dc65a24bef60e860354da5f1e947e03670108519cc,3.0
2013-01-01 to 2014-12-31 (two years),580,36,0.04,1.0,-24.351786946069325,195,0.20512820512820512,-43.720699404830064,-0.23303720859509247,7abc07bbfbea4e9276987033091b2eb8099edc40db43c485709b35967bd8e82d,2.6
2013-01-01 to 2014-12-31 (two years),581,36,0.04,1.5,63.476636090777795,129,0.2558139534883721,-29.367704205683552,1.088762787444978,8e614799fe7b86ead0403fcf9061cd42f5b661d4ab2e43f79bbb6e0c3052a742,3.2
2013-01-01 to 2014-12-31 (two years),582,36,0.04,2.0,43.75723731567472,92,0.2608695652173913,-24.75053311193639,0.9491852487862185,b74d3ee9ff29c2a8238f02e4965a0eccdd30e96bc533ad5fc643e6798cc3f121,3.1
2013-01-01 to 2014-12-31 (two years),583,36,0.04,2.5,53.262387833102444,62,0.2903225806451613,-18.302640618944487,1.2674861636720716,23f4124be0f0c4538a1db5044a6d8fd2f9ca449a87c7512ffe6f9bb6e28c1ce0,3.0
2013-01-01 to 2014-12-31 (two years),584,36,0.06,1.0,9.136147166414569,226,0.23008849557522124,-46.65125063160106,0.37553599706156604,e2c684ab469781801fab6f342212dec96e226ad1b53a794357841a3577c7ebf7,2.9
2013-01-01 to 2014-12-31 (two years),585,36,0.06,1.5,-14.943095443057905,165,0.21212121212121213,-48.67425685292531,-0.08343063120618481,5a6e07681829a64763e31b2bdf81f32f485f06621b8fee4be2c955522a5c1140,3.3
2013-01-01 to 2014-12-31 (two years),586,36,0.06,2.0,-8.280373870841265,105,0.20952380952380953,-30.08574653460958,-0.018926500654856983,5052fb3b04a20ec3bb2031965085dc9243a67eee8861ad5275eef32a41ba8c24,3.6
2013-01-01 to 2014-12-31 (two years),587,36,0.06,2.5,6.237639977411762,79,0.22784810126582278,-21.568867680547378,0.29730399882007297,81e60ca6ee204897ccfa9be5fbe2ad23cd3d2201c3c741db09b5d22c22c3117f,3.7
2013-01-01 to 2014-12-31 (two years),588,36,0.1,1.0,-36.90966462491575,321,0.2118380062305296,-69.1903890964177,-0.2713644099363997,7e08786a0632e64eb89f09c53a41dbdc8bffcf46a2c454916a36972af4f684f9,3.3
2013-01-01 to 2014-12-31 (two years),589,36,0.1,1.5,0.3646836757341589,203,0.22167487684729065,-48.09317731045579,0.2470772953702257,5507f10ae9de9ebdc2d4fea80f776d79629269c7ec917f676cfd48ecab94a814,3.7
2013-01-01 to 2014-12-31 (two years),590,36,0.1,2.0,22.27942791846158,131,0.2366412213740458,-36.51670061672315,0.5783497735143563,6b9e98177baebf0db93f82b45afaae4196e9ebab1dbcd6887442b2df3db1509f,3.8
2013-01-01 to 2014-12-31 (two years),591,36,0.1,2.5,23.568667546111403,78,0.24358974358974358,-21.52832762652006,0.6687424104949966,d858e8ef5336f341f9c5bab487c1fc85451f407e01263329a6fd9e4e64ef0136,4.1
2013-01-01 to 2014-12-31 (two years),592,37,0.02,1.0,-23.867204728948753,112,0.19642857142857142,-42.19226134131075,-0.38973524929122333,cb3ca36259799af304c83278656a86a394a4f2d5c70fb9122f35c7fe037a010e,2.1
2013-01-01 to 2014-12-31 (two years),593,37,0.02,1.5,21.83810488611758,95,0.24210526315789474,-30.424452393981262,0.6162693414070182,d3a802eba56795a18907635f006f6602a7f06ca7feefa5c804239808cf1c411d,2.4
2013-01-01 to 2014-12-31 (two years),594,37,0.02,2.0,21.237826549136276,76,0.25,-19.412400788668126,0.6402309021460895,8274c5335509cb2fa7e87008cacad4332b0cbbdea3d84f0e189b4700896feebf,2.8
2013-01-01 to 2014-12-31 (two years),595,37,0.02,2.5,29.67803739053564,50,0.28,-20.01611814483928,0.8834856741044435,071ad81a1f336070909bf0c35a71b3c4723d8802c85b0a6d32f96d59e4c467cd,4.0
2013-01-01 to 2014-12-31 (two years),596,37,0.04,1.0,4.115672070313116,177,0.23728813559322035,-28.80000550112125,0.2857092918457289,c6ae49d706942e45e516180ea18e109415f4693215de9cd005094ee7469fee93,3.0
2013-01-01 to 2014-12-31 (two years),597,37,0.04,1.5,-14.848448578653036,132,0.21212121212121213,-44.60490167736092,-0.09925844336291921,31046c4364a36a4316f78a214981c299cade635fe76748440a65706635c3490d,3.4
2013-01-01 to 2014-12-31 (two years),598,37,0.04,2.0,36.371465846696196,86,0.26744186046511625,-20.638184908015745,0.8833078787964105,7f3b2969841436172a89a1159c8618ec47e1020eac903a7e9496ed41dd5dbd29,4.7
2013-01-01 to 2014-12-31 (two years),599,37,0.04,2.5,52.57197436562717,59,0.3050847457627119,-22.330382355622756,1.2447496111289933,45e107c5582051f7d3ecfcbd7bddad4c48e22d1e128863c91e2749ca26b5c300,4.6
2013-01-01 to 2014-12-31 (two years),600,37,0.06,1.0,-1.367575119494336,253,0.22529644268774704,-46.941353681517306,0.23686634745403065,da238648bd031d5f0fa21d8294a7c8f029dcebc5288c7bc5d0130f29fdf5e275,3.6
2013-01-01 to 2014-12-31 (two years),601,37,0.06,1.5,-1.3135490423968803,187,0.2192513368983957,-45.00233716374549,0.204988236292519,ff30894f1c5b482821153e37a139404aab3072ecc3614792ca4d75e07699884a,3.8
2013-01-01 to 2014-12-31 (two years),602,37,0.06,2.0,28.782825364952885,108,0.24074074074074073,-31.260899068344926,0.7164475188909515,11c5867dca60fa269854cf3e916d0a0d7c379172a871896edca496a9574f7750,3.7
2013-01-01 to 2014-12-31 (two years),603,37,0.06,2.5,18.88766443072272,71,0.2535211267605634,-25.750052234281583,0.6010762453932238,e44c93e161cca8009bb114e29c2d8c9c58a1776d852713d151277c771afbead0,3.8
2013-01-01 to 2014-12-31 (two years),604,37,0.1,1.0,-55.6157519813241,352,0.19602272727272727,-75.09538613060288,-0.7007359453049676,8919ea17f5d06862b8764ccedd991e5c7cc1dadde39119bddc22e1c2df6e99d4,3.1
2013-01-01 to 2014-12-31 (two years),605,37,0.1,1.5,-52.6197122888828,225,0.18222222222222223,-67.20264829486955,-0.9037553788703918,99f984e9e139f0d6bd2526e928e7a8a5cc391ed48bc647f939b818ce643ae7ef,3.5
2013-01-01 to 2014-12-31 (two years),606,37,0.1,2.0,35.018497683398245,128,0.2421875,-33.70064524773531,0.7893664921387206,e98acefe34caf59abf1c4996d0b8a70f10d659f717479990789b23d136e2efe6,3.9
2013-01-01 to 2014-12-31 (two years),607,37,0.1,2.5,34.259131310676395,74,0.25675675675675674,-25.731654996098975,0.8594364117450135,9c121374aeeeba54e5c5f381e176962c618f9e4f0e62865fb090caf2539e41d5,4.0
2013-01-01 to 2014-12-31 (two years),608,38,0.02,1.0,14.914141054955078,104,0.2403846153846154,-27.46606067727605,0.46597791795620774,d4387596e676ac2d58b24cc95bd32b6c6789330677751f754b0b8d97cf7b6bfc,1.8
2013-01-01 to 2014-12-31 (two years),609,38,0.02,1.5,3.129783424764951,85,0.2235294117647059,-33.73921403059802,0.21871858779931377,a8067c120bfdc1f4df3a79f9330daff3a4e53e8041da79f0670a8487c889ed65,2.5
2013-01-01 to 2014-12-31 (two years),610,38,0.02,2.0,43.0638114658996,65,0.27692307692307694,-18.388604502831086,1.1048689177960347,81e7be451e824e1edd663c4020c1c07eb8c3d1ecff15297c4520b89dad71f6de,3.2
2013-01-01 to 2014-12-31 (two years),611,38,0.02,2.5,45.48024084390947,46,0.30434782608695654,-15.307577423819518,1.3007228331977063,f200bb379c6b4d0db62c018736a5b787e5ea063d6d2b0bea80165401b19049da,3.1
2013-01-01 to 2014-12-31 (two years),612,38,0.04,1.0,-39.29561224116503,185,0.1945945945945946,-63.41820851723477,-0.6272637735299968,644ce8e727f0248ae8a96c907639579944b8c6e7f727d2754f79ee99581d47b9,2.1
2013-01-01 to 2014-12-31 (two years),613,38,0.04,1.5,-55.502009979903356,136,0.15441176470588236,-68.9584628243354,-1.3872842465834594,2878b462127382423cd240b3e842b5009317c2d2208fd3c39a9b5f3cd8b4ef48,2.9
2013-01-01 to 2014-12-31 (two years),614,38,0.04,2.0,-14.818560174934593,108,0.2037037037037037,-43.21238247597987,-0.167462387827705,6434c2b573ab73e145f2c2b71273463532b2bde47cdd1c77d7739b875ae68d4a,3.3
2013-01-01 to 2014-12-31 (two years),615,38,0.04,2.5,-16.702447693559858,84,0.19047619047619047,-41.89883465101458,-0.33703559694194724,7b67cb64a9080f41de29f833efbf076d790508671d844ad11c385804755f7b6d,3.4
2013-01-01 to 2014-12-31 (two years),616,38,0.06,1.0,8.66250059258042,261,0.2260536398467433,-45.57407059247325,0.37433139215489075,d22640e8416a9acc5cdde94cf0bedebd42126c7100fea6d1fd3389b00f13de44,2.7
2013-01-01 to 2014-12-31 (two years),617,38,0.06,1.5,14.84355795824741,169,0.23076923076923078,-37.11930242450323,0.4473471905637362,a817b9fac30dcfcdf5a19cc71e6939d24810c8eff5ce901d3e8a6e934db01869,3.2
2013-01-01 to 2014-12-31 (two years),618,38,0.06,2.0,22.416324109962087,96,0.23958333333333334,-19.16233224941285,0.6147945005998423,5d92fd8b3f68aae03508d1f69e02b16e0a88005c2086f6262c44faae25e0ea4f,3.6
2013-01-01 to 2014-12-31 (two years),619,38,0.06,2.5,41.547015422532304,75,0.26666666666666666,-16.26404041826882,1.0264869092790567,bfa74c62c7d69a7b6cf9e3d6a8c84157ecb0ddf6325eebb01947db3a83227082,3.6
2013-01-01 to 2014-12-31 (two years),620,38,0.1,1.0,-44.122245682600486,308,0.2077922077922078,-72.23772244355523,-0.48349138314771506,a43ed7f480ad7e5e0a92c93d2b70064b8bbf30fc0ae801a9e4bb7bc90f02a83a,3.2
2013-01-01 to 2014-12-31 (two years),621,38,0.1,1.5,-11.23367216339284,175,0.21714285714285714,-51.64992632023795,0.023813271145524683,0f0dda477b615ced03bc53dbd2ab21f58ed8fe63e2c020da7ba6f484ad566055,4.1
2013-01-01 to 2014-12-31 (two years),622,38,0.1,2.0,29.294880379007203,103,0.2524271844660194,-24.31586466691915,0.7098612941791991,e1492130421aa804684991405effcff6a8a639ee4e030f2ceb2cc02ec78468c6,3.9
2013-01-01 to 2014-12-31 (two years),623,38,0.1,2.5,18.617134175602718,80,0.25,-19.77357578601374,0.5708230722025284,1545e7fe97c422f34353f66bef58546b104345264a3e2a8327865204213d3ae5,3.8
2013-01-01 to 2014-12-31 (two years),624,39,0.02,1.0,-43.70991182264425,100,0.17,-44.14073023012064,-1.1871061418475182,ca95347ff9296fe3243a4dd531415222de14ce75e893012a439f10999a9cf729,1.9
2013-01-01 to 2014-12-31 (two years),625,39,0.02,1.5,-38.07438509466267,85,0.16470588235294117,-49.92926776503238,-0.96557312067478,fb18cf961dab7593732f950ffb82c3d5b3a98eed8af01c877457f13f89682b23,2.6
2013-01-01 to 2014-12-31 (two years),626,39,0.02,2.0,-15.515159011776591,62,0.1935483870967742,-28.62314827649034,-0.27732700322896137,bf6a70874640168e01a9d55ade637be9c303719810d21e790ef94b8cd8a97508,2.8
2013-01-01 to 2014-12-31 (two years),627,39,0.02,2.5,-15.22411137420789,53,0.18867924528301888,-24.035321457541304,-0.352558870348375,0b1fda6ba406f2ee8ee709964b1ef83ea2ac1e5319bb1b24880fe32cff9bb589,2.9
2013-01-01 to 2014-12-31 (two years),628,39,0.04,1.0,1.8650172849600084,196,0.22448979591836735,-44.57859664738905,0.2600692489911972,39410ad8812c633a9aa21e02fa013ae02d2aeaaff38ca35c76124ba448942618,2.6
2013-01-01 to 2014-12-31 (two years),629,39,0.04,1.5,-8.509153573594258,138,0.21739130434782608,-48.68455145501676,0.02510719154856593,37f61a2df40fd7c06b1c42fefe5005b36fecace9c73d5c84e31ba799a7418323,2.8
2013-01-01 to 2014-12-31 (two years),630,39,0.04,2.0,12.68562601650347,104,0.23076923076923078,-33.11359857885686,0.42487452396804576,60249580c23b55b7d288aba7c60ce71e180c0883200625d93e04627df6e7a8cb,3.2
2013-01-01 to 2014-12-31 (two years),631,39,0.04,2.5,4.652222902515827,82,0.21951219512195122,-21.456756475254167,0.25663050402837195,c28e760ab22543b9714e8ba66af641bebfd491e797929f65a9559655696936ec,3.4
2013-01-01 to 2014-12-31 (two years),632,39,0.06,1.0,-8.159251585288002,249,0.21686746987951808,-43.96976657788518,0.1261373197715835,20240cfdd1ed0561ee0505f68c90ab0a759e3e1f937edd382c687c2070d1cfc1,2.6
2013-01-01 to 2014-12-31 (two years),633,39,0.06,1.5,-33.88880521256756,176,0.19318181818181818,-51.86120259244387,-0.5112443043070074,f640448226be44d9521ac2b6ab3d19e8d2f4731098e11a929571cfc30d596ad7,3.0
2013-01-01 to 2014-12-31 (two years),634,39,0.06,2.0,9.052333484990047,125,0.224,-35.465504467254725,0.35376286948496677,543fa5c06a3febbe0c7e9bc8f0fb5c93ce660bd2d046018b4acb89f111b12752,3.3
2013-01-01 to 2014-12-31 (two years),635,39,0.06,2.5,0.5384977740468694,93,0.21505376344086022,-28.80414787954927,0.15446582201187917,29e3119b8bb59ca5d67001a062f30bffe99cc673208fd97d5bc7c1c6130200b4,3.6
2013-01-01 to 2014-12-31 (two years),636,39,0.1,1.0,-46.071404535018246,343,0.20408163265306123,-75.59094186658879,-0.40000881371929714,76b6380798fd01be849fcb13b18518bbdb02bf586550853bf55d90d7c8c14b83,3.1
2013-01-01 to 2014-12-31 (two years),637,39,0.1,1.5,-15.465895766087156,187,0.20855614973262032,-46.201995012548956,-0.05296481684499086,37f6dfb8da000d8020fa6176ff5c21f70026a6c0a581e77a4c7e282b7149c115,3.8
2013-01-01 to 2014-12-31 (two years),638,39,0.1,2.0,46.87326059150445,138,0.2536231884057971,-23.343660617479056,0.9438674355043027,c7ce9ab64ade992b8c536817652f8c60fda290be531934e4ccd342c42dadbf2c,3.5
2013-01-01 to 2014-12-31 (two years),639,39,0.1,2.5,4.36502732237216,82,0.23170731707317074,-23.54752731014511,0.2518668689557147,74febdb9a00fd273230df15ddd264b9157e30d4f085657dd8d766f96ca2655fa,4.2
2013-01-01 to 2014-12-31 (two years),640,40,0.02,1.0,-11.84571873324503,118,0.211864406779661,-35.864797603684636,-0.0742261151438738,cc372c7276508e04658a4a0366cc3e480185ec668cafdea76fb9b7d48a9e81d9,2.2
2013-01-01 to 2014-12-31 (two years),641,40,0.02,1.5,-3.248841804763604,100,0.22,-25.62278353675196,0.07609136726349693,e58092a6afe80d3a2f07c7d9c3c61996ec83d1bdf2e60e6439e25b67ae36e315,2.5
2013-01-01 to 2014-12-31 (two years),642,40,0.02,2.0,16.834702694786202,78,0.24358974358974358,-23.63403924280345,0.5466193597108527,6ad398517235eb70e865bd49d08d8a651c9b3e82ea9b72c7feec3c673dc4d041,2.8
2013-01-01 to 2014-12-31 (two years),643,40,0.02,2.5,2.175380188752714,63,0.2222222222222222,-20.635508854460326,0.18915202920113092,d607da27195c0af801c7ec6a6543c220148282f9f8c12f2be31c14e4eb181e2b,2.8
2013-01-01 to 2014-12-31 (two years),644,40,0.04,1.0,2.707265666638298,185,0.22702702702702704,-34.18715764275407,0.26714205484987047,2f8700c3d34135fd8ab17c467c3dc665c35bb734a81e11eaa793e95df71c4541,2.7
2013-01-01 to 2014-12-31 (two years),645,40,0.04,1.5,-25.754693429345267,137,0.19708029197080293,-47.9402256316154,-0.3894413307554283,d353f62ece1a721abe32ad2e310576b1e3ffb83bc3d4f1427422bd0d303685b5,2.8
2013-01-01 to 2014-12-31 (two years),646,40,0.04,2.0,15.160109966498728,103,0.23300970873786409,-23.32776629289517,0.4717665203389217,b872659ba40c91aa713de1fb0a45abc033f274acb2ac189312e750ca8638df12,3.2
2013-01-01 to 2014-12-31 (two years),647,40,0.04,2.5,5.878477326614042,75,0.22666666666666666,-23.368671046140875,0.28720928927245765,d5cd53bbd7e794a1e4d195b3b907cc006fc9a8bd1f1a61c9b79073c1d291c04b,3.5
2013-01-01 to 2014-12-31 (two years),648,40,0.06,1.0,-53.907464035030486,272,0.1948529411764706,-65.79423179669696,-0.8196596065311332,09f4b436f2f861a0a6a60d92ffa6bf895cf4b0a9a2a8155c1e4f9bb293314698,2.7
2013-01-01 to 2014-12-31 (two years),649,40,0.06,1.5,-42.98058319647432,180,0.18888888888888888,-54.0068812872491,-0.7398927591321555,9eae4ea075521107763d5aee3edb677523a16f7c5d581aea65e22e10f266a22a,3.5
2013-01-01 to 2014-12-31 (two years),650,40,0.06,2.0,19.76670696100087,110,0.23636363636363636,-24.99665904665802,0.5477017150554533,3111736e2e09775fa6d71a35a7d8b9b187c1ccb119150e3d12a3b3064227a36f,3.9
2013-01-01 to 2014-12-31 (two years),651,40,0.06,2.5,22.48384988789183,83,0.24096385542168675,-17.6209355643689,0.6659361949793613,cfb69590cd67b34cdbad26565aa4f1ec82b3c40a40071d41bbe100d58f5adc2e,3.5
2013-01-01 to 2014-12-31 (two years),652,40,0.1,1.0,-1.893961832509585,352,0.22443181818181818,-52.038006154096614,0.2839532981087536,d29dd5136a73b36d5305dde20bb0705adb0686e12a755b05b2e773bb07edbd12,3.0
2013-01-01 to 2014-12-31 (two years),653,40,0.1,1.5,-41.25774065353933,210,0.19523809523809524,-64.11448352880397,-0.579210038757292,376f6c4631df4fe002265b8f2b75f126914f30fbbcbbd51dfde5e33abca53c23,3.2
2013-01-01 to 2014-12-31 (two years),654,40,0.1,2.0,35.5929468051645,122,0.2459016393442623,-30.430433490729293,0.7901946329386766,4db987a575a32b30ca501fd849a7eeda642d8218ac9129c371c16dbd507d1197,3.6
2013-01-01 to 2014-12-31 (two years),655,40,0.1,2.5,29.077390039902422,80,0.25,-27.12327552188738,0.7744561744976337,176f21ade4571c5fcdab1b7ba1931b9fb8646ebcfafb11255f7e59b368e374be,4.6
2013-01-01 to 2014-12-31 (two years),656,41,0.02,1.0,-5.32677731063478,103,0.22330097087378642,-28.211747867289716,0.05109198393021983,44a8db230f6506c29350a60dbef5a269f7c47be36623907c86815b0f125cf377,2.5
2013-01-01 to 2014-12-31 (two years),657,41,0.02,1.5,-37.67716170226821,88,0.17045454545454544,-46.84646134646867,-0.8855635850373891,90cb997cfab282ef7e13eb17174f7bff73715be47c0f46bfee5d87ce61c28690,2.4
2013-01-01 to 2014-12-31 (two years),658,41,0.02,2.0,31.595236678268012,69,0.2608695652173913,-18.68498961469134,0.8607033836909924,b2416f615384e1a11497fd7344c2f1c10b441f12a33e0a7b0c70670a08bf95e9,3.3
2013-01-01 to 2014-12-31 (two years),659,41,0.02,2.5,69.18720816230615,52,0.3269230769230769,-13.601975557572421,1.6764882653855415,73288ffce45ea554623bbdf8c8088ab18fa3ae416ef4ee59075fb34e9d6b7975,3.9
2013-01-01 to 2014-12-31 (two years),660,41,0.04,1.0,43.60483855932708,203,0.2413793103448276,-57.079832990855415,0.7700359229984107,af268cf0717191eab01a738943257686ebad8ca2b82f6fac3abc07306b1902fc,3.4
2013-01-01 to 2014-12-31 (two years),661,41,0.04,1.5,-10.425207473875828,150,0.21333333333333335,-59.85847016130674,0.012384189637381478,020a6497d8121777adddf322b2eab0c29a6fbbf888c060bb5c8d461a2b59fa53,3.5
2013-01-01 to 2014-12-31 (two years),662,41,0.04,2.0,59.41070544861454,100,0.27,-28.55804243547764,1.1569898806854473,6f4a863ddfc38cef37dc3e687de4cc60a7107b24b8f3d9dc96e85d61637f2369,4.2
2013-01-01 to 2014-12-31 (two years),663,41,0.04,2.5,8.808998792059983,85,0.2235294117647059,-32.1763689632364,0.353957504311178,c1feecb91bdf320f87378c38789ed420194b66db0def013df28d638e649c55f9,4.3
2013-01-01 to 2014-12-31 (two years),664,41,0.06,1.0,119.82871915154224,255,0.25098039215686274,-30.89667559389937,1.3436445146474347,bc4f10bbc20cda59de907df5aa81ae93fbd1fd156fa17455e5dc2f854298698c,3.1
2013-01-01 to 2014-12-31 (two years),665,41,0.06,1.5,65.30721451447067,171,0.24561403508771928,-22.915541021786456,1.0688852238047142,d540770b64b4985cce38187bd4c81fc8d420fd5830d8aec8c7b0a34663b98cba,3.3
2013-01-01 to 2014-12-31 (two years),666,41,0.06,2.0,52.83723125936862,93,0.26881720430107525,-22.58003302526249,1.0664978215088488,6ff823b983b388d9656c352eaddd17a414534bf207e3fbf7f7ab6af0d5bef8cf,3.6
2013-01-01 to 2014-12-31 (two years),667,41,0.06,2.5,39.84640949952725,77,0.2597402597402597,-24.664352143572266,0.98832913294528,82e6b67986737390c751b83a995467d49382a2f0fc5484d42230a2b59a6d22a8,3.8
2013-01-01 to 2014-12-31 (two years),668,41,0.1,1.0,50.669938233338016,320,0.2375,-43.74700378409493,0.799601419418872,54e8895d49047c70485c88f7c397b65530702f699bdf9cf1b39234edd6446b15,3.4
2013-01-01 to 2014-12-31 (two years),669,41,0.1,1.5,49.6011852574255,193,0.24352331606217617,-27.749166282640893,0.8654446673454699,41c81a527b3c2c682f811233abcb558dc5a8ce76dfb77807450a6dee6207c725,3.7
2013-01-01 to 2014-12-31 (two years),670,41,0.1,2.0,35.5583876983426,133,0.24060150375939848,-25.234337107602123,0.7862420183789441,5a234bc9ac2c67a6e176cc3a266023cfc9b5b31a484ec50ea8743c964cf75878,3.7
2013-01-01 to 2014-12-31 (two years),671,41,0.1,2.5,24.726633414633824,87,0.2413793103448276,-22.917544561871573,0.683955277907362,b7a280f3fbe14a6e651d43c2ac9ff372280b705c8a955c289961c3db15d9e07c,3.7
2013-01-01 to 2014-12-31 (two years),672,42,0.02,1.0,-25.87380859243822,121,0.19834710743801653,-49.383425707342646,-0.4555091635467689,81cc45c68059768d1b4500fe5c21e414bd89f8d2ef2b39ea818462d03b2803ab,2.3
2013-01-01 to 2014-12-31 (two years),673,42,0.02,1.5,-1.9204273748499632,97,0.21649484536082475,-43.176415294581496,0.10361697831157979,327c552a180bcd297fa7aa818c31ec8d9d72996816dac2238b2b0bf1b24466d8,2.4
2013-01-01 to 2014-12-31 (two years),674,42,0.02,2.0,-6.426170821153954,81,0.20987654320987653,-36.698374505122466,-0.036592094077325575,52ff95b390153fa4cefa163d7f218c8e579795cb5f518eb9c0241ca1be11bb13,2.6
2013-01-01 to 2014-12-31 (two years),675,42,0.02,2.5,-12.691256120267175,66,0.19696969696969696,-30.699283488333784,-0.28432590808476743,ac8dbc32dba5481482f441c24aeed57ca5189e591b440ee9390f219bdb57468f,2.7
2013-01-01 to 2014-12-31 (two years),676,42,0.04,1.0,66.9007239148724,193,0.24352331606217617,-33.264423664033046,1.0159370971384143,b5baf2cf072efc74bd3c32c80efe724d9646b123e1dd54807b405a5786beec5c,2.4
2013-01-01 to 2014-12-31 (two years),677,42,0.04,1.5,9.643498481405791,136,0.22794117647058823,-40.92916421254391,0.3657433205314726,53a5d6de56e6de9d1360f1a304c3a7b99ef73b7cbed194d16a8ee3741ec7203c,2.4
2013-01-01 to 2014-12-31 (two years),678,42,0.04,2.0,107.11196742921818,88,0.3068181818181818,-21.586684355995743,1.736657877910324,0009f6bd23afdfb82b092b0032ffeb9e3eeef46303bc4587d55ab087769f8c73,3.3
2013-01-01 to 2014-12-31 (two years),679,42,0.04,2.5,54.678408586894136,75,0.28,-21.721234486838515,1.2504740056174266,13e0fc1ef17450626819ea28a78d9cdb24f28fbb1af71783560868856c83e5d3,3.8
2013-01-01 to 2014-12-31 (two years),680,42,0.06,1.0,43.31261505087283,268,0.23880597014925373,-42.89097691521741,0.7539023498338934,2ff24b1b52555716ef88fa07b202c27315b5b5fd167c5e6e3872487093f3afb3,3.2
2013-01-01 to 2014-12-31 (two years),681,42,0.06,1.5,18.626546869792282,180,0.22777777777777777,-37.267379002532074,0.4991379383568597,d6d65273a5477619a052e96c7ae46484e39d8b1dd649abe3ad53d57838bb7bd4,3.2
2013-01-01 to 2014-12-31 (two years),682,42,0.06,2.0,-9.876498429902188,132,0.21212121212121213,-28.6309701601839,-0.03461826432650839,f501a0150415b2b0d0026aea216f8e6ba6dbbd1ffc76aa22ae91375b9f9a88cf,3.2
2013-01-01 to 2014-12-31 (two years),683,42,0.06,2.5,13.397424677549772,85,0.23529411764705882,-25.749159174756052,0.45107434232649446,c2dae514a777a90cf0072c9131f70cbc3b369bc7779007484981c391ba147bea,3.7
2013-01-01 to 2014-12-31 (two years),684,42,0.1,1.0,48.62456671136937,323,0.23219814241486067,-58.03423059744502,0.778702017844535,aca32df8f80333c6a1d6591ea1047b3f9973b55ebe9434e5bf43c3971427c4a5,3.1
2013-01-01 to 2014-12-31 (two years),685,42,0.1,1.5,29.352026417607448,186,0.23118279569892472,-33.045420371544374,0.6358879778262858,e96d34c25b5efcc26989b89b15c18ecdfa1eb190c5b5e6e406b3c1096d0c41d9,3.3
2013-01-01 to 2014-12-31 (two years),686,42,0.1,2.0,60.09348940005028,111,0.26126126126126126,-19.515649374295474,1.1165774056522833,9623ab4b138bb18498d89c181095f5e27987026b7c1d913a98dbaca1a40afe07,3.7
2013-01-01 to 2014-12-31 (two years),687,42,0.1,2.5,54.43543652234813,80,0.275,-18.165268923811407,1.1995066835238408,aba4318fc59d8e57498d70e26b3bc3b26b24c0d8a32b442b08151b029c89e59c,4.1
2013-01-01 to 2014-12-31 (two years),688,43,0.02,1.0,-48.093152954369415,116,0.16379310344827586,-56.460381741546726,-1.380086643191731,c1055fe94a8afe407465c13b3ce015c3c2caf50c549d2a77801c6f5fdd4a28a4,2.5
2013-01-01 to 2014-12-31 (two years),689,43,0.02,1.5,-1.3895156030868827,96,0.21875,-49.732690369273016,0.11856567709262333,9755d8d9cfa916f490dcd74da52225d42f2626c696dc0ffa6c20e1600db530f8,2.2
2013-01-01 to 2014-12-31 (two years),690,43,0.02,2.0,-8.2838345530412,73,0.2054794520547945,-40.30409523236344,-0.0776313501225007,ee4eead558f62119c4f64ed174bb12deec19582db0d145fc3130ffd303b2cf7c,2.7
2013-01-01 to 2014-12-31 (two years),691,43,0.02,2.5,3.631976798612816,54,0.2222222222222222,-23.88643085352061,0.227653639618243,4e8453e43f51bf0c4a1e15386519c3cc545b73ae52ea3e14cd225f5d1ad81880,3.2
2013-01-01 to 2014-12-31 (two years),692,43,0.04,1.0,67.9892618743685,194,0.25773195876288657,-37.8957668164809,1.020409546170838,3bde85a358037dafef1e7d7f48440e174b5c54cd26c211ed322f882fdd66327c,2.7
2013-01-01 to 2014-12-31 (two years),693,43,0.04,1.5,-19.708178513400796,139,0.20863309352517986,-38.895716001861814,-0.21661101458242202,85e19e6e658444526da6cac8ffd6d322af4b5134ae7ce32b85d7cfb307b2bb15,3.5
2013-01-01 to 2014-12-31 (two years),694,43,0.04,2.0,53.5417370799898,83,0.27710843373493976,-18.795585343896025,1.1819714644255954,523a536fb0631ca9205d1a6e4090a3fc17aef8ea936433fd0fc6ba0f5ec416ec,3.1
2013-01-01 to 2014-12-31 (two years),695,43,0.04,2.5,22.772003636833823,63,0.25396825396825395,-23.929125654479144,0.6830913280362207,0ef74dfe531b5e9a4327a611ce2e9f87a18028483c7adaa3aca49cd0a6af1265,3.8
2013-01-01 to 2014-12-31 (two years),696,43,0.06,1.0,-36.24355670431299,264,0.20833333333333334,-56.51792463461448,-0.31804865544065725,ab92aa78a67adde9a80e36595de1c23ab1874327488f72f30f549a06dca6c914,2.8
2013-01-01 to 2014-12-31 (two years),697,43,0.06,1.5,32.00408300821739,158,0.24050632911392406,-32.74739113911812,0.6817728723798709,4dfa7049214e1dedeeaafdcbf564f0a91ac8d69a85ff424c1203c97c8bc9cc23,3.4
2013-01-01 to 2014-12-31 (two years),698,43,0.06,2.0,43.344580665502406,111,0.25225225225225223,-30.86099509161655,0.9413437496682443,d73b8270b294bb54b1f0c06da6c9d2458b1dd56df1335b8b54d6dcbfc1565633,3.7
2013-01-01 to 2014-12-31 (two years),699,43,0.06,2.5,34.32437303633736,77,0.2597402597402597,-20.74822032120839,0.8852624764624232,98e2f90d38ce6e40c21c4b8c9dd324797a93205f6b9aac09fa6307f912bee550,3.4
2013-01-01 to 2014-12-31 (two years),700,43,0.1,1.0,-1.1178062968568543,350,0.2257142857142857,-55.96458374407467,0.2816229449041294,dda0dc0a471d8a923bf3a05e59a469e1714a0c04e06f86e5b41e38021ee2cbbc,3.4
2013-01-01 to 2014-12-31 (two years),701,43,0.1,1.5,-16.913126600035103,217,0.2119815668202765,-57.58196441134502,-0.035289779997835155,62b2c9595e79c4fb375092fd8e99b11c775a254299aab89c8c3a2ce454c54ef2,3.5
2013-01-01 to 2014-12-31 (two years),702,43,0.1,2.0,54.089371512204266,126,0.25396825396825395,-21.528327626520127,1.0626762059884112,0e0d45ac718d32785073464065c12a7c7b9b9f3383512768e23bbb16a2682ef7,3.6
2013-01-01 to 2014-12-31 (two years),703,43,0.1,2.5,45.6257411804392,79,0.26582278481012656,-22.74777994706625,1.0639178124975985,506c7a273cef47fa9dbb07494e1e6283f245c9556551bd3e35af1907791db3f8,3.9
2013-01-01 to 2014-12-31 (two years),704,44,0.02,1.0,-7.076638026262233,103,0.21359223300970873,-41.77527784998693,-0.008708148944317685,50350108a0439d91a066596e609b88ab2bc8f39474139528f8e9ae494ffec1d0,2.5
2013-01-01 to 2014-12-31 (two years),705,44,0.02,1.5,49.80227053713629,87,0.27586206896551724,-29.474463424870002,1.1209355736395754,7f9b13de72b43f7a62696d75f8b8ad22ce01ddd49621c936a7057613b9d90e46,3.1
2013-01-01 to 2014-12-31 (two years),706,44,0.02,2.0,22.12199518370752,68,0.25,-26.965616002717784,0.6841700638286211,ceb38da7b7d7ab832bece9f433a949d9c211a4f1a34367206c0d92ece58f2674,2.6
2013-01-01 to 2014-12-31 (two years),707,44,0.02,2.5,33.96902343588623,50,0.28,-13.187446675328008,0.9976471616096773,b16441638948ada6ff65abc3e95225beca07ac3c2072fc4750e9ab6af804fd8f,3.2
2013-01-01 to 2014-12-31 (two years),708,44,0.04,1.0,-10.5968030018542,184,0.22282608695652173,-53.098042654458546,0.06490219569271748,600485459334dcbd3bb70c7549d98d61326d4729ff5cda2822d35e35d42446c7,2.3
2013-01-01 to 2014-12-31 (two years),709,44,0.04,1.5,14.937755418041174,137,0.23357664233576642,-30.991854719105916,0.45265995587102226,a0f8dd8f3054fd03677ad4720d7afa0446955e3bd825043e26010a6f43e18e82,2.9
2013-01-01 to 2014-12-31 (two years),710,44,0.04,2.0,30.953677590334944,104,0.25,-22.647813915520686,0.7523741261050793,768dfaab224014fd0f1f5144654da085c5d620c291cd3b3d51e775a84a8c3603,3.0
2013-01-01 to 2014-12-31 (two years),711,44,0.04,2.5,59.496314290010744,70,0.2857142857142857,-25.530841825842387,1.3431030072460253,7843a707303da0acc643fadbad79b0ad6423116666a159f37f6c4f4f01d89084,3.7
2013-01-01 to 2014-12-31 (two years),712,44,0.06,1.0,-50.377278903655665,257,0.19455252918287938,-54.1420311417969,-0.7578877927533688,52408b4a093b67867fa85cb46c1f170776f3e12d4569a3904aa6b4952e909079,2.7
2013-01-01 to 2014-12-31 (two years),713,44,0.06,1.5,-9.079841525400694,169,0.21301775147928995,-37.19421546945042,0.04156883897224408,db8b393a237eb198b464604292d0ebfbce96c45bb1fabfe82c845dbb5d50b359,2.9
2013-01-01 to 2014-12-31 (two years),714,44,0.06,2.0,28.51476901476205,104,0.25,-20.323582580954557,0.6966520041951493,5f965fdaf1a9601dbe5f5a907473321e64c3fa5ecdaa4a70eb8aeca79d8c4d8a,3.6
2013-01-01 to 2014-12-31 (two years),715,44,0.06,2.5,37.00991635688751,76,0.2631578947368421,-17.309888293583075,0.9252680443406813,5372028dad3a093163f60fb6cbf0c944bc48429f6fcb35bdb1f1140f3666e87e,3.4
2013-01-01 to 2014-12-31 (two years),716,44,0.1,1.0,-53.01483830385267,341,0.19648093841642228,-60.20007907460345,-0.6379110913907101,1785d1adbc667eb2e213438f1e992d3f450d91f26c503a8305c8f3fe8959fd96,2.8
2013-01-01 to 2014-12-31 (two years),717,44,0.1,1.5,-2.504917555771701,185,0.21621621621621623,-34.20971398520993,0.1916485112682576,8b288f68e820759e4462cc9d1a1fd2c1a0936b707eb1c85c7e7009137f19d6ab,3.9
2013-01-01 to 2014-12-31 (two years),718,44,0.1,2.0,0.5180674545227589,141,0.2198581560283688,-30.50834274864752,0.1930605300738117,234201ba3b987ac97e2c7d08aa07ac2f675fb4afccaed17ff26c9d365247cd53,3.6
2013-01-01 to 2014-12-31 (two years),719,44,0.1,2.5,10.076282095058842,93,0.22580645161290322,-29.032294648536038,0.38402720632450077,7af8ca3efd77efa2214e344b120894886a920c044d15e5793ca5d8c7149aa99b,4.8
2013-01-01 to 2014-12-31 (two years),720,45,0.02,1.0,-52.58315036428457,104,0.15384615384615385,-63.65224440345617,-1.3870708123554227,9365c96652a5d0245d09c413f1ac9d7dcec73279f2daa820f182c2d1334a2325,1.7
2013-01-01 to 2014-12-31 (two years),721,45,0.02,1.5,-14.944094519450848,91,0.2087912087912088,-41.79545468447727,-0.21113231068399627,882c9e0654a95ed081432cbb5a783c455535e2b3462b2ff0d80f1ae030fb6a80,3.4
2013-01-01 to 2014-12-31 (two years),722,45,0.02,2.0,4.079628169601958,75,0.22666666666666666,-30.392542421596357,0.24138512716047478,304b29ca42a3b47a771a3725c0bb3371393648cbb044bab75189fe2bd955f865,3.4
2013-01-01 to 2014-12-31 (two years),723,45,0.02,2.5,8.523830679289933,55,0.23636363636363636,-23.91278977126179,0.3588081852840126,ffe14e08aa7e2ba6cbd5394bd2fa54137c54408015ba70bbba72fdd1f3464f4e,4.2
2013-01-01 to 2014-12-31 (two years),724,45,0.04,1.0,-3.905864978250047,209,0.22009569377990432,-60.155606694953,0.17005695501492657,bbac3dd7dbbdf8d055da9c3ee27939c17da6f52e9bc14c2a8f0f7be8418a00ae,3.4
2013-01-01 to 2014-12-31 (two years),725,45,0.04,1.5,-8.873693905420646,151,0.2119205298013245,-48.7347662222665,0.021711853190243713,ca764620442b87a0334b627ba876af6e5cbf736a56d6acc227ab6520c35f79e7,3.6
2013-01-01 to 2014-12-31 (two years),726,45,0.04,2.0,1.8933758741548328,99,0.2222222222222222,-38.74888981949205,0.20834894834595483,5fae3bc3cc4c5e6fead3fe3cb4e3ec8a0361b8ff1909698e9c4c7798321b6420,3.5
2013-01-01 to 2014-12-31 (two years),727,45,0.04,2.5,32.06399742430384,69,0.2608695652173913,-22.29129851071733,0.8481092197632126,db2057fcd9276542ceeedaa4d30a163e86e5e5838cb5723b52f48c8bb64b31ee,3.3
2013-01-01 to 2014-12-31 (two years),728,45,0.06,1.0,-34.96848850709854,268,0.208955223880597,-64.52804417965154,-0.3382289438557074,1f3fdcdcdac1eba2a0d1ef30bd0325d8a05513ec9ffdd7fc14c07aa21eb9d33b,2.8
2013-01-01 to 2014-12-31 (two years),729,45,0.06,1.5,-35.828367335174924,171,0.19298245614035087,-57.904412572415985,-0.5363083090609244,632e05894257dcdf29ab90a75b6e6a012121e6b96e9f3237af314af234e172df,3.3
2013-01-01 to 2014-12-31 (two years),730,45,0.06,2.0,-8.524279009678102,130,0.2153846153846154,-28.25176252206887,-0.027910592456409086,62e760cecb1e2f4baa1fde670eb8a42dde9bcd559f454826c5e08e9b54108414,3.5
2013-01-01 to 2014-12-31 (two years),731,45,0.06,2.5,10.354101792663895,78,0.23076923076923078,-24.42850627070593,0.3989568141518989,5c628ceee0e147136acd98891d6fa21345911e1df89151a1724a7ed22ab64d42,3.9
2013-01-01 to 2014-12-31 (two years),732,45,0.1,1.0,-43.47568326167646,359,0.20334261838440112,-66.55829515148103,-0.4664726287346073,eaf1cb819daa16d8c5b9ae99ce9f11251a48a5cdb06270a464e3d3f4e786f6b1,3.2
2013-01-01 to 2014-12-31 (two years),733,45,0.1,1.5,-0.10401730197788767,221,0.22171945701357465,-36.34564818521956,0.22532112268390614,e9a7a640970e3bb50ab93f7b068fc7e3f1491aaa40553e62d8d2dfd766b667cc,3.6
2013-01-01 to 2014-12-31 (two years),734,45,0.1,2.0,12.931523399064988,110,0.22727272727272727,-24.555827555825882,0.42863694079722914,de8a01cd132dc54017b0e5e070533c53e00f7dc857c66ea4360f6c554e8d0b1d,3.6
2013-01-01 to 2014-12-31 (two years),735,45,0.1,2.5,29.745431313078463,80,0.25,-20.476395977397843,0.7996003338570463,f483f5ae283456580b6ef2b45e5157b815f3b754640fce2444bb6235a920eb19,3.5
2013-01-01 to 2014-12-31 (two years),736,46,0.02,1.0,71.90883428496372,102,0.28431372549019607,-27.170714292134424,1.2646699418607377,fc54ac3d8ef893031d9a4006b2b5e4a234f690cb8e73dffff90a36abf477c63b,1.8
2013-01-01 to 2014-12-31 (two years),737,46,0.02,1.5,85.14179299821785,92,0.29347826086956524,-21.081428014487248,1.5441676985750254,ec7605483de84d08f9b030044ddbcb23ba0e55389cd63a465fab69117963a6d7,2.5
2013-01-01 to 2014-12-31 (two years),738,46,0.02,2.0,119.2591870574803,71,0.3380281690140845,-20.11054614324599,2.2349372946817185,a140ff04f33b8304a303b4de6f34a0e2a784f3e173abcc5924fa9bc65ab2c713,2.8
2013-01-01 to 2014-12-31 (two years),739,46,0.02,2.5,31.940761224910258,55,0.2727272727272727,-22.219435426229538,0.9704263535738902,e3ee2288ef1ad7f79dabf81717869126ef532eebbc7f3b0b5a7348f8698c30fa,3.1
2013-01-01 to 2014-12-31 (two years),740,46,0.04,1.0,-56.24210806705118,182,0.17582417582417584,-69.82670198263932,-1.1578458077019007,30f4e710c859457aa916432a405689bbbd1174dfbeacbf04c274e78f0f47b018,2.4
2013-01-01 to 2014-12-31 (two years),741,46,0.04,1.5,4.723983910244335,131,0.22137404580152673,-33.42183898150115,0.2762023603083329,f80db74484b78f343196cd4c11cd9c796c6117cf614cb25240c89d376c2a464b,3.1
2013-01-01 to 2014-12-31 (two years),742,46,0.04,2.0,15.404590531111568,98,0.23469387755102042,-31.938653062876465,0.47813189293795405,73875bb1c916fbb4ecac608c70eea13b9fab57295866f4962877e692dbee4b5d,3.4
2013-01-01 to 2014-12-31 (two years),743,46,0.04,2.5,41.77929387204447,79,0.26582278481012656,-20.60368307651066,1.046053340194953,6bd18e92045ab1c573a322bc9db8af633bd9d218d0de0b017ca0fb79f59d3238,3.7
2013-01-01 to 2014-12-31 (two years),744,46,0.06,1.0,-1.2304000618110682,246,0.21951219512195122,-42.19269333854451,0.245296021225073,aa81ac1b0ad71999fb8cce82824606f12adba6c3366167d2569388da30c6e880,2.6
2013-01-01 to 2014-12-31 (two years),745,46,0.06,1.5,6.177097450905376,154,0.22077922077922077,-43.9919508611883,0.31235051008974635,997cf494e4c4a62b56aaf7f826595cf8d1b3466f0a821e1f77cf128f23c40cb7,3.3
2013-01-01 to 2014-12-31 (two years),746,46,0.06,2.0,1.7360506000332232,105,0.21904761904761905,-40.52113326486434,0.2140530844975212,1f7213e1c293c5504af530dc1253e854f2c51794d408a8e83c028145ef50ea76,3.6
2013-01-01 to 2014-12-31 (two years),747,46,0.06,2.5,39.091005878320246,76,0.2631578947368421,-25.734883861650005,0.9844421527487865,393a3892860da9603c4807f9fb84f613c44bd323cd5a32d17cbf5ea77abe32f7,3.9
2013-01-01 to 2014-12-31 (two years),748,46,0.1,1.0,-73.083675030337,355,0.18309859154929578,-84.13438901949996,-1.3463154690032928,96ad5749c164316bb8545fb24c6baa22157339b76d4c7e6ac519a1083fc32225,3.0
2013-01-01 to 2014-12-31 (two years),749,46,0.1,1.5,7.915562223578155,207,0.2222222222222222,-46.56462763978201,0.3438510974714748,f8f7258461765d87f089e0e3a6613e8969d9bec4c9fe1c53b2b61f3018369d79,3.6
2013-01-01 to 2014-12-31 (two years),750,46,0.1,2.0,77.24308755073783,123,0.2682926829268293,-22.57383005231981,1.3903071326057697,d029a67d80f601740038975ec1007f9034360cb0ad4050e7f4be939a7ad7c4c1,3.5
2013-01-01 to 2014-12-31 (two years),751,46,0.1,2.5,23.549099668382283,73,0.2465753424657534,-27.347363253463485,0.6882066605348186,ede0155e6d0f99b713ac5d3695235ab9532e302b9dde76bf08130f36b0273307,3.6
2013-01-01 to 2014-12-31 (two years),752,47,0.02,1.0,-38.170363654507874,116,0.1896551724137931,-47.92957136825038,-0.7738312901374232,ffcca04d8ba03222bdb090579a7e5da7b036c5e931d1a3b69087b7a9b2af6f7b,2.0
2013-01-01 to 2014-12-31 (two years),753,47,0.02,1.5,-22.802675083342333,100,0.2,-37.79658576903018,-0.38754840647975397,cf1db4888d643d54de4458a7d73eedcf81cfcc8f205c41c4653eb9636b8404fd,2.5
2013-01-01 to 2014-12-31 (two years),754,47,0.02,2.0,-12.006785215529623,78,0.20512820512820512,-37.07059366894661,-0.14536339714614935,361910fb48dbfc1f7637ecc5b5126d5cb4fc23539efcbb3529ff1c345081daa3,2.8
2013-01-01 to 2014-12-31 (two years),755,47,0.02,2.5,9.22528587633173,60,0.23333333333333334,-23.731079097393206,0.377231759243828,78bbdcc29b04dfe0d2b02b15190ecbf955d24cb709bd43726f063778840ae618,3.4
2013-01-01 to 2014-12-31 (two years),756,47,0.04,1.0,-60.108078460496564,196,0.17346938775510204,-70.39065513216956,-1.3878504144482164,0ef5c847da30f32f3b9dc6b8fbd2146a184ddc638371bfe42f284ca97951b619,2.3
2013-01-01 to 2014-12-31 (two years),757,47,0.04,1.5,-24.95657051123014,140,0.2,-52.14578150020199,-0.32117472934902197,ec41f6c137a5df07d9908beb9d1e0f8c5f257009ad1fd4c17825cd6313425c46,3.1
2013-01-01 to 2014-12-31 (two years),758,47,0.04,2.0,3.8407327843314354,103,0.22330097087378642,-35.26392396395328,0.24725517010056328,f71d6df3435c26ecd29b0e86a21bae4670e7f31aa538e6a20249c1e64880a37e,3.0
2013-01-01 to 2014-12-31 (two years),759,47,0.04,2.5,32.53074589344089,74,0.25675675675675674,-23.361903290759578,0.8632925326458514,0fdba9ca7e8819130f3d0a360e889cd70959c3ba41e0b358f244583b1cacc691,3.3
2013-01-01 to 2014-12-31 (two years),760,47,0.06,1.0,-63.823461874239904,255,0.18823529411764706,-72.21316892083476,-1.1912768522040778,71442a45efa5db6469da89b2bce6e4b35685bacf83be170572becd78c0483dff,2.8
2013-01-01 to 2014-12-31 (two years),761,47,0.06,1.5,-11.989613652856017,168,0.21428571428571427,-45.538991374072324,-0.005060347008938588,332b1f5b3c8f11cc9ba6b775ca1f41c9f122b191ff1822d84f1a1ee16e90d8c5,3.4
2013-01-01 to 2014-12-31 (two years),762,47,0.06,2.0,22.921327082546778,110,0.24545454545454545,-20.205155418471076,0.6138740771350659,49406773d1f686c3fa157b04a94427345cac43e635af292e7099b1ab3e74caa9,3.4
2013-01-01 to 2014-12-31 (two years),763,47,0.06,2.5,9.447629680707392,79,0.24050632911392406,-22.018738254051463,0.37161567835338183,d9a28cca09d38a7103e68e240f89e65186183bcbb00144b7c0d7771649e3a480,3.3
2013-01-01 to 2014-12-31 (two years),764,47,0.1,1.0,90.19033106169519,312,0.2467948717948718,-50.1315324332601,1.0830975756396393,b365ef90c21ea7e1f71d2d9fc1b214c2e822f1414660f5f9147741d378134be6,3.2
2013-01-01 to 2014-12-31 (two years),765,47,0.1,1.5,76.5894777026953,196,0.25,-33.51341523309523,1.129497126062719,b3d468c6db5bdcda1000773d85b7afbd11a6e0148cc2b2370d7db7fca039fb1f,3.7
2013-01-01 to 2014-12-31 (two years),766,47,0.1,2.0,69.14546913235534,108,0.26851851851851855,-19.92686492502035,1.2514846780499227,3efb7ad164f47f5dd592eb97cb9e46fdb1d29d4d2ad14f88a774febd2df56c4c,3.6
2013-01-01 to 2014-12-31 (two years),767,47,0.1,2.5,93.07592905991376,74,0.3108108108108108,-20.87847536096923,1.7781402285935854,a4c61002c6eef8cb6d4f5f792003d1844e310cf8ba2abb6d74fc24a8c4f9b6de,3.6
2013-01-01 to 2014-12-31 (two years),768,48,0.02,1.0,-17.328012888528992,120,0.20833333333333334,-46.235076045635616,-0.1856465552833842,ccb801e8bba77b83085cd737c1a093276fc44aba11fa297fc3ee7764c3d944a7,2.4
2013-01-01 to 2014-12-31 (two years),769,48,0.02,1.5,6.465473743408171,98,0.22448979591836735,-37.63767980970696,0.3023046148042437,842f331c1aaae98f7681493228d05e619975a4671c82e2bddbe0c09adb6962db,2.9
2013-01-01 to 2014-12-31 (two years),770,48,0.02,2.0,43.029038625889385,76,0.27631578947368424,-23.4960595191153,1.0058407273816679,50e7ba31d7332e5853f17968b2b3ee1e152043d838b08ec1e5b6a3ffb1b2d4c4,3.1
2013-01-01 to 2014-12-31 (two years),771,48,0.02,2.5,66.55719043599937,55,0.32727272727272727,-19.107664318749475,1.5093632672175787,941a86b309d20a70e754974cdc2580d92da2fc56365fd857cd52e285f644a4b2,3.6
2013-01-01 to 2014-12-31 (two years),772,48,0.04,1.0,-47.54880036428127,174,0.1839080459770115,-49.9675099939165,-0.9752525308705852,95c1d24bc0d6662a14b2b0bfa175a07ea9aaed064a6dcc1ae3db8ae0280ec38f,2.4
2013-01-01 to 2014-12-31 (two years),773,48,0.04,1.5,3.3119395079271605,131,0.22900763358778625,-40.008345700386464,0.24610961304686588,cd307834bc6e161eb63d7eb1a865e558a7064b9cae15ca4d9fcfc9bc2fb0cbba,3.0
2013-01-01 to 2014-12-31 (two years),774,48,0.04,2.0,60.79919734499859,91,0.27472527472527475,-28.634902089298876,1.2387026705162494,8db033fff8b9174f6f785d5a6c5c637388d97e6549ae58fada94996f3c367120,3.5
2013-01-01 to 2014-12-31 (two years),775,48,0.04,2.5,37.548981534269785,71,0.2676056338028169,-18.110215100832505,0.9551085120976855,1405b598a8e9d71897c3b40f38285c035e657d773d9c65cb0041827cd5710e59,3.4
2013-01-01 to 2014-12-31 (two years),776,48,0.06,1.0,-8.536288006373752,246,0.22764227642276422,-56.77711293384221,0.12785142942509556,6e6b23cbf6da167b98a0805fb1b839df9f0be1401dffba81aafbaef2469479bb,2.6
2013-01-01 to 2014-12-31 (two years),777,48,0.06,1.5,-13.509766708226215,177,0.20903954802259886,-41.40332674801325,-0.04266900555642213,325184a92fb14a9f449327e2b6d18b1221f4b8c2ed017a5fe746e91fb4c17116,3.1
2013-01-01 to 2014-12-31 (two years),778,48,0.06,2.0,49.21658209858138,103,0.2621359223300971,-19.230963190988536,0.9806401132549126,583942f54418a74dac294435ae02e33d1ada0e459ee5a2ccb25a52c1258dbb1c,3.2
2013-01-01 to 2014-12-31 (two years),779,48,0.06,2.5,8.830567104925722,70,0.22857142857142856,-25.68041957900674,0.3568128191912059,bef4498b34c07f91ccc32d0ea0b97938dd8194ff4d525f832b237441af760a11,3.6
2013-01-01 to 2014-12-31 (two years),780,48,0.1,1.0,31.613741847992614,352,0.23011363636363635,-37.43037265667465,0.6278265508272187,0fd6975b397cb6619d0d45223fe3492370498b64fe330448348394d0fe2f140e,3.1
2013-01-01 to 2014-12-31 (two years),781,48,0.1,1.5,42.09214542252892,217,0.2350230414746544,-38.279809988325454,0.776669617129652,f64ffe00fffb7b373e6f5221c3e8c367b82fa587a1a43cc24bbf4ba1871611eb,3.6
2013-01-01 to 2014-12-31 (two years),782,48,0.1,2.0,29.878929321483195,133,0.24060150375939848,-25.444642975195507,0.6998634201690861,3e14c0dee228db3b971033911d37f8645f5745468ea388acd913a7ec2f0b4e0d,4.0
2013-01-01 to 2014-12-31 (two years),783,48,0.1,2.5,44.61171453858661,84,0.2619047619047619,-20.628271467340454,1.0345535975519522,78148d8b45341261c696612da22c4659b6c5026cc6b73898fc33e2dc467c4062,4.5
2013-01-01 to 2014-12-31 (two years),784,49,0.02,1.0,-3.442804184668395,100,0.22,-30.553009945319577,0.08452445678818885,d3951cc28a7301acd50e451c3911e94b04de884756b20a06171d60cdd6c36819,2.8
2013-01-01 to 2014-12-31 (two years),785,49,0.02,1.5,6.4280696085378235,81,0.2345679012345679,-25.36614821194242,0.3003024557704454,cd8548ba5faee9b1735383db5f9789425d66d31af921c44640d4c4b48e8c8ed1,3.4
2013-01-01 to 2014-12-31 (two years),786,49,0.02,2.0,18.60071375302055,63,0.25396825396825395,-22.736137723083203,0.5956612140343538,b417b7801dfa8d340ff061f2f8758a12b5890d7bda97cf4f2ed00530767b4bdb,3.6
2013-01-01 to 2014-12-31 (two years),787,49,0.02,2.5,26.415776296280285,52,0.2692307692307692,-16.287161790495674,0.8403047042941622,44f0889f2736af35b5fe2e2a51e6792744769336aa25ba139dcf96f4b48824db,4.2
2013-01-01 to 2014-12-31 (two years),788,49,0.04,1.0,-49.04923576956011,175,0.18285714285714286,-63.35397564159317,-1.0258077650353266,0d4f3f21b83a4ab7720b38ff6a971f0e68d8a540ef3f0931f30098b51a09bfa0,3.3
2013-01-01 to 2014-12-31 (two years),789,49,0.04,1.5,24.83441339350468,125,0.24,-41.90226344295258,0.6150898018320594,77fd1da9842bd1e44790d47b399b944e46cb23247763f6b667aa5f7b11fc1365,3.4
2013-01-01 to 2014-12-31 (two years),790,49,0.04,2.0,-0.23599135016952374,91,0.21978021978021978,-39.439878025767136,0.15292881404060563,93fc1c854975cc87475941b99b5eea7b6dd40dbb59e543f9baa27a31fc06738a,3.5
2013-01-01 to 2014-12-31 (two years),791,49,0.04,2.5,21.244397833374844,68,0.25,-18.965531502414244,0.6581054772164958,c6faf4ea433dfbca85d2c035560a3f155136682f7c0c2558235dafb43a505e00,3.5
2013-01-01 to 2014-12-31 (two years),792,49,0.06,1.0,-48.0089163080393,264,0.20075757575757575,-51.03647081553546,-0.6345703620832864,f546a68f8f3847455124b6e0e18492ff851b5368fac23bc1d2e84c9439b8804f,2.6
2013-01-01 to 2014-12-31 (two years),793,49,0.06,1.5,-32.18942324685399,173,0.19653179190751446,-44.88770614748506,-0.442150036152368,0a322aa2d1a2cf9a08d20ee6f8ae34223eb5d7e84d1505718b379400a0aace61,3.2
2013-01-01 to 2014-12-31 (two years),794,49,0.06,2.0,59.05733857665073,110,0.2636363636363636,-25.056161107617303,1.1084912259747073,fc048bdf93c3ae32a21fb4b1c0ef529e59bc08e83875113db009f7c16a979291,3.6
2013-01-01 to 2014-12-31 (two years),795,49,0.06,2.5,47.77039519917226,79,0.26582278481012656,-23.02995461409958,1.099804679272411,bf32b0dfe08eaa7e6f03065f568c09ec411d774cd712d85661c19eedf736028f,3.9
2013-01-01 to 2014-12-31 (two years),796,49,0.1,1.0,-45.47014220282972,351,0.20797720797720798,-70.69080898683976,-0.41710897851462087,48e5002729dc8fd4b3eb778bc2bfb0d25e3fc15153243011f914df0dbed7c4b2,3.0
2013-01-01 to 2014-12-31 (two years),797,49,0.1,1.5,-15.905080923451557,221,0.2171945701357466,-53.17464047138258,-0.01724510008779638,7331cc1f0c8ed9060baacab69a5ab58b40b3ad56e1a78fba85362a690fad2ad6,3.4
2013-01-01 to 2014-12-31 (two years),798,49,0.1,2.0,-0.6909439686880807,141,0.2198581560283688,-33.54295540907326,0.17380914498432637,69a7de22735d0abc9ad95439e9aff60a4d8dcf1a5d10ad95890c4451d83d0fa9,3.5
2013-01-01 to 2014-12-31 (two years),799,49,0.1,2.5,6.4499299690459,79,0.22784810126582278,-24.66771180454551,0.3008632190801574,93488a96a7a8e0e1c55291ba207b0f3fefae6f6862967e60c9b7695c55489730,3.6
2013-01-01 to 2014-12-31 (two years),800,50,0.02,1.0,-42.621003448990784,127,0.18110236220472442,-54.231491059490736,-1.019222401535041,5005f21bfb5b411eff7b0d46f1e6fb4c2e43e0c66a107e49e8dd71d06a9de1b4,2.0
2013-01-01 to 2014-12-31 (two years),801,50,0.02,1.5,19.505816433115314,105,0.23809523809523808,-33.422922524395105,0.5524897965328807,216d33a5f1c6be1d6e5ae29ec483f9d9a97129839c42cdca08a56aa615f77e61,2.3
2013-01-01 to 2014-12-31 (two years),802,50,0.02,2.0,27.524471740925136,80,0.25,-30.95439960984796,0.7396920208324899,afd70a796b1456f6a82a90ffb30e3ded96f438f1a1253b57a41a17f74bccc8e9,3.2
2013-01-01 to 2014-12-31 (two years),803,50,0.02,2.5,20.625572856269947,60,0.25,-21.42046606764404,0.6461378277602062,b07baccaf5535dcd4c35fa8875351de3794642ecab2ba8a04c7e14e4f2a2f872,3.3
2013-01-01 to 2014-12-31 (two years),804,50,0.04,1.0,-54.19976278373404,188,0.18085106382978725,-70.21645096174332,-1.0523459206651251,c1371130dcf2cd2d32ba9387b26bd51ef457cc8724dfece4b3ab3d1ea1882802,2.6
2013-01-01 to 2014-12-31 (two years),805,50,0.04,1.5,-21.94545000009559,139,0.2014388489208633,-51.1779053435089,-0.27177224346578804,7c98eeed40604facb1ac8b86f159970b2b842efe72b66a38ac3c382724c60b33,2.7
2013-01-01 to 2014-12-31 (two years),806,50,0.04,2.0,19.747573797456347,101,0.2376237623762376,-27.767833111145457,0.563194725430686,5e6fbb07589cfc7adf42442ebc31bac03674396858fd7d7a58d6c29bf06be351,3.1
2013-01-01 to 2014-12-31 (two years),807,50,0.04,2.5,52.85144983659765,77,0.2727272727272727,-20.325729045822428,1.2661225652263814,7cb7b7ab90a3704cfcb20835b5691db92c12bcae0f1828540a823ce7797d708d,3.3
2013-01-01 to 2014-12-31 (two years),808,50,0.06,1.0,-67.71131038702892,265,0.1811320754716981,-74.10924507055583,-1.3397772051375905,3ee4d84967dd2979a62c3b6579575693707762570b6b518851b7c9e369a6fe80,2.5
2013-01-01 to 2014-12-31 (two years),809,50,0.06,1.5,-27.100704048875862,170,0.2,-55.16496924370657,-0.33281361985393276,a2d98856f1476768a317afa63e9756b862536c509dac6502a423262ad2c38a4b,3.1
2013-01-01 to 2014-12-31 (two years),810,50,0.06,2.0,14.45427706489708,126,0.23015873015873015,-32.24787799438049,0.45993959294422565,f76f4d8941856257a2a2e87cdaa4536086fa90869cabcab9dfbf51c62510eabe,3.1
2013-01-01 to 2014-12-31 (two years),811,50,0.06,2.5,12.933826467620364,95,0.23157894736842105,-25.67352187573688,0.4488840634160221,a1ffdea25a2fd7cb0d97ccc5d83893d4a119bc57efe660de6d4203d4a9c1c788,3.5
2013-01-01 to 2014-12-31 (two years),812,50,0.1,1.0,36.0153413842362,328,0.23170731707317074,-37.62877294044228,0.6737522254212154,201746203d08a86ce7827f119b3b1bd8dd7824ed4ca1297d376aad2ab79d572f,3.2
2013-01-01 to 2014-12-31 (two years),813,50,0.1,1.5,5.745933238846006,213,0.22065727699530516,-28.717178868583872,0.31313300715469183,5bd339d86164ef9493a2ebc5f963c2afb6af931ee050885b6a4a38a3273a0440,3.6
2013-01-01 to 2014-12-31 (two years),814,50,0.1,2.0,11.092702583791644,118,0.2288135593220339,-29.357479361913274,0.39365858973026047,94b2d409a887e08276f9bb09cc8b066c052333ae75bf16f52f6657ef33543ba9,3.7
2013-01-01 to 2014-12-31 (two years),815,50,0.1,2.5,39.40766919852441,79,0.26582278481012656,-17.199157628691765,0.9669632510176696,317c241454f78dcceee4574d2d0bdbf062d4f0a6902f130089e9c5223d39a4df,4.0
2013-01-01 to 2014-12-31 (two years),816,51,0.02,1.0,15.325722178777006,99,0.24242424242424243,-46.411114560960264,0.4752968093523567,de760468677d39a3c1436c231da2d8a18262c3d9e11ba1f9b1e5f34a3525f8b4,1.9
2013-01-01 to 2014-12-31 (two years),817,51,0.02,1.5,5.224023990076965,90,0.23333333333333334,-32.724938273305895,0.27174634545665416,e75967545130a14a65dd2edf421b34c6af212bee1bfc0c049366af43259e18c0,2.1
2013-01-01 to 2014-12-31 (two years),818,51,0.02,2.0,60.21885282428832,71,0.29577464788732394,-17.804718400846365,1.3170117208717675,1e4a820a9141c3fe8ef76e6e2d4d715b488878ec9f5bd988b220872e37a588a9,2.8
2013-01-01 to 2014-12-31 (two years),819,51,0.02,2.5,28.929372785240886,60,0.26666666666666666,-19.0387021329256,0.8299587276972085,fe8d52fe7be61b12477242b65bbdbc9cdaddb5c1176b7527d11b989bcfeb662d,2.8
2013-01-01 to 2014-12-31 (two years),820,51,0.04,1.0,-26.19496953778465,207,0.2028985507246377,-55.39522387379498,-0.2717955503703029,5cab361902cf499617df0a3c8ce103b9cffe65ca3fe1a182e95e6e7d43fd5501,2.6
2013-01-01 to 2014-12-31 (two years),821,51,0.04,1.5,25.770422098361422,146,0.2328767123287671,-29.602074594368734,0.6175448916935116,6a494fc7c02f9916407f2a1fac4a6de488286fb3b4cd10a39be15853ee11ecc9,2.9
2013-01-01 to 2014-12-31 (two years),822,51,0.04,2.0,-3.4514961008850173,108,0.21296296296296297,-36.02406589136049,0.0917558639709356,2f1d57696ab3c04edcffbf396a11efc950dc5886b187457b91c0673d2359509a,3.4
2013-01-01 to 2014-12-31 (two years),823,51,0.04,2.5,6.990416294680317,80,0.225,-27.86412516111022,0.3149497133597968,1e7c81ddd9a50ce69104af1e0ad01f9fe3e9f0b870619f7a8c2c2d03d3fd5f0f,3.5
2013-01-01 to 2014-12-31 (two years),824,51,0.06,1.0,-30.356680668678816,253,0.2015810276679842,-53.057171326625685,-0.26670397019618763,77fc64ce1994b2f4aa479323358ab7627bde59fe1171ad21307089416aeb5825,2.7
2013-01-01 to 2014-12-31 (two years),825,51,0.06,1.5,25.88424417293521,167,0.23353293413173654,-35.09770130851984,0.5980620694565751,0a715771ccf2dcf011a46e61925b76e61c1594fbf2d18093b1d91dcf2c19df4f,3.1
2013-01-01 to 2014-12-31 (two years),826,51,0.06,2.0,17.97361875581912,105,0.23809523809523808,-34.140531034699016,0.511726831049356,977c3634b8290c16dc8c7de37185aeff1902e428cb0e743aef75f34e1a533012,3.3
2013-01-01 to 2014-12-31 (two years),827,51,0.06,2.5,30.719617465799807,70,0.2571428571428571,-19.11805314229891,0.8312680494389184,af5ec13b3569338274e4b52cd51ceaf2baab36d7b6e8ea5a598b11306eb09a36,3.7
2013-01-01 to 2014-12-31 (two years),828,51,0.1,1.0,-43.07329148027896,380,0.20789473684210527,-66.84820675463669,-0.35465265516645794,408d814c3ed89e688fa2a72c2a5156c213a36ffc935047a28071a5eac615c58b,2.9
2013-01-01 to 2014-12-31 (two years),829,51,0.1,1.5,-32.201112019614634,221,0.19909502262443438,-67.62420681481822,-0.3517517597187605,29674150bf063ddef478a15868846bdbb963eaf2f62a8316ed67f847112c0320,3.8
2013-01-01 to 2014-12-31 (two years),830,51,0.1,2.0,10.955019151203995,139,0.2302158273381295,-29.24834432795548,0.3878291377655385,49c22ca4f99670ef58d7989678c83bba3987cd77c79c9fdb42e99a0bdd8ff79a,4.1
2013-01-01 to 2014-12-31 (two years),831,51,0.1,2.5,-3.7672523094218437,95,0.22105263157894736,-37.12299864203884,0.05884937921270423,f17316fd1ed01228cf28acce4a5277f3946b66f9baaf17e662c9d730714168ed,3.4
2013-01-01 to 2014-12-31 (two years),832,52,0.02,1.0,-23.074988778636985,112,0.20535714285714285,-34.06845850660919,-0.37471836866243635,c9d219f70c25db359e8a8889455f2d072eea2e61b15390422102112323c2ef4a,2.1
2013-01-01 to 2014-12-31 (two years),833,52,0.02,1.5,-33.753670350869704,102,0.17647058823529413,-51.878905287759956,-0.7587521505514655,4796a915d9631623ad2fcea7b44fd7a64badff123a800e6dff9145d93d056d23,2.8
2013-01-01 to 2014-12-31 (two years),834,52,0.02,2.0,-6.436149678974183,81,0.20987654320987653,-27.756251684627863,-0.03230674546881709,2ea1483b19d54ae20e07d20dd724e85548aeeefbfc0ccb8cc6b1b9585f39beb1,2.4
2013-01-01 to 2014-12-31 (two years),835,52,0.02,2.5,-16.587109673992543,64,0.1875,-32.71244036645064,-0.3776188701018278,60bcce625164635c74543c756414d9bbe072a22a37ea2cb5e666646f9fbe0ecb,3.1
2013-01-01 to 2014-12-31 (two years),836,52,0.04,1.0,-24.187416109525056,202,0.20297029702970298,-42.834354726028344,-0.25286118456959017,97677764c9a1169c7734615f1c0a7f9e1ce111a66c2f66b8da3c53e8a4e2c431,2.1
2013-01-01 to 2014-12-31 (two years),837,52,0.04,1.5,-9.596799580449737,148,0.20945945945945946,-45.47185276565021,0.004919826440275695,01fa7f342a28ae7d597f3be11dbb1dccb402d87ef86f4ca88bd53341d25fe31e,3.0
2013-01-01 to 2014-12-31 (two years),838,52,0.04,2.0,37.53424717728511,94,0.2553191489361702,-23.6345650495422,0.8684059833761978,8e39fc41306d19a004cf4f440d9f4f718f368a8a2e1b11463092929d436c5f4c,3.2
2013-01-01 to 2014-12-31 (two years),839,52,0.04,2.5,5.2087481863427,72,0.2222222222222222,-28.232954445433812,0.27117892357622586,48f929de5aa1058847ed0987ae3dc0b140a2249dea653d3c8f29d22aa974bf5a,3.6
2013-01-01 to 2014-12-31 (two years),840,52,0.06,1.0,-63.17986829802601,275,0.18545454545454546,-65.44838436934978,-1.1258534874561485,0a18317e90f900a6dc1517481f4dce5adb80dcf5eb383592011c5d8b4335deb4,2.6
2013-01-01 to 2014-12-31 (two years),841,52,0.06,1.5,-52.40419409436687,202,0.1782178217821782,-64.32241534757566,-1.057796109771541,a63eebe6212d65ac896666bffeead625d02bfc5082e922ebba408f6fe0e81e0d,3.1
2013-01-01 to 2014-12-31 (two years),842,52,0.06,2.0,-7.232511226309129,132,0.21212121212121213,-42.05940065352781,0.025667114942983297,69c888a295090acc76aa1f105fb3e1ab9ffd0f988b1596c70a1ca19a8fd22460,3.3
2013-01-01 to 2014-12-31 (two years),843,52,0.06,2.5,11.471672803548545,88,0.22727272727272727,-24.1378691949797,0.4162133879716121,3d35cd8e5960c172dff717adeb719c6e8c3168a803cafe7a9ef20ec97c665613,3.4
2013-01-01 to 2014-12-31 (two years),844,52,0.1,1.0,-44.890195796982425,352,0.20454545454545456,-69.28248224807876,-0.4431773660774672,c127952a3a9d0ea0d137dff1afc5fbafab2d177a3fabab11f0dc71d4aa8207cb,3.4
2013-01-01 to 2014-12-31 (two years),845,52,0.1,1.5,-3.8001990980570612,207,0.21739130434782608,-56.174994620520756,0.17494234470187564,ab9be4b47d6b23397854ecef745eecd58b8a610fed6e6eda218f0569fbae83ba,4.1
2013-01-01 to 2014-12-31 (two years),846,52,0.1,2.0,2.5560845968843022,136,0.22058823529411764,-28.346918655078703,0.22840623209342698,0490b461492976cd2ac31d911e3e33da552a1243a2b9c77528159c0a1d633d88,4.3
2013-01-01 to 2014-12-31 (two years),847,52,0.1,2.5,26.991470116367495,88,0.25,-30.148506854221214,0.7198436449602919,db777e874a9f66ff1a8fd913c15f7ae705d5f3a9f50d515cfc80b204a4ef62c2,4.7
2013-01-01 to 2014-12-31 (two years),848,53,0.02,1.0,57.823605553849625,111,0.2702702702702703,-23.78136983106328,1.0800806065095427,2f421ac3c2c7e1de18e4d0d74058bb1215bc9148df453b387cbacf6dc102872e,2.3
2013-01-01 to 2014-12-31 (two years),849,53,0.02,1.5,105.48990144494705,83,0.3132530120481928,-18.568160557718237,1.8293322155402858,2f52269524ba291f9547f2abde824b7c61579efddea9bdbf41ea66b35557e7f0,3.8
2013-01-01 to 2014-12-31 (two years),850,53,0.02,2.0,55.53059898107146,61,0.29508196721311475,-23.71105263569272,1.2715083853430087,32f5419416d85ca6ad7b2a54e89c69190f8d04d9e251a2365cf2d351a3291517,3.6
2013-01-01 to 2014-12-31 (two years),851,53,0.02,2.5,57.15490084624888,51,0.3137254901960784,-22.687264532329554,1.426816152310463,2e066d619892a0984e6a42376dcfadc1024be5a968c0d95f074af5cf136a7c41,4.3
2013-01-01 to 2014-12-31 (two years),852,53,0.04,1.0,-36.98105863348085,192,0.19270833333333334,-58.18642735377391,-0.5389243666821774,3bba320fe1f014ff819265decc107089d14afbd4eba504fed417fa141fa6b409,3.1
2013-01-01 to 2014-12-31 (two years),853,53,0.04,1.5,-36.23722710124815,141,0.18439716312056736,-46.301561648614985,-0.6467291102513861,ec7f1ebd3f646935535dfbeaa29df634529ecd13149bf74011fd177f8dbafaa4,3.4
2013-01-01 to 2014-12-31 (two years),854,53,0.04,2.0,29.193569760311828,96,0.25,-15.749989787817809,0.7365947162480347,5a2f8eca4f87ea7398f5514adeb1da310bfca41394223aa9de84377a88a4a845,3.6
2013-01-01 to 2014-12-31 (two years),855,53,0.04,2.5,28.674218139705665,70,0.2571428571428571,-21.438125628710715,0.8061242322340686,b02f631c8ef975f09764ce5a7613c184c2793d81b5303765ecb172793028332c,3.6
2013-01-01 to 2014-12-31 (two years),856,53,0.06,1.0,-47.46732197617871,251,0.1952191235059761,-58.32868107624118,-0.6627555628746633,5c0d41e9e07dc12b8906aeffbffb09d3c0cf1dc955b6e4fca7e997fffafa59ce,3.0
2013-01-01 to 2014-12-31 (two years),857,53,0.06,1.5,-27.467842141751685,174,0.20114942528735633,-41.348691183023014,-0.34097704769208886,8844bb7c1e18d3b90677e9bc7e01f8f999baa8df6e91d62304389076f2934d40,3.1
2013-01-01 to 2014-12-31 (two years),858,53,0.06,2.0,33.640253503463605,119,0.24369747899159663,-27.097826105806732,0.7826223604296692,7bf0b57ae7e1c33029016dec76c218a07308a763ebe7499eecf9086ab1dfa209,3.5
2013-01-01 to 2014-12-31 (two years),859,53,0.06,2.5,-15.814001078180407,77,0.19480519480519481,-28.920428551229126,-0.2973636705774688,5b007398298055ed510f30f7f6211db1cb92bb3f445770fce7499553295adabf,3.9
2013-01-01 to 2014-12-31 (two years),860,53,0.1,1.0,4.558639325004023,322,0.22981366459627328,-59.245631158175,0.345757711967121,9c2e8742c6fce531f10c209219cffac9ce77c873c9e1d7e027aafec19a33234a,3.1
2013-01-01 to 2014-12-31 (two years),861,53,0.1,1.5,-29.270806304054858,202,0.20297029702970298,-46.9643500250439,-0.34598291900936795,3befce02a5aea85c2bc4339c5317a99ad36ef7d2b38a01bb50368a026b755918,3.6
2013-01-01 to 2014-12-31 (two years),862,53,0.1,2.0,65.60368980783686,118,0.2627118644067797,-25.200815326191382,1.1427166281468089,652f4a44461f7dcce3110b572d211436300d34fd40868da4e9cd6f2c5bcad09f,3.5
2013-01-01 to 2014-12-31 (two years),863,53,0.1,2.5,23.781664385140434,74,0.24324324324324326,-21.779587817668432,0.6770611758656254,cc8d16d13b387c0f0cc0aa5b4800f2a3999b5372e46b6ecbc0028c027c18f309,4.2
2013-01-01 to 2014-12-31 (two years),864,54,0.02,1.0,-33.46196600495993,122,0.1885245901639344,-45.49198046975227,-0.6411448054441176,4ceb74b6a669ef3b9ef5a8014f8fadec67fe1847a00c13b095cb961ee5a2a050,2.1
2013-01-01 to 2014-12-31 (two years),865,54,0.02,1.5,-10.782764323095265,98,0.20408163265306123,-33.34253449219943,-0.07853475993673144,8983a828ce7615d2af6a38c897c6854b6f2adc2eb5d9d2c51dee28678d4a80f2,2.3
2013-01-01 to 2014-12-31 (two years),866,54,0.02,2.0,20.735055727472897,69,0.2463768115942029,-21.867553276979578,0.6168897603168442,d81f5e9a9497b5fee0d1a039896ad959460ad75940872bb79328874f596024a1,2.9
2013-01-01 to 2014-12-31 (two years),867,54,0.02,2.5,27.87779577792116,57,0.2631578947368421,-19.166952760795354,0.8204414119758479,7838612ad722746e4f060a8ca5a8093f7fea57adbc26bd1637492b27c27ef1c6,3.3
2013-01-01 to 2014-12-31 (two years),868,54,0.04,1.0,-79.73963812425166,189,0.14285714285714285,-80.91947278238374,-2.6289903088023747,1a7a347572cafa2b927c4bc1ac49cc1b46f0b00f017d6274104325f35f2b543d,2.4
2013-01-01 to 2014-12-31 (two years),869,54,0.04,1.5,-60.0629002709533,153,0.16339869281045752,-68.9378710585505,-1.6175543071804155,4c37df94bc53ac60fed3d922aadbafddd28ec7ca865c8be4b8ddd63fb5ba6215,2.6
2013-01-01 to 2014-12-31 (two years),870,54,0.04,2.0,-16.982986163741042,103,0.20388349514563106,-35.757155027105746,-0.30761486238453506,f81d49cb252cd164f26d38ad21d07ed7da2892b2b1d4006ad08c6e4b0f2f3118,3.3
2013-01-01 to 2014-12-31 (two years),871,54,0.04,2.5,-0.2745461149438889,69,0.21739130434782608,-25.6903473246597,0.11582648169100337,59bd3408d0ecdd8442b5f8ee456d58379feead37b21652555e73be76d4ae6670,3.5
2013-01-01 to 2014-12-31 (two years),872,54,0.06,1.0,-35.22605054012547,260,0.2076923076923077,-56.62627641587028,-0.3623375092484001,02249b08933491db9676237ccf2f15b905e535914adbd134aad42dee9aac4b17,2.7
2013-01-01 to 2014-12-31 (two years),873,54,0.06,1.5,-6.739203644913768,181,0.2154696132596685,-46.40563157313571,0.09439925445422062,bcbd8d7f322cb31f89a59a4ecfa2a17e390ac0ffdfb359a88554afe7552682bd,3.5
2013-01-01 to 2014-12-31 (two years),874,54,0.06,2.0,51.212026028101945,113,0.25663716814159293,-18.95778470195496,1.0337501563757898,1016498260cf5ccff1cee21b4b35f340b8e8e10485e0f9836c76b4768fed9068,3.6
2013-01-01 to 2014-12-31 (two years),875,54,0.06,2.5,37.008171793391284,77,0.2597402597402597,-24.554533926635337,0.9266533393635952,bd1c1dac4bfc6f3ea8181775ed53d697c87ec32d3c5eeb1ce94ae01811b05339,3.8
2013-01-01 to 2014-12-31 (two years),876,54,0.1,1.0,-41.562739683506464,338,0.20710059171597633,-68.00768419592536,-0.3797783199892535,1a14d85aedac4bdfa922c6bef288bdb4dc5e126b4dd732dffed3bef9f995afca,2.9
2013-01-01 to 2014-12-31 (two years),877,54,0.1,1.5,-23.385294442149636,186,0.20430107526881722,-49.97345738519504,-0.20316147807555118,d21f17ddaa6879d4a796df7a975482eb42ac0f8c084b6cc0949dbb9b67f0a35b,3.5
2013-01-01 to 2014-12-31 (two years),878,54,0.1,2.0,12.737878013299447,132,0.22727272727272727,-29.988185762730225,0.4199246348281345,c0556f48759f46c03609b08cafd123ee28c42c756763af0ccb42928def398adb,3.7
2013-01-01 to 2014-12-31 (two years),879,54,0.1,2.5,1.707021630268969,96,0.21875,-23.000657070452768,0.188907790618027,2f55b69cc5b90b39dae3a0b504defc28550d7696bf0726d7c5fe657197cab8c8,3.5
2013-01-01 to 2014-12-31 (two years),880,55,0.02,1.0,96.08007783462872,90,0.3,-14.753472169723326,1.6305800867457303,664d05002388d16169373c91ce76436b9af95765e952faa96c4b7180eedacfc8,2.2
2013-01-01 to 2014-12-31 (two years),881,55,0.02,1.5,28.55021011659676,79,0.25316455696202533,-21.765164186679176,0.7388660809165006,681d2b8926bb3265fcdf3bf321bb38b8cf29742df1974c8f87cfbe831d76c544,2.4
2013-01-01 to 2014-12-31 (two years),882,55,0.02,2.0,38.38724388424997,67,0.26865671641791045,-21.194632320157,1.0324152424301642,2f8bbd23b29c46496e137adc99c8d736860bf54c9954ff4a2da4018eb47bd64c,2.8
2013-01-01 to 2014-12-31 (two years),883,55,0.02,2.5,57.85854990795221,51,0.3137254901960784,-15.511825003614021,1.5418899391532879,b073326342c7ff30bfc708b77b2f60d4488fb8ca8fd982ef735ea5de562a4769,2.8
2013-01-01 to 2014-12-31 (two years),884,55,0.04,1.0,74.365465513223,195,0.2512820512820513,-34.38719659791252,1.0525364071085899,c408ac258d6c97141274c13e8d592e0e107effbb36d05cf6c0fe567bb3297154,2.7
2013-01-01 to 2014-12-31 (two years),885,55,0.04,1.5,66.41624886795894,144,0.2569444444444444,-22.421004332378523,1.1354396342539497,b00f1ad9f2dcfa7731646de72abb04cf68d10c5c8fdf03b6a4f3b29d4ffc9478,2.8
2013-01-01 to 2014-12-31 (two years),886,55,0.04,2.0,94.37139099779802,106,0.2830188679245283,-24.606795201966502,1.668631610256698,cd7142827ba47dd8dd251eeca01952311ad1dd88933b593a282fc6d946bfdcec,3.4
2013-01-01 to 2014-12-31 (two years),887,55,0.04,2.5,44.244211706987976,74,0.2702702702702703,-23.941623572129565,1.0817239871915947,73a757dd8d2018f895d15455cf67eacd6a96a7068f1edc454166b7de6a4a8cd4,3.4
2013-01-01 to 2014-12-31 (two years),888,55,0.06,1.0,-49.34627117309692,276,0.1956521739130435,-66.35099181177421,-0.6185368111092895,301a803abe5d333fd5ee5dda6690fc59fac8b66453ef40142d6202dbff2d266a,2.9
2013-01-01 to 2014-12-31 (two years),889,55,0.06,1.5,-4.103111255455194,184,0.21195652173913043,-41.55724247461261,0.14723255378874014,78b2a529107fe6d66e2654059398ce46e757628343ffe9fcdad57a2b296f3599,3.4
2013-01-01 to 2014-12-31 (two years),890,55,0.06,2.0,31.330178093092876,111,0.24324324324324326,-30.01550941718314,0.7469739865946332,d33a02599dc56c916102ab0cbf53f76f87930c1027815df5ad06d887094054d5,3.5
2013-01-01 to 2014-12-31 (two years),891,55,0.06,2.5,44.71349253723107,89,0.25842696629213485,-23.627987198034962,1.0326466011285103,299dc5a19493a628afc168ee846f84e4f1accbac54d23703e03a38371daa46db,3.8
2013-01-01 to 2014-12-31 (two years),892,55,0.1,1.0,-43.1041132119684,341,0.20234604105571846,-65.59943658795868,-0.42399713971819414,a0ad8901f18f47852244219f409066a7950c150eee7b59c56e7db4be26c9f0c8,3.0
2013-01-01 to 2014-12-31 (two years),893,55,0.1,1.5,-25.47479421088241,211,0.2037914691943128,-52.25343510599384,-0.22811290913282642,5420ddf9debc7e0c49fcf039b32b11566d123a7057a68ff9eae51d51e1763263,3.8
2013-01-01 to 2014-12-31 (two years),894,55,0.1,2.0,10.907780383162006,115,0.22608695652173913,-33.503294249294555,0.3890839483574462,d3cb3fe6b3ea766887136b318a593df18643da18eb2ea8000816913276b0e248,3.5
2013-01-01 to 2014-12-31 (two years),895,55,0.1,2.5,3.2302591210116507,82,0.21951219512195122,-32.29267637810354,0.2265238241932911,14949194d112b2553b222a49682a766cc887b76546b4ea0e92ba8c8468f61273,3.6
2013-01-01 to 2014-12-31 (two years),896,56,0.02,1.0,-10.814067518785613,111,0.21621621621621623,-34.679389743373925,-0.0770083352404374,6c8581131545085d35b2cd65b5e5c1166e0a46ec60651b345f86cfa4e78c980f,2.2
2013-01-01 to 2014-12-31 (two years),897,56,0.02,1.5,8.679413212908173,95,0.23157894736842105,-21.33200861341422,0.3481229318204969,afa09c4b14322567f97eca265e58db2fe85385db7a5c973dd48eca7b06fbb24e,2.4
2013-01-01 to 2014-12-31 (two years),898,56,0.02,2.0,47.683569130772185,77,0.2727272727272727,-20.59239863491825,1.1236767403533554,23475d0eeee5126c59f3a0329c6a54940d2389d96cf605d1dd5cda295f4cf3ac,2.8
2013-01-01 to 2014-12-31 (two years),899,56,0.02,2.5,8.132257837379823,57,0.22807017543859648,-19.93535475233704,0.3515950680179075,94ffdf5c45346d26cb68ed76741f1eca12f83d1c83d9e41deb416eb7b1b266b4,3.3
2013-01-01 to 2014-12-31 (two years),900,56,0.04,1.0,-16.70542468155632,181,0.2154696132596685,-56.821059390363324,-0.038258008794265067,965f84e2f3d3990dae997369af08db915c212d0cebf49b229358063203bf7526,2.2
2013-01-01 to 2014-12-31 (two years),901,56,0.04,1.5,4.84380863619957,135,0.2222222222222222,-45.71171261171239,0.2877995109840093,9a3f260ea657b475ae0bfa667586b0eabac63c4f9e0e03c160c8acc07aaad54c,3.1
2013-01-01 to 2014-12-31 (two years),902,56,0.04,2.0,42.42437130586901,99,0.25252525252525254,-21.720345770927686,0.9556308884863774,4978f1d03ca1f7111a32608242e5f06d62da741b89d191e365ae1db261900619,3.2
2013-01-01 to 2014-12-31 (two years),903,56,0.04,2.5,39.60939105491816,67,0.26865671641791045,-20.868573246546084,0.9745921531510849,b671d0f4c1966b0a0fa35d25fcbc5317e3001a1f4d34efd043f0398e51b424c7,3.6
2013-01-01 to 2014-12-31 (two years),904,56,0.06,1.0,30.124984939573434,260,0.23461538461538461,-54.55217738309231,0.6211822360466377,e146799fbdbc661826c3e165af8e6d2a6ea3c11de60ad641b989f8db80aa0c0b,3.0
2013-01-01 to 2014-12-31 (two years),905,56,0.06,1.5,17.30571174336216,180,0.22777777777777777,-40.73750339464274,0.4828693615090884,0670f9cad624a334ae67578a2e577bfe94733502071db081bc91cab145818164,3.5
2013-01-01 to 2014-12-31 (two years),906,56,0.06,2.0,48.878925195321486,119,0.25210084033613445,-24.749731910997387,0.9814368501630755,24c619ea59c8b8b6d52c4fafe0d241d4a075c41bc798f5c1ea94f63be11dc64c,3.8
2013-01-01 to 2014-12-31 (two years),907,56,0.06,2.5,33.053302586484975,84,0.25,-25.15343241088891,0.8074978731727337,8c0500d553fb7abaff13f23d9bd983385aeee375d85a60060486d60ac0a6670d,3.7
2013-01-01 to 2014-12-31 (two years),908,56,0.1,1.0,-71.80629749190436,348,0.1867816091954023,-74.90145166910227,-1.2583094357594586,9ead3cfde53fac638d07b5d31b9caae06f82ff804395ba58cc85dc748db8cb03,3.2
2013-01-01 to 2014-12-31 (two years),909,56,0.1,1.5,-43.258307005282916,241,0.1950207468879668,-53.86792198485234,-0.6364302668163212,10a3344b61605f2002db3af8e3bbf8ce1c66060c1b5d9ea17fd03d9996a1d7d0,3.9
2013-01-01 to 2014-12-31 (two years),910,56,0.1,2.0,-0.6031631327158459,147,0.21768707482993196,-29.531193747398056,0.18199367115474327,3080a8b4c729fce06422916605875f0a4edee41c80a906ec814ef6e0df49af3b,4.2
2013-01-01 to 2014-12-31 (two years),911,56,0.1,2.5,43.98838016274758,93,0.25806451612903225,-26.998503583304444,1.0110087166590547,81d56fd93fe2bd11f43f6bc6e258b6aa5b622f07c9baefd32a9a52c231a26b06,4.3
2013-01-01 to 2014-12-31 (two years),912,57,0.02,1.0,-9.049175042637888,115,0.21739130434782608,-34.04856164792165,-0.011678543856738149,d1ca27eb0869145516f50a7ae8b5ef784c27bb7a5c394c859c9165389aade50e,2.8
2013-01-01 to 2014-12-31 (two years),913,57,0.02,1.5,-18.788238411368884,96,0.19791666666666666,-30.65763369650938,-0.29774658444882696,4e84a1b2d9618f0c2315b40aad752e27c79aab9688577044444d7d35c329ac53,3.0
2013-01-01 to 2014-12-31 (two years),914,57,0.02,2.0,-21.436817186236382,76,0.18421052631578946,-25.772558111964237,-0.4373693990559437,e79e425d0f1aa68c0b59e67eedbc2f189869cacf873f13cccb6def27639f6539,3.5
2013-01-01 to 2014-12-31 (two years),915,57,0.02,2.5,39.04483579822798,58,0.27586206896551724,-24.128720384278445,1.0275502350431598,9002217f50876e5b9f50e1ce2f59603412b382f666c508ed489caa629e937c33,4.0
2013-01-01 to 2014-12-31 (two years),916,57,0.04,1.0,37.92668157071026,190,0.24210526315789474,-35.75099456226262,0.7158820874715945,a0a8a3f0dc609fcb628b8934956a4455eae02af6d20bdeba000df138f378760d,3.0
2013-01-01 to 2014-12-31 (two years),917,57,0.04,1.5,21.60546616435706,153,0.23529411764705882,-35.84072359605997,0.5544443699753453,a7303cf85e5c35af973bc708b3db41e5d8f3fac300bf0b7ce3d732bae1c2cda6,3.3
2013-01-01 to 2014-12-31 (two years),918,57,0.04,2.0,52.764630493235224,107,0.2616822429906542,-21.4062467146788,1.0880351073015162,e51909afabbe2499bbf33b526382229c8dc483db672644fdf9e178031bd7d009,3.8
2013-01-01 to 2014-12-31 (two years),919,57,0.04,2.5,12.971245530729233,81,0.2345679012345679,-19.0471878392369,0.45817515085014054,ebf88ca8ddaf0b97005631b50ae076fcd9e93c72e8efe64f6ba8001d6df83a32,3.8
2013-01-01 to 2014-12-31 (two years),920,57,0.06,1.0,21.883929238019455,240,0.22916666666666666,-53.382309814452434,0.5309711391825733,a95448499862411557c4a708874c56c106bd2da21a23ae8c92a1d986c430b6fa,3.1
2013-01-01 to 2014-12-31 (two years),921,57,0.06,1.5,3.5126494559468027,165,0.21818181818181817,-45.79553372025323,0.26508275742899023,3cb6b9f8517d7f8a633d8ab2e455c104d354c811768552efd2ddb97e178b510c,3.3
2013-01-01 to 2014-12-31 (two years),922,57,0.06,2.0,11.874349443054292,112,0.23214285714285715,-33.14283066822805,0.4073909328167311,ddad34a836d8b145a0c2f1258357005cf1d0d0c89bd825f9e6e9c0b794848296,3.5
2013-01-01 to 2014-12-31 (two years),923,57,0.06,2.5,33.49739675678678,87,0.25287356321839083,-22.28353604825497,0.8537157467408026,5fe9056101c891acf8cdf3df5901bcbe103ace73d1dc901e2289e9b767c816da,3.7
2013-01-01 to 2014-12-31 (two years),924,57,0.1,1.0,-8.836582494583872,333,0.2222222222222222,-62.1719909522529,0.1708137908050607,9835fc162d881be166acf14729ad60a34637cb90295baa2ea841cc34e331e34d,3.0
2013-01-01 to 2014-12-31 (two years),925,57,0.1,1.5,23.596932749161915,206,0.23300970873786409,-48.44534741228058,0.5617313620379725,63e5b13814bc03b802aa7c83418dcefa010eb1887e774305a3c6fcbfc9f2fa47,3.4
2013-01-01 to 2014-12-31 (two years),926,57,0.1,2.0,122.91719446734626,121,0.2892561983471074,-26.467176176732632,1.8255616610293697,b0f2f50b50a9157a85f90b2c79ce950cc18ee2255e42b0e59caa16a8adfb59f9,3.6
2013-01-01 to 2014-12-31 (two years),927,57,0.1,2.5,52.87129709053787,90,0.26666666666666666,-18.916703639878165,1.2372833074637872,fbdf51569c138989a42302c6bf7b10e2fe170abf57bb30e8b29720c505b56444,3.6
2013-01-01 to 2014-12-31 (two years),928,58,0.02,1.0,-33.53679979560483,118,0.19491525423728814,-40.56536576009569,-0.7102565579344956,66b39726a848f839e04ead9358308b0ea7d142b4d9326be3ea9c6202e11b570a,1.8
2013-01-01 to 2014-12-31 (two years),929,58,0.02,1.5,-10.295012045299465,100,0.21,-26.821999559685295,-0.0762155677326029,2e673e92759a15b16da14c53d429835227985e78715ed766d7e6e69fbeb42611,2.6
2013-01-01 to 2014-12-31 (two years),930,58,0.02,2.0,42.424889020365654,78,0.2692307692307692,-21.332092264023895,1.0306307025376455,fd09564134005f1a0b0a4112fabe4f4fa4a1ccdca86da4819269b568e7f6f346,2.9
2013-01-01 to 2014-12-31 (two years),931,58,0.02,2.5,33.00662936218032,55,0.2727272727272727,-20.170403723689045,0.9156813688852264,cbbd6f7f7023ca65f0c5726b3573b4c090464d88ab9476f3a529cde094c3f4bd,2.8
2013-01-01 to 2014-12-31 (two years),932,58,0.04,1.0,30.73842130411426,202,0.2376237623762376,-43.80595143061985,0.6478667832889606,cb884708638682e0f7780eb38d0780967091f7b1d1916d0ae5cb014a346df841,2.5
2013-01-01 to 2014-12-31 (two years),933,58,0.04,1.5,86.27754914039498,131,0.26717557251908397,-32.80349772285906,1.3617196063766814,b2c43ea62c2e274517f8a79cdfbcf862df775090f90ee6b694903aa2d72a9ef9,3.3
2013-01-01 to 2014-12-31 (two years),934,58,0.04,2.0,85.77937196281086,85,0.29411764705882354,-19.92456047754737,1.6085273042079529,a08de1fad62a8136b6ad88d70c2befb96dbdc853144573c12cab5fc8caf1e868,3.8
2013-01-01 to 2014-12-31 (two years),935,58,0.04,2.5,53.3251797770593,72,0.2777777777777778,-22.13276550581019,1.2135857925347047,45b95a20c9d1bb807308d8275d4e16370d102ab33689b7709305e543805a54cd,3.9
2013-01-01 to 2014-12-31 (two years),936,58,0.06,1.0,-82.6924379890395,271,0.15867158671586715,-85.3178475399407,-2.2123956916615453,000f8ead08061e2c237e9a193c42151166141360086fdf2e1d90ad5e925ac8c6,2.9
2013-01-01 to 2014-12-31 (two years),937,58,0.06,1.5,-46.260458482100944,179,0.18435754189944134,-54.13885462320799,-0.8353545884705317,ea46a40f3cce0bc7b6367050ea9c50189e0a722c8428fe7e5aebc257655333e2,3.5
2013-01-01 to 2014-12-31 (two years),938,58,0.06,2.0,64.39664290538622,104,0.2692307692307692,-20.17911149956271,1.2386033151228644,796b176badbd1b6bb3e36024f6f6137f5a81494250add9b4d8707891bcb21a42,3.9
2013-01-01 to 2014-12-31 (two years),939,58,0.06,2.5,29.888407516657363,75,0.25333333333333335,-16.35413482722583,0.7706267589087805,d7ad8529eaefea54e81001694d4e636668dde76f11c872de052015d31552a2b6,3.4
2013-01-01 to 2014-12-31 (two years),940,58,0.1,1.0,4.547216812261666,315,0.22857142857142856,-48.32119881869094,0.34531049451992274,3ac1fd6bc10232ac8a4c7161310a368d57b77a5d322f461ddf80b5ed6aeda21a,3.0
2013-01-01 to 2014-12-31 (two years),941,58,0.1,1.5,62.62098744804918,222,0.24324324324324326,-44.649346711510816,0.9714156268992282,035de0efac05a2a4cf193a7d9b15264ab5a9edf170e4ae13c41cb80bbb1b35fa,3.6
2013-01-01 to 2014-12-31 (two years),942,58,0.1,2.0,54.59076495653035,131,0.25190839694656486,-25.61735986490111,1.0582715134799208,e454d253717488ad22e10eadc23b1c07117dce92254f634071a1f2d21d802a37,3.7
2013-01-01 to 2014-12-31 (two years),943,58,0.1,2.5,76.00652922480843,71,0.29577464788732394,-18.238259803584643,1.5617500904152006,8456c4071829451b381c9d5bf8a965074c2cf02154e0019cd7436ec6a046780b,3.5
2013-01-01 to 2014-12-31 (two years),944,59,0.02,1.0,2.8807936495406996,106,0.22641509433962265,-48.038109086094124,0.22444869183248628,13f96e59d0c254b75de5daad3ef1e4d04ebe53cdd6af5f2119c4f9d3ed5c0f3b,2.2
2013-01-01 to 2014-12-31 (two years),945,59,0.02,1.5,15.195049954557764,85,0.23529411764705882,-30.68644720862951,0.4800609550481216,d34a129f96070a325ed410b3e2ec54fd128d38007a65a05dd074dbba1bce0bf7,2.4
2013-01-01 to 2014-12-31 (two years),946,59,0.02,2.0,3.775736375581979,76,0.2236842105263158,-36.008157312074,0.2331979742003609,7a48027ebd78ad557569dad1a373a6d06720f92e3c494b4a7edc0b9417bfe88a,2.3
2013-01-01 to 2014-12-31 (two years),947,59,0.02,2.5,21.890873482608967,55,0.2545454545454545,-20.158940153569837,0.7514888456833687,38666cf26642042fcb2608dc9cfa4b481cd3d00941a6e2d4b288468bc8d59901,2.6
2013-01-01 to 2014-12-31 (two years),948,59,0.04,1.0,-36.56109192433929,203,0.20689655172413793,-58.12632846387808,-0.4382005567779803,4be2bfc09ecf73b7199ca5fde483fbc2576928603f8a3630d717a30134092856,2.5
2013-01-01 to 2014-12-31 (two years),949,59,0.04,1.5,-8.638027144165626,160,0.21875,-38.004980168543725,0.03874120675496095,aecb1b9990f30b608651babae58147e4bc3449b78f4d305cc0e0ea3986a6030c,2.8
2013-01-01 to 2014-12-31 (two years),950,59,0.04,2.0,40.610450521562605,116,0.25,-36.98492423752686,0.883782557826561,08d6474ff9e450f9e686bf6e394c53eb48c70a4eb247d8717a34c5c8bf733363,3.7
2013-01-01 to 2014-12-31 (two years),951,59,0.04,2.5,23.58721184682484,82,0.24390243902439024,-30.172055753777737,0.6595222030326917,02e94389c9840e78e5827b916ada443fc869ebc57bb24ece647bccfc3f38f658,3.7
2013-01-01 to 2014-12-31 (two years),952,59,0.06,1.0,41.86966404232375,246,0.23983739837398374,-38.11539814402513,0.7367342626605348,d2f5af4775bdcb91ded41bec89cd960a597011ce55dc78bf4086b33a50c93b6b,3.0
2013-01-01 to 2014-12-31 (two years),953,59,0.06,1.5,-15.502429527874565,168,0.21428571428571427,-50.302036061225564,-0.07235716989764888,23c9dbdbcfe92309479c2d23beb3091f2a415e6a33b04518b7c16a80d7e3794a,3.4
2013-01-01 to 2014-12-31 (two years),954,59,0.06,2.0,25.035123517989994,111,0.24324324324324326,-29.82405140396707,0.6373898707347969,660382e2a5559ca1565479d506b633ee1ec4dd67b0ff1dd29bcc82d81927396a,3.9
2013-01-01 to 2014-12-31 (two years),955,59,0.06,2.5,25.520886318517206,72,0.25,-23.399405084345236,0.7100115499055869,385ff540698818226b814f6583fa7b2107159fed28bb54ca7e4861453e4eb66d,3.5
2013-01-01 to 2014-12-31 (two years),956,59,0.1,1.0,-30.032428807703088,364,0.21153846153846154,-69.34048397551538,-0.14004634669281557,4ad2590573e2ce4f49e90c72798eebc436f87241f0a1c6ca4902c0199106df61,3.2
2013-01-01 to 2014-12-31 (two years),957,59,0.1,1.5,17.15472503676828,222,0.22522522522522523,-45.89592235492861,0.4785039325093113,dd60b6d5c934339db0a79838d935c068e6f9a1356eb53f96ac1b315b223f6621,3.3
2013-01-01 to 2014-12-31 (two years),958,59,0.1,2.0,93.58246607101765,134,0.26865671641791045,-24.396710949715484,1.4950558205779543,36bfbbb01488fc789d53d1756a08b23b8699ae24e949ca4fb21af6693fd0a4b3,4.1
2013-01-01 to 2014-12-31 (two years),959,59,0.1,2.5,21.954463799052736,88,0.23863636363636365,-23.612951824861472,0.6230664454542749,3b94fcfabe0b439a51921fd21cd5bda2dc8a319a119829bb9085e46dc0c13fc7,3.6
2013-01-01 to 2014-12-31 (two years),960,60,0.02,1.0,-8.457046721940793,126,0.21428571428571427,-43.79744747925296,-0.021664665175867185,e9f298a04fc74251608f4cfc1505c9c2880c0966cccd513f640d8ee21ae1df53,2.0
2013-01-01 to 2014-12-31 (two years),961,60,0.02,1.5,-21.395949377790348,105,0.2,-26.892990504402224,-0.4082686418266031,88ecfb2fcfbba5a0db51dbb0722ed29ebb75d2904cdc8ef7c729081ca17d2a0e,2.3
2013-01-01 to 2014-12-31 (two years),962,60,0.02,2.0,19.27106575162785,79,0.24050632911392406,-25.4545192235502,0.598393877923358,5b52864128293f8e17c8a041f4941a695ceb7278629cf3b4941f4e9582e97e81,2.8
2013-01-01 to 2014-12-31 (two years),963,60,0.02,2.5,7.14670035974942,61,0.22950819672131148,-30.20413299426187,0.3232240673452328,7415b22b084323fde2406f73a6c3aaa57ebfb08546772fb8b81614b0e37673de,3.1
2013-01-01 to 2014-12-31 (two years),964,60,0.04,1.0,-45.254134067616484,202,0.19306930693069307,-64.944148195611,-0.726463622249261,d342b2b81d2caa880675ef1269104e5fbfb5a79802bb5484bad28f1dfa4c8148,2.5
2013-01-01 to 2014-12-31 (two years),965,60,0.04,1.5,-13.737461957955757,153,0.20915032679738563,-44.66059766587814,-0.08928098803024997,3b1390f7cb309923befbc884afeddeb31c5d777d7b8afc488e9437f502643bb0,2.7
2013-01-01 to 2014-12-31 (two years),966,60,0.04,2.0,-3.3992203463418442,107,0.21495327102803738,-30.46507306557279,0.07929466831059018,ee9bd4dc997920116d2a1465883756c09b8f2ef6e5804a8990bd2e65c580260e,3.4
2013-01-01 to 2014-12-31 (two years),967,60,0.04,2.5,9.150660630958265,83,0.2289156626506024,-19.941443521323354,0.3658142811468483,6b8233421f3541f3a8380da99334dc08e213f8758b20bf895d378b98d0f7e6e7,3.5
2013-01-01 to 2014-12-31 (two years),968,60,0.06,1.0,-48.06398518387956,249,0.20080321285140562,-60.537558618876666,-0.6857889738940425,275220c001d31c4388fa970fa8618e1a36ba75da13dd976db0636301cfc8810e,2.9
2013-01-01 to 2014-12-31 (two years),969,60,0.06,1.5,32.39836439063591,163,0.2392638036809816,-33.76776758930553,0.6903194900933128,565dda7c1b290868c0025f84e048986ca59a8b3a93ce3adb0d50b15f4e71fa86,3.4
2013-01-01 to 2014-12-31 (two years),970,60,0.06,2.0,56.96822773940522,111,0.26126126126126126,-24.43489500612246,1.0786453933499014,109347f4ac86606699c8232e69d721a7ba92d8f1048eea83de64a371626a16c8,3.8
2013-01-01 to 2014-12-31 (two years),971,60,0.06,2.5,43.183148844595586,83,0.26506024096385544,-19.861944723411828,1.0385652907297644,45ffd0b7fddfde9977dee93d6cd7dad534ebc8162c361331ee3d6d626183e6be,3.5
2013-01-01 to 2014-12-31 (two years),972,60,0.1,1.0,-62.82156113637431,364,0.20054945054945056,-73.19767609658486,-0.8536374823120177,fdd859a3974eea6200b1097b18f75446886f51ab171624ecaf0f46ad2df9b7d5,2.9
2013-01-01 to 2014-12-31 (two years),973,60,0.1,1.5,-39.30991314294655,220,0.19545454545454546,-54.92972684914071,-0.5181454503279024,5e01b6ee4a5721de1a529665dbfdd2878164920420fb3f699f13faf87393ef87,4.4
2013-01-01 to 2014-12-31 (two years),974,60,0.1,2.0,-16.40963075435835,144,0.20833333333333334,-42.96883058010683,-0.15749713661638573,bb1c11cea9010660d88fa240a903e212368bdffecde989bdf0ba84d08fdc8596,4.7
2013-01-01 to 2014-12-31 (two years),975,60,0.1,2.5,7.870425049974675,84,0.2261904761904762,-20.860072073917557,0.3324695103710042,77e8dfb9f9e9e3c224fe1c5fb499fdf2d5531b7feead3af72a81200811213733,4.4
2013-01-01 to 2014-12-31 (two years),976,61,0.02,1.0,37.696329585163504,104,0.25961538461538464,-28.35318140912998,0.8051853216980499,59c9f317ed9824b6774c59adf8c12fee05669cd6736f3c500351bcc89a09f9dd,3.2
2013-01-01 to 2014-12-31 (two years),977,61,0.02,1.5,43.915250161004685,91,0.26373626373626374,-31.321833619632965,0.9561434796176628,e4eb39eb386991442861c2ab80594b55a67b193f6e4d18b28bfc60f884625b72,3.4
2013-01-01 to 2014-12-31 (two years),978,61,0.02,2.0,83.84497858472872,75,0.30666666666666664,-26.12165914205248,1.6995884894436137,e538a91be79ef89140ab56da8bf294b053a2d84abacae8b7e3ac18c264e60aa2,3.8
2013-01-01 to 2014-12-31 (two years),979,61,0.02,2.5,58.75698648204111,56,0.30357142857142855,-17.336539784644632,1.4192333026236281,7d1c27e79b9ac81c731f56ed6734f5e0b5f8436faccbc0f09b995131519d699d,3.6
2013-01-01 to 2014-12-31 (two years),980,61,0.04,1.0,-47.094982286303846,188,0.19148936170212766,-66.07090350666833,-0.8051394840938324,c9d611d94d61a48afe06076b1b7ab152604ddcb561ca93f56a17e8b723a69283,2.7
2013-01-01 to 2014-12-31 (two years),981,61,0.04,1.5,-13.807921351805136,132,0.21212121212121213,-35.82066201982905,-0.10961432883061131,07cad0b9792e86ab0c4bef606eb7cada9083aeffd5f92d29e8235a3f3a0def7b,2.9
2013-01-01 to 2014-12-31 (two years),982,61,0.04,2.0,2.928086566449938,98,0.22448979591836735,-35.553847141538654,0.22247058321405547,e2bdf68d392764cf40344de10744eea4a49fccd876fcdc552f3e68bf1839d8ba,3.5
2013-01-01 to 2014-12-31 (two years),983,61,0.04,2.5,9.313748915142748,73,0.2328767123287671,-35.15692487617768,0.3701403133262352,4e7b2455e735aaa0fc387d1f0bfc2139c7b1ebb049c5cf7b52db159c00edd245,3.8
2013-01-01 to 2014-12-31 (two years),984,61,0.06,1.0,-54.1481853576529,262,0.19083969465648856,-57.44308505722871,-0.8463657241953898,12e6d0cd4f4f1a38f948d6ed0be45d406ad4b9b566ada5d647da4a17b525ccc9,2.7
2013-01-01 to 2014-12-31 (two years),985,61,0.06,1.5,-17.311915731468435,182,0.2087912087912088,-45.25427729320251,-0.09443263210152375,900f4f033c3039bfedb262514e7cb1131767dfb5f2972b1eeeade941817caf02,2.8
2013-01-01 to 2014-12-31 (two years),986,61,0.06,2.0,30.694674620876057,123,0.24390243902439024,-26.293283445506255,0.7174620984271525,37b9ce366c7960a7beec29a1e3a42f644ea96bf768ea2554963553ef7bd4fb58,3.7
2013-01-01 to 2014-12-31 (two years),987,61,0.06,2.5,39.811964655867556,81,0.25925925925925924,-24.99774306496455,0.9776492478207702,9046c294bea65b3c3ad9e58c42a815d66809a3dc97a02ea051084c50654aeb2c,4.1
2013-01-01 to 2014-12-31 (two years),988,61,0.1,1.0,-26.981853662703287,347,0.21613832853025935,-52.36428057410918,-0.06683331511549376,1c9c78fb7671b9f93e07c0d27c46f9482db957e7cb7df586acf113ec7f02f775,3.2
2013-01-01 to 2014-12-31 (two years),989,61,0.1,1.5,-1.8038167191944354,218,0.22018348623853212,-36.473913168532505,0.21442203909922283,97f27351c57e1039c0227433542ceb4f83aff7cb8326875e3efa7c4a4797c095,3.1
2013-01-01 to 2014-12-31 (two years),990,61,0.1,2.0,82.74531072273102,116,0.27586206896551724,-22.538997980621367,1.3454465610521762,0945ac9f630e4d71db06d59c8217c5ec3773364159b962c2081afccc327da199,3.9
2013-01-01 to 2014-12-31 (two years),991,61,0.1,2.5,50.276569070468646,77,0.2727272727272727,-16.62522378698501,1.1843558796279856,6091496498dc9f8a6386a34cc26f1e505b2c883c5bcec3013c853369fb13e19c,3.8
2013-01-01 to 2014-12-31 (two years),992,62,0.02,1.0,2.967589790479636,102,0.23529411764705882,-42.75513091876451,0.22807921458892266,65a7715de6bfc1e7cad20b3ca7f88d2b11f1d62e2167608dc30f6ca999f43ac1,1.6
2013-01-01 to 2014-12-31 (two years),993,62,0.02,1.5,-11.123009494006157,95,0.21052631578947367,-37.16879406581685,-0.11745347207360293,71eb82c1eb649201200a3ef426becbd77564f9f6278f08998afe9bdebded2e54,2.4
2013-01-01 to 2014-12-31 (two years),994,62,0.02,2.0,4.244765534078579,71,0.22535211267605634,-36.65595226744771,0.24674541011003384,b029b1a4c23b8019f10ade997b79235e4c5f2dc6ae6877e204c02e6c32b15ce8,3.0
2013-01-01 to 2014-12-31 (two years),995,62,0.02,2.5,-1.016652611767845,65,0.2153846153846154,-31.498844556809857,0.10742337585702283,d6cf0411cd98c8b86a151295e310837bf24da3a9a52a17605ee87b8cb5972e28,3.2
2013-01-01 to 2014-12-31 (two years),996,62,0.04,1.0,56.20362154850527,194,0.24742268041237114,-35.84652251831775,0.9136443516131785,eb778bd0921f4c9fe4827af59db2532e71b279c6235bf8ac6499f0b14657f9d9,2.7
2013-01-01 to 2014-12-31 (two years),997,62,0.04,1.5,37.21115320615012,144,0.24305555555555555,-28.170982817209435,0.7748180853564065,73b39919a4e44667e75b0ddbd01493c74b91a9d869b6aa80f431d8e2f3d2fe86,3.2
2013-01-01 to 2014-12-31 (two years),998,62,0.04,2.0,12.050024261862399,104,0.23076923076923078,-24.204967258652932,0.4144316502109477,9bdd8a2bdb2bcf4c21427cf38b4520019b0c8c69d55eb3f4e2625627620fca0b,3.5
2013-01-01 to 2014-12-31 (two years),999,62,0.04,2.5,55.59752862440123,76,0.27631578947368424,-19.469484306092312,1.312840444586931,b51c6905c735b0547c3ffd1d58a73e0f10a4e2fa5f8c92f96b19ee388f3bc8be,3.4
2013-01-01 to 2014-12-31 (two years),1000,62,0.06,1.0,8.550518321727727,242,0.2231404958677686,-58.54083705066449,0.36109824387676065,8d79839fc092d42f3d9c6f560126488e25150dcc72260b53dd7533d81509baba,2.9
2013-01-01 to 2014-12-31 (two years),1001,62,0.06,1.5,-4.629967719870347,181,0.2154696132596685,-60.368013847126555,0.13337768842371442,d7d71c282aa55b7203ca8f92ed0def2b33fa6b2ab9d3bf91dc3f0592128c7df8,2.9
2013-01-01 to 2014-12-31 (two years),1002,62,0.06,2.0,2.3405262683127552,118,0.22033898305084745,-41.92410782763882,0.22135659052073978,f0c1b0331da7d87c5e3a07709991eff5f8dd5382bf925486fe9d192f815e952b,3.7
2013-01-01 to 2014-12-31 (two years),1003,62,0.06,2.5,22.546132310536514,82,0.24390243902439024,-31.396299404453522,0.6498873489620511,0eaf6200ce9364ad0649dc5147f6c7fb711100b1f312b860043a2076590f713d,3.5
2013-01-01 to 2014-12-31 (two years),1004,62,0.1,1.0,-47.84486227778339,373,0.2037533512064343,-69.04967793766046,-0.4879004643303306,51f7b6795c767ec5c663c92aacc0f879bbed18a1dab4f4dcc3011086b714dbe1,3.0
2013-01-01 to 2014-12-31 (two years),1005,62,0.1,1.5,-5.433776332860134,210,0.21904761904761905,-37.17970781570982,0.14949532820294953,5a99c5c57b46eaab807744677b4324c88e55931533bc575e5f1a6dbdd0f4bb8f,3.8
2013-01-01 to 2014-12-31 (two years),1006,62,0.1,2.0,33.796431506640104,117,0.24786324786324787,-26.26673592944757,0.7683321387038634,fc50095cc1022f1fd341bd5dcf071058e667de87e1364327dc8ec92d145a2b16,3.3
2013-01-01 to 2014-12-31 (two years),1007,62,0.1,2.5,19.48973509193398,88,0.23863636363636365,-25.454284493132494,0.5798508236325345,c6876168975d4623ba976846259053bb49c4e15cb71ad9f0fc9def8f28426360,4.0
2013-01-01 to 2014-12-31 (two years),1008,63,0.02,1.0,-27.508353848172128,112,0.19642857142857142,-44.57627280596878,-0.542173382025752,5eb78cdd0c93847c42d079ceb1596df4bed80af69987ac669813d547a87e0e07,1.9
2013-01-01 to 2014-12-31 (two years),1009,63,0.02,1.5,59.27809131988619,88,0.2727272727272727,-35.319494839478324,1.2638068374501694,98ef9200d9998ebe21a43c9d6062efbe2111f361cb1e173ad40daa23e61a77a0,2.5
2013-01-01 to 2014-12-31 (two years),1010,63,0.02,2.0,45.372576496079745,74,0.2702702702702703,-17.395007610089085,1.118819773743093,4814b013f97bb271d9c148b5354651c4a85bae1dee0175c5436e8c1dd31e80c3,2.8
2013-01-01 to 2014-12-31 (two years),1011,63,0.02,2.5,54.177595139917536,62,0.2903225806451613,-16.221387606874305,1.3446036459007866,fbf69906caffbb60b5e3e2cbfb512eaababcd905797a2bfc00c8c80d7b0b3ff0,3.0
2013-01-01 to 2014-12-31 (two years),1012,63,0.04,1.0,-54.12927882053968,187,0.18181818181818182,-63.35247979425539,-1.1132612987922985,76e7a25f7e3ae4b7bede3faf91b39b70ed0f5d7b850a7fb9e2246d03f1b117fb,2.5
2013-01-01 to 2014-12-31 (two years),1013,63,0.04,1.5,-34.63450786335861,143,0.1888111888111888,-52.457195932094734,-0.6561851781309037,0477f304d345f995bf2bd22fd6f1557bb01b4eaedd19f2662af5b995d4969c5f,3.0
2013-01-01 to 2014-12-31 (two years),1014,63,0.04,2.0,-24.81085025491094,114,0.19298245614035087,-43.36577657784781,-0.5028730437434811,33c35ee80014509d3421057137482be9b5ea6713137ae9b97641b1ed86b1c4b5,3.2
2013-01-01 to 2014-12-31 (two years),1015,63,0.04,2.5,19.476590816349322,74,0.24324324324324326,-22.51728374616998,0.6034907555424526,c698f6658e36565e126ae85c69b3d7faddd13a25eba1a9c512e0e597dac1ffdc,3.5
2013-01-01 to 2014-12-31 (two years),1016,63,0.06,1.0,-20.737854439752738,236,0.211864406779661,-51.16812008752265,-0.09906509629443186,2bbc40865250a842f99d04d177c26f0956094e1af3966daa56c246ab0696d0ef,2.7
2013-01-01 to 2014-12-31 (two years),1017,63,0.06,1.5,9.555804550663174,160,0.225,-39.632542638207916,0.3666656490902676,b061fc983d125b2635eb4f35edacb62356e70f0a511ac8bf185e3d8fdf17d8a3,3.1
2013-01-01 to 2014-12-31 (two years),1018,63,0.06,2.0,66.47228141771355,98,0.2755102040816326,-19.838888955748,1.2449890126990335,d5fa9afc2741d44f4d23b1ac021c77ac27fbb47304a7d2128b7f90ca12da440e,3.4
2013-01-01 to 2014-12-31 (two years),1019,63,0.06,2.5,30.79434127487226,82,0.25609756097560976,-17.777706382954417,0.7832329401988448,26a17b46e5560fc55ea6a80a66fdad7c71e686961f143ad35ab4946e8ed63ef9,3.9
2013-01-01 to 2014-12-31 (two years),1020,63,0.1,1.0,-30.701164905690714,349,0.2148997134670487,-65.42990109982007,-0.14068689547721622,1f71f9f815a22878c9d5b14f560ccd475f49c7a43e87550b1c9657d85cff2e34,3.3
2013-01-01 to 2014-12-31 (two years),1021,63,0.1,1.5,-8.249823578573764,190,0.21578947368421053,-43.277317455181155,0.09204377883130654,fc2bed309eff17ae44d09a3cc891e8dee225c6b1ca8b292c4a93f8dc03e8e784,3.7
2013-01-01 to 2014-12-31 (two years),1022,63,0.1,2.0,-14.390020862701858,146,0.2054794520547945,-39.048828545359605,-0.1443782239360311,0d56cf1a44902a517a0ada091034411c6d08531d3e316adb823bf010f14a5087,4.0
2013-01-01 to 2014-12-31 (two years),1023,63,0.1,2.5,19.594461701810108,84,0.23809523809523808,-25.6300970653224,0.5989994653662012,e1700285094abc6613e4b55a74d6ed4dfd92b099359c105288502201bee3badc,3.7
2013-01-01 to 2014-12-31 (two years),1024,64,0.02,1.0,-15.245295516510538,105,0.2,-45.18109540036663,-0.15309540540325026,d3e871b78ebbdf19eb1569e106b47dfecc55c07d39e5730ec35eac4cb3b8e79f,2.0
2013-01-01 to 2014-12-31 (two years),1025,64,0.02,1.5,-2.0018681564238694,93,0.21505376344086022,-27.856125396244693,0.11859182505135588,349cdc572c4e42232f40793d7270f0f6d2d84cf655734ebd14cb8ff1ab993476,2.5
2013-01-01 to 2014-12-31 (two years),1026,64,0.02,2.0,-8.760235491232194,73,0.2054794520547945,-26.674486760986426,-0.07703851249784502,d01b0001d34e1b03f05b22dd22fd1121c442392f0b0f568c3aa31aa419ee14d9,2.6
2013-01-01 to 2014-12-31 (two years),1027,64,0.02,2.5,8.908981074939325,55,0.23636363636363636,-23.30543356453736,0.36745196837610267,2dc2cc28623eae3a892ea04b847c5190b8524503a86cd913ac7ad0b52382e12f,2.7
2013-01-01 to 2014-12-31 (two years),1028,64,0.04,1.0,-33.460013848199345,205,0.2,-43.99475143685421,-0.40190156904814267,1c398e951c163f12bbe29464bc162a3752a74b71bf3ce0f7432211e00c725084,2.1
2013-01-01 to 2014-12-31 (two years),1029,64,0.04,1.5,-35.69895696543659,162,0.19135802469135801,-47.36524215132524,-0.6192512563005601,addb0fc6d9defde3e1a9a2932dffd196943ffd4a247a80386525937f2edcf1a1,2.7
2013-01-01 to 2014-12-31 (two years),1030,64,0.04,2.0,26.740890634266268,108,0.24074074074074073,-36.37300979624442,0.6678260577626195,01c0952f78f1afccf77b732a06ff675becdb70a78b048fd4f192bad0b1d9c20c,3.5
2013-01-01 to 2014-12-31 (two years),1031,64,0.04,2.5,57.06943505377794,70,0.2857142857142857,-22.39590188988103,1.2323502875515757,fbf6f5099f8753eaa11f334c2822c2369b61cc214524758dd1d9c2f8348f58c2,3.9
2013-01-01 to 2014-12-31 (two years),1032,64,0.06,1.0,-23.360476091881246,262,0.21374045801526717,-69.54657000379248,-0.13277022564755928,6b26d8f92f491b233604f158f2df53a51b1dc813c64d8165878d84d4206be36c,2.8
2013-01-01 to 2014-12-31 (two years),1033,64,0.06,1.5,19.41195943986183,170,0.22941176470588234,-44.09477485959219,0.5178961246181573,9a829532c3e72e10d7b918f18ffc23eb417502cd1736692d43d1a270d0178738,3.5
2013-01-01 to 2014-12-31 (two years),1034,64,0.06,2.0,50.72225593150449,109,0.25688073394495414,-26.062210395596843,1.0332081853987534,2052ddfb98d22831f365d3e020856c08f3e9f7a0cbfaa1f295e2e09f49f0eba7,3.5
2013-01-01 to 2014-12-31 (two years),1035,64,0.06,2.5,-0.32969560216107535,88,0.2159090909090909,-29.53459223663867,0.13164789052580808,64e94a9013847bd9c97ecc90162c239b8b50e62107f815ff8e2bfca434e3ea5d,3.9
2013-01-01 to 2014-12-31 (two years),1036,64,0.1,1.0,-21.235676060200596,348,0.21264367816091953,-50.1563904370049,0.008110387455350322,36bfe7f69a453b36da2c08bd173a239246bb9a7d7e0ee051b91dd6a6b16c0199,3.9
2013-01-01 to 2014-12-31 (two years),1037,64,0.1,1.5,18.01334703361161,203,0.22660098522167488,-32.94839928410022,0.4894053511842098,288972ba502a40f10d09e61a2ba8b3e387c7de877657c5313f452564523fc32b,4.3
2013-01-01 to 2014-12-31 (two years),1038,64,0.1,2.0,10.364568466827304,132,0.22727272727272727,-30.61993648691668,0.3780452681693793,3fc1ac1f4fe1fd0a682b0ccd8e9af2ec0df02b41eea53597ba932bd2b6751d1b,4.7
2013-01-01 to 2014-12-31 (two years),1039,64,0.1,2.5,25.387227254117338,86,0.2441860465116279,-19.11094379871593,0.7069525006274604,62b5a30deb4afd3873f2f166b89df1b02236660ad1e24b79a908ea32e4a356cf,4.4
2013-01-01 to 2014-12-31 (two years),1040,65,0.02,1.0,-19.056829028500914,110,0.2,-34.274418315894664,-0.32055581361836405,402bd6d83dbe46ea64bd68e84f429fc6f2cfe46a329fd8d2b6f5382b4acab94f,2.9
2013-01-01 to 2014-12-31 (two years),1041,65,0.02,1.5,-35.31981112091787,89,0.16853932584269662,-48.31113089514469,-0.9615785573236868,09e41002da23ebf0582fe612337ff8915224fc66259bd12315772d42e7336acf,3.3
2013-01-01 to 2014-12-31 (two years),1042,65,0.02,2.0,-19.096046541470688,66,0.18181818181818182,-37.42664449028141,-0.4652293708363315,17183a6ca25963b691ce9e135319e3c44ae5b3459981c9ec1795b390d48a7351,3.3
2013-01-01 to 2014-12-31 (two years),1043,65,0.02,2.5,15.151735759703634,53,0.24528301886792453,-23.349125987799578,0.5603263291542351,997b868db9c18e5fcde76e3edf1f9bb52fac4496651512d82aef379657ea57ac,3.5
2013-01-01 to 2014-12-31 (two years),1044,65,0.04,1.0,-12.17594349602482,196,0.2193877551020408,-35.73078803283061,-0.011506757003011766,0a09dbc82f4a69a758fbf296445643bd14f16cc007e3d525889b1aec4ef76cf9,3.0
2013-01-01 to 2014-12-31 (two years),1045,65,0.04,1.5,-5.295116270994454,130,0.2153846153846154,-33.72438293468112,0.0808103224152695,fcb384e0715df31abe74055599ba56252fb1718af97afa266ea5b65a8416374a,2.9
2013-01-01 to 2014-12-31 (two years),1046,65,0.04,2.0,1.4018196653217985,98,0.22448979591836735,-23.05714397559887,0.18895254488869948,c3dd02d3be5a120aba9435bb11040925783ae75eb619ac3a4485484da99d361b,3.3
2013-01-01 to 2014-12-31 (two years),1047,65,0.04,2.5,5.324749475054917,71,0.22535211267605634,-20.30357948253482,0.2739906190541396,8a4787504eb43167c8e216b995edee7ada10f1212924658064c8470c8925dfb2,3.5
2013-01-01 to 2014-12-31 (two years),1048,65,0.06,1.0,-67.31240584097806,242,0.17355371900826447,-71.68362260978883,-1.4946019620592643,00f531b0cb0efedd8233abdefde2495fa6e7ac466a61984a997d2c82fd21c4c2,2.8
2013-01-01 to 2014-12-31 (two years),1049,65,0.06,1.5,-44.017931937751875,181,0.18232044198895028,-57.42163068511266,-0.8069496560730628,8c74ef38312e8744fe6a5d9600ab84bf391a87f46e4e9487e8ae1d6f10310594,2.7
2013-01-01 to 2014-12-31 (two years),1050,65,0.06,2.0,49.83189581749471,110,0.2545454545454545,-25.39864117021248,1.0433356419463762,89532355213f72b89222eba1f8600b3707b434e27fe36e4fff9e2f1a7376b6b6,3.9
2013-01-01 to 2014-12-31 (two years),1051,65,0.06,2.5,64.22569237053851,73,0.2876712328767123,-15.589243736884939,1.3864872041305532,154a39233daacc2f674fa505c00ec9ce6dbf97a6722f8252f523704b1ad45e4a,4.1
2013-01-01 to 2014-12-31 (two years),1052,65,0.1,1.0,-49.38967720376034,344,0.2063953488372093,-74.67952255969846,-0.5438118309971262,47bec30e62d39323e9455ef72a27907ce8e1f68c9faf22008490b5aa703f8b38,3.0
2013-01-01 to 2014-12-31 (two years),1053,65,0.1,1.5,-21.32123392310682,215,0.20930232558139536,-49.81188922779675,-0.17150226913157782,af81dbd807536886ba550d1edd2707213d9c5ac8b493cdc30507f0075756676c,3.8
2013-01-01 to 2014-12-31 (two years),1054,65,0.1,2.0,16.809987102369213,128,0.234375,-28.2237959823196,0.49151365238605466,86c7dc012b7a85c15e73aa314a0936489e95c43cda07a2849b79aa526e471eba,3.7
2013-01-01 to 2014-12-31 (two years),1055,65,0.1,2.5,-2.3691010175269502,98,0.21428571428571427,-33.18867958650572,0.08877568819279436,1c94f6218c2e11dc8ad516ea5f03efc00cb77146bfaa128ddbdf75c3f10da8ce,4.1
2013-01-01 to 2014-12-31 (two years),1056,66,0.02,1.0,5.627516743089891,115,0.22608695652173913,-32.52918965586987,0.2848665188829943,531ffc96b551773cc41ae93b56a6ff7d40e09b386c171ffd89b54738a432a4bb,2.3
2013-01-01 to 2014-12-31 (two years),1057,66,0.02,1.5,114.64739257269949,92,0.30434782608695654,-31.06086182376816,1.9107360109960831,7319bc02bebdc018f1eb3e98016ffdba77ebde859c90dd4e1b452261cefe06c2,2.4
2013-01-01 to 2014-12-31 (two years),1058,66,0.02,2.0,59.0875622405593,73,0.2876712328767123,-33.24799157306503,1.3531237557155191,c0614ce69006a381c2bfc87b2994ada932d9bc186f0d5e06a93653eb1fb30953,2.8
2013-01-01 to 2014-12-31 (two years),1059,66,0.02,2.5,54.62667602505339,57,0.2982456140350877,-26.023231191525532,1.3577565103748404,a3ba3b152bf81927b476894a8f323fe02a253b130693273a75049f54d00694aa,2.9
2013-01-01 to 2014-12-31 (two years),1060,66,0.04,1.0,-50.07988834562311,169,0.17751479289940827,-62.85775778244892,-0.9870064628622524,863714c0b3da975de49674523ec3522073ec95608aea75e6b8e7cca8597573b0,2.3
2013-01-01 to 2014-12-31 (two years),1061,66,0.04,1.5,-10.443141113770205,124,0.20967741935483872,-40.07032143052401,-0.04875098481512231,9e193624212ad1bbec321f0893d6d53288e6a38d5c5c874052e1ed84dcb9769b,2.6
2013-01-01 to 2014-12-31 (two years),1062,66,0.04,2.0,91.45645662853677,89,0.29213483146067415,-28.508977828644532,1.7741635042338346,ad0c25fb03df129ffb868078380d7307cdf8eb8e1724de0f5b17caba389dd6ed,3.5
2013-01-01 to 2014-12-31 (two years),1063,66,0.04,2.5,122.14121574501044,59,0.3559322033898305,-16.625223786985,2.2846452429202126,e2cda93ee3d24b226854e70aa3c1d4c49cc09cb576541fddc4c994b8d9b86d8b,3.9
2013-01-01 to 2014-12-31 (two years),1064,66,0.06,1.0,-78.03388148447459,257,0.16731517509727625,-84.7022798749969,-1.9864591763692905,e998af923260ec2802da9e13d77e5fb83ef8e44c00096c4bc3c12eb55d5e8ab4,2.9
2013-01-01 to 2014-12-31 (two years),1065,66,0.06,1.5,-7.890335066366487,180,0.21666666666666667,-55.12471361821878,0.04913396003253347,297b7993913169aff80a76a934aafc43943138892edbcf7002d8762511d954e3,3.2
2013-01-01 to 2014-12-31 (two years),1066,66,0.06,2.0,56.67474137660887,114,0.2631578947368421,-19.440256755763862,1.1304330480478937,9216f66452ce3f3e8085951f56665275d74b7cce230a22747d03848e009be0bd,3.7
2013-01-01 to 2014-12-31 (two years),1067,66,0.06,2.5,16.506701064865336,80,0.2375,-20.841190167193837,0.5299658419093674,f9e5423a37c98f04560d8d3f5345d943a16c1b28bd128f8a37a57de903358cd0,3.4
2013-01-01 to 2014-12-31 (two years),1068,66,0.1,1.0,-75.5766741600635,330,0.1787878787878788,-83.3067529748645,-1.4975236066095672,de36d8e5e899abc1f5d6a3b908f3362a82a4f7b93f444534fd5d780e29887885,2.8
2013-01-01 to 2014-12-31 (two years),1069,66,0.1,1.5,11.095265820839042,198,0.22727272727272727,-33.79565692259264,0.3947179334372548,19d29305d263bef0f04e284c0d66dc03194f7bb60a0eb0c3b62fe7724ab10405,3.8
2013-01-01 to 2014-12-31 (two years),1070,66,0.1,2.0,54.7316385823295,124,0.25806451612903225,-20.562971821867194,1.024348640871235,08def8ac1a1108b75d4e99d0aa6a9c03ccf6b6297deb72b8c92c0b6a44d3665f,4.0
2013-01-01 to 2014-12-31 (two years),1071,66,0.1,2.5,50.760377596857055,76,0.27631578947368424,-18.024999205480864,1.1517671141959291,5aae3f29c3305ec95a3b6015d72f278590c3e7aaf103d54831a957f4548c891c,3.9
2013-01-01 to 2014-12-31 (two years),1072,67,0.02,1.0,-36.5105447831158,118,0.17796610169491525,-47.657429625517445,-0.7909080823676545,d7448d982aa368795a0441da9bb6cb499968c7cfd9528980d28e7c41e3236b65,1.9
2013-01-01 to 2014-12-31 (two years),1073,67,0.02,1.5,22.287493510034565,99,0.24242424242424243,-22.11936526424736,0.6110435852175817,def66452de2fb321596290d60366e357a87c7a89c810c9f1b9cc130194d2480d,2.5
2013-01-01 to 2014-12-31 (two years),1074,67,0.02,2.0,36.40037052425842,79,0.26582278481012656,-18.57480163731585,0.9001650195065759,76c07090223254b6f07f1218c4a81cec38ca569fc8d85f57bd878157bb6b231b,2.7
2013-01-01 to 2014-12-31 (two years),1075,67,0.02,2.5,19.008574451861175,65,0.24615384615384617,-22.33193936690404,0.6265958159886351,46fdaeb2b027a3429f9a62992946b39763eb494fd5cfca5d50c5f5c06a58ea5c,3.2
2013-01-01 to 2014-12-31 (two years),1076,67,0.04,1.0,-44.30795033190082,183,0.1912568306010929,-67.90999196180233,-0.7095144655682394,0c82063764a26695de8c04ee59640af1abbcd129b0ad208f92327d2b2eec52a4,2.7
2013-01-01 to 2014-12-31 (two years),1077,67,0.04,1.5,-19.88582053882672,143,0.20279720279720279,-41.06797130323412,-0.22799270251312392,e48d5f468d90f23f79b142c7d4bf1ea9231edeb969cce3def19822bb8ebb5e68,3.1
2013-01-01 to 2014-12-31 (two years),1078,67,0.04,2.0,-0.9546138235560655,106,0.2169811320754717,-35.71638629832141,0.13091853816490429,411c3f49bc4f83996ad987d49cf5126ba54da27b3fe576c6b1c74047ff9f26ce,2.8
2013-01-01 to 2014-12-31 (two years),1079,67,0.04,2.5,31.038542377485452,75,0.25333333333333335,-24.680247069325866,0.8530849372502046,09ea0204f198c818bc6f8552ce5f680b17a25da1af75872afe6936650b331955,3.8
2013-01-01 to 2014-12-31 (two years),1080,67,0.06,1.0,3.637230342120447,257,0.22568093385214008,-59.2407650131894,0.3177849693795775,774e1afd6a9234083cbe926bb63d083937669217a6db6144f27cbccdb1ef836e,2.8
2013-01-01 to 2014-12-31 (two years),1081,67,0.06,1.5,4.084643091818285,171,0.2222222222222222,-43.27359342452992,0.28259890268140436,f49c2e330cd12540e4236a93c60b4dfc8baa6092f8e4116dcddee9f129fcb3a1,2.9
2013-01-01 to 2014-12-31 (two years),1082,67,0.06,2.0,29.326899795200518,114,0.24561403508771928,-33.50366018764779,0.6972867814243503,f3ed336d5cf8bbb3b4a06b5262fadb23eb9f9c431a3a85a45f08636039db44c7,3.5
2013-01-01 to 2014-12-31 (two years),1083,67,0.06,2.5,20.67184665484569,87,0.2413793103448276,-25.83177261464531,0.6013739299065275,929f4779bf32c1c54236eab71d3446e5d132c7aa66ff0935e249396a628d96ca,3.6
2013-01-01 to 2014-12-31 (two years),1084,67,0.1,1.0,0.2343726373546997,344,0.22674418604651161,-66.70137039762032,0.29337336614681775,d0f6948dc86a5fefc9fa5267772b7a66fb9a204c161b719973b442839b2dfc0f,3.1
2013-01-01 to 2014-12-31 (two years),1085,67,0.1,1.5,-45.36275395286868,217,0.1889400921658986,-66.82102711281104,-0.7200013208311551,f01b479f36758465b73770335342fae3e7da27f9c33ac6548fc7e17bbc7ce6d7,3.3
2013-01-01 to 2014-12-31 (two years),1086,67,0.1,2.0,55.88010264580113,120,0.25833333333333336,-21.496953949870857,1.079443584153498,648fe097285629e67857c8b9b8e7adf2d0c4ffea30da3868099616b661d1efe8,3.8
2013-01-01 to 2014-12-31 (two years),1087,67,0.1,2.5,60.12259681541766,82,0.2804878048780488,-18.82727832551565,1.2895934155364406,f54564a61b82174ee5e3a529ec4d71341febe3881434787eb52608d008926985,3.6
2013-01-01 to 2014-12-31 (two years),1088,68,0.02,1.0,1.5789232166914329,107,0.22429906542056074,-25.700371458711647,0.20582837197358697,5bcc8903fd5ee61da0873872d90b5729e2d84fdbee5ae4a7498f55820c9e1b2d,2.4
2013-01-01 to 2014-12-31 (two years),1089,68,0.02,1.5,13.318958325045916,85,0.23529411764705882,-29.963896200875915,0.44212317534837997,8b43b478b61b52da2edd9a063ceed28d698d24245ef756dcab057a8ea1b9305e,2.4
2013-01-01 to 2014-12-31 (two years),1090,68,0.02,2.0,48.838882630876526,63,0.2857142857142857,-15.706661857040793,1.212582081692111,2567ac911e4d6902c3ec71fe3f45aba14d72297879aba1ec1d4215e25e49f81c,3.1
2013-01-01 to 2014-12-31 (two years),1091,68,0.02,2.5,47.00313738671611,51,0.29411764705882354,-11.31100859049714,1.276755737501036,a1d33b0bd968f0715a9b218c534405c074a73b0ad6bfe4e607f1434180f159a8,3.1
2013-01-01 to 2014-12-31 (two years),1092,68,0.04,1.0,-8.068053465832513,190,0.22105263157894736,-54.473431436476226,0.0907090127169054,54ae438215feee377c603f1ecb4338e2097bf635fa640fb874c6ba1338f8976c,2.7
2013-01-01 to 2014-12-31 (two years),1093,68,0.04,1.5,-5.8654793363353654,143,0.21678321678321677,-36.175251334325274,0.08137167991063772,c1f6c037a188d88b5bbc3ba7f8f17ce97b1c71a8b46f945688bf1e1729c3cf22,3.3
2013-01-01 to 2014-12-31 (two years),1094,68,0.04,2.0,77.16634250678807,108,0.2777777777777778,-16.700457608836118,1.4557471506383193,1bf22b25ab0c1e35e9a9ba933f3ff2e5cd26af525e257da9b9b2b614b3497159,3.5
2013-01-01 to 2014-12-31 (two years),1095,68,0.04,2.5,40.38072946788701,62,0.27419354838709675,-17.63006788041217,0.9697287792973062,2ec7e8c997d150ddf17e79d750f1cac8be98eeea3d0d7fe91ffb6bebc9cc9a26,3.7
2013-01-01 to 2014-12-31 (two years),1096,68,0.06,1.0,18.994133246850716,272,0.22794117647058823,-45.426995845805266,0.499553654055597,834b5ddcb39bf09ed68fa3b19ab195fd48f510663e708f116b5e6c53d78d77aa,2.9
2013-01-01 to 2014-12-31 (two years),1097,68,0.06,1.5,117.51722026296585,174,0.27011494252873564,-26.52853812350037,1.4845760061365822,90d15903688215653de0c20f4232e0f8e9ed11f1e571271e88680003641bb25a,3.3
2013-01-01 to 2014-12-31 (two years),1098,68,0.06,2.0,26.87228726715558,117,0.23931623931623933,-27.489409000863873,0.6743895843394675,580a54b2b50edc223d584ec99b9971c7ad006c80cc0022f5ec8df5d023890ed2,3.9
2013-01-01 to 2014-12-31 (two years),1099,68,0.06,2.5,30.53368829904237,71,0.2535211267605634,-24.2108394808383,0.8087039833798207,315564d64d498a989ca61eacd95da7d1a30ababda3071d232e2f149d715ef1c5,4.2
2013-01-01 to 2014-12-31 (two years),1100,68,0.1,1.0,61.139844343635765,365,0.23835616438356164,-50.72925249055964,0.8682085311152511,865599ae762a7050b0c6e86e43fafb3d5bb4dd1d45a3784c51ed6a187e0f0b9a,3.9
2013-01-01 to 2014-12-31 (two years),1101,68,0.1,1.5,18.884566557922447,199,0.23115577889447236,-37.78421189934309,0.5011919315912524,377dc11a4e2a7560698d5c7788f939ce4447ac4d35c6595da8a63c745f8038ec,4.6
2013-01-01 to 2014-12-31 (two years),1102,68,0.1,2.0,-0.445863891238277,137,0.21897810218978103,-25.93769591647147,0.17749923049552643,01f5e20bdaadf8d41b5c7d514c249839a193a72fa34d3bee3a67899ee1389c3b,4.6
2013-01-01 to 2014-12-31 (two years),1103,68,0.1,2.5,34.90300991557385,79,0.25316455696202533,-17.21222191769818,0.8804098334281488,cfd178f369b9e4a7f921ba46c77ba8a4bcb29ea71ef01fa056f562f228b5342b,5.0
2013-01-01 to 2014-12-31 (two years),1104,69,0.02,1.0,20.706065265646036,110,0.24545454545454545,-28.761625255939393,0.554513900052333,b5ca11f58329491967cef329cf88ae5f74788dc9372ea767a5003041639ae660,2.2
2013-01-01 to 2014-12-31 (two years),1105,69,0.02,1.5,19.893936380633136,86,0.2441860465116279,-28.283936582874937,0.5714496778570682,bffd4038e9a24c852cd7f92ca11a25f306a568aadf107f1f6b7c417e61351dfe,2.8
2013-01-01 to 2014-12-31 (two years),1106,69,0.02,2.0,19.324992575307647,66,0.25757575757575757,-26.571840476904608,0.589775730627635,ff4fb5cd352a16dbdce3c4d0d083e5c782f97c19f872506276bbaa8547182965,3.2
2013-01-01 to 2014-12-31 (two years),1107,69,0.02,2.5,18.39234153833911,53,0.2641509433962264,-20.082518139294315,0.6312912175941557,acf7317c69f96cdf735acb94c6491ee5b78c75718f081b00c13988e387e3eab4,3.4
2013-01-01 to 2014-12-31 (two years),1108,69,0.04,1.0,-25.629147347727777,207,0.2028985507246377,-53.02942517230112,-0.22731837806378735,677ecbcd149c29b98e80c46627718081d58b4dc5080183961a30b34dcf77cbff,3.0
2013-01-01 to 2014-12-31 (two years),1109,69,0.04,1.5,12.598600672884277,146,0.22602739726027396,-26.15590648547591,0.41369587489245496,ea749a290934b2529ba2f9d48193d1910e90466399dbcbc347a67b32c047a97c,3.3
2013-01-01 to 2014-12-31 (two years),1110,69,0.04,2.0,44.07270791375011,116,0.25,-27.336197569624133,0.9418725551081857,04cbb05ca6e0333fff0d14adce58eb360f2c38f3e435211eae98d6e0145a0fdc,3.0
2013-01-01 to 2014-12-31 (two years),1111,69,0.04,2.5,36.990026713955146,73,0.2602739726027397,-22.59016839562128,0.9537801681010277,6d783ec2c54605f02fbcb98730cd1934200aa3ccca236ac9c7a94b4dd875e043,3.7
2013-01-01 to 2014-12-31 (two years),1112,69,0.06,1.0,-38.53421938771876,266,0.20300751879699247,-56.03068625763559,-0.39534900927698424,04d4003ccac943925d196cc2734285135e5ff78f556ce89b1097efc3f255704f,2.6
2013-01-01 to 2014-12-31 (two years),1113,69,0.06,1.5,-52.282037176775596,189,0.17989417989417988,-63.461551014553976,-0.9962718960920446,450a4f602c6ab1452fa902d0a94d5a9cd6b5a6bbee853fb6adf34b67b659a4a8,3.0
2013-01-01 to 2014-12-31 (two years),1114,69,0.06,2.0,4.473813581932141,108,0.23148148148148148,-26.618107352409424,0.26349815837328633,66778b3ddbe022410ce8b8aa5f2e1d299b56d192cf5ac2b3d3c8abe4da644212,3.7
2013-01-01 to 2014-12-31 (two years),1115,69,0.06,2.5,10.595730957531265,83,0.24096385542168675,-21.627693464927244,0.3927429539957051,4fa295408fd4533cf95baf334ec9b0249c1b665f5f24e43cc4f45a19080182ea,4.1
2013-01-01 to 2014-12-31 (two years),1116,69,0.1,1.0,-57.98454270915651,371,0.19946091644204852,-74.39739457276234,-0.761881571988264,cdcb372d2955ea660ee64ad1f6c41d69e62bf7eca688d72d59afa891c5887b34,3.4
2013-01-01 to 2014-12-31 (two years),1117,69,0.1,1.5,-22.113585164925276,221,0.2081447963800905,-49.38028376688811,-0.16685941342695243,2247dc6707b18ed596f7f8ae08e66c18e1e184afb36b61744c85da4e9a945072,3.7
2013-01-01 to 2014-12-31 (two years),1118,69,0.1,2.0,4.863479101774483,141,0.2198581560283688,-37.266595200624366,0.2767814671825851,ff237e4d678553a5121a918b7281e637a1a172f19bbb8f86c19bc93ad7c34d90,3.3
2013-01-01 to 2014-12-31 (two years),1119,69,0.1,2.5,6.62434799434799,90,0.2222222222222222,-24.62335365236895,0.3046432644139987,3d55618e5734432b88f2932e5c8d738249aad1cf7e15cd00086353d73d06800a,4.0
2013-01-01 to 2014-12-31 (two years),1120,70,0.02,1.0,-28.949582778001677,124,0.20161290322580644,-36.42035953898092,-0.507012659220342,91af700cf28dc5280afd5858975732b184a6384e90ae1b7d4aef4b621fc16169,2.1
2013-01-01 to 2014-12-31 (two years),1121,70,0.02,1.5,-13.767865153295844,99,0.21212121212121213,-31.493759465383075,-0.17795171153314823,416d1b40403d55887e314e145958ba0a5ec35576e8b3944b02376da96960c9da,2.3
2013-01-01 to 2014-12-31 (two years),1122,70,0.02,2.0,69.15743664082102,78,0.2948717948717949,-17.986228415784712,1.4444533681664469,fcc0e1e6a3ba4f8eea7c60f17cf4b382c53db3f5c84bbd2c415ee3886cf0e3c7,3.0
2013-01-01 to 2014-12-31 (two years),1123,70,0.02,2.5,-9.492784048959619,64,0.203125,-24.992099722753192,-0.11470678563295149,ab39fc9aef4b866364719c094ee10830c3ce3e4ef0973c615294a653a7a8432a,3.0
2013-01-01 to 2014-12-31 (two years),1124,70,0.04,1.0,-11.567513230353834,214,0.21495327102803738,-50.63664410414761,0.03956502601427383,0aae71f249fae160d2b6647a5143dfdfb6867620f4a6de0d9267ea237b57e57c,2.8
2013-01-01 to 2014-12-31 (two years),1125,70,0.04,1.5,-4.938098808668253,156,0.21794871794871795,-38.175482677808645,0.10431472330616096,a43e01127e3b684c225320f1baacc900ae3ddf5d79e45269d6f34c07d22635e1,3.0
2013-01-01 to 2014-12-31 (two years),1126,70,0.04,2.0,-14.261151821239517,108,0.2037037037037037,-33.88795578686297,-0.1603460125809032,abf5fc3ed129db0c708cb2c451c639291e71452a68e59d6fae04636fbf4c8c2f,3.2
2013-01-01 to 2014-12-31 (two years),1127,70,0.04,2.5,19.699055628911065,71,0.2535211267605634,-19.43328775816642,0.5985219573726738,9fa60ce120544e8b516c442fa20f8bd345293a0d2094b0e7fbf9e61683fbe0af,3.8
2013-01-01 to 2014-12-31 (two years),1128,70,0.06,1.0,7.624822323253415,238,0.226890756302521,-54.98626959020425,0.35643556808440247,d4da9168f58bd9dc1140bf100c2a548a0444952880ab2f8361bfff13daf8d9ba,2.6
2013-01-01 to 2014-12-31 (two years),1129,70,0.06,1.5,34.960716347181624,161,0.2360248447204969,-35.60047023428837,0.7168372313543406,a1d5b7a12f7dbd653b7d66b473ec9fa2a1f6a465fa99176bf3acb6b4a28fc786,3.3
2013-01-01 to 2014-12-31 (two years),1130,70,0.06,2.0,30.338541635986093,121,0.2396694214876033,-17.030163562223933,0.7145454305628349,2d12104fe8a3a89860a0dd4d8697d1720e3b80f31856b4db25ef46b9c6acd1d2,3.5
2013-01-01 to 2014-12-31 (two years),1131,70,0.06,2.5,16.162994263541677,90,0.23333333333333334,-17.491180020324627,0.5260074817384819,7089cacc0c68adf454b344772d0611c4415018e25ebbcf6cd3f92afa2ff74f4e,3.7
2013-01-01 to 2014-12-31 (two years),1132,70,0.1,1.0,-19.596916318556058,369,0.21680216802168023,-68.99323225944676,0.031820557347842386,7bfb07783245a5fc68b4f9be0be5cd71c63c9894a0c66635814b76262ed07bf2,3.6
2013-01-01 to 2014-12-31 (two years),1133,70,0.1,1.5,-13.070538586347258,218,0.21100917431192662,-49.0606218493462,0.015619551873755657,92350e609433b35ec8d86295fbb89a6aa07ab76e73fb489b23ae431fd2feb0be,3.7
2013-01-01 to 2014-12-31 (two years),1134,70,0.1,2.0,20.069052311625395,109,0.23853211009174313,-29.596452300177933,0.5479998022881765,3d714f9019624c83d0035b916252d425626f76d8b3cddee63809fbe81479be85,3.8
2013-01-01 to 2014-12-31 (two years),1135,70,0.1,2.5,76.6928201433415,79,0.2911392405063291,-19.957329481793206,1.508672962875859,11d914b69cd71664f32070574ba62c0dacda0ef229a8cef9482da33dad7a0354,3.7
2013-01-01 to 2014-12-31 (two years),1136,71,0.02,1.0,-1.1311347097691236,107,0.22429906542056074,-29.915873982655803,0.1401197007045158,c8ab1772172d2fb80317f52460830f69df2ba6fa720f5e842ebe1eeee286ecf8,2.0
2013-01-01 to 2014-12-31 (two years),1137,71,0.02,1.5,-1.9939694209123349,85,0.2235294117647059,-22.301115014150476,0.10159417208436002,917f6f29868ee90269bb9df8067063627f50c23bc1df4ffff2b247a2111b4770,2.3
2013-01-01 to 2014-12-31 (two years),1138,71,0.02,2.0,3.6054350591395954,75,0.22666666666666666,-20.43963215638518,0.22946562438364165,ab064db1e7ec264ea75409efdc17251a3a87c7d1af0e8dfc7e4b76397bb5bd50,2.5
2013-01-01 to 2014-12-31 (two years),1139,71,0.02,2.5,44.89153352609315,51,0.29411764705882354,-17.48645947659474,1.1972052401031985,5634503ff0f6a0054033682b23dced5c9495962211b15bf5c4ccab948b82ee72,3.2
2013-01-01 to 2014-12-31 (two years),1140,71,0.04,1.0,-35.434501856049664,209,0.20574162679425836,-57.657629952693455,-0.4532593819484403,e2d587308cb85f81c806d07fab9e66714bef7563af78f4183248b667dc95cb0f,2.8
2013-01-01 to 2014-12-31 (two years),1141,71,0.04,1.5,-20.002422497892507,139,0.2014388489208633,-52.46126695103084,-0.2634258154928133,918e3c52ecc5a1a1575f3a638585af8ff9ae03af57fe47acd9aa131b5fedf9a9,3.2
2013-01-01 to 2014-12-31 (two years),1142,71,0.04,2.0,-16.394194654233733,105,0.2,-42.291666396214346,-0.23964729148035818,54bf616df1cc63d1aa6fcef760906195cd5bd6e345f9884743c00f8a79be535c,2.9
2013-01-01 to 2014-12-31 (two years),1143,71,0.04,2.5,11.173342269685499,78,0.23076923076923078,-18.571530931921544,0.41020928453855027,29e2be932a73e9b1f465687dbd407b8eae0ffa6a1b8188e201c37dca50b67aaf,3.1
2013-01-01 to 2014-12-31 (two years),1144,71,0.06,1.0,-8.46512667382532,249,0.22088353413654618,-47.79387117771857,0.1273862694445006,78ac65e38d3140592477e73ea212ca5312268740ae98c1f5ab93fd0715059743,2.7
2013-01-01 to 2014-12-31 (two years),1145,71,0.06,1.5,-0.7877528093220849,177,0.22033898305084745,-34.30725524433401,0.19980404898142323,b31e4f16828bc78dfb8da9d90378942e8511c3f29921a51081d1b6ab742f4ef1,3.0
2013-01-01 to 2014-12-31 (two years),1146,71,0.06,2.0,69.5489881701927,108,0.26851851851851855,-21.190863993667406,1.257914934353908,3ebb52cc4148ebee081b63c6d7e692cd5ec809ec8ffc0a73cff57f0d7eb5bf47,3.4
2013-01-01 to 2014-12-31 (two years),1147,71,0.06,2.5,57.63574360339913,75,0.28,-19.481451385607052,1.2384296568028057,68369b1049af75652b394a75f2c19413f756dc1cd27327d9bad8993d1c1d8a4a,3.4
2013-01-01 to 2014-12-31 (two years),1148,71,0.1,1.0,-59.69754132304016,385,0.19480519480519481,-72.30641546536016,-0.7717467463116943,1281eb861718ecbbd61031255c7695e9214cb02956ee42ba3d7cea7ff67b5584,3.3
2013-01-01 to 2014-12-31 (two years),1149,71,0.1,1.5,10.877535739601722,227,0.22026431718061673,-38.31887655628611,0.39106778739505593,bf728d89d9e45f50fa711487a1fc6edd264c7bc9688baccd3797f5d276d03cab,3.5
2013-01-01 to 2014-12-31 (two years),1150,71,0.1,2.0,31.445456265422784,139,0.23741007194244604,-27.348794785172025,0.705058787956445,2776d30823407f4a3476b700214a6665b0ddda36dc6f0dd80f6c92def0fcaedb,4.0
2013-01-01 to 2014-12-31 (two years),1151,71,0.1,2.5,43.6822609596258,80,0.2625,-19.219477435102817,1.0252652300375447,1a72bbb34d20e5c6a686480c3d8c5bfd84dfb0a6d05ddae2dc8d9406cc8d8338,3.9
2013-01-01 to 2014-12-31 (two years),1152,72,0.02,1.0,-5.028143628969909,103,0.21359223300970873,-39.918625137018594,0.06298943418075986,bd5880ecd006c6f098963b0826833064014e69ca2efb415d14eecc17e811922b,2.1
2013-01-01 to 2014-12-31 (two years),1153,72,0.02,1.5,-13.602407170550105,86,0.19767441860465115,-29.992575339906214,-0.23708756992224292,64a1f7268f3a7506a7c1a78e5ec32c392d9de4098db9d6754f9e53952f1afb09,2.4
2013-01-01 to 2014-12-31 (two years),1154,72,0.02,2.0,14.987117879947531,67,0.23880597014925373,-26.83337314906432,0.5337197317948785,774b935c560d43c8a2297f0f0f6894b72e11f8923aa58b6800f4c746208f134c,2.5
2013-01-01 to 2014-12-31 (two years),1155,72,0.02,2.5,30.28915574594234,52,0.2692307692307692,-21.32349620387062,0.9404206038786386,50ef69fdcce63744b98a6714d08e25cd1cca0341262119fffdc51fdb81b53c58,3.0
2013-01-01 to 2014-12-31 (two years),1156,72,0.04,1.0,-44.015933830885935,184,0.19021739130434784,-58.93120488002162,-0.7600738122887609,f7196f9dc1d10757a94b8a978b882ea7303194379aeff90e339d9f73a181217c,2.7
2013-01-01 to 2014-12-31 (two years),1157,72,0.04,1.5,-15.049228879803204,143,0.2097902097902098,-50.63523293895902,-0.11623190534607077,4b584b8eafcb3f1d84304acabd4b04b762d4b8480562da61301f7368d002e799,3.0
2013-01-01 to 2014-12-31 (two years),1158,72,0.04,2.0,-5.591659876835811,117,0.21367521367521367,-40.472291457713716,0.04164165739826621,212721e0a9d7c71fcc856045f88ed667aee74309da3b8f61d0debc3ad0b7a44b,3.8
2013-01-01 to 2014-12-31 (two years),1159,72,0.04,2.5,26.920518237716472,76,0.25,-18.951937269887274,0.7543038016324556,e6bae7f8ae5e12cca99fbd5bb7582ac7fcde690e33f16f7fb82088396eb83857,4.1
2013-01-01 to 2014-12-31 (two years),1160,72,0.06,1.0,-24.795870032805606,248,0.21774193548387097,-55.99249894183742,-0.14152616641534224,ad7179e5e502b5b8ba9824778a87c6ebb18d181d9353135a16e93aefb317b179,3.6
2013-01-01 to 2014-12-31 (two years),1161,72,0.06,1.5,48.99616870389254,163,0.25153374233128833,-29.41027225145313,0.901201822866932,c93c911553feffd1e6c74eada04dd1c7560c2304f4e2b84401648c54695ed331,4.1
2013-01-01 to 2014-12-31 (two years),1162,72,0.06,2.0,52.08634451529899,111,0.26126126126126126,-26.641921974960525,1.0800984343001594,183c174dc0bb9587f5ad3bbd459cd81035e971d2f649f1f9286674a736203c99,4.3
2013-01-01 to 2014-12-31 (two years),1163,72,0.06,2.5,41.89873350941649,72,0.2638888888888889,-19.492828032422704,1.0972677572061873,33affed9066200e356f252f7ac9a003c12a39b1408490df55244840aa89dae96,4.7
2013-01-01 to 2014-12-31 (two years),1164,72,0.1,1.0,22.773777050254044,354,0.2288135593220339,-59.59862012881505,0.5459434957305999,bb586ef2689d2eb7668a35e7611f1308e1a9d05005fe716822402eb12f5f27c6,3.6
2013-01-01 to 2014-12-31 (two years),1165,72,0.1,1.5,10.534517303673475,210,0.22380952380952382,-48.483699876420815,0.38843760580241415,334aa684ef13426856aa44ae9b1484053382e59c5006f0e42f62832edb44313b,3.8
2013-01-01 to 2014-12-31 (two years),1166,72,0.1,2.0,12.76726630279032,128,0.2265625,-29.516559994781343,0.422469424006453,55918ec94799ed7a9a6912611f73a82afb7752a6322cb9b49463af7444410b39,3.8
2013-01-01 to 2014-12-31 (two years),1167,72,0.1,2.5,26.311532905930623,85,0.24705882352941178,-22.835684486666395,0.7086650840898759,422f28e60a02e9b94c11fbad253cf0a9944f81c5cb8f8cbdb06f702ee5d8111b,3.6
2013-01-01 to 2014-12-31 (two years),1168,73,0.02,1.0,6.81602292261643,94,0.23404255319148937,-42.70704202065916,0.30738731659065366,66e354cca706074e4e20b66460c968ec8c1f6fb78bc60cfe0d51faf29c801066,2.3
2013-01-01 to 2014-12-31 (two years),1169,73,0.02,1.5,15.686267250342317,83,0.24096385542168675,-34.63046694056923,0.5116445967270667,2c257affbcbf4412684c734264c7ffb1060d454da12a335c92d6f080aa879c5d,2.0
2013-01-01 to 2014-12-31 (two years),1170,73,0.02,2.0,24.763508283437194,67,0.2537313432835821,-22.522335487290903,0.7312317711133491,8678eb11099f7488c1b9a3a284d105c7fbf141d15a286d9b9a77bc859c232ab9,3.0
2013-01-01 to 2014-12-31 (two years),1171,73,0.02,2.5,30.619258638419932,62,0.25806451612903225,-24.90536378883662,0.979799381786481,24218a6cbce23ba64b11b190b7607d8bf723298c356a6c75bcad587712c672e6,3.2
2013-01-01 to 2014-12-31 (two years),1172,73,0.04,1.0,-2.0697642023684466,212,0.22169811320754718,-37.09848113641085,0.20781034825945177,6a689d73688c8aa6b793f218a3598cb216b4ee6dd5ac21ecba2c97035eb84c61,2.7
2013-01-01 to 2014-12-31 (two years),1173,73,0.04,1.5,-9.393296444346186,150,0.21333333333333335,-40.65009783756521,0.01372291551028145,c2ae480d73d3be99d54aa53034543db1df2b70569d8530db04b0edbd88ae123d,3.4
2013-01-01 to 2014-12-31 (two years),1174,73,0.04,2.0,48.42380290124038,100,0.26,-22.742451339599135,1.020176305791216,4e9aec76ea88dca092e1e48d088622e035e72e8521cdf720562e68ed34b00fdf,4.0
2013-01-01 to 2014-12-31 (two years),1175,73,0.04,2.5,66.35197277754223,68,0.29411764705882354,-17.273094437176827,1.5158528856774116,d0e6139b13b1e335b6f378ca094140e1a2b75fe20b935e561e93567b4f56e640,3.6
2013-01-01 to 2014-12-31 (two years),1176,73,0.06,1.0,-47.94900795067597,251,0.1952191235059761,-66.6154836743812,-0.6931808644299243,5819cc58bcfff6ed39dd1299d44f0c3749e529f2a3a210bf52bf81de1187d636,2.6
2013-01-01 to 2014-12-31 (two years),1177,73,0.06,1.5,8.036042400474102,173,0.2254335260115607,-38.82974847773335,0.34132997069841126,10b660191d413a9769c9af8ce72b4fc9444885c58f0fdfd76e4007efcefcbfd6,3.5
2013-01-01 to 2014-12-31 (two years),1178,73,0.06,2.0,41.22613275913087,114,0.2543859649122807,-27.319787236196234,0.9050743881694711,ee685731cfd75d6d31a076ccb1a80eea51b26f9d5e67e89c100d6435b67e52fc,3.3
2013-01-01 to 2014-12-31 (two years),1179,73,0.06,2.5,31.55321012029208,79,0.25316455696202533,-26.844801025334785,0.8452252276029256,359bb5e5786ba36a146b20e0a045cf2b70f9128f942093ec51b9d1148c6a71ba,3.8
2013-01-01 to 2014-12-31 (two years),1180,73,0.1,1.0,-28.818429397233945,358,0.2122905027932961,-53.719849017204744,-0.11456268316528828,79c2b4230a02bc56b353c0834ecb7e0121af337abb788d3b64a91dc25fc7048f,3.1
2013-01-01 to 2014-12-31 (two years),1181,73,0.1,1.5,3.3640704639671273,217,0.22119815668202766,-48.725144380110486,0.2826254503912321,5d0ceb90496493a40d10439ad991d656a602b9133870bef467577b0499c9b572,3.5
2013-01-01 to 2014-12-31 (two years),1182,73,0.1,2.0,58.562492748787555,128,0.2578125,-24.396868720416165,1.0812039200745942,7032de0ae32d7183a2f5d5f43e8cb1e54efe24badabdc86941cadabf7ec02c16,3.7
2013-01-01 to 2014-12-31 (two years),1183,73,0.1,2.5,79.45133844051949,78,0.2948717948717949,-18.987396569716452,1.5951140385414668,a6f9b43e9269e2174042a4ae3e6f2e50655898fc38e0196a831e359c44009250,3.9
2013-01-01 to 2014-12-31 (two years),1184,74,0.02,1.0,-0.7377937408482671,110,0.21818181818181817,-47.802870348728135,0.1635532477199957,40418997ef1b9f5264d5d82c769b3e074fe55e35ee0f08afd2d350b8d30fd17b,2.2
2013-01-01 to 2014-12-31 (two years),1185,74,0.02,1.5,57.27012468096654,93,0.26881720430107525,-30.17972197172686,1.175134406405431,457330faba00a1bb5d44cb9a8f3852ac3f6e01d0668ef19cd93a1933f18de9b3,2.6
2013-01-01 to 2014-12-31 (two years),1186,74,0.02,2.0,97.11121617466557,68,0.3235294117647059,-21.27929332963229,1.831000084233515,6e29d75b96ef3b12fc12c34b9ab64fc80be74a8ec021dda7c54135640c104b66,2.8
2013-01-01 to 2014-12-31 (two years),1187,74,0.02,2.5,61.67718756285038,55,0.3090909090909091,-21.92246412586697,1.4895833296499617,f66cabfdc4053af39fffc8cfa55f4d5929d0f8a365101df7ca735f62f92f15cb,3.2
2013-01-01 to 2014-12-31 (two years),1188,74,0.04,1.0,-51.46408353001852,180,0.17777777777777778,-56.964641190774614,-0.9853862794115941,a7c5a7e086c0c230d89ede52425b675cfb64b63ea97588a0ff71df25959b5051,2.4
2013-01-01 to 2014-12-31 (two years),1189,74,0.04,1.5,-3.8833299956652216,140,0.21428571428571427,-36.84736995171114,0.10453666213689021,45cbdeb26da01bb8d3b1272d7bb6b12be6b199c667cf1cf3fb9e2b0c6dd85624,3.1
2013-01-01 to 2014-12-31 (two years),1190,74,0.04,2.0,-2.2822539103991133,108,0.21296296296296297,-21.11311683691848,0.09631392915880824,dd8f53fcb438c33362b6265a515bf161d3bf6fba4346888804d36e1c607daea5,3.3
2013-01-01 to 2014-12-31 (two years),1191,74,0.04,2.5,2.6890014897592636,69,0.21739130434782608,-23.275441990364353,0.20483307653875418,7b20b649c5d1866f56b6bfea4e76e545a02d9e6de60705eb0e78e83c2da4bc7b,3.4
2013-01-01 to 2014-12-31 (two years),1192,74,0.06,1.0,52.9170724142641,246,0.23983739837398374,-40.759797600345095,0.8484024511007666,cde097e954663230ae29d3a6444b6cbd7ff4c70876dc16bc6e44f44db6de5eb8,2.5
2013-01-01 to 2014-12-31 (two years),1193,74,0.06,1.5,23.672047898597633,173,0.23121387283236994,-44.52952116195039,0.5757618134269002,eedd0f40bbdeffd67fb18c70d8192946778a1558c37a70723c2d444514bc72a4,2.8
2013-01-01 to 2014-12-31 (two years),1194,74,0.06,2.0,35.090261579381895,113,0.24778761061946902,-37.16887611707027,0.7778931216949367,337ea35cb9cb0e76e71c9827ed325e488b8ebfaa65638c64fb2884e32b97205a,3.7
2013-01-01 to 2014-12-31 (two years),1195,74,0.06,2.5,39.094596824841354,71,0.2676056338028169,-17.935444864021164,0.9449650028797854,4a047f122539093312ea25970bcd75c82de21070ede292e2fdadd009c06b1ab8,3.7
2013-01-01 to 2014-12-31 (two years),1196,74,0.1,1.0,-38.666855268396866,357,0.21288515406162464,-64.3943028223285,-0.27913826194877134,c2f9f8cb1058bbac7e44e0f20ca2470cae3a6ef71b77793773744782ee0bc1fc,3.1
2013-01-01 to 2014-12-31 (two years),1197,74,0.1,1.5,-28.757831056454425,232,0.2025862068965517,-54.45559912130498,-0.2964207837980716,e95cd9bd8be7efd27730c9bb68cdb6fd8aaa325701dd4c7358025e76a1101f5c,3.5
2013-01-01 to 2014-12-31 (two years),1198,74,0.1,2.0,13.789089739913038,116,0.23275862068965517,-22.9534074638728,0.4409644155570788,46e167aa71d61810210915accc5093d352d65cbea9be75415d57646435fb3ab5,3.9
2013-01-01 to 2014-12-31 (two years),1199,74,0.1,2.5,32.48050184901275,79,0.25316455696202533,-20.015633722189495,0.8448700618963679,585f2cf2ac88037bd2fe709befb3b5c6f8b2c75e4afd265127842126da47a549,3.8
2013-01-01 to 2014-12-31 (two years),1200,75,0.02,1.0,-27.75882648089678,121,0.19834710743801653,-60.45806984755442,-0.5238117900036104,d73b2f164ec81431adad0032fcd4761754da21e0873c8de0ebc0133b57480a58,2.0
2013-01-01 to 2014-12-31 (two years),1201,75,0.02,1.5,94.58283392885058,90,0.3,-31.402221467556103,1.644243811940518,32012080b1bdf5fda0f43310f3f7a85e6b3a91bece031aa2ee9c0f9c50fed87a,2.7
2013-01-01 to 2014-12-31 (two years),1202,75,0.02,2.0,106.28543938979796,71,0.323943661971831,-23.288625240291527,2.0034009147256966,c0e11c5d2a17400b419ca20594b488c44718b0b3fd8b19c04f263997e18e89b2,2.8
2013-01-01 to 2014-12-31 (two years),1203,75,0.02,2.5,50.16500464882409,59,0.288135593220339,-17.430169065677315,1.3529809983355368,a4d9a7b9b288da645015ebea7dd0896c8a3a90e9724c39a4a95b80b5a1b17f68,3.1
2013-01-01 to 2014-12-31 (two years),1204,75,0.04,1.0,5.167244984305239,185,0.22702702702702704,-51.56363099280048,0.3047235173098121,abe2b1671088ebd348763a6bcd0fc857cd6e6c97c1f4bfbac746e29df39ea9d3,2.9
2013-01-01 to 2014-12-31 (two years),1205,75,0.04,1.5,-13.86914641757988,153,0.21568627450980393,-47.18330821967115,-0.09895862465232469,967879a1a0e99c5bd34a590d71fae61c9b82020fd9da249243341017603baa41,3.0
2013-01-01 to 2014-12-31 (two years),1206,75,0.04,2.0,1.2905439133336463,106,0.22641509433962265,-31.42788181015299,0.19075445531434765,25845e35519963f5b2f8742413c7b8122a74fdc9b2e16b078949c258572e21ae,3.4
2013-01-01 to 2014-12-31 (two years),1207,75,0.04,2.5,33.87596975435228,82,0.2682926829268293,-16.99226450314478,0.8907991819041401,1d190fe7adbe6da058ad14a9a03c969b735fb4094cecd28bf8a6c63dc7d79b9b,3.4
2013-01-01 to 2014-12-31 (two years),1208,75,0.06,1.0,7.659638810299062,258,0.2248062015503876,-34.70079924852262,0.3629522136500449,268e84e9beb10f4f8cb6ca3b2e0cdd5a4c95c2f817df04951a4a30920191c95d,2.7
2013-01-01 to 2014-12-31 (two years),1209,75,0.06,1.5,18.503715744769657,175,0.22857142857142856,-38.08122084211952,0.49960594843784667,7b5bfc4a1db9741a403d91e4cb12f960ef644ee280910aeecc28cb4bf575c1e4,3.6
2013-01-01 to 2014-12-31 (two years),1210,75,0.06,2.0,37.6040177484599,114,0.24561403508771928,-30.93394205346076,0.8246615208666986,9d17f779fcc78e4c17ffdd39e296c08a7994f7e131e2e33ea1c448a3052f3b1c,3.3
2013-01-01 to 2014-12-31 (two years),1211,75,0.06,2.5,18.129807291471973,84,0.23809523809523808,-30.796601015102155,0.5542683860147901,1a09a4e22caa14c20b1dad75c7d42fe98c86775a4a77441adc90f2826269d463,4.0
2013-01-01 to 2014-12-31 (two years),1212,75,0.1,1.0,-60.32700760562646,359,0.1977715877437326,-75.31150639856767,-0.8150608933822667,945e4c586b407899b460ea1af1d741af0916e101a667c1f3ef88b33a97de70ed,3.3
2013-01-01 to 2014-12-31 (two years),1213,75,0.1,1.5,-27.35537426291404,201,0.20398009950248755,-58.16517129460785,-0.29256384193094515,9c2b4149bee99ad7423e3ea5ecbed059681b06e14e81b3fa8a8314a765d610b8,3.6
2013-01-01 to 2014-12-31 (two years),1214,75,0.1,2.0,70.50156766859084,139,0.2589928057553957,-26.312554854406798,1.2348478050640725,1fc619372ebdc96c54cfdc0708435e105cfe549957834c7afbd6f12621b0946e,3.8
2013-01-01 to 2014-12-31 (two years),1215,75,0.1,2.5,20.650112121720447,79,0.24050632911392406,-22.94039893920987,0.5985987818807716,792e296a3befdd5db419b9b7beccebe19674b36753136a39619045779962ffc2,4.7
2013-01-01 to 2014-12-31 (two years),1216,76,0.02,1.0,19.66613481083271,119,0.23529411764705882,-54.14562339618097,0.5274664364860457,63b2f2cf7e14508922020a769b1c475906898e5b65d54d9b9c1d2088684af1d8,2.3
2013-01-01 to 2014-12-31 (two years),1217,76,0.02,1.5,65.84477169776856,100,0.27,-27.06172639227532,1.2662917035840955,b9ae9c5422aa747fe3ff15078269cfbf5f9c078f4adcd953aed1bb3fa69b7298,3.5
2013-01-01 to 2014-12-31 (two years),1218,76,0.02,2.0,14.430470456896918,86,0.23255813953488372,-29.18863129274668,0.4816419573545478,b5c6a565c599cf47dab825ae13bf4edb722ca44a81f12ffad5270a8b0fa07af1,3.5
2013-01-01 to 2014-12-31 (two years),1219,76,0.02,2.5,15.898983211486076,69,0.2463768115942029,-23.893564109368892,0.5364955710429883,1e3d71d02e951fb007c693c8fe290ad3ca616b50693d487871d263339b6b3ab2,4.1
2013-01-01 to 2014-12-31 (two years),1220,76,0.04,1.0,-54.76109691956344,195,0.18461538461538463,-70.090367906861,-0.9826653122650564,41cfce02d936c8d336d54cdce086a34d57323ad88cc8f7fce25fea2862a07d19,3.4
2013-01-01 to 2014-12-31 (two years),1221,76,0.04,1.5,-31.354831719032493,153,0.19607843137254902,-53.097767956269884,-0.4713767473441687,d5a9fd550fd91c3cc3d9fa9993f0b7843d24f2e5e42ae2b62b0dd8fd8698b2f9,3.6
2013-01-01 to 2014-12-31 (two years),1222,76,0.04,2.0,-9.49391305327059,106,0.20754716981132076,-44.96988992157639,-0.039114638271190286,ec5e51da32100596d2d4813022fd4543d857b4f1cd430c1adbe31653afec2292,3.6
2013-01-01 to 2014-12-31 (two years),1223,76,0.04,2.5,-5.56324837023473,73,0.2054794520547945,-28.85115918784833,-0.010590045964043641,77977151c8577afa5f996ea89eac7719c42ea713570e6ffe74fa02a976c88472,3.9
2013-01-01 to 2014-12-31 (two years),1224,76,0.06,1.0,-19.38533375647811,261,0.21839080459770116,-53.40293557200506,-0.03203767019543236,59a2b2fd6c60fe8ac6107324ac61151a8637dd4746490963ec1d19d235047f61,3.2
2013-01-01 to 2014-12-31 (two years),1225,76,0.06,1.5,25.734643834156785,164,0.23780487804878048,-32.63944235145083,0.6043562475744264,7b936eca3810a703f2e2f8eb746010b0afac3544fb9a34a3ed758989107e0771,3.7
2013-01-01 to 2014-12-31 (two years),1226,76,0.06,2.0,62.656589272626086,108,0.26851851851851855,-27.21817209859727,1.1839846190644117,7b3d4c69884159516a3e21fd61ae16cdb28f411f937d2fbee4e9629fe2a3a01e,3.4
2013-01-01 to 2014-12-31 (two years),1227,76,0.06,2.5,36.21030094458771,83,0.25301204819277107,-19.590569586547137,0.9100692207818732,5cd538fafabec823ced2b1a602f2ebd6d7108ab4bb7d4d87c5398f145375a938,4.2
2013-01-01 to 2014-12-31 (two years),1228,76,0.1,1.0,-41.07013825769604,358,0.20670391061452514,-65.73062790910897,-0.3416704174669915,ce6c8de4364b434875b0e03e7d19e67ccd8350236a4d31bf1b3fe8c085003450,3.2
2013-01-01 to 2014-12-31 (two years),1229,76,0.1,1.5,0.8759358702152326,222,0.22072072072072071,-51.77987380202582,0.24470195699738842,f9e1df96580e6eb983dd8e4934a3fbed801587ef2d226557cf5108ecc0bfd58e,3.8
2013-01-01 to 2014-12-31 (two years),1230,76,0.1,2.0,12.504335138574938,140,0.22857142857142856,-33.961364369862444,0.41458220959769426,e4c9003b2d63a715204ef13a843673ff0778848914e88e20af255b4cfafd24d0,3.9
2013-01-01 to 2014-12-31 (two years),1231,76,0.1,2.5,0.4368174399191042,84,0.2261904761904762,-28.460325683892663,0.15577708018435038,1ca70eb32261accce1550ab197e33222246893138ca380373a0487e71b1a8535,4.2
2013-01-01 to 2014-12-31 (two years),1232,77,0.02,1.0,-13.506453357323586,115,0.20869565217391303,-27.4359749997526,-0.12616119822716668,876a59225f6b0602f69765de9a479c5b7a4912f8ae8ed678bd7dbb381a775252,2.3
2013-01-01 to 2014-12-31 (two years),1233,77,0.02,1.5,28.18791067186273,99,0.24242424242424243,-32.70749458296927,0.7285923158670141,4645b1cf87382136eba5af0bcc48d33161f728e6e7b85bb48ca6c7751ff2b698,2.4
2013-01-01 to 2014-12-31 (two years),1234,77,0.02,2.0,38.7214050393987,77,0.2727272727272727,-25.13055146501043,0.9892836111365051,9e07c49bb2d51ac01de2c1eb31bebbf1c531316d92ca0907b6c658d1e930d91a,2.8
2013-01-01 to 2014-12-31 (two years),1235,77,0.02,2.5,133.31541820817228,52,0.38461538461538464,-16.909725440736313,2.532345219707295,bc765833c61db1f73f457b1ad749d87603492568cc6bced1d9c28120a1f6d746,3.3
2013-01-01 to 2014-12-31 (two years),1236,77,0.04,1.0,-52.18944992362498,187,0.18181818181818182,-60.56741127006428,-1.0456258820065951,c7d3d9a474ed684e9479d3d7cced86db02b7e4ae45b8ac6aa8760cb5c9912d97,2.4
2013-01-01 to 2014-12-31 (two years),1237,77,0.04,1.5,-38.530116262173394,144,0.1875,-52.176618352052294,-0.7525566569384906,0169eb84732ee977a536a57d379efa21111e83d32a210c08569600ec7a8f0dba,3.0
2013-01-01 to 2014-12-31 (two years),1238,77,0.04,2.0,5.440403861415547,103,0.22330097087378642,-29.802150258028316,0.277561033925782,d11fb8c6b5d4c7a8838ef6f47933d4355b6afa7266b640442bcfd9d6cc1d9e6b,3.0
2013-01-01 to 2014-12-31 (two years),1239,77,0.04,2.5,54.776441864543244,63,0.30158730158730157,-21.050263351429834,1.279912788432424,43a4de770b52a374c900545bf1d2d63009f936944659bf8cfd81206e1cc1cd5e,3.2
2013-01-01 to 2014-12-31 (two years),1240,77,0.06,1.0,-50.92882105136286,261,0.19923371647509577,-59.19059412144032,-0.7739360643942478,2df28958c4864aaefd38b5b26d9406574634e5e9707818e23801814b3be6898f,2.8
2013-01-01 to 2014-12-31 (two years),1241,77,0.06,1.5,10.303524551278716,176,0.22727272727272727,-45.10801858392837,0.3776191582120926,919559cbf6c8112e4016085b5776f0422fc3729e517da7e2ae54f34ee22c5173,3.0
2013-01-01 to 2014-12-31 (two years),1242,77,0.06,2.0,1.923228091344863,123,0.21951219512195122,-32.09383050383357,0.21103844606057645,fdf4a053bf90d9833204a0d85d311908a3b560f450e0d04c6b245391da60f00a,3.6
2013-01-01 to 2014-12-31 (two years),1243,77,0.06,2.5,27.619264704929837,76,0.25,-21.42517161837475,0.7756127867721652,2d1bdadf6cc162494ae87b9495f28688e1fc649bd5ba1f077f6ae5a98e336656,3.7
2013-01-01 to 2014-12-31 (two years),1244,77,0.1,1.0,-39.34564574075484,355,0.2084507042253521,-56.03482648887466,-0.352572881379946,7497c7ed5d2b105d9b8f808d9f29dd1f87495d4de1fe0d64343f18924f4e6991,3.1
2013-01-01 to 2014-12-31 (two years),1245,77,0.1,1.5,24.23714253187064,210,0.22857142857142856,-47.837579859801075,0.5717434086319534,0572d7d7d26e16b667cacda5e31378f96142b4fc3f84c71ac2f7066432b2a833,3.7
2013-01-01 to 2014-12-31 (two years),1246,77,0.1,2.0,48.73407671958056,132,0.25,-27.835727084300366,0.9760075392858221,5e773aafcbcdfc67b3192eb6d620ac0ae2e429d50d5bb0164aff87dab832ec04,3.8
2013-01-01 to 2014-12-31 (two years),1247,77,0.1,2.5,45.69980454021946,84,0.2619047619047619,-35.40885418318016,1.0767710076112622,8eda9be0ae3198d14cbeae6c6867c943fcd762a4d0f73d90154b7b397cde7b49,4.1
2013-01-01 to 2014-12-31 (two years),1248,78,0.02,1.0,-61.08140262607127,110,0.12727272727272726,-64.99899731829966,-2.0630938834603367,957217e4d5a985fb918142f1ae152a7f2e6ae87958c41af228b3fcf0dbe6068d,2.0
2013-01-01 to 2014-12-31 (two years),1249,78,0.02,1.5,-12.21409052806618,94,0.20212765957446807,-35.02875994742142,-0.1351814226589934,a21f81e29ebc1ad13d44a6c0e70a13c18f15d91ba015fcaa33401c74541aafed,2.5
2013-01-01 to 2014-12-31 (two years),1250,78,0.02,2.0,73.62067106989997,78,0.2948717948717949,-16.262340904243665,1.4350112879216297,be1e81e5c39c2a49c3e535f7bf80fab7aac245e6b358cfeff14e831676e88703,2.9
2013-01-01 to 2014-12-31 (two years),1251,78,0.02,2.5,33.16602544154533,64,0.265625,-18.52817288599543,0.8889274991918924,cda82ea8a82473d3aff7cbb68431f60a84ad82cfba848f0abde614c22d9f5a8a,3.0
2013-01-01 to 2014-12-31 (two years),1252,78,0.04,1.0,-27.50172845236254,194,0.20618556701030927,-56.633455259781314,-0.3289378519300853,f1ac6e79b8a0b698edd3827f0f6ad6b1c92c559211e708ebe34c6ac8ca006ca4,2.4
2013-01-01 to 2014-12-31 (two years),1253,78,0.04,1.5,14.523787746421155,143,0.23076923076923078,-43.203742905669586,0.44549411888376683,6d096af7bcd660e0313e20599756a32169b373cf800410c7fd11a437524102a5,2.9
2013-01-01 to 2014-12-31 (two years),1254,78,0.04,2.0,6.512943294157414,116,0.22413793103448276,-40.695789778685054,0.3014266999971214,1a6c11ff7ef2a57b60df35dc199b092ad1c831fc3b347944f1b7a9d6cef5eb35,3.0
2013-01-01 to 2014-12-31 (two years),1255,78,0.04,2.5,32.59577727391102,69,0.2608695652173913,-23.50880959319479,0.8502736512211008,a241824f99e21595f6ee33d8e6a691c9d1b116dfb48cca77df40fd812b6a03c3,4.1
2013-01-01 to 2014-12-31 (two years),1256,78,0.06,1.0,-35.53961156104388,251,0.199203187250996,-57.65626187517036,-0.3410571858789598,b5eaf052640a6e1c054d8d83d7c281961668897f8f1a0a898fbe16310b6d94d1,2.6
2013-01-01 to 2014-12-31 (two years),1257,78,0.06,1.5,49.163891286580075,175,0.24571428571428572,-25.336988192414513,0.8791948193344055,abaa6d54e476d6934b8241b2e35bec80d50cc015e67af0fadcab0ccc8a5e18bf,3.1
2013-01-01 to 2014-12-31 (two years),1258,78,0.06,2.0,56.813315041928135,102,0.2647058823529412,-18.476102243768743,1.0947168537080747,d42171dcdcb2a04e17ca2103d43db34b4748ad9dea9d1599c2d1bebcb812f435,3.9
2013-01-01 to 2014-12-31 (two years),1259,78,0.06,2.5,33.850012541847164,78,0.2564102564102564,-20.158885489527435,0.838712673983028,ed29dda54aea56e63ee413720f13915c042dc3957c4db0020b9aaf8f5d6bf83b,3.8
2013-01-01 to 2014-12-31 (two years),1260,78,0.1,1.0,37.279348866785625,318,0.2358490566037736,-36.16945222717817,0.6780555261021866,3dd2250d8acf2038cb2780d61853064be2e9af3c6175d59910a90a3f4c5402ef,3.1
2013-01-01 to 2014-12-31 (two years),1261,78,0.1,1.5,64.76334576674289,189,0.24867724867724866,-30.130917550221337,0.9982849221360012,1e59d4c93f87b6dfa1b3ae91c919de18df8c6c763c99196ccd89ce6e73bded3c,3.4
2013-01-01 to 2014-12-31 (two years),1262,78,0.1,2.0,37.80089440054057,112,0.25,-26.194913454874722,0.8316421284285308,c46b4245070825befd54f0e47d6a5f48ca977a5fd29c848cc2e7afac2d10fabf,3.5
2013-01-01 to 2014-12-31 (two years),1263,78,0.1,2.5,48.60918494862253,77,0.2727272727272727,-23.224942490016854,1.0578632389653047,aefdd25336bf2bccade413a822fc8c6d3a6b26ee64a4dcff91fa1f7e9001ba99,3.9
2013-01-01 to 2014-12-31 (two years),1264,79,0.02,1.0,22.978741947494285,106,0.24528301886792453,-38.77119556874374,0.5980103458787642,b9aa0471d65c0175faaa77281cd4f0281eddc9d93a283c79c28a1b9d5c755338,2.4
2013-01-01 to 2014-12-31 (two years),1265,79,0.02,1.5,60.116174589500204,86,0.27906976744186046,-24.233100405437547,1.2737640833563304,a828dd7797b1b9b8bb92e0496186b758b0d021c5bc94c045b22cd54e580b535b,2.8
2013-01-01 to 2014-12-31 (two years),1266,79,0.02,2.0,86.50422008404334,65,0.3230769230769231,-18.497993423723003,1.6934514231838242,e1b9c4e2366d167963ccf75c784663b0e62473744382bb53851c4a1b58f533d4,2.8
2013-01-01 to 2014-12-31 (two years),1267,79,0.02,2.5,63.29749283229672,53,0.32075471698113206,-15.196787289385249,1.5618963398984307,a36a2a25ed291e0340e724427c7af3cdd21d380377fa65a9301ec388feefd05e,3.5
2013-01-01 to 2014-12-31 (two years),1268,79,0.04,1.0,-51.8098359146873,182,0.1813186813186813,-70.59348412478799,-0.9536846907934834,5da7422053bd252541819f54f9024bef71d38766c3b06c526e0a72480d6d26ca,2.3
2013-01-01 to 2014-12-31 (two years),1269,79,0.04,1.5,-20.433978596575685,136,0.19852941176470587,-50.55087685657325,-0.25029790348066283,cbcedde81d60521bd807bef24eac71665d57f7136c318600c5c80e97aed62e66,3.1
2013-01-01 to 2014-12-31 (two years),1270,79,0.04,2.0,50.903295461445516,104,0.25961538461538464,-19.654446190248407,1.0780956466398082,e94c5b1807f6030bdcbb037377307aad5ed71fb474efe770a9f7b8c364b4ef7e,2.9
2013-01-01 to 2014-12-31 (two years),1271,79,0.04,2.5,46.22819191816666,79,0.26582278481012656,-16.283200432903012,1.1380007961131635,80f479534bfee64b2d1431a53f5c220940c01d6639906b3a1304378efdf22b16,3.4
2013-01-01 to 2014-12-31 (two years),1272,79,0.06,1.0,-32.74845275337955,287,0.20905923344947736,-67.21788515454386,-0.2778271321225388,95cf6d559461a0a10f9cf1bd0416c4b781f727f892834ae8ce82bee15ea575e5,2.9
2013-01-01 to 2014-12-31 (two years),1273,79,0.06,1.5,-17.178945263997303,183,0.20765027322404372,-52.5750265128283,-0.09609021596466272,a0e4cee7afc3a926dfb6ba0e008cafc792cd2a57284aa71e6b7cc390a6889695,3.4
2013-01-01 to 2014-12-31 (two years),1274,79,0.06,2.0,13.923399472240813,126,0.23015873015873015,-27.959766828356457,0.44550241323770867,2d1aac4ca03343d6304a3839cbb8bd1a2036c658d2e50f42a583cd20c518a7a4,3.6
2013-01-01 to 2014-12-31 (two years),1275,79,0.06,2.5,11.071182027473492,83,0.2289156626506024,-24.729871998563425,0.4105458871769078,55ca67ae49a22912fce605379ee30d33ee998f485bf77c84207ea79ccbfbd61f,4.1
2013-01-01 to 2014-12-31 (two years),1276,79,0.1,1.0,-21.902784737466728,354,0.211864406779661,-67.9300963459201,0.01389262910562152,e310b9cda84e3e7177a9ed994b8284552d1eb280fdb82ffc7f71b90034f595c0,3.8
2013-01-01 to 2014-12-31 (two years),1277,79,0.1,1.5,18.153462495036802,212,0.22641509433962265,-51.73282331026827,0.49138765492378184,475c8fa8744bb333e3c3b36632169699e553fc129c34294a5d1b5cfb77bb32c8,4.8
2013-01-01 to 2014-12-31 (two years),1278,79,0.1,2.0,53.56770388641275,126,0.25396825396825395,-21.331478511524015,1.0342225344086267,fcb27f0af34fb039fef3719b5d604002398abe605c891460f7512b6644f4a590,4.9
2013-01-01 to 2014-12-31 (two years),1279,79,0.1,2.5,5.197193822452515,82,0.21951219512195122,-26.716118864870364,0.2717084608599205,74b145ef391dfe21fe6499a3c3a6a7fd2537ffb9291ab02aeb63fba8099fb9b8,4.4
2013-01-01 to 2014-12-31 (two years),1280,80,0.02,1.0,-27.18396123418987,109,0.1926605504587156,-51.961186421636185,-0.5315039805291408,7c6f62e7a3ffd009fcbd7a408ad737d2ddff95150d84791c45388a28a4934fb4,2.9
2013-01-01 to 2014-12-31 (two years),1281,80,0.02,1.5,-2.3072703384704765,90,0.2222222222222222,-33.55759378324928,0.09526765482851882,dae2fe3b6a9b4b3ae15ad4f67f29aa801f18521a6419a386e04c6f8e9f6488bf,2.5
2013-01-01 to 2014-12-31 (two years),1282,80,0.02,2.0,24.92950342693812,67,0.2537313432835821,-26.26862767303122,0.7456838664969706,2bd3f0a605e1b630f3b71ad6144a8f3df1be47ab79b58531e8fd80e6fa730c21,2.9
2013-01-01 to 2014-12-31 (two years),1283,80,0.02,2.5,10.099315429255508,50,0.24,-23.7963012656653,0.40835056701058237,2e383f28c9ad33e71a18c965836a757d108a31b81b87c3bc7bc9b7e81f3a5ae8,3.9
2013-01-01 to 2014-12-31 (two years),1284,80,0.04,1.0,-41.90074635289115,167,0.18562874251497005,-58.61368438591062,-0.6683511861338121,c1b2a6c866b2e69305ce51f10122549914357960e2faefebaf2a6d73aabcdfb1,2.5
2013-01-01 to 2014-12-31 (two years),1285,80,0.04,1.5,-31.24052746041101,129,0.18604651162790697,-57.318745191517465,-0.5290701102027687,b4e6efeb9860ee417942aa9764c742a14841f6af576da9988d9b47b82c1d3b35,3.0
2013-01-01 to 2014-12-31 (two years),1286,80,0.04,2.0,19.23114612514781,92,0.2391304347826087,-28.224367114491255,0.583777710020207,ad3e868d1b5cc489435fad709634d810a99a9e0078e6246a4742e90f0f71a787,3.3
2013-01-01 to 2014-12-31 (two years),1287,80,0.04,2.5,46.74120098591262,64,0.28125,-21.820752717852987,1.24329817372163,e362d1c1df7eff3b8f425c1a398854bb8dc8f9641bc6a33559b979e2c06a67c0,3.4
2013-01-01 to 2014-12-31 (two years),1288,80,0.06,1.0,-11.676904479758743,243,0.21810699588477367,-47.71523198191853,0.08542379761738086,eed812055d69d8820ffc5982ac6c6191e0a079515d41f821c0fdaad352d8e4d5,2.7
2013-01-01 to 2014-12-31 (two years),1289,80,0.06,1.5,1.54712496417122,163,0.22085889570552147,-38.195866671508824,0.2409340475903152,5bce8b7cd53c39e4a933ffab749bed9c65d07446ed588853b1d6a0cd10e10dd5,3.2
2013-01-01 to 2014-12-31 (two years),1290,80,0.06,2.0,37.67282637085826,112,0.25,-22.558608986933592,0.8550902555477904,608adae3b5e0edea276b08deb755dc361da058d0c55149cb8231d7d47ea38cf9,3.6
2013-01-01 to 2014-12-31 (two years),1291,80,0.06,2.5,27.229261856215775,82,0.24390243902439024,-20.05869806770234,0.7461864009830241,737d475801ac78f9166f74465ab3d1a89c1a4583c8ecda90ac08dc950ee17b33,3.6
2013-01-01 to 2014-12-31 (two years),1292,80,0.1,1.0,5.651125091748177,374,0.22459893048128343,-58.11826967641254,0.37107274457745004,644e3a3a6ef73bd0f0d99667498d254e64abbc92afed6f091d33c7301767e350,3.4
2013-01-01 to 2014-12-31 (two years),1293,80,0.1,1.5,-26.900660443593004,239,0.20502092050209206,-53.78496649076949,-0.22383150277263827,b220fb606486b977de3d21905446872d732e21476d2081567d7f937c364f3080,3.6
2013-01-01 to 2014-12-31 (two years),1294,80,0.1,2.0,-12.359987118373972,133,0.21052631578947367,-34.59787105966667,-0.07017629017486303,05ef37961c17095ca007ef587113f9bf7325a6c2e324565d38e4c2a4cb4fd977,3.6
2013-01-01 to 2014-12-31 (two years),1295,80,0.1,2.5,35.26885108640309,92,0.25,-18.090223719059374,0.8475094121066412,190454f13f19c2a888063f350dd6015af660559c1f66ed8f099ae28312d43bb0,3.9
2013-01-01 to 2014-12-31 (two years),1296,81,0.02,1.0,-24.006265340980505,108,0.2037037037037037,-55.2385042543918,-0.41065586644278335,f6eaa382fa0c9226aa8611cb9569dd0176ecd3fb8a8e8e3c0776cba14192cc4f,2.2
2013-01-01 to 2014-12-31 (two years),1297,81,0.02,1.5,29.077240833306366,89,0.25842696629213485,-25.972798950613296,0.7449303912310143,f1d379f336f52cf37e01a307588505a6f8ae727c4c8570a2c3e00fe8dee52ddb,2.8
2013-01-01 to 2014-12-31 (two years),1298,81,0.02,2.0,22.495661315208775,63,0.2698412698412698,-22.293408354093547,0.6804574550028231,39315c85e7df8c7300065cf27921edd3601bff117b439464dd72a407615cddf7,3.0
2013-01-01 to 2014-12-31 (two years),1299,81,0.02,2.5,35.79345369528883,50,0.3,-21.837264965869927,1.0417455409625191,f907a6dddd0f4dbd6bb28e1989a489683801aa497f6a3b6737f2bee626f9d883,3.2
2013-01-01 to 2014-12-31 (two years),1300,81,0.04,1.0,-65.75403041950061,196,0.1683673469387755,-74.72701715891932,-1.572542007863362,fa9b6ea32c3509e07673d89709e0c07bbc9d37c94ccccef84032c166ae0e05ed,2.6
2013-01-01 to 2014-12-31 (two years),1301,81,0.04,1.5,3.9744921909748774,147,0.22448979591836735,-52.52164437501104,0.2661575929604085,aea3eeafde02c852bf0cfd74ee059eb8c1c027bce8cdf00d50ba37fe86fb8e6d,3.1
2013-01-01 to 2014-12-31 (two years),1302,81,0.04,2.0,79.94548683877105,94,0.2872340425531915,-21.213152856797425,1.4372775480250357,b4a9b49f50990f4bcd5010468756806140ee8806d69f6ede1db65c78c756cf0f,3.2
2013-01-01 to 2014-12-31 (two years),1303,81,0.04,2.5,69.71003353707309,66,0.30303030303030304,-22.611602644558925,1.5322851997889566,b8473da72b079867f9bd5bc8f8d609087d98b68a9ed25c255a138b84ca224878,3.4
2013-01-01 to 2014-12-31 (two years),1304,81,0.06,1.0,-8.859607728677945,263,0.21673003802281368,-55.17983302153496,0.11386187403775186,1c09036070c2d700eef543863b81b2dfcb116c824346bcc6fd30117e2399c19d,2.7
2013-01-01 to 2014-12-31 (two years),1305,81,0.06,1.5,8.97574948450121,166,0.2289156626506024,-34.734692432074496,0.3560929843677262,d9b323fbc8e755f63c6d4bcfcebaaa0f65a3aacc724c72df8abec94c4114182e,3.3
2013-01-01 to 2014-12-31 (two years),1306,81,0.06,2.0,58.55037820903627,112,0.26785714285714285,-19.92686492502054,1.1431377185802942,07a00e3c3438e9fc18b02fca4c20c6599958024e3861542c226c2e5e5a545b8a,3.0
2013-01-01 to 2014-12-31 (two years),1307,81,0.06,2.5,33.460177063525016,82,0.25609756097560976,-21.719096961313365,0.8561987782950311,0e0f673eb7a4a3ab2bec800081e45ea4a5facc40e6291d7164d0e9372b7dfd89,3.6
2013-01-01 to 2014-12-31 (two years),1308,81,0.1,1.0,16.62432617560809,341,0.2287390029325513,-59.88742502228934,0.4833931680413434,c2ebe233b873c09f0e5356562ab7a12181b367d05d81707cb08c3840a3966c81,3.1
2013-01-01 to 2014-12-31 (two years),1309,81,0.1,1.5,5.544754370906145,202,0.22277227722772278,-50.41506063641912,0.3138568323259888,8925b3fcf4baaca2b5c233d176823f4d00e28b12735886201d3d824eb12df281,3.6
2013-01-01 to 2014-12-31 (two years),1310,81,0.1,2.0,51.26400487487411,136,0.25,-23.451295245937253,1.0049396628452205,fa733e6673c256cb745a4c92fcf3ddc0f0db676276368cdcf743f33152029076,3.8
2013-01-01 to 2014-12-31 (two years),1311,81,0.1,2.5,63.53268708209352,78,0.28205128205128205,-19.83791757531581,1.3841591971436118,1ab6359374f26eac604c8ea049313b57d1741c1cdfa61b5cb4e5a7015ecdd589,3.7
2013-01-01 to 2014-12-31 (two years),1312,82,0.02,1.0,6.65668021812944,125,0.232,-37.96991036607664,0.3101262099615578,30f024eeee7ad67e3c4a8dc8f6803c88fad950bc33f5f0cc4f944d4c7df126fe,2.1
2013-01-01 to 2014-12-31 (two years),1313,82,0.02,1.5,-17.096718142254684,108,0.2037037037037037,-46.46846427221024,-0.2350813178670302,0e9f9fd6f70217444fd184d5c9f0ba1b12fdb0463aa8e888dea2351e254f5104,2.8
2013-01-01 to 2014-12-31 (two years),1314,82,0.02,2.0,-10.589896446003381,82,0.2073170731707317,-32.831213549885554,-0.14648052623923422,b04296608ac7a9e291094c704996b1d6858ef757e21687caa018070857c46e89,2.7
2013-01-01 to 2014-12-31 (two years),1315,82,0.02,2.5,16.273925829423995,70,0.24285714285714285,-21.273391735594004,0.5413721894944598,c9d428dab9de8dbcdfb4dab3ea66570e387851acd7d64f48cb3e503feb3427f3,3.2
2013-01-01 to 2014-12-31 (two years),1316,82,0.04,1.0,-58.19599989627494,201,0.1791044776119403,-71.54244922081547,-1.1727510055572063,be4572bea1a1e6beb16aa5860caf934fca261e1c65a4568a464df02ac3c4e21b,2.4
2013-01-01 to 2014-12-31 (two years),1317,82,0.04,1.5,-31.28639128059684,156,0.19230769230769232,-58.71330736743471,-0.5147889448484099,228242ef9536f93999d5a68c39aa93896b4504f8c2d3a28ed2f1b2a6be33e3ea,3.0
2013-01-01 to 2014-12-31 (two years),1318,82,0.04,2.0,41.09927615443817,102,0.2549019607843137,-23.360096284299125,0.909808742011446,2d8d20439ca8c01df4149a8eadb07924d1d2b437ff6fc525cbac503f22bfe33b,3.1
2013-01-01 to 2014-12-31 (two years),1319,82,0.04,2.5,48.453110061026955,78,0.2692307692307692,-16.65452857241194,1.1449029084816542,ff3fe1dc6410481e83ce7ae2a6c962f049aa5c6e0ca969ec7a1e60e86aae5de6,4.0
2013-01-01 to 2014-12-31 (two years),1320,82,0.06,1.0,-9.291934553348922,217,0.22119815668202766,-35.9976054394773,0.12464709257138573,cbb65defaa3986e9f5f2e26a4dacd695dba9eb0e3535bf2ffe607ce307413e1b,2.6
2013-01-01 to 2014-12-31 (two years),1321,82,0.06,1.5,67.86716879146785,153,0.2549019607843137,-22.937153789196074,1.116089318457094,23089bbfe58b571ab190710e8643b0188d7ca7932b9472169ea36a5186a50ac5,3.2
2013-01-01 to 2014-12-31 (two years),1322,82,0.06,2.0,79.5301837738417,104,0.27884615384615385,-26.103205875451575,1.3739027449571584,026a2f793298672605f355cd75f1f12eda396487e40f1b04c67885253168c52f,3.4
2013-01-01 to 2014-12-31 (two years),1323,82,0.06,2.5,67.39139448443538,72,0.2916666666666667,-16.14657898147329,1.4475707066273127,907cc3ee2261e5fbf88186929d43e17ffc9ed121aee05be05db3e578d17866d1,3.5
2013-01-01 to 2014-12-31 (two years),1324,82,0.1,1.0,-22.465823598922302,353,0.21529745042492918,-59.98194762167004,0.01575519768568786,702ba6f61afb1ef5a8a544c4056e045fbdf5cca574224af7c7a7183d774c8abd,3.2
2013-01-01 to 2014-12-31 (two years),1325,82,0.1,1.5,7.625368776618087,221,0.22624434389140272,-41.72937779210284,0.3487004282925502,ef50a6af47bb2652921ba8c07800716e99eb0e953829c499c7df2846df752f7d,3.7
2013-01-01 to 2014-12-31 (two years),1326,82,0.1,2.0,23.735388820589456,126,0.23809523809523808,-34.78627495718787,0.6020155307058596,ebea78977f8e5e647df735c1c3286bfaee4e7507b8f95c8e6e1c1410eb3237d1,3.8
2013-01-01 to 2014-12-31 (two years),1327,82,0.1,2.5,8.69562007571659,84,0.2261904761904762,-21.19450718172874,0.35248322139354976,50403d77085c4a9bbbd1fd87b4f8a532feee699f0163ba66dff6aa0e66f84bc7,4.0
2013-01-01 to 2014-12-31 (two years),1328,83,0.02,1.0,-45.90593707230764,102,0.1568627450980392,-55.57158463724756,-1.3114177291210667,8343ac388bb81b99fc7830a9d62e5235956947140e366d9904bc0d7edf3ed836,1.9
2013-01-01 to 2014-12-31 (two years),1329,83,0.02,1.5,13.40139759965221,88,0.22727272727272727,-22.111833212962672,0.46645716685681865,19ac552dd3a822c367626339a5bfe6cb14808412aa847f73d4a9bb4f234c8114,2.2
2013-01-01 to 2014-12-31 (two years),1330,83,0.02,2.0,37.91683990577136,73,0.2602739726027397,-23.938195879383784,1.0198203928959357,fbb2555169efb5e675a21dbd0c65cb2e384101a053921f510cb7f0a86cd6367f,2.6
2013-01-01 to 2014-12-31 (two years),1331,83,0.02,2.5,30.619959952087495,57,0.2631578947368421,-21.778796825897707,0.9602575517862758,be1bd47368ab487acab584ae008963d14e6d9bc471d5d2599d1be666ca948112,2.8
2013-01-01 to 2014-12-31 (two years),1332,83,0.04,1.0,-28.44123713595817,206,0.20388349514563106,-50.324472713400056,-0.2917062814349215,3fad6654e8233ca939921c1aa66238cbd69a4f902200b5f2c108a5fdaf4aa400,2.5
2013-01-01 to 2014-12-31 (two years),1333,83,0.04,1.5,38.17520304032001,159,0.2389937106918239,-29.78904599160743,0.7900757605231036,bb0f758be97c704bb4a838b8d11c5d59bd98de7471c93ee87950f942c95bd072,3.3
2013-01-01 to 2014-12-31 (two years),1334,83,0.04,2.0,3.822284712351969,99,0.2222222222222222,-43.987100328635385,0.24878686258942406,248d588f071cb87861fc5ae7cfda833c9de7ecc7327ac73eacca596eedc3ac96,3.6
2013-01-01 to 2014-12-31 (two years),1335,83,0.04,2.5,41.14758551000761,67,0.26865671641791045,-20.33766211534651,1.0554090841032093,4d9da268e610ad3d06065fb240f90d1eef6877dbd191b50204a317b1ba8a6f78,4.6
2013-01-01 to 2014-12-31 (two years),1336,83,0.06,1.0,14.834633068733591,229,0.22707423580786026,-40.08152558383703,0.4467043593357575,3d772c2880940a364323be52d603f53411de1f536d2ce2e4ae02d72f6466b4d1,2.7
2013-01-01 to 2014-12-31 (two years),1337,83,0.06,1.5,10.21871801446296,166,0.22289156626506024,-41.52855251927926,0.3759644434754757,cda02a0ced1a5efbc716ae7d3158a85acf27b2eb2fd0b7bace75489e09ee8a99,4.1
2013-01-01 to 2014-12-31 (two years),1338,83,0.06,2.0,35.97551355587904,128,0.2421875,-27.47061772031172,0.8165298562836878,16ea4f6c18f3237eb643e65a350c7cf9f1b0ca4605310d3405b4b204407e42e8,4.2
2013-01-01 to 2014-12-31 (two years),1339,83,0.06,2.5,27.229963196549207,90,0.24444444444444444,-28.604878889810827,0.7386625467810884,8d1697534cc72ca48fb693adea7eb2668ae6be2b667ebd6b152e4f9311e332ee,4.6
2013-01-01 to 2014-12-31 (two years),1340,83,0.1,1.0,-42.156950541439365,334,0.20359281437125748,-71.80573287615692,-0.40251194018885256,75d2a76711baaa7974ac622801a9651e8810e7b34ba514775e8f55848ca394b1,4.5
2013-01-01 to 2014-12-31 (two years),1341,83,0.1,1.5,45.7724722625285,183,0.24043715846994534,-26.409997276482965,0.8402324131536075,bd2b4e039a467fd2b9bc34b23684a2df464bab2e63af0bf9cbab58543b30cd9e,4.9
2013-01-01 to 2014-12-31 (two years),1342,83,0.1,2.0,11.25423292432439,127,0.2283464566929134,-29.48045081764893,0.39447569378296965,299dce5149c6d9574f0e00c1e740ab13439b00ae7fc869ff9c69b2079d75de9a,3.7
2013-01-01 to 2014-12-31 (two years),1343,83,0.1,2.5,55.86993425631051,70,0.2857142857142857,-20.443148116387423,1.2582655627227148,30584d6f66ccadae61e784fa890c70a1dec070782d0e152e3dfb00f05ace6821,4.1
2013-01-01 to 2014-12-31 (two years),1344,84,0.02,1.0,-54.36205823477012,111,0.14414414414414414,-56.99657825077824,-1.5705203509315697,1fc44a0f29bf2d2b8a82501669f3c71ca6b265ba5f93d7d6fadf0ddf13926246,2.2
2013-01-01 to 2014-12-31 (two years),1345,84,0.02,1.5,-65.2174213436691,93,0.0967741935483871,-65.2174213436689,-2.614406860064291,a79d83782c838639a9935b81d84dbe52c81ea20a3ba8e5e46e5de8b3bcb6e6ad,2.2
2013-01-01 to 2014-12-31 (two years),1346,84,0.02,2.0,-16.075325625969292,83,0.1927710843373494,-32.973617843295514,-0.34426795891804146,e7d05df108a64860ed14bbfa1a215c133069cb7d1a2584fd43273c342af01a19,2.7
2013-01-01 to 2014-12-31 (two years),1347,84,0.02,2.5,-18.73858706800952,70,0.18571428571428572,-30.168277579428647,-0.4687231809641622,d8359f4116a34babba64b7e5bd886badfcac7bf0a8895f90c1dd3475a1caf9df,2.7
2013-01-01 to 2014-12-31 (two years),1348,84,0.04,1.0,-49.75021559328942,203,0.18226600985221675,-54.295217339313304,-0.8482003196045298,b179aa509bd7dfdcef3a1caaa7e8aff31eb160e7ff2ed09b47bfcc93fbf403f8,2.6
2013-01-01 to 2014-12-31 (two years),1349,84,0.04,1.5,-29.067674579435838,155,0.1935483870967742,-48.87605126122663,-0.4226678417713716,253f92282d61707a606ca1cb516b830a98c8f8a99f972e41053e6d9ce9f758cb,3.0
2013-01-01 to 2014-12-31 (two years),1350,84,0.04,2.0,-2.0798397273106883,94,0.2127659574468085,-30.844068718361683,0.11601296539580391,79a684bd12659b894384bcbe86f5c83079e6b8215dbeb2a37161fc4162c6bc49,3.6
2013-01-01 to 2014-12-31 (two years),1351,84,0.04,2.5,28.609481520754137,67,0.2537313432835821,-28.215148807140523,0.8110300128445109,52d7f56f55caa237cdd02958fb79266e34e4f30dd16578bc1203f63a61d416a7,3.6
2013-01-01 to 2014-12-31 (two years),1352,84,0.06,1.0,-9.27797574785457,257,0.2178988326848249,-61.527259265352576,0.09556203830615403,71f26bf14f3ce5a17ba55e8ea0708f9b9c7c8707f34ef345e1ce8e80d6b2db1f,3.1
2013-01-01 to 2014-12-31 (two years),1353,84,0.06,1.5,31.809107848974318,162,0.2345679012345679,-46.62305886336803,0.6901168298995038,b3bf0297e2aeecd17dc4a1728ad8be5ded3928bf4919c8184b0a3415f5c6d9e1,3.7
2013-01-01 to 2014-12-31 (two years),1354,84,0.06,2.0,73.36515109274924,110,0.2727272727272727,-22.831541811449828,1.3376980749251652,b7e131a319305716c32afa538bc83ffb2aadeb399038a6e468c622aeb1ef37af,3.6
2013-01-01 to 2014-12-31 (two years),1355,84,0.06,2.5,17.640698535855748,71,0.23943661971830985,-18.46605392971504,0.5660689180967041,a94d6bb47137068b1e5bd636e68c748c27c69552db6f586cd4daadb0e0385785,3.8
2013-01-01 to 2014-12-31 (two years),1356,84,0.1,1.0,15.981090774977197,331,0.229607250755287,-59.390662163861684,0.479863409614026,52d27bda36538fe114430d698521de4290a808d5b602dc3a9fe64ac6ef56bf75,2.9
2013-01-01 to 2014-12-31 (two years),1357,84,0.1,1.5,0.8205407453544321,212,0.22169811320754718,-40.06857408215916,0.24964443414175605,7ac7abbfe721115f7686caf2dc957f91e1d76e45a5767b14b1bea6e8295c651d,3.3
2013-01-01 to 2014-12-31 (two years),1358,84,0.1,2.0,48.22672313942751,129,0.24806201550387597,-21.954197948174258,0.9549064536811914,0018b9ce73ac09ef0a5546bd236951641fbac6e49b320c69b550853dee10889c,3.9
2013-01-01 to 2014-12-31 (two years),1359,84,0.1,2.5,60.46896057502514,84,0.27380952380952384,-25.507337919420024,1.2724594395900057,a7dd4d6aa60b4750159fe7089aacb9d4b63299f619472bd02c356c7599f28589,4.0
2013-01-01 to 2014-12-31 (two years),1360,85,0.02,1.0,-17.451068865526832,99,0.20202020202020202,-35.95143462646777,-0.299363461586087,a379d2ace79267d77cebcfc9b2e2a7bdaddb58891e2979a1f78bd37c9a215f23,2.3
2013-01-01 to 2014-12-31 (two years),1361,85,0.02,1.5,11.700846307125733,82,0.23170731707317074,-29.089414900320875,0.42400517213843825,a2adbb69c474e37a95b609e5fb0e6c57d8e32d47c9b17ea2dada146552982a35,2.6
2013-01-01 to 2014-12-31 (two years),1362,85,0.02,2.0,-7.54290645626737,73,0.2054794520547945,-37.60037642408206,-0.0931222231295452,07af0189d783144b13959fa1588707fe85cd675f12f1b7e8056aebd5f3838b9a,2.5
2013-01-01 to 2014-12-31 (two years),1363,85,0.02,2.5,9.4515263118862,65,0.23076923076923078,-29.206897270762823,0.3998479222688084,38efd986fd77c433005d4658849b106cc7c068c6e77e4906f1f5a3617fa31eed,3.0
2013-01-01 to 2014-12-31 (two years),1364,85,0.04,1.0,-58.4323140223923,203,0.17733990147783252,-73.39936536003286,-1.2134305484489456,f9b930a46f4be43e73120e82c22ab58b4454143e9f81f24d54d3c73205c416a5,2.6
2013-01-01 to 2014-12-31 (two years),1365,85,0.04,1.5,-38.22605332435977,149,0.18791946308724833,-61.80812017718922,-0.813702087241265,7a9fcc62190c7b1695a2b135901059ac2c9687b7f06e7a797404def121e59819,2.9
2013-01-01 to 2014-12-31 (two years),1366,85,0.04,2.0,-18.662212581617478,118,0.2033898305084746,-44.53443452902594,-0.36381446313692933,f0ed3c5c7d4124b6c3bdd9ae9b4a80200319c48b2b2d080943d961881f284eca,3.7
2013-01-01 to 2014-12-31 (two years),1367,85,0.04,2.5,3.431209664511069,82,0.21951219512195122,-33.35384466967295,0.22421292582326496,80b8e5325e6b6200fe290f04e99f43c05417b82829394fd209e360413b1322ea,3.6
2013-01-01 to 2014-12-31 (two years),1368,85,0.06,1.0,-43.85267318711687,264,0.20075757575757575,-63.70288751749853,-0.5366519983696726,dbbdaf7e392c879d4cd447949f697731f75ea5441916cfdcf643da43145beb58,2.9
2013-01-01 to 2014-12-31 (two years),1369,85,0.06,1.5,-26.1687015282681,191,0.20418848167539266,-60.601754106139204,-0.29116910682589625,fa5df1ad4d2b2874543b3f4c99b3ef4bb7d500f4f5615dcb628b1f3e0c52942a,3.3
2013-01-01 to 2014-12-31 (two years),1370,85,0.06,2.0,-7.668287037878127,127,0.2125984251968504,-35.65522359284522,0.029691046048747123,2a4eed3590925b2608d7298fc6947b31656230738bb23835f31c2ccd62090c9e,3.2
2013-01-01 to 2014-12-31 (two years),1371,85,0.06,2.5,20.344398427168937,83,0.24096385542168675,-23.2063453199435,0.6053983945992091,56fb18af833c0c94dc9f9660ff709fc3df15e0ffb39de88806f7eb91e6af049d,3.7
2013-01-01 to 2014-12-31 (two years),1372,85,0.1,1.0,-14.364950054032047,348,0.21839080459770116,-51.076874666235085,0.10925258835455491,0a12a2ea082e503f8735867c91f0851e42934e2a07354b3c8c45281869cf9562,3.1
2013-01-01 to 2014-12-31 (two years),1373,85,0.1,1.5,22.934020227326062,197,0.233502538071066,-38.94069601414518,0.5520912859310874,43cd206bb1fa9273fcf2664aac5aa63d7f49ec14491c4e279c418292fd83f52f,3.4
2013-01-01 to 2014-12-31 (two years),1374,85,0.1,2.0,14.09126522205435,116,0.23275862068965517,-25.63304591588832,0.4478012520238964,9e3c5b0c1bb3904486fbdc973642025057f5b2599d8a1e979fca828f75d9de28,4.0
2013-01-01 to 2014-12-31 (two years),1375,85,0.1,2.5,33.366294367108786,68,0.2647058823529412,-16.177813854821586,0.8857899407667298,9d111e4eb7f72d5791ff026176271a7411923ccfea63bb2d384f375f6752d35f,4.1
2013-01-01 to 2014-12-31 (two years),1376,86,0.02,1.0,-54.25961715952112,114,0.14912280701754385,-66.36269592295608,-1.6471004221843653,0966df457a1b59b641cc02b22f5a3e0af8caa77fc21679528bedcd96c581550d,2.2
2013-01-01 to 2014-12-31 (two years),1377,86,0.02,1.5,-53.43442061147422,93,0.12903225806451613,-53.762879819042155,-1.7305624637601333,fd582ed079488c37e3040d7c4939a8a00e659f2eccef1797869531d095a5935b,2.5
2013-01-01 to 2014-12-31 (two years),1378,86,0.02,2.0,-21.452681071747506,81,0.18518518518518517,-30.947745425246566,-0.4698673807725607,4c336f9bca26e773c58f6661dfdf63e3846a24d86deab0d26a2ea2386bcb9255,2.6
2013-01-01 to 2014-12-31 (two years),1379,86,0.02,2.5,-0.7858734136299496,65,0.2153846153846154,-16.877844255812757,0.09930256819600593,55e183c3b406ca10092f84dd57cad8500f5aef2ab32610fa58c2955953d3b191,3.0
2013-01-01 to 2014-12-31 (two years),1380,86,0.04,1.0,-56.75555983617866,211,0.1848341232227488,-67.76757606574219,-1.099874580827137,ff49fdad9a279e1ff85269dbcbd487b94f5c074d09722631b63fffa9d8d5dfdb,2.6
2013-01-01 to 2014-12-31 (two years),1381,86,0.04,1.5,8.172709677956815,151,0.23178807947019867,-34.27638814835709,0.3379438528840377,cf8d52a0a827d9a5fdcd9daf22f2e8b736d4a23ea720409bf694f441fb68d769,2.9
2013-01-01 to 2014-12-31 (two years),1382,86,0.04,2.0,108.91107531273698,97,0.29896907216494845,-20.480931813455694,1.7236887438275608,d4ceebcb8c592d1337e88f23d67a08441903af20b4e2f42d5ef4a30e8a4f5034,3.5
2013-01-01 to 2014-12-31 (two years),1383,86,0.04,2.5,29.890699643349382,71,0.2535211267605634,-26.884112679829798,0.8050339593720609,db4d38d9e91089e3a3cab534223919f23a33a529855855765abb01679fe8154c,3.5
2013-01-01 to 2014-12-31 (two years),1384,86,0.06,1.0,-31.187187823488237,268,0.20522388059701493,-48.85250893026416,-0.2736886927994901,f31497295e8ce489f77c74a83cefa6497112bb83ce918b9bd67d3aa2655d8903,2.9
2013-01-01 to 2014-12-31 (two years),1385,86,0.06,1.5,-5.842246465183823,181,0.2154696132596685,-47.11807201196735,0.10822485299042607,61d481a2fb2cae49e4b22497b717f25c6aa6494b64bafd8efda7491df3a68eb6,3.4
2013-01-01 to 2014-12-31 (two years),1386,86,0.06,2.0,-0.7649703134845323,130,0.2153846153846154,-31.146928742375035,0.15738684017793658,da16367e23ce515169fcc8529a85140ea5a0a9d96bc79eec8cdb80f654b71464,3.8
2013-01-01 to 2014-12-31 (two years),1387,86,0.06,2.5,97.81074283403593,64,0.328125,-17.479192839936474,1.946908539295995,6047beef8436672756d5136bcbf046963c662d53b88f6479247222b7e500619b,3.8
2013-01-01 to 2014-12-31 (two years),1388,86,0.1,1.0,-26.344328150155516,347,0.2132564841498559,-55.176511052756894,-0.0810872809461655,da894dffc53454303ef0fa6aa3532e69dd96a71b0b01910400ad3ff838f2ff57,3.2
2013-01-01 to 2014-12-31 (two years),1389,86,0.1,1.5,27.10315205987872,194,0.23195876288659795,-36.30673107215504,0.6063731620202824,424567b84671aaeaed70fb5a6f52ab17392778e2e2bc82f1a0c099c48c41acf2,3.7
2013-01-01 to 2014-12-31 (two years),1390,86,0.1,2.0,33.872249576754285,118,0.2457627118644068,-28.77869960904318,0.7741769703646164,193611f4d7293124798f23e6e5f084e986e87310dfc1c7f7d8139bc63d653629,3.6
2013-01-01 to 2014-12-31 (two years),1391,86,0.1,2.5,75.22170222513779,84,0.2857142857142857,-22.889897125768044,1.5219371003878615,f9730c90554019d6e493703edf479196d49f2ca5ca6d54932b172f785991ae58,3.9
2013-01-01 to 2014-12-31 (two years),1392,87,0.02,1.0,-40.32796289285843,106,0.16981132075471697,-46.3860900882329,-0.9982197965969611,45589a17bfdde5c95e04506575999668ecacfa9dd391a76dde1c56fc99a01f5c,1.9
2013-01-01 to 2014-12-31 (two years),1393,87,0.02,1.5,9.613743152502959,87,0.22988505747126436,-30.88145378248016,0.3665587472299435,32d9949adc363a99c4eb43d9a0661891b9fcb4575b970f5177c635644e3b50a3,2.5
2013-01-01 to 2014-12-31 (two years),1394,87,0.02,2.0,51.79518521499538,58,0.29310344827586204,-12.58273656949308,1.290663065261636,db905cda156c57ab5ad1308d756f13e247b44c325b0dc243d72eec1769c4b53c,3.3
2013-01-01 to 2014-12-31 (two years),1395,87,0.02,2.5,45.42371444903196,52,0.28846153846153844,-11.57093180554163,1.2026848990997039,af1b52ad491f8745a8c43dc66fa25065126fec90cc410eb58b8fd84ebff1d714,4.4
2013-01-01 to 2014-12-31 (two years),1396,87,0.04,1.0,-15.376131412377623,196,0.21428571428571427,-45.40591811224627,-0.033124809301869666,3bbccc8e5a74b19fc7a275b614cb185d32452df8080ebf2ee5bf9bf738507028,2.6
2013-01-01 to 2014-12-31 (two years),1397,87,0.04,1.5,10.945901606821156,146,0.22602739726027396,-39.84766438765287,0.386637439414175,491048fdc82cc22ad4264c22f4a1427d514f0acbd05211afe7cf3071e5640398,3.8
2013-01-01 to 2014-12-31 (two years),1398,87,0.04,2.0,64.46179866158229,103,0.27184466019417475,-18.97943857929574,1.2296867351320322,f54ef99bda5cdf3e9d9dd2df54ee77434d01357933766c0be860969967616081,4.3
2013-01-01 to 2014-12-31 (two years),1399,87,0.04,2.5,48.688411484363805,68,0.27941176470588236,-20.289342027608516,1.1849220088872021,594fef7911b31055bfe1832624327c4f06605bc0a64fe6e6990fa5224a86c28b,4.6
2013-01-01 to 2014-12-31 (two years),1400,87,0.06,1.0,-64.93891280377082,283,0.19081272084805653,-77.6845680840061,-1.1139147088145578,23130e314863aa29ce8fa8419b8004e1ee9c812b7a6c76e060a38c1fe3bf1e41,3.8
2013-01-01 to 2014-12-31 (two years),1401,87,0.06,1.5,-22.467487892823865,169,0.20710059171597633,-59.73807656448087,-0.22997449071932932,40b7aad53e7817d9e1ea4c44a86ff0dba71857b94adcc1bafc466a50e7cdca5d,4.2
2013-01-01 to 2014-12-31 (two years),1402,87,0.06,2.0,7.74250665595185,120,0.225,-39.48967851422302,0.3286270946310523,624d54c53caa119fba9714a6a48ed55a78e6c633f194289e9119d11010df6e26,3.9
2013-01-01 to 2014-12-31 (two years),1403,87,0.06,2.5,12.724365364506914,73,0.2328767123287671,-26.88581525250868,0.4449945040103495,b9f5d61da7cb86bc5aa49f3df11ab3e4deccd23d4029aeed8544e0ea5ec66b6d,4.2
2013-01-01 to 2014-12-31 (two years),1404,87,0.1,1.0,-22.27999999399714,354,0.21468926553672316,-51.21384425036003,0.008828745418598625,3539d6b4c56aeefafc649a5aa2ea71ed5669d2bed9e64547168ac1cbe11e736a,3.5
2013-01-01 to 2014-12-31 (two years),1405,87,0.1,1.5,30.250709602156906,202,0.23267326732673269,-32.11478053346565,0.637778434728767,a899817ac0cda51c1b2a6a08b29d1fbeb90578faa5e4c225cb9ed27543f244ad,3.8
2013-01-01 to 2014-12-31 (two years),1406,87,0.1,2.0,53.04201445925158,126,0.25396825396825395,-20.04677826106118,1.0345010258083267,6a4b252cdf7cf1d2e07b125583cc026655b9e1c482bff0bda845c1b84cde817c,4.0
2013-01-01 to 2014-12-31 (two years),1407,87,0.1,2.5,36.976824629432784,91,0.25274725274725274,-18.731440535702315,0.9270448388733663,c0a93dec35327477c60887d5084520b7e8ceb6cf11c022945cf491be1ad3753b,3.9
2013-01-01 to 2014-12-31 (two years),1408,88,0.02,1.0,-32.68964322758557,123,0.1951219512195122,-39.61535059987236,-0.6366138161149998,d52a1b27d012e39aeda2f752addeaade4122e489bef3e486008eec42aa0b6fd4,2.1
2013-01-01 to 2014-12-31 (two years),1409,88,0.02,1.5,22.610652297089125,102,0.24509803921568626,-35.70817484208758,0.6225327998136374,4b6edf1c3e9967fc52dfb5685757012744e30d3031c777a80cdfbe1a867430d3,2.5
2013-01-01 to 2014-12-31 (two years),1410,88,0.02,2.0,25.091427204828975,88,0.25,-23.025943715854357,0.7178983404046642,ee4976ac01ef746b4747d09f5321a0118d787c9b928cdabd2c11aab59292296a,2.5
2013-01-01 to 2014-12-31 (two years),1411,88,0.02,2.5,54.00360714405019,66,0.30303030303030304,-18.437888753556773,1.3438236967071857,4d9a4533ebcae867ddebd5eb92f84f905aa8f5043ac7eec10a86117f6a9ceaef,3.3
2013-01-01 to 2014-12-31 (two years),1412,88,0.04,1.0,-26.976360185568566,220,0.21363636363636362,-47.98702901858747,-0.2589421046282618,f6ec2ea37d3ef2b43427bab6490ff795a689eb5409dd2d8008468ca4168a792e,2.7
2013-01-01 to 2014-12-31 (two years),1413,88,0.04,1.5,-25.804415561836556,157,0.19745222929936307,-47.12648762394627,-0.32231461546918294,1027bec2fdd4ba6d9f2f67fb2ea1df2aed0db5547ea2b739c5862bcfec35801f,2.8
2013-01-01 to 2014-12-31 (two years),1414,88,0.04,2.0,-34.8773578759493,118,0.1864406779661017,-46.429583670100385,-0.7277361867017074,141d879b17feb815dfd13a81eb5656fff3901b0cbef66c1ef1059b75f771a9c4,3.6
2013-01-01 to 2014-12-31 (two years),1415,88,0.04,2.5,5.315881940854512,86,0.23255813953488372,-21.727666000160262,0.2742407882292597,ea743bcd20dfbbe66baa01e0eaa55ab6a3e7f5c10bc3d6883289959d18760309,3.8
2013-01-01 to 2014-12-31 (two years),1416,88,0.06,1.0,-50.66123901135051,251,0.1952191235059761,-71.94143788669209,-0.7215570312201317,ca89e682e16b5b218c833d0d95dd87dbe21c077fb6b4464bbe137f4e763eb664,2.8
2013-01-01 to 2014-12-31 (two years),1417,88,0.06,1.5,-24.079019679380494,186,0.20430107526881722,-53.440433474026314,-0.23339163494749443,4078792c41e91a23a64a23bddc19d4405a4beaef982773abf367deda5ba9d649,3.2
2013-01-01 to 2014-12-31 (two years),1418,88,0.06,2.0,7.339138572381524,115,0.22608695652173913,-26.708056693095873,0.320787726995543,59d8d80d33c7502296b70bf683be4dc70bddfbd71424a2cb9bc12cf8d81e91be,3.7
2013-01-01 to 2014-12-31 (two years),1419,88,0.06,2.5,10.728461677750506,74,0.22972972972972974,-19.81664538190936,0.405783744345947,471b106b6ed8197d3c93336446250628598ca061dce8b33a37c940cd680776bd,4.0
2013-01-01 to 2014-12-31 (two years),1420,88,0.1,1.0,32.1480627398465,327,0.22935779816513763,-58.78179424228105,0.63466546942092,0dc8670ae5e30348ca38d0d2c1af6560644ce4b54cb9fbf6bd004383e2493442,3.3
2013-01-01 to 2014-12-31 (two years),1421,88,0.1,1.5,108.5609873591089,188,0.26063829787234044,-36.29111310564327,1.402135688497788,e894037364740deadabd62ff87d6fe5b02beb250649d514b1e416282f48d7d94,3.8
2013-01-01 to 2014-12-31 (two years),1422,88,0.1,2.0,43.619482889532634,121,0.24793388429752067,-30.83714198372004,0.9204211757346084,5fdfe62076c4f4bea147b2370381398737d43f118c1727f73ee782ac9ff5bad4,3.6
2013-01-01 to 2014-12-31 (two years),1423,88,0.1,2.5,58.15122811873713,75,0.28,-25.38308392032791,1.2926971236203544,545a51687a3a51372ba976fd1ac76bed2e14e5bce5b4f665f01ba0494c4cbec1,3.6
2013-01-01 to 2014-12-31 (two years),1424,89,0.02,1.0,-26.453169130916336,86,0.18604651162790697,-44.73541393796783,-0.6570231367191846,30e4063893847de7a529320d57eec714ea38ba56d85657108557938dff7c8466,1.9
2013-01-01 to 2014-12-31 (two years),1425,89,0.02,1.5,21.868259563312105,77,0.24675324675324675,-33.89051433006187,0.6694990683747096,28d4e5e4359a2055d4f16c08757ef44fc7b066458bd88c726f17f15d1d9ce788,2.2
2013-01-01 to 2014-12-31 (two years),1426,89,0.02,2.0,66.17390770689815,63,0.30158730158730157,-16.947937135749093,1.6352720806595313,6b09eabbd464df5078dbb6b4ec41bfc5f99f2a7d0cf01fc81d42252b24925051,2.6
2013-01-01 to 2014-12-31 (two years),1427,89,0.02,2.5,64.93508031383459,50,0.32,-11.470562860100475,1.5608031233241695,31a77d61dc1d03b65462bebef5a061a0bcc6062cb6f9a7cc9a4594a1085bc520,3.4
2013-01-01 to 2014-12-31 (two years),1428,89,0.04,1.0,-46.98406160002857,196,0.18877551020408162,-61.110498685736125,-0.812989154870444,9d68d89dab2c0118cd7447dbe05e67eedbba3fc41b0cfd458a9f8b806c2c9656,2.5
2013-01-01 to 2014-12-31 (two years),1429,89,0.04,1.5,-26.113555603501894,146,0.19863013698630136,-42.27438462334949,-0.35307444121699627,fcbcd8ee778183efb2be3a56f0ff45814788596ff50f1787e97096cad1ad9aeb,2.7
2013-01-01 to 2014-12-31 (two years),1430,89,0.04,2.0,-28.44001033246526,107,0.18691588785046728,-43.061063048249736,-0.5851437345479804,bdf1e554d5bd99a29b538809def5d43ab394cb6fc35ae0f2ef2e937e512eb09e,3.5
2013-01-01 to 2014-12-31 (two years),1431,89,0.04,2.5,43.665994602785766,70,0.2714285714285714,-21.19368917596075,1.0384393471425517,c971411384cf00fe0c22dc3e60a80d71a59c488f4b23ba82902e0b16db79fe58,3.5
2013-01-01 to 2014-12-31 (two years),1432,89,0.06,1.0,-4.380740674948056,278,0.21942446043165467,-37.756557953285544,0.18973726134812713,54a139f9bba07bac001aec8ead41a96d9ea0e8c1fc6c431f6af445416dd3e500,3.0
2013-01-01 to 2014-12-31 (two years),1433,89,0.06,1.5,14.48978505656308,171,0.22807017543859648,-33.64366094827328,0.442162166263134,650821a9af2c71bf9ab146e8bd81619d3a323df194258e158ebced3ce126eb00,3.3
2013-01-01 to 2014-12-31 (two years),1434,89,0.06,2.0,21.26341761970083,123,0.23577235772357724,-32.046508471199516,0.5721603417490635,3e629427791fc35332fce0004d4cbf9efa15990f2d3fc80643de491fb9e40a8b,3.8
2013-01-01 to 2014-12-31 (two years),1435,89,0.06,2.5,11.86439300029131,78,0.23076923076923078,-22.95920959314881,0.43584647428419115,52e7875ab09d9d36af6267088d3f819d84c8c92620fc8b27804734aec5bfd8dc,3.8
2013-01-01 to 2014-12-31 (two years),1436,89,0.1,1.0,-36.45337197502491,367,0.2098092643051771,-61.97942390779827,-0.26254832227018554,e79c19905dcc5e051a48d6516a3ba7c4fb17269837c3ae0cb109d58b4667e0e5,3.0
2013-01-01 to 2014-12-31 (two years),1437,89,0.1,1.5,-13.035154176816421,218,0.21100917431192662,-48.65616427763456,0.012960347674159814,6f6bab5a9db869da0edaf3623df2948afe55654f50347c85e0ccffc98cddee3d,3.5
2013-01-01 to 2014-12-31 (two years),1438,89,0.1,2.0,23.755336297486537,136,0.23529411764705882,-35.32680445745615,0.6033810586136962,f63babb577424c1f1c668d781724ee53c8a375d8cb30eb5abc538909b20f25e7,3.7
2013-01-01 to 2014-12-31 (two years),1439,89,0.1,2.5,52.52964565702707,90,0.26666666666666666,-20.693142490593395,1.16053137035411,3f08795b4e6ba8b2e35cb35cb8b9f4b47345486df05033d41c0f489c12e74f90,4.0
2013-01-01 to 2014-12-31 (two years),1440,90,0.02,1.0,-28.184314967599956,112,0.1875,-54.381070683458944,-0.539818053023466,94987831276c7505cb5109b622134a7faf3d803d66e13e71f47a4aa2c2932a9e,1.9
2013-01-01 to 2014-12-31 (two years),1441,90,0.02,1.5,29.27604316573293,89,0.24719101123595505,-30.339104856502697,0.7447793899206306,10b5f5bd21c46e2742740a7866e525ba55c30cadcb4187c35533648cda1af77d,2.5
2013-01-01 to 2014-12-31 (two years),1442,90,0.02,2.0,49.40968364593166,68,0.27941176470588236,-18.93078747336866,1.1364929386109062,e7d6d0fb5e6b45e0796f0ed2ef82daee20aa785f466a616f50afc3d838924232,2.8
2013-01-01 to 2014-12-31 (two years),1443,90,0.02,2.5,34.64892834292215,59,0.2711864406779661,-17.554799919643592,0.9947608239356818,93922d08a23f4a7723638c29293e5a185c16ded3cea00ec092c4e5f6ef4e8e37,2.7
2013-01-01 to 2014-12-31 (two years),1444,90,0.04,1.0,-4.084243859814082,182,0.21978021978021978,-41.49343216484608,0.14611643620353804,35ad211db5405ddac90b49229a91e21f2b2e9ad5b1b98826a19116888672c001,2.3
2013-01-01 to 2014-12-31 (two years),1445,90,0.04,1.5,0.7709258128882538,133,0.21804511278195488,-32.94787042410754,0.20529870335666087,7219eef345361b70adf5564c9252ca06d24dbee17b8d321459803df487561764,2.9
2013-01-01 to 2014-12-31 (two years),1446,90,0.04,2.0,54.876765323816315,98,0.2653061224489796,-20.258531846553296,1.0987369620042604,28edba51860a62315d5530168da30b0d8b489dd7c7d67c41797d5536569d2e65,3.5
2013-01-01 to 2014-12-31 (two years),1447,90,0.04,2.5,37.51147672218767,77,0.2597402597402597,-20.374960905905258,0.9553391999406463,e02978adb710c98ed6ca57175cab2db6e1349279ef80d05f1645425339996757,3.4
2013-01-01 to 2014-12-31 (two years),1448,90,0.06,1.0,-34.9730139280896,227,0.21145374449339208,-47.973971401602874,-0.4248757838895725,d60ddd609fb9110c3e2c3af1e60b8a0355c5e87d9d9fd83f7628338ee9d14dea,2.8
2013-01-01 to 2014-12-31 (two years),1449,90,0.06,1.5,-9.215667727995768,159,0.2138364779874214,-39.94966608748379,0.017509322163339607,f6ea566db41854b75fd720683b6d6cdf8cfeec6be53ac0b58672b78d1dd82759,3.0
2013-01-01 to 2014-12-31 (two years),1450,90,0.06,2.0,11.262004727997969,90,0.23333333333333334,-31.541346529206017,0.3994415056428848,f0a4070d508add52f3927e09c94f4f9611d7e90d25f372af93be454b7f3c6afb,3.7
2013-01-01 to 2014-12-31 (two years),1451,90,0.06,2.5,24.679918920082358,58,0.25862068965517243,-21.045798366550084,0.7177774012010831,5743c558e813d6b0e4df3cf3e94c7a4a5f629be4c3fd9523021195d6f7a459ac,3.7
2013-01-01 to 2014-12-31 (two years),1452,90,0.1,1.0,-52.460231933026,347,0.207492795389049,-63.010843478550306,-0.6136977751393933,5aa6944316a47c137e6e4eb2838c88c8742fd9ed8bfc97966a76278cc9a47279,3.4
2013-01-01 to 2014-12-31 (two years),1453,90,0.1,1.5,-24.58320810151147,203,0.2019704433497537,-47.51346000020732,-0.22608831698185963,488f73469cce1d9c9e2dcf2854e80286376b37e2fba4804c43702fe857391964,3.9
2013-01-01 to 2014-12-31 (two years),1454,90,0.1,2.0,-18.762455604578335,125,0.2,-36.42636168223719,-0.274568883437004,8ebd7d163c7d3294da93f52f2dce522959d0966a99374e3a16e9993fe45fa80e,4.0
2013-01-01 to 2014-12-31 (two years),1455,90,0.1,2.5,-6.445942306310143,82,0.2073170731707317,-29.8591374941246,-0.02978660557206368,df7118bd9a80aacc39f61693572b8535f38077e54b9e1695dec510d52ebbafbc,4.4
2013-01-01 to 2014-12-31 (two years),1456,91,0.02,1.0,-30.19925657457448,117,0.18803418803418803,-42.648449240096994,-0.5602913614704774,e0c7a3f5d6971bbbe18b7aa1828dae4419d9a43da3f384ca73795b43f7afc3c8,2.6
2013-01-01 to 2014-12-31 (two years),1457,91,0.02,1.5,-16.36375023971106,100,0.2,-39.2811477331409,-0.246027004371625,741291b2576205d15a0c04b44122815865cd6a5e4d7b099d928334ccc1536c51,3.0
2013-01-01 to 2014-12-31 (two years),1458,91,0.02,2.0,-22.763150120463383,86,0.18604651162790697,-38.977379380043075,-0.5386551163398843,529004dc8d53ed9d61b652076e06dbec21164874fa37827f828b15d7f42d0bbc,3.6
2013-01-01 to 2014-12-31 (two years),1459,91,0.02,2.5,42.68776794231604,56,0.2857142857142857,-22.02726924953674,1.1844190393690464,cdc4bd586528470703bb3031e0a929c0dc61e01c3e34275fa8ef64ecd9de513c,4.0
2013-01-01 to 2014-12-31 (two years),1460,91,0.04,1.0,-48.12020512434222,188,0.18617021276595744,-57.87083037485847,-0.8823083999141286,7f3c4a8da59bb554617ded2323aba4cdf4fbb8753c70be1e4459d96026b2d8e6,3.2
2013-01-01 to 2014-12-31 (two years),1461,91,0.04,1.5,-44.753169463609474,150,0.17333333333333334,-56.98984562467857,-0.9966248168903026,c36f38975a13d28676d0b004efaced1fdf2661bd7f6fbcf09dc4ed5311bfeb1d,3.6
2013-01-01 to 2014-12-31 (two years),1462,91,0.04,2.0,-25.42795704486045,106,0.18867924528301888,-34.01190520906029,-0.521071855024757,2afa1e86de7be1f5e4254fc1af889b84c9bba661573bba33f4793fcc37733364,3.7
2013-01-01 to 2014-12-31 (two years),1463,91,0.04,2.5,14.48134974061303,76,0.23684210526315788,-16.648186051411507,0.4915856289072984,4176ed7debe838cdd8f8f9322ee8e912954d69168ad95553a746a108b4b2fdc3,4.1
2013-01-01 to 2014-12-31 (two years),1464,91,0.06,1.0,-46.20493530333972,248,0.1975806451612903,-59.06751227230642,-0.6978608951881442,174fc43fc4c22a86cd5862e94834f1bb9dfc0eb3673fe85ae4a2ce2b42667881,3.0
2013-01-01 to 2014-12-31 (two years),1465,91,0.06,1.5,-3.4867238322433525,172,0.22093023255813954,-38.82680774213727,0.14538402789181332,5e8091c3d495656fadaf783244d1d7c6ec82a769fbdeb8339c1aa2aa82a3d849,3.5
2013-01-01 to 2014-12-31 (two years),1466,91,0.06,2.0,20.832583530678654,116,0.2413793103448276,-26.522445183010703,0.5617716094787609,9c9e8f79ad8afcfab8be6e1c37eb3d221e47faf8bb4280e6f693d940ba316329,3.4
2013-01-01 to 2014-12-31 (two years),1467,91,0.06,2.5,23.33201826869832,81,0.24691358024691357,-22.820640291011507,0.6573420120049263,9f4e418cd9550dfb6f1db77a5b2e47ae1516156b6e06743d5f6e0fcb3045327e,4.0
2013-01-01 to 2014-12-31 (two years),1468,91,0.1,1.0,20.538029281622265,348,0.22413793103448276,-57.2388046377464,0.5199785780035231,50c006da1c4d6cd96ccd7dcbdc682e0ece494141cc4b7f5988bd701de6f554bb,3.3
2013-01-01 to 2014-12-31 (two years),1469,91,0.1,1.5,19.829995006155002,197,0.22842639593908629,-48.84332162980438,0.5128478843754893,dba1b79a3354f775ceef8bf1415aec453b39e92f48d7e8ef01bbdc708e315f51,3.5
2013-01-01 to 2014-12-31 (two years),1470,91,0.1,2.0,99.87878220152179,128,0.2734375,-24.282806973337866,1.5371171846870593,71aface73aaf0214fabb2b64fb1b9683c2e99c6762cf5e5d24514be0de3b570b,3.8
2013-01-01 to 2014-12-31 (two years),1471,91,0.1,2.5,34.97395443274908,78,0.2564102564102564,-20.93540845289662,0.8527433838970736,c74aec6e29701bd7edb21792db787b085a69d931ac80c2d35d2548bfcaabbc62,3.7
2013-01-01 to 2014-12-31 (two years),1472,92,0.02,1.0,-15.248846735722019,127,0.2125984251968504,-39.77196296455602,-0.11004353032547066,e2d6e2f6e01044fbf4a7540cfa4f1b77f779ca26c10e73073acf3e7a7ab1ab45,2.4
2013-01-01 to 2014-12-31 (two years),1473,92,0.02,1.5,38.77397132211664,104,0.25961538461538464,-30.12979144520891,0.8726880308447817,c3aaaac7e6fe1b5b07cff0a7d39f353728bff52131b182639a51f3cd2a711d8d,2.6
2013-01-01 to 2014-12-31 (two years),1474,92,0.02,2.0,36.717888831357335,75,0.26666666666666666,-25.330513880886528,0.9092921524465866,82e2eadf1cd7bca7b06eef9828de62cd2c339d4061572b627c63a4e3b640bf61,3.0
2013-01-01 to 2014-12-31 (two years),1475,92,0.02,2.5,22.581327968828134,63,0.25396825396825395,-23.85381921813422,0.7021225109734405,4df59af6b0126b7140d1b94020a7bc839c23ce0d57ff3e40696f7d9018533b71,3.0
2013-01-01 to 2014-12-31 (two years),1476,92,0.04,1.0,-72.7596276683322,202,0.15841584158415842,-77.36700253694845,-1.9089078881238126,8d7737ad643874a89d6144b917355a191a9e4d859e76ce6307f236b11aaa5c7f,2.5
2013-01-01 to 2014-12-31 (two years),1477,92,0.04,1.5,-63.21984968406937,157,0.15286624203821655,-71.70325396303909,-1.7031293263125868,c0a5a6d6938a1dd35c77a5d45cc490bdfc4681dc5de8d8b651fa21ab8d4bdcf6,3.0
2013-01-01 to 2014-12-31 (two years),1478,92,0.04,2.0,-44.91471581868714,117,0.17094017094017094,-50.82585710395146,-1.1794419613659526,91a5c415e05beb3b21209a3787096a94d24a46f71ec39c9874bbbf860d37122a,3.0
2013-01-01 to 2014-12-31 (two years),1479,92,0.04,2.5,-7.608875295962192,84,0.21428571428571427,-28.95689519122192,-0.06561294057787037,9ed46da0359097087d0b96d73c6953afe2af52e29c508eee69c9a96d7d96dcd3,3.3
2013-01-01 to 2014-12-31 (two years),1480,92,0.06,1.0,-33.192353927502445,305,0.21311475409836064,-62.71237375011272,-0.2591319202465174,89de295c3921d5dea15b340db17e0e208dcd63330ddcfcdbb4c7f6758627779f,2.8
2013-01-01 to 2014-12-31 (two years),1481,92,0.06,1.5,-34.11463628992407,225,0.2,-53.475858187210676,-0.45207960876864806,813e694804f386f29977495a2d394c46a1e542360bd9df53babc2590c6bd55a7,3.2
2013-01-01 to 2014-12-31 (two years),1482,92,0.06,2.0,7.808076021964207,142,0.22535211267605634,-31.742074711320868,0.3325798223552748,b723063aa090dd5347531b536d98697a969c0d8577d8a264445619cc01d1d776,3.8
2013-01-01 to 2014-12-31 (two years),1483,92,0.06,2.5,-0.43936730932170565,101,0.22772277227722773,-29.031055192426702,0.14951526003778326,9c4c06a80ad4197219ee7bbb620f3d99c497f109a4db58bbcf9545a91607befe,3.7
2013-01-01 to 2014-12-31 (two years),1484,92,0.1,1.0,16.90947686451305,376,0.22872340425531915,-60.495136161201856,0.48865081663307497,0d9591ab3a79b045a2744a88b5500e36ee0e4ece5cac0fe3bd642959a02fb485,3.7
2013-01-01 to 2014-12-31 (two years),1485,92,0.1,1.5,28.403075677499906,210,0.23333333333333334,-42.60129903960879,0.6292503931170186,760cf2e2104b3bd08c49d95c5f00df7ee465fcd19e9d210b02be739dcfb86ea6,4.1
2013-01-01 to 2014-12-31 (two years),1486,92,0.1,2.0,72.60018459382047,120,0.26666666666666666,-26.36718672020102,1.2882895342980407,1e820e07056520f1405e28bb56d2ba4f5d7d900df6981299f204472fd528ee4c,4.2
2013-01-01 to 2014-12-31 (two years),1487,92,0.1,2.5,15.794054535161491,77,0.23376623376623376,-23.200025333872244,0.5140489268751671,b6a9b57feda6add4314e3b50b0c78fb9b45c7a0a73a0a916da05a95a6193ae94,3.8
2013-01-01 to 2014-12-31 (two years),1488,93,0.02,1.0,-37.746713769929826,115,0.17391304347826086,-42.14378603153386,-0.7920780651597371,ce2a2ceee18ab316c73a849eb3619ce7c9de3ce3ad7993dde05ca2042df246f7,2.2
2013-01-01 to 2014-12-31 (two years),1489,93,0.02,1.5,-7.321694579808636,91,0.2087912087912088,-28.236554853999408,-0.025909698320230087,3871492601ff5302a9adb50b5176b35cdb38d9bf10c4d70c4e7950a25741aca8,2.6
2013-01-01 to 2014-12-31 (two years),1490,93,0.02,2.0,4.630222382444944,76,0.2236842105263158,-30.316177873624493,0.2567655165027297,77b7679178a4fb4042e6686f8921c0cfccb646700ea358fadef5c2f2ccbc511f,2.7
2013-01-01 to 2014-12-31 (two years),1491,93,0.02,2.5,14.265929645839066,58,0.2413793103448276,-26.28999811076881,0.5300554247358652,72c9e457ef8f387a8c1bd1977b3ca3fc38d60fd39fa6bdfe75f6ca2908ac32fd,3.5
2013-01-01 to 2014-12-31 (two years),1492,93,0.04,1.0,-51.975000417289785,184,0.1793478260869565,-58.459243771257405,-1.0729732386880224,ddc54222ed0d5c3ffe7b13ca02c319630e32ea04f913ea0d671435b79a21d96d,2.5
2013-01-01 to 2014-12-31 (two years),1493,93,0.04,1.5,16.378516624705945,131,0.22900763358778625,-36.66383652410027,0.4819962327755569,f5e7cb803f1be7ae69392f1ae59d2175c1b77360c8bce42e114401ac6b13c77c,3.0
2013-01-01 to 2014-12-31 (two years),1494,93,0.04,2.0,34.21330362642356,100,0.25,-26.37352270402301,0.8684391838632721,fa1e6aa0fba6473cda561a40824247a3c670516d6cabd11059b15b8ee68f54be,2.8
2013-01-01 to 2014-12-31 (two years),1495,93,0.04,2.5,66.49677990387447,68,0.29411764705882354,-20.62490098871981,1.5725966336113026,8bf5e7f7ad974f83b6f6eb49b6ff7d063e49002d4eaf79c5e2e31282197bd2ef,3.4
2013-01-01 to 2014-12-31 (two years),1496,93,0.06,1.0,102.93205848832427,265,0.2528301886792453,-40.88189419431962,1.2175819202445155,2a0bfd9c77b056aa7896f2b639049de9ea98722abdf8ea98bb4915176f6fea2c,2.8
2013-01-01 to 2014-12-31 (two years),1497,93,0.06,1.5,31.173761949985245,169,0.23668639053254437,-37.71374001110021,0.6707599385488442,f4440210f00a3d254a46c078c1d8479a7fd200fd118bdb34a04c243dad6a0962,3.1
2013-01-01 to 2014-12-31 (two years),1498,93,0.06,2.0,1.5185927209173353,127,0.2204724409448819,-43.19187343267399,0.20632873508199634,71c84c9cb787a2555397f7c9ea7ff3449ee2e51e35524406c18cde094fc048c3,3.3
2013-01-01 to 2014-12-31 (two years),1499,93,0.06,2.5,56.965333550684946,79,0.27848101265822783,-21.44803276349403,1.248504760158208,2bb599f7943074ceb0e16ab7e0f92c8fc97c86c7e1935a4275a5bd5a94ee1d03,3.6
2013-01-01 to 2014-12-31 (two years),1500,93,0.1,1.0,35.1226090845396,346,0.23121387283236994,-33.926950486358386,0.6583300549341778,2bb3cdaa2dff8f0e3acc47279099e1b2840361b7fc0f56c135b345bf9ed70272,3.2
2013-01-01 to 2014-12-31 (two years),1501,93,0.1,1.5,42.868184667739115,213,0.2347417840375587,-28.01293502886557,0.7785815422973027,1461065c2dfa628f16689ad7eaa55a5ddfef481243bdc5c4dcb30f5599a917f2,4.0
2013-01-01 to 2014-12-31 (two years),1502,93,0.1,2.0,45.70930973491139,124,0.25,-24.719072931009876,0.9250183399316511,8e315907778a1690639a43d47bb7359eca18612dfc3fab2546b129261f4b03ef,4.3
2013-01-01 to 2014-12-31 (two years),1503,93,0.1,2.5,23.21444375199729,78,0.24358974358974358,-20.493476446605108,0.6549516879895776,61db3d4b7172051aedf4541258d58a30d5d1da8dd50ac0d221c517368517542a,3.7
2013-01-01 to 2014-12-31 (two years),1504,94,0.02,1.0,-53.994630157230226,115,0.1565217391304348,-54.27111290839882,-1.7727769039010157,59cef22f4b22f2b623c7e3ae042285174f95771d46963b2a285696f7b55e7f7c,1.8
2013-01-01 to 2014-12-31 (two years),1505,94,0.02,1.5,-30.52228821933748,97,0.18556701030927836,-38.25850624716723,-0.793113166687228,e30e785c284e954603bccfbefb548dda2764f9aeb5017aa641938e3f7c9f2cc5,2.4
2013-01-01 to 2014-12-31 (two years),1506,94,0.02,2.0,-16.588700658682242,80,0.2,-36.61383714498657,-0.38172918882412027,5ed1086729e79471ecfef633928d9c445366bec068956c65636ad24d13a109c0,2.8
2013-01-01 to 2014-12-31 (two years),1507,94,0.02,2.5,11.704338300925794,60,0.23333333333333334,-18.439723877724635,0.46705278060608935,97b31f4fd4922eab27de5606eb80b3be0c5b454aea5921ee9ea38020b9400eec,3.4
2013-01-01 to 2014-12-31 (two years),1508,94,0.04,1.0,-41.034784869461724,192,0.19791666666666666,-42.327887081061455,-0.6173404834182454,b3427103bdb5654e7bc3a2d6adc878c58012dffb9a969ea5367add71132c4691,2.8
2013-01-01 to 2014-12-31 (two years),1509,94,0.04,1.5,-13.456174874206084,141,0.2127659574468085,-35.19779237400964,-0.0702418598086118,500521d9d1d6ed430d62b27189193094b0498bb8eba17decc90b35b013c0d068,3.0
2013-01-01 to 2014-12-31 (two years),1510,94,0.04,2.0,12.451050033231295,100,0.23,-37.246496070226556,0.4231646889800965,e3bef92c257e10a756c14369e07b422bba7257a541f82c5bd94ea64a7c19b8e0,3.5
2013-01-01 to 2014-12-31 (two years),1511,94,0.04,2.5,23.78865155113062,76,0.25,-22.544172341274926,0.7033846832238441,3b2dac451d4cf23ddf5bfb032f14b9eda7b35489be6816d4155544a2408664d4,3.3
2013-01-01 to 2014-12-31 (two years),1512,94,0.06,1.0,-40.27381894755263,251,0.20318725099601595,-67.17654588765363,-0.465389124349655,cb70a4efe28968954fdbf4c6edc01a1d92884330cf4ef8add33215d8781a466a,2.4
2013-01-01 to 2014-12-31 (two years),1513,94,0.06,1.5,-16.89914998067032,157,0.20382165605095542,-46.98080616989569,-0.11239633309518,bb7b42375b5233e1d0b1e89d6b650fca77d9019da566dc3b579689eb2a311b52,3.1
2013-01-01 to 2014-12-31 (two years),1514,94,0.06,2.0,44.744637182236666,101,0.25742574257425743,-27.362771435171773,0.9586146830865627,018fa51073e33abb666bb04fad1f0c95169e6b9210e00d1dfc1182df9862cb3b,4.2
2013-01-01 to 2014-12-31 (two years),1515,94,0.06,2.5,29.62356839985049,80,0.25,-19.23004792872709,0.8099950547256056,42cc39620d4fee5a78f6cc438c266f9f185606a91c3ae2abce2b52ee713d9832,4.3
2013-01-01 to 2014-12-31 (two years),1516,94,0.1,1.0,-51.89342193202995,348,0.20402298850574713,-67.69891874868084,-0.6097677089109163,09b4361cf9ee45e28c96757d5b2f6083d67ebfa2ca10515a80a35e151b2c86fe,4.4
2013-01-01 to 2014-12-31 (two years),1517,94,0.1,1.5,-3.7453239511042264,202,0.21782178217821782,-46.10556132609636,0.17554788302312993,6708748ff94a99a1a3bedc3290d5a8b781e81e49de107207317d4ed792e79072,4.5
2013-01-01 to 2014-12-31 (two years),1518,94,0.1,2.0,8.786255437473525,121,0.2231404958677686,-33.81779400143699,0.3486816882033092,7cd0ef5e78c5e441c555d48ac8f802fa4d593cea1691d52596929c6f1dad05ff,4.9
2013-01-01 to 2014-12-31 (two years),1519,94,0.1,2.5,-0.020925868151945366,84,0.21428571428571427,-23.55995427820262,0.14542679427424118,7c4161a0a9a0c13b29a4ee6e31f4670a5e178bb0d810d10f4aadfbb78bdb621d,4.9
2013-01-01 to 2014-12-31 (two years),1520,95,0.02,1.0,-20.899871715318454,114,0.20175438596491227,-42.573847002397954,-0.31466723485043824,ea5a668f87c38bb2be8bbbb2ab40cb9139567c771402f8f317475d0e9c5a78bd,2.6
2013-01-01 to 2014-12-31 (two years),1521,95,0.02,1.5,-0.8614187666393115,91,0.21978021978021978,-35.4161712884804,0.13328295087070105,44d10e27f7989672889c76cec733c1712a25e92319af3d9a1698e0387657b68d,3.0
2013-01-01 to 2014-12-31 (two years),1522,95,0.02,2.0,-11.138441674653619,75,0.2,-32.72041449120289,-0.16029987911271004,e73b56e02bea5c1d833f829f27c23b7e2b37db0300e256ce484b96dd776ee5d1,3.0
2013-01-01 to 2014-12-31 (two years),1523,95,0.02,2.5,51.395633707182355,54,0.2962962962962963,-22.734891650032875,1.3500611288291846,f3baaa208bfce648dcc8602dd60a2c89dbcfd1c85d590a17112075ba6eb15dea,3.5
2013-01-01 to 2014-12-31 (two years),1524,95,0.04,1.0,-52.395302433620095,183,0.18032786885245902,-62.29051781974394,-1.0450353574347977,b4f074da3b4729f84b831001970d77a06709870205660412135b119025c348b4,2.5
2013-01-01 to 2014-12-31 (two years),1525,95,0.04,1.5,13.906645375630319,130,0.23076923076923078,-35.567966013589405,0.4362774359713929,d59f9d9926376506b3d9690837f7c8302ac0e0d91eb528e74e7ac37a497ccabf,3.1
2013-01-01 to 2014-12-31 (two years),1526,95,0.04,2.0,32.220892436825494,93,0.24731182795698925,-21.456385976477122,0.7801366945967346,6cb93d5049641e794b10c125eb325f416a70b8573ffe15efdc17724726194cdf,3.5
2013-01-01 to 2014-12-31 (two years),1527,95,0.04,2.5,39.05131858182914,62,0.27419354838709675,-17.173701086355774,1.0186844836006788,b780f1d4f4d228fe9dcdf204b1fa77006a9362f383f96c0804243c3bd1142e4c,3.9
2013-01-01 to 2014-12-31 (two years),1528,95,0.06,1.0,-52.77009662246505,272,0.19852941176470587,-59.98595548997023,-0.760080241183771,958db1bdfc724de30409a8351d3928e3bc0807566a7fe62c5434b194581bbe96,2.8
2013-01-01 to 2014-12-31 (two years),1529,95,0.06,1.5,-17.805985289858757,178,0.21348314606741572,-43.80650164055693,-0.09949300420745794,ef5e17fc17acd23f59eb564af26a0f12f6999f08761cf6458d2c82e138e10def,3.3
2013-01-01 to 2014-12-31 (two years),1530,95,0.06,2.0,6.987907629431568,120,0.225,-22.61518112880291,0.3157341151379619,bd3b69c7c3b439c4acf6f66490a7b78b108859c7cac77fdc0c700d2c6e1cbaf5,3.9
2013-01-01 to 2014-12-31 (two years),1531,95,0.06,2.5,25.814220907193768,76,0.25,-21.47261079553774,0.7304918188312156,ddf3b00cd9d74d5a41a6bc5d3ca20ed0954acd350b7a43a6c758b36ed7c030ff,3.8
2013-01-01 to 2014-12-31 (two years),1532,95,0.1,1.0,-61.9885881086841,368,0.1983695652173913,-68.73343868136202,-0.8034060251060361,b274cf9d9d84ee84b17623ba1375a3919c0161b3c35b18c6cba23cf3625353b3,3.0
2013-01-01 to 2014-12-31 (two years),1533,95,0.1,1.5,-41.23412035751466,223,0.19282511210762332,-57.88189981919594,-0.5740780682787245,0fed6cf8f5902c490662e642cac238cce2847b1202fb183ec53971a1ee1302e3,3.4
2013-01-01 to 2014-12-31 (two years),1534,95,0.1,2.0,-1.7887752766262632,142,0.21830985915492956,-31.102960588462537,0.1506426401820081,4dbe786a3c62d2dea84008f62f33265287151903e7de61a2ee8d8fca075e53a7,3.5
2013-01-01 to 2014-12-31 (two years),1535,95,0.1,2.5,-1.1419321971778795,94,0.2127659574468085,-23.965859756005603,0.1271407041979961,66f9457d798812ff9ab0092f5bbdc3b5ffd80e7f94ba68e017892af59a17ddf4,4.0
2013-01-01 to 2014-12-31 (two years),1536,96,0.02,1.0,24.74009716609379,111,0.24324324324324326,-21.351715739117672,0.6156863165615416,bd0f0afd85fc68ec0e9236544b83f30cf5603bb2c4c22a926c17765daacb7119,2.3
2013-01-01 to 2014-12-31 (two years),1537,96,0.02,1.5,7.721945198665926,96,0.22916666666666666,-28.241674295710062,0.32698726578362824,24af5747796c964fd95bea669e4e18192bccf5176a32cd41f90a8662178a3e7f,2.8
2013-01-01 to 2014-12-31 (two years),1538,96,0.02,2.0,40.425689648239846,78,0.2692307692307692,-19.937634607209898,0.9991999743001347,79867dd9ce31776a0da9362b4220830ef9329702db91f3d4f28f9187caa57e0d,2.9
2013-01-01 to 2014-12-31 (two years),1539,96,0.02,2.5,40.37446511694519,62,0.27419354838709675,-15.27288421405062,1.0948842592408567,dd407579991bfd7881f53beabbdefea705b568c1104010d71a71e0217b7e0810,3.7
2013-01-01 to 2014-12-31 (two years),1540,96,0.04,1.0,25.526541749461824,194,0.23195876288659795,-40.62300144001962,0.5916428261500901,4e317fecc269c977cdad3f49890fba2808bde07e5c26c9aac3604ae9961fb97f,2.8
2013-01-01 to 2014-12-31 (two years),1541,96,0.04,1.5,13.230955396423688,150,0.22666666666666666,-35.14526648518592,0.42541591778102084,2e943348112ae33dbc132449f2ca10483b35cd444910486c0bc09bc368e1a358,2.8
2013-01-01 to 2014-12-31 (two years),1542,96,0.04,2.0,21.052519563223168,104,0.2403846153846154,-31.116851244675956,0.6036794096850638,995e7989b63af0113cc20024f85704739fc14970e4c731b0235ee147e0b6ed08,3.5
2013-01-01 to 2014-12-31 (two years),1543,96,0.04,2.5,43.1742830029657,78,0.2692307692307692,-24.236930226169363,1.0781082774660076,b7c2f27c65eccc7775f7bd28ccc980614672b460bbbca03a07b60354cf395879,3.4
2013-01-01 to 2014-12-31 (two years),1544,96,0.06,1.0,-67.23392630029909,257,0.1828793774319066,-74.81624908286689,-1.2345181981287343,ef447d4bc8585ff93f915aa6cccfb635330d01ce8e6ac3724ea32940059c79f3,2.8
2013-01-01 to 2014-12-31 (two years),1545,96,0.06,1.5,10.224038712223992,176,0.22727272727272727,-46.982271730760495,0.3801989671069544,6d20d09edd3606500d9e038e8b37fdc97155824c14f5b477d92c89845bc3fb36,3.3
2013-01-01 to 2014-12-31 (two years),1546,96,0.06,2.0,107.7383758149549,110,0.2909090909090909,-24.63580585250983,1.583040094656742,00c0973fe875ef78dddde74204020a7e00262cbafc005129050f3ed3467a0df7,3.2
2013-01-01 to 2014-12-31 (two years),1547,96,0.06,2.5,75.43427903894744,79,0.2911392405063291,-24.201428779704038,1.4198954109652993,db65dbfd239ae3096219990e06733517916e37a5045116f30fa5b85b11ad4f6d,3.4
2013-01-01 to 2014-12-31 (two years),1548,96,0.1,1.0,-33.72417014323489,351,0.21082621082621084,-67.18173052147226,-0.18179696343404944,f9bdf1d56715fdf8b95058aa0693cfe6a100f55c98148276a83c1911a055332e,3.2
2013-01-01 to 2014-12-31 (two years),1549,96,0.1,1.5,-23.614328351536308,213,0.2112676056338028,-48.50971989841918,-0.1984534363455233,a29129757abedb5b1d4892c69ea04a6563efbaf599da107f3c53b89f6d275cc0,3.6
2013-01-01 to 2014-12-31 (two years),1550,96,0.1,2.0,50.61253607937948,122,0.2540983606557377,-25.10418563091603,1.0266834257318278,b5c8b18ab2bb891062f3815495fcd913c193d31bd4d3a1a728baf5449fd35f86,4.1
2013-01-01 to 2014-12-31 (two years),1551,96,0.1,2.5,4.77988532557113,90,0.2222222222222222,-25.632310688436743,0.262868469943106,b43cae1f34b039d3e6c37be220ee9a6d9c141ecc2127bf74181e4dcc50a046df,4.0
2013-01-01 to 2014-12-31 (two years),1552,97,0.02,1.0,-3.0344699045398205,100,0.22,-37.64655123283974,0.09660355891572091,7c307047d4395fe0ac4ad64608256130418ffc89922a3fef5a149fd7d37411a6,2.1
2013-01-01 to 2014-12-31 (two years),1553,97,0.02,1.5,6.370046910921913,85,0.2235294117647059,-28.069906393506283,0.29773255008207106,417fbd310606e2e995571cef78bdcb11398ff4e3293838e1562ed3004ed281f1,2.5
2013-01-01 to 2014-12-31 (two years),1554,97,0.02,2.0,13.317812868646229,67,0.23880597014925373,-17.56288502792972,0.47030967837292137,f9f4c336f6d2713593a1c16818c9669cd3a5035083722be8f75db49712c1c151,2.5
2013-01-01 to 2014-12-31 (two years),1555,97,0.02,2.5,24.20819563783776,54,0.25925925925925924,-21.360078808805472,0.7547157103136672,080327f2359a94991ce40ab3dd15861f9cdf83bcaa47f5b0bb448155ebf7a960,3.0
2013-01-01 to 2014-12-31 (two years),1556,97,0.04,1.0,67.85001611279802,195,0.2512820512820513,-45.32047044616028,1.0185593159172524,44fce71b479da217175511875cf1ce0e98c16967b20e81d45cf97ad8ea13c1a9,2.7
2013-01-01 to 2014-12-31 (two years),1557,97,0.04,1.5,40.24100638129362,143,0.24475524475524477,-33.262585331492566,0.8092632456523442,9a34a80605a8a50b9cd8c06834b6238cbd9ae51032ad2773b7886efd58f19571,3.4
2013-01-01 to 2014-12-31 (two years),1558,97,0.04,2.0,84.70464378387557,95,0.28421052631578947,-26.68698908073015,1.5425746673977496,f9eac578b16a1ff6a1604ea67a13fdf8e12cdc82e37901610b38264c8afe572b,3.7
2013-01-01 to 2014-12-31 (two years),1559,97,0.04,2.5,40.002934434881325,76,0.2631578947368421,-22.937376792771847,1.0302049512386182,0d7d7e3f85146a6fb44467bfaa29b6eac96390dfbdac778d1ddbb4f8ef0ee2e6,3.6
2013-01-01 to 2014-12-31 (two years),1560,97,0.06,1.0,-4.266154268323421,266,0.22180451127819548,-45.25497431997353,0.19856641971305172,2bfbca8e53224ecc135f683a58e278a0fc668a39aa0985b11437f8f9eb312dce,2.6
2013-01-01 to 2014-12-31 (two years),1561,97,0.06,1.5,-2.081973057678717,177,0.22033898305084745,-49.79302854691529,0.1813397123271524,71152fbeabcde8ec6e53907783013a1f4768a233de3b10ce1e2bde0e30f24578,2.6
2013-01-01 to 2014-12-31 (two years),1562,97,0.06,2.0,48.20667371040117,128,0.25,-38.10653704127917,0.9928926577959951,be057efe5a126865ab295f360a82d8c6d111b14bff8f331eec677efd03b589ca,3.6
2013-01-01 to 2014-12-31 (two years),1563,97,0.06,2.5,93.13179602895322,79,0.3037974683544304,-18.501626114608772,1.7209127787297107,c3eb1c9ac61a7129d548706d23c8550e5b1304ac0ba1497be7acf9ef77167ee8,3.9
2013-01-01 to 2014-12-31 (two years),1564,97,0.1,1.0,-52.481134564331214,349,0.20057306590257878,-76.94941896548124,-0.6176903813566639,76c04086e5cccfca5275ef8360cb53972c6b15dca05bc9013a8ded470306d0ed,3.2
2013-01-01 to 2014-12-31 (two years),1565,97,0.1,1.5,-52.46676828381527,228,0.18421052631578946,-72.08203696758,-0.8935648845928126,d786c27b0105e64f6474e2773aa92c03137487893f9d1964ed7bb4f02ceff12e,3.8
2013-01-01 to 2014-12-31 (two years),1566,97,0.1,2.0,22.074389446190775,138,0.2318840579710145,-31.81945851690061,0.5696564231468192,dd1b731702510628fb9bf9ee6880bbe17cbd1ca664e711a0f59008a371ceb42c,3.5
2013-01-01 to 2014-12-31 (two years),1567,97,0.1,2.5,12.789130847820662,91,0.23076923076923078,-22.546068795050033,0.4438488668586826,8d77493617cc5e229ca2ede2cc5bd3c85612867cba145f1b0171dc4fe1c18416,3.8
2013-01-01 to 2014-12-31 (two years),1568,98,0.02,1.0,-15.228950440467216,103,0.21359223300970873,-32.261623120122096,-0.1854378036952769,f9071139762df4b60f9b6fecff34c1aaec9a0c033c19475deb5bad85702fe470,1.9
2013-01-01 to 2014-12-31 (two years),1569,98,0.02,1.5,1.6932671560091581,81,0.2222222222222222,-30.850273833504904,0.1898174787982077,0e8c5e412ff2a69966c9d4e90cf38f962c19508a96110f390daa78b961120dab,2.6
2013-01-01 to 2014-12-31 (two years),1570,98,0.02,2.0,21.20327358376657,69,0.2463768115942029,-21.518671103489773,0.6451966089248498,f51fe78c03cae53216f1c38ce3a6ea0e27359aeabf3a2f5530483d12f36df2f9,3.3
2013-01-01 to 2014-12-31 (two years),1571,98,0.02,2.5,43.34242217322322,62,0.27419354838709675,-16.96506557659987,1.1826247515694932,6e362580afb999d8c5366f19e9c22295c7d7ccd393cb1567401ec3cc7dd6a5cf,3.1
2013-01-01 to 2014-12-31 (two years),1572,98,0.04,1.0,19.681157042148353,204,0.23039215686274508,-46.26016492195759,0.5083601421064519,6b1e7b9595666635ebd5872c4cf0fa1ae3940750fc82d99831a5d081bc2783ea,3.0
2013-01-01 to 2014-12-31 (two years),1573,98,0.04,1.5,2.7106775573084736,150,0.22,-37.26989342208271,0.2506287440458312,917c2312bba17c2965f93547bdc025bd6c1c8f5619585d865de47d506dcbd2c0,2.8
2013-01-01 to 2014-12-31 (two years),1574,98,0.04,2.0,15.911625658950095,103,0.23300970873786409,-37.109012910776826,0.4860318693174627,d9a5255c077f3a6654c5f08dc57f0101af87ef4bdf4988d4655805a25bd5e7a7,4.3
2013-01-01 to 2014-12-31 (two years),1575,98,0.04,2.5,20.96654997903534,79,0.24050632911392406,-29.099364653686145,0.6206430854762165,7a39cb3870ecda83aff567990867fcc2b698dd98e836fff3eb52dd1c4aa957ed,4.2
2013-01-01 to 2014-12-31 (two years),1576,98,0.06,1.0,-52.67046529480262,271,0.1918819188191882,-70.47225593225667,-0.7661981522893986,0d0de167a9c2b48c3e7542d27cac608b11ffe9a1eb85b6a4b29bdbba656fd3d7,4.2
2013-01-01 to 2014-12-31 (two years),1577,98,0.06,1.5,-19.28397904523282,176,0.20454545454545456,-49.50307979295029,-0.15985256320762847,81b556af71fa93c206d9b446a48255f225ea4b30b479d40293ef1c143b303d52,4.6
2013-01-01 to 2014-12-31 (two years),1578,98,0.06,2.0,29.49830120206533,111,0.24324324324324326,-20.48056133350844,0.7033860072110101,44d451845503977b66f7b55251e4d58a24a5480c6e05c321fe0214da6e8d819b,4.8
2013-01-01 to 2014-12-31 (two years),1579,98,0.06,2.5,39.3018853426298,77,0.2597402597402597,-16.168918906034246,1.0095892289623085,8f6136fe69a2449a0ae0b20f8330e9c10a1440c3f7f1edd5655158ff7b35510a,4.7
2013-01-01 to 2014-12-31 (two years),1580,98,0.1,1.0,16.69494675690246,359,0.22841225626740946,-50.12162336094771,0.4860099884796146,0ce64cea6a997d2de43dc852d3e2fb10191a69fc0baf9031f3d8dd09a9bea7d1,3.0
2013-01-01 to 2014-12-31 (two years),1581,98,0.1,1.5,23.9944108941198,200,0.23,-25.580273168040215,0.5642179410411852,3564b74ef38e4d3d9e9551b2ba02cb683a5947e439a3e338709913b3c1b73c4f,4.0
2013-01-01 to 2014-12-31 (two years),1582,98,0.1,2.0,6.925775875066609,129,0.2248062015503876,-29.866624100488437,0.3178178350649241,0eab2f6d45ba2475f37749fdec422b659cfdcecb8f89ffa5f0a4697c49ac99e1,3.8
2013-01-01 to 2014-12-31 (two years),1583,98,0.1,2.5,60.61488736032494,75,0.28,-19.008200379194996,1.3144594955001285,37d541b97f49b24dc45c9b901eb6b688bebe61748498ff370b64a1380527a006,3.9
2013-01-01 to 2014-12-31 (two years),1584,99,0.02,1.0,-59.9898307816197,105,0.12380952380952381,-60.53759608251339,-1.8201452174864092,fea40f8c1dc2728dbd711a1782461ab36dec4484c1a2a65a5c2e6059ac68c87b,2.2
2013-01-01 to 2014-12-31 (two years),1585,99,0.02,1.5,-32.92725403878939,89,0.16853932584269662,-45.874568813896985,-0.790629220918773,3ada17ff8f9fe1ae6dc3ce7a89789a41a9260a7b08a84df94018c94403ba1d93,2.6
2013-01-01 to 2014-12-31 (two years),1586,99,0.02,2.0,-4.100496283033447,71,0.2112676056338028,-31.06271865633471,0.040200295281860345,212cceb7171402445d156ed37e4f9e2f1a27c5bb5dc06f44f576c7d1a6858036,2.6
2013-01-01 to 2014-12-31 (two years),1587,99,0.02,2.5,14.131382597277964,58,0.2413793103448276,-17.588602769646798,0.5095100169514627,3913c26a9ba11a68b30989037401f828814bc6f155f486c38af43d368d302d89,2.9
2013-01-01 to 2014-12-31 (two years),1588,99,0.04,1.0,-13.323440131614056,177,0.21468926553672316,-37.73341316427776,-0.03685428389725709,cd6d2a2100fdde96ccf670dee55da42bf8a87400c34ab8df455a10a0729ed44c,2.7
2013-01-01 to 2014-12-31 (two years),1589,99,0.04,1.5,-6.747288558824469,138,0.21739130434782608,-39.82011431229361,0.06400746419516411,dce5109dbe1c4102fb56310e2302f9fe1e0401a00d94fa1e56b57961948bba49,3.0
2013-01-01 to 2014-12-31 (two years),1590,99,0.04,2.0,7.6575487151106945,97,0.2268041237113402,-34.41084579816992,0.3263036519839811,7503e5092edf322abd3ce80326735306e770dbc9729ee8945b18c3137167a3e4,3.4
2013-01-01 to 2014-12-31 (two years),1591,99,0.04,2.5,18.15585979610032,75,0.24,-22.901599501076085,0.5630703652933053,13e1681c3d154449164b1872b77b9a01380fb9f0e209891b3795818081d861f9,3.1
2013-01-01 to 2014-12-31 (two years),1592,99,0.06,1.0,-26.45607159668889,220,0.20909090909090908,-61.4046345521142,-0.19361446338401875,e68bf7330e2017ada38147c090293ac131a99716522d258d44179d0a8c546ae8,2.8
2013-01-01 to 2014-12-31 (two years),1593,99,0.06,1.5,42.07022670650796,151,0.24503311258278146,-36.527246085076456,0.8478848805495703,d847c4646fbc783f89e73e7a43233080ef81ccf968598fed7b778e675949353e,3.5
2013-01-01 to 2014-12-31 (two years),1594,99,0.06,2.0,56.044627412094485,98,0.2653061224489796,-20.082357149283748,1.1933858492001257,fa500401ab15304305339e5d0b4c4f14a56059e6d7602698a752b3d81100bee2,3.8
2013-01-01 to 2014-12-31 (two years),1595,99,0.06,2.5,25.34465861445326,73,0.2465753424657534,-25.408479984081843,0.7339362189231537,96793d1aa898d26193a763f402558ce79d39907cc38ba3dd7f7249f28f96d596,3.9
2013-01-01 to 2014-12-31 (two years),1596,99,0.1,1.0,-37.689684595096914,366,0.2103825136612022,-67.78302809067819,-0.23009482783177584,cb5f496772a985df911481d905f1fc339f9ec46c7c6e2a5f349305aa486bafdf,3.4
2013-01-01 to 2014-12-31 (two years),1597,99,0.1,1.5,41.347132625839485,218,0.23394495412844038,-52.97058426511215,0.7584643792595047,bcb2bbeacff99da2d8d3011372bea78767491a4ddadae71078cccd07eb7e0b0a,3.6
2013-01-01 to 2014-12-31 (two years),1598,99,0.1,2.0,21.931383593403638,127,0.23622047244094488,-32.632950108463255,0.5718187867915016,4a509f4de7a7ac9d2273220877946bba33a4ba5d8a341ff06d62e196345913cc,3.4
2013-01-01 to 2014-12-31 (two years),1599,99,0.1,2.5,61.784083448512675,84,0.27380952380952384,-20.56503936844387,1.2664107711146813,a785ee4ae2c980e847af0d7d6f82f0daf4b9a435a34338d950cedd6a4fcd0297,3.8
2013-01-01 to 2014-12-31 (two years),1600,100,0.02,1.0,-40.768726367395594,100,0.17,-51.27114917624973,-1.0267807575477998,18275edf411014ac265429131317637c70150f1af2fd9697398058eb4bb94bfe,2.0
2013-01-01 to 2014-12-31 (two years),1601,100,0.02,1.5,-12.911059746108172,89,0.20224719101123595,-24.340101618290355,-0.21831964799633755,bd65dc891185e2ca4aba5231946471dc9408d5a8d74dcfc7ef54251112224248,2.4
2013-01-01 to 2014-12-31 (two years),1602,100,0.02,2.0,15.926183798861532,76,0.23684210526315788,-21.411893819708084,0.5420472096674118,82c98ec64442219a0b92a8380598fcab4d44f101e1513f8e8b64be910875d398,2.7
2013-01-01 to 2014-12-31 (two years),1603,100,0.02,2.5,28.14330113944528,53,0.2641509433962264,-13.936549040919811,0.914846611493531,819e9b944bd39d3e4374650f1e854cc1e5053a3b367575d503328e294db5f92c,3.4
2013-01-01 to 2014-12-31 (two years),1604,100,0.04,1.0,-9.161537454152004,201,0.21890547263681592,-48.455477559399704,0.07702050370668245,8b923116839bbeb695417da6d1fde1ca21e852d79bee3936feb97424811f6008,2.7
2013-01-01 to 2014-12-31 (two years),1605,100,0.04,1.5,-2.4858888653508546,142,0.21830985915492956,-42.904271979332044,0.14115689193339617,82b100db47607aa7fb7fc91b1e588757792ac30150e36fc753f8e4af92292954,3.1
2013-01-01 to 2014-12-31 (two years),1606,100,0.04,2.0,18.390311045718455,107,0.2336448598130841,-22.92145967521011,0.5292443213962217,82f160738f6ac271fc4e6b61d706d2381d2e12d8865b93d65596c46d2fc42f78,3.3
2013-01-01 to 2014-12-31 (two years),1607,100,0.04,2.5,34.25853829572185,69,0.2608695652173913,-16.820433130857772,0.9050883941445163,d8fc47fb9d6fac17019701c06c141401d54498a81c9d40a7013603f1de1b5410,3.6
2013-01-01 to 2014-12-31 (two years),1608,100,0.06,1.0,-48.398156691465154,256,0.1953125,-66.76009988007831,-0.7357576228704836,86203fe71a9ae2333098fcfead075f33d1bd2ce0631f308e7959f5f13d2da83a,2.6
2013-01-01 to 2014-12-31 (two years),1609,100,0.06,1.5,-32.23831889531763,171,0.19298245614035087,-53.97100597863829,-0.5110659159596473,acd8e099699d49e9947599540d251152cda07ca23285e7df5037300a224f25c0,3.0
2013-01-01 to 2014-12-31 (two years),1610,100,0.06,2.0,31.473008734837922,120,0.24166666666666667,-30.76086061401604,0.7457741651586864,ed903923d304e540b9502533247576cf0f4d69d2103c1003a97adb46db4fdb64,3.3
2013-01-01 to 2014-12-31 (two years),1611,100,0.06,2.5,-6.755445389027412,91,0.2087912087912088,-33.112035938264896,-0.01783425260178698,ca8fa6b3ae7e0ec41c25082ce329371184785482b5e85680c525b9c23e52a4c4,3.5
2013-01-01 to 2014-12-31 (two years),1612,100,0.1,1.0,-61.58558998219061,343,0.19533527696793002,-76.84972767964267,-0.8736552330504921,8f2fa601a429bba26125599429f1acc237602c1bfcc3287c9f70f8bb402666ac,3.3
2013-01-01 to 2014-12-31 (two years),1613,100,0.1,1.5,18.29608377130463,215,0.22790697674418606,-33.995028267506555,0.49219571582883537,a7a6ea860201f658aac757a0883fa4f099f542b244da80c3a6c9a7db905f728e,3.8
2013-01-01 to 2014-12-31 (two years),1614,100,0.1,2.0,38.104548983414986,129,0.24806201550387597,-22.259967694567596,0.8139267498760471,9650a1a78345d295ec34f7d06997270074af800acadad35bcd14cc1bfc1cf0d7,4.2
2013-01-01 to 2014-12-31 (two years),1615,100,0.1,2.5,27.148654729929632,81,0.24691358024691357,-18.44295734616669,0.7203287604003812,b7009b593c20e159576f48cba7d04b773b5833dd9aad24c0911bb1fc574b74ee,4.3
2013-01-01 to 2014-12-31 (two years),1616,101,0.02,1.0,-1.7417061471860673,114,0.21929824561403508,-27.493118530507143,0.13659401910116098,64a30bf35749d4773d6d1649c2619630f1c883d61593586e711ae52ffc66c76e,2.1
2013-01-01 to 2014-12-31 (two years),1617,101,0.02,1.5,-4.3680935938486325,97,0.21649484536082475,-24.10675648443994,0.05886975436942144,0aa5109297d67bec64b10c03cfd6ebaf965c93672bfbe73baa1b8e78600c09b1,2.4
2013-01-01 to 2014-12-31 (two years),1618,101,0.02,2.0,27.728151462954635,75,0.25333333333333335,-21.889310631007163,0.7294917672040919,5cce99905a719656b19c2652177dc93046ed8b5b55339e01fd2355802bc3c810,2.7
2013-01-01 to 2014-12-31 (two years),1619,101,0.02,2.5,21.818449561560367,64,0.25,-21.12795288520408,0.6570667907635227,ab4a77cdb7997c9e31f6358b6f3d72154baaf63b65c2b8ba972b7335c1d41846,2.8
2013-01-01 to 2014-12-31 (two years),1620,101,0.04,1.0,27.83716150473329,176,0.24431818181818182,-39.50808762897252,0.6164334402940931,93de07b25925abb4ed8e126484b9c5b99befac25a2c48d4a6662a4eec9342dfb,2.5
2013-01-01 to 2014-12-31 (two years),1621,101,0.04,1.5,109.00436599449877,128,0.28125,-22.59285412805301,1.5422376846068053,564c17f4b6d659a862b9e7f01958e95a484be22e39246ebc8c7c04a8dba8121b,3.1
2013-01-01 to 2014-12-31 (two years),1622,101,0.04,2.0,66.45766977126058,93,0.27956989247311825,-18.245630269484213,1.3051991057137393,faa6317ae5f0f04a3232f7ba1d86588dd664de8435baf996cee575bb7b14ddef,3.3
2013-01-01 to 2014-12-31 (two years),1623,101,0.04,2.5,49.743407721307264,72,0.2777777777777778,-16.338521998487256,1.1981456238392807,7441074fcd5b91a75e2a3d768859ce9eef8577271847edb534c3c4c2b3f78f70,3.6
2013-01-01 to 2014-12-31 (two years),1624,101,0.06,1.0,-28.441458936754998,276,0.21014492753623187,-54.66124353268522,-0.20747238576234078,556ac7e87664b61fbdf32e00d36eadb6dca506b67cbc7e52bbd69f8f7972507e,2.6
2013-01-01 to 2014-12-31 (two years),1625,101,0.06,1.5,19.69537385437077,191,0.23036649214659685,-29.780554464398257,0.5152343861012206,93f045d8cdcbd0061f7ead88b6228d347258f70f6f375f021801d4b08d4071ac,3.1
2013-01-01 to 2014-12-31 (two years),1626,101,0.06,2.0,83.94529022971574,127,0.2677165354330709,-26.01427361793476,1.4115498982274128,707c18a914c635d6a5655d6b1df1ef3fb8492c61a5d8cb7f0934693bbe574ee6,3.5
2013-01-01 to 2014-12-31 (two years),1627,101,0.06,2.5,17.63559535171744,71,0.23943661971830985,-23.097761073989542,0.5505864926719094,e2152c71cd26cbf4ad2f318031bbfcf51312606c1aba22eaf31a730c498c59dc,3.8
2013-01-01 to 2014-12-31 (two years),1628,101,0.1,1.0,-54.729314637135026,341,0.19941348973607037,-75.22759639385302,-0.7247334291413351,13a9976ec1a4841273be49730997b808e0a957c203d485c38b248b8153875b3d,3.0
2013-01-01 to 2014-12-31 (two years),1629,101,0.1,1.5,-12.723997278451819,214,0.21495327102803738,-45.98684556278306,0.015531909185928667,5038b4e7ad906cae4a5c246f2ad919eb30b8050cdccd612fbc180ace53c4e95f,4.3
2013-01-01 to 2014-12-31 (two years),1630,101,0.1,2.0,6.454231455887934,130,0.2230769230769231,-28.164311750784865,0.30512671904030414,9c1f847a1b4dcad718443e89a73165ce8090bf5cbe9d7e85150a87d9544b213f,4.4
2013-01-01 to 2014-12-31 (two years),1631,101,0.1,2.5,53.21663542195575,72,0.2777777777777778,-21.53320378242949,1.1952017082268467,1e693e118cde1c3671d2670fb5c12d4681c652fa439b644f738e51c2d51fca06,4.8
2013-01-01 to 2014-12-31 (two years),1632,102,0.02,1.0,-14.638734449232816,102,0.20588235294117646,-38.86201729240014,-0.18980123226861437,331658eb1b32859a0189420707f7ce4b6c7c6037b126d0d3af307aec160841dd,2.3
2013-01-01 to 2014-12-31 (two years),1633,102,0.02,1.5,2.4422472923644865,86,0.22093023255813954,-29.731044001308415,0.20875846932363024,12691873c5f3cf9c17f670d44d96552c495de9793f3aaae3b527adba15450978,3.2
2013-01-01 to 2014-12-31 (two years),1634,102,0.02,2.0,15.464214343611,64,0.25,-19.532425323799075,0.5427353735565483,35e5d89dc5cea9f01a5aadb497213a5e81cee42a39c82bb39b36d65c599ea3cc,4.1
2013-01-01 to 2014-12-31 (two years),1635,102,0.02,2.5,40.73055551318451,49,0.30612244897959184,-11.822050929451667,1.2255576414392575,8b81e55f80853375723bec5316d03fbe13ea3579f243410f20e0ac603977a30c,3.8
2013-01-01 to 2014-12-31 (two years),1636,102,0.04,1.0,-57.80064767924837,183,0.16939890710382513,-66.07872421788453,-1.3458918451408337,870e2ebd23e62c32813b3be2fd18d54e6f76aa4cc6e9ed4503fbd6a05a9084f3,3.4
2013-01-01 to 2014-12-31 (two years),1637,102,0.04,1.5,-33.02270460160359,137,0.1897810218978102,-47.78205819718112,-0.5974514758679073,6b9c925e92afde9d9845fc1c5f25cc213d7ba40b68baa77d39af37e345a186b9,3.2
2013-01-01 to 2014-12-31 (two years),1638,102,0.04,2.0,64.97830882106324,100,0.27,-20.46586839527832,1.3216041641918586,931b47786485800126c468cb2e92d12970a851963e8786575c34e12dd08c4dcb,3.3
2013-01-01 to 2014-12-31 (two years),1639,102,0.04,2.5,69.77045507541821,58,0.3103448275862069,-15.839498193913858,1.5211115757082077,9abb14eae71a024d14bf54033f41c84a4b9371461ea2de68820d64d5ef2f4e40,3.9
2013-01-01 to 2014-12-31 (two years),1640,102,0.06,1.0,-9.791429448940772,262,0.22137404580152673,-55.166753144140436,0.12134188996942223,3a79bf4f99ece311345a30ec14a5d5d3f556d74eb0792c86dd6b16132f7f19a9,3.0
2013-01-01 to 2014-12-31 (two years),1641,102,0.06,1.5,45.74034519996094,176,0.24431818181818182,-34.50349989769303,0.8301640779265705,421221e7fc16e123710f2aec5104109301dcd7ac72d520718598bcb4429ace13,3.2
2013-01-01 to 2014-12-31 (two years),1642,102,0.06,2.0,96.30832889520099,113,0.2831858407079646,-19.433002692078148,1.4872379602590577,8756e6ad683757c68a161ad1433748476ca533e94967ed87bae536f36901184c,3.4
2013-01-01 to 2014-12-31 (two years),1643,102,0.06,2.5,51.727175916670085,82,0.2682926829268293,-22.007171743492815,1.125342217064151,d4391f1692a55cee4e96464e110422308f97f79b91bb1407114202d39a77dd7b,3.7
2013-01-01 to 2014-12-31 (two years),1644,102,0.1,1.0,-24.09934396744799,356,0.21629213483146068,-47.51529582173435,-0.06687612099516424,0919fa30dec44581265a555f291a5e4630cd57df95bb7e4e078b58b3bda5d9ed,2.7
2013-01-01 to 2014-12-31 (two years),1645,102,0.1,1.5,-1.4635579091726563,206,0.21844660194174756,-27.945912052864063,0.20528243895634482,4b89d8c86ae627f8bb8ad29d0ee99512ed994d94ed1c566e2781107410c0fbc6,3.2
2013-01-01 to 2014-12-31 (two years),1646,102,0.1,2.0,15.09761988579493,130,0.23076923076923078,-24.746033701736494,0.46594833699561494,f528acc073d30aec979cb91764c06785acea4ad068f194b196f57c87eb3feb96,3.8
2013-01-01 to 2014-12-31 (two years),1647,102,0.1,2.5,12.698965931195183,77,0.23376623376623376,-21.938472026992372,0.44816022005849016,32ce7b171f02f0233311c61e993922cd79fe77ae78f178924670e12949b91b76,4.0
2013-01-01 to 2014-12-31 (two years),1648,103,0.02,1.0,4.9771097473520145,103,0.23300970873786409,-31.471481361076837,0.27060645346152684,d1c97c60f8c12f69176ec9c071bc277186724fdde57fef188961bc7d25f1cbf4,2.4
2013-01-01 to 2014-12-31 (two years),1649,103,0.02,1.5,17.087787243105872,87,0.2413793103448276,-38.25827322758709,0.5308406625902492,994ac22a051f841df3655a00ffcc6f3319fbb2e7d46d88a03fa7271113ffa2b5,2.6
2013-01-01 to 2014-12-31 (two years),1650,103,0.02,2.0,29.660886899198687,75,0.25333333333333335,-32.515016655600036,0.855821561082198,a6a88f94c83772395cbd36f617673dfafdb92c71b39e856cf1d0ba008ce909f6,2.8
2013-01-01 to 2014-12-31 (two years),1651,103,0.02,2.5,-8.808466029960554,60,0.2,-35.799716251264535,-0.1785313267843684,479cff7c31b2d6e3cab5efc3b193b7ca21076c33200fc3427818dd8653a2dc03,2.8
2013-01-01 to 2014-12-31 (two years),1652,103,0.04,1.0,-33.856622246813906,205,0.2048780487804878,-37.54285894696907,-0.38224185863743,331a6b0e2bf33087848d258bfc48f3400fd9b6d58c06098fa633edb8f3c4a1ed,2.5
2013-01-01 to 2014-12-31 (two years),1653,103,0.04,1.5,-38.06314444720387,158,0.189873417721519,-41.82005173782137,-0.698742481893439,54e0ca89f28542e3ff8355fdb63f0efda14c60bbe21099990d851285736b8a43,3.3
2013-01-01 to 2014-12-31 (two years),1654,103,0.04,2.0,11.41613396016264,113,0.23008849557522124,-24.959163442218824,0.4077976099976936,12831ae2f7fdbbd7860e8b14e9620f155dbe97e9bf476e961624aaac165f3d51,3.4
2013-01-01 to 2014-12-31 (two years),1655,103,0.04,2.5,29.669753158469582,75,0.25333333333333335,-19.37048669742221,0.8270095919127046,41dbf8aab0d434c5a852237b9d982b9ebefb6f97548d5de5e971da792341d4c5,2.9
2013-01-01 to 2014-12-31 (two years),1656,103,0.06,1.0,-34.18653664456592,260,0.2076923076923077,-64.83203244517286,-0.3357725673887674,0d3917cf1504e34b2a9a6a64bb5be69c56327bc237e81bd8dfd5d1bbc904e448,2.7
2013-01-01 to 2014-12-31 (two years),1657,103,0.06,1.5,-30.417399259843297,176,0.19886363636363635,-56.13731102334345,-0.4300415082736808,f81f5843bcc7db6ab15b0885188064564a9f1b864ab06fec505971912293f0af,3.1
2013-01-01 to 2014-12-31 (two years),1658,103,0.06,2.0,39.51465322488738,108,0.25,-23.635453331247124,0.8667678836329307,067b338147550caf21fe2d785716649fda9253f0077bb2078af5b9baef9f90a4,3.7
2013-01-01 to 2014-12-31 (two years),1659,103,0.06,2.5,15.60613252000214,81,0.2345679012345679,-21.271892323394926,0.5023895524797124,214c4604c84145dfb0e4f982f90b02d7ccb24f38ae180b3b8eb9079908646201,4.1
2013-01-01 to 2014-12-31 (two years),1660,103,0.1,1.0,-22.998430286439202,343,0.2099125364431487,-60.57654364926866,-0.035385422629062274,758095f2120af201cca58768ff03f8816971cbd0b99001c5dd1d8bca84ad3530,3.4
2013-01-01 to 2014-12-31 (two years),1661,103,0.1,1.5,-1.8494732997905605,209,0.22009569377990432,-42.29798038265506,0.19909120589896,a15279bd0d33e68acae68fb584d1d05f5c63b226be82a23252d3fb55c4ae5761,4.0
2013-01-01 to 2014-12-31 (two years),1662,103,0.1,2.0,24.31950810680462,113,0.23893805309734514,-25.804507479173612,0.6173601638514122,cc8e23db15d7a7c857f39f0fddcc053df2552c7cf1b37145004054517a7919f3,3.7
2013-01-01 to 2014-12-31 (two years),1663,103,0.1,2.5,52.187744858460206,77,0.2727272727272727,-19.82754469123297,1.1614062330165096,fab6ab4302b6e44d6af808e223c91b0bc374f08e291d7e179450ad9ef38dcdf3,3.8
2013-01-01 to 2014-12-31 (two years),1664,104,0.02,1.0,-41.202235737036446,112,0.17857142857142858,-54.828138590303965,-0.8483914275142191,331f7b6f70309ef9826798bcba58c4dc5e0d5c424e090966987e71dfdd12249a,2.1
2013-01-01 to 2014-12-31 (two years),1665,104,0.02,1.5,-7.005586854543217,90,0.2111111111111111,-31.16993322086031,0.012137038549717578,2d6f4d703344617606b3b77b78f9a17595592af09ae53af3679d5fd1f70f6978,2.3
2013-01-01 to 2014-12-31 (two years),1666,104,0.02,2.0,-1.7848819061688368,74,0.21621621621621623,-22.577218653173382,0.09332853080181623,0190288b54dda1c29b36c962a192ad7d6e63dd518e22dda27dbc39830581e0ed,2.9
2013-01-01 to 2014-12-31 (two years),1667,104,0.02,2.5,40.01097250937271,52,0.28846153846153844,-13.491930004219965,1.168436927785914,48a037a04273da8ac3a2d3f48a93131d9014fc0a8da3239f614ef5066a61eaad,3.5
2013-01-01 to 2014-12-31 (two years),1668,104,0.04,1.0,-55.25139065183684,197,0.17766497461928935,-60.105445557169325,-1.2330511128463548,64fddb64f953d74b34cb08c684e46b6f35c8a2008059eb5e959a13b4435d2efa,2.6
2013-01-01 to 2014-12-31 (two years),1669,104,0.04,1.5,-7.135057894344177,149,0.21476510067114093,-41.3078077319011,0.05973421871999011,18961c08d3c7003a952e479ca36eef089b6f023bcc926bf19b3b1b90aedd9dfb,3.1
2013-01-01 to 2014-12-31 (two years),1670,104,0.04,2.0,62.630247911204606,105,0.26666666666666666,-17.38281095963621,1.267536754536917,18fedda5b9f96b4795d80b546a1af28e953a9b0214a0df3adde70ad352b4fab9,3.4
2013-01-01 to 2014-12-31 (two years),1671,104,0.04,2.5,21.547594662323057,70,0.2571428571428571,-21.16708816502182,0.662419241260879,3e2ac4579047fe90c229d363f58adac1fcc732ff4940ec94379d7603d5d87a2d,3.6
2013-01-01 to 2014-12-31 (two years),1672,104,0.06,1.0,-24.359635034946074,245,0.2163265306122449,-55.86006727517911,-0.11699718419528633,628c3f373f1bee0d55cd0b66b4ebb2bd9b45d9e918408af7282947f1d671e7cf,3.0
2013-01-01 to 2014-12-31 (two years),1673,104,0.06,1.5,10.67111452383918,155,0.22580645161290322,-36.56546694679751,0.38461143128685427,10aca5b5f0ff0c0696313a3ce65d19ed4a044aeaf0f633192bdc26279f8f66c2,3.3
2013-01-01 to 2014-12-31 (two years),1674,104,0.06,2.0,51.332882070637254,99,0.26262626262626265,-18.41295365043888,1.0609914628804034,ae1946c261b9efc8b826c3a9f521e8c1d0f17fecc9c0829ea182ab04c626e8c5,3.9
2013-01-01 to 2014-12-31 (two years),1675,104,0.06,2.5,57.31211715865769,66,0.2878787878787879,-20.264101121122724,1.3132081303302057,78ce499ec61ab857883b69325f1d4a57eba3b168c78eaebc4bd7821769c1aa56,3.9
2013-01-01 to 2014-12-31 (two years),1676,104,0.1,1.0,10.484835020901423,356,0.2247191011235955,-65.21004507806813,0.4239108249626142,275ad65a929f4cb9cc27ad5c3ab81f8dca1145b125519e79f9b7093ba9eebaaf,3.1
2013-01-01 to 2014-12-31 (two years),1677,104,0.1,1.5,-25.030967466616744,223,0.20179372197309417,-58.31613689386585,-0.20564227548759864,46566b3aeeb6259fed7b1be5543b416b7883f80461ee7855457f6ff7a3baa698,3.7
2013-01-01 to 2014-12-31 (two years),1678,104,0.1,2.0,15.065723052994157,135,0.22962962962962963,-30.21966785787513,0.4634173438204435,03e4866926e9f034d1862aafbeb4df65ac8dd565c7ca154b8c71bde3f6917b95,3.8
2013-01-01 to 2014-12-31 (two years),1679,104,0.1,2.5,39.50018402256028,86,0.2558139534883721,-19.46595425464841,0.9527846971053279,802dbc0653c8fb08ed8fad401a0d001173415dfe2f8f3d200a55c51c655e3216,4.0
2013-01-01 to 2014-12-31 (two years),1680,105,0.02,1.0,-64.20404093256764,108,0.12962962962962962,-65.3606622749424,-2.2447190309575467,9c656d2308ac3a76feab7dfb8354f5bbad7759fdd3e3a0b7540e08c95693ffab,2.3
2013-01-01 to 2014-12-31 (two years),1681,105,0.02,1.5,-34.35585092592376,91,0.17582417582417584,-44.7065527807384,-0.8730511968608925,a70ff09550895b2aa472b194aebd24e25a3d6f1e0472deab482aaff42a490e8c,2.5
2013-01-01 to 2014-12-31 (two years),1682,105,0.02,2.0,0.8841113361564941,68,0.22058823529411764,-32.312913214500725,0.15505718960688883,f746e0a65ecce5c25c9de88644ada6d004a37e482753567cb8d170405d23829e,2.8
2013-01-01 to 2014-12-31 (two years),1683,105,0.02,2.5,-14.809631071337028,59,0.1864406779661017,-35.541226052872844,-0.39887623778138626,f36efca23c4aff8e09537556538a6c0ba8e2c94a973391ff2d884fe489c8f7ca,3.2
2013-01-01 to 2014-12-31 (two years),1684,105,0.04,1.0,-35.41678001899895,190,0.2,-50.31743822899494,-0.49028102263714224,9bb489293da57b58dd4f5880ff3f87d9cfb941800950b15c6d2606061afc8e2e,2.5
2013-01-01 to 2014-12-31 (two years),1685,105,0.04,1.5,-15.757768678200327,135,0.2074074074074074,-46.13057910270155,-0.14504125312895497,f3f86857b18132052b225bd6c6280dee7d2893e85d065e5b3adc2439ae8043f2,3.1
2013-01-01 to 2014-12-31 (two years),1686,105,0.04,2.0,32.30359785736625,96,0.25,-26.22758574494597,0.789168177433056,2b1ff55f80f09407464eb7e0b1b6f74a00b718766dbc550d0996d4b7a6037479,4.3
2013-01-01 to 2014-12-31 (two years),1687,105,0.04,2.5,17.79951404869868,75,0.24,-25.33739600567647,0.5635737227951476,1ff201f02d886ab1e46991434f08dec0403e6e7d6acece61df17a30375306683,4.4
2013-01-01 to 2014-12-31 (two years),1688,105,0.06,1.0,9.017034884132755,243,0.22633744855967078,-60.68992607332466,0.37882877000945747,ca6c2b577e038d236ab145dcd36a4181820e376c7740e5dd56fa1c9a5291f277,3.8
2013-01-01 to 2014-12-31 (two years),1689,105,0.06,1.5,0.37507154620595884,166,0.21686746987951808,-57.44830313178555,0.2226590738165578,f129d75e3d1980375c207b2c16afd7e017f4c6d3ec1fdc26fd0aded3ebc3fb74,4.2
2013-01-01 to 2014-12-31 (two years),1690,105,0.06,2.0,39.60662309032915,121,0.24793388429752067,-31.869533076322366,0.8619712825169227,9b5916c050eef2cc1f6f43faa051ed7951daf840364a4b5da6addc1ddc558d31,4.8
2013-01-01 to 2014-12-31 (two years),1691,105,0.06,2.5,41.81895743651532,71,0.2676056338028169,-24.044116028436346,1.09270512353941,e507419194b2852977910a13105abb5c387a647306228b83a201622beea24b01,4.9
2013-01-01 to 2014-12-31 (two years),1692,105,0.1,1.0,-74.31136329902952,344,0.18313953488372092,-83.64941004614506,-1.3017912023608469,94e69d7fcc526f0e08a1c12c7f175481432be46c665483c56d852b36ef564175,3.4
2013-01-01 to 2014-12-31 (two years),1693,105,0.1,1.5,11.030256790437008,211,0.22274881516587677,-49.97513871336913,0.3947841573232532,785a1b96fba0e746b99a5d70486810d5ba2cd3050f6fe1040ed7928ab2a68543,3.8
2013-01-01 to 2014-12-31 (two years),1694,105,0.1,2.0,18.920119216235094,132,0.23484848484848486,-24.501102738161563,0.5279671042097066,337ea70de49aa33237128a10507f449935a5fcca1802c6375cb72cb4ecfcb3aa,3.9
2013-01-01 to 2014-12-31 (two years),1695,105,0.1,2.5,-5.260449218555248,87,0.20689655172413793,-26.979446134649965,0.005672400913384873,28fdc692620caa7238258fca1be06e5c93d1f8e2a2d56f928a4370a7ae18bacb,4.2
2013-01-01 to 2014-12-31 (two years),1696,106,0.02,1.0,-53.34115582123336,104,0.14423076923076922,-56.85359277773987,-1.5452677883001904,85759cb229f379c996b97b10b503e2110fd5d5cf05ad01b1488d54d6e5845257,2.0
2013-01-01 to 2014-12-31 (two years),1697,106,0.02,1.5,-49.25288163897627,92,0.14130434782608695,-53.1306949228076,-1.594990315380383,a75327f63c52be09df55d43f7be09d2b810e13cf1b91a851f4d25968c2516eba,2.9
2013-01-01 to 2014-12-31 (two years),1698,106,0.02,2.0,-16.505938597049845,69,0.18840579710144928,-34.929641480955354,-0.37370050147092676,1621bc7c0d6bd517a6d3ac19201bd2f87ce6a53565ffa885dca44c9889cc4379,3.1
2013-01-01 to 2014-12-31 (two years),1699,106,0.02,2.5,16.541595272824377,58,0.2413793103448276,-22.912754711626825,0.596623866941595,1720edd079899ae8171719ea2bd059448ff618ed57a81646dbea688ba5106061,3.0
2013-01-01 to 2014-12-31 (two years),1700,106,0.04,1.0,-45.91426599402003,197,0.19289340101522842,-60.983464584176296,-0.8112585312655116,19e2fab177e56196705cf585a0e0c49b7725ce34cfb6b34a34835f964361e861,2.7
2013-01-01 to 2014-12-31 (two years),1701,106,0.04,1.5,-8.634537239761322,140,0.21428571428571427,-54.422939964946536,0.023951319339755146,0501f389ecb41fd97c89e4194fdeca0e67920eedac92cf9fb5c5258c78aab12d,2.9
2013-01-01 to 2014-12-31 (two years),1702,106,0.04,2.0,18.4480094185435,97,0.23711340206185566,-25.83687659634535,0.5312637077179853,ab85c3846fb79e654acc1da4c3b25089fc13743cbb0b373228ef4cc7c608f61a,3.3
2013-01-01 to 2014-12-31 (two years),1703,106,0.04,2.5,28.973303302167313,71,0.2535211267605634,-12.878469051373054,0.7988408247471736,e2021dd3d217b05347b89e5b723ea2fede96e8b1e9935c8483f05a42afb3ce1a,3.6
2013-01-01 to 2014-12-31 (two years),1704,106,0.06,1.0,-58.41821823451138,249,0.18473895582329317,-64.40163605035895,-1.0727781221041364,59d4317c8a0ee2a6fc96b626909c510374d60c1001ccdb3c68f1ab58ab3346be,2.8
2013-01-01 to 2014-12-31 (two years),1705,106,0.06,1.5,-4.796250909869161,178,0.21910112359550563,-37.53203326328829,0.11600134055661909,9ae08ead2636556e7fea7f289c927c9e68f28272c3d4f2bb950a398738eae4b9,3.2
2013-01-01 to 2014-12-31 (two years),1706,106,0.06,2.0,57.06508273834384,111,0.26126126126126126,-19.50206293079495,1.193731786396874,d2222bcdb6aad2714e1cb4f17a2a21ff488b2188a4b4bc76a44bab5a40f18840,3.7
2013-01-01 to 2014-12-31 (two years),1707,106,0.06,2.5,52.03849334172328,77,0.2727272727272727,-22.922493296765044,1.235055484521272,9a4ccdcc7d54f65d4ef8ae21d90aba2cb15b77591e3d85d9cc14df45310bcd73,3.1
2013-01-01 to 2014-12-31 (two years),1708,106,0.1,1.0,-37.795609227001066,349,0.20916905444126074,-66.4324202262034,-0.25932525103737425,2b70385b37c5d50966c55c9c55e76bb9f612a4d1318bd1256f88db73ba3679e8,3.5
2013-01-01 to 2014-12-31 (two years),1709,106,0.1,1.5,-31.892178156539863,209,0.20095693779904306,-54.901330735383944,-0.3532065991082921,3601acd1d14813071d3ef88706d368991e5bae264f16d826aefd2755291493d9,4.0
2013-01-01 to 2014-12-31 (two years),1710,106,0.1,2.0,-9.941568875092806,151,0.2185430463576159,-45.97301550457724,-0.02892275760871844,eadc09ce54475a0bb0e684b8d9c1eb68f966e45968394ce957a68d3d94d0825e,4.2
2013-01-01 to 2014-12-31 (two years),1711,106,0.1,2.5,-0.637584575234788,98,0.22448979591836735,-25.42696362186989,0.13444659603429193,a5ddb0308f52e43639aec7c136ce850a56e4e28650da94ccb9b9998618f960eb,3.7
2013-01-01 to 2014-12-31 (two years),1712,107,0.02,1.0,-52.03654754161702,123,0.15447154471544716,-53.016293382750646,-1.559558295263545,9898cf449cbf8b6e8d2f87c13db6d28b850b245471ee5eaecd7fa29b2d404f70,2.2
2013-01-01 to 2014-12-31 (two years),1713,107,0.02,1.5,-24.200505151986746,103,0.18446601941747573,-40.564235608014364,-0.5481232628453705,ff966c934672504accfa79b2cab654193aa1809e8263d1a27c7fb565c3dd9cce,2.5
2013-01-01 to 2014-12-31 (two years),1714,107,0.02,2.0,-27.708466934026298,85,0.17647058823529413,-34.771657834736224,-0.7975795761169321,f3a8c078463af3bf17e04541b3268432c72123bfe90289726d34616e224d0d08,2.9
2013-01-01 to 2014-12-31 (two years),1715,107,0.02,2.5,-14.718875750087124,72,0.19444444444444445,-41.04870198331001,-0.34332819139405046,271cf588bb2cab9336cdd74a5648a5dfac1c0b4fe60e6b72e0ab2dce2c24c9b0,2.6
2013-01-01 to 2014-12-31 (two years),1716,107,0.04,1.0,-24.679220996561078,186,0.20967741935483872,-43.16336369124315,-0.2520011769004573,bb0bcff129c98f35a765e69f7a390ba7e36ba83045a545364ba7036d0770fa21,3.0
2013-01-01 to 2014-12-31 (two years),1717,107,0.04,1.5,23.733912927492643,122,0.23770491803278687,-26.035374665721058,0.6057872995427133,97c992476a06b84d850822a9d95d0df1b3451b0541bd935f0972931e3340101a,3.2
2013-01-01 to 2014-12-31 (two years),1718,107,0.04,2.0,21.46054004741563,97,0.24742268041237114,-24.523943553005445,0.5930488853837752,794e96fc94dcf62c3ecb0ac2eec4995983d9051396c8d8e486a7f1c1a00e1381,3.2
2013-01-01 to 2014-12-31 (two years),1719,107,0.04,2.5,24.055560500111742,78,0.2564102564102564,-26.467244662396872,0.6974089960647869,2dfa93a3e24c416c89dca70b728c0b8f6c4b99266aca9a14fc17bbf67992eabf,3.5
2013-01-01 to 2014-12-31 (two years),1720,107,0.06,1.0,-19.673368949005567,268,0.22014925373134328,-43.628193239264576,-0.03375655741308435,9fbd70823a113d9c9165769277836318559e0ec7c5c8ee514b04c333d0ced1f1,2.9
2013-01-01 to 2014-12-31 (two years),1721,107,0.06,1.5,67.98744541388577,168,0.25595238095238093,-29.576998705265446,1.061617078955637,264e4e0731f06844bdeb4bb7a2869bcdc28a47441107fc9ca66375558fb8ca82,3.3
2013-01-01 to 2014-12-31 (two years),1722,107,0.06,2.0,71.91919901451087,115,0.26956521739130435,-25.185252233141686,1.2840678039503144,39be72cd544b721e6fa61dc2bcc1c897c5c62d588e64eea820b85a09ec0e4497,3.9
2013-01-01 to 2014-12-31 (two years),1723,107,0.06,2.5,65.24647652915354,86,0.27906976744186046,-22.182591261253204,1.358129219607374,b7b9bc3aae459a566550a00de12676ee0b3ede80aaffa86da6822981192e4187,3.9
2013-01-01 to 2014-12-31 (two years),1724,107,0.1,1.0,-62.64007282770646,364,0.1978021978021978,-72.7611767938849,-0.9059906160693217,497708fd7173ed567e4db6f770db65552b3ce31833d18288ebdb9d73e36269b1,3.4
2013-01-01 to 2014-12-31 (two years),1725,107,0.1,1.5,13.587558911200507,207,0.22705314009661837,-45.03334867650947,0.43047266191941863,f0e635c43191a829632a1cd9f6d808d3ef38011c958005434d15df8838dcb55f,3.8
2013-01-01 to 2014-12-31 (two years),1726,107,0.1,2.0,30.180300084257006,126,0.24603174603174602,-18.119674011304987,0.7073650731404615,8eef39b67affe1dd344bab1790914297ea3be63aabcdd6e0ab807731a111cb01,3.8
2013-01-01 to 2014-12-31 (two years),1727,107,0.1,2.5,25.727924082700998,86,0.2441860465116279,-20.434414459459717,0.6910709840970347,90a92be94d63002ee042aa7ddec1dee812427de3c592409afef0d9f52cbfa19d,3.8
2013-01-01 to 2014-12-31 (two years),1728,108,0.02,1.0,-11.575523552172912,115,0.21739130434782608,-38.28842395377644,-0.07643726068161097,49928e4a5a08229c0ba20ab69a6135516c086d0781004adb71a533f80f31503e,2.1
2013-01-01 to 2014-12-31 (two years),1729,108,0.02,1.5,0.9042652012245347,95,0.23157894736842105,-26.242635519018364,0.17544912913017463,14b5d4ee622722bba4b4299ae3bd9da5f7ea64efa229e31808f8a678ae9d4e23,2.7
2013-01-01 to 2014-12-31 (two years),1730,108,0.02,2.0,43.38622858848411,66,0.2878787878787879,-17.637355223927276,1.0287498100623356,0cd5a1f0cb0da68dce152a622cc06f0841e3a12a9733a49155c3bb358f52e04d,3.2
2013-01-01 to 2014-12-31 (two years),1731,108,0.02,2.5,37.93546272139263,59,0.288135593220339,-15.29383424845081,1.0765892009903193,faa0afb3eb3e5c2b4ddf00d8061b9c041630cdd44042dd3d8dac46e00d34cc89,3.1
2013-01-01 to 2014-12-31 (two years),1732,108,0.04,1.0,-34.59616310553299,192,0.19791666666666666,-50.26702395578477,-0.5072924764623569,3eec8f15af54886d0f8b04b13ce62125a39c63c00d5a015a97c3207f10833250,2.7
2013-01-01 to 2014-12-31 (two years),1733,108,0.04,1.5,-35.63025917955028,140,0.18571428571428572,-50.49385451317413,-0.6580775103108696,30c8e175fba26fd5582670e1c97c62cb4b735bd71bdb3c3e2b619d403dc1209b,3.0
2013-01-01 to 2014-12-31 (two years),1734,108,0.04,2.0,15.28959088029937,103,0.23300970873786409,-28.114080876560156,0.47344362166073467,bac2ecbb72c59758946401e6185dba5ef6cc48943c7cb7dad216ef3a41eba8b6,3.2
2013-01-01 to 2014-12-31 (two years),1735,108,0.04,2.5,19.045281569397805,71,0.23943661971830985,-19.109559846891123,0.6042865294060775,4a56d6fdb75f1947d34e78cce12cc5eec57a6f07cd0381f325904de0127c641d,3.6
2013-01-01 to 2014-12-31 (two years),1736,108,0.06,1.0,-40.138897937762906,250,0.208,-60.867380822040396,-0.4400549169999048,b85bfc8298ba0595e9b1a5bd09c52d7f26c894e744a3c8111a5bf2681b4b4c2d,2.7
2013-01-01 to 2014-12-31 (two years),1737,108,0.06,1.5,-23.94126775601121,172,0.20930232558139536,-47.925827569218505,-0.28750015707367266,eb9e5539f1cc891004e03d1fd7a2fc424d7e00bf38d91a54826dd1751dc16a09,3.4
2013-01-01 to 2014-12-31 (two years),1738,108,0.06,2.0,39.04863815107945,107,0.2523364485981308,-22.58424316066311,0.8747889543529894,e61f118d97dc783475116fb10bf00c745612dfb807494ea427c4fc9fee7ffc30,3.9
2013-01-01 to 2014-12-31 (two years),1739,108,0.06,2.5,41.981760232643886,80,0.2625,-21.39178300978628,1.042079075016341,34f865d50728b414427429833d89daa1a7b4948a7d365cd8e22c019c85a7a6b7,3.8
2013-01-01 to 2014-12-31 (two years),1740,108,0.1,1.0,-30.333601075631115,365,0.20821917808219179,-71.36034740109916,-0.1288738634416285,f5d3d976697f90fa94a884ddc5c8380ab01d32ad8b8c0f81cc334a847c2f05e3,3.4
2013-01-01 to 2014-12-31 (two years),1741,108,0.1,1.5,-25.307214045523157,216,0.2037037037037037,-59.48718694942301,-0.22087352019451245,1b7371878b89bd58cef8b3636aef2a1914f801cc52aae8d511bf510c9a1f2e3a,4.1
2013-01-01 to 2014-12-31 (two years),1742,108,0.1,2.0,4.54936067040619,139,0.22302158273381295,-33.72307700889279,0.2729192907167813,c843b60ca3b4fe54fbc212cbc99b4f31ef15f960b00e565c35905114001a95a9,3.3
2013-01-01 to 2014-12-31 (two years),1743,108,0.1,2.5,17.5979094542349,85,0.23529411764705882,-27.47895560854997,0.5393648609581214,d528b45ef19f99ed54d3b3636566dc0359fac2a2cd6f8a868d21fcc94d5dabc6,4.5
2013-01-01 to 2014-12-31 (two years),1744,109,0.02,1.0,-1.8975628124061295,113,0.22123893805309736,-32.09718932449456,0.12419217853948818,1b43c9c4c75baf63121997a48ac4ed6d478de1da8fa21dce4a50e2952b0ca84a,2.2
2013-01-01 to 2014-12-31 (two years),1745,109,0.02,1.5,41.66026516485174,87,0.26436781609195403,-22.563677125763604,0.9261149261838352,9e7b4f55906a873ab379d204e360133fb09261eb6bc7b8c2b48ab0749231e0af,3.7
2013-01-01 to 2014-12-31 (two years),1746,109,0.02,2.0,111.95886995093164,63,0.3492063492063492,-15.62870606608734,2.0471121842224327,cd632687580773f4b811b0852bafe1d390bf81a249ad0ec88d5e3d2924168ed3,3.9
2013-01-01 to 2014-12-31 (two years),1747,109,0.02,2.5,58.14881058304555,56,0.30357142857142855,-16.18677077929095,1.4854973902778719,9db3aa9646c097fb1744f80fe372c9db4ae426981111332fb05142a55b797593,4.4
2013-01-01 to 2014-12-31 (two years),1748,109,0.04,1.0,19.94796037554341,190,0.23157894736842105,-46.880104157746096,0.5150656157024875,9a846035a0feabb9c6826e635b1765ede21438917408667408a3c5a54b690312,3.4
2013-01-01 to 2014-12-31 (two years),1749,109,0.04,1.5,3.908170472766803,145,0.2206896551724138,-50.33025067038353,0.2692115626868648,93bffaa870f206bbb6130fd77b9b7b25bd2a7e25d235d89c5909b8e10a9bcb5a,3.8
2013-01-01 to 2014-12-31 (two years),1750,109,0.04,2.0,6.486860382070852,98,0.22448979591836735,-24.31060199581655,0.30279338568792724,e3b39bb0da482b46d8af36c9c180ffeed62c8211a9ac9af8b78957aaa6b089e9,3.3
2013-01-01 to 2014-12-31 (two years),1751,109,0.04,2.5,12.943667712124743,77,0.23376623376623376,-23.354055768299965,0.46086498758390215,c72514204bc6a3b75b8b5f9b25a8e105793e0a1fd83909cf1329cca5f407c044,3.6
2013-01-01 to 2014-12-31 (two years),1752,109,0.06,1.0,19.41884231151772,244,0.23770491803278687,-52.710443497871815,0.5060558011582676,6a47caf6446eb84fa329497f6577e90b26dfa532d3c01e5389c8b89486a25a1f,3.1
2013-01-01 to 2014-12-31 (two years),1753,109,0.06,1.5,-27.12916790474346,172,0.20348837209302326,-58.07798128736662,-0.3391376220187963,5ac2ff1fd81e536055f6c135fba74595790aa13c5dff93ffc41255660a2d1b56,3.4
2013-01-01 to 2014-12-31 (two years),1754,109,0.06,2.0,-2.5544166802243593,117,0.21367521367521367,-34.16889292047453,0.11328477002315852,c2518c640573e71487e25af2e7296817c6ecbe4d8f35c863ae01e8837f9234ff,3.3
2013-01-01 to 2014-12-31 (two years),1755,109,0.06,2.5,-5.257478713297252,87,0.20689655172413793,-36.600946292285705,0.006084605595942998,93dcc92ff234d14ed6bdb37cc96c692511f6268694f5e7884b9e5740bc3f7ffe,3.9
2013-01-01 to 2014-12-31 (two years),1756,109,0.1,1.0,142.6011960205059,330,0.2515151515151515,-51.79492489093329,1.358546381942015,a1367591b7239fa1834f454e6133480ab45d4c482a76ad9ed5eec986bcc2a976,3.3
2013-01-01 to 2014-12-31 (two years),1757,109,0.1,1.5,123.82021950885122,199,0.2613065326633166,-25.37463904910583,1.4546532437730009,14bd2889ca82e063f4ef6b6da40b170da6edf0ab413bc0c4a0e8ac90a9c293e0,3.8
2013-01-01 to 2014-12-31 (two years),1758,109,0.1,2.0,32.86508448227286,119,0.24369747899159663,-22.226749511966215,0.7597787187642737,65322b9faefc8a151a88a691cd2672c291f06507be76deed664656e67547e6f5,4.3
2013-01-01 to 2014-12-31 (two years),1759,109,0.1,2.5,25.20437419725805,85,0.24705882352941178,-19.613042307749428,0.7035643807305257,66ca05ca331e6574482965bda0d115c5bfd033c895dd595550ffe59846a7ae0d,4.0
2013-01-01 to 2014-12-31 (two years),1760,110,0.02,1.0,26.911291777480063,113,0.24778761061946902,-24.77476260774222,0.6445953331632844,01496cfe65b60f7cb1c49d5ca3b56d095400e73a507adb866a283d541fc819be,2.3
2013-01-01 to 2014-12-31 (two years),1761,110,0.02,1.5,41.28227222408921,97,0.25773195876288657,-25.628621911807425,0.9076518632529073,715e239de243cc9a7bacdf97019522afc0301ea228fe6824428bfbb4a0c3ef3a,2.7
2013-01-01 to 2014-12-31 (two years),1762,110,0.02,2.0,53.69291967227156,75,0.28,-27.265937512803795,1.1983862076374718,6d332b6b2875b0e0ce0ec058680f04026f2af67187611e726ba5507ccc423196,2.9
2013-01-01 to 2014-12-31 (two years),1763,110,0.02,2.5,23.43844565086205,63,0.25396825396825395,-26.114613529301156,0.7055395092792753,2ec64c46c8d1c2634b38100bb8a078880a23ac26f828140fa2ed7a64d185e34b,2.7
2013-01-01 to 2014-12-31 (two years),1764,110,0.04,1.0,-40.76780284922477,178,0.19662921348314608,-65.26402340643983,-0.6610566577275683,4e29ad856afdbca41b61d7e8acb7711515e52c3738d45c8742375835740938b9,2.4
2013-01-01 to 2014-12-31 (two years),1765,110,0.04,1.5,-30.185133020205313,137,0.19708029197080293,-47.261321410815846,-0.5558857055889214,12b180639bf8bfdbd52cb26051f59d4eec2773ffae2efac8ac98cf7ad92f3e46,2.6
2013-01-01 to 2014-12-31 (two years),1766,110,0.04,2.0,-3.6514861774431036,93,0.21505376344086022,-35.1182640325862,0.07771899486459607,40210739c7e1799167fa29e4b8264111d75da1431efbdc0f17227596da444a6a,3.4
2013-01-01 to 2014-12-31 (two years),1767,110,0.04,2.5,13.245888627004842,67,0.23880597014925373,-20.516813954164846,0.4704597039996678,aa75bf4b36e8fd52a99e5f036483690c78c0ff3fb4510d7494a200fc2a111889,4.0
2013-01-01 to 2014-12-31 (two years),1768,110,0.06,1.0,-19.425294901424298,255,0.2196078431372549,-58.06187867907371,-0.06140868901924502,a6a5c2f5b20e02aaf4b3e7d7b843df6bac53aaecec8457f143689834fef4ab90,2.8
2013-01-01 to 2014-12-31 (two years),1769,110,0.06,1.5,-9.882254995273382,159,0.2138364779874214,-55.17199908392109,0.015947936243313462,8e569e668ccb75ed4d28a5215ae480b8feca72bf31ca8b7e41888a98ae934663,3.3
2013-01-01 to 2014-12-31 (two years),1770,110,0.06,2.0,13.816009531423257,122,0.22950819672131148,-36.05833938782563,0.44374403843705323,ce403e58c2205c7ecec531980c7a8fbaaa774a2d3878ae12fa061e73d76bf26a,3.4
2013-01-01 to 2014-12-31 (two years),1771,110,0.06,2.5,53.781957567572846,71,0.28169014084507044,-13.801689156859831,1.2316934872624237,ef1310f781bc4c70fe8069757510c134994f6e06515450c51ba731029deaa014,3.9
2013-01-01 to 2014-12-31 (two years),1772,110,0.1,1.0,-29.510341183986277,344,0.20930232558139536,-70.6770897034114,-0.17695977188496584,c8f70cd4b39a6471ebfd180636501cdf072b8687def909dc4f9523b26adf1ef2,3.6
2013-01-01 to 2014-12-31 (two years),1773,110,0.1,1.5,-36.895469453212094,213,0.19718309859154928,-65.13364660076502,-0.4682838784500152,21508deb71cfd22cbefa7f0d284a437f69b5d75d72ccff39cb697026705ef4b2,3.3
2013-01-01 to 2014-12-31 (two years),1774,110,0.1,2.0,14.02653176962626,123,0.22764227642276422,-35.22419534747214,0.44397795151947034,5823f600cd59019106c34733479c6144324f0352eceb5e02d73939e1bec30307,3.7
2013-01-01 to 2014-12-31 (two years),1775,110,0.1,2.5,-0.42792715453375113,89,0.21348314606741572,-27.78503118236214,0.14003722460903284,80346705df925e95a39e9e53a6aa9027719856b97c36e06623add40654c1da82,3.7
2013-01-01 to 2014-12-31 (two years),1776,111,0.02,1.0,-17.164573082196764,112,0.20535714285714285,-39.57576691085018,-0.18768791497187012,bcb14caf8199f1eb31db714d3feb3ab23f4dd924d8dab34351b83dabdf1ff7b2,2.2
2013-01-01 to 2014-12-31 (two years),1777,111,0.02,1.5,-23.269090644299354,81,0.18518518518518517,-40.372907898468135,-0.42780161413669376,4d7b174f1ac17a4b32e4ae27c678b27088a3f9ab841c7fd2c29e17d35e3addcb,2.6
2013-01-01 to 2014-12-31 (two years),1778,111,0.02,2.0,-32.441252728808806,74,0.16216216216216217,-41.124211294459734,-0.9276115575837941,2a91b3ca0f124cbd72a9a7d8f60b5c1364841876e43298467b7c824d9869ffb9,2.9
2013-01-01 to 2014-12-31 (two years),1779,111,0.02,2.5,-0.856600721104688,61,0.21311475409836064,-30.29988070801889,0.10311366743987779,dd0e4a97c449d17cf399d5b6b355eada8cc624d41c8c8627f6355c276f0eb297,2.8
2013-01-01 to 2014-12-31 (two years),1780,111,0.04,1.0,-19.69964577861756,182,0.2087912087912088,-44.58478003151879,-0.16704916289424226,2d4f3274e33034073da8b07980c745f3040a87a564876f4d8796a6db56d1513c,2.7
2013-01-01 to 2014-12-31 (two years),1781,111,0.04,1.5,-37.3475629144296,134,0.1791044776119403,-54.09620861409212,-0.782508260445316,bd4013083fd4b1aaabd4ba55915bf9212845a802a677c6d7f54f1a6a2e1620af,2.9
2013-01-01 to 2014-12-31 (two years),1782,111,0.04,2.0,47.23779549775698,96,0.2604166666666667,-22.518092583534553,1.0622175643443246,774bdf6d4e4639b5f0f90c67a5b9e996a885432850301fe017a39a4491f86a13,3.6
2013-01-01 to 2014-12-31 (two years),1783,111,0.04,2.5,32.10730607670323,70,0.2571428571428571,-14.118615448423565,0.8769647922265295,8553261e6ce6b39b1d816ee0f1b93da51d9b501e94b83427b1886185a9142202,3.5
2013-01-01 to 2014-12-31 (two years),1784,111,0.06,1.0,-50.532978254061724,263,0.19391634980988592,-57.775176020807116,-0.7638834153458567,8a513b9c26be47eebdaebc305563b91e06f04035a86a20e0d34fe4596ce32df9,2.7
2013-01-01 to 2014-12-31 (two years),1785,111,0.06,1.5,-17.417031379176006,183,0.20765027322404372,-42.411545353862145,-0.10448503818220523,85a26b4fdad1d0f26d6d284e396fa6f98d57e988aacf3db586af4f2a861361de,3.5
2013-01-01 to 2014-12-31 (two years),1786,111,0.06,2.0,27.72409541423838,121,0.2396694214876033,-24.009486525084654,0.6734123353264811,d896d68e09b7961f11531d2ca9d8ac75c4afef7e0fd8a060e26245be5b55b7c0,3.5
2013-01-01 to 2014-12-31 (two years),1787,111,0.06,2.5,53.33559187462673,81,0.2716049382716049,-21.75219281765839,1.1949197507387752,08802d8c0de08e6bdc8f34e911cbf02ec81132dbc925d042793505f2d44f3ae6,3.6
2013-01-01 to 2014-12-31 (two years),1788,111,0.1,1.0,-42.59260376884524,340,0.20588235294117646,-49.59016183513767,-0.3913189414208477,80038ce5b015f2613a84ec74e11545e5ef3c5f3f2df0af68175b3d1443e52ee4,2.9
2013-01-01 to 2014-12-31 (two years),1789,111,0.1,1.5,-61.762915540277504,218,0.1743119266055046,-70.66338652981423,-1.2724103477522146,e0bc22f31f52325df579ae4d9f96fddc49516cb61d79f7fdc3d6f086a204c6c3,3.4
2013-01-01 to 2014-12-31 (two years),1790,111,0.1,2.0,18.751336487108038,130,0.23076923076923078,-31.838532003053764,0.5329333412442222,2e1a76f4dd6eaa6a8743738467b12915d5f7a5e4e49b242178991de3c3f659bc,3.9
2013-01-01 to 2014-12-31 (two years),1791,111,0.1,2.5,25.338911809831004,82,0.24390243902439024,-20.995538553353143,0.7037148888901633,553960250dc028e5863a2e78db90a0d4d355fb3ad105e07dc9fde13b8fed19cc,3.7
2013-01-01 to 2014-12-31 (two years),1792,112,0.02,1.0,-23.410048610831634,108,0.2037037037037037,-41.98707923316325,-0.3323957320268208,5d6da1cfa829902a0ee1083f7d9af2b573af6a0d977b8a0a69661bc1cfb5630e,2.5
2013-01-01 to 2014-12-31 (two years),1793,112,0.02,1.5,-16.246555080266898,90,0.2,-39.99722655854251,-0.2497329077236743,e11f2c92ffb1062bd4e9f09821bc55ddbb3070539f56f4f911f8571e71e65204,2.6
2013-01-01 to 2014-12-31 (two years),1794,112,0.02,2.0,28.30778451559901,69,0.2608695652173913,-29.896392263632386,0.7883798632023188,439d0f85c31ff8394c0fcb8fd3ef62b8c95dd2dbc50ed217c2baabc7df4dcebc,3.0
2013-01-01 to 2014-12-31 (two years),1795,112,0.02,2.5,32.750734344157635,50,0.28,-26.0769993384132,0.9688648194713672,a56ab52b0e6e1c97a4a31260f748257942f3b3398e0264e4de94d7c9db628558,3.1
2013-01-01 to 2014-12-31 (two years),1796,112,0.04,1.0,-48.01211097169422,169,0.1952662721893491,-69.85869295189396,-0.8201198076665001,7c4b24fc34d641a3899fe0948499e9554388b3f7338cf83627623dc99e635c62,2.3
2013-01-01 to 2014-12-31 (two years),1797,112,0.04,1.5,-2.9630012768872644,133,0.22556390977443608,-42.77790622474688,0.12973774371686875,0dc426699daba62eeab113f7de668fa0fab42c705457bf832f2f4f3ff705e5b3,3.2
2013-01-01 to 2014-12-31 (two years),1798,112,0.04,2.0,12.321851508337401,99,0.23232323232323232,-29.13414728752234,0.42327259902340186,6353851c75bb40ccde44ddd1d179c54b4f8d0f7bbc412c46de13f80461d4f575,3.1
2013-01-01 to 2014-12-31 (two years),1799,112,0.04,2.5,12.896101321493491,68,0.25,-22.092311686320663,0.4723279967259066,c1f5b609fdf22367a7e9b2e94d31db3cff5c9e99e0d70d84f50987030f5bb1a3,3.3
2013-01-01 to 2014-12-31 (two years),1800,112,0.06,1.0,-63.1507601271147,247,0.1862348178137652,-72.2586929641593,-1.1383259952650824,dbe3259cd86324c662fada77a2bbdec3d0bde7ff585cadbbd7ae6d53ce0baac1,3.0
2013-01-01 to 2014-12-31 (two years),1801,112,0.06,1.5,-28.07260353874639,179,0.2011173184357542,-64.74955437340296,-0.38533746696467336,6c5fb1c8fe33ecc9f9ac3ab534d6e44358c3c3dcf398bd35d5f13fc7f799c7aa,3.0
2013-01-01 to 2014-12-31 (two years),1802,112,0.06,2.0,-1.1614478280850409,115,0.21739130434782608,-34.4699057654513,0.14313514730010715,63d3a4766ed5ede7c53da7b720ff2f035dd758ef9b6b9b5691bf9c9769206648,4.2
2013-01-01 to 2014-12-31 (two years),1803,112,0.06,2.5,25.8014433199632,77,0.24675324675324675,-19.918712707795084,0.7373761799715508,99f4cdbcad84980489d4b00a4cc1e2fe390d291797cdcbea7e76f7dcd948d46a,4.1
2013-01-01 to 2014-12-31 (two years),1804,112,0.1,1.0,-45.6061213934859,364,0.20604395604395603,-61.68117613288451,-0.4700503955394615,ef8c025b7f361b98e385717691e3925799384400a85f8a04574253a1ce100d66,3.7
2013-01-01 to 2014-12-31 (two years),1805,112,0.1,1.5,0.06626585966616176,208,0.22115384615384615,-45.57655192133503,0.22890331672810416,9de4f54400ea38dd4efda35c9c46d0b32aac311209db8b460e3d8de867435bbc,4.3
2013-01-01 to 2014-12-31 (two years),1806,112,0.1,2.0,66.9927228171787,138,0.2608695652173913,-19.557018125086113,1.1996995464425977,df8cb646b703611a9625697b5eb96619ba7247499edbc3fe8de68c2f6401afa5,4.5
2013-01-01 to 2014-12-31 (two years),1807,112,0.1,2.5,67.38449619999473,81,0.2839506172839506,-20.7763164684151,1.441359164559913,36d189cd8cb97b4cc9823d4669b9d1551375e770c5de008f382acf7c46fb964e,5.0
2013-01-01 to 2014-12-31 (two years),1808,113,0.02,1.0,-38.69193120811873,118,0.1864406779661017,-61.00854256973618,-0.8781411629779647,7be4736daa7ef8f777702e448532c0a5dc6bd959b1c1f9d751d4fa2f01e2bef3,2.4
2013-01-01 to 2014-12-31 (two years),1809,113,0.02,1.5,-43.06684901723185,104,0.16346153846153846,-50.16209049767324,-1.251251032609179,0339257ece5f1baafc08a6bf0fad570baa6e859995ccd1056f5a96ce809d4db4,2.7
2013-01-01 to 2014-12-31 (two years),1810,113,0.02,2.0,-26.374625081701915,82,0.18292682926829268,-40.968906114608075,-0.6522565077298536,04bf7ea7e261ed88ed68dfd085abda90a97afa16e8c5fe526b37be19b708fe5b,3.3
2013-01-01 to 2014-12-31 (two years),1811,113,0.02,2.5,18.87501696585697,59,0.2542372881355932,-16.01004333208578,0.5952543330641907,32b67787b1f5d2711947333f4ed3d954683f62bc88a53adf569decb1a8a79da2,3.4
2013-01-01 to 2014-12-31 (two years),1812,113,0.04,1.0,-58.73543413664413,179,0.1787709497206704,-73.66827211063102,-1.3521860620972432,b1b6719ca280bf4c6858a7324d67b6373417addaa16e6e96ec0ab8fb2eac94cb,2.4
2013-01-01 to 2014-12-31 (two years),1813,113,0.04,1.5,-24.611452937599324,144,0.2013888888888889,-50.608243996566074,-0.35414720996695975,05807ea9d8dd42016d902cc3d0f1b3def0caf826f591993c1855df69efc2588a,3.1
2013-01-01 to 2014-12-31 (two years),1814,113,0.04,2.0,16.040815846878214,98,0.23469387755102042,-27.24272950186656,0.504485836105761,be96708acd8bebde950c5a2d14bd77b86b8a2ca20bd95a9991092b62705720a1,3.2
2013-01-01 to 2014-12-31 (two years),1815,113,0.04,2.5,18.91000293872704,75,0.25333333333333335,-18.939625032936203,0.5974343315229146,badebb4475fd7697e60e9ea7733aecb3ca423b7763f0e0aaa0a03617cb59755b,3.8
2013-01-01 to 2014-12-31 (two years),1816,113,0.06,1.0,-64.04997320819163,259,0.18146718146718147,-70.36917989872067,-1.1824583740215409,33b5eceaa28dee271e16392912537f6a86b03e62a1e8b436ed6f1ca22bdfe909,2.6
2013-01-01 to 2014-12-31 (two years),1817,113,0.06,1.5,-41.17241819552785,197,0.19289340101522842,-63.80906632891574,-0.654552962538264,f35fb6df4fcd8ca35d476e8cf42c92973e9ba1cdbe9be18dcac07ac64b0d770a,3.3
2013-01-01 to 2014-12-31 (two years),1818,113,0.06,2.0,36.58720804512879,121,0.24793388429752067,-26.033946001016684,0.8192718249187826,76452ebb8b5f655fd0c218948d3e8d7138c223d1bdc2181c036ff459f32bab74,3.5
2013-01-01 to 2014-12-31 (two years),1819,113,0.06,2.5,19.98554604653462,88,0.23863636363636365,-26.039562477995894,0.5910568660918243,defa85f8142f3ce82f54bb4b377cfaf0d2a9244d1f2e69f6eec6b6f51c8c7fa1,4.1
2013-01-01 to 2014-12-31 (two years),1820,113,0.1,1.0,-61.57805562676336,357,0.19607843137254902,-73.27894332817893,-0.9301533343584332,a2211d6b21e8e2fd17de4efa9190eae33f8524e465ab26a156b5ff2a0d468d55,3.0
2013-01-01 to 2014-12-31 (two years),1821,113,0.1,1.5,-37.28596000639611,229,0.1965065502183406,-58.39223837528708,-0.4937701740629085,7fb7ea4b35cbda67da42b2054f65306bfa3686745a49d4866187bb1392ec2f54,3.4
2013-01-01 to 2014-12-31 (two years),1822,113,0.1,2.0,-8.524421488375882,148,0.20945945945945946,-31.427657421400767,0.006922771970505975,d54ac1ac53b891761b6855ee045c4574e2aaa2f076c9fc0081674f471eb1c64a,3.7
2013-01-01 to 2014-12-31 (two years),1823,113,0.1,2.5,18.454855012284714,85,0.23529411764705882,-25.988607186507295,0.5642134621494594,d0e73e5beadcbfc24af0abb9a4649adeee3ce8ef8dbef3af0efe6389cc8b4895,3.6
2013-01-01 to 2014-12-31 (two years),1824,114,0.02,1.0,35.62984826184001,127,0.25196850393700787,-22.923913369480896,0.7611776257877085,4367f182236df92c27e15642cd746e51d95e661fdc9cd19992b87245fffd64cc,2.2
2013-01-01 to 2014-12-31 (two years),1825,114,0.02,1.5,100.23897855610696,99,0.29292929292929293,-27.108628555986115,1.6248389990330283,35385bb919286c0aeb9553eef212aa648dada6df2ca949421cba26fc9d92cc16,2.5
2013-01-01 to 2014-12-31 (two years),1826,114,0.02,2.0,67.03236187638869,74,0.2972972972972973,-17.5858124637696,1.3848700056929555,f44589b001bc6c0b9cb39c624386d774e052bb813d3bb12de3290eb306c5d71c,2.9
2013-01-01 to 2014-12-31 (two years),1827,114,0.02,2.5,48.82691075120604,54,0.2962962962962963,-21.819395156737542,1.2253809532797026,dd0f3f802ef02720a7bef7c3033661fbe0591e02ec79e18210aee7346ca087f5,3.4
2013-01-01 to 2014-12-31 (two years),1828,114,0.04,1.0,26.198598757648643,207,0.2318840579710145,-48.378573537831485,0.5841798145506298,7109268a4032cac8c9147c78332ef4fc949ca162b349d30737f33f8950f5cd18,2.7
2013-01-01 to 2014-12-31 (two years),1829,114,0.04,1.5,33.35526245495707,156,0.23717948717948717,-44.9190344892481,0.7109909070009034,0db1a73fc85e734c3f355752e0ad8e5c8b7ecff61e18fc759d1a4c7474073b5b,3.0
2013-01-01 to 2014-12-31 (two years),1830,114,0.04,2.0,31.025832708505252,90,0.25555555555555554,-25.04807519026183,0.7409440150333824,9eb3083ed0de669edf947a891d8c5dd595b4387ce461b6b79bb2f2b56b228ad2,3.6
2013-01-01 to 2014-12-31 (two years),1831,114,0.04,2.5,58.772078607121955,71,0.29577464788732394,-15.890654227944035,1.2831003982848708,ad77ecafc8630239708ead6318a2131d1242fd96c0982d443eaa9fc557850540,3.9
2013-01-01 to 2014-12-31 (two years),1832,114,0.06,1.0,-24.826143772994392,248,0.21370967741935484,-53.60449741225916,-0.15409167452457856,4339c3a1db439f3e8a875ea755f9903354efcf0d126808f972fcc6f2264b384c,2.9
2013-01-01 to 2014-12-31 (two years),1833,114,0.06,1.5,-30.13137120181409,174,0.20114942528735633,-56.54586838007909,-0.3784791070514558,9b690384b4507dd77a042d8bf3a52bb7db1ad78e280b800c3b241271dd30c426,3.3
2013-01-01 to 2014-12-31 (two years),1834,114,0.06,2.0,7.891133802530333,121,0.2231404958677686,-31.597716931968677,0.33135243133956044,2ccf103514fc28e6e1eae42403bdd988d82e7883993f37f3111ece940fb22d47,3.8
2013-01-01 to 2014-12-31 (two years),1835,114,0.06,2.5,14.786413944992466,81,0.2345679012345679,-22.970112379416328,0.4920936314157191,295919a4b5b38099a1ba40d45dbd2be1beb2e95faa331dd11f7f79df15668850,4.1
2013-01-01 to 2014-12-31 (two years),1836,114,0.1,1.0,-49.3512158785145,343,0.20116618075801748,-67.72420126163291,-0.5388688341536088,c58e60f82585d0a1a67f3584e1f420386f98de8ccd7348de99c4534fef8f1a76,3.1
2013-01-01 to 2014-12-31 (two years),1837,114,0.1,1.5,5.890981684115152,206,0.22330097087378642,-48.473819261351224,0.3191903274296511,da8cad4e4da4e46a9d211310f337ebf10390570d6cbfabbc1cb99b18396dc665,3.8
2013-01-01 to 2014-12-31 (two years),1838,114,0.1,2.0,54.37368178297457,125,0.256,-18.36503855542232,1.0586442364111555,e88aba48ac7dd872b4d783c66f1e240fa918057deef33afe303577596ef2804e,3.9
2013-01-01 to 2014-12-31 (two years),1839,114,0.1,2.5,27.66953046986298,91,0.24175824175824176,-24.214403958200993,0.7310905983156137,13ab3710d3cb83f952693aff18455f3ae662b8547e6d0e289ef502fa7aca18d9,3.9
2013-01-01 to 2014-12-31 (two years),1840,115,0.02,1.0,-30.837207847101926,110,0.18181818181818182,-31.804600950033556,-0.6286914855361456,5779add26b79242a366e9b920d7302b5304650de56328a19a29ad57cdf1dc284,2.0
2013-01-01 to 2014-12-31 (two years),1841,115,0.02,1.5,-17.6258114143984,89,0.19101123595505617,-33.47534333935825,-0.3149689512369454,8e7d8fe06df40557e28ee0ac3cb1664342afa43f3d580fae0170af1891e83833,2.5
2013-01-01 to 2014-12-31 (two years),1842,115,0.02,2.0,-14.876816381065813,73,0.1917808219178082,-33.160594790852,-0.31208088159273994,b93709e7fb9b84f3b90118526ab7193c2cfcd3aa61abc84f96f53ca597178340,2.6
2013-01-01 to 2014-12-31 (two years),1843,115,0.02,2.5,30.15832251594386,53,0.2641509433962264,-17.630140904115287,0.9062099069983138,9a84e15dea6891f73971e5167b9d9904f18c29f4971f502a1ae18165e8a9dcd6,3.3
2013-01-01 to 2014-12-31 (two years),1844,115,0.04,1.0,34.16079480307723,176,0.24431818181818182,-35.8636368545459,0.6959010913117674,55c0754b7b97a1664eabc8152fd93b16d52851fd781404bc1b904a98245384d6,2.7
2013-01-01 to 2014-12-31 (two years),1845,115,0.04,1.5,1.5803950589439772,131,0.22137404580152673,-47.62134826212586,0.2116782839690867,5002f15e003523ba3d62be2bec24d0eca5022694f8e30a7655b4917b93e58681,3.0
2013-01-01 to 2014-12-31 (two years),1846,115,0.04,2.0,79.70649977504343,91,0.2857142857142857,-29.975813122998407,1.5476042438537485,8850cb1c867f0881e9419a1823fb6a1bfd1b446ab79baf870e602e6e5abf673f,3.3
2013-01-01 to 2014-12-31 (two years),1847,115,0.04,2.5,77.2961244605363,64,0.3125,-19.505859490275224,1.7003568839125958,2a1ad5995b40fa6f111038b21f17130771a0cc6108aefa4e414b65d2de93de2d,3.4
2013-01-01 to 2014-12-31 (two years),1848,115,0.06,1.0,41.61079340707615,239,0.23430962343096234,-45.660031384660705,0.7389054950538816,383b6bd2abdb06ef3b2741d7c325eb502119dfaec2ccafe47d491071ce20d2c0,2.6
2013-01-01 to 2014-12-31 (two years),1849,115,0.06,1.5,79.05257362869615,153,0.2549019607843137,-25.869351030997333,1.211168652928134,60e1f1c2b8cb49e2f541627bdcbf444e664483c74dd44f564bc7ba34cd12c6ff,3.3
2013-01-01 to 2014-12-31 (two years),1850,115,0.06,2.0,68.87185922605389,104,0.2692307692307692,-26.0977988034065,1.3105084114864134,741120104ebb70ccc70c390f1b7c71d2bad454a91776659f9aeb79b3fd9a8c29,3.5
2013-01-01 to 2014-12-31 (two years),1851,115,0.06,2.5,38.08652879116206,77,0.2597402597402597,-21.277711757698924,0.9452209783670442,e92c91f6127be42063180c5a0eb3fab23e9807a33d0ce6f28380529ededce7eb,4.1
2013-01-01 to 2014-12-31 (two years),1852,115,0.1,1.0,-40.5240692574304,338,0.20710059171597633,-71.53650176325385,-0.36691650993395886,23e90f862a14687f5b288ec731ff8c4ff71ef4062dd8285d5389437c4914f71f,3.0
2013-01-01 to 2014-12-31 (two years),1853,115,0.1,1.5,-38.3976015030774,215,0.19534883720930232,-58.97790571194438,-0.6273759241780948,85c3ff7b956da156e4d794d5355d3982e45aa0bb9226d1fe1f004264a83358e8,3.4
2013-01-01 to 2014-12-31 (two years),1854,115,0.1,2.0,11.47587396489291,136,0.22794117647058823,-25.629506861752404,0.3989826231331875,d223050a9bb975b74e9b48d6886c78487eef302f20324f031913bc269ed744c6,3.7
2013-01-01 to 2014-12-31 (two years),1855,115,0.1,2.5,36.01579025877242,82,0.25609756097560976,-19.92140695949812,0.9001871173645191,56fa2459f514f6c04cc9770acc745f938a4185437717f22b9dfe737a33b4c549,3.8
2013-01-01 to 2014-12-31 (two years),1856,116,0.02,1.0,1.5685729995146052,106,0.22641509433962265,-39.157181158533184,0.19499521255151686,11985b912ecef2ade4b166f2914260ea65cda00ee662d1124a53c215ed2ecf1f,2.2
2013-01-01 to 2014-12-31 (two years),1857,116,0.02,1.5,-18.491974793297175,87,0.19540229885057472,-41.98462979406378,-0.371487292916704,90221c6dff422b8d17a1ce489eb43fec5c069a6b36128aacd56c6e7891342a24,2.5
2013-01-01 to 2014-12-31 (two years),1858,116,0.02,2.0,17.662989492333658,75,0.24,-29.464994510604903,0.5788801318333878,f49f5ec31b73775b35d4618627ac72c7ab0eefb03e34fe779a1d1190d419e006,2.7
2013-01-01 to 2014-12-31 (two years),1859,116,0.02,2.5,43.843792230973335,56,0.2857142857142857,-19.099221445555848,1.2691378424682984,58821436abb8c7f85a4c425d35580d6c1cd1318c543eb3d201aff8958ce3ce11,3.9
2013-01-01 to 2014-12-31 (two years),1860,116,0.04,1.0,-61.3722307872398,197,0.17258883248730963,-64.30616985478143,-1.426579057531964,84a42f0dba7b800033be6da30d0170da7988ab1a1ba17b6d540dc13844f9e6f7,2.5
2013-01-01 to 2014-12-31 (two years),1861,116,0.04,1.5,-24.53025375370883,135,0.2,-36.4245975249672,-0.3551747983309194,96777e245328e44b959fc9f90988775a62a7241ecb05fcec760be3f99877fcd0,3.8
2013-01-01 to 2014-12-31 (two years),1862,116,0.04,2.0,0.3409547294147967,90,0.2222222222222222,-25.495563545417465,0.1630765040413442,e4b6adf00d5267b02054c72d0efcc2c0892444bf487b9bf4b21e197a29b392d0,4.0
2013-01-01 to 2014-12-31 (two years),1863,116,0.04,2.5,33.951556955645394,68,0.2647058823529412,-21.647857977585694,0.9119692208068809,a9591bea1f5550f4518c6b23dbeb7cadd95e9c342ce96f811506bc0384b1cb00,4.1
2013-01-01 to 2014-12-31 (two years),1864,116,0.06,1.0,-29.83899035237931,243,0.205761316872428,-56.497691078993896,-0.27999115350354514,6202f9d4cd979ffc40aec00d11c5213653b3fcb266fc5c2c07165d05a1cdccd4,3.5
2013-01-01 to 2014-12-31 (two years),1865,116,0.06,1.5,80.84828825126372,152,0.2565789473684211,-26.896109657768264,1.2269420642460809,4b501c78a7e276d808cecd22afb6f54977159fcf53a6635d848f58d59104afe1,4.9
2013-01-01 to 2014-12-31 (two years),1866,116,0.06,2.0,62.47719447710763,105,0.26666666666666666,-21.528327626520007,1.2234228223407597,60a7d807629948f9b792681826c4972f909dc0c655d0e7d3282c4fa13f436922,4.2
2013-01-01 to 2014-12-31 (two years),1867,116,0.06,2.5,30.286500590121285,88,0.25,-15.695447723234802,0.7988408748495823,a72eed7b62afdd84a2f51a11eb6b6b87ee8fb5f956bda62b427c5a5372c7e559,3.9
2013-01-01 to 2014-12-31 (two years),1868,116,0.1,1.0,-12.67193103566909,354,0.2231638418079096,-54.015055565231116,0.13261662870196542,1857363656e45e694ffece8010f398e2081762a531b51c0e1051fe2f7d040248,3.6
2013-01-01 to 2014-12-31 (two years),1869,116,0.1,1.5,-22.621976293067792,208,0.21153846153846154,-57.39983582395237,-0.16727903232725294,cbc964f6c11c843b3de5ffbfd87cb8060c6ce799cd933e9cf65ed15df98e22c1,3.7
2013-01-01 to 2014-12-31 (two years),1870,116,0.1,2.0,-6.12728493611355,148,0.21621621621621623,-44.208696897108936,0.056925536912631365,ab7688605b4f5a736f3a79adb3ac2714ec911efa078d62b866251a8344c77e9a,3.8
2013-01-01 to 2014-12-31 (two years),1871,116,0.1,2.5,3.1516185428313417,87,0.21839080459770116,-27.706984415098525,0.22260576976161153,b9d0518e873ec868418a6175f3e311df272e7593474f34661f2d8a8c6fe335b7,3.9
2013-01-01 to 2014-12-31 (two years),1872,117,0.02,1.0,-17.03554546862475,112,0.21428571428571427,-44.48216462298442,-0.22532937971565248,70f8377a03e3765294c600271123c2b22c387ecf42174280d7820650f8f590ef,2.2
2013-01-01 to 2014-12-31 (two years),1873,117,0.02,1.5,-26.867692312545355,96,0.1875,-37.35036732786104,-0.5608161889161624,7d73faecc5ff6df39a59dfa097b344854be280ae2a51cbb148c8c59669a568e9,2.7
2013-01-01 to 2014-12-31 (two years),1874,117,0.02,2.0,28.567170777056404,75,0.25333333333333335,-22.843088139264957,0.7813350170649386,65ee27cc6efbe715b2be168fd0d3564ad5c5786f5353dd433dc9b0fa2face696,2.7
2013-01-01 to 2014-12-31 (two years),1875,117,0.02,2.5,62.658788807035194,59,0.3050847457627119,-15.696936302185394,1.446475101494083,bb57c89a283d901f30e71063fa474a20a0c4cc17608e6f2e6e03fde0cc2a5be3,3.2
2013-01-01 to 2014-12-31 (two years),1876,117,0.04,1.0,-23.515979507994544,187,0.20855614973262032,-58.05450518466557,-0.2219398479788783,2185e3dcf950301e20816d32df1672d88e17556b086a7e28b72b4b411b3a2998,3.0
2013-01-01 to 2014-12-31 (two years),1877,117,0.04,1.5,-56.3077719578257,146,0.15753424657534246,-70.67698285609423,-1.4158438024295412,14b406299c2972b204f0f1ca6ae893ab1ba9dea49ab73a3aee749c6221d11377,3.1
2013-01-01 to 2014-12-31 (two years),1878,117,0.04,2.0,22.836162576803872,101,0.2376237623762376,-31.5923519803472,0.6201052595154057,b5b3a9c9ec5cc752540e9ac9ea9bf90c4ad4ddf91b52c290ea4e539790f655ae,2.9
2013-01-01 to 2014-12-31 (two years),1879,117,0.04,2.5,31.140682756607802,65,0.26153846153846155,-17.626449971747405,0.8404084934919323,532b8b783bcf479e2becda0151ec50d1db763b552e9eb96ae83500ec22697e01,3.3
2013-01-01 to 2014-12-31 (two years),1880,117,0.06,1.0,-28.387349424223242,227,0.21585903083700442,-41.59903971493324,-0.2103127156510132,7d3eb836ddff986a63df2d14fc86b88aeb181372ee5b6b4f15b9a58c1c292f76,2.7
2013-01-01 to 2014-12-31 (two years),1881,117,0.06,1.5,-22.20462282035392,172,0.20930232558139536,-49.953976720872674,-0.2168996515867441,f31547d5a8b650d7ce869ea795bc0273f3f21956ed75000c4ba65650ced534ee,2.9
2013-01-01 to 2014-12-31 (two years),1882,117,0.06,2.0,29.556974450694568,107,0.24299065420560748,-26.110112130725994,0.7240669218986734,35b29a4a8d9edb1e63f4db922faaaa2c292fd2306f014bd118f4b83a4131213f,3.5
2013-01-01 to 2014-12-31 (two years),1883,117,0.06,2.5,61.24106189699668,65,0.2923076923076923,-23.057152057558593,1.357052077420198,1d2eeb44fcd42fe017324a14fca3f2d1062d341ec7013c65a3eaf03bd932d6dc,3.9
2013-01-01 to 2014-12-31 (two years),1884,117,0.1,1.0,-36.20150226669262,349,0.20630372492836677,-62.52178259743475,-0.27547158137055194,e4005487435dbeeb3891fc48673ce36d4896510d563f9209b8c87435d5f4df9d,3.4
2013-01-01 to 2014-12-31 (two years),1885,117,0.1,1.5,-13.017036523968468,209,0.21052631578947367,-44.12670406987358,-0.0020792039782937264,a5a382272f28c7216e56d6e8c0048434033795066324bca0ce613f67c894d93c,3.7
2013-01-01 to 2014-12-31 (two years),1886,117,0.1,2.0,-3.251345310856266,124,0.21774193548387097,-32.31172905345488,0.10680603976363372,9a7c1158d440ac27f414c8522784eb85309d861afd091fc624ba2981c16ef58e,3.6
2013-01-01 to 2014-12-31 (two years),1887,117,0.1,2.5,40.64713836808578,80,0.2625,-17.025534150477807,0.9974404128429907,c49f300a2f03abdc9324d4803edf41d3faf3dcfe178aa93f48597bc48afd557e,4.3
2013-01-01 to 2014-12-31 (two years),1888,118,0.02,1.0,-25.000865377424645,111,0.1891891891891892,-41.64678427594315,-0.4743724621044349,84244657bb599070c5d57135438cd6ce2a9919edcd76ab506df71ffbb4f8f864,2.0
2013-01-01 to 2014-12-31 (two years),1889,118,0.02,1.5,-23.972601911345627,92,0.18478260869565216,-35.995104052358926,-0.5277183982993924,dab6db5c8b06570e107c37a50d3b38cd2b2c99982513f62c0dc234190e91480f,2.4
2013-01-01 to 2014-12-31 (two years),1890,118,0.02,2.0,-1.2828082282147575,76,0.2236842105263158,-22.55986002803304,0.08466623262850234,450f382c2f34aec329c76b3361794305cb4373ef0a1f3dd2d4e1a71fd0000306,2.6
2013-01-01 to 2014-12-31 (two years),1891,118,0.02,2.5,9.451710676768535,62,0.24193548387096775,-18.367533072951446,0.40235457231067223,5dadc08145068c5a001a11a38f216af0a1841461d6544f8fbe5eb1e5742dbf28,3.1
2013-01-01 to 2014-12-31 (two years),1892,118,0.04,1.0,-40.922806752715736,174,0.1896551724137931,-57.289375688277545,-0.730489656373553,c77542678e409a446854fb09d8a9e1944e2bd6b121b781af131e4615df09474b,2.9
2013-01-01 to 2014-12-31 (two years),1893,118,0.04,1.5,-20.561884174937646,136,0.19852941176470587,-44.70854217304757,-0.23756094576181463,a176f5ce306269c63c999578a845e7610d4202a1e08123bf80694f5210db45b0,3.0
2013-01-01 to 2014-12-31 (two years),1894,118,0.04,2.0,28.386238829558458,95,0.24210526315789474,-24.830137618776536,0.7573326125835155,2d95e34047f4db2c7524f5558772ce80642eae4c736eba570096a14d2513ca33,3.4
2013-01-01 to 2014-12-31 (two years),1895,118,0.04,2.5,21.19466795644172,70,0.24285714285714285,-22.119365264247303,0.6670177820277001,bc054435b6086fc3c8f3b818762b21ff24d1539c404fa77e7fc033b5f738c50c,4.0
2013-01-01 to 2014-12-31 (two years),1896,118,0.06,1.0,-49.73959893496055,261,0.19923371647509577,-58.39341121057024,-0.7028607229159358,25169eb28bbf6b5ba9fa1afe481d26fc76321eb9ec00ce7107d4b2344ffaf216,2.8
2013-01-01 to 2014-12-31 (two years),1897,118,0.06,1.5,-25.248067515403893,181,0.20441988950276244,-47.824642502681115,-0.29009419425832667,d6dee9a56c922f8846768782db0a04eb10eadad28e6318f073eb9336c12f98d8,3.2
2013-01-01 to 2014-12-31 (two years),1898,118,0.06,2.0,-35.41226807606777,139,0.18705035971223022,-44.08533427082495,-0.7609090746086254,995a95e4bc36c9bbee1ac133aa9b2adb87b01910431cc31269554217b65782d9,3.8
2013-01-01 to 2014-12-31 (two years),1899,118,0.06,2.5,27.22652049735799,76,0.25,-21.272602931568553,0.7722553065908304,d198ab424929f32458b3701ed2971481eb314ba6a8420477f79c8f4f0a8451ab,3.7
2013-01-01 to 2014-12-31 (two years),1900,118,0.1,1.0,17.342407605139933,366,0.22950819672131148,-68.5228460250552,0.48592525304350054,af4f1f6ffc150845f9dcd382daee564505a673ef8829e8f199388344235ba529,3.3
2013-01-01 to 2014-12-31 (two years),1901,118,0.1,1.5,-0.3130995949277326,213,0.22065727699530516,-50.41313014367058,0.22433182100228158,d7a1d519d0e665e4e591482f50a72e1d8c5aaa019d9e46bf134d74880ef714f5,3.2
2013-01-01 to 2014-12-31 (two years),1902,118,0.1,2.0,87.44030619944148,117,0.27350427350427353,-17.359840244895697,1.471127093515623,b8b2794bc7d26dca705343dd153a6c2f7e8ac3f85a92f090ade12709e5cda132,3.6
2013-01-01 to 2014-12-31 (two years),1903,118,0.1,2.5,60.059943897598735,78,0.28205128205128205,-18.224356643199748,1.2950344684423212,47de7c23432c6df930f248fa15678d611b1faa08eae1d356525e32e8b4516905,3.6
2013-01-01 to 2014-12-31 (two years),1904,119,0.02,1.0,5.564499233485485,104,0.22115384615384615,-29.06415722593769,0.2805581680228485,bf5f6e9e976c952b084514ef092fff46e0c27480fedd267464b7c9b7cf93a019,2.0
2013-01-01 to 2014-12-31 (two years),1905,119,0.02,1.5,1.5410309302278804,87,0.21839080459770116,-26.985543285687484,0.1946570567453708,fab76a77a785f52df4bc2b4c2d0fa9e0bed29bfd4c81746e45d60c59d1502da0,2.4
2013-01-01 to 2014-12-31 (two years),1906,119,0.02,2.0,42.343545831914135,80,0.2625,-23.40378328570073,1.0255291911834123,0f805b8125a30d8e11e97426721f14850e2e1483a7fcd34a06339c76043cedb1,2.7
2013-01-01 to 2014-12-31 (two years),1907,119,0.02,2.5,20.790819633035277,70,0.24285714285714285,-23.331821575582524,0.6713767054660775,03d736000d5c2c4efef74fb0f764c29acaef6b7a046cb331aa0353615b0f62b0,3.1
2013-01-01 to 2014-12-31 (two years),1908,119,0.04,1.0,-74.95608479536652,202,0.1485148514851485,-80.22862605328322,-2.0906816116162585,11b5f5336da3f965b62447392141acec249ad60338e4e3650df62545a40ad014,2.7
2013-01-01 to 2014-12-31 (two years),1909,119,0.04,1.5,-42.835283859897785,152,0.17763157894736842,-60.57988700426075,-0.8797345081376564,0e5decd6aa4a7ff67c17da7d5739ee4cc0fbec21f8b38c657d4b2213e629d52f,3.4
2013-01-01 to 2014-12-31 (two years),1910,119,0.04,2.0,10.434357605911861,106,0.22641509433962265,-34.516113700363704,0.3840097081822166,7cdb7ac91ea2874694509738364ccd50e18bfb7743a48f17573d7f351fddb8cd,3.5
2013-01-01 to 2014-12-31 (two years),1911,119,0.04,2.5,53.11132964951645,63,0.2857142857142857,-21.26374871756752,1.2171238798112376,4c33c6630e3e8b58e912326d874d902469fab1464c343d0e054a8e6fccd3b760,3.7
2013-01-01 to 2014-12-31 (two years),1912,119,0.06,1.0,-39.38086381814761,266,0.20300751879699247,-67.79409305656982,-0.38858705084242867,f213c3a3c86eee0ab83139a7791dae7ff0674d27f9072616936374cddba57800,2.9
2013-01-01 to 2014-12-31 (two years),1913,119,0.06,1.5,42.18754899422169,169,0.24260355029585798,-34.36276044091757,0.8154800479420959,0ee8dde87a451df95ea156eaa0b2ce33e012666a47830750c72c8356b022c257,3.4
2013-01-01 to 2014-12-31 (two years),1914,119,0.06,2.0,64.85773291419797,110,0.2727272727272727,-22.50507615024907,1.24532126655183,8f56e48965c560926d293e0c430d562062e629cadbd0a39680acd9b40201f2d0,3.8
2013-01-01 to 2014-12-31 (two years),1915,119,0.06,2.5,51.87924792467506,72,0.2777777777777778,-23.046133345684527,1.216199875147017,a395eef56e39476505b06267b2581e21026a0ca64824424e6ffb58771eb85a53,3.8
2013-01-01 to 2014-12-31 (two years),1916,119,0.1,1.0,-24.988605717444113,334,0.218562874251497,-58.95050662105126,-0.04412130762577547,e420a9d35f58f8f716181e3c2d0cd191116988a32f3c6ac0a5bc79a78191cbe1,2.9
2013-01-01 to 2014-12-31 (two years),1917,119,0.1,1.5,5.033202563639389,214,0.22429906542056074,-38.1198659752898,0.31199740692720157,a2c64dbaf98cf00269362e3403d1a0a9c0ed6c7836b7063febc7a63c31db12ee,3.9
2013-01-01 to 2014-12-31 (two years),1918,119,0.1,2.0,20.232454594339174,127,0.23622047244094488,-28.097140783980358,0.5510108418146763,daa42fec793971caf57a247bca76f361b8aa28a0d8b559cf8ea8c8044968558c,4.1
2013-01-01 to 2014-12-31 (two years),1919,119,0.1,2.5,63.955215038002144,77,0.2857142857142857,-20.984755075133066,1.368047381451118,b676326a837ca3fe2681e6a3e9c06e16ae88159f440cb146627cd249188eab0a,4.4
2013-01-01 to 2014-12-31 (two years),1920,120,0.02,1.0,-43.765493625649086,110,0.18181818181818182,-53.80880171799358,-1.0064780329670735,43d19af8e07434094e3368de12a0d9d968c55ab23f9e23881f7256430d540457,3.0
2013-01-01 to 2014-12-31 (two years),1921,120,0.02,1.5,-55.635231598336865,91,0.13186813186813187,-63.67254255295094,-1.706198073186218,cf8d34325b5028d05f399d620fd194b388d0e4f45c217ad1ae8ecbefefa2c212,3.6
2013-01-01 to 2014-12-31 (two years),1922,120,0.02,2.0,-30.582078514329503,71,0.16901408450704225,-46.326531125213265,-0.7522526410625007,029613a480a0581175979628c4a2516e9945c810fb57de93f8e703e4c364672a,4.3
2013-01-01 to 2014-12-31 (two years),1923,120,0.02,2.5,17.39449438866726,58,0.25862068965517243,-22.628671351309936,0.5787034267035865,b8b4fb6fa2685bc176184679c6d52e5bb37b19aeeeed8556a2ec4156f2e6b6fb,3.7
2013-01-01 to 2014-12-31 (two years),1924,120,0.04,1.0,51.40840061064107,180,0.25,-28.948068817051098,0.9217982566360403,1379e3d6ad9e9d88e93ce1c0688fd97cd44da7707cf1a08ca39278c43833df69,2.7
2013-01-01 to 2014-12-31 (two years),1925,120,0.04,1.5,150.28977836329017,124,0.29838709677419356,-21.176768670907464,1.899362559377062,a6704af3120f167bdb601b5981891eddc685e0a77c51ae71a00985bcdea80eb3,3.3
2013-01-01 to 2014-12-31 (two years),1926,120,0.04,2.0,38.891430504014494,89,0.25842696629213485,-28.252111143044367,0.9003418428867044,cb074a673446a9ec98ef613621830b72f2509b0ff84c606f63d9d97ee632cc13,3.5
2013-01-01 to 2014-12-31 (two years),1927,120,0.04,2.5,15.704859647206131,57,0.24561403508771928,-16.857874657257376,0.5151431424027738,dfded97b0aa5a385cc7ab8db730d165d7c5809f89cff8bed02e738d36cceed73,3.4
2013-01-01 to 2014-12-31 (two years),1928,120,0.06,1.0,-54.868814780395724,248,0.18951612903225806,-69.45736881662194,-0.9212638440947248,9eeb009c1e6cadf36fc30a64b44a67312fa7e8d7dd3a691183c049f61fd0b069,3.0
2013-01-01 to 2014-12-31 (two years),1929,120,0.06,1.5,-36.32412224348911,179,0.19553072625698323,-62.8220617886976,-0.5729071149634205,94efcee71a31e416da5d49582a25cf9b66dea59e52331ac4f28e006f328832e0,3.4
2013-01-01 to 2014-12-31 (two years),1930,120,0.06,2.0,-23.429781759518878,117,0.19658119658119658,-50.25125778097088,-0.375535779968648,2d2f983a371cec9d8fae5e8c107c890458c638c841cb1e98e13ef569bafba548,3.6
2013-01-01 to 2014-12-31 (two years),1931,120,0.06,2.5,28.308135488445256,79,0.25316455696202533,-24.151346801070694,0.7548424139314626,8c9bfd3703d9c19b10224e8ce90245c50b82680f79f624817c6b5c529690331c,3.6
2013-01-01 to 2014-12-31 (two years),1932,120,0.1,1.0,-52.33195308468328,342,0.20175438596491227,-69.78408510483114,-0.6028498098500217,6ea23eba7e366879344ada8424346dedc8e29a6614a6332b8c126e5c79ee408f,3.1
2013-01-01 to 2014-12-31 (two years),1933,120,0.1,1.5,-6.741626397725381,203,0.21674876847290642,-44.37426526948299,0.1304792667271024,fae976058e1256f7873afc1eefe10082d801303c4a31253c1d11c239be37982d,3.5
2013-01-01 to 2014-12-31 (two years),1934,120,0.1,2.0,21.946342466129774,124,0.23387096774193547,-27.066655904405046,0.5802167464630867,49ef3b7b519eb14b33e832d11bf2a09d288d82c4a524b5d81835a2ef3b4dfa20,3.9
2013-01-01 to 2014-12-31 (two years),1935,120,0.1,2.5,13.452632386907407,91,0.23076923076923078,-27.851796843429312,0.4536831624339426,123b749207a4dc2c95a40e9b336cbe6b2787de08c761e412bdd2731df131a256,3.6
2013-01-01 to 2014-12-31 (two years),1936,121,0.02,1.0,-21.055716156648398,125,0.208,-46.998461449216165,-0.31300393322675873,b741fb26fb8328b0163fd1bf1ac047342ec20cb893855e261d4489c2c1f06042,2.0
2013-01-01 to 2014-12-31 (two years),1937,121,0.02,1.5,-22.86406554496167,103,0.20388349514563106,-45.32134612118038,-0.4080783348258604,046579389dbac96a5e9b36a9208200986e93662ccd3b80aad3f13e035e7d06ad,2.5
2013-01-01 to 2014-12-31 (two years),1938,121,0.02,2.0,-16.796133794867696,82,0.2073170731707317,-37.844753204560355,-0.2973544936410897,79345f30eed431fb4a8b551ea1afc5424331e1a93bd518268149e629625c2065,2.9
2013-01-01 to 2014-12-31 (two years),1939,121,0.02,2.5,-2.0139670975352377,70,0.22857142857142856,-25.128860799539645,0.0803422759979884,6c4d84b6c9727873ff38fbb3cba5125bf4808f14b2e3cd119765dab90eba92bc,3.0
2013-01-01 to 2014-12-31 (two years),1940,121,0.04,1.0,-56.19456300517833,195,0.1794871794871795,-62.69975620996482,-1.187886642755819,e1b981b45a0bd759493eeb6930b7581739a1a8ffe4189f7fd047c77a81e578c1,2.8
2013-01-01 to 2014-12-31 (two years),1941,121,0.04,1.5,-26.03026673858695,153,0.19607843137254902,-43.98769080485224,-0.37695305995235584,caccd7202e6b3c41e83cde82869d6c04abf9b48e68e08c9dd5428dd1ab6c1e08,3.3
2013-01-01 to 2014-12-31 (two years),1942,121,0.04,2.0,27.512087437277827,102,0.24509803921568626,-25.20343839978324,0.7085294882660843,fad638e080fe5c1622891819fd2000ae5a6db82ad760ddeaf6441b12732c1ce5,3.7
2013-01-01 to 2014-12-31 (two years),1943,121,0.04,2.5,45.977490854414185,69,0.2753623188405797,-17.58751488556287,1.1028037622262805,77a99d2104f54984015158451c4f60dc9829d0100e352f43ba995b2aa30528c7,3.4
2013-01-01 to 2014-12-31 (two years),1944,121,0.06,1.0,24.95385035342526,255,0.23137254901960785,-68.32334897114407,0.5646103788143612,135211df62e9c248d7cadf749ecc5d0adbd98230b93aa724a14cf648af7d29a5,3.0
2013-01-01 to 2014-12-31 (two years),1945,121,0.06,1.5,15.318385221138033,189,0.2275132275132275,-53.13406914151357,0.45256714743508986,d868639b43d81767c5c190958940180aa4d6f061cd53bc43c1afe9b6c1f2e1b5,3.0
2013-01-01 to 2014-12-31 (two years),1946,121,0.06,2.0,46.24268394600638,126,0.25396825396825395,-30.99891519256174,0.9354184750686315,593ab7e2cb7ec85000c5b0dcebd732d723602df947aa7583ab07d6432be6ac3c,3.5
2013-01-01 to 2014-12-31 (two years),1947,121,0.06,2.5,113.05227874937714,78,0.32051282051282054,-18.08683888644299,1.9528559615456214,4e342e9548562cb321a88e9a9f6a108fb6ff6b63f9192e46ef8167801fcf39c4,3.9
2013-01-01 to 2014-12-31 (two years),1948,121,0.1,1.0,-81.23522763240754,371,0.1752021563342318,-87.84658563843371,-1.775066345346592,e051bda6ff8eeade18326b8fac162cc3de50dd713a6e0cb5a69d7b724e69ab62,3.4
2013-01-01 to 2014-12-31 (two years),1949,121,0.1,1.5,-57.403843899508466,221,0.17647058823529413,-66.56998951490465,-1.1260221713096743,613d9807fe3a225017a28bfe869c5ef445ae28b245a353abc8b70fae6862f419,3.7
2013-01-01 to 2014-12-31 (two years),1950,121,0.1,2.0,-14.17689737795709,141,0.20567375886524822,-44.471167497461195,-0.12404590031859027,1218347ea0ad8411fbfdb6b0ff8d8698dde3955ae926d2995357d3e260f800e3,3.6
2013-01-01 to 2014-12-31 (two years),1951,121,0.1,2.5,2.287316667059002,74,0.21621621621621623,-23.528480500138706,0.19664563826829642,019c2d99eab26293756c2957dfae30977e30f3151158bb54798da30c6a53ffdb,3.6
2013-01-01 to 2014-12-31 (two years),1952,122,0.02,1.0,-46.99380326920998,122,0.1721311475409836,-56.15620427433454,-1.0876139633061943,7bd216e25789e1b4e68afc10044a8c13f500b98cd00c37e98e04f3e59073d693,2.0
2013-01-01 to 2014-12-31 (two years),1953,122,0.02,1.5,-44.37321652103764,109,0.1651376146788991,-55.99899499202057,-1.1952012670435461,2d85873c577b552e9ca1bdcdaae3a9cf13cc85aa3b83af1c9ed1804263a321e4,2.3
2013-01-01 to 2014-12-31 (two years),1954,122,0.02,2.0,-20.493422687163186,92,0.1956521739130435,-37.24102291597784,-0.45708136161630003,99e105973d792f6de69522633c85b918cf17a155c68fd6496e983f068be8fb1a,2.6
2013-01-01 to 2014-12-31 (two years),1955,122,0.02,2.5,-8.552335071087011,69,0.2028985507246377,-40.77496008806718,-0.10712057703785702,f24ef0947de9835b69af7b568ef77fe1ad15c560e334a541e5c9dcb1ca40df99,3.3
2013-01-01 to 2014-12-31 (two years),1956,122,0.04,1.0,-19.720917770552937,181,0.22099447513812154,-45.70686620465937,-0.14118594522403669,910bc289734b8e83c834c9ceafb716f6a681590e7bf3f7eb834744a8ca3a19c9,3.1
2013-01-01 to 2014-12-31 (two years),1957,122,0.04,1.5,19.809628440612258,138,0.2318840579710145,-24.139732240368296,0.5285746898708438,d71bbe8e0617c2a725b172f70f836d220ab7775dfe5f4b694dbc5f0bf8384efb,3.0
2013-01-01 to 2014-12-31 (two years),1958,122,0.04,2.0,8.776889511389411,109,0.22935779816513763,-38.27505239031675,0.34943777461680037,62b69359d1a89ebad88c57ae1bcba47e3a3d7aa2693a456c69e9448f53dff03c,2.9
2013-01-01 to 2014-12-31 (two years),1959,122,0.04,2.5,41.084045455602066,72,0.2777777777777778,-19.321863988375508,1.0213022517002617,dd34a53e004d2fc1ca3e99f9d7759c6a90d6b212595a22e692da95c5dcb97f49,3.8
2013-01-01 to 2014-12-31 (two years),1960,122,0.06,1.0,39.17109227042977,260,0.2423076923076923,-36.565666568262245,0.7107920549999216,e02b9e522773077c2b9931bd5c0330d7f3dedeae2b67206984584695b32cce18,2.7
2013-01-01 to 2014-12-31 (two years),1961,122,0.06,1.5,-13.575359806168985,177,0.21468926553672316,-47.407784498330685,-0.03746139716357112,34d4efd9f0db527204b83d4756e8fecd76dca9201984d6b854323e72f58f3cba,3.3
2013-01-01 to 2014-12-31 (two years),1962,122,0.06,2.0,-16.96017753386576,132,0.20454545454545456,-43.686501496558336,-0.19579925031530918,b9a055f978223b6af49cfe901538a8fe4ce307982ad8dd5e0ee2dc7e8c756996,4.0
2013-01-01 to 2014-12-31 (two years),1963,122,0.06,2.5,-14.322697841106086,91,0.1978021978021978,-35.48966274562385,-0.25162076652476095,4e5e4b84bba6b626e7d4d4d657cf834d02b393308cb63a7be74d9b5a6409a10f,3.7
2013-01-01 to 2014-12-31 (two years),1964,122,0.1,1.0,173.91224646421693,323,0.25696594427244585,-36.64744324210173,1.4770713874178074,9f83723668e376da0ed12c4fd6c4569a284ae19be105fc73699190888c7b25f0,3.2
2013-01-01 to 2014-12-31 (two years),1965,122,0.1,1.5,8.448900574907647,210,0.22380952380952382,-33.47796714480648,0.3659832503167253,218c87f8dd7d3a6b6f410b603e120a7cf4e6d9baa279ef2e7a1b88f6db07a360,3.7
2013-01-01 to 2014-12-31 (two years),1966,122,0.1,2.0,28.154943579883874,120,0.24166666666666667,-27.93696731945151,0.6748697690133636,91fdb0f5bd644866716c061f5a1bdb4837c372e187a4d252b8f398e2f26d04ce,3.7
2013-01-01 to 2014-12-31 (two years),1967,122,0.1,2.5,24.2034216999153,87,0.2413793103448276,-20.21951773221651,0.6731156451323894,6725d959fbf1ebf1da23b140db43d1a9cf0778e8478c387747d4f0c858515079,3.6
2013-01-01 to 2014-12-31 (two years),1968,123,0.02,1.0,0.5388306312048047,105,0.22857142857142856,-37.03445209522831,0.18083417020415163,012e753bf15eaf0562a7de4ed56f64efe0b0e2f5a79c021f73de13c0b20679f7,2.0
2013-01-01 to 2014-12-31 (two years),1969,123,0.02,1.5,-10.481064700488247,91,0.2087912087912088,-43.63058027374276,-0.12221490764848227,a0dd65d6fdc9c89c8120f48b0493a93847e453f855a7ad04476a3d60ed34458b,2.6
2013-01-01 to 2014-12-31 (two years),1970,123,0.02,2.0,14.396154116528198,71,0.23943661971830985,-26.389773451196508,0.5092902459991768,70d5260dfb498b7904ebf4b7b1939e7df4a020bc0ea35a7f60b16149eb15e5c5,2.8
2013-01-01 to 2014-12-31 (two years),1971,123,0.02,2.5,71.56097774888627,52,0.3269230769230769,-20.104947352713452,1.78503334859636,2cf2804fa688ba1fc72fcb5fb1de24a6aa4b1b9ab4191d1cd465d2b42def7711,3.4
2013-01-01 to 2014-12-31 (two years),1972,123,0.04,1.0,-45.499816597077185,198,0.1919191919191919,-57.32735628273629,-0.7364545929138321,07f665984443f646ca062fe0bdda768f32e790fafb8cd26201125a19cd6977a8,2.4
2013-01-01 to 2014-12-31 (two years),1973,123,0.04,1.5,57.36785739428713,134,0.2537313432835821,-18.02902820533164,1.0728892342280283,0e8048b899f667018be72aa1f336fae7ff0180ce6af0c163c25be1243eab00f2,3.3
2013-01-01 to 2014-12-31 (two years),1974,123,0.04,2.0,28.399321147383628,102,0.24509803921568626,-23.956753286070576,0.7299443253355069,7f1ddc911c64c4bf2d5063122dfccc7a85dbcce2e661f6b1229b35d6cd924382,3.6
2013-01-01 to 2014-12-31 (two years),1975,123,0.04,2.5,23.00878138946375,69,0.2463768115942029,-25.23118808807037,0.6870999191213698,f5177eff2251fcb5c6bcef55567377b03ad259f41404f9144154fe4003016e40,3.7
2013-01-01 to 2014-12-31 (two years),1976,123,0.06,1.0,-38.72765651568902,258,0.2054263565891473,-51.76182921259789,-0.4163104840543104,394fe7e2fe71c49f55ecedf5c1b9a6b70e8463a34e9f53dcb04233cc227dc7fd,3.0
2013-01-01 to 2014-12-31 (two years),1977,123,0.06,1.5,-24.033980386319936,177,0.2033898305084746,-42.424259424715046,-0.2476859300830681,4da77a066a893d5caaa181bed43f5fb96dabff512141da2ff4cbc0add8a90f24,4.2
2013-01-01 to 2014-12-31 (two years),1978,123,0.06,2.0,33.3090869052097,114,0.24561403508771928,-33.64211034194743,0.7615679377117267,cb717c8e19a6e89ee7bdf4aab3ce495d530e895018c93e003ddd77016ec2f316,4.0
2013-01-01 to 2014-12-31 (two years),1979,123,0.06,2.5,11.627687005545322,87,0.22988505747126436,-31.53421328681716,0.4155989564795846,c0ae9243f124e378017758197d5141493cc49f332bd6d5f8fb4d00bb32e7c8b1,4.5
2013-01-01 to 2014-12-31 (two years),1980,123,0.1,1.0,-69.76068490929848,375,0.18933333333333333,-80.43210048870839,-1.1403924997182546,9c34fb8443ca3d76bd5874237fcc928b1a5c26ecaf96ffbe2ab0d57ecc59e971,3.8
2013-01-01 to 2014-12-31 (two years),1981,123,0.1,1.5,24.033174887978866,210,0.22857142857142856,-33.396748115386174,0.5664628443724257,3650a8e3add8cc245f0b5452976ceaeba5cb79180b7c30a9ceec4122ac9dcc1c,4.3
2013-01-01 to 2014-12-31 (two years),1982,123,0.1,2.0,64.70843345044294,131,0.2595419847328244,-24.97450589966056,1.1386725093559882,872f368885a3499f37561583f11eb96436c7898cc8c1aba579d75bbaf57dd261,4.9
2013-01-01 to 2014-12-31 (two years),1983,123,0.1,2.5,52.46677736170688,86,0.26744186046511625,-23.928063107572918,1.1423127160819566,7f35fe7cb9c83207d5d91c4863e2766f055cdf046bd89aad7927d758887a4252,4.2
2013-01-01 to 2014-12-31 (two years),1984,124,0.02,1.0,-38.72902424510465,106,0.16981132075471697,-51.931027337766736,-0.877130044525501,0c2b36d5739553d5a95fead681842113ca8fa84a23afcc47c260833b5dd27d52,2.2
2013-01-01 to 2014-12-31 (two years),1985,124,0.02,1.5,-28.56530160129579,90,0.17777777777777778,-47.08229111019679,-0.6319401870638791,73aa0ab0c1d4657ca94f0a5009eae4a95d71f9a28cc8f26109e2a212898320c1,3.2
2013-01-01 to 2014-12-31 (two years),1986,124,0.02,2.0,-10.23715478818029,69,0.2028985507246377,-33.69784776550841,-0.16639002298767128,3ab42a689764a6397778e0eb80361510957ebb3089b804000df4353bc43d3ad9,3.4
2013-01-01 to 2014-12-31 (two years),1987,124,0.02,2.5,-13.305837148863219,53,0.18867924528301888,-32.66585306625335,-0.30987701717027916,72f6333e81c3a8f3448c1b63fb23121db4738a1be1ca214d7d83cb269d650ea9,3.2
2013-01-01 to 2014-12-31 (two years),1988,124,0.04,1.0,-13.226985499074617,189,0.21693121693121692,-63.36272207613957,0.005790689231627244,9a67dd3e89b46063f30556cda6e7005dfc31676421d8b0e382e6d94bdd04fe78,2.8
2013-01-01 to 2014-12-31 (two years),1989,124,0.04,1.5,22.37730125573941,130,0.23076923076923078,-47.504168390124704,0.5715557056769831,583a04927f0cf0cce11e5ea4d1d853e8a61c7d3c5b4125301e51392e10cdf74d,3.2
2013-01-01 to 2014-12-31 (two years),1990,124,0.04,2.0,7.709194692209513,103,0.22330097087378642,-42.405760644489575,0.3276587465411582,c4cc5a43a07b45eb9f58ccb0bd8e510b4fb7b9e7c7c57e72055b6d63214f66e9,3.4
2013-01-01 to 2014-12-31 (two years),1991,124,0.04,2.5,21.9599934997905,71,0.2535211267605634,-22.504448082481787,0.6597768033334058,d78cd22430bdca812eedcc45add84c61b670b033f5f87116856449323f7254d0,3.1
2013-01-01 to 2014-12-31 (two years),1992,124,0.06,1.0,-39.30096097929631,226,0.19469026548672566,-74.61618272645147,-0.4984967769553964,5aa7c64ab229b5345914268990355e52eefeb6be438b53a4f42da22eba96d557,3.1
2013-01-01 to 2014-12-31 (two years),1993,124,0.06,1.5,12.156982166039635,151,0.2251655629139073,-50.87686325468823,0.406540672699898,0be099d5d232e840ebef2ed38080a003d21f5c0c545bb5031ef4fc3aafd80dc7,3.5
2013-01-01 to 2014-12-31 (two years),1994,124,0.06,2.0,91.60401244718005,95,0.29473684210526313,-26.136083162619673,1.5892241799367275,7fde26b858331b648f481c03343c6681220b24a180f823b13f5bf3dc42360d5c,3.9
2013-01-01 to 2014-12-31 (two years),1995,124,0.06,2.5,51.42775547477847,68,0.27941176470588236,-20.52996455535436,1.2259426403223976,4cc8adfa4dca090e77791562bc8c94a36e0f0ff86ab3a21decdb5606eb4d21d4,3.7
2013-01-01 to 2014-12-31 (two years),1996,124,0.1,1.0,-13.347550348105875,347,0.21902017291066284,-47.52390767585626,0.1294074855116999,30d9507d8c0ba8211cfc07a6dfc38aba89a1faad07b169d8fe7546cfdd95162d,3.1
2013-01-01 to 2014-12-31 (two years),1997,124,0.1,1.5,-2.1071798975049547,199,0.22110552763819097,-38.576765794470035,0.19094122085950369,0d6ef61daa0ab0c1197908e38041e089c80cf356ff7bb10fa33f9aca7458e409,3.5
2013-01-01 to 2014-12-31 (two years),1998,124,0.1,2.0,18.377460318461328,133,0.23308270676691728,-30.68788639481412,0.5132667498458872,2e9274231c66a7c51c7dfd4f8f410917219c1563de9fc7ffa4571dbff168520e,3.7
2013-01-01 to 2014-12-31 (two years),1999,124,0.1,2.5,27.732675246672805,80,0.25,-21.688315467200237,0.7444822603353979,bbbd7df3e74b9defb3cf75e75f514295b3be17bf4ef2930c4f591e825ce1f9d7,4.0
2013-01-01 to 2014-12-31 (two years),2000,125,0.02,1.0,-54.952775597031604,122,0.16393442622950818,-60.02458068190687,-1.575440858192815,dd28a000afa7be0614d9cd141655fc9a251ed84cf76a19f93740b2acca617d44,2.0
2013-01-01 to 2014-12-31 (two years),2001,125,0.02,1.5,-27.87523629887155,101,0.18811881188118812,-38.203283328785034,-0.6732869728399586,4da2e94308a5ea47f5b4855870532dc98c6431de0f4a9897ab52b5c0a3d50136,2.3
2013-01-01 to 2014-12-31 (two years),2002,125,0.02,2.0,1.441286452521798,86,0.22093023255813954,-28.009153653951778,0.17737417168452604,c1d6a3a084d421abcd838fc218869def6c37c927aeee2174f8aa922f14bde638,2.7
2013-01-01 to 2014-12-31 (two years),2003,125,0.02,2.5,-23.813237258849462,73,0.1780821917808219,-29.194458419005088,-0.6836369377035041,30541381ba45bdd75f31e71a1df7a81ed573222d05e549549a41ebc03722a1ea,3.1
2013-01-01 to 2014-12-31 (two years),2004,125,0.04,1.0,-28.540631158106027,193,0.21243523316062177,-60.418323334752145,-0.3369155936636269,339dbbedc2cc96e318cb89583b87f150db181995bbcba4d342ce4a3f75f8581f,2.9
2013-01-01 to 2014-12-31 (two years),2005,125,0.04,1.5,19.85306847875872,148,0.23648648648648649,-34.141605728664985,0.5204597917369307,c5ed090523ba609b8d4e04c8756fb75dcaf5b8273cf5e81231702b5b79527f14,3.0
2013-01-01 to 2014-12-31 (two years),2006,125,0.04,2.0,-0.0676197734522247,116,0.22413793103448276,-34.30665532709812,0.16938553400682355,ce7137cc9ca1bc32a9bf12ac76dd2358cc11f34680b343258194ded65f364c6a,3.0
2013-01-01 to 2014-12-31 (two years),2007,125,0.04,2.5,56.99038533167913,75,0.28,-20.18389462247101,1.2738456426964049,afb1399eb37e40124ab78b38b52ea00fed484e9a6195c2360a361131e75c8530,3.5
2013-01-01 to 2014-12-31 (two years),2008,125,0.06,1.0,-29.818160834798356,262,0.20610687022900764,-60.38439798575236,-0.2352576677726632,a14f881b30e9b4e8b0d02de90f07ac2bbb16676051c13c4126f802be60682c91,2.7
2013-01-01 to 2014-12-31 (two years),2009,125,0.06,1.5,27.472428390045245,155,0.23870967741935484,-33.9956723494637,0.6240345581616832,37aca96bc91bcae336218251b7b199f1ce13f2a5b9fe4ceef02c92f61c8754c1,3.7
2013-01-01 to 2014-12-31 (two years),2010,125,0.06,2.0,49.76870909481917,116,0.25862068965517243,-22.41168692662847,1.0076574178556916,16203d3477a64b6af27d54a2274a2ede95a3c5cc55fd2aea2722affe6a247c07,4.0
2013-01-01 to 2014-12-31 (two years),2011,125,0.06,2.5,51.15071579391427,72,0.2777777777777778,-17.575812690214253,1.1403610595922125,70fcd0106c257ecf6cf66a1d700373b6ece1e3d3e3c6512c2f753db44998dfaf,4.2
2013-01-01 to 2014-12-31 (two years),2012,125,0.1,1.0,11.440900002814788,346,0.22254335260115607,-56.93838301370505,0.42347587050976276,f6a55a2bd65bbfb8628b397dd61a1177b53ee993809232cbc943cfb70f863160,3.5
2013-01-01 to 2014-12-31 (two years),2013,125,0.1,1.5,-28.82651055065158,206,0.19902912621359223,-52.22603197896844,-0.3086278027926221,63a2633033f9ae2554c0b5c1904341ad51fffd4aa2bba3668bcddf6df7e9a968,3.3
2013-01-01 to 2014-12-31 (two years),2014,125,0.1,2.0,35.36326755537989,121,0.24793388429752067,-27.250097625806035,0.7762579938735669,2cebc4e36cf2dd94848aff80d1849b6272168a1ed23ddc298978dad354c23d2f,4.0
2013-01-01 to 2014-12-31 (two years),2015,125,0.1,2.5,47.19682646794923,78,0.2692307692307692,-19.836702274408356,1.0918137724846684,080c22967c50e2fe8748ea108d8b0756fd0f646d54ed9bd2d70eb17e6572f22b,3.6
2013-01-01 to 2014-12-31 (two years),2016,126,0.02,1.0,-27.42094228283531,123,0.1951219512195122,-49.04476908783225,-0.4619773475991071,c6f275b56d3939ace21461cb32ae373691a8d553e6a65b401abd73dafb41f271,2.4
2013-01-01 to 2014-12-31 (two years),2017,126,0.02,1.5,-26.060335354541696,101,0.18811881188118812,-53.317150740208994,-0.49789515031237447,2c7d18166452a01657c111d7d431e96c9a5d1038b38bb5c84b088cd1dc91d2ce,2.6
2013-01-01 to 2014-12-31 (two years),2018,126,0.02,2.0,-9.687582029361602,79,0.20253164556962025,-35.60044793971407,-0.07159152719709172,28674ce31fab729ce2b7c1f52c2b1e0acfbd39672833568f1c69a6df798c6a57,2.7
2013-01-01 to 2014-12-31 (two years),2019,126,0.02,2.5,28.296835782195075,57,0.2631578947368421,-17.672247026177235,0.7985613066179613,839b2592aae4f3d68fe85cab128316619dacbc92aa6bee582774e3da1a70528a,3.3
2013-01-01 to 2014-12-31 (two years),2020,126,0.04,1.0,-54.65022112205765,185,0.1837837837837838,-68.72750008749105,-1.1212236005590708,0eb76d2a3967a2b712e3e54f72d902a0340600a83efa734c38aee02ec283b5f8,2.6
2013-01-01 to 2014-12-31 (two years),2021,126,0.04,1.5,55.94625091925395,137,0.26277372262773724,-28.83173989069424,1.0427807933986726,7fe76361d9b63061de3fd210659e2429a92a87cc5a160bf70e52c6e1dc07fd52,2.9
2013-01-01 to 2014-12-31 (two years),2022,126,0.04,2.0,93.3897332687334,89,0.30337078651685395,-20.18259858719319,1.6757501863010915,148d96ba7e7f7bb9952712cf4a53cc167410335c2da409702c9a07e58fdb30ca,3.4
2013-01-01 to 2014-12-31 (two years),2023,126,0.04,2.5,49.75153536967007,67,0.2835820895522388,-18.182309408789067,1.2403934115250188,41b404674244bbe907b39af261a83d5ce93c408029487417ab54f460e58f071a,3.6
2013-01-01 to 2014-12-31 (two years),2024,126,0.06,1.0,-13.26667198773371,242,0.2190082644628099,-48.168790306447775,0.07295233655874685,9992bb1ac941256484d17384e896c2fd808020980f1799ec9b34aa3274da5d9f,3.2
2013-01-01 to 2014-12-31 (two years),2025,126,0.06,1.5,0.617222238279328,178,0.21910112359550563,-39.55050164894603,0.21772854306968606,c6933815556172ca48f071be8e20df7c5d614cbbb055927145cabefa8262052a,3.2
2013-01-01 to 2014-12-31 (two years),2026,126,0.06,2.0,84.01742038894817,111,0.27927927927927926,-13.829624511552296,1.4843040432727068,1878d9fc168a5da2681076df13ea096536ae39d9e0d6e95b9e5bfe3a7be69443,3.3
2013-01-01 to 2014-12-31 (two years),2027,126,0.06,2.5,35.70161667850049,69,0.2608695652173913,-17.941271142302273,0.9195720304740995,370a0649a5846c548a15d7b537fb3e84c2e36c5fa731a288ca66b78f26dd0838,3.6
2013-01-01 to 2014-12-31 (two years),2028,126,0.1,1.0,16.50788088012553,324,0.23148148148148148,-54.05941945305144,0.48229362983342083,92e3d714d59add50f807efe931fec127ca81453220048b34b5d2a1ac530cbfeb,3.5
2013-01-01 to 2014-12-31 (two years),2029,126,0.1,1.5,-27.492323930377587,213,0.20657276995305165,-53.875629549087144,-0.2595154178849159,84d507c0b9f46180f87b5c4b4bc937cec91367a49d5ff4c79f904a8d7ba18fff,3.6
2013-01-01 to 2014-12-31 (two years),2030,126,0.1,2.0,9.824642185862672,123,0.22764227642276422,-30.068710046092797,0.3681528614639636,652712b7ae4b986e7f6ec19b92d59857956cf4af55e4b93261947809c802339c,3.7
2013-01-01 to 2014-12-31 (two years),2031,126,0.1,2.5,36.077342812589144,81,0.25925925925925924,-21.66312635121297,0.9142208475918284,4dd92af61fcc504ea4a5274ba376d26bd0343f197b0e6f83780d6171e4399308,3.9
2013-01-01 to 2014-12-31 (two years),2032,127,0.02,1.0,-21.582146498474685,122,0.20491803278688525,-45.4208480791482,-0.29761032214360694,76f4831ed2208ab190fbc614001d60610cb786f6fa2f27d529947e6bf6d4e4bb,2.3
2013-01-01 to 2014-12-31 (two years),2033,127,0.02,1.5,1.9284025082351595,102,0.22549019607843138,-49.108449433489696,0.20828603406098328,7a732ff84d659bb3bbc1059af797e18a5b02e911d4e39cb54bc6eeb0e484249c,2.6
2013-01-01 to 2014-12-31 (two years),2034,127,0.02,2.0,-13.730039653506173,81,0.20987654320987653,-45.64070067617584,-0.23237066354449892,2e9eac91a7b0925ebf470952cb402865fae06da10537bfa1ba36a05b506cc608,3.8
2013-01-01 to 2014-12-31 (two years),2035,127,0.02,2.5,-12.189134313487536,63,0.20634920634920634,-41.55846655886902,-0.24193359778488646,21952f7238198f2f927e7eea3ac99760c70942c93a1e58a6b1d467fa893d4171,4.0
2013-01-01 to 2014-12-31 (two years),2036,127,0.04,1.0,-32.743885427389515,184,0.20108695652173914,-50.6458350965836,-0.4447106317532099,6260bc48252a1d36fe6ba3aca4c7b6ed4012f5daf6820eb804beeaff4adad94d,3.5
2013-01-01 to 2014-12-31 (two years),2037,127,0.04,1.5,65.63336804597692,135,0.25925925925925924,-22.889556676097534,1.1542203810340297,f7380f7638f20baba7bb88ace4921e6d65570790bc058e7a9ec86a378dc443b5,3.8
2013-01-01 to 2014-12-31 (two years),2038,127,0.04,2.0,-0.6770009501474944,105,0.21904761904761905,-36.22845829796291,0.14919882326480804,d4fffa710492fabe24b7e7e97ea743958156699d6c4c66be4f4e8f7a282b72e7,4.4
2013-01-01 to 2014-12-31 (two years),2039,127,0.04,2.5,45.07849707715471,75,0.26666666666666666,-20.64514120922135,1.11673262691382,3abddbc817b67c425e4fff948ae73e3b8ff064dac7df47c7a9b2f7af6dfa016f,4.9
2013-01-01 to 2014-12-31 (two years),2040,127,0.06,1.0,-66.09631383800269,254,0.17716535433070865,-72.86997211845622,-1.293768379459084,5aa3723a1c7c59ecc7d92b8939ff2fb294b3bd1a9d30a331e54a1f5057097f14,3.1
2013-01-01 to 2014-12-31 (two years),2041,127,0.06,1.5,-44.4803368017724,183,0.18579234972677597,-53.90946591781953,-0.8017739479495606,9c998cec7b6a26985563a762c0cb10e1d224a3ec390742d9dc9c1a4695ccc0e7,3.4
2013-01-01 to 2014-12-31 (two years),2042,127,0.06,2.0,-23.845494180062605,127,0.1968503937007874,-34.94000848949778,-0.40433322174651165,8794257b71d77baaee97fdfdf69070b189fc427c789aca4ca22e7f72d8a1e702,3.5
2013-01-01 to 2014-12-31 (two years),2043,127,0.06,2.5,22.601259799787947,73,0.2465753424657534,-20.112972303607556,0.6480571938099173,3f9a2e06c7a4f59261f6c643f6ded7c33c32ffc5252c033140ff57a329a2dd72,4.2
2013-01-01 to 2014-12-31 (two years),2044,127,0.1,1.0,25.47071181154246,342,0.22807017543859648,-63.34817364070856,0.5704745995093995,ec4d40f143b642f627ebf611771eb065a3e91db3909e5777c994449cae3570e4,2.9
2013-01-01 to 2014-12-31 (two years),2045,127,0.1,1.5,-45.05120671714625,217,0.1889400921658986,-63.55595504690217,-0.7251739611746759,4e9b39b022df1fbd602f08da5b691487c4e154d2dea6c2607010712aaa72e9c8,3.2
2013-01-01 to 2014-12-31 (two years),2046,127,0.1,2.0,-2.8261615666789064,134,0.21641791044776118,-35.08952710368875,0.1307861515420403,5afd9b476048a90da3afaff70788e918843d57493756796f2c46e22f4f4c7799,3.8
2013-01-01 to 2014-12-31 (two years),2047,127,0.1,2.5,69.26675584554233,71,0.29577464788732394,-17.434695050459183,1.4453105430057105,2dbcf9ae33ea51ecd44ef38b179bbb8eeefe2b7528538f06c3fa24f88ad9479d,3.8
