arm,window,i,sharpe,net,mdd,wr,n,calmar,min_entry
T,2003-09-10 to 2014-12-31 (eleven years),1,-0.003220353255429372,-25.198967168425895,-74.95558138231797,0.2097902097902098,429,-0.03379741532471687,23.0478999999998
T,2003-09-10 to 2014-12-31 (eleven years),2,0.24052258075047322,30.148575411117395,-58.95582438449396,0.22340425531914893,470,0.03996448214320749,95.44540000000012
T,2003-09-10 to 2014-12-31 (eleven years),3,0.7069482179505214,269.5969754061684,-37.38210575019839,0.2494061757719715,421,0.3276152744534111,100.74999999999999
T,2003-09-10 to 2014-12-31 (eleven years),5,0.47480118950656514,124.16380345838837,-54.352698213527496,0.2374429223744292,438,0.1360472382138286,101.50000000000001
T,2003-09-10 to 2014-12-31 (eleven years),7,0.23653417042386912,28.876343270819532,-60.54576367637947,0.2234762979683973,443,0.03744796719546564,65.87690000000016
T,2003-09-10 to 2014-12-31 (eleven years),8,0.632531184791597,221.65276700714216,-46.80468060941939,0.2463768115942029,414,0.23239274579265845,103.959
T,2003-09-10 to 2014-12-31 (eleven years),9,0.42577300247823807,97.06342918699185,-59.24700109628913,0.2331002331002331,429,0.10428386332235513,45.35880000000023
T,2003-09-10 to 2014-12-31 (eleven years),10,0.6026409919214162,202.28915830795313,-48.48096234693355,0.2410358565737052,502,0.2118424264912801,78.6232
T,2003-09-10 to 2014-12-31 (eleven years),11,0.3191434001656952,55.32414968648446,-62.79283413468693,0.22818791946308725,447,0.06319793448245206,16.106400000000278
T,2003-09-10 to 2014-12-31 (eleven years),12,0.22765476950139568,26.32957302673759,-56.95597515712898,0.2222222222222222,495,0.036643747230332625,68.96240000000037
T,2003-09-10 to 2014-12-31 (eleven years),13,0.4808927109430482,130.3756232591221,-72.6716677784009,0.2371364653243848,447,0.10532692833893134,52.662900000000064
T,2003-09-10 to 2014-12-31 (eleven years),14,0.8605639578210278,448.1445119782066,-50.891608595923856,0.25943396226415094,424,0.31882698483653543,102.249
T,2003-09-10 to 2014-12-31 (eleven years),15,0.25452885300370753,34.3309092831946,-77.666657001938,0.22413793103448276,464,0.034025671922854286,23.425599999999548
T,2003-09-10 to 2014-12-31 (eleven years),16,0.42358287586495674,95.46804449104897,-61.31922269323788,0.23433874709976799,431,0.09951618241829058,82.80599999999984
T,2003-09-10 to 2014-12-31 (eleven years),17,0.8260377825221201,383.54364037299047,-59.045017602717905,0.2537313432835821,469,0.2531065007943938,92.37640000000012
T,2003-09-10 to 2014-12-31 (eleven years),18,0.2407786207139085,30.230708927213236,-57.06722154383752,0.22273781902552203,431,0.04138708687510462,60.31939999999993
T,2003-09-10 to 2014-12-31 (eleven years),19,0.9614973945694827,584.3044567895204,-41.08967557720414,0.2642369020501139,439,0.450892822970011,97.57900000000005
T,2003-09-10 to 2014-12-31 (eleven years),20,0.7308242028392536,312.9348855481302,-52.656479716848146,0.25170068027210885,441,0.2535731114027809,33.377500000000055
T,2003-09-10 to 2014-12-31 (eleven years),21,0.23843164563773517,29.266010207954295,-66.95570410540192,0.2219873150105708,473,0.0342705034681223,81.38029999999962
T,2003-09-10 to 2014-12-31 (eleven years),22,0.2996006778079219,48.779760846355586,-65.44448944418275,0.2255125284738041,439,0.05460491601791148,49.11479999999982
T,2003-09-10 to 2014-12-31 (eleven years),23,-0.1941344216382154,-52.81433100566001,-70.35972645433291,0.19915254237288135,472,-0.09127894574839092,72.26419999999997
T,2003-09-10 to 2014-12-31 (eleven years),24,0.5382320759969197,159.50561821702306,-47.52939145062055,0.23931623931623933,468,0.18500340237583882,91.48639999999997
T,2003-09-10 to 2014-12-31 (eleven years),25,0.43471006745262886,103.89056215756152,-65.8965052187026,0.2324561403508772,456,0.09861796311694997,87.56529999999967
T,2003-09-10 to 2014-12-31 (eleven years),26,-0.03758789632384021,-31.473386719603237,-73.34306370021469,0.2074235807860262,458,-0.04479018077083857,44.43230000000011
T,2003-09-10 to 2014-12-31 (eleven years),27,0.8962509131401873,483.2584534257524,-43.515614173559136,0.26018099547511314,442,0.3875656984146309,74.05659999999976
T,2003-09-10 to 2014-12-31 (eleven years),28,0.6953818667653627,270.51411885581496,-47.71606410302005,0.25061425061425063,407,0.25717832686828795,104.67999999999998
T,2003-09-10 to 2014-12-31 (eleven years),30,0.7405208417268884,315.85442053242423,-52.37782383224526,0.2505399568034557,463,0.25627006254987,98.87659999999988
T,2003-09-10 to 2014-12-31 (eleven years),31,0.03995353790943853,-17.706762005217698,-72.65219833352054,0.21252796420581654,447,-0.023503335683651674,48.019299999999745
T,2003-09-10 to 2014-12-31 (eleven years),32,0.8533514484980292,439.3415180177736,-41.38149961614259,0.2555066079295154,454,0.38808254204050835,89.3012000000001
T,2003-09-10 to 2014-12-31 (eleven years),33,1.019017613899785,650.598366760271,-34.574694626143184,0.26987951807228916,415,0.5639853799569838,101.82
T,2003-09-10 to 2014-12-31 (eleven years),34,0.36655974420077997,73.25232208147281,-56.550937377875684,0.22954545454545455,440,0.08800810388694613,67.31469999999979
T,2003-09-10 to 2014-12-31 (eleven years),36,0.31573532989097913,54.028702160742434,-65.34940072682744,0.22695035460992907,423,0.059548364307166535,53.109199999999646
T,2003-09-10 to 2014-12-31 (eleven years),37,-0.1654021649519108,-49.22822016208996,-76.67637916079356,0.20084566596194503,473,-0.07583302971664355,69.01679999999973
T,2003-09-10 to 2014-12-31 (eleven years),38,0.45155798784563767,112.76457256320282,-67.39719640595368,0.23270440251572327,477,0.1023828569819665,19.205300000000165
T,2003-09-10 to 2014-12-31 (eleven years),39,0.4571004332854378,118.05276275382536,-57.704700499571416,0.23408624229979466,487,0.12360372044433603,13.213900000000182
T,2003-09-10 to 2014-12-31 (eleven years),40,1.0634354105692316,849.1990000237075,-56.24400768557243,0.2676348547717842,482,0.3912365940177837,24.62060000000002
T,2003-09-10 to 2014-12-31 (eleven years),41,0.9915789566149151,668.5683495117735,-45.20257229877791,0.2695035460992908,423,0.4369164321811363,60.52009999999986
T,2003-09-10 to 2014-12-31 (eleven years),42,0.3543507473920563,69.78727563984391,-63.21100451852701,0.2290249433106576,441,0.07577280147080907,72.80550000000022
T,2003-09-10 to 2014-12-31 (eleven years),43,0.13735479902743575,2.7020280803768495,-69.48361925449255,0.21686746987951808,415,0.0033951551887383903,65.73559999999975
T,2003-09-10 to 2014-12-31 (eleven years),44,0.401354114695694,89.95705095875545,-50.57471449410521,0.2311111111111111,450,0.1153623795401431,102.71000000000001
T,2003-09-10 to 2014-12-31 (eleven years),45,0.328427280086778,59.40611417842607,-62.908603564974165,0.2264957264957265,468,0.06687493116185764,104.80799999999999
T,2003-09-10 to 2014-12-31 (eleven years),46,0.7005107840804368,264.0504370086082,-53.635178365754456,0.2482598607888631,431,0.22554319251930285,103.96000000000002
T,2003-09-10 to 2014-12-31 (eleven years),47,0.3355501438531752,62.38562792169107,-58.33497564015162,0.22954545454545455,440,0.07504414785593866,84.16769999999993
T,2003-09-10 to 2014-12-31 (eleven years),48,0.8430772674582905,402.97262156421414,-43.819097289243544,0.25783132530120484,415,0.35020262354667897,107.27999999999999
T,2003-09-10 to 2014-12-31 (eleven years),49,0.4481952153970513,110.5515646625193,-45.848863439008845,0.2345415778251599,469,0.14834788751865727,99.77000000000001
T,2003-09-10 to 2014-12-31 (eleven years),50,0.8135295360553481,405.598508209728,-45.00724622827206,0.25379609544468545,461,0.34213727683967277,90.29500000000006
T,2003-09-10 to 2014-12-31 (eleven years),51,0.21014047572260766,21.047409340436324,-77.27856149625634,0.22055674518201285,467,0.022030051817287954,41.71599999999992
T,2003-09-10 to 2014-12-31 (eleven years),52,0.4113898846745048,88.7676060501174,-64.52278315952097,0.23284313725490197,408,0.08951386672841159,56.78410000000005
T,2003-09-10 to 2014-12-31 (eleven years),53,0.2072092140586363,20.5044198711011,-52.58628883428914,0.22171945701357465,442,0.03160612851711748,97.311
T,2003-09-10 to 2014-12-31 (eleven years),54,0.6205049678883955,214.65780561957004,-43.3057279906121,0.24647887323943662,426,0.24619899202064824,79.0373000000004
T,2003-09-10 to 2014-12-31 (eleven years),55,0.38506454595621575,81.7650325824953,-53.685484232063764,0.23094688221709006,433,0.10101229132905025,41.94070000000012
T,2003-09-10 to 2014-12-31 (eleven years),56,0.5527949477861359,159.12225956987618,-48.25847277325492,0.23903508771929824,456,0.18191387574696727,99.95
T,2003-09-10 to 2014-12-31 (eleven years),57,0.9047087192578662,488.62171132435276,-43.86805178313827,0.26157407407407407,432,0.3866079059900837,104.06999999999998
T,2003-09-10 to 2014-12-31 (eleven years),58,1.2285307644640162,1089.8309081674995,-42.34143394272213,0.28391959798994976,398,0.5778142928767288,93.55980000000008
T,2003-09-10 to 2014-12-31 (eleven years),59,0.8169145111563849,394.1981785991609,-37.374165460535224,0.255125284738041,439,0.4057962750679974,15.512699999999683
T,2003-09-10 to 2014-12-31 (eleven years),60,0.7388626176678182,299.84963601209233,-63.13390159396499,0.25440806045340053,397,0.20638893615485643,85.6280000000001
T,2003-09-10 to 2014-12-31 (eleven years),61,0.9767987437117354,648.4032500169558,-61.287394498119696,0.26636568848758463,443,0.31766230823630776,101.96499999999999
T,2003-09-10 to 2014-12-31 (eleven years),63,1.4238874576991283,1965.5731052961464,-27.799391514964398,0.28854625550660795,454,1.1037421489747188,92.86689999999994
T,2003-09-10 to 2014-12-31 (eleven years),65,0.7494851570837868,319.8492375364084,-40.26615283045154,0.2529002320185615,431,0.33573465840369315,75.99590000000015
T,2003-09-10 to 2014-12-31 (eleven years),66,0.23017591577545937,26.863605968872744,-60.39901967920294,0.22268907563025211,476,0.03518511920323108,105.13000000000001
T,2003-09-10 to 2014-12-31 (eleven years),67,0.055706699516549524,-14.944008247465426,-64.88786855975387,0.21398305084745764,472,-0.02188857101156211,61.66149999999943
T,2003-09-10 to 2014-12-31 (eleven years),68,0.6965504779201908,271.6510205816223,-46.862415144582016,0.25245098039215685,408,0.2625118876487791,101.62999999999998
T,2003-09-10 to 2014-12-31 (eleven years),69,0.3721220315154768,76.18858284632988,-56.39719699024076,0.2311212814645309,437,0.09101472158151559,27.703700000000055
T,2003-09-10 to 2014-12-31 (eleven years),70,-0.040164807178487104,-30.914968564309316,-59.32611947814155,0.2069767441860465,430,-0.05420300522787385,59.62639999999993
T,2003-09-10 to 2014-12-31 (eleven years),71,0.7751678276823885,356.99546292129855,-46.641033158077946,0.2539325842696629,445,0.3081508229055394,105.73
T,2003-09-10 to 2014-12-31 (eleven years),72,0.6552563480054128,237.4993431993442,-69.45711577141117,0.24549549549549549,444,0.1634003565660669,88.83740000000013
T,2003-09-10 to 2014-12-31 (eleven years),73,0.12974606835759178,-0.19867623527743036,-60.32567741648618,0.21775898520084566,473,-0.00029132659947383495,76.90060000000027
T,2003-09-10 to 2014-12-31 (eleven years),74,0.4135352855154069,93.64986403769862,-63.934308513881,0.23061224489795917,490,0.0940756309865401,78.12690000000022
T,2003-09-10 to 2014-12-31 (eleven years),75,0.5192877709301666,150.27233096086712,-58.59234703724262,0.2391304347826087,460,0.14413693495831864,57.15150000000018
T,2003-09-10 to 2014-12-31 (eleven years),76,0.698411954461262,274.25230303380215,-41.91242052855295,0.24835164835164836,455,0.2951675864921735,91.91989999999997
T,2003-09-10 to 2014-12-31 (eleven years),77,-0.12918777767065504,-44.399606570505604,-71.20442716953481,0.20222222222222222,450,-0.07099749558572963,7.256900000000087
T,2003-09-10 to 2014-12-31 (eleven years),78,0.8028581161968641,386.12724586357575,-41.485862938048214,0.2562929061784897,437,0.3615406017129474,56.06119999999996
T,2003-09-10 to 2014-12-31 (eleven years),79,0.3370904576789575,63.13000285196297,-47.444846860528436,0.22857142857142856,455,0.09315861564935737,100.37100000000001
T,2003-09-10 to 2014-12-31 (eleven years),80,-0.02610625827405738,-31.329488708524362,-82.47376367981154,0.208955223880597,469,-0.039614023121569336,25.5437
T,2003-09-10 to 2014-12-31 (eleven years),81,0.3519968686398806,67.4632668375462,-53.20118735639395,0.2292576419213974,458,0.08763175903559944,100.557
T,2003-09-10 to 2014-12-31 (eleven years),82,0.25521664457893395,34.510311384097115,-59.98469069782084,0.22413793103448276,464,0.04425742233946068,40.426699999999315
T,2003-09-10 to 2014-12-31 (eleven years),83,0.4257119713471299,94.07334271800093,-54.15313859381838,0.23486682808716708,413,0.11144560199315913,98.98
T,2003-09-10 to 2014-12-31 (eleven years),84,0.784048701812446,364.5822656145668,-38.164817145888975,0.2565947242206235,417,0.380953577957854,101.88949999999998
T,2003-09-10 to 2014-12-31 (eleven years),85,0.8329192336517628,412.1276109472662,-41.5814777670867,0.2560706401766004,453,0.3734737260153179,61.83
T,2003-09-10 to 2014-12-31 (eleven years),86,1.1637285212797142,1012.482888509089,-60.27407389466276,0.2723404255319149,470,0.39367330314107235,99.96899999999998
T,2003-09-10 to 2014-12-31 (eleven years),87,0.6419840521810932,236.6639221016801,-49.695941919354034,0.2445414847161572,458,0.22788441724288422,97.31
T,2003-09-10 to 2014-12-31 (eleven years),88,0.18914983791277593,15.356820267644276,-74.64857896791408,0.2202020202020202,495,0.01702065182693408,86.98129999999962
T,2003-09-10 to 2014-12-31 (eleven years),89,0.5058067392192375,143.07340030699962,-62.8064199426078,0.23565573770491804,488,0.1300178693533799,35.576200000000455
T,2003-09-10 to 2014-12-31 (eleven years),90,0.18464287285452757,14.779092412657393,-48.983502060079886,0.21962616822429906,428,0.025021512079928705,62.90370000000022
T,2003-09-10 to 2014-12-31 (eleven years),91,0.5315309800504481,154.55737561165472,-50.36270243535478,0.23922413793103448,464,0.17092311113397987,101.99000000000002
T,2003-09-10 to 2014-12-31 (eleven years),92,0.2807465207253684,42.70491689213695,-52.52433995963661,0.22580645161290322,465,0.06078508880371483,33.365499999999955
T,2003-09-10 to 2014-12-31 (eleven years),93,0.3790701131450319,78.04373441289475,-60.007318555555415,0.23261390887290168,417,0.08716172383123667,104.43880000000007
T,2003-09-10 to 2014-12-31 (eleven years),94,0.38902205294468567,82.29740023483207,-44.3549633010022,0.23201856148491878,431,0.12287567089577094,103.61000000000001
T,2003-09-10 to 2014-12-31 (eleven years),95,0.8189804653831955,381.3459440819461,-42.98410317935962,0.2558139534883721,430,0.34660282200434706,79.99310000000003
T,2003-09-10 to 2014-12-31 (eleven years),96,0.970055258085531,664.7753038632513,-55.46227598702052,0.2646420824295011,461,0.35514947850582707,78.62020000000021
T,2003-09-10 to 2014-12-31 (eleven years),98,0.5533236057876072,161.87952269441584,-57.453368486011605,0.2409090909090909,440,0.1545721298262802,61.24019999999997
T,2003-09-10 to 2014-12-31 (eleven years),99,0.4984656031530829,132.78482777079904,-59.209134762368265,0.23644251626898047,461,0.13094786350702498,80.02199999999999
T,2003-09-10 to 2014-12-31 (eleven years),101,-0.17048837056150284,-50.339711590038384,-75.86980633624707,0.20127118644067796,472,-0.07906534190207283,72.9596000000005
T,2003-09-10 to 2014-12-31 (eleven years),102,0.7892931659063342,352.34276834406467,-43.37143736230232,0.25547445255474455,411,0.32899721728937226,103.14999999999998
T,2003-09-10 to 2014-12-31 (eleven years),103,0.39820407732932694,86.0763020857249,-52.64947028432856,0.23234624145785876,439,0.10715264598212691,54.253599999999764
T,2003-09-10 to 2014-12-31 (eleven years),104,0.6612663201539737,243.1909024787001,-66.81712764920718,0.24615384615384617,455,0.17232123188822482,46.95060000000022
T,2003-09-10 to 2014-12-31 (eleven years),105,0.30645518952225287,50.916973271867406,-56.08235921929143,0.22794117647058823,408,0.06604979948281188,58.33030000000031
T,2003-09-10 to 2014-12-31 (eleven years),106,1.306485229967727,1386.302465027478,-29.171610318451112,0.2878411910669975,403,0.9233971349878839,99.93299999999999
T,2003-09-10 to 2014-12-31 (eleven years),107,0.980466528661645,563.0413718922998,-38.83405715921923,0.2692307692307692,390,0.4685795960126158,104.30999999999999
T,2003-09-10 to 2014-12-31 (eleven years),108,0.42232222560897903,99.85254786626984,-73.63947945879075,0.23348017621145375,454,0.08569411385722572,25.520399999999754
T,2003-09-10 to 2014-12-31 (eleven years),109,1.0405293338524482,763.9713403767865,-52.40457162499048,0.271461716937355,431,0.4006237138440149,87.27589999999995
T,2003-09-10 to 2014-12-31 (eleven years),110,0.13329168959962703,2.0763631435109846,-67.2588564642503,0.2163355408388521,453,0.002702843263410165,101.6332000000005
T,2003-09-10 to 2014-12-31 (eleven years),111,-0.3612303183258953,-66.79981353052266,-80.16503628965593,0.1905781584582441,467,-0.1158225597430503,11.281899999999993
T,2003-09-10 to 2014-12-31 (eleven years),112,0.8560116995352995,431.75724017269755,-45.17364885329281,0.25681818181818183,440,0.35229097270132587,48.882799999999975
T,2003-09-10 to 2014-12-31 (eleven years),113,0.3356160090446333,61.252603432882104,-69.97064439019324,0.22935779816513763,436,0.06164197966725448,14.442300000000046
T,2003-09-10 to 2014-12-31 (eleven years),114,0.06442520177398084,-13.47875942962084,-58.417799908140786,0.21444201312910285,457,-0.021763634090117025,67.44760000000001
T,2003-09-10 to 2014-12-31 (eleven years),115,1.0252966772321481,688.5552338962506,-44.78721778413487,0.26651480637813213,439,0.44704177559288355,86.16870000000007
T,2003-09-10 to 2014-12-31 (eleven years),116,0.12179329347244408,-0.8624359006771647,-62.61428218197798,0.215962441314554,426,-0.001222107858295306,61.44580000000055
T,2003-09-10 to 2014-12-31 (eleven years),117,0.6413867959409516,229.36650567584684,-64.75530735302064,0.24819277108433735,415,0.17156176743601145,84.8951999999993
T,2003-09-10 to 2014-12-31 (eleven years),118,0.3162778310420273,55.64783678707318,-55.93212545769508,0.22672064777327935,494,0.07129190124666421,40.58370000000008
T,2003-09-10 to 2014-12-31 (eleven years),119,0.1942404901145098,16.971059371838088,-66.4150301822836,0.2210065645514223,457,0.021004550716938263,45.827500000000114
T,2003-09-10 to 2014-12-31 (eleven years),120,0.6467494896160315,240.9044821469533,-57.60710245607164,0.24705882352941178,425,0.19872811303719773,81.48420000000014
T,2003-09-10 to 2014-12-31 (eleven years),121,0.6438957525600196,230.07770278076657,-39.18152946328638,0.24537037037037038,432,0.2840807301993221,98.72100000000002
T,2003-09-10 to 2014-12-31 (eleven years),122,0.5677761679779247,175.22323888277796,-42.25973472332667,0.2420814479638009,442,0.22148663644294322,96.43400000000005
T,2003-09-10 to 2014-12-31 (eleven years),123,0.6332040077592476,219.23012344889563,-59.272175466596046,0.2458233890214797,419,0.18226104214081693,68.75649999999979
T,2003-09-10 to 2014-12-31 (eleven years),124,0.6391174206946079,228.2939865299031,-42.05060862372266,0.24553571428571427,448,0.2634328516456735,103.77
T,2003-09-10 to 2014-12-31 (eleven years),125,0.731586044101222,312.03662545584683,-64.96958723846771,0.25,448,0.20517990807809594,58.277700000000465
T,2003-09-10 to 2014-12-31 (eleven years),126,0.5586515192724568,165.32688336728268,-45.59610164609668,0.2422062350119904,417,0.19753020421233033,68.74640000000005
T,2003-09-10 to 2014-12-31 (eleven years),127,0.754731859574254,318.17628794336423,-62.53158577400466,0.2529002320185615,431,0.21555017449692593,78.00190000000006
T,2003-09-10 to 2014-12-31 (eleven years),128,0.9996490408550937,645.9632256274701,-56.547286798698146,0.2638580931263858,451,0.3436808644043052,61.62610000000004
T,2003-09-10 to 2014-12-31 (eleven years),129,0.7894428854483794,369.41291492864224,-49.37853146289519,0.2540045766590389,437,0.29656171984544116,93.65759999999993
T,2003-09-10 to 2014-12-31 (eleven years),131,0.38252764517365134,77.66656067352108,-53.7337076905356,0.23114355231143552,411,0.09697117575055965,98.17599999999996
T,2003-09-10 to 2014-12-31 (eleven years),132,0.8716342452559717,446.72730215820326,-48.54209771765492,0.25806451612903225,434,0.3337109487330544,102.91999999999999
T,2003-09-10 to 2014-12-31 (eleven years),133,0.741611182566989,310.8816467985565,-41.48693803355506,0.2529002320185615,431,0.32063929340353375,96.854
T,2003-09-10 to 2014-12-31 (eleven years),134,0.193377592743976,16.816984585408317,-50.94042855944385,0.2202970297029703,404,0.027153427403791643,86.50199999999998
T,2003-09-10 to 2014-12-31 (eleven years),135,0.6372616330936173,222.62331389895618,-39.600369263700394,0.24604966139954854,443,0.2754164999362427,90.06460000000007
T,2003-09-10 to 2014-12-31 (eleven years),136,1.3827708560531,1629.1804050690241,-28.927048668197266,0.2916666666666667,408,0.9902967357590824,98.789
T,2003-09-10 to 2014-12-31 (eleven years),137,0.9147022559439527,510.94225394278124,-27.19618446965213,0.2634146341463415,410,0.6377764291281637,102.29
T,2003-09-10 to 2014-12-31 (eleven years),138,0.35963566275065617,72.1889934421058,-59.66786199815819,0.2294736842105263,475,0.08245376449993201,95.385
T,2003-09-10 to 2014-12-31 (eleven years),139,0.31654930435144146,55.05894434948158,-46.324123342017764,0.22758620689655173,435,0.08532652525011797,72.40969999999984
T,2003-09-10 to 2014-12-31 (eleven years),140,0.6008665334502934,204.64515225271728,-79.73048864858431,0.2413793103448276,493,0.12976228796209893,50.91199999999985
T,2003-09-10 to 2014-12-31 (eleven years),141,0.4666855484903254,118.17932391225754,-77.28203679075523,0.23665893271461716,431,0.09236311513246202,26.95970000000021
T,2003-09-10 to 2014-12-31 (eleven years),143,0.3659114346577389,75.02222844815871,-67.91795940149412,0.2292576419213974,458,0.07466773777358875,28.28659999999971
T,2003-09-10 to 2014-12-31 (eleven years),144,0.5199176646443632,141.0950425289849,-47.32949520975889,0.24210526315789474,380,0.1708842007156266,105.16
T,2003-09-10 to 2014-12-31 (eleven years),145,0.9189093158208991,499.0031321932166,-58.698644686484734,0.26252983293556087,419,0.2920100098221313,5.327400000000367
T,2003-09-10 to 2014-12-31 (eleven years),146,0.45575721622736964,112.41371025393194,-59.75695331002417,0.2349137931034483,464,0.11521213368472141,77.81559999999918
T,2003-09-10 to 2014-12-31 (eleven years),147,0.4381454268278078,103.69444716736528,-56.75879121782448,0.23122529644268774,506,0.11433509855159615,103.25999999999999
T,2003-09-10 to 2014-12-31 (eleven years),148,0.7819779242619942,344.3816241306791,-48.3593302919321,0.25396825396825395,441,0.29135851223765247,98.15999999999997
T,2003-09-10 to 2014-12-31 (eleven years),149,0.3917677086797288,82.6682404347053,-43.55648957246595,0.23209876543209876,405,0.12556306849304513,99.23999999999998
T,2003-09-10 to 2014-12-31 (eleven years),150,0.6759464153371323,267.2968709356323,-55.885179346336855,0.2483221476510067,447,0.21803700800264833,88.89999999999996
T,2003-09-10 to 2014-12-31 (eleven years),151,0.4855420553559335,123.0092450623697,-67.58031932325997,0.23832923832923833,407,0.10869339528409859,71.62629999999969
T,2003-09-10 to 2014-12-31 (eleven years),152,0.025281474032895834,-20.20300912179415,-73.74850237170254,0.2111801242236025,483,-0.026777327110133132,31.526700000000346
T,2003-09-10 to 2014-12-31 (eleven years),153,0.6898725450724988,276.2533238065587,-48.2251649826632,0.24628450106157113,471,0.25762810499664696,93.39800000000001
T,2003-09-10 to 2014-12-31 (eleven years),154,0.5961586975508377,200.49445240376826,-59.95901538563133,0.24183006535947713,459,0.17032148203854494,28.191300000000055
T,2003-09-10 to 2014-12-31 (eleven years),155,0.36367772889163613,70.01002891669896,-45.337650296881606,0.23132530120481928,415,0.10591236459278049,83.06800000000005
T,2003-09-10 to 2014-12-31 (eleven years),156,1.1531192140173,1039.927315269876,-43.81826112875077,0.27472527472527475,455,0.5476042094888806,101.13
T,2003-09-10 to 2014-12-31 (eleven years),157,0.6298974711724007,219.27008772255573,-50.07152566071491,0.24342105263157895,456,0.21577601598527923,83.11669999999998
T,2003-09-10 to 2014-12-31 (eleven years),158,0.96007169920202,543.6766619939298,-36.422797164316314,0.2676767676767677,396,0.4911106737189017,101.30399999999999
T,2003-09-10 to 2014-12-31 (eleven years),159,0.43782289503669725,106.75443005336919,-57.69033417362491,0.2334710743801653,484,0.11492295299754242,103.13
T,2003-09-10 to 2014-12-31 (eleven years),160,0.4162783923820737,94.10610012459986,-55.24834792443898,0.23234624145785876,439,0.10926500030420315,66.07769999999975
T,2003-09-10 to 2014-12-31 (eleven years),162,0.4807763195660707,128.15530879039557,-44.600326674436744,0.23665893271461716,431,0.16955440539875669,68.84999999999997
T,2003-09-10 to 2014-12-31 (eleven years),163,0.7812803640437219,357.59755281206617,-44.125327618013365,0.2545871559633027,436,0.3260209671120534,101.88
T,2003-09-10 to 2014-12-31 (eleven years),164,0.2509647494491388,33.141060819485986,-56.96068518354171,0.22444444444444445,450,0.04497810791047517,80.19050000000038
T,2003-09-10 to 2014-12-31 (eleven years),166,0.09522626528883865,-6.1727993557934315,-61.959446562996966,0.21559633027522937,436,-0.009062696115255077,57.429400000000115
T,2003-09-10 to 2014-12-31 (eleven years),167,0.2672860030006141,38.385167373192324,-66.29578606244564,0.22365591397849463,465,0.04393563505443043,61.36039999999997
T,2003-09-10 to 2014-12-31 (eleven years),168,0.9694229490419943,586.6986809870741,-35.94760803009807,0.26618705035971224,417,0.516407979818302,98.93
T,2003-09-10 to 2014-12-31 (eleven years),169,-0.1026812750776833,-40.37519528129249,-74.0066653046922,0.20484581497797358,454,-0.06036141755127879,45.57689999999975
T,2003-09-10 to 2014-12-31 (eleven years),170,0.4955560393732155,136.38816008853146,-69.07951135728543,0.2363238512035011,457,0.11435646134452977,101.89019999999991
T,2003-09-10 to 2014-12-31 (eleven years),171,0.7742285162261247,336.43317316773346,-38.78525441129121,0.2540045766590389,437,0.3585915644176436,100.99399999999999
T,2003-09-10 to 2014-12-31 (eleven years),172,0.014289869127531225,-22.805844477992416,-75.6906547206605,0.21149425287356322,435,-0.029880282308151457,5.119899999999873
T,2003-09-10 to 2014-12-31 (eleven years),173,0.6574207575724116,240.21727260850034,-40.74088760825296,0.24821002386634844,419,0.2805112521897818,69.21239999999955
T,2003-09-10 to 2014-12-31 (eleven years),174,1.031190899546019,715.2931484262757,-38.027592932523,0.2681818181818182,440,0.5358209463722378,102.37000000000006
T,2003-09-10 to 2014-12-31 (eleven years),175,0.7944273968147632,339.1776806001959,-42.83424363169376,0.25692695214105793,397,0.32616871460381813,102.4057000000001
T,2003-09-10 to 2014-12-31 (eleven years),176,1.0272276641852016,719.9624500594613,-44.64087689462558,0.2681818181818182,440,0.4578035272102733,99.59899999999999
T,2003-09-10 to 2014-12-31 (eleven years),177,0.5130379137041957,142.4965910110313,-65.02076543814158,0.23841059602649006,453,0.12524072618854043,79.80459999999977
T,2003-09-10 to 2014-12-31 (eleven years),178,1.0313596673595227,738.293224570902,-41.74502506297213,0.2689655172413793,435,0.49520420166882256,100.69999999999999
T,2003-09-10 to 2014-12-31 (eleven years),179,0.5934970379821785,181.17503519099876,-55.816666359823856,0.24489795918367346,392,0.17139939473484384,59.72070000000001
T,2003-09-10 to 2014-12-31 (eleven years),180,0.5051866656767795,135.16044975581306,-60.897342087968774,0.2384428223844282,411,0.1289061981190052,81.0139999999999
T,2003-09-10 to 2014-12-31 (eleven years),181,0.4662755484357616,110.83829836362638,-44.86105007907899,0.23821989528795812,382,0.15190077194761178,94.67830000000001
T,2003-09-10 to 2014-12-31 (eleven years),182,0.6430362414827755,206.47542170191326,-33.38619210354605,0.24675324675324675,385,0.3116390248385147,94.18899999999994
T,2003-09-10 to 2014-12-31 (eleven years),183,0.6979694521121454,275.2344822579988,-70.67696577347309,0.2482758620689655,435,0.17540679242987722,88.0464000000003
T,2003-09-10 to 2014-12-31 (eleven years),184,0.48027873701707086,127.02718894902512,-49.10565805744776,0.23529411764705882,459,0.15303882965503668,101.42999999999999
T,2003-09-10 to 2014-12-31 (eleven years),185,0.57464661958674,181.35990076142596,-60.27737546097149,0.24153498871331827,443,0.15882090689725015,108.65999999999998
T,2003-09-10 to 2014-12-31 (eleven years),186,0.24565746272031255,31.618116152014192,-70.83614146302493,0.22371364653243847,447,0.034696381355250064,31.908700000000078
T,2003-09-10 to 2014-12-31 (eleven years),187,1.0222316810034122,689.7453030007382,-36.954604313828995,0.26535087719298245,456,0.5422261974049487,102.76999999999998
T,2003-09-10 to 2014-12-31 (eleven years),188,0.6199297945344414,210.6196336338806,-50.66784218638949,0.2458233890214797,419,0.2079341327195071,87.56229999999995
T,2003-09-10 to 2014-12-31 (eleven years),189,0.6068383049743742,201.48233127610692,-43.007535752632585,0.24434389140271492,442,0.238197369072708,76.35929999999988
T,2003-09-10 to 2014-12-31 (eleven years),190,0.4611039459415491,116.20650612730299,-53.25346057198202,0.23529411764705882,459,0.1324240286602292,45.7373000000003
T,2003-09-10 to 2014-12-31 (eleven years),191,0.6970986052822186,272.343966452052,-64.82440327863605,0.24882629107981222,426,0.19005852641405466,97.21799999999995
T,2003-09-10 to 2014-12-31 (eleven years),192,0.7433577113828771,344.33115596959584,-55.899246404312095,0.2505307855626327,471,0.2520384129045083,30.204299999999748
T,2003-09-10 to 2014-12-31 (eleven years),193,0.5791983194247408,182.78757259947662,-66.97057501354026,0.24235294117647058,425,0.1436799927824243,29.46189999999993
T,2003-09-10 to 2014-12-31 (eleven years),194,0.7979570975354273,368.80097497279155,-60.25684198489313,0.25274725274725274,455,0.2428033991152831,95.09099999999998
T,2003-09-10 to 2014-12-31 (eleven years),196,0.55960562572203,175.0789358093918,-42.489195612851596,0.23931623931623933,468,0.22017121479715837,101.32000000000005
T,2003-09-10 to 2014-12-31 (eleven years),197,0.26282417950932724,36.9584558237385,-59.42875828625169,0.22483940042826553,467,0.04742712323083709,100.83
T,2003-09-10 to 2014-12-31 (eleven years),198,0.40214844390148763,89.7531116513799,-50.04937776850613,0.23127753303964757,454,0.11637252779729816,89.63530000000023
T,2003-09-10 to 2014-12-31 (eleven years),199,0.6456827277972503,223.2105246763977,-46.981365694729284,0.2465753424657534,438,0.23252666885700954,103.02999999999997
T,2003-09-10 to 2014-12-31 (eleven years),200,0.2734895077256946,40.26704955802528,-46.34091860867099,0.22528735632183908,435,0.06550737137842852,99.404
F,2003-09-10 to 2014-12-31 (eleven years),1,0.5299584523938944,61.19217529649952,-16.323221477913364,0.2857142857142857,84,0.2640210281575131,24.2678999999998
F,2003-09-10 to 2014-12-31 (eleven years),2,0.6067677993253107,78.37068337628637,-18.151918231830667,0.28735632183908044,87,0.2890826735134232,95.76540000000011
F,2003-09-10 to 2014-12-31 (eleven years),3,1.2774796638689192,264.542878545794,-16.87944243829872,0.38095238095238093,84,0.7174669382638882,102.58
F,2003-09-10 to 2014-12-31 (eleven years),5,1.3574897654787421,363.40355043707035,-26.084497781923854,0.4069767441860465,86,0.5563960328450462,101.68700000000005
F,2003-09-10 to 2014-12-31 (eleven years),7,0.46782198169333683,49.782530484272186,-20.1837882889766,0.27380952380952384,84,0.18009983844431185,65.29690000000016
F,2003-09-10 to 2014-12-31 (eleven years),8,1.657739139687612,462.87916568629504,-17.863506580068535,0.4444444444444444,81,0.9235816304663749,105.59899999999999
F,2003-09-10 to 2014-12-31 (eleven years),9,1.209732883716888,264.54287854579445,-21.266918559796288,0.38095238095238093,84,0.5694497701562539,58.50250000000021
F,2003-09-10 to 2014-12-31 (eleven years),10,1.2696908196831198,250.10698055538145,-13.187446675328008,0.37209302325581395,86,0.8880275777122789,97.38000000000002
F,2003-09-10 to 2014-12-31 (eleven years),11,1.5482795235213358,451.6215823725689,-10.097103569942123,0.43902439024390244,82,1.6133921649051155,21.220500000000303
F,2003-09-10 to 2014-12-31 (eleven years),12,1.1455596660833347,225.37823471689697,-17.95854512889983,0.36470588235294116,85,0.6119632028981825,94.52590000000033
F,2003-09-10 to 2014-12-31 (eleven years),13,1.1618225939524955,250.1069805553818,-12.867005186300995,0.37209302325581395,86,0.9101431263717414,89.15840000000004
F,2003-09-10 to 2014-12-31 (eleven years),14,1.1394185703866302,229.5178892428797,-18.122069009263452,0.3595505617977528,89,0.6132879927526931,105.349
F,2003-09-10 to 2014-12-31 (eleven years),15,1.4831048986674211,372.86076575211433,-20.16496278510208,0.4117647058823529,85,0.7298775543997214,47.816999999999524
F,2003-09-10 to 2014-12-31 (eleven years),16,0.7652981826510146,115.02842182076576,-22.147845453786985,0.3103448275862069,87,0.3160739647578115,97.07329999999986
F,2003-09-10 to 2014-12-31 (eleven years),17,1.7532405200579264,508.7437536022738,-14.815825547496065,0.42857142857142855,91,1.1681903688484598,97.648
F,2003-09-10 to 2014-12-31 (eleven years),18,0.5953285338587871,76.129855090945,-27.77016346162622,0.2891566265060241,83,0.18472623231996965,59.22939999999993
F,2003-09-10 to 2014-12-31 (eleven years),19,1.4414526696229046,340.90539818204473,-13.764676955318167,0.41975308641975306,81,1.0178767331153604,97.72900000000001
F,2003-09-10 to 2014-12-31 (eleven years),20,0.9375187291825153,150.84406846735084,-26.308340492826776,0.3333333333333333,84,0.3218444422292269,34.46250000000006
F,2003-09-10 to 2014-12-31 (eleven years),21,1.6590726629872017,429.7773677106134,-9.758722998768777,0.42857142857142855,84,1.6268585354130556,81.20029999999963
F,2003-09-10 to 2014-12-31 (eleven years),22,0.7065663782830583,95.84372991110608,-32.89906274624942,0.2988505747126437,87,0.18603149181006745,55.45779999999985
F,2003-09-10 to 2014-12-31 (eleven years),23,1.2446876898188035,238.47224951258033,-11.415761913599976,0.37209302325581395,86,0.9966613132184109,74.65419999999999
F,2003-09-10 to 2014-12-31 (eleven years),24,1.3809635882871385,271.9825291283613,-12.375586911555402,0.3855421686746988,83,0.9947641699601235,91.28639999999997
F,2003-09-10 to 2014-12-31 (eleven years),25,1.7186121531157252,453.8043539739484,-12.475956286446232,0.4457831325301205,83,1.3090125034917204,90.46069999999965
F,2003-09-10 to 2014-12-31 (eleven years),26,0.9756451208013799,154.64123098003913,-17.054462481509745,0.3333333333333333,87,0.5049300871640741,51.6823000000001
F,2003-09-10 to 2014-12-31 (eleven years),27,1.1633962981552466,225.3782347168968,-10.781681912240016,0.36470588235294116,85,1.0193185892450247,78.62659999999977
F,2003-09-10 to 2014-12-31 (eleven years),28,1.3424881490956797,300.3742722178587,-18.29271931124541,0.4024390243902439,82,0.713028915503225,108.71799999999998
F,2003-09-10 to 2014-12-31 (eleven years),30,1.3053097980249386,269.1808088560382,-17.93122690148985,0.375,88,0.6823723267435079,101.80300000000001
F,2003-09-10 to 2014-12-31 (eleven years),31,0.9987421567876467,167.36235675008132,-23.62727736301078,0.3409090909090909,88,0.38431241870928845,51.21929999999975
F,2003-09-10 to 2014-12-31 (eleven years),32,2.1079681042291694,936.14404404402,-12.15985321549412,0.5119047619047619,84,1.8876373987179016,93.40120000000009
F,2003-09-10 to 2014-12-31 (eleven years),33,1.2371083295437748,252.76394917718838,-18.29271931124541,0.38271604938271603,81,0.6442717821210054,102.828
F,2003-09-10 to 2014-12-31 (eleven years),34,0.8143600543041418,131.37058187914346,-24.27540020658361,0.3181818181818182,88,0.31699965495459476,83.69389999999979
F,2003-09-10 to 2014-12-31 (eleven years),36,1.0700965363733983,202.39612891904906,-14.587691878599163,0.35714285714285715,84,0.7042767859323927,80.07359999999962
F,2003-09-10 to 2014-12-31 (eleven years),37,1.2778892464415403,313.6178158362108,-17.322036576812938,0.39080459770114945,87,0.7717812380393261,71.82679999999972
F,2003-09-10 to 2014-12-31 (eleven years),38,1.7380779035028684,501.0962512449529,-11.415761913599965,0.4367816091954023,87,1.5046485722090905,21.925300000000178
F,2003-09-10 to 2014-12-31 (eleven years),39,1.1686302346973991,231.17936896871032,-17.685135643840322,0.367816091954023,87,0.6312333758099528,15.303900000000183
F,2003-09-10 to 2014-12-31 (eleven years),40,1.6088693374471328,447.4668459294174,-21.250361777603864,0.42528735632183906,87,0.7629475795569213,29.030100000000047
F,2003-09-10 to 2014-12-31 (eleven years),41,1.1577687701194967,218.8706700225578,-18.740100377414326,0.36046511627906974,86,0.5758761268888106,100.7723999999999
F,2003-09-10 to 2014-12-31 (eleven years),42,0.7357360794362464,99.84054072561858,-17.71755567635728,0.3023255813953488,86,0.35613859816054333,76.87550000000022
F,2003-09-10 to 2014-12-31 (eleven years),43,0.8643836756604552,152.7477289365786,-18.90894536775357,0.34177215189873417,79,0.4516217874314626,88.47559999999984
F,2003-09-10 to 2014-12-31 (eleven years),44,1.3858066557529767,313.61781583621087,-17.26018569253782,0.39080459770114945,87,0.7745468717868383,106.61000000000001
F,2003-09-10 to 2014-12-31 (eleven years),45,1.3238581201908244,269.18080885603905,-20.94013084513373,0.375,88,0.5843217080460077,104.80799999999999
F,2003-09-10 to 2014-12-31 (eleven years),46,1.5718401500838002,408.79818394927395,-16.69560546053158,0.4186046511627907,86,0.9261726665836907,109.88700000000006
F,2003-09-10 to 2014-12-31 (eleven years),47,1.0520685754694612,190.42124221385475,-31.35010189624319,0.3488372093023256,86,0.315172632005889,83.99769999999992
F,2003-09-10 to 2014-12-31 (eleven years),48,1.117380907833333,198.59719858905723,-14.882367939775209,0.3625,80,0.6820576252571577,110.08999999999997
F,2003-09-10 to 2014-12-31 (eleven years),49,1.5624308580961908,398.81655002095783,-11.222049458628746,0.42857142857142855,84,1.3599129939786012,102.17200000000001
F,2003-09-10 to 2014-12-31 (eleven years),50,1.3503183688112723,271.9825291283629,-12.126984196247925,0.3855421686746988,83,1.015156797652272,92.18500000000003
F_exact,2003-09-10 to 2014-12-31 (eleven years),1,0.533426865970272,63.24295757638942,-16.323221477913354,0.2840909090909091,88,0.2711648666344754,24.2678999999998
F_exact,2003-09-10 to 2014-12-31 (eleven years),2,0.6033497012407524,80.64002080564377,-18.151918231830667,0.2857142857142857,91,0.29556456540228865,95.76540000000011
F_exact,2003-09-10 to 2014-12-31 (eleven years),3,1.348476695328662,305.3454595194875,-16.87944243829871,0.38636363636363635,88,0.7800368363949967,102.58
F_exact,2003-09-10 to 2014-12-31 (eleven years),5,1.3507871156909095,369.2992447406322,-26.084497781923865,0.4,90,0.5613038277529596,101.68700000000005
F_exact,2003-09-10 to 2014-12-31 (eleven years),7,0.47307484963909896,51.688152508351024,-20.812066165281664,0.2727272727272727,88,0.18022974323268973,65.29690000000016
F_exact,2003-09-10 to 2014-12-31 (eleven years),8,1.6486182609507924,470.040447656623,-17.863506580068577,0.43529411764705883,85,0.9308722793591195,105.59899999999999
F_exact,2003-09-10 to 2014-12-31 (eleven years),9,1.1336508141268216,236.24274412538767,-22.841580188600418,0.36363636363636365,88,0.49526412659763697,54.84880000000024
F_exact,2003-09-10 to 2014-12-31 (eleven years),10,1.3338737636969589,289.29377932251475,-11.415761913600065,0.37777777777777777,90,1.1180328316786572,82.42370000000001
F_exact,2003-09-10 to 2014-12-31 (eleven years),11,1.4621423222156158,408.7981839492743,-11.415761913600008,0.4186046511627907,86,1.3545318785238627,21.2205000000003
F_exact,2003-09-10 to 2014-12-31 (eleven years),12,1.1438552513804274,229.51788924287965,-17.95854512889985,0.3595505617977528,89,0.6188723667448791,74.45240000000038
F_exact,2003-09-10 to 2014-12-31 (eleven years),13,1.1648110995947802,254.56124882534078,-15.682403461751782,0.36666666666666664,90,0.7547121677389177,68.4929000000001
F_exact,2003-09-10 to 2014-12-31 (eleven years),14,1.2055915163585842,266.4001907481179,-18.122069009263452,0.3655913978494624,93,0.6710495199921621,105.349
F_exact,2003-09-10 to 2014-12-31 (eleven years),15,1.535891488918443,425.78715883061477,-22.654842815894394,0.4157303370786517,89,0.6973636104710614,23.425599999999548
F_exact,2003-09-10 to 2014-12-31 (eleven years),16,0.7703678676685244,117.76414069999505,-22.147845453787042,0.3076923076923077,91,0.32147487122863005,91.23599999999985
F_exact,2003-09-10 to 2014-12-31 (eleven years),17,1.8098701118306324,576.8792673110275,-14.815825547496054,0.43157894736842106,95,1.242779948912789,97.648
F_exact,2003-09-10 to 2014-12-31 (eleven years),18,0.5114199106105964,62.45657036130158,-32.01785568877496,0.27586206896551724,87,0.13685263044024462,59.22939999999993
F_exact,2003-09-10 to 2014-12-31 (eleven years),19,1.3373971091710115,306.67710085524106,-13.764676955318189,0.4,85,0.9589323783149523,97.72900000000001
F_exact,2003-09-10 to 2014-12-31 (eleven years),20,0.9410908190467215,154.03545520608083,-26.308340492826808,0.32954545454545453,88,0.326453560590325,34.46250000000006
F_exact,2003-09-10 to 2014-12-31 (eleven years),21,1.5583322809680122,388.6497758648832,-10.287964892663693,0.4090909090909091,88,1.4630140704185683,81.20029999999963
F_exact,2003-09-10 to 2014-12-31 (eleven years),22,0.7047110949394367,98.33536978252357,-32.89906274624923,0.2967032967032967,91,0.18963750822797104,55.45779999999985
F_exact,2003-09-10 to 2014-12-31 (eleven years),23,1.2305079379063406,242.77849384645106,-12.975923906336718,0.36666666666666664,90,0.8864232150847238,74.65419999999999
F_exact,2003-09-10 to 2014-12-31 (eleven years),24,1.3800995140636403,276.7151110775895,-12.989998581800377,0.3793103448275862,87,0.9573785150662005,91.28639999999997
F_exact,2003-09-10 to 2014-12-31 (eleven years),25,1.6112747575529227,410.8115029749388,-12.475956286446321,0.42528735632183906,87,1.242655806585288,90.46069999999965
F_exact,2003-09-10 to 2014-12-31 (eleven years),26,0.9664873128776577,157.88092746817597,-18.713373231879526,0.32967032967032966,91,0.46665721287125783,51.6823000000001
F_exact,2003-09-10 to 2014-12-31 (eleven years),27,1.1532050077336462,229.5178892428793,-10.781681912240016,0.3595505617977528,89,1.0308268614936278,78.62659999999977
F_exact,2003-09-10 to 2014-12-31 (eleven years),28,1.259807624234997,269.292480776926,-21.946797915917582,0.38372093023255816,86,0.5576564314406973,108.71799999999998
F_exact,2003-09-10 to 2014-12-31 (eleven years),30,1.2137344695098538,240.5206233718559,-17.93122690148986,0.358695652173913,92,0.6378288864753592,101.80300000000001
F_exact,2003-09-10 to 2014-12-31 (eleven years),31,0.9953364404029351,170.76389893117258,-23.62727736301078,0.33695652173913043,92,0.3894735556491903,51.21929999999975
F_exact,2003-09-10 to 2014-12-31 (eleven years),32,2.023780624105345,855.7062753998417,-12.15985321549411,0.48863636363636365,88,1.8156801336840178,93.40120000000009
F_exact,2003-09-10 to 2014-12-31 (eleven years),33,1.211949223419473,257.2520209748781,-18.29271931124541,0.3764705882352941,85,0.6511033446781963,102.828
F_exact,2003-09-10 to 2014-12-31 (eleven years),34,0.7366158882856192,113.40885788599466,-28.72861247123486,0.30434782608695654,92,0.2411841848391088,80.45939999999999
F_exact,2003-09-10 to 2014-12-31 (eleven years),36,0.9892157853879024,178.92056102218646,-16.29593804102717,0.3409090909090909,88,0.5822933689775035,58.60229999999965
F_exact,2003-09-10 to 2014-12-31 (eleven years),37,1.1801740535795218,281.50790373606543,-17.322036576812884,0.37362637362637363,91,0.7252057787570726,71.82679999999972
F_exact,2003-09-10 to 2014-12-31 (eleven years),38,1.6279004773154853,454.4320432437053,-14.547627131497498,0.4175824175824176,91,1.1234017292382432,21.925300000000178
F_exact,2003-09-10 to 2014-12-31 (eleven years),39,1.0846591590593666,205.4693051856304,-17.685135643840333,0.3516483516483517,91,0.5865016067918382,15.303900000000183
F_exact,2003-09-10 to 2014-12-31 (eleven years),40,1.604810769536582,454.4320432437058,-21.25036177760379,0.4175824175824176,91,0.7690612351391368,27.388000000000048
F_exact,2003-09-10 to 2014-12-31 (eleven years),41,1.0680543173746506,194.11615318667492,-18.74010037741437,0.34444444444444444,90,0.5338035747401942,100.7723999999999
F_exact,2003-09-10 to 2014-12-31 (eleven years),42,0.65248785579937,84.32655184249384,-17.7175556763574,0.28888888888888886,90,0.31343815463609154,76.87550000000022
F_exact,2003-09-10 to 2014-12-31 (eleven years),43,0.8654456726535755,155.9633351707652,-20.530766460398418,0.3373493975903614,83,0.4218561944737508,88.47559999999984
F_exact,2003-09-10 to 2014-12-31 (eleven years),44,1.3641769102884505,318.8801065510257,-15.039954257854838,0.38461538461538464,91,0.8973139489575928,106.61000000000001
F_exact,2003-09-10 to 2014-12-31 (eleven years),45,1.3791434150474726,310.50250442000623,-20.940130845133844,0.3804347826086957,92,0.6348145007248619,104.80799999999999
F_exact,2003-09-10 to 2014-12-31 (eleven years),46,1.561988449391742,415.27141565400234,-16.695605460531524,0.4111111111111111,90,0.9339039861987103,109.88700000000006
F_exact,2003-09-10 to 2014-12-31 (eleven years),47,1.0471375925965223,194.1161531866745,-31.3501018962432,0.34444444444444444,90,0.3190909109501999,83.99769999999992
F_exact,2003-09-10 to 2014-12-31 (eleven years),48,1.0809843498452565,202.39612891904937,-14.882367939775065,0.35714285714285715,84,0.6903318606291082,110.08999999999997
F_exact,2003-09-10 to 2014-12-31 (eleven years),49,1.7110423819474294,508.981001396396,-11.222049458628746,0.4431818181818182,88,1.5426544478406425,102.17200000000001
F_exact,2003-09-10 to 2014-12-31 (eleven years),50,1.3157445900440694,276.7151110775907,-13.884444512322958,0.3793103448275862,87,0.8957035005554888,92.18500000000003
Fm,2003-09-10 to 2014-12-31 (eleven years),1,-0.002536188538070034,-23.31683741635176,-65.85417986973073,0.21012658227848102,395,-0.03521432681571572,22.397899999999794
Fm,2003-09-10 to 2014-12-31 (eleven years),2,0.5075373457740602,130.40763370208995,-59.22610719081298,0.24040920716112532,391,0.12926065576767665,95.45540000000011
Fm,2003-09-10 to 2014-12-31 (eleven years),3,0.7372651455130794,260.83928069827147,-32.10104672360738,0.2579710144927536,345,0.37410964016380394,101.15999999999998
Fm,2003-09-10 to 2014-12-31 (eleven years),5,0.7899439093160245,334.08886002761085,-50.63744909804142,0.26005361930294907,373,0.2735891641753677,101.04700000000004
Fm,2003-09-10 to 2014-12-31 (eleven years),7,0.7682677577895367,313.3881392949183,-39.00532198630293,0.2557544757033248,391,0.34260088551110035,67.30690000000017
Fm,2003-09-10 to 2014-12-31 (eleven years),8,0.602802194098023,189.5187905324352,-47.878001071044174,0.24742268041237114,388,0.2057411590598646,102.886
Fm,2003-09-10 to 2014-12-31 (eleven years),9,0.6595332675499872,218.15062695268477,-54.91351764314108,0.25360230547550433,347,0.19612371916932644,44.21880000000024
Fm,2003-09-10 to 2014-12-31 (eleven years),10,1.0892455496301792,738.2610012774938,-33.23084507071932,0.2720763723150358,419,0.6220697010530796,82.8232
Fm,2003-09-10 to 2014-12-31 (eleven years),11,0.2566271345633169,34.85105227315092,-64.86132937183353,0.22535211267605634,426,0.041283819958586654,17.436400000000276
Fm,2003-09-10 to 2014-12-31 (eleven years),12,0.471301344823522,114.03322257338853,-39.03944675383245,0.23821339950372208,403,0.17819151548483714,66.17240000000038
Fm,2003-09-10 to 2014-12-31 (eleven years),13,0.3628766935301257,70.99733461912496,-68.29836287437838,0.2302325581395349,430,0.07109195741950104,52.92290000000009
Fm,2003-09-10 to 2014-12-31 (eleven years),14,1.0779290335527119,768.1835255471821,-41.65666944015146,0.27525252525252525,396,0.5052379933899319,101.63900000000001
Fm,2003-09-10 to 2014-12-31 (eleven years),15,0.5957305363923833,188.31606510824182,-52.3769654313491,0.24556962025316456,395,0.18729737778148206,24.55459999999954
Fm,2003-09-10 to 2014-12-31 (eleven years),16,0.612729289317188,195.52105382860992,-62.363765966656416,0.24607329842931938,382,0.16114918495491623,88.48599999999982
Fm,2003-09-10 to 2014-12-31 (eleven years),17,0.5624041894995216,164.2210223421423,-43.29642235355278,0.24061810154525387,453,0.20709281693208803,92.76640000000012
Fm,2003-09-10 to 2014-12-31 (eleven years),18,0.5781727052838991,177.66141030486716,-57.989172181963134,0.24415584415584415,385,0.1628794368475355,59.21939999999992
Fm,2003-09-10 to 2014-12-31 (eleven years),19,0.8639379882566047,408.45588137357566,-37.27832831307559,0.264,375,0.41461478742218494,97.92900000000002
Fm,2003-09-10 to 2014-12-31 (eleven years),20,0.5711933678131144,174.8594027783339,-60.93067088509103,0.24299065420560748,428,0.15340684529271423,34.66750000000005
Fm,2003-09-10 to 2014-12-31 (eleven years),21,0.36127920740176256,69.84117658083679,-64.04189570263593,0.23232323232323232,396,0.07483561273929823,80.58029999999962
Fm,2003-09-10 to 2014-12-31 (eleven years),22,0.23338427233282522,28.089305652687607,-61.61358895961971,0.2222222222222222,423,0.03590062330641512,48.64479999999982
Fm,2003-09-10 to 2014-12-31 (eleven years),23,0.14242234093241443,4.137401901021567,-58.08156735495956,0.2169576059850374,401,0.006179841532783367,72.89419999999997
Fm,2003-09-10 to 2014-12-31 (eleven years),24,0.8833148891547433,422.3498509722196,-35.42796374657215,0.26153846153846155,390,0.4440435378564746,91.80639999999997
Fm,2003-09-10 to 2014-12-31 (eleven years),25,0.4594772543220747,110.67930272733338,-54.19857061280797,0.23636363636363636,385,0.12559937993452439,91.44489999999969
Fm,2003-09-10 to 2014-12-31 (eleven years),26,-0.18441393781797483,-48.29106370522159,-84.0479844228216,0.1995249406175772,421,-0.06736908301387393,43.33230000000012
Fm,2003-09-10 to 2014-12-31 (eleven years),27,0.7585997504553205,316.13111870037613,-40.69022172683216,0.2555831265508685,403,0.3300433207306366,74.24659999999977
Fm,2003-09-10 to 2014-12-31 (eleven years),28,0.530445077122988,142.7315585915077,-47.06987338179559,0.23940149625935161,401,0.17320005181086326,102.78999999999999
Fm,2003-09-10 to 2014-12-31 (eleven years),30,0.9169842370191675,474.8138419476086,-44.64752525791449,0.26515151515151514,396,0.3743685007989066,99.29
Fm,2003-09-10 to 2014-12-31 (eleven years),31,0.2906840348689287,45.20787589653851,-70.35111912734995,0.22588235294117648,425,0.047638050907959695,48.269299999999745
Fm,2003-09-10 to 2014-12-31 (eleven years),32,0.7985023544430198,329.3229956158036,-37.822956050240464,0.25654450261780104,382,0.3633462245015656,90.25120000000008
Fm,2003-09-10 to 2014-12-31 (eleven years),33,1.2419011868200316,1074.828359724501,-42.28042771007037,0.2857142857142857,378,0.575348571295576,101.64999999999999
Fm,2003-09-10 to 2014-12-31 (eleven years),34,0.7211119655323623,277.64582526292315,-54.32068041357492,0.25190839694656486,393,0.22939454973952858,68.99759999999978
Fm,2003-09-10 to 2014-12-31 (eleven years),36,0.3147603634034755,52.29066592111782,-56.88107794556132,0.22693266832917705,401,0.06658292256153718,51.21909999999961
Fm,2003-09-10 to 2014-12-31 (eleven years),37,0.2297854499275205,27.171778429923194,-44.2936779707866,0.2222222222222222,405,0.04847299203039957,68.47679999999973
Fm,2003-09-10 to 2014-12-31 (eleven years),38,0.8314199530726266,395.81096506617894,-56.11978432372684,0.25688073394495414,436,0.27083966457752545,19.97530000000016
Fm,2003-09-10 to 2014-12-31 (eleven years),39,0.5862768483238895,181.32444003399232,-57.94998413921388,0.24396135265700483,414,0.16517842103916758,13.053900000000183
Fm,2003-09-10 to 2014-12-31 (eleven years),40,0.976976132486777,560.7957962173456,-56.8646853133736,0.26715686274509803,408,0.31937948446175035,24.282600000000045
Fm,2003-09-10 to 2014-12-31 (eleven years),41,1.4201870174479105,1719.3235489387132,-45.55169498455599,0.2992125984251969,381,0.6415881154252369,58.90009999999985
Fm,2003-09-10 to 2014-12-31 (eleven years),42,0.4145819051207072,86.13756536185197,-53.47298343840241,0.2375366568914956,341,0.10555991277284327,71.70550000000021
Fm,2003-09-10 to 2014-12-31 (eleven years),43,0.16017135135114025,9.523139742219557,-48.826651602623464,0.21980676328502416,414,0.016531423360547474,62.25349999999974
Fm,2003-09-10 to 2014-12-31 (eleven years),44,1.4009894411508241,1548.0871142383855,-30.41511339998272,0.2930591259640103,389,0.9239294159634335,102.71
Fm,2003-09-10 to 2014-12-31 (eleven years),45,0.5177151840844937,132.84561769609164,-66.40167142170556,0.24111675126903553,394,0.11680122035596739,104.57999999999998
Fm,2003-09-10 to 2014-12-31 (eleven years),46,0.6693782761517494,232.39288155861755,-52.38312801229904,0.24700239808153476,418,0.21379758966233112,102.44000000000001
Fm,2003-09-10 to 2014-12-31 (eleven years),47,0.4426117353736729,103.28143439714887,-54.44025355538431,0.23690773067331672,401,0.11885363242731664,84.34519999999993
Fm,2003-09-10 to 2014-12-31 (eleven years),48,1.3672687998304496,1285.0668078933516,-25.572774735307004,0.2890625,384,1.0224961000365695,105.98999999999998
Fm,2003-09-10 to 2014-12-31 (eleven years),49,0.9745570667535971,566.584019038764,-27.023610966940204,0.2678132678132678,407,0.6754287740723257,98.98000000000002
Fm,2003-09-10 to 2014-12-31 (eleven years),50,0.6754703112603034,241.0128094617048,-54.03603434220332,0.2519280205655527,389,0.21191932913325473,88.5609000000003
Fm,2003-09-10 to 2014-12-31 (eleven years),51,0.4212991082484677,90.17394095313674,-58.51667815677229,0.23622047244094488,381,0.09988764930936858,42.23599999999993
Fm,2003-09-10 to 2014-12-31 (eleven years),52,0.9673457730683828,534.9680433465677,-45.938270386167645,0.26666666666666666,390,0.38629640483905003,59.914100000000055
Fm,2003-09-10 to 2014-12-31 (eleven years),53,0.46598256578158587,113.29322014517689,-43.22353880935032,0.2376237623762376,404,0.1601850578850378,98.30099999999999
Fm,2003-09-10 to 2014-12-31 (eleven years),54,0.07122536051380253,-10.76369115790151,-56.58028197606579,0.21479713603818615,419,-0.017699043543359723,80.2873000000004
Fm,2003-09-10 to 2014-12-31 (eleven years),55,0.26360705865661754,37.06679681133676,-56.36171638148972,0.22596153846153846,416,0.05013546074672585,42.180700000000115
Fm,2003-09-10 to 2014-12-31 (eleven years),56,0.5810667077597341,176.84840590485805,-48.57449458114148,0.2454308093994778,383,0.1938647919255164,100.38000000000001
Fm,2003-09-10 to 2014-12-31 (eleven years),57,0.7399978001571108,267.7975890015021,-35.927806358969164,0.2541436464088398,362,0.3395293594401265,104.08
Fm,2003-09-10 to 2014-12-31 (eleven years),58,1.3389554768235985,1482.1991866548756,-43.597944878772246,0.28883495145631066,412,0.6339827645190907,93.00980000000007
Fm,2003-09-10 to 2014-12-31 (eleven years),59,0.6391391068289737,218.28959772553893,-33.14320891918482,0.24875621890547264,402,0.3250777152796728,16.773199999999676
Fm,2003-09-10 to 2014-12-31 (eleven years),60,0.7868592529957853,337.0993748596034,-46.71860206666742,0.25692695214105793,397,0.29802735147830983,87.41160000000012
Fm,2003-09-10 to 2014-12-31 (eleven years),61,1.1119996479191796,774.165926201774,-45.540699461524184,0.2760416666666667,384,0.4637613686582445,101.77
Fm,2003-09-10 to 2014-12-31 (eleven years),63,1.4234429837398677,1562.9547641390977,-31.43631318426373,0.2991913746630728,371,0.8971513786361567,92.58689999999996
Fm,2003-09-10 to 2014-12-31 (eleven years),65,0.6753871234428391,240.98577991992266,-43.69489044566431,0.24822695035460993,423,0.2620557983054352,76.81640000000012
Fm,2003-09-10 to 2014-12-31 (eleven years),66,0.5208139476234107,140.6170999090684,-38.55131967326797,0.24129353233830847,402,0.20930305544103794,102.03
Fm,2003-09-10 to 2014-12-31 (eleven years),67,0.3132137528710106,51.0404299455082,-56.46964008865971,0.22938144329896906,388,0.06572953659148259,60.95149999999941
Fm,2003-09-10 to 2014-12-31 (eleven years),68,0.87673321989731,444.9889423252499,-32.924799267176674,0.2648648648648649,370,0.491007692986513,101.34
Fm,2003-09-10 to 2014-12-31 (eleven years),69,0.6771148313402645,241.79193041734223,-48.71474338729451,0.2512820512820513,390,0.2355295351848386,31.793700000000058
Fm,2003-09-10 to 2014-12-31 (eleven years),70,0.14190840665410495,4.435463476761984,-58.60972422695934,0.21897810218978103,411,0.006556728467385643,62.196399999999926
Fm,2003-09-10 to 2014-12-31 (eleven years),71,1.0670019808414322,699.5876624587004,-32.04536489875235,0.27586206896551724,377,0.6293959234472735,104.8
Fm,2003-09-10 to 2014-12-31 (eleven years),72,0.8915576889320733,429.53781223495577,-57.656219313124225,0.26430517711171664,367,0.27527698333300876,89.91740000000013
Fm,2003-09-10 to 2014-12-31 (eleven years),73,0.4989351738290549,132.8500773098757,-37.13736131183919,0.24102564102564103,390,0.2088457115703125,77.5506000000003
Fm,2003-09-10 to 2014-12-31 (eleven years),74,0.6130138284876411,193.7307276319257,-36.12054203299685,0.2457831325301205,415,0.27659565293367305,78.16690000000021
Fm,2003-09-10 to 2014-12-31 (eleven years),75,0.7934389258823157,347.98337901987304,-53.12361618450413,0.2559241706161137,422,0.2667613179817327,58.89150000000019
Fm,2003-09-10 to 2014-12-31 (eleven years),76,0.8520747378065283,387.48301579957354,-37.29670801842292,0.2608695652173913,391,0.4029077472012153,90.62239999999997
Fm,2003-09-10 to 2014-12-31 (eleven years),77,-0.2649845682679485,-57.09163918732549,-74.61879135621857,0.19679633867276888,437,-0.09655654374860738,6.056900000000084
Fm,2003-09-10 to 2014-12-31 (eleven years),78,0.47922324078218437,122.81318110691623,-41.33716416703733,0.23776223776223776,429,0.17749621873672725,58.70119999999997
Fm,2003-09-10 to 2014-12-31 (eleven years),79,0.6386298954824199,200.0150982028819,-36.84513466426799,0.24742268041237114,388,0.2767464204336599,100.42100000000002
Fm,2003-09-10 to 2014-12-31 (eleven years),80,-0.04006492491495563,-29.2429863144925,-83.09122582960387,0.2091346153846154,416,-0.03623596732907122,27.283699999999996
Fm,2003-09-10 to 2014-12-31 (eleven years),81,0.5398085969233435,145.58869867067256,-48.56758518416993,0.24060150375939848,399,0.17016315844453592,100.42699999999999
Fm,2003-09-10 to 2014-12-31 (eleven years),82,0.6835026407796954,247.33664623145864,-49.27379019804148,0.2506203473945409,403,0.2360770663131991,40.0260999999993
Fm,2003-09-10 to 2014-12-31 (eleven years),83,0.5902363803468513,178.00975313009212,-62.3822804851244,0.24396135265700483,414,0.15160349152252964,98.73999999999998
Fm,2003-09-10 to 2014-12-31 (eleven years),84,0.7656049146253587,324.691687586487,-54.60489373876012,0.25547445255474455,411,0.24968187354950744,100.97
Fm,2003-09-10 to 2014-12-31 (eleven years),85,0.8035186065793025,358.7825680328956,-34.697654730672824,0.2545045045045045,444,0.4153574749758303,64.14
Fm,2003-09-10 to 2014-12-31 (eleven years),86,0.9689393672901062,534.5949034688246,-48.05682668083014,0.2707774798927614,373,0.36913947755126547,100.43899999999998
Fm,2003-09-10 to 2014-12-31 (eleven years),87,0.9129127410042368,485.5545756681039,-42.82056215563781,0.2622549019607843,408,0.39480439425314723,97.34839999999998
Fm,2003-09-10 to 2014-12-31 (eleven years),88,0.08295542064271624,-7.951125877299228,-69.81211057604514,0.2136150234741784,426,-0.010450046341953057,87.79129999999962
Fm,2003-09-10 to 2014-12-31 (eleven years),89,0.9921637056566076,573.1520536133035,-45.87093110648996,0.26588235294117646,425,0.4001453610410438,35.72620000000046
Fm,2003-09-10 to 2014-12-31 (eleven years),90,0.19458120616896496,17.68333147320627,-53.21660172444195,0.2222222222222222,396,0.027236493126946853,62.561200000000255
Fm,2003-09-10 to 2014-12-31 (eleven years),91,0.817936969983547,347.10049668826264,-39.944394329992036,0.260752688172043,372,0.35427805391412776,101.53099999999999
Fm,2003-09-10 to 2014-12-31 (eleven years),92,0.321505552471204,55.111382362798146,-70.68522329276527,0.22942643391521197,401,0.05596336435504928,42.635499999999965
Fm,2003-09-10 to 2014-12-31 (eleven years),93,0.7691785299726807,306.27713302948,-48.30047551415901,0.2572944297082228,377,0.2730728962729184,104.02380000000008
Fm,2003-09-10 to 2014-12-31 (eleven years),94,0.4018044862646843,83.44713759566427,-39.21626434166869,0.23255813953488372,387,0.14047117369707568,103.41000000000001
Fm,2003-09-10 to 2014-12-31 (eleven years),95,0.832736761471438,351.17305321069455,-49.83764458543716,0.25906735751295334,386,0.2857867150594825,86.26310000000004
Fm,2003-09-10 to 2014-12-31 (eleven years),96,0.9832924548080421,583.4219301389845,-47.67195936534557,0.26763990267639903,411,0.38835245355805315,85.35020000000021
Fm,2003-09-10 to 2014-12-31 (eleven years),98,1.153650398900455,823.5569465079427,-38.48779930479734,0.27979274611398963,386,0.5640691812143283,60.370199999999954
Fm,2003-09-10 to 2014-12-31 (eleven years),99,0.9027778802301989,457.45656481163877,-46.413161425035476,0.2630272952853598,403,0.3533217879624245,79.51630000000004
Fm,2003-09-10 to 2014-12-31 (eleven years),101,0.023488399784924584,-18.190372694909247,-48.08772981149042,0.21052631578947367,380,-0.036573906493039106,72.22960000000049
Fm,2003-09-10 to 2014-12-31 (eleven years),102,0.7486401254228323,275.2987485264504,-61.591902603869464,0.2564841498559078,347,0.20130764758828967,103.04999999999998
Fm,2003-09-10 to 2014-12-31 (eleven years),103,0.29742349995050227,47.36717680548243,-54.50027752197579,0.22794117647058823,408,0.06396855389652463,58.62329999999975
Fm,2003-09-10 to 2014-12-31 (eleven years),104,0.849032104123718,375.67241376229185,-64.16651250282897,0.259946949602122,377,0.23030821452241207,46.64060000000022
Fm,2003-09-10 to 2014-12-31 (eleven years),105,0.17322819970437067,12.100844130916911,-63.89060651866381,0.22025316455696203,395,0.015880893832042015,56.660300000000305
Fm,2003-09-10 to 2014-12-31 (eleven years),106,1.235032726935893,975.7158818378434,-31.87272999575098,0.2857142857142857,364,0.7329570340125178,100.17299999999999
Fm,2003-09-10 to 2014-12-31 (eleven years),107,0.9566070599644182,495.59390428327157,-37.10765889836557,0.2719546742209632,353,0.46032320404488086,103.25
Fm,2003-09-10 to 2014-12-31 (eleven years),108,0.7985287444925346,351.0423375622617,-52.84532520200052,0.25485436893203883,412,0.2694658625828663,28.990399999999752
Fm,2003-09-10 to 2014-12-31 (eleven years),109,0.5433544909620379,151.46915491717013,-62.13472981052881,0.2419753086419753,405,0.13665552227787345,86.01139999999994
Fm,2003-09-10 to 2014-12-31 (eleven years),110,0.5505598887164156,157.43280133518013,-40.81914520966736,0.24376731301939059,361,0.2135277099099191,101.1732000000005
Fm,2003-09-10 to 2014-12-31 (eleven years),111,0.6056465401728275,183.42593614610175,-44.53031478910088,0.24736842105263157,380,0.2165755924021655,9.971999999999994
Fm,2003-09-10 to 2014-12-31 (eleven years),112,1.0154493520158614,655.5370345806452,-50.99108717535235,0.2710997442455243,391,0.3837710493391997,52.52279999999996
Fm,2003-09-10 to 2014-12-31 (eleven years),113,0.411342059914537,85.93107390566158,-63.633039124685496,0.2359249329758713,373,0.08854269301765377,17.19399999999999
Fm,2003-09-10 to 2014-12-31 (eleven years),114,0.01257870713713545,-20.82210539655584,-58.03527785245066,0.2119815668202765,434,-0.03518962195648022,68.55760000000001
Fm,2003-09-10 to 2014-12-31 (eleven years),115,1.340774136404757,1403.0460572096433,-43.908896166042844,0.29048843187660667,389,0.6163378658245159,86.8387
Fm,2003-09-10 to 2014-12-31 (eleven years),116,0.1311353047712451,3.0362126707024166,-54.281839554656294,0.21671018276762402,383,0.004876221744127541,60.965800000000534
Fm,2003-09-10 to 2014-12-31 (eleven years),117,0.7168557409351551,267.30316816879963,-54.745242168911545,0.25392670157068065,382,0.22258020600809184,85.52519999999932
Fm,2003-09-10 to 2014-12-31 (eleven years),118,0.18514059503931135,15.590166136676482,-54.35768219698647,0.22137404580152673,393,0.02370695543087542,40.13370000000009
Fm,2003-09-10 to 2014-12-31 (eleven years),119,0.21431342035011106,23.234074926871525,-60.403475488871194,0.22408963585434175,357,0.030850827586931327,44.5175000000001
Fm,2003-09-10 to 2014-12-31 (eleven years),120,0.8138381074760065,363.86786007656735,-43.99332167254961,0.2591623036649215,382,0.3301284403754406,80.32420000000013
Fm,2003-09-10 to 2014-12-31 (eleven years),121,1.0022544376403575,564.1094641399781,-31.298380090742338,0.27450980392156865,357,0.5819362475732424,97.46100000000006
Fm,2003-09-10 to 2014-12-31 (eleven years),122,0.9391380796316585,493.7801261249775,-42.84401315960762,0.26666666666666666,390,0.3979543498866573,95.51400000000005
Fm,2003-09-10 to 2014-12-31 (eleven years),123,0.49332427569957665,126.19220508028863,-54.54638348238564,0.24040920716112532,391,0.13713221734267494,69.78729999999979
Fm,2003-09-10 to 2014-12-31 (eleven years),124,0.9496756253274937,517.1918079067101,-30.853783018402904,0.26535626535626533,407,0.5655928674951816,101.38
Fm,2003-09-10 to 2014-12-31 (eleven years),125,1.3027112953343567,1304.9766715477188,-45.017650625919984,0.28865979381443296,388,0.58437701681369,60.05670000000046
Fm,2003-09-10 to 2014-12-31 (eleven years),126,0.319951055486977,54.29727829365558,-48.046190019896684,0.22885572139303484,402,0.08132688775077901,69.84640000000005
Fm,2003-09-10 to 2014-12-31 (eleven years),127,0.9890156806653821,569.2589682811999,-48.536985807038434,0.26903553299492383,394,0.3769164113086801,74.98190000000004
Fm,2003-09-10 to 2014-12-31 (eleven years),128,1.4256268919424078,1745.8474307594752,-47.29078704527303,0.28941176470588237,425,0.6214916924932214,62.436100000000025
Fm,2003-09-10 to 2014-12-31 (eleven years),129,0.8364220063819908,384.53574299629514,-59.88182914001311,0.25888324873096447,394,0.24991723160503546,93.37759999999993
Fm,2003-09-10 to 2014-12-31 (eleven years),131,0.2482357497067495,32.36278996083192,-56.227873781514724,0.22564102564102564,390,0.04461946681894374,97.57599999999995
Fm,2003-09-10 to 2014-12-31 (eleven years),132,0.9924431151715052,583.0815025963986,-32.44476323986938,0.27154046997389036,383,0.5704558161014847,102.97000000000001
Fm,2003-09-10 to 2014-12-31 (eleven years),133,0.8829382310206256,449.4962997694371,-41.36102556348498,0.2630272952853598,403,0.3929042089428047,96.95400000000001
Fm,2003-09-10 to 2014-12-31 (eleven years),134,0.2518010964119663,33.416086265853316,-64.34254221903362,0.22332506203473945,403,0.040108609038722674,87.08199999999997
Fm,2003-09-10 to 2014-12-31 (eleven years),135,0.7694487435265595,310.74611491702444,-34.53366510050097,0.2579787234042553,376,0.3851036076671054,89.91460000000005
Fm,2003-09-10 to 2014-12-31 (eleven years),136,1.5562448553605093,2375.4968512794276,-35.74713708186618,0.3049095607235142,388,0.9173048062186114,99.55900000000001
Fm,2003-09-10 to 2014-12-31 (eleven years),137,1.2326988955873015,994.252372042685,-51.87365561094963,0.29190751445086704,346,0.4539442872602874,103.09
Fm,2003-09-10 to 2014-12-31 (eleven years),138,0.7114100208863162,267.74210309003547,-51.008505054108646,0.25120772946859904,414,0.23911794824769836,95.62500000000001
Fm,2003-09-10 to 2014-12-31 (eleven years),139,0.5342604258173768,143.29833467901895,-39.69247479405229,0.2430939226519337,362,0.2059533781921782,76.47969999999984
Fm,2003-09-10 to 2014-12-31 (eleven years),140,0.8897472346646946,425.53926446229957,-62.92717157336802,0.26455026455026454,378,0.2509859649657368,51.01949999999987
Fm,2003-09-10 to 2014-12-31 (eleven years),141,0.6581255480853525,222.85457989896895,-65.57166466883248,0.25,392,0.1664380337143908,26.589700000000203
Fm,2003-09-10 to 2014-12-31 (eleven years),143,0.7008808381305038,255.0299027302611,-49.37624004408777,0.25255102040816324,392,0.23996880037740634,28.03659999999971
Fm,2003-09-10 to 2014-12-31 (eleven years),144,0.6673232310127517,234.362340962871,-41.84445377749103,0.25,400,0.26903108970771217,103.84000000000002
Fm,2003-09-10 to 2014-12-31 (eleven years),145,0.8327371386094299,379.73157348541986,-60.841862882955844,0.25862068965517243,406,0.24431044462722726,6.255700000000331
Fm,2003-09-10 to 2014-12-31 (eleven years),146,0.9331137884666398,517.1212683489093,-35.73686066435996,0.26535626535626533,407,0.48827717039116353,78.29559999999917
Fm,2003-09-10 to 2014-12-31 (eleven years),147,0.6495905159127172,210.07142684774158,-51.9699453237046,0.24545454545454545,440,0.20239234336559406,102.33
Fm,2003-09-10 to 2014-12-31 (eleven years),148,1.0096242307824042,559.890059868547,-46.26344946403302,0.272,375,0.3922554717088034,98.98399999999998
Fm,2003-09-10 to 2014-12-31 (eleven years),149,0.6807453132696104,242.9504397190362,-37.210225031904734,0.25063291139240507,395,0.3092457033956469,99.91299999999998
Fm,2003-09-10 to 2014-12-31 (eleven years),150,1.019239400706756,671.8830569551413,-50.81383734278162,0.2713936430317848,409,0.38956516161139326,89.00999999999995
Fm,2003-09-10 to 2014-12-31 (eleven years),151,0.2731572777268598,39.34725585731436,-75.20347591490741,0.22580645161290322,403,0.039569714174828775,70.92629999999969
Fm,2003-09-10 to 2014-12-31 (eleven years),152,-0.0856357174482848,-35.64519259281216,-72.76759583000923,0.20657276995305165,426,-0.05250182483252644,31.612300000000346
Fm,2003-09-10 to 2014-12-31 (eleven years),153,0.6711915096083069,237.37889454883035,-36.78266748648817,0.24939467312348668,413,0.3084551950026551,93.44800000000004
Fm,2003-09-10 to 2014-12-31 (eleven years),154,0.67877296234153,242.0941292555379,-61.97173343682687,0.2519480519480519,385,0.18528556954785805,29.06120000000006
Fm,2003-09-10 to 2014-12-31 (eleven years),155,0.6175890757105797,200.86326460549304,-43.62765609864022,0.24691358024691357,405,0.23435264182358495,83.31800000000005
Fm,2003-09-10 to 2014-12-31 (eleven years),156,1.4565802068188665,1789.9337136620184,-43.10363987205699,0.3002610966057441,383,0.6881326682431486,100.48
Fm,2003-09-10 to 2014-12-31 (eleven years),157,0.7111797089050756,240.20132197974067,-42.32156850875358,0.25846153846153846,325,0.27002344410492624,88.2277
Fm,2003-09-10 to 2014-12-31 (eleven years),158,0.9517219221665116,531.4427000961224,-42.24987224881416,0.26854219948849106,391,0.41864901171447544,101.354
Fm,2003-09-10 to 2014-12-31 (eleven years),159,1.1687134640355175,881.7209414060125,-32.92228753218669,0.2780612244897959,392,0.6794334328208512,103.69999999999999
Fm,2003-09-10 to 2014-12-31 (eleven years),160,0.6191530494681787,204.03197336835746,-60.43613002261017,0.24361948955916474,431,0.1708640817110262,64.81769999999975
Fm,2003-09-10 to 2014-12-31 (eleven years),162,0.7090997271526424,269.3418313616055,-41.52820927790234,0.25336927223719674,371,0.29474178454530964,68.31999999999996
Fm,2003-09-10 to 2014-12-31 (eleven years),163,0.7745959848156037,318.52198371005807,-36.52336647477013,0.2570694087403599,389,0.3692699528006298,102.58999999999999
Fm,2003-09-10 to 2014-12-31 (eleven years),164,0.5539065777242536,163.50656800283994,-37.960671876651396,0.24371859296482412,398,0.23551495241447584,79.92040000000038
Fm,2003-09-10 to 2014-12-31 (eleven years),166,0.24684672688365258,31.955299623837064,-55.55956729438323,0.22538860103626943,386,0.04465348092775259,58.611700000000134
Fm,2003-09-10 to 2014-12-31 (eleven years),167,0.5549944662985149,164.5923789068841,-57.07841538846229,0.24047619047619048,420,0.15732574860478285,62.005399999999995
Fm,2003-09-10 to 2014-12-31 (eleven years),168,0.8864914085224616,441.64367211167485,-50.88290942065511,0.26342710997442453,391,0.31647432539699666,98.59
Fm,2003-09-10 to 2014-12-31 (eleven years),169,0.114380487675477,-1.1440005093088894,-68.29514545784822,0.2175925925925926,432,-0.0014881766748804561,49.51689999999975
Fm,2003-09-10 to 2014-12-31 (eleven years),170,0.3401372448201953,62.78621627618142,-55.67536003571969,0.2285012285012285,407,0.07903728446401993,104.08029999999992
Fm,2003-09-10 to 2014-12-31 (eleven years),171,1.1967989548772047,968.5737682082599,-38.69687836007489,0.2845528455284553,369,0.6018246748232438,100.66999999999999
Fm,2003-09-10 to 2014-12-31 (eleven years),172,0.34615825701575376,63.55019701274309,-55.24563187015461,0.23115577889447236,398,0.08043421632202526,9.109899999999868
Fm,2003-09-10 to 2014-12-31 (eleven years),173,0.9994684070715505,593.2573640520748,-42.62283272355224,0.2695214105793451,397,0.43787042767319295,72.35239999999955
Fm,2003-09-10 to 2014-12-31 (eleven years),174,0.8429050767319147,391.25403169660854,-49.13443633367843,0.25853658536585367,410,0.3074319668933695,101.17000000000004
Fm,2003-09-10 to 2014-12-31 (eleven years),175,1.2071815084024287,905.8490722903103,-31.010033102481295,0.27989821882951654,393,0.7298078895666977,103.21570000000008
Fm,2003-09-10 to 2014-12-31 (eleven years),176,0.988131966400835,562.5813359333368,-33.302765424890744,0.27034120734908135,381,0.5461887802977211,100.29899999999996
Fm,2003-09-10 to 2014-12-31 (eleven years),177,0.8287413129255895,363.70743048905257,-45.92498450652842,0.26052631578947366,380,0.31616658767174655,79.14519999999973
Fm,2003-09-10 to 2014-12-31 (eleven years),178,0.8539351274987487,403.42864159092767,-39.625584839001995,0.2607594936708861,395,0.3874971548210296,100.27
Fm,2003-09-10 to 2014-12-31 (eleven years),179,0.7602137493247912,301.4857302130438,-56.08309153942206,0.2544529262086514,393,0.23306377262027006,63.88080000000001
Fm,2003-09-10 to 2014-12-31 (eleven years),180,0.5226791579572311,140.55509503058747,-52.074051290320256,0.2398989898989899,396,0.1549033987619103,80.1039999999999
Fm,2003-09-10 to 2014-12-31 (eleven years),181,0.21643868684841286,23.636327347157142,-65.95368659474016,0.22250639386189258,391,0.02869951502135737,92.96830000000001
Fm,2003-09-10 to 2014-12-31 (eleven years),182,0.6264292146481863,201.56775394653238,-41.1749027510963,0.2475,400,0.24886621383213473,93.86899999999991
Fm,2003-09-10 to 2014-12-31 (eleven years),183,1.0853467241913763,727.9038794223321,-61.482446195466444,0.27648578811369506,387,0.33406911242821724,91.17640000000031
Fm,2003-09-10 to 2014-12-31 (eleven years),184,0.908385483055678,472.6783454595065,-39.18794439526493,0.26525198938992045,377,0.42554517847176165,101.70000000000002
Fm,2003-09-10 to 2014-12-31 (eleven years),185,1.0092298199863532,601.0804547659637,-38.709240186964756,0.2668269230769231,416,0.4851817461614114,104.96
Fm,2003-09-10 to 2014-12-31 (eleven years),186,0.4336744656069322,98.86845113565455,-52.161346671754714,0.2358974358974359,390,0.12009086745713025,34.398700000000076
Fm,2003-09-10 to 2014-12-31 (eleven years),187,1.1012097351098082,702.6410261872564,-36.522634851920856,0.27932960893854747,358,0.5533474536998797,103.25999999999999
Fm,2003-09-10 to 2014-12-31 (eleven years),188,0.5933951140115489,184.55877587766582,-52.55610855833055,0.24611398963730569,386,0.1842381420585146,88.36239999999995
Fm,2003-09-10 to 2014-12-31 (eleven years),189,0.8171068360183994,340.2054052744784,-31.20263115050048,0.26170798898071623,363,0.4485114034054426,76.22929999999988
Fm,2003-09-10 to 2014-12-31 (eleven years),190,0.32484843003997727,56.37656731833005,-57.925529177475724,0.22911694510739858,419,0.06957974736935095,45.937300000000306
Fm,2003-09-10 to 2014-12-31 (eleven years),191,0.5239901703945028,138.0620863697302,-58.16148060234332,0.23969072164948454,388,0.1369806581983514,97.62799999999996
Fm,2003-09-10 to 2014-12-31 (eleven years),192,0.6219690024562433,207.84824358488936,-61.47183499332196,0.2469437652811736,409,0.1699649612652547,30.674299999999747
Fm,2003-09-10 to 2014-12-31 (eleven years),193,0.4966891576788998,133.2186148594191,-63.08295422858199,0.2400990099009901,404,0.12318764282437925,31.544799999999896
Fm,2003-09-10 to 2014-12-31 (eleven years),194,1.2084429979282951,1024.193043842882,-45.87639141839105,0.2804878048780488,410,0.5197193152746566,95.01099999999997
Fm,2003-09-10 to 2014-12-31 (eleven years),196,0.7450261010639602,304.35355749318285,-49.39319587832205,0.254278728606357,409,0.26607076807155833,101.46000000000005
Fm,2003-09-10 to 2014-12-31 (eleven years),197,0.6959248775456897,245.46710974965498,-46.04951502693873,0.2541436464088398,362,0.25145060520919754,100.7
Fm,2003-09-10 to 2014-12-31 (eleven years),198,0.8537057572145864,409.0790281164452,-44.17733227693863,0.2638522427440633,379,0.3501489060612143,90.11530000000022
Fm,2003-09-10 to 2014-12-31 (eleven years),199,0.5528753462572069,156.6263008871107,-42.59247387935318,0.24316939890710382,366,0.20392980267698008,103.69999999999997
Fm,2003-09-10 to 2014-12-31 (eleven years),200,0.6887409324371765,240.59739752835173,-38.736078649406814,0.2520107238605898,373,0.29531318409382673,97.564
C00,2003-09-10 to 2014-12-31 (eleven years),1,-0.5917300227757141,-95.239181141946,-97.17491638382558,0.1875,1136,-0.24278289720591506,19.317899999999796
C00,2003-09-10 to 2014-12-31 (eleven years),2,-0.2729294646522785,-82.56290027050277,-91.5407714781853,0.19946332737030412,1118,-0.15625248685698392,95.0854000000001
C00,2003-09-10 to 2014-12-31 (eleven years),3,0.017162481081327043,-50.82817036889844,-80.66705894001744,0.20969162995594715,1135,-0.07538088951461251,101.39999999999999
C00,2003-09-10 to 2014-12-31 (eleven years),5,0.42145157092368174,125.0777247205943,-74.00452238370818,0.22462406015037595,1064,0.10044195562940339,101.36700000000005
C00,2003-09-10 to 2014-12-31 (eleven years),7,-0.438762744720297,-90.92431011593554,-96.63558775131774,0.19430051813471502,1158,-0.1977437130869655,64.51690000000016
C00,2003-09-10 to 2014-12-31 (eleven years),8,0.34249716333647645,68.42835698253766,-80.14207256598948,0.2214828897338403,1052,0.05883652021414961,104.639
C00,2003-09-10 to 2014-12-31 (eleven years),9,-0.02699247951796319,-55.16247607713358,-86.13093265057056,0.2080979284369115,1062,-0.07945532078755321,42.97880000000024
C00,2003-09-10 to 2014-12-31 (eleven years),10,0.23164966453303287,11.803654992604125,-91.02444549201212,0.21785714285714286,1120,0.010886568450577993,80.7732
C00,2003-09-10 to 2014-12-31 (eleven years),11,-0.6917683476455923,-96.38095223437755,-96.41801351263724,0.18528368794326242,1128,-0.26366244035905545,17.376400000000274
C00,2003-09-10 to 2014-12-31 (eleven years),12,-0.5052617211674701,-92.66048961853866,-94.77562513197456,0.19234116623150566,1149,-0.2174909935032076,66.04240000000038
C00,2003-09-10 to 2014-12-31 (eleven years),13,-0.0329564934439875,-58.700750932502835,-92.08954406370584,0.20818815331010454,1148,-0.08163647903588542,52.73290000000007
C00,2003-09-10 to 2014-12-31 (eleven years),14,0.11135151898522931,-30.397637532761003,-93.37901639643013,0.212784588441331,1142,-0.033752974733663184,101.93900000000001
C00,2003-09-10 to 2014-12-31 (eleven years),15,0.12119051977980973,-26.60570082554615,-85.77400604965216,0.21328671328671328,1144,-0.03143966575077053,23.294599999999548
C00,2003-09-10 to 2014-12-31 (eleven years),16,0.48168647637812656,180.48912432484485,-85.15536900410261,0.22722722722722724,999,0.11206920737031667,88.41599999999983
C00,2003-09-10 to 2014-12-31 (eleven years),17,0.18373601869560066,-5.7313751804396,-87.5393535121851,0.21609798775153105,1143,-0.005943188459504035,91.67630000000014
C00,2003-09-10 to 2014-12-31 (eleven years),18,-0.08932513623357019,-65.46002829516489,-80.71992239368673,0.2056672760511883,1094,-0.11109017531817934,59.26939999999993
C00,2003-09-10 to 2014-12-31 (eleven years),19,0.07195011038962976,-36.742029844039926,-90.12465016259202,0.2119205298013245,1057,-0.04401062528316209,97.61900000000001
C00,2003-09-10 to 2014-12-31 (eleven years),20,0.4158970542478393,120.73356905355202,-73.78512739891896,0.22382671480144403,1108,0.09823487048941057,34.48250000000006
C00,2003-09-10 to 2014-12-31 (eleven years),21,0.2146271467514613,1.6660232005244326,-85.5341064548285,0.2163336229365769,1151,0.0017084757048986456,80.41029999999962
C00,2003-09-10 to 2014-12-31 (eleven years),22,-0.1905457084359063,-77.54186085901233,-92.25623313911441,0.20194862710363154,1129,-0.13403260498236458,48.03479999999982
C00,2003-09-10 to 2014-12-31 (eleven years),23,-0.7641826059755207,-97.46733050192809,-98.83013300290173,0.18229623137598597,1141,-0.2806601462462254,72.89419999999998
C00,2003-09-10 to 2014-12-31 (eleven years),24,0.1273589017013446,-22.637160153790838,-84.77893287082414,0.21421800947867298,1055,-0.026454702202985726,91.15639999999998
C00,2003-09-10 to 2014-12-31 (eleven years),25,-0.17440530519300815,-74.30692915509971,-95.78880383810129,0.20331588132635253,1146,-0.11814425199312194,87.63489999999969
C00,2003-09-10 to 2014-12-31 (eleven years),26,-0.23036974012018255,-80.34083723814938,-96.45326956189453,0.2007233273056058,1106,-0.13882608938291188,42.83230000000012
C00,2003-09-10 to 2014-12-31 (eleven years),27,-0.34900730767473076,-86.75222309685523,-94.64781156355218,0.19810508182601205,1161,-0.17284527992068685,74.92119999999979
C00,2003-09-10 to 2014-12-31 (eleven years),28,0.0036575072154334176,-51.99337378165784,-89.08630148438156,0.20898258478460127,1091,-0.0704889742538425,101.86999999999999
C00,2003-09-10 to 2014-12-31 (eleven years),30,0.6920418227714675,521.6495128699274,-84.91650250247551,0.23452157598499063,1066,0.20638396257806202,100.35000000000001
C00,2003-09-10 to 2014-12-31 (eleven years),31,-0.6146888923467907,-95.29899017197673,-96.92089773057577,0.1872791519434629,1132,-0.24429953612862507,47.70179999999975
C00,2003-09-10 to 2014-12-31 (eleven years),32,0.24607839367387394,18.57006911049534,-72.66204144404401,0.21787709497206703,1074,0.020874173251365386,90.10120000000008
C00,2003-09-10 to 2014-12-31 (eleven years),33,0.1369923878896262,-21.931498805996707,-79.47036305373298,0.2144097222222222,1152,-0.02723432713694668,101.24999999999999
C00,2003-09-10 to 2014-12-31 (eleven years),34,-0.50776010741394,-92.19063682467656,-95.71583515505544,0.19121683440073192,1093,-0.21079368545230062,69.08469999999978
C00,2003-09-10 to 2014-12-31 (eleven years),36,-0.030841571474220765,-58.10664383231185,-88.96660398946683,0.20804195804195805,1144,-0.08318911289139393,51.96919999999964
C00,2003-09-10 to 2014-12-31 (eleven years),37,-0.4208621666907588,-89.45121363224382,-93.96648863830427,0.19486271036315322,1129,-0.19184091059131456,68.24679999999972
C00,2003-09-10 to 2014-12-31 (eleven years),38,-0.41355335770056884,-89.20254362206262,-96.01291188839093,0.1968174204355109,1194,-0.18599211800968796,18.57630000000016
C00,2003-09-10 to 2014-12-31 (eleven years),39,-0.21486098797657285,-78.11258405058248,-88.13168322324401,0.20161290322580644,1116,-0.142564862258611,10.58390000000017
C00,2003-09-10 to 2014-12-31 (eleven years),40,0.3659370751924031,82.64998496989809,-93.84053705971382,0.22192513368983957,1122,0.05827071199987766,24.285900000000026
C00,2003-09-10 to 2014-12-31 (eleven years),41,0.31601950729969736,51.216392752587595,-77.80714010805802,0.2204724409448819,1143,0.04784131392174689,57.65009999999985
C00,2003-09-10 to 2014-12-31 (eleven years),42,-0.032867609840584434,-58.93801627878429,-83.46447646523946,0.2075829383886256,1055,-0.0906367122063572,72.86550000000022
C00,2003-09-10 to 2014-12-31 (eleven years),43,-0.4623103246815584,-90.7039700752596,-96.22694447156348,0.1928374655647383,1089,-0.19679943946500675,61.113499999999746
C00,2003-09-10 to 2014-12-31 (eleven years),44,0.42232124819554745,125.46212982957685,-58.22229649974143,0.22405876951331496,1089,0.12794689611792465,102.65700000000001
C00,2003-09-10 to 2014-12-31 (eleven years),45,0.1404580393021505,-19.84461221536368,-89.36186329326101,0.21394910461828465,1061,-0.02166424678952976,102.80999999999999
C00,2003-09-10 to 2014-12-31 (eleven years),46,-0.19087194938866964,-76.5074365072702,-90.78470719123486,0.20247568523430592,1131,-0.1323558462694267,101.89000000000001
C00,2003-09-10 to 2014-12-31 (eleven years),47,-0.06620898467018363,-62.88835119494224,-83.73436473307648,0.20677035681610248,1093,-0.10016906006155137,83.90819999999991
C00,2003-09-10 to 2014-12-31 (eleven years),48,0.4264907649997721,129.20872705780087,-69.7629405318234,0.22466539196940727,1046,0.1090260879359305,104.11
C00,2003-09-10 to 2014-12-31 (eleven years),49,0.27587958440693927,31.231559545747086,-87.65600364509953,0.21872103799814643,1079,0.027734871787144896,99.97
C00,2003-09-10 to 2014-12-31 (eleven years),50,0.08823720605202769,-34.34738453899322,-90.06124155158008,0.21198568872987478,1118,-0.04053430484375584,86.73090000000029
C01,2003-09-10 to 2014-12-31 (eleven years),1,-0.5817109833889319,-96.23413810146272,-98.73309231769979,0.18937644341801385,1299,-0.2548208359811608,19.697899999999805
C01,2003-09-10 to 2014-12-31 (eleven years),2,-1.1034384666715018,-99.43228134900042,-99.52308735871172,0.17492492492492492,1332,-0.368595062532786,94.78540000000011
C01,2003-09-10 to 2014-12-31 (eleven years),3,-0.13338358711470816,-76.56144373040532,-95.55374531012355,0.20471841704718416,1314,-0.12593730777577233,100.05999999999999
C01,2003-09-10 to 2014-12-31 (eleven years),5,-0.28792403379950793,-87.0156372111144,-96.73812133127045,0.19954303122619954,1313,-0.1706437510963095,100.79100000000004
C01,2003-09-10 to 2014-12-31 (eleven years),7,-0.685165359776172,-97.4097603071082,-98.63608277706344,0.1861003861003861,1295,-0.2797555668735886,65.52690000000017
C01,2003-09-10 to 2014-12-31 (eleven years),8,-0.33437133033114264,-89.39498808379025,-96.57879939704223,0.198334595003785,1321,-0.18625305106376056,102.71899999999998
C01,2003-09-10 to 2014-12-31 (eleven years),9,-0.6534108740842245,-97.17144740732692,-98.97772063652229,0.18677940046118371,1301,-0.273077455028128,45.403900000000206
C01,2003-09-10 to 2014-12-31 (eleven years),10,-0.6216956258244543,-96.66338364271182,-97.88036514964902,0.1889055472263868,1334,-0.26517512246718666,77.89320000000001
C01,2003-09-10 to 2014-12-31 (eleven years),11,-0.8531976845023097,-98.65647366875162,-99.00755209589762,0.18112049117421336,1303,-0.31992665120384245,17.791500000000312
C01,2003-09-10 to 2014-12-31 (eleven years),12,-0.6806326348849496,-97.15332179262109,-97.76120993399356,0.18671875,1280,-0.2760540527807034,66.55240000000038
C01,2003-09-10 to 2014-12-31 (eleven years),13,-0.9709235312281578,-99.03949935261326,-99.42815477932766,0.17843583902809415,1317,-0.3386553118285918,50.56290000000007
C01,2003-09-10 to 2014-12-31 (eleven years),14,-0.35410716676129234,-89.4710320324797,-97.0705823687443,0.19802731411229135,1318,-0.18584661506874273,102.13899999999998
C01,2003-09-10 to 2014-12-31 (eleven years),15,-0.8783468990572745,-98.5503619695197,-99.24286072544515,0.18111455108359134,1292,-0.31452734823779954,25.984599999999546
C01,2003-09-10 to 2014-12-31 (eleven years),16,-0.7200264627872349,-97.73758532593234,-98.63798525711121,0.18521341463414634,1312,-0.28847654145981466,84.00599999999983
C01,2003-09-10 to 2014-12-31 (eleven years),17,-0.577978228789502,-95.93707837157841,-97.49805769427952,0.19011406844106463,1315,-0.25288062099226943,92.27630000000013
C01,2003-09-10 to 2014-12-31 (eleven years),18,-0.6449594466003822,-96.93801185589669,-98.75588535686168,0.18811136192626035,1329,-0.26849420458509415,59.21939999999992
C01,2003-09-10 to 2014-12-31 (eleven years),19,-0.17256973198171743,-79.33154253450034,-92.49707044681317,0.2033898305084746,1298,-0.14061162368194507,98.71900000000002
C01,2003-09-10 to 2014-12-31 (eleven years),20,-0.5530402254334629,-95.90804689474298,-98.51454325295605,0.19122023809523808,1344,-0.24978995667825718,34.66750000000005
C01,2003-09-10 to 2014-12-31 (eleven years),21,-0.6327316673797517,-96.82004748930983,-98.60829038344161,0.18788343558282208,1304,-0.2664022656036262,80.67029999999961
C01,2003-09-10 to 2014-12-31 (eleven years),22,-0.576137703371743,-95.86560444356907,-98.2938827549672,0.1900383141762452,1305,-0.2496509225170948,48.284799999999805
C01,2003-09-10 to 2014-12-31 (eleven years),23,-1.0116807581056455,-99.31304367263867,-99.78355667861723,0.17565485362095531,1298,-0.3568511867562619,71.75419999999997
C01,2003-09-10 to 2014-12-31 (eleven years),24,-0.3085770956492668,-88.42978344618426,-98.24921211245898,0.1989247311827957,1302,-0.17663553238298763,89.33569999999996
C01,2003-09-10 to 2014-12-31 (eleven years),25,-0.9807915552624453,-99.19983109879546,-99.66320980357544,0.17709118311981914,1327,-0.34851229504075626,88.27529999999966
C01,2003-09-10 to 2014-12-31 (eleven years),26,-0.8146038051549044,-98.36369286169032,-98.78546475983319,0.18305597579425115,1322,-0.30848960547494153,42.83230000000012
C01,2003-09-10 to 2014-12-31 (eleven years),27,-0.888665176746964,-98.82154430806803,-99.56275794291753,0.1794276875483372,1293,-0.32604738949302214,72.92919999999978
C01,2003-09-10 to 2014-12-31 (eleven years),28,-0.35842530160304625,-90.02261108081954,-98.25851119874218,0.19731649565903708,1267,-0.18755702548265107,104.86999999999998
C01,2003-09-10 to 2014-12-31 (eleven years),30,-1.2828507362213255,-99.75229637401928,-99.80290071771138,0.16830188679245284,1325,-0.41240063176499564,98.71659999999989
C01,2003-09-10 to 2014-12-31 (eleven years),31,-0.965570800790454,-99.05637358199947,-99.34915541465948,0.17791411042944785,1304,-0.3399695744265666,48.019299999999745
C01,2003-09-10 to 2014-12-31 (eleven years),32,-0.822082813982635,-98.3962775990854,-98.94688734802195,0.18181818181818182,1287,-0.30923432051028876,90.25120000000008
C01,2003-09-10 to 2014-12-31 (eleven years),33,-0.41290643486715894,-92.66752568159173,-95.81355676652309,0.19523443504996157,1301,-0.2152051806475736,101.58999999999999
C01,2003-09-10 to 2014-12-31 (eleven years),34,-0.12682482657511152,-75.86251032499074,-95.13849412315622,0.2043343653250774,1292,-0.12408276118833077,68.23469999999979
C01,2003-09-10 to 2014-12-31 (eleven years),36,-0.4266809912123551,-93.09407408039581,-94.49892824670212,0.1947565543071161,1335,-0.22263660864057058,51.45919999999964
C01,2003-09-10 to 2014-12-31 (eleven years),37,-0.4274273196856638,-92.68165348214175,-96.21526549963679,0.19480519480519481,1309,-0.21444728722355835,67.81679999999973
C01,2003-09-10 to 2014-12-31 (eleven years),38,-0.5510397371892048,-95.41835886910344,-98.59538814336094,0.19127773527161437,1307,-0.24190807084556867,19.205300000000165
C01,2003-09-10 to 2014-12-31 (eleven years),39,-0.6677663402504668,-97.50764812467966,-98.05413471712838,0.18651685393258427,1335,-0.283925709387153,11.323900000000165
C01,2003-09-10 to 2014-12-31 (eleven years),40,0.13199262569246814,-31.577610238595188,-75.78977720606385,0.213089802130898,1314,-0.0435158699530569,24.620600000000024
C01,2003-09-10 to 2014-12-31 (eleven years),41,-0.4689099612989903,-94.4729101159357,-95.83544753770293,0.1930879038317055,1331,-0.23559073056292007,60.98009999999986
C01,2003-09-10 to 2014-12-31 (eleven years),42,-0.5954734750716025,-96.38300855332135,-97.59172776849206,0.1893939393939394,1320,-0.26052981415857224,72.41550000000022
C01,2003-09-10 to 2014-12-31 (eleven years),43,-0.9069717698792682,-98.83081184827864,-98.97417693708437,0.17995444191343962,1317,-0.32846230415766403,62.70349999999975
C01,2003-09-10 to 2014-12-31 (eleven years),44,-0.5195910907159916,-94.51184577413639,-97.62418304930016,0.19259818731117825,1324,-0.2317694154964581,102.68
C01,2003-09-10 to 2014-12-31 (eleven years),45,-0.5223631199416234,-94.80958730782986,-96.24972612045978,0.19162141194724594,1289,-0.23903218964371714,105.00799999999998
C01,2003-09-10 to 2014-12-31 (eleven years),46,-0.765623407304419,-97.960491224883,-99.63546414926518,0.1848159509202454,1304,-0.2921408947746264,103.63700000000001
C01,2003-09-10 to 2014-12-31 (eleven years),47,-0.7343818855478804,-97.92837344371726,-98.6728921154016,0.18518518518518517,1323,-0.2939979700820838,83.34769999999995
C01,2003-09-10 to 2014-12-31 (eleven years),48,-0.7766842678016807,-98.20301818916516,-98.7942367845068,0.1836734693877551,1323,-0.30261243008867633,107.50999999999998
C01,2003-09-10 to 2014-12-31 (eleven years),49,-0.39590507305597744,-92.20097386897496,-96.58854938010629,0.19625468164794008,1335,-0.20898582131125845,98.98000000000002
C01,2003-09-10 to 2014-12-31 (eleven years),50,-0.61601869275478,-96.8357708469693,-98.51361320185414,0.18843843843843844,1332,-0.26698608608082064,85.06090000000027
C02,2003-09-10 to 2014-12-31 (eleven years),1,-0.4652343999556807,-85.33354835466565,-92.00373372201567,0.18834688346883469,738,-0.16960214554184558,21.737899999999797
C02,2003-09-10 to 2014-12-31 (eleven years),2,-0.26775465887393785,-73.84262460306788,-84.81192497898911,0.19796954314720813,788,-0.13177881489085913,95.36540000000011
C02,2003-09-10 to 2014-12-31 (eleven years),3,0.3760447260217842,89.47306424393715,-74.69501510228159,0.225130890052356,764,0.07779047072103654,101.52
C02,2003-09-10 to 2014-12-31 (eleven years),5,0.17590667902799734,2.4096563691415573,-76.88084076138946,0.2167352537722908,729,0.002740035074469633,101.15700000000004
C02,2003-09-10 to 2014-12-31 (eleven years),7,0.12304180615561978,-12.802753348211082,-85.98249866914833,0.21476510067114093,745,-0.013996476239367771,65.06690000000016
C02,2003-09-10 to 2014-12-31 (eleven years),8,0.2215235561658419,19.025081701838552,-78.0186335750837,0.2187938288920056,713,0.01988152382339283,103.589
C02,2003-09-10 to 2014-12-31 (eleven years),9,-0.3712905601563402,-80.04089826494857,-84.62439996627283,0.19262295081967212,732,-0.15686081210388308,42.97880000000025
C02,2003-09-10 to 2014-12-31 (eleven years),10,-0.09210003721248179,-54.1302769212469,-80.01955261533156,0.206266318537859,766,-0.08317955940920245,81.7937
C02,2003-09-10 to 2014-12-31 (eleven years),11,-0.4327759476841316,-83.35425785105909,-89.81515788097136,0.1926489226869455,789,-0.16316305957931415,17.876400000000274
C02,2003-09-10 to 2014-12-31 (eleven years),12,-0.5809695875652494,-89.33037051508043,-93.2092289083167,0.18479685452162517,763,-0.19251371764493322,65.77240000000039
C02,2003-09-10 to 2014-12-31 (eleven years),13,-0.1649094897186528,-62.44347074284051,-84.23878181186292,0.20286085825747724,769,-0.09842332719651742,49.62290000000007
C02,2003-09-10 to 2014-12-31 (eleven years),14,0.1035153363839806,-17.88463553415956,-80.24887599042894,0.21331521739130435,736,-0.02151262320427294,102.20899999999997
C02,2003-09-10 to 2014-12-31 (eleven years),15,0.1051786794986641,-18.290657083366863,-72.69798344765877,0.21335078534031413,764,-0.02433912246680384,28.35459999999955
C02,2003-09-10 to 2014-12-31 (eleven years),16,-0.3058674154790861,-77.0060899703688,-92.91652579455622,0.19553805774278216,762,-0.13111290419259564,88.81599999999983
C02,2003-09-10 to 2014-12-31 (eleven years),17,0.05874325088530757,-28.456825497329707,-74.3303205109997,0.212,750,-0.03923207142162819,94.08630000000012
C02,2003-09-10 to 2014-12-31 (eleven years),18,0.3894996967672444,98.26590383545677,-68.31289285187798,0.22615803814713897,734,0.09128009361738118,60.50939999999992
C02,2003-09-10 to 2014-12-31 (eleven years),19,-0.026191101430700407,-45.86532936007299,-83.34880216785605,0.208,750,-0.06333912990247817,98.18900000000001
C02,2003-09-10 to 2014-12-31 (eleven years),20,0.28836229705512356,44.63126577979467,-79.19216830865959,0.22178477690288714,762,0.04186088275523407,34.53500000000005
C02,2003-09-10 to 2014-12-31 (eleven years),21,-0.4000912785474492,-82.58471467321787,-92.5371604628948,0.19117647058823528,748,-0.15467249522509316,80.74029999999962
C02,2003-09-10 to 2014-12-31 (eleven years),22,-0.25524672264439807,-74.1071401772396,-88.60516058376491,0.1974025974025974,770,-0.1270373677488211,49.624799999999816
C02,2003-09-10 to 2014-12-31 (eleven years),23,-0.1200494144701409,-60.32077786270703,-86.43243497226358,0.2033678756476684,772,-0.0907571199976062,71.75419999999997
C02,2003-09-10 to 2014-12-31 (eleven years),24,-0.37383288301423506,-80.80472531754526,-92.47114132809668,0.19363395225464192,754,-0.1467789742410279,91.26639999999998
C02,2003-09-10 to 2014-12-31 (eleven years),25,-0.5564688704608063,-88.74908910074122,-94.74253978237373,0.18562091503267975,765,-0.18532809106787934,87.63489999999969
C02,2003-09-10 to 2014-12-31 (eleven years),26,-0.43889230373479726,-84.38510743805054,-94.3651539252227,0.1903485254691689,746,-0.16039132800041722,43.873300000000114
C02,2003-09-10 to 2014-12-31 (eleven years),27,-0.5786143527019059,-89.27600974107243,-94.19574446436717,0.18523316062176165,772,-0.19010617683523298,74.59919999999978
C02,2003-09-10 to 2014-12-31 (eleven years),28,-0.2953783210944995,-75.44490192060562,-93.6908334229666,0.19661458333333334,768,-0.12457189846023248,104.46
C02,2003-09-10 to 2014-12-31 (eleven years),30,0.39250457416688334,99.79555678394605,-63.974489034236036,0.2258485639686684,766,0.0985985260155002,99.32000000000001
C02,2003-09-10 to 2014-12-31 (eleven years),31,-0.11073485109917351,-56.43928699914704,-84.65287692344597,0.20408163265306123,735,-0.08364872428578378,48.16929999999974
C02,2003-09-10 to 2014-12-31 (eleven years),32,0.3201946567121129,59.566580890501854,-65.86449294049308,0.22281167108753316,754,0.06401438691869074,90.19120000000008
C02,2003-09-10 to 2014-12-31 (eleven years),33,0.24445704699462484,26.1648203173236,-69.87924250728142,0.21944809461235218,761,0.02969847624610636,100.85
C02,2003-09-10 to 2014-12-31 (eleven years),34,-0.2204651523937208,-68.70832832193649,-75.29878336064859,0.19973544973544974,756,-0.12959473748853062,68.87469999999979
C02,2003-09-10 to 2014-12-31 (eleven years),36,-0.13828932414901002,-61.114362305453575,-88.64246590596431,0.20310478654592498,773,-0.09034894340639137,49.02919999999963
C02,2003-09-10 to 2014-12-31 (eleven years),37,0.0029990113905084756,-40.71220719595695,-77.1326078905605,0.20887728459530025,766,-0.05853545231264501,68.12679999999973
C02,2003-09-10 to 2014-12-31 (eleven years),38,0.025604482922358295,-35.10659369293913,-75.63742374992599,0.20990873533246415,767,-0.04957284293695958,19.38530000000017
C02,2003-09-10 to 2014-12-31 (eleven years),39,-0.19666300063024286,-67.62010522421515,-93.91460710390209,0.20102432778489115,781,-0.10099888496025211,14.453900000000177
C02,2003-09-10 to 2014-12-31 (eleven years),40,0.001920302702693865,-38.732564079113004,-85.87316462974943,0.2093628088426528,769,-0.04934508205064031,24.74260000000004
C02,2003-09-10 to 2014-12-31 (eleven years),41,0.07567381996231567,-24.336837914381526,-67.67178956824722,0.21328224776500637,783,-0.035975732712768764,63.71009999999987
C02,2003-09-10 to 2014-12-31 (eleven years),42,-0.28878148631115114,-74.94377747000661,-91.3773557566558,0.196870925684485,767,-0.12599834759324138,72.40550000000022
C02,2003-09-10 to 2014-12-31 (eleven years),43,-0.15460036906132305,-63.84948643106733,-89.12011302412738,0.20233463035019456,771,-0.09649669639688643,62.723499999999746
C02,2003-09-10 to 2014-12-31 (eleven years),44,0.38106738218091757,91.36076229555918,-69.5631764510211,0.22598870056497175,708,0.08486251125591837,103.06
C02,2003-09-10 to 2014-12-31 (eleven years),45,-0.3624999306926396,-81.2611529883814,-91.71467892546026,0.19225634178905207,749,-0.14999170528876593,104.78799999999998
C02,2003-09-10 to 2014-12-31 (eleven years),46,0.0027816350167439124,-40.410141382840266,-92.00159149656207,0.20903225806451614,775,-0.048608908873675416,101.89000000000001
C02,2003-09-10 to 2014-12-31 (eleven years),47,-0.11889624534966538,-58.31595776247579,-86.42989233488348,0.2046936114732725,767,-0.08610487229470698,83.90819999999991
C02,2003-09-10 to 2014-12-31 (eleven years),48,0.527593094472332,201.54194921474416,-56.02991930014556,0.2321187584345479,741,0.18287030430133916,106.64999999999999
C02,2003-09-10 to 2014-12-31 (eleven years),49,0.25888811680485496,32.036254051944326,-77.54089764856576,0.22005208333333334,768,0.03206672967665821,99.85000000000001
C02,2003-09-10 to 2014-12-31 (eleven years),50,0.125933255721488,-10.973331445174454,-81.27230137856651,0.21448087431693988,732,-0.012574927824796706,89.68500000000006
C03,2003-09-10 to 2014-12-31 (eleven years),1,0.032999393988386076,-24.927020790522228,-65.26769399597502,0.21165048543689322,515,-0.0383350464593716,22.807899999999805
C03,2003-09-10 to 2014-12-31 (eleven years),2,0.032603790285565586,-25.248352933046757,-81.29509020733869,0.2108843537414966,588,-0.031231821647807672,95.04540000000011
C03,2003-09-10 to 2014-12-31 (eleven years),3,0.41532101275583977,104.07500235785558,-47.96720074988843,0.23119266055045873,545,0.1356570684791496,101.47999999999999
C03,2003-09-10 to 2014-12-31 (eleven years),5,-0.12273482373797039,-49.141007889133235,-81.40893872897395,0.20458553791887124,567,-0.07124911839969615,101.33700000000003
C03,2003-09-10 to 2014-12-31 (eleven years),7,0.15437482117982315,3.860986204624687,-69.01059787600828,0.21794871794871795,546,0.004859597499636867,66.85690000000017
C03,2003-09-10 to 2014-12-31 (eleven years),8,0.2616270188659471,36.34255335892995,-57.33211854908743,0.2222222222222222,549,0.048447317933638996,103.38899999999998
C03,2003-09-10 to 2014-12-31 (eleven years),9,0.43666064526370557,115.35167605617656,-54.994650059097594,0.23163841807909605,531,0.12754992623388417,42.493800000000206
C03,2003-09-10 to 2014-12-31 (eleven years),10,0.4984405767492316,152.72290492890997,-53.0235145854258,0.23429541595925296,589,0.16103703401657546,79.5232
C03,2003-09-10 to 2014-12-31 (eleven years),11,0.26751263513787155,38.60001578766459,-56.494981799218,0.224105461393597,531,0.05180740010933868,16.44640000000028
C03,2003-09-10 to 2014-12-31 (eleven years),12,0.4573729884585939,126.65579915444192,-51.792263860743205,0.2328519855595668,554,0.14479994161865054,69.80240000000038
C03,2003-09-10 to 2014-12-31 (eleven years),13,0.3318774293635014,63.588717245084055,-64.25126160407044,0.2265193370165746,543,0.06919417262531921,56.522900000000064
C03,2003-09-10 to 2014-12-31 (eleven years),14,0.5902134991408627,218.0533843912172,-49.81436397683603,0.23905109489051096,548,0.21613947975354889,104.23899999999999
C03,2003-09-10 to 2014-12-31 (eleven years),15,0.35204966420669126,72.05347492886935,-71.60531971320418,0.22761194029850745,536,0.06860578813038332,24.41459999999954
C03,2003-09-10 to 2014-12-31 (eleven years),16,0.21719593690472394,21.130760458201202,-53.143080349156136,0.22138836772983114,533,0.03215165359480643,86.94599999999983
C03,2003-09-10 to 2014-12-31 (eleven years),17,0.4704013133380122,133.04808520753573,-68.78745113878269,0.23381294964028776,556,0.11287049624779338,93.19640000000012
C03,2003-09-10 to 2014-12-31 (eleven years),18,0.3450568009619974,68.96233183480696,-49.124281136382876,0.2277992277992278,518,0.09658315885444177,61.259399999999914
C03,2003-09-10 to 2014-12-31 (eleven years),19,0.37642907285717414,83.4553530277278,-66.01677982744454,0.22932330827067668,532,0.08345109041409185,99.146
C03,2003-09-10 to 2014-12-31 (eleven years),20,0.3965198589736073,93.95656263621127,-61.08612686661532,0.2292768959435626,567,0.09870471379465517,35.62750000000004
C03,2003-09-10 to 2014-12-31 (eleven years),21,0.2569462877102252,34.38075328669103,-75.85022044429874,0.22260869565217392,575,0.03488487648365912,80.79029999999963
C03,2003-09-10 to 2014-12-31 (eleven years),22,-0.345873982442945,-71.61804619758534,-86.01783901834273,0.19382504288164665,583,-0.12245554109108595,49.18479999999981
C03,2003-09-10 to 2014-12-31 (eleven years),23,-0.43095060471943325,-78.31818774174172,-88.14699827736916,0.1872791519434629,566,-0.14336713203443935,71.7742
C03,2003-09-10 to 2014-12-31 (eleven years),24,0.6055134699575278,230.40565376675858,-53.2825944218323,0.24110671936758893,506,0.20908274839096075,91.10539999999995
C03,2003-09-10 to 2014-12-31 (eleven years),25,-0.10146733812673907,-46.035611742244576,-79.62333258522334,0.20481927710843373,581,-0.06663386428929581,87.52489999999969
C03,2003-09-10 to 2014-12-31 (eleven years),26,-0.12423025410094414,-51.01144692519812,-84.20978217295698,0.20357142857142857,560,-0.07257761368048628,44.772300000000115
C03,2003-09-10 to 2014-12-31 (eleven years),27,-0.07465379369577399,-40.90005429104044,-79.06751864555234,0.20725388601036268,579,-0.05744164151353964,74.29919999999977
C03,2003-09-10 to 2014-12-31 (eleven years),28,0.11825215306732496,-5.268520355825055,-68.03213829252755,0.21611721611721613,546,-0.007014212363495182,105.13999999999999
C03,2003-09-10 to 2014-12-31 (eleven years),30,0.8500244338003143,530.0156377669891,-40.80028220871842,0.2527881040892193,538,0.4329464356158357,98.87659999999988
C03,2003-09-10 to 2014-12-31 (eleven years),31,-0.036759538991899855,-36.45027254452501,-82.22784766596891,0.20696324951644102,517,-0.047762160023385444,51.08729999999976
C03,2003-09-10 to 2014-12-31 (eleven years),32,0.7743221192832426,406.98004862125254,-38.82472211500896,0.2495201535508637,521,0.3973367712459425,90.50000000000009
C03,2003-09-10 to 2014-12-31 (eleven years),33,0.5196744666664125,169.17425405728525,-49.384211711508364,0.23570190641247835,577,0.18518847015315734,102.01999999999998
C03,2003-09-10 to 2014-12-31 (eleven years),34,0.0844536832521626,-13.679372285992644,-76.75306370995317,0.21340388007054673,567,-0.01682846499991558,67.61759999999978
C03,2003-09-10 to 2014-12-31 (eleven years),36,-0.058942460504840276,-39.84658254063906,-81.34673368444791,0.20665499124343256,571,-0.053998425369599555,52.359199999999646
C03,2003-09-10 to 2014-12-31 (eleven years),37,0.17258501169928883,8.351475480475814,-65.20283482217324,0.2176991150442478,565,0.010910532223071692,67.29179999999971
C03,2003-09-10 to 2014-12-31 (eleven years),38,-0.1001579362432575,-45.637772575216864,-80.09415887062642,0.205,600,-0.06547442785421456,22.345300000000165
C03,2003-09-10 to 2014-12-31 (eleven years),39,0.3940005931492692,90.75495769821055,-61.87944647543308,0.23046875,512,0.09492058046383535,15.363900000000186
C03,2003-09-10 to 2014-12-31 (eleven years),40,0.5720376632776415,213.81819748550774,-62.54375543633245,0.23688663282571912,591,0.17005212465752959,22.77260000000004
C03,2003-09-10 to 2014-12-31 (eleven years),41,0.726517945336921,371.9992588712451,-61.43959743077492,0.2485981308411215,535,0.23925070452075484,62.63009999999985
C03,2003-09-10 to 2014-12-31 (eleven years),42,0.2758622791268516,41.56502673796141,-64.11730651758741,0.22407407407407406,540,0.048654295536689665,75.57540000000023
C03,2003-09-10 to 2014-12-31 (eleven years),43,0.11410130208559031,-7.9227080706229565,-78.68473381526817,0.21568627450980393,561,-0.009237263680549798,61.04349999999974
C03,2003-09-10 to 2014-12-31 (eleven years),44,0.9031073260388893,634.0118608423804,-36.9496192862223,0.2564102564102564,546,0.5213548102008762,104.17000000000002
C03,2003-09-10 to 2014-12-31 (eleven years),45,0.012564341924130681,-28.65808583586036,-78.78061643425285,0.2110912343470483,559,-0.03732263583946496,105.56799999999998
C03,2003-09-10 to 2014-12-31 (eleven years),46,0.4814537546033471,137.178451075061,-34.19412887292811,0.2340036563071298,547,0.23195562202714246,104.58700000000002
C03,2003-09-10 to 2014-12-31 (eleven years),47,0.22296819178334945,23.019019912760697,-67.54218944665796,0.22141560798548093,551,0.02735733871040242,83.99819999999993
C03,2003-09-10 to 2014-12-31 (eleven years),48,0.36599147492809564,78.19664024623181,-54.9746421966823,0.22752293577981653,545,0.0952862073687245,107.63
C03,2003-09-10 to 2014-12-31 (eleven years),49,0.4885410837102396,144.9794152321611,-50.7776894926714,0.2333931777378815,557,0.1622887756480318,99.19000000000001
C03,2003-09-10 to 2014-12-31 (eleven years),50,0.6811239428226233,315.2675341313334,-51.36429290729024,0.24564796905222436,517,0.2610512398621297,89.93500000000006
C04,2003-09-10 to 2014-12-31 (eleven years),1,-0.6280505337096116,-94.08645945973151,-96.36445457043854,0.18487394957983194,952,-0.2294842896848228,22.617899999999793
C04,2003-09-10 to 2014-12-31 (eleven years),2,-0.30910320549438064,-80.08902711847892,-95.03677287445365,0.19851380042462846,942,-0.13986959278618694,95.40540000000011
C04,2003-09-10 to 2014-12-31 (eleven years),3,0.04567878010099263,-37.059099761876,-76.80138639339175,0.21145374449339208,908,-0.052200626780462195,100.52999999999999
C04,2003-09-10 to 2014-12-31 (eleven years),5,-0.033742874204822484,-50.64399132068226,-82.96432813263927,0.20758928571428573,896,-0.0729195029768182,100.55700000000004
C04,2003-09-10 to 2014-12-31 (eleven years),7,-0.19530095102305475,-71.41154067377762,-90.25290992891888,0.2017259978425027,927,-0.11607405327748124,66.03690000000016
C04,2003-09-10 to 2014-12-31 (eleven years),8,-0.18729089806882745,-70.08184394549129,-88.64219942137582,0.2026431718061674,908,-0.11411723087819602,103.12899999999999
C04,2003-09-10 to 2014-12-31 (eleven years),9,-0.28570065627058766,-78.11671032124194,-90.30589101104464,0.19848975188781015,927,-0.13914859865394774,43.778800000000246
C04,2003-09-10 to 2014-12-31 (eleven years),10,0.07660968952125197,-29.997283591431284,-72.260937114783,0.2118918918918919,925,-0.04293765800340805,77.9932
C04,2003-09-10 to 2014-12-31 (eleven years),11,-0.1320901158178112,-63.1763104659814,-89.35617508813463,0.20489977728285078,898,-0.094572521575725,16.376400000000274
C04,2003-09-10 to 2014-12-31 (eleven years),12,-0.4870964896562651,-89.04535766664601,-91.0708293723113,0.19144385026737967,935,-0.19493242224067825,66.45240000000038
C04,2003-09-10 to 2014-12-31 (eleven years),13,0.250675452341063,24.825109686431617,-81.41465892726117,0.21892189218921893,909,0.024308235038678263,53.78290000000007
C04,2003-09-10 to 2014-12-31 (eleven years),14,0.25582650486364267,27.37059702203753,-83.24684345625805,0.21875,928,0.025960750787138578,101.58899999999998
C04,2003-09-10 to 2014-12-31 (eleven years),15,-0.10916012581705384,-62.04480634334148,-90.30132621640587,0.20515695067264575,892,-0.09086731890411331,23.914599999999542
C04,2003-09-10 to 2014-12-31 (eleven years),16,-0.38310202504563284,-84.78046720383293,-90.27192737795284,0.19383259911894274,908,-0.1697923109372127,84.94599999999983
C04,2003-09-10 to 2014-12-31 (eleven years),17,-0.3451224373474507,-81.64867096590667,-87.40258755289969,0.19722814498933902,938,-0.15921232685585704,93.22630000000014
C04,2003-09-10 to 2014-12-31 (eleven years),18,-0.33018867025451515,-83.05308282612467,-95.70899743510388,0.1951219512195122,902,-0.15170107730702545,59.26939999999994
C04,2003-09-10 to 2014-12-31 (eleven years),19,0.28776465010434227,42.074677085270196,-78.44405717312422,0.22076502732240438,915,0.040185813050493846,98.959
C04,2003-09-10 to 2014-12-31 (eleven years),20,-0.39148343736865776,-86.006245663533,-96.01505040468263,0.19529652351738241,978,-0.16615628295409512,34.48250000000006
C04,2003-09-10 to 2014-12-31 (eleven years),21,0.2047360177756,6.66595007138997,-84.05532110041672,0.21758737316798196,887,0.0068044091181667056,80.36029999999963
C04,2003-09-10 to 2014-12-31 (eleven years),22,-0.7214023369522482,-94.93792008423226,-96.65954177849983,0.1829787234042553,940,-0.23977922412663494,48.02479999999983
C04,2003-09-10 to 2014-12-31 (eleven years),23,-0.2202007391231306,-75.00256745028084,-86.6057342894439,0.19884393063583816,865,-0.13315243380835412,71.97419999999998
C04,2003-09-10 to 2014-12-31 (eleven years),24,0.11897820418129886,-21.041469873165006,-81.34217299150585,0.2141280353200883,906,-0.025402014621167403,89.85289999999993
C04,2003-09-10 to 2014-12-31 (eleven years),25,-0.21453283573313042,-72.72691296456051,-89.94895610758515,0.20114285714285715,875,-0.12060084040360776,87.98779999999967
C04,2003-09-10 to 2014-12-31 (eleven years),26,-0.9865867652630819,-97.88815800498867,-98.65070182827913,0.17139737991266377,916,-0.29284030046074244,44.40330000000011
C04,2003-09-10 to 2014-12-31 (eleven years),27,-0.4852563739379937,-88.5964595353324,-95.51511899280297,0.19135135135135134,925,-0.18280057175541797,73.50919999999978
C04,2003-09-10 to 2014-12-31 (eleven years),28,-0.2051735360088887,-71.85461030526923,-95.14090321002165,0.20135746606334842,884,-0.11140861804515757,103.21999999999998
C04,2003-09-10 to 2014-12-31 (eleven years),30,0.4891663430797849,182.50140603968543,-57.9668102746439,0.2288770053475936,935,0.16582805279878535,98.62
C04,2003-09-10 to 2014-12-31 (eleven years),31,-0.43804118591104546,-86.73888179990048,-90.78834905713174,0.19226393629124006,879,-0.18011107066887982,48.249299999999735
C04,2003-09-10 to 2014-12-31 (eleven years),32,-0.11221224632240813,-62.16489248625842,-80.68338896326095,0.20449438202247192,890,-0.10201782519967194,89.59120000000009
C04,2003-09-10 to 2014-12-31 (eleven years),33,0.2970531620406814,46.14376079239841,-60.53963584387007,0.22063666300768386,911,0.05632818155384352,100.65999999999998
C04,2003-09-10 to 2014-12-31 (eleven years),34,-0.094263381909895,-57.96833837372848,-91.60724284637237,0.20561797752808988,890,-0.08049664891959392,67.22469999999979
C04,2003-09-10 to 2014-12-31 (eleven years),36,-0.1729486008942074,-70.09908700682111,-86.64924318006922,0.20234291799787008,939,-0.1167948096749618,51.0290999999996
C04,2003-09-10 to 2014-12-31 (eleven years),37,-0.3862187819890623,-85.10316006603865,-92.25740766636193,0.19393282773564463,923,-0.16787482019466038,67.57179999999971
C04,2003-09-10 to 2014-12-31 (eleven years),38,-0.3219380124623879,-81.30866054492031,-94.80163172877945,0.19788359788359788,945,-0.14531170892142234,18.88530000000017
C04,2003-09-10 to 2014-12-31 (eleven years),39,-0.07945777387072347,-60.497197643824194,-86.23967739438673,0.20569620253164558,948,-0.09138072407084286,13.453900000000175
C04,2003-09-10 to 2014-12-31 (eleven years),40,0.013947806466872374,-43.85730565102349,-91.26586319407647,0.2097130242825607,906,-0.05449853326411365,25.51260000000005
C04,2003-09-10 to 2014-12-31 (eleven years),41,0.2376862556186499,18.526100503825596,-58.05379274893956,0.21864951768488747,933,0.02606948561103029,57.88709999999985
C04,2003-09-10 to 2014-12-31 (eleven years),42,-0.33079322541358175,-82.05419843873992,-92.08807856892601,0.19701810436634717,939,-0.1529558168153613,72.62550000000022
C04,2003-09-10 to 2014-12-31 (eleven years),43,-0.27627928745002023,-77.46307518178419,-80.03612071545139,0.19910514541387025,894,-0.154158101763575,62.72349999999975
C04,2003-09-10 to 2014-12-31 (eleven years),44,0.06816139750456666,-32.719692988358865,-83.56983422654511,0.21128318584070796,904,-0.04118480027941974,102.59
C04,2003-09-10 to 2014-12-31 (eleven years),45,-0.026283213423818036,-50.73252949928641,-88.24489713300311,0.20744081172491544,887,-0.06872493086382694,104.88
C04,2003-09-10 to 2014-12-31 (eleven years),46,0.04799393021978348,-36.23345093925063,-84.07373861209678,0.21139101861993428,913,-0.04636948210597876,102.91000000000001
C04,2003-09-10 to 2014-12-31 (eleven years),47,-0.24528287432045162,-75.8951791482512,-91.13614114415142,0.2,920,-0.1296478303312643,83.82769999999992
C04,2003-09-10 to 2014-12-31 (eleven years),48,0.19477687719806153,5.048817813865425,-71.72898659955081,0.2165532879818594,882,0.006081965143797193,105.82
C04,2003-09-10 to 2014-12-31 (eleven years),49,0.23187257940728032,18.26508954884464,-79.3225139063572,0.21790722761596548,927,0.018830166045334485,98.86000000000001
C04,2003-09-10 to 2014-12-31 (eleven years),50,0.07692717424502066,-30.57385275307199,-76.09670668976236,0.21271929824561403,912,-0.041703701869059626,84.80090000000028
C05,2003-09-10 to 2014-12-31 (eleven years),1,-0.04515142611206718,-30.752205297924952,-66.06324224580416,0.20580474934036938,379,-0.04837067272777615,21.687899999999804
C05,2003-09-10 to 2014-12-31 (eleven years),2,0.05805328076512623,-11.243083107416064,-56.81586018070159,0.21236559139784947,372,-0.018454967648479908,96.72540000000009
C05,2003-09-10 to 2014-12-31 (eleven years),3,0.6313853113395418,208.3127388198935,-49.025638018213414,0.2506811989100817,367,0.2134143769429249,101.77
C05,2003-09-10 to 2014-12-31 (eleven years),5,0.23819642999202123,29.589041861680432,-62.78607696018113,0.22418136020151133,397,0.03690582677739236,101.58700000000003
C05,2003-09-10 to 2014-12-31 (eleven years),7,0.17021176986374464,11.317974373304827,-58.27023413689968,0.22025316455696203,395,0.016339297828822683,65.95690000000016
C05,2003-09-10 to 2014-12-31 (eleven years),8,-0.04645178693859946,-30.22668244956418,-67.95188339195121,0.20588235294117646,374,-0.04607407534706048,107.119
C05,2003-09-10 to 2014-12-31 (eleven years),9,0.4480356161959716,103.07351173366249,-52.41468248961682,0.23759791122715404,383,0.12326303697474757,47.6438000000002
C05,2003-09-10 to 2014-12-31 (eleven years),10,0.5394667076274634,146.0734949489303,-46.07507927334774,0.24146981627296588,381,0.1797779746886821,82.57369999999999
C05,2003-09-10 to 2014-12-31 (eleven years),11,0.16611735280123013,11.118570498839249,-59.31938019348395,0.22081218274111675,394,0.015780674298093156,16.74640000000028
C05,2003-09-10 to 2014-12-31 (eleven years),12,0.1568963566757915,8.684333458854812,-44.88741501644701,0.22020725388601037,386,0.01645678149951877,69.70240000000038
C05,2003-09-10 to 2014-12-31 (eleven years),13,0.15962760622455496,9.245251019527041,-66.2782085373016,0.22038567493112948,363,0.011837120420445841,53.29290000000009
C05,2003-09-10 to 2014-12-31 (eleven years),14,0.368684443790008,73.09464938439085,-57.407813617585624,0.23298429319371727,382,0.08654734636948315,101.879
C05,2003-09-10 to 2014-12-31 (eleven years),15,0.9325495109881685,488.02802894578133,-43.9088961660428,0.2692307692307692,364,0.38601073630581645,29.46459999999955
C05,2003-09-10 to 2014-12-31 (eleven years),16,0.11559095288754244,0.12016189089613816,-67.37070471524417,0.2178477690288714,381,0.00015754358554319163,86.23599999999986
C05,2003-09-10 to 2014-12-31 (eleven years),17,0.537366929788702,141.15202504995216,-47.37506832102546,0.24083769633507854,382,0.17076746775317986,93.08640000000011
C05,2003-09-10 to 2014-12-31 (eleven years),18,0.22516883027212106,26.00698385130445,-64.83374623639958,0.22250639386189258,391,0.031835500750206525,60.439399999999935
C05,2003-09-10 to 2014-12-31 (eleven years),19,0.37328931581658376,73.555977428278,-42.16210120435677,0.23232323232323232,396,0.11842835933054906,99.42900000000002
C05,2003-09-10 to 2014-12-31 (eleven years),20,0.32187820418813723,56.17961853619452,-37.946882035984586,0.22857142857142856,385,0.10590745403073502,35.20750000000004
C05,2003-09-10 to 2014-12-31 (eleven years),21,0.8326077519632915,362.67560992029655,-30.37433028717721,0.2595419847328244,393,0.4772912461172602,80.63029999999962
C05,2003-09-10 to 2014-12-31 (eleven years),22,-0.5794181914852805,-77.44502143352999,-87.39542779694428,0.17557251908396945,393,-0.14110592300739452,50.37479999999981
C05,2003-09-10 to 2014-12-31 (eleven years),23,-0.13179485954458522,-42.40771959513664,-65.64275511767615,0.20149253731343283,402,-0.07250652067236152,72.17419999999997
C05,2003-09-10 to 2014-12-31 (eleven years),24,0.5622678546820054,163.07345024611232,-49.67996444845845,0.24390243902439024,369,0.17963919620092128,91.35639999999997
C05,2003-09-10 to 2014-12-31 (eleven years),25,0.13572553060573764,4.182914717421117,-67.38690723658695,0.2192513368983957,374,0.005383990755921036,90.95329999999964
C05,2003-09-10 to 2014-12-31 (eleven years),26,-0.2207636318965488,-51.13001997968818,-81.9134719117784,0.19638242894056848,387,-0.07485766221674349,47.6733000000001
C05,2003-09-10 to 2014-12-31 (eleven years),27,0.728608782178085,282.98941604723956,-47.005450897965225,0.256,375,0.26806686507473637,74.92919999999978
C05,2003-09-10 to 2014-12-31 (eleven years),28,0.22089754075643292,24.75196035230436,-50.322907117928835,0.22432432432432434,370,0.03922197279505939,102.86999999999999
C05,2003-09-10 to 2014-12-31 (eleven years),30,0.6177445092468876,198.89637963223402,-44.27804832669779,0.2473404255319149,376,0.22946770158308258,98.52659999999989
C05,2003-09-10 to 2014-12-31 (eleven years),31,0.34196763895619076,62.21108863613026,-41.24501795380385,0.23056300268096513,373,0.10589833184298224,48.249299999999735
C05,2003-09-10 to 2014-12-31 (eleven years),32,0.3078572204889605,51.133219871399035,-43.89376084506915,0.22774869109947643,382,0.08468977214054849,91.0300000000001
C05,2003-09-10 to 2014-12-31 (eleven years),33,0.43759211269606796,95.22207658290608,-43.689917475655385,0.2371967654986523,371,0.13940169387243714,101.69999999999999
C05,2003-09-10 to 2014-12-31 (eleven years),34,0.03483280447988598,-14.605752434447258,-56.315892303824114,0.21153846153846154,364,-0.024606161932345973,73.55469999999978
C05,2003-09-10 to 2014-12-31 (eleven years),36,0.169584628727012,11.62232658033141,-71.30594519878382,0.21914357682619648,397,0.013693915572873118,50.49919999999965
C05,2003-09-10 to 2014-12-31 (eleven years),37,0.026392802270202687,-17.97709751360073,-64.20041086689376,0.2109181141439206,403,-0.02704263687862475,69.99179999999971
C05,2003-09-10 to 2014-12-31 (eleven years),38,-0.24491013599309916,-53.41877698752895,-79.35531900976116,0.19543147208121828,394,-0.08227458438869659,19.235300000000166
C05,2003-09-10 to 2014-12-31 (eleven years),39,0.12304396509032689,0.5105143037266499,-74.8580557497093,0.21683673469387754,392,0.0006013172943083391,13.293900000000178
C05,2003-09-10 to 2014-12-31 (eleven years),40,0.4874738489964638,124.91655733619875,-61.56139009240449,0.24031007751937986,387,0.12063337139896414,24.102600000000038
C05,2003-09-10 to 2014-12-31 (eleven years),41,0.32103537395203313,54.876067741465874,-55.55854577720558,0.23036649214659685,382,0.07094921804569476,57.88709999999985
C05,2003-09-10 to 2014-12-31 (eleven years),42,0.12321731647565887,1.6086312782020833,-64.86453467907477,0.21772151898734177,395,0.0021758472181020775,74.11550000000022
C05,2003-09-10 to 2014-12-31 (eleven years),43,-0.11644404213296466,-38.809211717839695,-74.17028250994811,0.20300751879699247,399,-0.05727377734173431,62.46349999999973
C05,2003-09-10 to 2014-12-31 (eleven years),44,0.9143187609371675,474.1401108243268,-39.216179185696845,0.2650918635170604,381,0.4259091768988853,103.47
C05,2003-09-10 to 2014-12-31 (eleven years),45,0.11607697807393051,-0.41177572897253867,-52.783915443874484,0.2178477690288714,381,-0.0006907461421619648,104.25999999999999
C05,2003-09-10 to 2014-12-31 (eleven years),46,-0.17193147527747366,-46.74689546721705,-73.21659645609351,0.1989795918367347,392,-0.07398029720457346,102.30000000000001
C05,2003-09-10 to 2014-12-31 (eleven years),47,-0.10525135976516628,-37.186051425632314,-71.51277809553069,0.20506329113924052,395,-0.056300530971488884,84.05819999999991
C05,2003-09-10 to 2014-12-31 (eleven years),48,0.7230494508110563,263.05838536490285,-44.541364964064364,0.25336927223719674,371,0.2709844913498318,105.65999999999998
C05,2003-09-10 to 2014-12-31 (eleven years),49,0.9528908163015306,498.36755645098714,-44.254634966973875,0.2695417789757412,371,0.3870691013891825,101.08
C05,2003-09-10 to 2014-12-31 (eleven years),50,0.4952308717149377,130.93938721487672,-55.16504158811297,0.24033149171270718,362,0.13917401632118845,86.95090000000027
C06,2003-09-10 to 2014-12-31 (eleven years),1,-0.3415491665531663,-71.65832962792871,-87.69009428445048,0.192090395480226,531,-0.12024836823489282,22.737899999999797
C06,2003-09-10 to 2014-12-31 (eleven years),2,0.08477646406015366,-11.92090108815751,-73.61268402769868,0.21503496503496503,572,-0.015154358564993862,95.25540000000011
C06,2003-09-10 to 2014-12-31 (eleven years),3,0.6309738885450082,249.61157307202217,-56.31520699694297,0.24319066147859922,514,0.20770299573239384,101.51999999999998
C06,2003-09-10 to 2014-12-31 (eleven years),5,-0.09847226684631281,-44.649851056835686,-77.09479983950901,0.20503597122302158,556,-0.0660638542466038,101.84700000000004
C06,2003-09-10 to 2014-12-31 (eleven years),7,0.5059749250918832,158.3169558198089,-57.97505300999156,0.23605947955390336,538,0.15090915116681528,66.30690000000017
C06,2003-09-10 to 2014-12-31 (eleven years),8,0.40875911059213327,99.37931600066409,-58.60771019249995,0.231203007518797,532,0.10729302116163232,103.91899999999998
C06,2003-09-10 to 2014-12-31 (eleven years),9,0.5820125547465502,206.1659432350996,-65.45587718429117,0.2396039603960396,505,0.15880289682039528,42.24880000000023
C06,2003-09-10 to 2014-12-31 (eleven years),10,0.6340862877479214,256.2411458333085,-40.53553015818192,0.24156305506216696,563,0.2931361404092441,77.9632
C06,2003-09-10 to 2014-12-31 (eleven years),11,0.23627345396197008,28.0084413559279,-61.38171573102724,0.22242990654205608,535,0.03594330616428598,16.67640000000027
C06,2003-09-10 to 2014-12-31 (eleven years),12,-0.4628625298517856,-77.33560298418539,-82.6838358907993,0.18998272884283246,579,-0.14869301503775723,69.00240000000038
C06,2003-09-10 to 2014-12-31 (eleven years),13,0.46455218589695707,132.19229341064553,-60.094653168094595,0.23272727272727273,550,0.12861446298031542,61.15290000000007
C06,2003-09-10 to 2014-12-31 (eleven years),14,0.6408160427556141,268.2861289055456,-44.61843490478067,0.24242424242424243,561,0.273691988792587,101.409
C06,2003-09-10 to 2014-12-31 (eleven years),15,0.3302249836532554,62.62380036367306,-72.16180081598773,0.22709923664122136,524,0.06085240870288667,24.18459999999955
C06,2003-09-10 to 2014-12-31 (eleven years),16,0.7400770922632466,369.2478265807187,-55.16577442064005,0.250501002004008,499,0.26538589329110235,84.79599999999984
C06,2003-09-10 to 2014-12-31 (eleven years),17,0.7189290209522777,335.3713119786253,-66.30571310463336,0.24551971326164876,558,0.2093868522228972,94.38640000000012
C06,2003-09-10 to 2014-12-31 (eleven years),18,0.19133879827001138,14.9535068542933,-71.6654896613794,0.2200392927308448,509,0.01729181042824944,61.23939999999992
C06,2003-09-10 to 2014-12-31 (eleven years),19,0.7098433869847081,343.50583339591196,-62.86876007875397,0.2476007677543186,521,0.22379975316317727,98.18900000000001
C06,2003-09-10 to 2014-12-31 (eleven years),20,0.8306486637677925,491.0828787020023,-60.36447624873655,0.25553319919517103,497,0.2816701887385295,33.547500000000056
C06,2003-09-10 to 2014-12-31 (eleven years),21,0.5391364432971301,182.34566942100017,-60.2243993703943,0.23800738007380073,542,0.15952307770771013,80.30029999999962
C06,2003-09-10 to 2014-12-31 (eleven years),22,-0.016854765276273,-35.62523707836435,-67.72112779841035,0.2075134168157424,559,-0.05637525977450023,48.86479999999982
C06,2003-09-10 to 2014-12-31 (eleven years),23,-0.39563123421908586,-75.02436230183764,-83.48246866861975,0.1916376306620209,574,-0.13821565323581345,72.42419999999997
C06,2003-09-10 to 2014-12-31 (eleven years),24,0.45712554310211834,123.45914051300049,-64.93409144488282,0.23220973782771537,534,0.11341739689664074,91.11639999999997
C06,2003-09-10 to 2014-12-31 (eleven years),25,0.16855434996743512,7.172379798778793,-64.0026215011681,0.21731448763250882,566,0.009594228916893521,88.16329999999967
C06,2003-09-10 to 2014-12-31 (eleven years),26,-0.31018965819315275,-69.15410439609677,-91.41976076794009,0.19366852886405958,537,-0.10799291197603711,43.49230000000013
C06,2003-09-10 to 2014-12-31 (eleven years),27,0.48817183115463114,139.22201752586514,-49.000553067131236,0.23484848484848486,528,0.1635366582886692,74.30419999999978
C06,2003-09-10 to 2014-12-31 (eleven years),28,0.04098166911907347,-23.55130112650446,-70.89560398537404,0.21238938053097345,565,-0.033083051032006955,102.78999999999999
C06,2003-09-10 to 2014-12-31 (eleven years),30,0.5174658118748411,167.69611308862378,-60.531104278110014,0.23679417122040072,549,0.1502084524135245,99.0665999999999
C06,2003-09-10 to 2014-12-31 (eleven years),31,-0.1117019926808436,-46.991231248499744,-76.77893568778408,0.20512820512820512,546,-0.0710483808516888,48.32929999999973
C06,2003-09-10 to 2014-12-31 (eleven years),32,0.1275836328481683,-2.512030276451337,-61.56571325401605,0.2164750957854406,522,-0.0036479879202213285,90.11120000000008
C06,2003-09-10 to 2014-12-31 (eleven years),33,0.5569552089556915,192.57211129152475,-61.14821242932196,0.23880597014925373,536,0.16275819208994455,100.52999999999999
C06,2003-09-10 to 2014-12-31 (eleven years),34,0.2228413964560529,23.660189351276536,-69.92526934133451,0.2198952879581152,573,0.027094306167126287,71.3075999999998
C06,2003-09-10 to 2014-12-31 (eleven years),36,0.19623587122471686,15.139301378796036,-68.44950927783466,0.22021660649819494,554,0.018315347543845246,52.709199999999655
C06,2003-09-10 to 2014-12-31 (eleven years),37,0.08792184914567552,-13.01194660725861,-59.35590722050359,0.21481481481481482,540,-0.02062848279563474,68.87179999999971
C06,2003-09-10 to 2014-12-31 (eleven years),38,0.2537921518951822,33.82060717781373,-77.9968499318386,0.22323049001814882,551,0.03343904060877549,19.125300000000166
C06,2003-09-10 to 2014-12-31 (eleven years),39,0.8602274855311222,550.1634671567829,-62.3718709647929,0.2553191489361702,517,0.28846563803756814,13.263900000000177
C06,2003-09-10 to 2014-12-31 (eleven years),40,0.6822303782935631,318.67229820513126,-50.91795397317171,0.24531835205992508,534,0.2649474773053866,22.522600000000036
C06,2003-09-10 to 2014-12-31 (eleven years),41,0.8248727526762861,483.50772789804137,-54.40219314592547,0.2523020257826888,543,0.3100899373533044,63.99009999999987
C06,2003-09-10 to 2014-12-31 (eleven years),42,0.49271018322188764,150.49518581917476,-58.65142872217135,0.2358490566037736,530,0.1441371887765781,72.02550000000022
C06,2003-09-10 to 2014-12-31 (eleven years),43,-0.18126028413689374,-54.85211575249126,-78.88700655795704,0.2,535,-0.08603130735432804,62.25349999999975
C06,2003-09-10 to 2014-12-31 (eleven years),44,1.0008183334841323,843.3527357155677,-33.83759949384633,0.2611111111111111,540,0.6483354629847382,102.75
C06,2003-09-10 to 2014-12-31 (eleven years),45,0.2100663737083217,19.521247674271873,-61.58040758164225,0.22082585278276481,557,0.025795069048999697,103.74999999999999
C06,2003-09-10 to 2014-12-31 (eleven years),46,0.660163657997296,278.01635836764615,-71.12383136495473,0.2459349593495935,492,0.17533666658885685,102.16000000000001
C06,2003-09-10 to 2014-12-31 (eleven years),47,0.21040913639941486,19.663758342781275,-66.78125743907847,0.22095238095238096,525,0.023946391292077353,83.85769999999995
C06,2003-09-10 to 2014-12-31 (eleven years),48,0.9212949418041277,629.1399005306358,-53.36789650713679,0.25585585585585585,555,0.35964859095584206,104.85
C06,2003-09-10 to 2014-12-31 (eleven years),49,0.7181693680895516,340.6008767526283,-52.193057144739186,0.24719101123595505,534,0.26830739102768736,99.73
C06,2003-09-10 to 2014-12-31 (eleven years),50,0.22893213192404466,25.180521797675354,-86.05366465917676,0.22021660649819494,554,0.023295638207997946,89.72500000000005
C07,2003-09-10 to 2014-12-31 (eleven years),1,-0.20691140591666554,-63.59207801396425,-88.40858709362341,0.2,630,-0.09662483404608321,19.677899999999795
C07,2003-09-10 to 2014-12-31 (eleven years),2,0.1022233891451513,-13.415116590917542,-67.41619352779628,0.21492537313432836,670,-0.018763556866716626,95.38540000000012
C07,2003-09-10 to 2014-12-31 (eleven years),3,0.7013009736088189,365.13613354882153,-66.81013074449706,0.24290220820189273,634,0.21779758632508045,100.97999999999998
C07,2003-09-10 to 2014-12-31 (eleven years),5,-0.2317100955166776,-64.76946084847688,-86.27015589931383,0.19938176197836166,647,-0.10209540346394944,101.17000000000003
C07,2003-09-10 to 2014-12-31 (eleven years),7,0.14332896669820147,-2.4578261270611574,-76.54522607793852,0.21646341463414634,656,-0.0028700598365380757,65.95690000000016
C07,2003-09-10 to 2014-12-31 (eleven years),8,0.5457219535155531,202.2375856984388,-62.5149168259308,0.23684210526315788,608,0.16425938728103334,103.12899999999999
C07,2003-09-10 to 2014-12-31 (eleven years),9,0.43545856775568337,117.57889505299745,-61.18947664892317,0.23037542662116042,586,0.11622781744508219,42.493800000000206
C07,2003-09-10 to 2014-12-31 (eleven years),10,0.5160408067485392,172.54120330763791,-62.062466130820894,0.23462783171521034,618,0.14929088951396224,77.2632
C07,2003-09-10 to 2014-12-31 (eleven years),11,0.05149699144806565,-25.20023661704594,-84.67052192968654,0.2126099706744868,682,-0.02992128836041509,16.376400000000274
C07,2003-09-10 to 2014-12-31 (eleven years),12,0.331578960905897,64.70177228203121,-58.32009587470884,0.22507552870090636,662,0.07730481751235097,65.42240000000038
C07,2003-09-10 to 2014-12-31 (eleven years),13,0.1756340071186236,6.835321751215724,-77.32299256472261,0.21774193548387097,620,0.007579247350107664,51.49290000000008
C07,2003-09-10 to 2014-12-31 (eleven years),14,0.46730231177198306,141.4279852456883,-61.44724981523647,0.23053892215568864,668,0.13183741166257387,102.24899999999998
C07,2003-09-10 to 2014-12-31 (eleven years),15,0.13024530949515772,-7.2602235677471985,-84.33704744845346,0.21547799696509864,659,-0.00787214204146373,24.304599999999542
C07,2003-09-10 to 2014-12-31 (eleven years),16,0.058122575058657186,-22.44382869202522,-83.61127254880641,0.21153846153846154,624,-0.026566220783597303,86.68599999999986
C07,2003-09-10 to 2014-12-31 (eleven years),17,0.3559355943922508,75.72946217467933,-58.72294092120598,0.22677165354330708,635,0.08699724988601842,92.76640000000012
C07,2003-09-10 to 2014-12-31 (eleven years),18,0.2660127692638396,37.39709675349413,-73.19841992947241,0.2222222222222222,612,0.038902416608836206,61.07939999999992
C07,2003-09-10 to 2014-12-31 (eleven years),19,0.3090112464002272,54.58534217559657,-74.65840286496828,0.22413793103448276,638,0.052567114896513494,97.929
C07,2003-09-10 to 2014-12-31 (eleven years),20,0.0930105867803833,-15.748817153829432,-78.29189069233743,0.2138364779874214,636,-0.019198625069271533,34.66750000000005
C07,2003-09-10 to 2014-12-31 (eleven years),21,0.38399162209668614,90.75493849042523,-67.37323492195858,0.2282958199356913,622,0.08718049597672595,81.35029999999962
C07,2003-09-10 to 2014-12-31 (eleven years),22,-0.0939247013177145,-49.778174293152134,-84.94427622573937,0.20537124802527645,633,-0.06951867861714633,48.27479999999983
C07,2003-09-10 to 2014-12-31 (eleven years),23,-0.3580721784672498,-75.35112594426619,-85.41337274982125,0.1937984496124031,645,-0.1362958062244989,72.04419999999999
C07,2003-09-10 to 2014-12-31 (eleven years),24,0.40058837967158395,99.17072622272882,-70.32366578205449,0.22903225806451613,620,0.08927814103610365,92.19639999999997
C07,2003-09-10 to 2014-12-31 (eleven years),25,0.38204635647454743,89.24490862631653,-73.42875648794873,0.22644376899696048,658,0.07897850969361439,86.90329999999965
C07,2003-09-10 to 2014-12-31 (eleven years),26,-0.31556344856533775,-73.90344317669832,-85.25660610270933,0.19457013574660634,663,-0.13130579506569554,42.83230000000012
C07,2003-09-10 to 2014-12-31 (eleven years),27,0.3643874055250651,80.960715076594,-67.89981524717484,0.22706065318818042,643,0.07925768441769108,73.99659999999979
C07,2003-09-10 to 2014-12-31 (eleven years),28,0.3968718892881457,97.67275895334777,-70.49386468184235,0.2286158631415241,643,0.08805703295610606,101.86999999999999
C07,2003-09-10 to 2014-12-31 (eleven years),30,0.3114943036659415,55.68797478368348,-73.9982235746436,0.22306525037936267,659,0.05391855411115242,98.62
C07,2003-09-10 to 2014-12-31 (eleven years),31,-0.2544995393975043,-66.22802630565344,-85.9562562994401,0.1977491961414791,622,-0.10642525502855855,47.70179999999975
C07,2003-09-10 to 2014-12-31 (eleven years),32,0.56120255467891,210.59410676142298,-52.36415747079769,0.23714759535655058,603,0.20118286035807276,89.76120000000007
C07,2003-09-10 to 2014-12-31 (eleven years),33,0.987500059710357,882.6288825748147,-40.944854906371454,0.2605633802816901,568,0.546552199599019,100.85
C07,2003-09-10 to 2014-12-31 (eleven years),34,0.41693018483373295,108.4455197064053,-65.51156716662321,0.2292358803986711,602,0.1023748412028721,71.84939999999999
C07,2003-09-10 to 2014-12-31 (eleven years),36,-0.06478183491011068,-45.23559664421099,-82.918786917859,0.20610687022900764,655,-0.062499387342863484,49.51919999999963
C07,2003-09-10 to 2014-12-31 (eleven years),37,0.09329032946362367,-14.51537967070878,-69.91889529622907,0.21339563862928349,642,-0.01968708164587769,68.1417999999997
C07,2003-09-10 to 2014-12-31 (eleven years),38,0.6914735088316848,342.8051012203937,-70.17706289021426,0.2406832298136646,644,0.20026590902865665,18.57630000000016
C07,2003-09-10 to 2014-12-31 (eleven years),39,0.4011148860221321,101.47888109239824,-73.67595718127505,0.22839506172839505,648,0.08668560680027271,10.623900000000177
C07,2003-09-10 to 2014-12-31 (eleven years),40,0.6844926222647313,346.28068239217885,-61.6892950030715,0.24186046511627907,645,0.22909823163560486,23.43260000000005
C07,2003-09-10 to 2014-12-31 (eleven years),41,0.1712925881207844,4.61386363797993,-75.46408579811765,0.21798780487804878,656,0.005292997998170873,64.17009999999986
C07,2003-09-10 to 2014-12-31 (eleven years),42,-0.2153262587651372,-63.483940195423635,-86.99788986076425,0.19967532467532467,616,-0.09791605488267631,71.99550000000022
C07,2003-09-10 to 2014-12-31 (eleven years),43,0.2024797826301194,14.244363597079573,-68.54391431488378,0.2188006482982172,617,0.017271770867880915,60.65349999999974
C07,2003-09-10 to 2014-12-31 (eleven years),44,0.790079384315506,488.74381070933,-53.22245778363239,0.2464,625,0.3186977884795922,102.71000000000001
C07,2003-09-10 to 2014-12-31 (eleven years),45,0.7539242416509271,436.5897518713308,-59.32014915373178,0.2463768115942029,621,0.2698405728377368,102.80999999999999
C07,2003-09-10 to 2014-12-31 (eleven years),46,0.1745795975039363,6.607296909578722,-78.4529819127213,0.2169657422512235,613,0.0072279991238854,103.22
C07,2003-09-10 to 2014-12-31 (eleven years),47,0.026690193431386386,-30.89973550565663,-84.8053311611471,0.2110236220472441,635,-0.0378958264643668,83.99769999999994
C07,2003-09-10 to 2014-12-31 (eleven years),48,0.9969282756030393,896.0991167219623,-47.57277504467725,0.2561174551386623,613,0.47350286704469907,104.10999999999999
C07,2003-09-10 to 2014-12-31 (eleven years),49,0.7345529228259832,409.77747904925303,-59.368625150875346,0.24420401854714066,647,0.260788198047837,98.86000000000001
C07,2003-09-10 to 2014-12-31 (eleven years),50,0.34539394049226435,71.43841665557389,-75.20740411408107,0.22641509433962265,636,0.0648784509594065,89.1159000000003
C08,2003-09-10 to 2014-12-31 (eleven years),1,-0.8321673551326588,-95.268647630669,-97.49882217784295,0.17506297229219145,794,-0.24240622350950336,21.667899999999804
C08,2003-09-10 to 2014-12-31 (eleven years),2,-0.15314986037646808,-61.25528643567257,-84.54736477331831,0.20291777188328913,754,-0.09507411042725067,95.49540000000012
C08,2003-09-10 to 2014-12-31 (eleven years),3,0.4773334984258804,157.92053933633701,-66.23038020297871,0.23056300268096513,746,0.13187613514172586,101.51
C08,2003-09-10 to 2014-12-31 (eleven years),5,0.05748390503590183,-28.238491902872546,-71.57426405368345,0.21176470588235294,765,-0.040377424165814454,101.90000000000002
C08,2003-09-10 to 2014-12-31 (eleven years),7,-0.3189757147797271,-77.2560915373689,-90.14412768053026,0.19538670284938942,737,-0.13608606221382388,65.95690000000016
C08,2003-09-10 to 2014-12-31 (eleven years),8,-0.35494062644882823,-78.68576070580355,-88.43443228356828,0.1937669376693767,738,-0.14439282910996035,104.44899999999998
C08,2003-09-10 to 2014-12-31 (eleven years),9,-0.12047054463916432,-56.87979323633247,-90.66812117692497,0.20362622036262204,717,-0.07901932347264215,45.43180000000021
C08,2003-09-10 to 2014-12-31 (eleven years),10,-0.128166547365295,-58.710538077613414,-70.59924057326216,0.20451527224435592,753,-0.10651394001208483,76.7732
C08,2003-09-10 to 2014-12-31 (eleven years),11,-0.001153666323501513,-39.129040701667414,-77.82077683845343,0.21003963011889035,757,-0.055156845024345535,16.99640000000028
C08,2003-09-10 to 2014-12-31 (eleven years),12,-0.4354111805103218,-82.89469599892996,-87.40554780476835,0.19210526315789472,760,-0.1653081715537254,65.28240000000038
C08,2003-09-10 to 2014-12-31 (eleven years),13,0.06667901689837831,-26.441045867596003,-86.86286736289463,0.212,750,-0.03082368350427598,53.29290000000009
C08,2003-09-10 to 2014-12-31 (eleven years),14,0.18172566194883744,4.5715830048032515,-87.1714074749676,0.21756756756756757,740,0.004540989682673861,101.76900000000002
C08,2003-09-10 to 2014-12-31 (eleven years),15,0.09043723694059663,-21.53616991399401,-71.5055498693787,0.21262002743484226,729,-0.02965696880253915,23.69459999999954
C08,2003-09-10 to 2014-12-31 (eleven years),16,-0.11455172416995021,-57.62582504829604,-85.9711764799531,0.20372836218375498,751,-0.08500075392483065,83.98599999999985
C08,2003-09-10 to 2014-12-31 (eleven years),17,0.7451394744758802,460.9017172934107,-55.05378894336297,0.24242424242424243,726,0.29901989387554423,93.05640000000012
C08,2003-09-10 to 2014-12-31 (eleven years),18,-0.44548084754671624,-82.8460604963544,-88.36672794930561,0.1902097902097902,715,-0.16326712296488155,61.07939999999992
C08,2003-09-10 to 2014-12-31 (eleven years),19,0.39779749681289645,103.12115786488778,-58.020187504141916,0.2272108843537415,735,0.11139226739902312,99.419
C08,2003-09-10 to 2014-12-31 (eleven years),20,-0.008540448456057566,-40.09157259246487,-73.5765829228105,0.20891364902506965,718,-0.06016958655760532,34.66750000000005
C08,2003-09-10 to 2014-12-31 (eleven years),21,-0.45955352664683446,-85.16704080895711,-94.87800190689485,0.1896551724137931,754,-0.1635762435092759,80.57029999999962
C08,2003-09-10 to 2014-12-31 (eleven years),22,-0.11824749185305244,-58.79211932917776,-81.1471478173813,0.2034805890227577,747,-0.09286791872534546,47.88179999999983
C08,2003-09-10 to 2014-12-31 (eleven years),23,-0.7210933275912045,-92.63994755187701,-95.79941894240072,0.17890520694259013,749,-0.21496198340270037,72.29419999999999
C08,2003-09-10 to 2014-12-31 (eleven years),24,0.08786829431640837,-21.67659210732654,-62.61307840260054,0.21352785145888595,754,-0.034116379535955726,89.24539999999995
C08,2003-09-10 to 2014-12-31 (eleven years),25,0.18523131607460777,5.800041097661579,-53.11767507223426,0.21693121693121692,756,0.009404091314472765,89.74489999999967
C08,2003-09-10 to 2014-12-31 (eleven years),26,-0.40560069831053064,-81.77085210268218,-95.25163374563928,0.19295958279009126,767,-0.1466261105733517,42.66230000000013
C08,2003-09-10 to 2014-12-31 (eleven years),27,0.052944728753176185,-28.82475346798452,-84.70240839983036,0.2116991643454039,718,-0.03495014190512175,73.85919999999977
C08,2003-09-10 to 2014-12-31 (eleven years),28,-0.1286816339824378,-60.02024749455748,-87.51717374132662,0.20355191256830601,732,-0.08892979519267442,102.78999999999999
C08,2003-09-10 to 2014-12-31 (eleven years),30,0.2392816620698403,24.630949210316594,-61.270009146115655,0.21908602150537634,744,0.0320714471099801,98.47
C08,2003-09-10 to 2014-12-31 (eleven years),31,-0.3600907074782709,-79.09371999884098,-88.05414285330716,0.19429347826086957,736,-0.14670698603770638,48.44929999999973
C08,2003-09-10 to 2014-12-31 (eleven years),32,0.03910640038291731,-31.62927280306201,-59.026579347049704,0.21166892808683854,737,-0.05598347827285747,90.5100000000001
C08,2003-09-10 to 2014-12-31 (eleven years),33,0.3430341054410893,71.23890050065073,-77.73700736168925,0.22457067371202113,757,0.06262843488339331,100.71
C08,2003-09-10 to 2014-12-31 (eleven years),34,0.05945444469470215,-26.524820070179523,-69.67085723271647,0.21161825726141079,723,-0.03857041995898278,68.99759999999978
C08,2003-09-10 to 2014-12-31 (eleven years),36,-0.38530389610026544,-80.44204098759468,-89.14857741522077,0.19204389574759945,729,-0.15064432281739643,52.41919999999964
C08,2003-09-10 to 2014-12-31 (eleven years),37,-0.4145415138022636,-81.45064894512015,-90.2389084390794,0.19151846785225718,731,-0.15330278511355036,69.99179999999971
C08,2003-09-10 to 2014-12-31 (eleven years),38,-0.524799629661126,-87.33063413671341,-94.04991319031126,0.18758085381630013,773,-0.17744594156258003,18.935200000000165
C08,2003-09-10 to 2014-12-31 (eleven years),39,0.17727931588573956,3.028430210547194,-73.06047145736241,0.21691678035470668,733,0.0036137320581806826,11.673900000000176
C08,2003-09-10 to 2014-12-31 (eleven years),40,0.40057929758554434,104.15282639743215,-75.92455902163819,0.2273972602739726,730,0.08575194759960227,23.91260000000004
C08,2003-09-10 to 2014-12-31 (eleven years),41,0.17332188927647751,1.5614979500126083,-79.3549313402019,0.21727748691099477,764,0.0017267871292614265,61.820099999999854
C08,2003-09-10 to 2014-12-31 (eleven years),42,0.39225798864941186,99.02525425604782,-71.6772369300269,0.2273381294964029,695,0.08749644742355361,72.90050000000022
C08,2003-09-10 to 2014-12-31 (eleven years),43,-0.7782561371162332,-93.799505600406,-96.70559908187981,0.17801047120418848,764,-0.2252949234144954,67.60559999999974
C08,2003-09-10 to 2014-12-31 (eleven years),44,0.12917913099805184,-9.960619967564517,-62.6418375601842,0.21456953642384105,755,-0.014734562074302637,102.59
C08,2003-09-10 to 2014-12-31 (eleven years),45,0.41523989888574575,114.3941901603709,-72.97520858134288,0.22772277227722773,707,0.0955451565215929,104.66999999999999
C08,2003-09-10 to 2014-12-31 (eleven years),46,0.11862642271455959,-12.897191065045613,-75.07238875964214,0.21389645776566757,734,-0.01615658063967928,102.49000000000001
C08,2003-09-10 to 2014-12-31 (eleven years),47,-0.05669377056800578,-46.66107507511059,-75.07637504749052,0.20743919885550788,699,-0.07196837005712664,83.19769999999993
C08,2003-09-10 to 2014-12-31 (eleven years),48,0.2027599887098391,12.61030988174468,-57.3112479601286,0.2178477690288714,762,0.018410500722047994,105.99999999999999
C08,2003-09-10 to 2014-12-31 (eleven years),49,-0.0531329776229135,-48.83043611744583,-78.33717858409513,0.2074966532797858,747,-0.07339577966592768,99.66000000000001
C08,2003-09-10 to 2014-12-31 (eleven years),50,0.12857220943299275,-11.409316368612444,-80.61955728795951,0.2154255319148936,752,-0.01320929618896589,86.95090000000027
C09,2003-09-10 to 2014-12-31 (eleven years),1,-0.04277386802210411,-41.49365665684438,-84.35172694307897,0.20623916811091855,577,-0.05485239053784505,23.207899999999796
C09,2003-09-10 to 2014-12-31 (eleven years),2,-0.961952730105522,-93.74225753337461,-95.02821475271564,0.16433566433566432,572,-0.22860292507513727,95.34540000000011
C09,2003-09-10 to 2014-12-31 (eleven years),3,-0.3732774593085684,-73.32884058819425,-83.16594641895215,0.1911504424778761,565,-0.1325492994164214,101.39999999999998
C09,2003-09-10 to 2014-12-31 (eleven years),5,0.10946825824589164,-10.797091998368606,-76.20523472394463,0.21403508771929824,570,-0.013184032016227764,101.81700000000004
C09,2003-09-10 to 2014-12-31 (eleven years),7,-0.3605751500145845,-74.25451254261618,-84.39732376634402,0.1909722222222222,576,-0.13390142435256014,65.45690000000016
C09,2003-09-10 to 2014-12-31 (eleven years),8,-0.5113444482047317,-81.92283755075063,-90.18871089126276,0.18434782608695652,575,-0.15556284628675773,102.989
C09,2003-09-10 to 2014-12-31 (eleven years),9,-0.7978182954382494,-92.45620153889895,-95.22337177553601,0.16783216783216784,572,-0.21444309274031637,43.49880000000023
C09,2003-09-10 to 2014-12-31 (eleven years),10,-0.19659754639574972,-61.24819760705108,-82.77460761908824,0.19965576592082615,581,-0.09709231908747146,84.1837
C09,2003-09-10 to 2014-12-31 (eleven years),11,-0.22544304009215,-64.34461588350835,-87.20335587591357,0.1978984238178634,571,-0.09989442058053528,18.931500000000312
C09,2003-09-10 to 2014-12-31 (eleven years),12,-0.8494845355807714,-92.91741246046288,-94.34153011628275,0.16808149405772496,589,-0.22113753603454273,65.12240000000038
C09,2003-09-10 to 2014-12-31 (eleven years),13,-0.21175105800964747,-60.8030294495706,-80.60628390544208,0.1989342806394316,563,-0.0985518432993482,65.48290000000009
C09,2003-09-10 to 2014-12-31 (eleven years),14,-0.08396273346925694,-45.15360965578526,-76.02860145534643,0.20552677029360966,579,-0.06799857698068414,101.58899999999998
C09,2003-09-10 to 2014-12-31 (eleven years),15,-0.06695181500560678,-42.66378352370757,-86.37403138342428,0.20588235294117646,578,-0.05553784644063531,27.094599999999545
C09,2003-09-10 to 2014-12-31 (eleven years),16,-0.20546021156374217,-62.30104364655943,-77.48852366379863,0.1978984238178634,571,-0.10660129765969617,87.89599999999986
C09,2003-09-10 to 2014-12-31 (eleven years),17,-0.2106369438803488,-58.81790362359749,-73.80396314374826,0.199288256227758,562,-0.10217718724742124,95.798
C09,2003-09-10 to 2014-12-31 (eleven years),18,-0.6400896370293185,-88.11414146153174,-91.8274124781733,0.176056338028169,568,-0.18684485013326088,60.279399999999924
C09,2003-09-10 to 2014-12-31 (eleven years),19,-0.15998484489273027,-55.28081738403322,-82.88248435031747,0.20175438596491227,570,-0.08283193557454008,97.889
C09,2003-09-10 to 2014-12-31 (eleven years),20,-0.276708678820218,-68.9634449328821,-81.46623648215865,0.19444444444444445,576,-0.12058481307983616,33.607500000000044
C09,2003-09-10 to 2014-12-31 (eleven years),21,-0.45827349877412044,-80.8040712298928,-89.44993871800233,0.18608695652173912,575,-0.15173357515060631,81.70469999999959
C09,2003-09-10 to 2014-12-31 (eleven years),22,-0.7020765760464621,-89.47100277366971,-93.71348912371514,0.17421602787456447,574,-0.19250397350540133,48.284799999999805
C09,2003-09-10 to 2014-12-31 (eleven years),23,-0.32494062425303216,-70.93671739630084,-89.5861325391624,0.19298245614035087,570,-0.11548212560017802,72.21419999999999
C09,2003-09-10 to 2014-12-31 (eleven years),24,-0.30579636054402576,-71.37286981000304,-81.42323239547267,0.19310344827586207,580,-0.12852996749442613,92.2164
C09,2003-09-10 to 2014-12-31 (eleven years),25,-0.3892967542803994,-76.13518189358525,-86.68681565553317,0.18840579710144928,552,-0.13720142599997742,88.46529999999966
C09,2003-09-10 to 2014-12-31 (eleven years),26,-0.5200031490711835,-81.92283755074952,-90.81753776818154,0.18434782608695652,575,-0.15448571844119965,45.50230000000012
C09,2003-09-10 to 2014-12-31 (eleven years),27,-0.5789387965635739,-85.88645551038466,-86.95307934242234,0.17993079584775087,578,-0.18274414824605345,75.50919999999978
C09,2003-09-10 to 2014-12-31 (eleven years),28,-0.11988582166190662,-52.67947357261321,-85.16850835362484,0.20210896309314588,569,-0.0751305406620007,104.16999999999999
C09,2003-09-10 to 2014-12-31 (eleven years),30,-0.46364637855675506,-79.5590390411807,-88.93870498433705,0.18803418803418803,585,-0.14719368464040164,98.77659999999989
C09,2003-09-10 to 2014-12-31 (eleven years),31,-0.799344826119808,-91.54818081617788,-94.01644523009251,0.16987740805604204,571,-0.2086508705205546,50.69929999999975
C09,2003-09-10 to 2014-12-31 (eleven years),32,-0.19785711603832182,-61.51868780760137,-82.73318473829258,0.19859402460456943,569,-0.09782882699309305,90.13120000000008
C09,2003-09-10 to 2014-12-31 (eleven years),33,-0.05296019266880404,-41.14479787168621,-76.63003780008763,0.2073170731707317,574,-0.05972554492392255,100.71
C09,2003-09-10 to 2014-12-31 (eleven years),34,-0.30986034504470183,-71.30183247289605,-81.56286298795065,0.19257950530035337,566,-0.12806946275549516,67.03759999999978
C09,2003-09-10 to 2014-12-31 (eleven years),36,-0.22668858140127915,-61.48470821003631,-67.56376722197486,0.1978798586572438,566,-0.11968724312077675,50.01919999999963
C09,2003-09-10 to 2014-12-31 (eleven years),37,-0.6092548157433056,-86.06376059830724,-88.17439183982205,0.1794425087108014,574,-0.18127814241083107,68.18179999999971
C09,2003-09-10 to 2014-12-31 (eleven years),38,-0.31193842332248134,-71.00865851246624,-87.78564763859814,0.1934931506849315,584,-0.1180743388520268,22.225300000000175
C09,2003-09-10 to 2014-12-31 (eleven years),39,0.1757242527562238,6.731756222441899,-70.47462588371933,0.21853146853146854,572,0.008193428149874903,15.833900000000185
C09,2003-09-10 to 2014-12-31 (eleven years),40,0.22247353902533307,22.44959409059419,-52.137386576066106,0.2204861111111111,576,0.03463968319965534,26.940600000000018
C09,2003-09-10 to 2014-12-31 (eleven years),41,-0.5830521246177427,-85.59842399018966,-89.23982217651313,0.18024263431542462,577,-0.1763770519291645,62.52009999999986
C09,2003-09-10 to 2014-12-31 (eleven years),42,-0.10075510024810959,-47.44176420602425,-85.31187085778184,0.2048611111111111,576,-0.06477776506611128,76.17500000000022
C09,2003-09-10 to 2014-12-31 (eleven years),43,-0.314551146539322,-70.93671739630034,-78.97722475195701,0.19298245614035087,570,-0.1309946891957047,62.568499999999744
C09,2003-09-10 to 2014-12-31 (eleven years),44,-1.0614816353000682,-95.81191436436268,-96.80392659218859,0.157439446366782,578,-0.2526040224521077,102.59
C09,2003-09-10 to 2014-12-31 (eleven years),45,-0.4397467637834974,-78.42809460176052,-88.55935972397153,0.1867145421903052,557,-0.14314253193322254,105.45799999999998
C09,2003-09-10 to 2014-12-31 (eleven years),46,-0.7912591609938798,-91.67501718863534,-95.90952346850597,0.1703958691910499,582,-0.2056517425042061,102.61000000000001
C09,2003-09-10 to 2014-12-31 (eleven years),47,-0.37680231726314173,-75.79788945614483,-88.5338411954861,0.1903914590747331,562,-0.1331039629705658,82.99569999999996
C09,2003-09-10 to 2014-12-31 (eleven years),48,-0.17521479390490424,-57.4428169527516,-76.17091908131522,0.2,565,-0.09547350244932205,106.39999999999998
C09,2003-09-10 to 2014-12-31 (eleven years),49,0.061322236483603264,-20.729796547900243,-71.70794135988785,0.21291448516579406,573,-0.028339285590499943,99.73
C09,2003-09-10 to 2014-12-31 (eleven years),50,-0.15986427919966323,-55.57254444598557,-81.04174161061549,0.20136518771331058,586,-0.08537788306166504,90.96500000000006
T2,2013-01-01 to 2014-12-31 (two years),1,-1.4411540405891845,-66.3014949322131,-78.99037896949216,0.1717557251908397,262,-0.5316201599695419,141.97
T2,2013-01-01 to 2014-12-31 (two years),2,-0.6632594757411419,-47.572322833736095,-56.49437310591843,0.1889763779527559,254,-0.4889885622229593,142.54500000000002
T2,2013-01-01 to 2014-12-31 (two years),3,-0.36823640356156373,-38.528238587147214,-48.96293206474055,0.19615384615384615,260,-0.4416041246160093,140.15979999999996
T2,2013-01-01 to 2014-12-31 (two years),4,-2.1870177912064834,-80.39208970676405,-87.36052788331735,0.1511627906976744,258,-0.6383733599074134,142.91
T2,2013-01-01 to 2014-12-31 (two years),5,0.537407816627786,22.495406475684696,-42.600598827475814,0.2248995983935743,249,0.25100695348917873,140.15389999999996
T2,2013-01-01 to 2014-12-31 (two years),6,-0.012640996160602888,-15.769076171418819,-68.84152089458459,0.21052631578947367,247,-0.11959925983511993,142.75
T2,2013-01-01 to 2014-12-31 (two years),7,-1.1702855308039244,-61.86440432928349,-70.65354147917151,0.17355371900826447,242,-0.5418948921941963,132.61819999999983
T2,2013-01-01 to 2014-12-31 (two years),8,-1.9445474940637588,-76.15906944011473,-81.10523370189779,0.15625,256,-0.6315352818409999,140.55059999999992
T2,2013-01-01 to 2014-12-31 (two years),9,-0.05600803612765022,-17.876275536689263,-43.48321969820172,0.20930232558139536,258,-0.21594765125256982,141.70500000000007
T2,2013-01-01 to 2014-12-31 (two years),10,-1.512241323466222,-71.54649219108822,-76.8118632677959,0.16727272727272727,275,-0.6080328357211369,142.9168
T2,2013-01-01 to 2014-12-31 (two years),11,0.77336592204227,43.32629957206278,-38.95263319261576,0.2330508474576271,236,0.5069881252911917,142.078
T2,2013-01-01 to 2014-12-31 (two years),12,1.4382582091147984,126.856735061592,-33.63345948126933,0.25316455696202533,237,1.5074953987598756,142.702
T2,2013-01-01 to 2014-12-31 (two years),13,-1.2004983255863433,-61.54713871190538,-73.97493580645053,0.17938931297709923,262,-0.5140966152049903,142.97
T2,2013-01-01 to 2014-12-31 (two years),14,-1.825898754632051,-74.14153240987598,-75.61215194814405,0.16,250,-0.6506352197522457,143.07
T2,2013-01-01 to 2014-12-31 (two years),15,-0.4050915279236507,-38.06172820525711,-53.574779675265916,0.19607843137254902,255,-0.39804142636761697,143.707
T2,2013-01-01 to 2014-12-31 (two years),16,0.6138964292885397,29.827060088826507,-56.60931630023269,0.22692307692307692,260,0.24663925292060768,142.26999999999998
T2,2013-01-01 to 2014-12-31 (two years),17,-0.9969154367661459,-57.16963551672561,-76.28289017960928,0.17928286852589642,251,-0.4534848878854815,136.2011000000002
T2,2013-01-01 to 2014-12-31 (two years),18,0.5813087401150444,26.397636403250957,-60.63820530132167,0.228,250,0.20522983560037897,141.3697000000001
T2,2013-01-01 to 2014-12-31 (two years),19,-0.5745290017659253,-41.96237928047534,-57.44413934843911,0.19433198380566802,247,-0.4151162770170708,141.97590000000005
T2,2013-01-01 to 2014-12-31 (two years),20,-0.5493673285876015,-43.300404533667184,-53.91867975042861,0.19318181818181818,264,-0.45865671150827764,140.88870000000006
T2,2013-01-01 to 2014-12-31 (two years),21,-0.20310929994314628,-27.449208849222778,-55.180442639874386,0.204,250,-0.2689719603103181,142.663
T2,2013-01-01 to 2014-12-31 (two years),22,0.7767441740666671,43.43851651299607,-37.10974778903632,0.23478260869565218,230,0.5334300872839997,142.04000000000002
T2,2013-01-01 to 2014-12-31 (two years),23,0.23493556720022538,-1.1697118336667245,-63.743532939354466,0.21568627450980393,255,-0.009214715783832197,141.85309999999993
T2,2013-01-01 to 2014-12-31 (two years),24,-0.8962387411122613,-52.17973722517688,-60.231285578659644,0.1875,256,-0.5127365968447842,138.77420000000018
T2,2013-01-01 to 2014-12-31 (two years),25,-1.030824068160916,-59.886317937033375,-69.77429226431668,0.17829457364341086,258,-0.5260433845930232,141.00800000000004
T2,2013-01-01 to 2014-12-31 (two years),26,-0.49925952881735197,-41.7041940929612,-60.369078239481,0.1937984496124031,258,-0.39219688045544343,143.1299
T2,2013-01-01 to 2014-12-31 (two years),27,0.711772118199346,38.98579689323473,-47.25922705073893,0.23015873015873015,252,0.37916107824214346,142.57
T2,2013-01-01 to 2014-12-31 (two years),28,-1.4247742805271502,-66.47231538002721,-72.26038352703887,0.16996047430830039,253,-0.5831727664346428,133.7378999999999
T2,2013-01-01 to 2014-12-31 (two years),29,-0.8196790701056134,-48.945810436058785,-72.26385580228967,0.19066147859922178,257,-0.39550511314576936,142.3321999999999
T2,2013-01-01 to 2014-12-31 (two years),30,0.4203525693553657,12.709781615382425,-53.1005101703016,0.22362869198312235,237,0.11626207606687614,143.48250000000002
T2,2013-01-01 to 2014-12-31 (two years),31,-2.343339582990375,-80.7649437217481,-83.35027629034597,0.14885496183206107,262,-0.674164166528952,142.48000000000002
T2,2013-01-01 to 2014-12-31 (two years),32,0.8073509724429909,47.826275448075336,-56.03220905196156,0.23577235772357724,246,0.38578576138910725,142.30699999999996
T2,2013-01-01 to 2014-12-31 (two years),33,1.0142673889920062,72.26623538858479,-41.86081946106358,0.23983739837398374,246,0.7476968136232764,141.584
T2,2013-01-01 to 2014-12-31 (two years),34,-0.6087045598758224,-43.58781936909939,-68.73543930764923,0.19215686274509805,255,-0.36257050375737115,142.43
T2,2013-01-01 to 2014-12-31 (two years),35,-0.10392068117773559,-22.549178531220303,-41.99387987114598,0.20610687022900764,262,-0.28597677021281753,141.0221999999999
T2,2013-01-01 to 2014-12-31 (two years),36,0.16649911648286972,-6.66623254557072,-66.75911192720204,0.2139917695473251,243,-0.05085700028874131,142.09240000000005
T2,2013-01-01 to 2014-12-31 (two years),37,-0.977831711945114,-57.16277065916692,-70.15217267509395,0.18181818181818182,264,-0.49304088370206833,142.16
T2,2013-01-01 to 2014-12-31 (two years),38,0.8484634946567964,53.37821869530879,-48.43161923663018,0.23371647509578544,261,0.4931137739848816,136.92900000000006
T2,2013-01-01 to 2014-12-31 (two years),39,-0.718669426075671,-47.44222517630804,-73.33702496400898,0.1875,240,-0.37546159961378944,132.69389999999996
T2,2013-01-01 to 2014-12-31 (two years),40,0.2597159651581507,0.6174310488815354,-39.00212204144984,0.216,250,0.00791402943427213,142.56580000000002
T2,2013-01-01 to 2014-12-31 (two years),41,-0.2341960575057814,-28.80946944924421,-46.88398826560153,0.20408163265306123,245,-0.3336998846108384,141.56899999999996
T2,2013-01-01 to 2014-12-31 (two years),42,0.7974944142012541,48.42233747798231,-45.79848306424314,0.23255813953488372,258,0.4773456729581071,142.345
T2,2013-01-01 to 2014-12-31 (two years),43,0.23760543487117725,-1.1697118336648236,-41.873342787330024,0.21568627450980393,255,-0.014027505329026359,142.94219999999976
T2,2013-01-01 to 2014-12-31 (two years),44,1.2298116868258822,95.74028188764262,-40.90124287955673,0.24691358024691357,243,0.977272869721387,142.28
T2,2013-01-01 to 2014-12-31 (two years),45,-0.9185880784982264,-54.56796636815445,-70.89532124575103,0.18292682926829268,246,-0.46030081892158536,130.52889999999996
T2,2013-01-01 to 2014-12-31 (two years),46,0.6587822547712389,33.48195933626083,-50.08713352680982,0.2283464566929134,254,0.3106043154812869,142.742
T2,2013-01-01 to 2014-12-31 (two years),47,-0.8859604457330024,-55.05797386531436,-77.32648634618893,0.1828793774319066,257,-0.42673541613111937,143.365
T2,2013-01-01 to 2014-12-31 (two years),48,0.23958153041636956,-1.8354628686291243,-54.57309735445883,0.21755725190839695,262,-0.01691750322173915,142.33020000000002
T2,2013-01-01 to 2014-12-31 (two years),49,-0.7551727641279804,-48.230959217838624,-73.60891517632912,0.188,250,-0.38149967209614244,143.71
T2,2013-01-01 to 2014-12-31 (two years),50,1.0850474010220126,81.20165360018493,-37.25252249736191,0.24045801526717558,262,0.9305693865440703,142.6391
T2,2013-01-01 to 2014-12-31 (two years),51,0.5763686935417819,25.943904567192256,-45.84208428290315,0.22633744855967078,243,0.2670578424015893,142.4
T2,2013-01-01 to 2014-12-31 (two years),52,0.46585423450453245,16.342289049583343,-59.82159395965409,0.2248062015503876,258,0.13161269811213455,142.94000000000003
T2,2013-01-01 to 2014-12-31 (two years),53,0.03398925587058984,-13.337269002966645,-60.90744388068528,0.20987654320987653,243,-0.11355458618079231,142.04000000000002
T2,2013-01-01 to 2014-12-31 (two years),54,-0.4649975179002307,-39.91431534661014,-61.372332763909576,0.19327731092436976,238,-0.36681221272969905,138.7979
T2,2013-01-01 to 2014-12-31 (two years),55,-0.0662148110088026,-19.61152341960194,-63.53651001736043,0.21011673151750973,257,-0.1629583082972779,143.0
T2,2013-01-01 to 2014-12-31 (two years),56,-0.13321031888565582,-22.6252667016616,-49.41073532902789,0.20634920634920634,252,-0.2439260472865591,142.58
T2,2013-01-01 to 2014-12-31 (two years),57,-0.022819658992122988,-16.055090138815768,-50.715024176564306,0.2109375,256,-0.16542518360665093,142.8149
T2,2013-01-01 to 2014-12-31 (two years),58,-2.0352849774009756,-77.84300133839626,-80.7794076160899,0.15294117647058825,255,-0.6558281242107827,140.74719999999996
T2,2013-01-01 to 2014-12-31 (two years),59,1.404462191127661,122.69413427016292,-48.506296989917274,0.2542372881355932,236,1.0165972320503898,142.28
T2,2013-01-01 to 2014-12-31 (two years),60,1.1156226485148304,82.15296040768256,-28.34319637843652,0.24347826086956523,230,1.235554960013453,142.85000000000002
T2,2013-01-01 to 2014-12-31 (two years),61,-0.5866846195179378,-45.545708514134745,-66.83750269127076,0.19172932330827067,266,-0.3925581327604344,142.23
T2,2013-01-01 to 2014-12-31 (two years),62,-0.014276519537352605,-15.73509822209029,-55.436621376248475,0.21031746031746032,252,-0.14818476184539536,143.07999999999998
T2,2013-01-01 to 2014-12-31 (two years),63,-1.702860885601857,-72.2569108170952,-77.47677858037632,0.1647940074906367,267,-0.6114682588394909,143.269
T2,2013-01-01 to 2014-12-31 (two years),64,0.2954252465497838,2.924313793055171,-70.3062252132231,0.21862348178137653,247,0.020675644707136908,141.68990000000002
T2,2013-01-01 to 2014-12-31 (two years),65,0.18005614141174892,-4.8084285008211625,-58.17592059556426,0.21686746987951808,249,-0.04189240991037797,133.8611999999999
T2,2013-01-01 to 2014-12-31 (two years),66,-0.15852179030809124,-26.270553031771986,-48.57163251596279,0.20318725099601595,251,-0.2913654152320552,143.23000000000002
T2,2013-01-01 to 2014-12-31 (two years),67,0.2942266395873349,3.2163056953937237,-46.06573933623188,0.22,250,0.03468156278565407,139.8964
T2,2013-01-01 to 2014-12-31 (two years),68,-0.6596903043727155,-46.22980476980827,-70.73932932712351,0.19083969465648856,262,-0.3774849879248808,142.73
T2,2013-01-01 to 2014-12-31 (two years),69,0.24404356774953195,-0.41968687236412733,-49.86116569645529,0.216,250,-0.004218752575559121,142.82
T2,2013-01-01 to 2014-12-31 (two years),70,0.3049895056295102,3.3930601586765348,-51.60180013847479,0.2196078431372549,255,0.0326481869799506,143.311
T2,2013-01-01 to 2014-12-31 (two years),71,-0.47992888639267933,-38.55809690272083,-67.31351653263803,0.19753086419753085,243,-0.32150000885244795,143.64499999999998
T2,2013-01-01 to 2014-12-31 (two years),72,1.3832208801821193,139.88732732641984,-39.168819173549274,0.2551440329218107,243,1.4035639731459062,142.1922
T2,2013-01-01 to 2014-12-31 (two years),73,0.42273777455640604,12.89833431171166,-34.565871745952734,0.2222222222222222,252,0.18117492984634284,142.468
T2,2013-01-01 to 2014-12-31 (two years),74,-1.343133728399103,-66.97546503356945,-70.69182200402626,0.17110266159695817,263,-0.6022857147294044,143.12
T2,2013-01-01 to 2014-12-31 (two years),75,1.5723359641459989,171.334510344343,-25.544040765641917,0.26229508196721313,244,2.53817152138037,141.045
T2,2013-01-01 to 2014-12-31 (two years),76,-0.3293171991820391,-32.30273162707922,-57.92970550108081,0.20242914979757085,247,-0.3062964464069568,142.596
T2,2013-01-01 to 2014-12-31 (two years),77,1.4756417266158126,132.11299541799994,-39.49620562376588,0.256198347107438,242,1.3277367920697591,142.2501
T2,2013-01-01 to 2014-12-31 (two years),78,1.8071721160426617,202.54758469133188,-34.65322882528488,0.2672413793103448,232,2.137494138082537,142.76999999999998
T2,2013-01-01 to 2014-12-31 (two years),79,-0.18504415130627466,-26.553818156580856,-58.14439412916457,0.20481927710843373,249,-0.24623853855758665,142.8399
T2,2013-01-01 to 2014-12-31 (two years),80,-0.334872840848897,-33.02967939281412,-57.941674878170325,0.19834710743801653,242,-0.3138864020539432,137.26990000000004
T2,2013-01-01 to 2014-12-31 (two years),81,0.376668171970476,9.064479183730741,-56.741403860842276,0.2196969696969697,264,0.07825248317889624,136.64349999999993
T2,2013-01-01 to 2014-12-31 (two years),82,-2.25213753344489,-82.91848963364716,-85.22096878653622,0.14173228346456693,254,-0.6890355800250852,140.15279999999987
T2,2013-01-01 to 2014-12-31 (two years),83,-0.8187325298110029,-49.64845884952024,-56.242015355635225,0.1875,256,-0.5169545512610573,142.495
T2,2013-01-01 to 2014-12-31 (two years),84,-0.43149290314976224,-37.59167746708923,-59.59201237928774,0.196,250,-0.3528426463328561,143.18
T2,2013-01-01 to 2014-12-31 (two years),85,-0.016676841863037136,-18.174756594575875,-63.18579007040561,0.21011673151750973,257,-0.15122287893431627,142.07160000000013
T2,2013-01-01 to 2014-12-31 (two years),86,-0.6233122395636782,-45.54570851413411,-56.62320038962634,0.19172932330827067,266,-0.4633719937113033,142.64
T2,2013-01-01 to 2014-12-31 (two years),87,0.5172339396545386,20.657119041660327,-49.744211876900124,0.22393822393822393,259,0.1981774826354289,137.1875
T2,2013-01-01 to 2014-12-31 (two years),88,0.8564520190299201,54.54220895250222,-37.704084688299424,0.234375,256,0.6458750466392478,142.78
T2,2013-01-01 to 2014-12-31 (two years),89,0.7952577394558881,46.9999520371558,-46.90925506492718,0.234375,256,0.45354756452612377,141.9344
T2,2013-01-01 to 2014-12-31 (two years),90,-0.32979407040993114,-32.50651502017292,-71.30703222652095,0.2,260,-0.2505745952820426,142.67000000000002
T2,2013-01-01 to 2014-12-31 (two years),91,-1.6747388173885929,-73.28941973923669,-80.48515750067345,0.1607843137254902,255,-0.6009119589981375,134.86500000000004
T2,2013-01-01 to 2014-12-31 (two years),92,-0.5624335543063963,-42.393709784610444,-72.6800918621864,0.19615384615384615,260,-0.3320014807414928,143.6
T2,2013-01-01 to 2014-12-31 (two years),93,0.46210863958482334,16.104837319267347,-51.04227813224851,0.22310756972111553,251,0.1520894264553441,142.66
T2,2013-01-01 to 2014-12-31 (two years),94,-0.3480474694278589,-35.507838614386664,-69.31573618407711,0.1976284584980237,253,-0.2844540842595851,142.55
T2,2013-01-01 to 2014-12-31 (two years),95,0.3046535838245158,3.6862902203627756,-32.7241326673553,0.21774193548387097,248,0.055891273441191956,142.33
T2,2013-01-01 to 2014-12-31 (two years),96,0.16923591729664705,-4.6117415272005315,-57.02116555580192,0.21397379912663755,229,-0.0409716275757019,143.36499999999998
T2,2013-01-01 to 2014-12-31 (two years),97,0.059518258005039675,-13.267505831724923,-53.46540257366173,0.21115537848605578,251,-0.12865908403735749,118.3255999999999
T2,2013-01-01 to 2014-12-31 (two years),98,-0.5022777685976371,-39.45236547422616,-71.87397345383062,0.1950207468879668,241,-0.3090744988893235,134.59859999999992
T2,2013-01-01 to 2014-12-31 (two years),99,0.3944001877692227,11.000908927003044,-54.20575985743032,0.22083333333333333,240,0.09896569941976113,142.81
T2,2013-01-01 to 2014-12-31 (two years),100,0.7412390593296291,40.988623135112725,-42.94416355436569,0.23107569721115537,251,0.4370002150800375,142.89850000000015
T2,2013-01-01 to 2014-12-31 (two years),101,-1.487550095784795,-68.91757188587482,-74.0883389873096,0.16917293233082706,266,-0.5978410129409477,142.23999999999998
T2,2013-01-01 to 2014-12-31 (two years),102,0.2081465269778235,-2.4112931349142035,-57.2955442423372,0.2151394422310757,251,-0.021199855096845983,142.69000000000003
T2,2013-01-01 to 2014-12-31 (two years),103,0.002721693921308148,-15.280751813892602,-67.28521181931987,0.20930232558139536,258,-0.11841247469103161,142.82000000000002
T2,2013-01-01 to 2014-12-31 (two years),104,0.6352089800264131,30.936708340752126,-39.49620562376573,0.22727272727272727,242,0.36582591199871606,143.09
T2,2013-01-01 to 2014-12-31 (two years),105,-0.3003951460675549,-33.01486648915435,-47.585447163161135,0.2,265,-0.38200847300014196,141.9019
T2,2013-01-01 to 2014-12-31 (two years),106,0.875611626424601,53.79265607181631,-53.64744090845566,0.2391304347826087,230,0.44829321972145914,138.02349999999984
T2,2013-01-01 to 2014-12-31 (two years),107,0.06298549794666179,-11.396696355349741,-47.23181965725387,0.2134387351778656,253,-0.1244602420645504,142.48
T2,2013-01-01 to 2014-12-31 (two years),108,-0.25139936237560606,-27.19679846124307,-52.85054540651485,0.20242914979757085,247,-0.27802515840584,142.769
T2,2013-01-01 to 2014-12-31 (two years),109,0.06622020162285101,-10.897534558660295,-51.031462215013136,0.2109704641350211,237,-0.10999817261101548,127.72829999999999
T2,2013-01-01 to 2014-12-31 (two years),110,0.7397431207479868,39.795687925508844,-41.67266375059597,0.22983870967741934,248,0.4382344562238836,142.92
T2,2013-01-01 to 2014-12-31 (two years),111,1.2889413990527192,107.76459093944513,-46.608405120739796,0.25101214574898784,247,0.9485998015422125,142.19000000000003
T2,2013-01-01 to 2014-12-31 (two years),112,0.3146176836254032,5.0054485868286065,-51.44970863577084,0.21825396825396826,252,0.0481168725242754,134.36060000000006
T2,2013-01-01 to 2014-12-31 (two years),113,-0.16791689464541662,-26.338340541651696,-55.92708182707706,0.2054263565891473,258,-0.25375223036812855,141.043
T2,2013-01-01 to 2014-12-31 (two years),114,0.5838391660423603,26.585577096069564,-43.63365939972583,0.2261904761904762,252,0.28712809751792484,142.51
T2,2013-01-01 to 2014-12-31 (two years),115,-0.6885985036920604,-47.65789631048817,-62.89949667390429,0.19157088122605365,261,-0.44013505269618924,138.6658
T2,2013-01-01 to 2014-12-31 (two years),116,-0.710348907782506,-48.80990831803011,-69.47127719918488,0.188,250,-0.4100342217866731,140.9539999999999
T2,2013-01-01 to 2014-12-31 (two years),117,-0.22670934015718228,-27.59245047147504,-60.38398728997573,0.20454545454545456,264,-0.24718829900086167,143.335
T2,2013-01-01 to 2014-12-31 (two years),118,0.7693294290147646,44.716573191628065,-37.88022912430484,0.232,250,0.5366572986338825,143.38
T2,2013-01-01 to 2014-12-31 (two years),119,-1.1943723618943471,-64.64572712193045,-68.47634828566582,0.17254901960784313,255,-0.5926561408461904,142.74
T2,2013-01-01 to 2014-12-31 (two years),120,0.024780365436190027,-13.776569395903657,-46.4165908180463,0.2094017094017094,234,-0.1541015222817534,143.57
T2,2013-01-01 to 2014-12-31 (two years),121,1.3713012616340097,123.58489901180612,-36.32988475113981,0.25196850393700787,254,1.365545142413061,143.3199000000001
T2,2013-01-01 to 2014-12-31 (two years),122,0.2951612619729245,3.497000597024986,-50.796115200183436,0.21923076923076923,260,0.034173361583145656,141.53739999999996
T2,2013-01-01 to 2014-12-31 (two years),123,0.294130707415704,4.166389072196062,-39.71746456431641,0.2204724409448819,254,0.05198705639584632,137.60899999999998
T2,2013-01-01 to 2014-12-31 (two years),124,1.6032270708943657,164.09088704127842,-39.48863118132354,0.25882352941176473,255,1.585697195422616,142.4051
T2,2013-01-01 to 2014-12-31 (two years),125,0.12467644862869369,-9.039897984867986,-57.08334171241908,0.21374045801526717,262,-0.08116539646492385,142.39000000000001
T2,2013-01-01 to 2014-12-31 (two years),126,-0.5597103488547954,-42.43655037663316,-73.50007121048814,0.19291338582677164,254,-0.32868204302296394,125.51890000000037
T2,2013-01-01 to 2014-12-31 (two years),127,0.26351469490076945,1.3610401335783353,-58.08023605688184,0.21673003802281368,263,0.011693369298495546,142.43
T2,2013-01-01 to 2014-12-31 (two years),128,-1.1601459580902624,-61.474819746727285,-74.80414085767875,0.17692307692307693,260,-0.5076181255382921,141.3535999999999
T2,2013-01-01 to 2014-12-31 (two years),129,1.054432563206392,77.55141921820882,-58.14963335749059,0.24380165289256198,242,0.5726759920029938,141.3121
T2,2013-01-01 to 2014-12-31 (two years),130,-0.04161129931876274,-17.025317196983217,-61.84366466058682,0.21052631578947367,247,-0.14425437803066246,142.39000000000001
T2,2013-01-01 to 2014-12-31 (two years),131,-0.20548016880782602,-28.831338666627857,-68.45767547613848,0.20238095238095238,252,-0.2287275565458681,145.08
T2,2013-01-01 to 2014-12-31 (two years),132,1.0240659529707035,73.41014440256805,-43.90187414631813,0.24279835390946503,243,0.7228624133149502,143.48000000000002
T2,2013-01-01 to 2014-12-31 (two years),133,-1.4736069875956748,-69.30805300517669,-79.12683514032963,0.16793893129770993,262,-0.5642150358099707,138.66620000000003
T2,2013-01-01 to 2014-12-31 (two years),134,1.2440496954799736,103.51603361556532,-41.14363055002585,0.24696356275303644,247,1.0385225828756623,142.3299
T2,2013-01-01 to 2014-12-31 (two years),135,-0.25020988460002536,-30.186844375000305,-61.212287871771075,0.20242914979757085,247,-0.26900356393235497,143.32
T2,2013-01-01 to 2014-12-31 (two years),136,0.9815191836965089,70.54554675526299,-39.06684868564743,0.23773584905660378,265,0.7843200388148686,139.94209999999998
T2,2013-01-01 to 2014-12-31 (two years),137,-0.4166857004622121,-36.62895729519618,-68.57043948532763,0.19767441860465115,258,-0.2977809587974013,143.07999999999998
T2,2013-01-01 to 2014-12-31 (two years),138,0.2660320313137233,1.093465566661871,-58.818796913673935,0.21875,256,0.009282683763368733,142.4
T2,2013-01-01 to 2014-12-31 (two years),139,-0.4725864697703321,-38.061728205256586,-56.92323285603743,0.19607843137254902,255,-0.374627030991118,142.35999999999999
T2,2013-01-01 to 2014-12-31 (two years),140,-0.5026156852978805,-39.60818434842168,-58.242773509436965,0.19433198380566802,247,-0.383132585684811,138.6101999999999
T2,2013-01-01 to 2014-12-31 (two years),141,1.0202244468345179,70.10209582505905,-53.522958056892925,0.2396694214876033,242,0.569301925958244,142.565
T2,2013-01-01 to 2014-12-31 (two years),142,0.5423619463753083,22.83718523398659,-50.046179320188244,0.22393822393822393,259,0.2167513130611416,143.02
T2,2013-01-01 to 2014-12-31 (two years),143,0.19558226952164884,-3.637276746875514,-55.8201537114728,0.2145748987854251,247,-0.03292677958926343,143.07500000000002
T2,2013-01-01 to 2014-12-31 (two years),144,-0.43440707378035165,-36.260537736970946,-63.9332422760849,0.19753086419753085,243,-0.3157615463625499,142.59
T2,2013-01-01 to 2014-12-31 (two years),145,-0.5978712627066044,-44.71606298171964,-68.19458603525017,0.19140625,256,-0.3765262277053923,143.6999
T2,2013-01-01 to 2014-12-31 (two years),146,2.138466382389508,291.95263311507216,-29.593261510172443,0.2782258064516129,248,3.3170897653367217,142.91
T2,2013-01-01 to 2014-12-31 (two years),147,-0.9584037553935901,-57.05647140104225,-65.62850589097926,0.18,250,-0.5257878209151118,136.89369999999994
T2,2013-01-01 to 2014-12-31 (two years),148,0.3170175979901527,4.473167474824631,-50.721598528909816,0.21810699588477367,243,0.043673392070832456,143.05980000000002
T2,2013-01-01 to 2014-12-31 (two years),149,0.025712366408138905,-15.404224503107116,-53.21701958757578,0.21074380165289255,242,-0.15097783858821298,140.81009999999992
T2,2013-01-01 to 2014-12-31 (two years),150,-0.18376839958327637,-26.6732730515653,-61.07536330172678,0.20392156862745098,255,-0.23556458893136487,143.0849
T2,2013-01-01 to 2014-12-31 (two years),151,1.5354981606963574,153.53355376478171,-43.54760340477715,0.256,250,1.3623942129625066,143.07
T2,2013-01-01 to 2014-12-31 (two years),152,-0.9839029905574598,-57.37991603948329,-70.59876044040536,0.1803921568627451,255,-0.4922765879622118,142.27499999999998
T2,2013-01-01 to 2014-12-31 (two years),153,0.7447419423136616,41.650377182219714,-42.76417976126813,0.2345679012345679,243,0.445358486563898,142.31759999999997
T2,2013-01-01 to 2014-12-31 (two years),154,0.4776709816537173,17.351011515005307,-52.22674740472998,0.2248062015503876,258,0.15969902052116375,142.02
T2,2013-01-01 to 2014-12-31 (two years),155,0.6240265197665881,30.812320149539218,-51.79159680561366,0.22745098039215686,255,0.2779270466257944,143.96
T2,2013-01-01 to 2014-12-31 (two years),156,-2.4503210358718834,-82.96077195042079,-84.24653088298506,0.1455223880597015,268,-0.6976129601434709,141.63510000000002
T2,2013-01-01 to 2014-12-31 (two years),157,-0.8295719966349281,-48.881321310386554,-71.19530931293787,0.18699186991869918,246,-0.40080688536949954,138.0286
T2,2013-01-01 to 2014-12-31 (two years),158,-1.311229694507085,-68.22424019665078,-78.9543244334892,0.1717557251908397,262,-0.5531592646783872,140.02039999999994
T2,2013-01-01 to 2014-12-31 (two years),159,-0.6708527945505712,-47.63183095595095,-63.75856015264061,0.18972332015810275,253,-0.4339220465833708,138.10699999999997
T2,2013-01-01 to 2014-12-31 (two years),160,0.3033879097744123,3.6862902203628707,-54.46158406827,0.21774193548387097,248,0.03358318488761681,144.63
T2,2013-01-01 to 2014-12-31 (two years),161,0.5382542640013854,22.495406475683417,-38.381671097116,0.2248995983935743,249,0.2785977322728531,132.62880000000004
T2,2013-01-01 to 2014-12-31 (two years),162,0.6686372891106898,34.49495649779046,-46.873945409266106,0.2289156626506024,249,0.3412457732958132,142.50959999999998
T2,2013-01-01 to 2014-12-31 (two years),163,0.60233148630955,28.19607374654749,-70.0876274627601,0.2265625,256,0.18894912512589518,142.8149
T2,2013-01-01 to 2014-12-31 (two years),164,-0.02462405381190086,-16.13747234633379,-57.95793416843116,0.20833333333333334,240,-0.14552912439312757,125.90750000000008
T2,2013-01-01 to 2014-12-31 (two years),165,-1.2328413580182802,-62.495776728104545,-75.00526314382148,0.1794871794871795,273,-0.517303533348614,121.44199999999994
T2,2013-01-01 to 2014-12-31 (two years),166,-1.0639294437526492,-57.700924538244216,-70.00385596297258,0.18076923076923077,260,-0.4999814554991087,142.29
T2,2013-01-01 to 2014-12-31 (two years),167,0.8159238104501022,47.66997264451325,-50.18882410636672,0.23293172690763053,249,0.4294188713849651,137.38619999999995
T2,2013-01-01 to 2014-12-31 (two years),168,2.0398436119665218,270.3467249569161,-22.38388572808534,0.2777777777777778,234,4.137656788472329,142.16290000000006
T2,2013-01-01 to 2014-12-31 (two years),169,1.2598580553832908,101.55086341960435,-54.05000560475468,0.24615384615384617,260,0.7777403855369206,141.21989999999997
T2,2013-01-01 to 2014-12-31 (two years),170,-0.42576094254590374,-35.50783861438734,-66.95597066351262,0.1976284584980237,253,-0.29447925353975823,141.66930000000002
T2,2013-01-01 to 2014-12-31 (two years),171,-1.0895339418976162,-59.203452319433126,-69.77940642033327,0.17786561264822134,253,-0.518306068825457,142.1427000000001
T2,2013-01-01 to 2014-12-31 (two years),172,0.8179652318587163,49.91981796861402,-43.85823721799099,0.23430962343096234,239,0.5124638035634567,143.82999999999998
T2,2013-01-01 to 2014-12-31 (two years),173,0.10323215017059051,-8.79010285099628,-38.801151924460974,0.21304347826086956,230,-0.1160314465768724,137.74419999999986
T2,2013-01-01 to 2014-12-31 (two years),174,0.693007097498565,36.14565633746453,-64.12055931898931,0.23015873015873015,252,0.26054305829017727,141.38000000000002
T2,2013-01-01 to 2014-12-31 (two years),175,-0.7299993742903793,-49.26634003348165,-63.41380877843606,0.18725099601593626,251,-0.45424772022155224,139.7580999999998
T2,2013-01-01 to 2014-12-31 (two years),176,1.0835814644764126,81.65129989255952,-46.263449464032945,0.24193548387096775,248,0.7529327775649092,140.72279999999998
T2,2013-01-01 to 2014-12-31 (two years),177,-0.8740927326811916,-52.97478936455813,-67.54787661185834,0.18410041841004185,239,-0.46575182361482476,143.34
T2,2013-01-01 to 2014-12-31 (two years),178,-1.2151558615706382,-62.15163629078959,-75.18536141649749,0.17408906882591094,247,-0.51233322819762,136.11449999999996
T2,2013-01-01 to 2014-12-31 (two years),179,0.6261213641022132,30.10662633699098,-44.527021858047746,0.23109243697478993,238,0.3163221506175311,143.02
T2,2013-01-01 to 2014-12-31 (two years),180,-0.4375396249474182,-36.41384675834294,-62.82587062051847,0.19665271966527198,239,-0.3228579693596017,142.67300000000014
T2,2013-01-01 to 2014-12-31 (two years),181,-0.2956229898220367,-28.11140769065048,-58.6917194812605,0.20164609053497942,243,-0.259526400131553,142.66
T2,2013-01-01 to 2014-12-31 (two years),182,-0.8810166400837075,-55.933842981632864,-78.83093655064765,0.18450184501845018,271,-0.4269257324648862,142.42999999999998
T2,2013-01-01 to 2014-12-31 (two years),183,1.0045673625785787,74.45790841681122,-42.25632802352225,0.24,250,0.7604290722663413,143.171
T2,2013-01-01 to 2014-12-31 (two years),184,0.5101600914724763,19.950668932543262,-43.29492457014277,0.22310756972111553,251,0.2202488726444795,143.05499999999998
T2,2013-01-01 to 2014-12-31 (two years),185,0.40225462207456897,10.828588206781205,-56.98737007193593,0.22310756972111553,251,0.09269741105275513,143.03
T2,2013-01-01 to 2014-12-31 (two years),186,0.5356312630244505,22.27284591676087,-43.76266838412921,0.22821576763485477,241,0.24203972864498133,143.09
T2,2013-01-01 to 2014-12-31 (two years),187,0.861452603452581,53.35348492267751,-38.58900952945461,0.23706896551724138,232,0.6186293998822271,143.6899
T2,2013-01-01 to 2014-12-31 (two years),188,-0.7449758203799979,-49.00785673489163,-70.74228795665883,0.18846153846153846,260,-0.4046263704330324,142.16
T2,2013-01-01 to 2014-12-31 (two years),189,1.033356072155067,75.78187284550248,-42.17147660846815,0.24081632653061225,245,0.7738420080852931,141.57009999999997
T2,2013-01-01 to 2014-12-31 (two years),190,-0.7390631340488134,-49.3919224109063,-71.39457650281476,0.18867924528301888,265,-0.404706767272551,142.23999999999998
T2,2013-01-01 to 2014-12-31 (two years),191,0.7599781997367954,42.17416922901743,-42.765373968373424,0.2320675105485232,237,0.4504950920917918,138.57440000000003
T2,2013-01-01 to 2014-12-31 (two years),192,0.8983993613006392,57.547902901546365,-51.16763052374919,0.23651452282157676,241,0.4994803551463846,142.76000000000002
T2,2013-01-01 to 2014-12-31 (two years),193,0.7117908862790602,38.29128893542803,-44.193226508174554,0.23228346456692914,254,0.3987821035411693,143.14
T2,2013-01-01 to 2014-12-31 (two years),194,0.14123916107527928,-6.757292432208091,-58.0128091296098,0.21544715447154472,246,-0.0593381013535625,137.11319999999998
T2,2013-01-01 to 2014-12-31 (two years),195,-0.4635751977732736,-38.061728205254546,-57.42337522640213,0.19607843137254902,255,-0.37136412889691156,142.02999999999997
T2,2013-01-01 to 2014-12-31 (two years),196,-0.10868786148453483,-22.83934644759599,-57.40658396744218,0.2054263565891473,258,-0.21207467489849124,142.0
T2,2013-01-01 to 2014-12-31 (two years),197,0.7505243103143303,41.62610478008658,-43.24674513304072,0.232,250,0.4401528119840607,142.415
T2,2013-01-01 to 2014-12-31 (two years),198,-0.1785340142119541,-25.78203442509153,-54.95209114630074,0.20318725099601595,251,-0.2523610347390624,139.50709999999998
T2,2013-01-01 to 2014-12-31 (two years),199,-0.43894068235573175,-39.60818434842243,-58.39737591339106,0.19433198380566802,247,-0.38211827266383397,139.04910000000004
T2,2013-01-01 to 2014-12-31 (two years),200,-0.3774108326844084,-33.72142347288559,-63.209798630175264,0.1975806451612903,248,-0.2944370647673816,142.70879999999977
F2,2013-01-01 to 2014-12-31 (two years),1,-2.1231929122818434,-47.207501800310204,-51.18504762423969,0.109375,64,-0.5347925265338676,145.10499999999993
F2,2013-01-01 to 2014-12-31 (two years),2,0.28154698137050854,5.736135093257794,-24.280916807297604,0.22580645161290322,62,0.11663526849135203,145.33399999999997
F2,2013-01-01 to 2014-12-31 (two years),3,0.7695344499497178,27.466430178813372,-21.51540813878887,0.25806451612903225,62,0.600491783464921,142.13869999999994
F2,2013-01-01 to 2014-12-31 (two years),4,-1.2657084656185942,-35.05906616753627,-39.187944395265205,0.14285714285714285,63,-0.49601782349414425,143.95550000000006
F2,2013-01-01 to 2014-12-31 (two years),5,1.277606027411821,53.66261314734068,-18.767890545376876,0.2903225806451613,62,1.278633544092612,141.15369999999993
F2,2013-01-01 to 2014-12-31 (two years),6,0.6806402151667686,22.418759543733007,-25.573271938415665,0.25,64,0.41677743104912934,144.39999999999998
F2,2013-01-01 to 2014-12-31 (two years),7,-1.007337735540107,-28.697505302316102,-41.12750802230612,0.15873015873015872,63,-0.37879227847960173,132.66469999999984
F2,2013-01-01 to 2014-12-31 (two years),8,-0.4719168738596351,-20.115072579437452,-49.046142056963724,0.1774193548387097,62,-0.21684473976763374,140.55059999999992
F2,2013-01-01 to 2014-12-31 (two years),9,1.0330684232099747,37.153878872403254,-21.52832762651982,0.2698412698412698,63,0.7960717897015569,142.42410000000007
F2,2013-01-01 to 2014-12-31 (two years),10,0.47667825946890086,13.772081360347105,-28.783491159318896,0.23809523809523808,63,0.2318494355398553,145.09599999999998
F2,2013-01-01 to 2014-12-31 (two years),11,-0.6405364387544954,-21.7127711278486,-29.093784069474836,0.1746031746031746,63,-0.3964689916481156,145.272
F2,2013-01-01 to 2014-12-31 (two years),12,0.0698757552863482,-1.7322164560787938,-22.897279303197227,0.21311475409836064,61,-0.03804294082294086,144.712
F2,2013-01-01 to 2014-12-31 (two years),13,-0.38098338404367654,-15.762941733565233,-32.893459825979384,0.1875,64,-0.250203196598224,145.965
F2,2013-01-01 to 2014-12-31 (two years),14,-0.2933627029378674,-14.043818095474395,-24.439333717133504,0.19047619047619047,63,-0.29857875165740055,144.32999999999998
F2,2013-01-01 to 2014-12-31 (two years),15,-0.6483684055403365,-23.278515705291056,-36.19995890614855,0.171875,64,-0.3432356642430261,145.065
F2,2013-01-01 to 2014-12-31 (two years),16,0.4224154051454749,11.496639733138181,-30.132301901550917,0.234375,64,0.18584212054333618,143.63400000000001
F2,2013-01-01 to 2014-12-31 (two years),17,-0.19925788422578464,-12.289610301504636,-33.31690926896142,0.1935483870967742,62,-0.1907319027458199,135.84110000000018
F2,2013-01-01 to 2014-12-31 (two years),18,1.1069055488211301,42.80912002541033,-16.8316035873158,0.2786885245901639,61,1.1604348977899404,141.38970000000012
F2,2013-01-01 to 2014-12-31 (two years),19,-0.5342758466737183,-20.11507257943773,-31.498035227599598,0.1774193548387097,62,-0.3376527403725037,142.3088000000001
F2,2013-01-01 to 2014-12-31 (two years),20,-0.9202221672506469,-27.242352349300937,-41.45392269596048,0.16129032258064516,62,-0.35510537192911756,140.88870000000006
F2,2013-01-01 to 2014-12-31 (two years),21,-0.8671414484432303,-27.242352349301154,-46.66247151640225,0.16129032258064516,62,-0.3154678729714433,143.65610000000004
F2,2013-01-01 to 2014-12-31 (two years),22,0.7708439886710059,24.91710157523727,-18.494971515569702,0.25396825396825395,63,0.6371123869291202,143.44200000000004
F2,2013-01-01 to 2014-12-31 (two years),23,0.2824479612676693,5.736135093258208,-30.658535610971892,0.22580645161290322,62,0.09237268495047216,142.70309999999992
F2,2013-01-01 to 2014-12-31 (two years),24,0.9164085351973922,34.41080129495491,-25.76679561827001,0.265625,64,0.6193703938175231,139.18420000000017
F2,2013-01-01 to 2014-12-31 (two years),25,0.17824610255946213,1.5489841435650555,-20.822940294668648,0.21875,64,0.03710226680549616,143.26980000000006
F2,2013-01-01 to 2014-12-31 (two years),26,1.5599501984662227,85.24248812919153,-16.519729489827107,0.3225806451612903,62,2.1889812511448805,147.2179
F2,2013-01-01 to 2014-12-31 (two years),27,0.16976837992084087,1.548984143564777,-22.56918997238042,0.21875,64,0.03423154696438308,143.73420000000004
F2,2013-01-01 to 2014-12-31 (two years),28,-1.0053759216425067,-30.12355519626906,-40.70628151129066,0.15625,64,-0.4035843083081493,134.65789999999993
F2,2013-01-01 to 2014-12-31 (two years),29,-0.4293543275055574,-14.043818095474736,-18.195889037524214,0.19047619047619047,63,-0.4010282617986826,143.4699
F2,2013-01-01 to 2014-12-31 (two years),30,0.9920738241466236,39.95293762490236,-29.62351094344452,0.27419354838709675,62,0.6187309690480765,144.74340000000004
F2,2013-01-01 to 2014-12-31 (two years),31,-0.6789713668040604,-21.712771127848054,-37.79289914527436,0.1746031746031746,63,-0.3052103303563272,143.56999999999996
F2,2013-01-01 to 2014-12-31 (two years),32,1.0835355908713613,45.72359186266169,-14.008955596917193,0.2833333333333333,60,1.4809959897112006,142.46699999999996
F2,2013-01-01 to 2014-12-31 (two years),33,0.42675169972771293,11.496639733139114,-29.418549368803127,0.234375,64,0.1903510201007593,142.529
F2,2013-01-01 to 2014-12-31 (two years),34,0.9058469459296304,34.41080129495612,-19.732789509480174,0.265625,64,0.8087650426634513,146.99190000000004
F2,2013-01-01 to 2014-12-31 (two years),35,0.4921303517745723,13.772081360345961,-23.61379043199787,0.23809523809523808,63,0.28260758040401557,141.13059999999993
F2,2013-01-01 to 2014-12-31 (two years),36,0.8000806091588761,30.067785896749484,-27.799391514963943,0.26229508196721313,61,0.5060481242714805,142.85240000000005
F2,2013-01-01 to 2014-12-31 (two years),37,-0.11352647769623632,-7.511148270729905,-26.143089735459334,0.203125,64,-0.14665542014637312,144.4795
F2,2013-01-01 to 2014-12-31 (two years),38,1.1669061289468026,50.58936088439325,-15.953662374993616,0.2857142857142857,63,1.4259621267660463,137.76910000000007
F2,2013-01-01 to 2014-12-31 (two years),39,0.2259179845142206,3.6214123913934464,-18.908127097300543,0.2222222222222222,63,0.09504309467732741,133.00389999999996
F2,2013-01-01 to 2014-12-31 (two years),40,0.5329611808132535,16.093960571781835,-20.02350152160699,0.24193548387096775,62,0.3874415329140152,142.56580000000002
F2,2013-01-01 to 2014-12-31 (two years),41,0.7093597391959496,24.91710157523788,-29.60207459436902,0.25396825396825395,63,0.398059109367687,142.18899999999996
F2,2013-01-01 to 2014-12-31 (two years),42,0.9570349665601695,37.153878872403936,-30.102014070524298,0.2698412698412698,63,0.5693338081223893,144.22500000000002
F2,2013-01-01 to 2014-12-31 (two years),43,0.16149481734736035,1.5489841435653624,-18.07971094441677,0.21875,64,0.042731783094483645,144.50219999999976
F2,2013-01-01 to 2014-12-31 (two years),44,1.2429060840319446,50.58936088439439,-23.676977958962343,0.2857142857142857,63,0.9608201844586475,145.70499999999998
F2,2013-01-01 to 2014-12-31 (two years),45,0.28358082921126154,5.7361350932584205,-25.604964823748567,0.22580645161290322,62,0.11060398912981416,130.52889999999996
F2,2013-01-01 to 2014-12-31 (two years),46,-0.2901124967644454,-12.289610301503838,-36.19995890614831,0.1935483870967742,62,-0.17554156663418946,145.3082
F2,2013-01-01 to 2014-12-31 (two years),47,0.225479993603867,3.6214123913932394,-24.439333717133614,0.2222222222222222,63,0.07353256576793195,145.66019999999997
F2,2013-01-01 to 2014-12-31 (two years),48,0.6757823661795448,24.917101575236902,-22.212920914348533,0.25396825396825395,63,0.5304739297414487,144.18080000000003
F2,2013-01-01 to 2014-12-31 (two years),49,-0.6959000469150155,-23.278515705291397,-32.18088051030098,0.171875,64,-0.38610245411852173,145.70039999999997
F2,2013-01-01 to 2014-12-31 (two years),50,1.44146205765566,65.34097174653851,-21.305954288379336,0.30158730158730157,63,1.3437245953471724,143.7803
C2_00,2013-01-01 to 2014-12-31 (two years),1,-0.08964130377804838,-15.939893527240661,-55.869625382806746,0.20634920634920634,189,-0.1490366093855365,143.04999999999998
C2_00,2013-01-01 to 2014-12-31 (two years),2,-1.3133730298270403,-57.711513353746135,-69.54650608826798,0.16666666666666666,186,-0.5033865703267,143.805
C2_00,2013-01-01 to 2014-12-31 (two years),3,-0.4452870765158992,-34.371002316553366,-47.32499423104445,0.19270833333333334,192,-0.40172580185665097,140.72979999999995
C2_00,2013-01-01 to 2014-12-31 (two years),4,0.31733646066406423,6.314769405713312,-22.31214527010166,0.21978021978021978,182,0.13953764304996488,143.8756
C2_00,2013-01-01 to 2014-12-31 (two years),5,-0.9367962675137398,-47.980226228703856,-64.76497426955675,0.1783783783783784,185,-0.43090556311699624,142.86999999999998
C2_00,2013-01-01 to 2014-12-31 (two years),6,-0.24518562057506793,-22.665355429674168,-59.797885843881005,0.2011173184357542,179,-0.20193661830779824,143.79
C2_00,2013-01-01 to 2014-12-31 (two years),7,-1.2857130442217684,-57.92587711296089,-63.728599547012344,0.1638418079096045,177,-0.5519332849994516,132.05809999999983
C2_00,2013-01-01 to 2014-12-31 (two years),8,-2.4574371882764736,-77.73568834938357,-77.73568834938357,0.13157894736842105,190,-0.6800417874793288,140.72049999999993
C2_00,2013-01-01 to 2014-12-31 (two years),9,0.8614891123208079,48.385182605665236,-28.94520169922249,0.2391304347826087,184,0.7547514479479516,141.60400000000004
C2_00,2013-01-01 to 2014-12-31 (two years),10,0.8505033050340124,48.38518260566617,-43.98828861382606,0.2391304347826087,184,0.49664202864139906,144.58499999999998
C2_00,2013-01-01 to 2014-12-31 (two years),11,0.3508466872175032,8.484458577257133,-47.94343978408777,0.22099447513812154,181,0.08680417402772558,143.152
C2_00,2013-01-01 to 2014-12-31 (two years),12,1.1943840181474754,83.91632358349267,-36.84513466426795,0.25280898876404495,178,0.9681723183834179,144.082
C2_00,2013-01-01 to 2014-12-31 (two years),13,0.2285561943801019,1.4647343192530866,-44.5426039991088,0.21739130434782608,184,0.01640473083021363,143.17000000000002
C2_00,2013-01-01 to 2014-12-31 (two years),14,-0.8681536866791272,-44.72990232460975,-48.63373821989777,0.1813186813186813,182,-0.5281594058448198,144.54999999999998
C2_00,2013-01-01 to 2014-12-31 (two years),15,-0.35800132163122683,-26.28900987751594,-49.922504775193566,0.1977401129943503,177,-0.2836967935594187,143.1
C2_00,2013-01-01 to 2014-12-31 (two years),16,0.06072665194041713,-9.551325435310012,-53.82167568256254,0.21052631578947367,190,-0.0910792884766878,142.274
C2_00,2013-01-01 to 2014-12-31 (two years),17,0.6762171234045534,32.44342878669092,-40.256300339121566,0.23243243243243245,185,0.3752518171957674,136.8496
C2_00,2013-01-01 to 2014-12-31 (two years),18,-0.07758842257090234,-16.093258207307763,-47.734821918335854,0.2087912087912088,182,-0.17619003286494836,140.8842000000001
C2_00,2013-01-01 to 2014-12-31 (two years),19,0.14972803301515034,-3.4102476601343663,-42.913003803928305,0.21428571428571427,196,-0.04013359703089327,141.90590000000006
C2_00,2013-01-01 to 2014-12-31 (two years),20,-0.27941741636603307,-25.913459209936608,-39.046699593904066,0.1989247311827957,186,-0.3571151053261027,140.88870000000006
C2_00,2013-01-01 to 2014-12-31 (two years),21,0.7682968050610235,40.71882122531051,-34.88504498754851,0.23626373626373626,182,0.5346921571572989,142.673
C2_00,2013-01-01 to 2014-12-31 (two years),22,0.893488582322713,50.27302674280043,-37.7928991452744,0.2393617021276596,188,0.5985290385973073,141.76000000000002
C2_00,2013-01-01 to 2014-12-31 (two years),23,-0.7767428527399739,-43.17132412372703,-57.50137781417454,0.1827956989247312,186,-0.4285882888199105,141.15309999999994
C2_00,2013-01-01 to 2014-12-31 (two years),24,-1.216490079186406,-55.18044263987415,-64.76688435117644,0.17258883248730963,197,-0.5109004357180628,139.18420000000017
C2_00,2013-01-01 to 2014-12-31 (two years),25,0.20865406099998826,-0.4446150191813831,-39.118160265408505,0.2159090909090909,176,-0.005697101037931498,141.97800000000004
C2_00,2013-01-01 to 2014-12-31 (two years),26,0.7367202576331859,37.2053960160302,-24.66924649969554,0.23563218390804597,174,0.6956078640705801,146.99389999999997
C2_00,2013-01-01 to 2014-12-31 (two years),27,0.06296591962780741,-7.705434117663796,-39.79536820418538,0.21164021164021163,189,-0.09888644631573643,143.81510000000003
C2_00,2013-01-01 to 2014-12-31 (two years),28,-0.8415365044237391,-47.18767211168107,-54.74786610970972,0.17714285714285713,175,-0.499740457604376,134.74789999999993
C2_00,2013-01-01 to 2014-12-31 (two years),29,0.5388963087610753,21.542354674229042,-54.05575734355315,0.22777777777777777,180,0.18982255701410128,143.095
C2_00,2013-01-01 to 2014-12-31 (two years),30,0.9805802565449889,60.9134046561016,-35.07689314028529,0.24456521739130435,184,0.7666882446995376,143.7425
C2_00,2013-01-01 to 2014-12-31 (two years),31,-1.8461797879828006,-66.26431697381538,-70.29062651248701,0.15591397849462366,186,-0.5969621649877305,143.37999999999994
C2_00,2013-01-01 to 2014-12-31 (two years),32,0.32074400162818845,6.314769405712604,-34.31389882961321,0.21978021978021978,182,0.09073245153043465,143.39999999999998
C2_00,2013-01-01 to 2014-12-31 (two years),33,0.30214255280615976,4.979162354573012,-43.09797104025206,0.21910112359550563,178,0.05714315894906549,141.84900000000002
C2_00,2013-01-01 to 2014-12-31 (two years),34,-0.896228769510283,-47.58544716316146,-66.58544118746967,0.17777777777777778,180,-0.41501826313209006,144.001
C2_00,2013-01-01 to 2014-12-31 (two years),35,-0.254816239601505,-25.35121502427459,-39.5713103099588,0.19889502762430938,181,-0.34413305250841075,140.23719999999992
C2_00,2013-01-01 to 2014-12-31 (two years),36,0.34286543140711323,7.783203757788988,-43.04339689626304,0.22162162162162163,185,0.08884120105065388,141.5750000000001
C2_00,2013-01-01 to 2014-12-31 (two years),37,0.07695688155645622,-8.173282737151524,-39.950915443492704,0.2111111111111111,180,-0.10461201925111292,143.77849999999998
C2_00,2013-01-01 to 2014-12-31 (two years),38,1.3808192449863355,104.50172279725413,-41.20313742448272,0.25824175824175827,182,1.0454127396699477,137.83910000000006
C2_00,2013-01-01 to 2014-12-31 (two years),39,-0.5303718131995354,-35.52398307122796,-57.00642373903613,0.18994413407821228,179,-0.34605235809186263,132.50389999999996
C2_00,2013-01-01 to 2014-12-31 (two years),40,-0.4679237723637772,-32.01132966894775,-55.26338770610146,0.19337016574585636,181,-0.3178700272785522,142.53400000000002
C2_00,2013-01-01 to 2014-12-31 (two years),41,1.1774675044088472,80.23799711182257,-29.243403684665147,0.25139664804469275,179,1.1731535109544207,142.03899999999996
C2_00,2013-01-01 to 2014-12-31 (two years),42,-0.2978406715412734,-26.28900987751822,-66.32801031723908,0.1977401129943503,177,-0.21352750464605297,142.555
C2_00,2013-01-01 to 2014-12-31 (two years),43,-0.10650672734402515,-18.65600215295172,-60.231990559850715,0.20430107526881722,186,-0.16306724174672052,142.54059999999993
C2_00,2013-01-01 to 2014-12-31 (two years),44,0.5842051455654009,24.65469562660439,-55.420349237820865,0.22872340425531915,188,0.2104956839425336,144.50499999999997
C2_00,2013-01-01 to 2014-12-31 (two years),45,-1.1080085998498526,-52.62139563580885,-68.37362532726627,0.17297297297297298,185,-0.4563622136749413,131.20899999999995
C2_00,2013-01-01 to 2014-12-31 (two years),46,-0.2199458885643324,-20.68697462821001,-55.07484845540054,0.20224719101123595,178,-0.19893464000551653,143.56
C2_00,2013-01-01 to 2014-12-31 (two years),47,-0.2965352319719649,-24.213893625619612,-55.32445879592287,0.19883040935672514,171,-0.23427860328494546,143.91019999999997
C2_00,2013-01-01 to 2014-12-31 (two years),48,0.7595651570413816,37.661409011795186,-42.22830617936902,0.2388888888888889,180,0.4109784283378328,143.96000000000004
C2_00,2013-01-01 to 2014-12-31 (two years),49,-0.2788456495674799,-23.827770432933953,-57.75149852463994,0.2,180,-0.22059319405123698,144.8684
C2_00,2013-01-01 to 2014-12-31 (two years),50,0.7973473850258501,43.59063390337892,-29.650548781408236,0.23756906077348067,181,0.6697700047543594,142.64399999999998
C2_01,2013-01-01 to 2014-12-31 (two years),1,0.42678643704797187,13.316060939044604,-37.939113634428345,0.2236024844720497,161,0.17025027233615175,142.29
C2_01,2013-01-01 to 2014-12-31 (two years),2,0.9301439228621388,45.04525644515805,-30.42805810621806,0.24305555555555555,144,0.6725850796802957,142.805
C2_01,2013-01-01 to 2014-12-31 (two years),3,1.4709231573561052,97.889327901571,-31.22033430721699,0.27611940298507465,134,1.3048870783602682,140.15979999999996
C2_01,2013-01-01 to 2014-12-31 (two years),4,1.0306856574737344,55.34168244091643,-35.76347861704502,0.25161290322580643,155,0.6899161438593155,143.12
C2_01,2013-01-01 to 2014-12-31 (two years),5,1.9864798764971547,140.62210773208142,-23.894421338860305,0.29365079365079366,126,2.310724927301347,140.15389999999996
C2_01,2013-01-01 to 2014-12-31 (two years),6,0.9291335833691755,44.70305921325357,-30.247904994757803,0.2465753424657534,146,0.6718837323969129,142.3211
C2_01,2013-01-01 to 2014-12-31 (two years),7,-0.7355481508476037,-33.43388472451607,-53.81589463918812,0.1875,128,-0.3425514121845638,132.67809999999986
C2_01,2013-01-01 to 2014-12-31 (two years),8,-0.2853131481116502,-19.311264443483978,-37.36280254942657,0.19852941176470587,136,-0.2726323812213421,140.31049999999993
C2_01,2013-01-01 to 2014-12-31 (two years),9,0.5993851668021163,23.07328097551496,-27.824748012030533,0.23129251700680273,147,0.3936853548674134,141.14400000000003
C2_01,2013-01-01 to 2014-12-31 (two years),10,-0.07366494401838546,-11.820659872161315,-41.78934990401883,0.20689655172413793,145,-0.14607182489285775,143.25
C2_01,2013-01-01 to 2014-12-31 (two years),11,1.347902074974315,81.5830944401585,-32.15610046090471,0.26277372262773724,137,1.0824669867052183,142.63
C2_01,2013-01-01 to 2014-12-31 (two years),12,0.5925969864550752,22.94966120497934,-41.16689193199969,0.23529411764705882,136,0.26473657372965026,142.49200000000002
C2_01,2013-01-01 to 2014-12-31 (two years),13,1.9453726455732394,135.64146184565143,-30.135315296877973,0.29508196721311475,122,1.7785261866879267,142.30450000000002
C2_01,2013-01-01 to 2014-12-31 (two years),14,0.6343443122690048,24.094048448201104,-31.522245416301807,0.23853211009174313,109,0.3620935847055967,142.41
C2_01,2013-01-01 to 2014-12-31 (two years),15,3.121377508915622,371.7493316175,-18.47555444988688,0.3382352941176471,136,6.355919070117662,143.12
C2_01,2013-01-01 to 2014-12-31 (two years),16,0.9726156579573646,48.95406936183976,-57.25740870902937,0.25,148,0.38562870578587954,142.10999999999999
C2_01,2013-01-01 to 2014-12-31 (two years),17,1.1486477005003168,58.73468780140975,-27.010147302471644,0.25806451612903225,124,0.9637078015611562,135.82110000000017
C2_01,2013-01-01 to 2014-12-31 (two years),18,1.1125318957929808,60.455834518790766,-47.452156675437195,0.2484076433121019,157,0.5629301663815115,139.5542000000001
C2_01,2013-01-01 to 2014-12-31 (two years),19,0.7726969004063035,34.342261914242115,-38.26946420069317,0.2413793103448276,145,0.4162478135414305,141.97590000000005
C2_01,2013-01-01 to 2014-12-31 (two years),20,0.4651580064856564,14.833524034483094,-32.46285733278506,0.23636363636363636,110,0.22088540160020306,140.99780000000004
C2_01,2013-01-01 to 2014-12-31 (two years),21,-0.2337275829646251,-17.375561579660605,-42.621625116297714,0.2047244094488189,127,-0.21383306275944802,142.31800000000004
C2_01,2013-01-01 to 2014-12-31 (two years),22,1.4991814397122722,95.13541001497804,-28.56062638758724,0.2740740740740741,135,1.3919492495283021,142.35000000000002
C2_01,2013-01-01 to 2014-12-31 (two years),23,0.638318630302375,26.060610106440397,-55.72086105633112,0.23076923076923078,156,0.2206454057461572,141.80309999999994
C2_01,2013-01-01 to 2014-12-31 (two years),24,0.14596425553453873,-1.4974382725486113,-31.71340853939313,0.21951219512195122,164,-0.023730349133838695,138.87720000000016
C2_01,2013-01-01 to 2014-12-31 (two years),25,1.1678985436967053,58.8129664140832,-40.07233267564138,0.26229508196721313,122,0.6503490562816006,141.89800000000002
C2_01,2013-01-01 to 2014-12-31 (two years),26,1.061434429493522,56.837846388384925,-21.10614573452726,0.2518518518518518,135,1.1974512294542183,142.7439
C2_01,2013-01-01 to 2014-12-31 (two years),27,1.4500097614872487,91.95088254842705,-28.93549609853051,0.272,125,1.3342890788473392,142.72
C2_01,2013-01-01 to 2014-12-31 (two years),28,0.1398917074000704,-2.2058627893359115,-51.63965755239251,0.21428571428571427,126,-0.021506622099434654,133.3678999999999
C2_01,2013-01-01 to 2014-12-31 (two years),29,0.2877470777004008,5.733407806532691,-42.70981906278636,0.2265625,128,0.06627710665964173,142.0720999999999
C2_01,2013-01-01 to 2014-12-31 (two years),30,1.5099578282699897,97.27865151287426,-26.82515216337572,0.2662337662337662,154,1.5105744111846886,142.81
C2_01,2013-01-01 to 2014-12-31 (two years),31,0.6451301037244841,26.489559721233796,-50.077933031335185,0.2391304347826087,138,0.24932549764370346,142.0049
C2_01,2013-01-01 to 2014-12-31 (two years),32,2.83975925805541,261.84248590457344,-16.625223786985,0.3253968253968254,126,5.436885483713551,142.885
C2_01,2013-01-01 to 2014-12-31 (two years),33,1.7399057227036252,113.22494975292689,-30.264696634164533,0.2803030303030303,132,1.523163928979308,141.639
C2_01,2013-01-01 to 2014-12-31 (two years),34,0.416801198432102,12.439617231883767,-42.266737646325026,0.23076923076923078,130,0.1430457237907844,142.42
C2_01,2013-01-01 to 2014-12-31 (two years),35,0.9073552611700602,42.59630384158033,-20.645788408651235,0.24806201550387597,129,0.9417301144173379,141.15009999999995
C2_01,2013-01-01 to 2014-12-31 (two years),36,0.21617615851474992,1.7835046118756426,-34.208715852929615,0.22137404580152673,131,0.025988537870211985,141.5600000000001
C2_01,2013-01-01 to 2014-12-31 (two years),37,1.7195417106596016,101.92525512002445,-30.714918497340204,0.2833333333333333,120,1.372913054206161,141.8001
C2_01,2013-01-01 to 2014-12-31 (two years),38,2.226877529524223,187.5563518021511,-28.429525289299708,0.29577464788732394,142,2.4515977098152586,136.76900000000006
C2_01,2013-01-01 to 2014-12-31 (two years),39,0.7736904051212878,35.06129773153233,-44.395211166367275,0.2440944881889764,127,0.3658015139925645,132.63889999999998
C2_01,2013-01-01 to 2014-12-31 (two years),40,1.7352844260549516,120.52906015757945,-23.03189410658658,0.2773722627737226,137,2.109369819879687,142.69
C2_01,2013-01-01 to 2014-12-31 (two years),41,0.9476345089178101,45.85690820084293,-39.808932522710926,0.2540983606557377,122,0.5225586854727885,142.22899999999998
C2_01,2013-01-01 to 2014-12-31 (two years),42,0.6132925348946024,23.732397872457437,-32.64699914617884,0.234375,128,0.3446354515622721,142.13
C2_01,2013-01-01 to 2014-12-31 (two years),43,0.7198279258453717,31.532906936956255,-32.28235900198379,0.2421875,128,0.4556469558259944,142.01059999999993
C2_01,2013-01-01 to 2014-12-31 (two years),44,1.7255028013148057,105.93989970185287,-26.276013935653232,0.2755905511811024,127,1.658439709431483,142.06
C2_01,2013-01-01 to 2014-12-31 (two years),45,0.6348074976183163,24.781264885091087,-29.95538455991087,0.23880597014925373,134,0.3913319183318673,129.98889999999997
C2_01,2013-01-01 to 2014-12-31 (two years),46,1.235701299947333,65.30015703569086,-34.73636844876178,0.2556390977443609,133,0.8237313552135289,143.04
C2_01,2013-01-01 to 2014-12-31 (two years),47,1.6921597523611003,112.36565455848861,-35.87490360591916,0.2733812949640288,139,1.2767422743543786,143.375
C2_01,2013-01-01 to 2014-12-31 (two years),48,1.1119010097476323,59.986623692776874,-38.899783063458756,0.25517241379310346,145,0.6819213445921329,142.53
C2_01,2013-01-01 to 2014-12-31 (two years),49,1.1750639405564396,68.76283017047531,-36.596603295997085,0.2550335570469799,149,0.8185291257753371,142.9
C2_01,2013-01-01 to 2014-12-31 (two years),50,1.125523432078055,61.25315492531362,-35.63723018244016,0.2558139534883721,129,0.7583954952630142,142.279
C2_02,2013-01-01 to 2014-12-31 (two years),1,-0.006273971562429214,-23.02975364527636,-82.8707605257253,0.2098092643051771,367,-0.148219473610523,142.29
C2_02,2013-01-01 to 2014-12-31 (two years),2,-1.4250921612546634,-75.47869099198952,-82.07133164516269,0.1745152354570637,361,-0.6156683566518092,142.805
C2_02,2013-01-01 to 2014-12-31 (two years),3,0.6771745522716673,37.774940106722696,-52.90221282993082,0.22792022792022792,351,0.3289724649007698,140.15979999999996
C2_02,2013-01-01 to 2014-12-31 (two years),4,0.317227933915554,1.3043695752562416,-53.031637260390376,0.21813031161473087,353,0.012275058464143954,143.12
C2_02,2013-01-01 to 2014-12-31 (two years),5,-0.31831266714846423,-39.891746222997725,-73.03768617396251,0.20057306590257878,349,-0.3080265946739785,141.15369999999993
C2_02,2013-01-01 to 2014-12-31 (two years),6,0.540869564921653,22.526078683699517,-54.17644034377218,0.22291021671826625,323,0.19763061365540643,142.3211
C2_02,2013-01-01 to 2014-12-31 (two years),7,-1.0156963384337416,-63.731329335329555,-79.61112578592156,0.18397626112759644,337,-0.5001612743494692,131.85809999999984
C2_02,2013-01-01 to 2014-12-31 (two years),8,-1.3123826354083539,-72.8049648110556,-86.67845615011173,0.17543859649122806,342,-0.5525905295111626,140.7394999999999
C2_02,2013-01-01 to 2014-12-31 (two years),9,-0.922075529431896,-63.07813971521013,-66.75986606406614,0.18863049095607234,387,-0.5883497319911729,141.634
C2_02,2013-01-01 to 2014-12-31 (two years),10,-1.699828266922289,-79.29530535729383,-81.62259550469733,0.1711229946524064,374,-0.668279529698912,143.25
C2_02,2013-01-01 to 2014-12-31 (two years),11,0.08133378971805356,-17.783852822969482,-65.87276260122617,0.21022727272727273,352,-0.1417741814289861,142.63
C2_02,2013-01-01 to 2014-12-31 (two years),12,-0.4817926947847412,-46.63135204397451,-69.21003357250174,0.1981981981981982,333,-0.38979331215766694,142.49200000000002
C2_02,2013-01-01 to 2014-12-31 (two years),13,0.5237319098779921,20.516217525799238,-71.10912685821302,0.2219178082191781,365,0.13773099244554315,142.05
C2_02,2013-01-01 to 2014-12-31 (two years),14,-0.713637329686441,-55.157994665100574,-64.48767193714905,0.19130434782608696,345,-0.5128523235558492,142.41
C2_02,2013-01-01 to 2014-12-31 (two years),15,0.08272512903174703,-15.678539967289165,-72.56939349062651,0.2111111111111111,360,-0.11277512671401209,143.12
C2_02,2013-01-01 to 2014-12-31 (two years),16,0.07754171237528198,-17.783852822971514,-71.9579874454806,0.21022727272727273,352,-0.12978485541067797,142.10999999999999
C2_02,2013-01-01 to 2014-12-31 (two years),17,-1.03401627054669,-64.89883095196103,-82.61085593594586,0.18598382749326145,371,-0.4938368839299775,135.32960000000003
C2_02,2013-01-01 to 2014-12-31 (two years),18,-0.8651602852933354,-61.62775829476049,-81.59517920505672,0.19047619047619047,378,-0.46688235748038603,140.3947000000001
C2_02,2013-01-01 to 2014-12-31 (two years),19,0.6379704850909327,32.85521224805581,-63.13886825023096,0.2247191011235955,356,0.24209012375212421,141.6588000000001
C2_02,2013-01-01 to 2014-12-31 (two years),20,0.4328293948137174,11.784318728499848,-65.26031263009415,0.22093023255813954,344,0.08789694590102821,140.97890000000004
C2_02,2013-01-01 to 2014-12-31 (two years),21,-0.37251708680130713,-43.996128538460304,-74.24050976892993,0.20055710306406685,359,-0.33935673291923485,142.68300000000002
C2_02,2013-01-01 to 2014-12-31 (two years),22,1.0913289687987973,92.38181077032952,-46.14732311839364,0.23837209302325582,344,0.840006035163661,141.81990000000002
C2_02,2013-01-01 to 2014-12-31 (two years),23,-0.5743968774270993,-52.00919696124588,-81.9680489515785,0.1945945945945946,370,-0.3752618229917433,142.14309999999995
C2_02,2013-01-01 to 2014-12-31 (two years),24,0.02545163977691609,-19.489099160517664,-47.03673359318555,0.21138211382113822,369,-0.2186689481854769,138.83420000000018
C2_02,2013-01-01 to 2014-12-31 (two years),25,-0.6501813290805598,-54.83090106323699,-70.11495485746806,0.19466666666666665,375,-0.4682120262402108,141.65810000000005
C2_02,2013-01-01 to 2014-12-31 (two years),26,1.570424647473078,195.87380010059087,-40.3654379266467,0.24860335195530725,358,1.7871192099533255,142.7439
C2_02,2013-01-01 to 2014-12-31 (two years),27,0.19034239255280616,-7.887781796665176,-65.45954676879198,0.21367521367521367,351,-0.06156929134576841,142.72
C2_02,2013-01-01 to 2014-12-31 (two years),28,-1.165851436298444,-67.87167442763618,-76.34901071520875,0.18075801749271136,343,-0.5679480337830537,133.3678999999999
C2_02,2013-01-01 to 2014-12-31 (two years),29,-1.7359953154598622,-81.78720991955767,-86.49427333731981,0.16890080428954424,373,-0.6633199190233727,142.3321999999999
C2_02,2013-01-01 to 2014-12-31 (two years),30,1.5632216849498788,192.99281602280988,-38.566702249168294,0.25,344,1.8486563493326855,142.81
C2_02,2013-01-01 to 2014-12-31 (two years),31,-0.38816529520340387,-43.1383561392629,-77.90282633788236,0.1994459833795014,361,-0.3160672529038868,142.185
C2_02,2013-01-01 to 2014-12-31 (two years),32,1.6365549214706852,213.54332784614715,-34.56622816930501,0.25301204819277107,332,2.233694350463361,142.12699999999995
C2_02,2013-01-01 to 2014-12-31 (two years),33,-0.3806669438211782,-42.997255730783806,-77.59053874186384,0.1988472622478386,347,-0.3161331129120495,141.78900000000002
C2_02,2013-01-01 to 2014-12-31 (two years),34,-0.7275505790279116,-56.69564505713281,-82.41644573345101,0.192090395480226,354,-0.41535057889546445,142.42
C2_02,2013-01-01 to 2014-12-31 (two years),35,-1.166165374577959,-68.75138726328666,-76.6300378000874,0.18051575931232092,349,-0.57606811059591,140.26719999999992
C2_02,2013-01-01 to 2014-12-31 (two years),36,-0.4750567151422831,-47.36734297909596,-81.44462564646888,0.19714285714285715,350,-0.3374508951538738,141.41240000000008
C2_02,2013-01-01 to 2014-12-31 (two years),37,-0.5959153325773532,-53.53989704646893,-68.42138521651037,0.1940700808625337,371,-0.46585113299674086,141.8001
C2_02,2013-01-01 to 2014-12-31 (two years),38,0.8646058632568004,61.3743160938853,-41.648132164906116,0.23076923076923078,351,0.6500866248241877,136.82910000000007
C2_02,2013-01-01 to 2014-12-31 (two years),39,-1.2310711899038898,-70.28860015488434,-87.77125405005764,0.1810810810810811,370,-0.5188166653513915,132.04389999999998
C2_02,2013-01-01 to 2014-12-31 (two years),40,-0.9586020434484408,-65.46323796074054,-74.90478491759818,0.18478260869565216,368,-0.5510308948457086,142.589
C2_02,2013-01-01 to 2014-12-31 (two years),41,1.0429185912209171,83.19845630591942,-38.108231970982686,0.2361111111111111,360,0.9291178131524059,141.94399999999996
C2_02,2013-01-01 to 2014-12-31 (two years),42,-0.3550178735159187,-42.706832028312306,-75.9155159091796,0.199438202247191,356,-0.3205755734275783,142.13
C2_02,2013-01-01 to 2014-12-31 (two years),43,0.1271511651579402,-11.983859720208866,-53.91867975042859,0.21220930232558138,344,-0.11482654756664819,139.76059999999993
C2_02,2013-01-01 to 2014-12-31 (two years),44,1.1176471967374628,93.20797669988296,-44.1932265081746,0.23699421965317918,346,0.8838927860529118,142.06
C2_02,2013-01-01 to 2014-12-31 (two years),45,0.006065256292127344,-20.66015532816789,-48.35958073722981,0.21067415730337077,356,-0.22624722474830214,129.25889999999995
C2_02,2013-01-01 to 2014-12-31 (two years),46,1.2067786257775883,112.89201563980401,-44.743738203070095,0.2413793103448276,348,1.0277154899622907,143.04
C2_02,2013-01-01 to 2014-12-31 (two years),47,-0.19701012749158534,-33.40559794341043,-62.06246613082096,0.20579710144927535,345,-0.2967551829302366,143.375
C2_02,2013-01-01 to 2014-12-31 (two years),48,-0.45205367455303536,-43.24215846157277,-75.80232324517256,0.2011173184357542,358,-0.3257348689263407,142.53
C2_02,2013-01-01 to 2014-12-31 (two years),49,0.3706343679184089,6.645315542585224,-59.24112012046305,0.21813031161473087,353,0.05526188482788203,142.9
C2_02,2013-01-01 to 2014-12-31 (two years),50,-0.047723276296062905,-24.737611323960333,-64.7436974501996,0.2077562326869806,361,-0.20485406980908985,142.279
C2_03,2013-01-01 to 2014-12-31 (two years),1,0.5993580013640913,21.113083596011776,-41.9970418391129,0.24107142857142858,112,0.23967996022253096,142.76999999999998
C2_03,2013-01-01 to 2014-12-31 (two years),2,1.3241065493306907,59.603660873800166,-21.20419947882155,0.2708333333333333,96,1.2438507505448675,142.82500000000002
C2_03,2013-01-01 to 2014-12-31 (two years),3,2.528208067864368,169.94417436117823,-20.49539170399186,0.34523809523809523,84,3.1427416920972684,141.10979999999995
C2_03,2013-01-01 to 2014-12-31 (two years),4,1.3504728534320165,59.37141882132835,-22.83534334026065,0.27906976744186046,86,1.150968230427923,143.34
C2_03,2013-01-01 to 2014-12-31 (two years),5,1.1520859192152475,52.8427539112217,-31.611927648389514,0.2564102564102564,117,0.7486277934009278,141.99369999999993
C2_03,2013-01-01 to 2014-12-31 (two years),6,1.4670023075230527,64.81917279339136,-27.614999940850037,0.27956989247311825,93,1.029365404071751,141.85
C2_03,2013-01-01 to 2014-12-31 (two years),7,-0.1670452162173302,-9.256669525192478,-29.93970582399448,0.2112676056338028,71,-0.15855374277343823,132.8345999999998
C2_03,2013-01-01 to 2014-12-31 (two years),8,0.44642696309990615,12.695684426138227,-23.90975145764427,0.22988505747126436,87,0.2579251570854042,141.3857999999999
C2_03,2013-01-01 to 2014-12-31 (two years),9,1.2321319781611353,58.20004727629681,-21.22486059462133,0.2692307692307692,104,1.216364945975012,142.05400000000003
C2_03,2013-01-01 to 2014-12-31 (two years),10,1.0593050710600243,43.181419007439096,-19.61356586239663,0.2619047619047619,84,1.0037899654768845,143.01
C2_03,2013-01-01 to 2014-12-31 (two years),11,1.6345988074652489,80.3670637852538,-26.161069977118288,0.2872340425531915,94,1.3132164342329926,142.29
C2_03,2013-01-01 to 2014-12-31 (two years),12,1.6626662249780486,88.17229857092399,-23.80966542921098,0.29545454545454547,88,1.563877528388626,143.042
C2_03,2013-01-01 to 2014-12-31 (two years),13,2.0500012933948337,115.21212620139477,-30.505204153142053,0.325,80,1.5334511030674745,142.72
C2_03,2013-01-01 to 2014-12-31 (two years),14,0.8108910653262377,30.236578966955975,-24.443974316700068,0.25263157894736843,95,0.5785443067454488,142.305
C2_03,2013-01-01 to 2014-12-31 (two years),15,3.7041316010239766,341.30851571030496,-13.493144042650385,0.4125,80,8.173592024537042,142.94000000000003
C2_03,2013-01-01 to 2014-12-31 (two years),16,1.0800828612695443,44.742347393279054,-36.87409464394241,0.26262626262626265,99,0.5515913325382704,142.05399999999997
C2_03,2013-01-01 to 2014-12-31 (two years),17,0.8767510621008078,34.761893340859565,-35.04858192674997,0.25263157894736843,95,0.45966900522785487,135.21960000000004
C2_03,2013-01-01 to 2014-12-31 (two years),18,1.4849633283468264,73.35534464170476,-40.7551106999219,0.27884615384615385,104,0.7781642351449546,140.0442000000001
C2_03,2013-01-01 to 2014-12-31 (two years),19,2.1119080359897424,124.83762227221278,-29.41784186702351,0.30927835051546393,97,1.7006418207647145,141.79590000000007
C2_03,2013-01-01 to 2014-12-31 (two years),20,1.210396575419305,51.93436348270054,-24.589977519337946,0.27710843373493976,83,0.9474195348680023,140.87880000000007
C2_03,2013-01-01 to 2014-12-31 (two years),21,0.5638840744131611,18.205168173605262,-30.45282627024706,0.24390243902439024,82,0.2868263424522335,142.73300000000003
C2_03,2013-01-01 to 2014-12-31 (two years),22,2.380280941794371,156.20207662488522,-18.23504406217271,0.35,80,3.2994958907658978,142.57000000000002
C2_03,2013-01-01 to 2014-12-31 (two years),23,1.7204546227643038,92.23287795981486,-41.354041059156174,0.2912621359223301,103,0.9360689454613329,141.69309999999996
C2_03,2013-01-01 to 2014-12-31 (two years),24,-0.03248095813809751,-6.053178151669986,-36.74752639826345,0.21649484536082475,97,-0.08376025564967957,138.87420000000017
C2_03,2013-01-01 to 2014-12-31 (two years),25,1.2904348008847724,55.81920795293483,-24.93054379060633,0.26666666666666666,90,0.9973927163320251,140.82800000000003
C2_03,2013-01-01 to 2014-12-31 (two years),26,1.5046189777928838,75.69387617769273,-30.02275694315105,0.27835051546391754,97,1.0858700320120365,142.4339
C2_03,2013-01-01 to 2014-12-31 (two years),27,1.7685283933717095,87.8716909842921,-31.76684134690855,0.3026315789473684,76,1.1686899716394776,142.3
C2_03,2013-01-01 to 2014-12-31 (two years),28,-0.048884116788442566,-7.270032679920756,-31.077897134386788,0.20689655172413793,87,-0.11933190222149428,134.72789999999995
C2_03,2013-01-01 to 2014-12-31 (two years),29,0.9305846490410803,38.396295284247984,-18.058500180128647,0.2604166666666667,96,0.9783856322488836,142.37719999999993
C2_03,2013-01-01 to 2014-12-31 (two years),30,3.663220080911758,347.5066250327753,-15.564480526135615,0.3894736842105263,95,7.180519663605829,143.25
C2_03,2013-01-01 to 2014-12-31 (two years),31,0.5195477646333607,16.7023858640932,-37.08347316952153,0.24175824175824176,91,0.21681689189574974,142.79
C2_03,2013-01-01 to 2014-12-31 (two years),32,3.754031174469346,376.922238117007,-12.237200202850484,0.4044943820224719,89,9.693361842322762,142.82
C2_03,2013-01-01 to 2014-12-31 (two years),33,2.0322501853196524,99.85390359050535,-19.787523766324288,0.3125,80,2.0940895893629605,142.85999999999999
C2_03,2013-01-01 to 2014-12-31 (two years),34,1.1087302059331068,47.253981021202605,-31.898565164983562,0.2604166666666667,96,0.6702641412785011,142.885
C2_03,2013-01-01 to 2014-12-31 (two years),35,0.6552195944680946,21.8812491035494,-20.072726476306922,0.2413793103448276,87,0.518854544607586,140.97009999999995
C2_03,2013-01-01 to 2014-12-31 (two years),36,-0.49414976254731385,-24.546143255973043,-42.484037411677356,0.19230769230769232,104,-0.3095891936410965,141.66240000000008
C2_03,2013-01-01 to 2014-12-31 (two years),37,2.774506198629692,162.97613071765343,-19.51143727600917,0.37142857142857144,70,3.191613464995825,142.25
C2_03,2013-01-01 to 2014-12-31 (two years),38,3.566962195915255,289.39091457207905,-18.49689519609987,0.38372093023255816,86,5.271910600548047,137.21910000000005
C2_03,2013-01-01 to 2014-12-31 (two years),39,1.6413317658106588,83.55902567640915,-21.76262785945623,0.2857142857142857,98,1.6330935793619907,132.50389999999996
C2_03,2013-01-01 to 2014-12-31 (two years),40,1.9159808237869043,113.1348067460888,-23.697342346441385,0.29896907216494845,97,1.943980287311301,142.89000000000001
C2_03,2013-01-01 to 2014-12-31 (two years),41,1.159851901129457,54.4266136330804,-33.5129117023793,0.2636363636363636,110,0.7252592191319538,142.50899999999996
C2_03,2013-01-01 to 2014-12-31 (two years),42,1.1964634248902486,53.98815290242028,-25.529853966847348,0.2727272727272727,88,0.9451174860031719,141.91
C2_03,2013-01-01 to 2014-12-31 (two years),43,0.5999641721677714,20.065739328011777,-21.01148817871321,0.2535211267605634,71,0.4563340438256046,140.30059999999992
C2_03,2013-01-01 to 2014-12-31 (two years),44,1.1139394148692798,49.930197609163905,-33.624377880869595,0.26804123711340205,97,0.6685626917871675,142.778
C2_03,2013-01-01 to 2014-12-31 (two years),45,-0.36684514261674095,-17.229963780186218,-31.351155783015937,0.20192307692307693,104,-0.2881475889335297,130.08889999999997
C2_03,2013-01-01 to 2014-12-31 (two years),46,1.9979310244030457,104.2999807384113,-18.29934821146708,0.30864197530864196,81,2.350007130432572,142.73999999999998
C2_03,2013-01-01 to 2014-12-31 (two years),47,2.081481799226749,115.95056080231036,-27.80067348818217,0.3132530120481928,83,1.6916921486436376,142.985
C2_03,2013-01-01 to 2014-12-31 (two years),48,2.064544396077796,116.19001661981034,-18.82495571527195,0.3291139240506329,79,2.5026240643281605,142.685
C2_03,2013-01-01 to 2014-12-31 (two years),49,1.7624521864340248,100.70135447785941,-28.657468630044814,0.297029702970297,101,1.4564026289580607,142.9399
C2_03,2013-01-01 to 2014-12-31 (two years),50,1.8476134847309,110.53337801307347,-26.067548610213333,0.30851063829787234,94,1.7328745420787437,142.779
C2_04,2013-01-01 to 2014-12-31 (two years),1,-0.01870160621817441,-13.573399360079383,-56.994990143639825,0.21171171171171171,222,-0.12357915661909816,142.48499999999999
C2_04,2013-01-01 to 2014-12-31 (two years),2,0.5395901976209965,21.921849013813592,-38.73643430354357,0.22510822510822512,231,0.2693391738425733,142.485
C2_04,2013-01-01 to 2014-12-31 (two years),3,1.1135515920739274,76.23483617695483,-43.467714024047,0.24663677130044842,223,0.7546997654678779,140.15979999999996
C2_04,2013-01-01 to 2014-12-31 (two years),4,0.981835007218004,60.585078767212785,-29.80869255177957,0.2412280701754386,228,0.8978368420620856,143.50000000000003
C2_04,2013-01-01 to 2014-12-31 (two years),5,0.8980835846376021,53.791390680702854,-45.81539406457576,0.2374429223744292,219,0.5249168640753347,140.20389999999998
C2_04,2013-01-01 to 2014-12-31 (two years),6,1.1691372042265538,75.30286038414027,-40.4559343416994,0.24864864864864866,185,0.8021807677284207,143.14000000000001
C2_04,2013-01-01 to 2014-12-31 (two years),7,-0.6262081463961764,-39.61574382593061,-59.15646229746079,0.19047619047619047,210,-0.37729729689163943,132.7280999999998
C2_04,2013-01-01 to 2014-12-31 (two years),8,-1.8151766379222734,-70.5160584590128,-73.96014108533173,0.16228070175438597,228,-0.6185270559179121,140.0554999999999
C2_04,2013-01-01 to 2014-12-31 (two years),9,0.23994512447224156,0.5951824659892714,-39.2783128022747,0.2191780821917808,219,0.0075756299233563406,140.99400000000003
C2_04,2013-01-01 to 2014-12-31 (two years),10,0.6645297351330033,31.46233909458141,-36.399121099584754,0.2290748898678414,227,0.4032663660065092,144.51599999999996
C2_04,2013-01-01 to 2014-12-31 (two years),11,-0.30894610812507733,-28.120406264229402,-68.37758412309726,0.19902912621359223,206,-0.22284150105381387,142.92199999999997
C2_04,2013-01-01 to 2014-12-31 (two years),12,2.1216459362358773,217.96585599387757,-33.6944602940551,0.28350515463917525,194,2.3284985772686984,143.482
C2_04,2013-01-01 to 2014-12-31 (two years),13,0.7554955680404106,39.03292889791299,-52.74508476780173,0.23394495412844038,218,0.340105229780624,142.175
C2_04,2013-01-01 to 2014-12-31 (two years),14,-0.19679994443380283,-21.906817783691405,-44.46221266703554,0.20476190476190476,210,-0.261899669734969,143.26000000000002
C2_04,2013-01-01 to 2014-12-31 (two years),15,1.2417121768436759,86.80215033322068,-32.11776711194617,0.24875621890547264,201,1.1437337150347262,142.76000000000002
C2_04,2013-01-01 to 2014-12-31 (two years),16,0.4582794081565808,15.720401372412462,-62.705704354915866,0.22608695652173913,230,0.12094897334950117,142.05399999999997
C2_04,2013-01-01 to 2014-12-31 (two years),17,0.5399764349893639,21.93655999455721,-51.91306298953427,0.22857142857142856,210,0.20110372876385163,134.7411000000002
C2_04,2013-01-01 to 2014-12-31 (two years),18,0.11462345062791755,-6.556315553586682,-69.3967091913644,0.21621621621621623,222,-0.048103466238127134,139.4842000000001
C2_04,2013-01-01 to 2014-12-31 (two years),19,2.295167270730949,255.16759090899197,-37.35438613537061,0.29015544041450775,193,2.3724871624281314,142.13590000000005
C2_04,2013-01-01 to 2014-12-31 (two years),20,0.8241772207570661,47.98368142798244,-48.16400836653001,0.23766816143497757,223,0.45015457757808625,141.12870000000007
C2_04,2013-01-01 to 2014-12-31 (two years),21,0.4552202948067701,15.49617656630907,-47.90176181405174,0.22549019607843138,204,0.15614806008007923,142.60300000000004
C2_04,2013-01-01 to 2014-12-31 (two years),22,1.7522192482723986,159.38636100061035,-29.46914784488781,0.2717948717948718,195,2.075393675466516,142.02
C2_04,2013-01-01 to 2014-12-31 (two years),23,-0.5095095643602865,-37.28156453637763,-60.4150361265866,0.19369369369369369,222,-0.3447877464173919,141.80309999999994
C2_04,2013-01-01 to 2014-12-31 (two years),24,-0.3976473752167463,-31.891990945219867,-52.60704984639345,0.20089285714285715,224,-0.33254403118719544,138.73420000000016
C2_04,2013-01-01 to 2014-12-31 (two years),25,1.0942887005303485,66.44371378458817,-35.3000041644837,0.25,184,0.8231771609410231,141.83800000000002
C2_04,2013-01-01 to 2014-12-31 (two years),26,0.12732849585349879,-6.054993174003975,-45.90362706266866,0.21287128712871287,202,-0.06707356133984387,146.23389999999998
C2_04,2013-01-01 to 2014-12-31 (two years),27,0.24894129262518014,0.8804185489390757,-50.84252130812774,0.215962441314554,213,0.008651192693859193,142.29510000000002
C2_04,2013-01-01 to 2014-12-31 (two years),28,-0.8015232864318829,-47.4488040365788,-58.4497600389992,0.18226600985221675,203,-0.4711700851527444,134.0903999999999
C2_04,2013-01-01 to 2014-12-31 (two years),29,0.32127711556178884,6.364358688377942,-48.96513322729202,0.22277227722772278,202,0.06407543810559833,142.3771999999999
C2_04,2013-01-01 to 2014-12-31 (two years),30,0.8482654178449757,49.01984695067811,-49.48428477364626,0.23766816143497757,223,0.446749702217862,143.10250000000002
C2_04,2013-01-01 to 2014-12-31 (two years),31,-0.515449362885943,-37.34809912259907,-68.27433947330121,0.1956521739130435,230,-0.30571407134981776,141.765
C2_04,2013-01-01 to 2014-12-31 (two years),32,1.1359817220217907,78.06142885151894,-35.78615519770988,0.2463768115942029,207,0.9359059383118812,142.07699999999997
C2_04,2013-01-01 to 2014-12-31 (two years),33,0.48445998938797546,17.629862350391424,-52.71467934205292,0.22429906542056074,214,0.16066455785580203,141.859
C2_04,2013-01-01 to 2014-12-31 (two years),34,0.2649383603779252,3.2735775961016227,-63.483523167286116,0.2193877551020408,196,0.02561063686418213,143.331
C2_04,2013-01-01 to 2014-12-31 (two years),35,0.41632068066627603,12.616632664427799,-36.52336647477002,0.22274881516587677,211,0.16782770427188148,140.0271999999999
C2_04,2013-01-01 to 2014-12-31 (two years),36,0.11972747840044891,-7.147937408680405,-51.56569733893036,0.21428571428571427,210,-0.07068897336987169,141.3000000000001
C2_04,2013-01-01 to 2014-12-31 (two years),37,0.48460649408529366,17.644588379246755,-34.181025737612025,0.22310756972111553,251,0.24797908147492492,142.29
C2_04,2013-01-01 to 2014-12-31 (two years),38,1.9547255231489593,196.72113283131904,-33.69971463615376,0.26976744186046514,215,2.14792615063368,136.80900000000005
C2_04,2013-01-01 to 2014-12-31 (two years),39,0.3744387410344634,9.690502835227612,-61.5565153259805,0.22429906542056074,214,0.07700043048697541,132.32389999999998
C2_04,2013-01-01 to 2014-12-31 (two years),40,-0.9484730726027778,-52.918408768561754,-64.06227594021792,0.18292682926829268,246,-0.4904511229772355,142.299
C2_04,2013-01-01 to 2014-12-31 (two years),41,1.0512204710320376,73.15457190851451,-47.49518182147327,0.2465753424657534,219,0.6661258838306359,141.57899999999998
C2_04,2013-01-01 to 2014-12-31 (two years),42,0.6241151908830403,29.152787641858573,-50.05972313787343,0.22897196261682243,214,0.2729809424660593,142.45000000000002
C2_04,2013-01-01 to 2014-12-31 (two years),43,-0.6312292386081038,-40.21540283416761,-63.729537771054446,0.18877551020408162,196,-0.3562990849319271,141.70059999999992
C2_04,2013-01-01 to 2014-12-31 (two years),44,1.7135726649625784,147.4167437883881,-30.666763602021195,0.26540284360189575,211,1.8714928020876624,143.06
C2_04,2013-01-01 to 2014-12-31 (two years),45,0.09165950912895847,-7.489827807187052,-52.401609550789516,0.21524663677130046,223,-0.07295438480799002,129.25889999999995
C2_04,2013-01-01 to 2014-12-31 (two years),46,1.7392551727596517,153.39762425460336,-35.65658466231017,0.26881720430107525,186,1.662700670235885,143.32
C2_04,2013-01-01 to 2014-12-31 (two years),47,0.7939599051521649,42.776242042876255,-55.869625382806596,0.23333333333333334,210,0.3493526377984474,143.79
C2_04,2013-01-01 to 2014-12-31 (two years),48,1.5390250200709235,122.51774104822206,-47.824707006540855,0.26262626262626265,198,1.0298471999365584,142.88000000000002
C2_04,2013-01-01 to 2014-12-31 (two years),49,1.3445111539902421,105.39599495472083,-45.86030442468426,0.2545454545454545,220,0.9460730857105593,144.338
C2_04,2013-01-01 to 2014-12-31 (two years),50,0.9762647402928747,61.66422226571267,-46.66818563095505,0.24299065420560748,214,0.5826055284843148,142.01899999999998
C2_05,2013-01-01 to 2014-12-31 (two years),1,1.318473192261375,65.30422003305664,-38.2000191594406,0.27358490566037735,106,0.7490838819837687,142.20999999999998
C2_05,2013-01-01 to 2014-12-31 (two years),2,1.6701276992056386,89.52073037688261,-22.75909954863139,0.2830188679245283,106,1.657662591792153,142.47500000000002
C2_05,2013-01-01 to 2014-12-31 (two years),3,2.2870789275249535,141.08702911922586,-21.42827053836196,0.3191489361702128,94,2.5836670837105564,141.10979999999995
C2_05,2013-01-01 to 2014-12-31 (two years),4,1.3984623113502146,71.03259388564621,-32.90536060150146,0.28421052631578947,95,0.9368558185669256,142.88
C2_05,2013-01-01 to 2014-12-31 (two years),5,0.9910645406662767,41.25227817504476,-29.948409864526738,0.25510204081632654,98,0.6303426023890838,141.15369999999993
C2_05,2013-01-01 to 2014-12-31 (two years),6,1.9934122537764507,113.4860692172259,-20.700436955192124,0.30526315789473685,95,2.2312401895106877,142.78
C2_05,2013-01-01 to 2014-12-31 (two years),7,-0.02762575269461187,-5.943867366879415,-37.60029612574722,0.21649484536082475,97,-0.08035933998700531,132.7280999999998
C2_05,2013-01-01 to 2014-12-31 (two years),8,0.5656763944815321,18.478055430402087,-27.13588553374986,0.23469387755102042,98,0.32651539834520016,140.72049999999993
C2_05,2013-01-01 to 2014-12-31 (two years),9,0.9247087013610457,38.08382518074991,-23.001960599539984,0.2523364485981308,107,0.7623300024219605,141.35400000000007
C2_05,2013-01-01 to 2014-12-31 (two years),10,0.8369680926378619,31.225252636023914,-28.005106101441513,0.24731182795698925,93,0.5204388053036827,143.18
C2_05,2013-01-01 to 2014-12-31 (two years),11,1.825270565225845,94.40073698774543,-18.76526421452438,0.3058823529411765,85,2.1044867039033606,142.20999999999998
C2_05,2013-01-01 to 2014-12-31 (two years),12,1.0210719960599446,44.19406952242318,-36.49433059104356,0.25742574257425743,101,0.5510713979517131,142.592
C2_05,2013-01-01 to 2014-12-31 (two years),13,1.2526344773413907,58.42413647426604,-39.11322448336747,0.2636363636363636,110,0.6623431589948614,142.23000000000002
C2_05,2013-01-01 to 2014-12-31 (two years),14,-0.08153992291510723,-8.306026246335861,-25.28306945536347,0.21052631578947367,95,-0.16804623116934173,143.07999999999998
C2_05,2013-01-01 to 2014-12-31 (two years),15,2.6026607250831773,174.73480273810216,-19.219509704795723,0.32653061224489793,98,3.427048568581767,143.54000000000002
C2_05,2013-01-01 to 2014-12-31 (two years),16,1.7580497628616114,86.7770607226727,-32.722674004383734,0.2988505747126437,87,1.1223098004371823,142.195
C2_05,2013-01-01 to 2014-12-31 (two years),17,1.6354517519940417,76.08143993418707,-26.508869204720675,0.2926829268292683,82,1.2353293590195635,134.96960000000004
C2_05,2013-01-01 to 2014-12-31 (two years),18,1.121533633674023,51.8049101535346,-43.61905288248803,0.2636363636363636,110,0.5328959162980411,140.0442000000001
C2_05,2013-01-01 to 2014-12-31 (two years),19,1.2076405532118528,52.02416409886242,-35.96394359717632,0.2641509433962264,106,0.6488027898643551,142.54500000000002
C2_05,2013-01-01 to 2014-12-31 (two years),20,0.6084128590103431,19.773177079384535,-22.95236881043565,0.24691358024691357,81,0.41191725761090986,141.28640000000004
C2_05,2013-01-01 to 2014-12-31 (two years),21,0.8425952034685026,32.45532316728771,-26.699369631787484,0.25882352941176473,85,0.5659843556753662,143.29300000000003
C2_05,2013-01-01 to 2014-12-31 (two years),22,2.8017804902091856,184.00331226953142,-22.266551343260854,0.35714285714285715,84,3.0828604989563715,142.01000000000002
C2_05,2013-01-01 to 2014-12-31 (two years),23,3.0649425953984135,221.3578428617803,-18.926905066076692,0.3972602739726027,73,4.195517176800751,141.22309999999993
C2_05,2013-01-01 to 2014-12-31 (two years),24,0.5647483372676577,18.311090093718178,-28.045212926922403,0.23232323232323232,99,0.31318879598320243,138.88420000000016
C2_05,2013-01-01 to 2014-12-31 (two years),25,1.3436477266132174,59.09532526465272,-28.201192071753834,0.2696629213483146,89,0.92808742455058,141.75800000000004
C2_05,2013-01-01 to 2014-12-31 (two years),26,1.5901388209422802,82.9382300892256,-22.843141777640298,0.28421052631578947,95,1.5457900322344045,143.4139
C2_05,2013-01-01 to 2014-12-31 (two years),27,1.3046377904559976,57.59745911136115,-36.890401903804204,0.2857142857142857,70,0.6933239352594701,141.7331
C2_05,2013-01-01 to 2014-12-31 (two years),28,0.3416390276571501,8.175291779808315,-30.341183085456002,0.2261904761904762,84,0.13226107402186857,134.01789999999994
C2_05,2013-01-01 to 2014-12-31 (two years),29,0.17514483748222773,1.7726633930093005,-25.707276581922265,0.23076923076923078,65,0.03437369251895038,142.5071999999999
C2_05,2013-01-01 to 2014-12-31 (two years),30,1.930083780486464,114.4745500373417,-20.61676999062312,0.29357798165137616,109,2.2567142428062206,143.99
C2_05,2013-01-01 to 2014-12-31 (two years),31,0.5984094137389532,19.85196641308744,-41.28220192656828,0.24705882352941178,85,0.22989376959925759,142.61
C2_05,2013-01-01 to 2014-12-31 (two years),32,3.1523737466079287,226.6539497335747,-11.249756244321595,0.367816091954023,87,7.1897114516035545,142.81
C2_05,2013-01-01 to 2014-12-31 (two years),33,2.077050505632908,110.80194801726726,-15.604907546424919,0.3076923076923077,91,2.900656988754373,142.24
C2_05,2013-01-01 to 2014-12-31 (two years),34,1.0676411538454014,41.95414736660549,-27.251459705904647,0.25806451612903225,93,0.703563924311479,142.69
C2_05,2013-01-01 to 2014-12-31 (two years),35,1.412923122671285,64.67013326365132,-22.71009186730183,0.2823529411764706,85,1.2491260574920204,140.70009999999996
C2_05,2013-01-01 to 2014-12-31 (two years),36,-0.1405614674261351,-12.40816605288002,-31.72340825824067,0.20909090909090908,110,-0.2023110075937356,141.70240000000007
C2_05,2013-01-01 to 2014-12-31 (two years),37,2.991390781598369,202.63470059547538,-18.32919916961111,0.36585365853658536,82,4.042520705979836,142.16
C2_05,2013-01-01 to 2014-12-31 (two years),38,2.998565863874025,218.08136097490922,-24.742031899278206,0.34,100,3.172332738462612,137.48910000000006
C2_05,2013-01-01 to 2014-12-31 (two years),39,0.3882716141506819,10.412519761106173,-36.97432529811703,0.23076923076923078,104,0.1375143641367818,132.19389999999999
C2_05,2013-01-01 to 2014-12-31 (two years),40,1.287753117159565,60.45256072700277,-25.47337952031462,0.26881720430107525,93,1.048583129374419,142.239
C2_05,2013-01-01 to 2014-12-31 (two years),41,1.495475290727885,67.57879321319977,-27.075757820722334,0.2972972972972973,74,1.0894644500541493,142.45999999999998
C2_05,2013-01-01 to 2014-12-31 (two years),42,1.6519592370796752,77.99854943781627,-20.676487483527396,0.3088235294117647,68,1.618692268458907,142.46
C2_05,2013-01-01 to 2014-12-31 (two years),43,0.40244685692917503,10.40424112831248,-27.12582005295233,0.23880597014925373,67,0.1872959333057628,141.54059999999993
C2_05,2013-01-01 to 2014-12-31 (two years),44,1.7414818298176962,90.48128913913543,-23.535114324431174,0.2903225806451613,93,1.6178366354142457,142.59
C2_05,2013-01-01 to 2014-12-31 (two years),45,0.523229081669684,15.673558860311768,-29.841653144623383,0.2413793103448276,87,0.2534170586780508,129.60899999999995
C2_05,2013-01-01 to 2014-12-31 (two years),46,1.8234814090299596,86.73928693059328,-23.692632956988213,0.3194444444444444,72,1.5494745773711982,142.76
C2_05,2013-01-01 to 2014-12-31 (two years),47,2.470504078517971,128.6251830549813,-19.25999971048269,0.3793103448275862,58,2.662998282193056,143.205
C2_05,2013-01-01 to 2014-12-31 (two years),48,1.9269249152224832,96.82212070582142,-26.46848885791654,0.3068181818181818,88,1.524774542998206,142.305
C2_05,2013-01-01 to 2014-12-31 (two years),49,1.3884756808122347,66.6178564647331,-30.394464441432955,0.2727272727272727,99,0.9582582427760653,143.6
C2_05,2013-01-01 to 2014-12-31 (two years),50,2.39524882687997,159.21985225110265,-25.039162835265603,0.3333333333333333,87,2.4405079828953316,142.919
C2_06,2013-01-01 to 2014-12-31 (two years),1,-0.6163251423035842,-24.04485152066398,-48.06840068302943,0.18072289156626506,83,-0.2676225360031518,143.01
C2_06,2013-01-01 to 2014-12-31 (two years),2,0.9670681255234002,34.07809066479099,-26.2587288782014,0.2564102564102564,78,0.6022906209763873,142.845
C2_06,2013-01-01 to 2014-12-31 (two years),3,0.4492427181963228,12.635664077268824,-21.72257064355332,0.23170731707317074,82,0.28259142754121647,141.50979999999996
C2_06,2013-01-01 to 2014-12-31 (two years),4,0.33473267901542486,7.62694247627203,-28.743229842404926,0.22666666666666666,75,0.13041804547530136,143.9
C2_06,2013-01-01 to 2014-12-31 (two years),5,-0.7612215086133319,-26.499076748403965,-39.69694223944914,0.175,80,-0.3598620247223069,141.38389999999993
C2_06,2013-01-01 to 2014-12-31 (two years),6,0.5438004467733113,15.794817744903789,-31.419467798263522,0.24050632911392406,79,0.24248738436837713,142.5875
C2_06,2013-01-01 to 2014-12-31 (two years),7,-0.33932576765398414,-15.971455963589243,-37.792899145274504,0.19230769230769232,78,-0.2207783859232417,133.18809999999982
C2_06,2013-01-01 to 2014-12-31 (two years),8,-0.945780750209313,-33.396120535176216,-38.29694150058841,0.15492957746478872,71,-0.48075759522561207,140.47049999999993
C2_06,2013-01-01 to 2014-12-31 (two years),9,0.17796836832219776,1.813719220821138,-38.108231970982544,0.21839080459770116,87,0.02372265604375171,141.484
C2_06,2013-01-01 to 2014-12-31 (two years),10,0.775229092630479,27.798731240468456,-37.356095751461694,0.24705882352941178,85,0.3497988989315486,144.74599999999995
C2_06,2013-01-01 to 2014-12-31 (two years),11,0.07903098648373337,-1.9754613134329544,-25.759977389653255,0.21333333333333335,75,-0.03858747103104744,143.52299999999997
C2_06,2013-01-01 to 2014-12-31 (two years),12,1.3611385013669492,60.81373378710465,-26.018788865033137,0.2898550724637681,69,1.0320881023168205,143.71200000000002
C2_06,2013-01-01 to 2014-12-31 (two years),13,0.7765117296510115,28.768598274465212,-18.540153738244168,0.25,80,0.72792994301304,142.45000000000002
C2_06,2013-01-01 to 2014-12-31 (two years),14,-0.9899570958090917,-33.056779938137424,-37.858901167125225,0.1625,80,-0.48082963544700114,143.29000000000002
C2_06,2013-01-01 to 2014-12-31 (two years),15,2.142675795688653,113.93842535848704,-20.022210949321252,0.32051282051282054,78,2.314562371073894,143.07010000000002
C2_06,2013-01-01 to 2014-12-31 (two years),16,0.878477887866864,33.39843797861964,-32.298249208440446,0.2608695652173913,69,0.4805545850156437,141.93999999999997
C2_06,2013-01-01 to 2014-12-31 (two years),17,0.25696066598503475,4.679985201922654,-29.067823381935433,0.2222222222222222,81,0.07969110291506318,136.88610000000017
C2_06,2013-01-01 to 2014-12-31 (two years),18,1.394540636948541,56.410457138193834,-26.408406088229274,0.28,75,0.9505511918350894,141.9147000000001
C2_06,2013-01-01 to 2014-12-31 (two years),19,1.7702383006969826,86.18628144909799,-22.360303220192492,0.30985915492957744,71,1.632727324542573,142.3169000000001
C2_06,2013-01-01 to 2014-12-31 (two years),20,0.04513566812089874,-2.7137683997006614,-27.426271756843022,0.2125,80,-0.04988203189257112,141.50100000000003
C2_06,2013-01-01 to 2014-12-31 (two years),21,-0.5371971914912776,-21.906557586978902,-42.55141229772147,0.18181818181818182,77,-0.2736569901702475,143.35110000000003
C2_06,2013-01-01 to 2014-12-31 (two years),22,1.757675566123664,90.9539625597495,-22.052727162899355,0.3037974683544304,79,1.7343621206771216,142.63000000000002
C2_06,2013-01-01 to 2014-12-31 (two years),23,0.3317554254089162,7.6269424762721405,-29.437714236942693,0.22666666666666666,75,0.1273412679571956,142.29309999999992
C2_06,2013-01-01 to 2014-12-31 (two years),24,0.4477395441519233,12.635664077268446,-20.706465549657725,0.23170731707317074,82,0.29645871881442426,138.48420000000016
C2_06,2013-01-01 to 2014-12-31 (two years),25,0.9035510049529035,32.39369964088954,-18.908127097300497,0.25675675675675674,74,0.7977843796365084,142.45800000000003
C2_06,2013-01-01 to 2014-12-31 (two years),26,1.577981648078943,74.3487478872897,-21.357386781107746,0.3076923076923077,65,1.5025966819389533,146.17399999999998
C2_06,2013-01-01 to 2014-12-31 (two years),27,-0.41932660237700947,-18.27226023623439,-44.82071411952306,0.19047619047619047,84,-0.21439003548589441,142.44510000000002
C2_06,2013-01-01 to 2014-12-31 (two years),28,-1.23997688767347,-41.443844631538525,-45.229131341465724,0.14634146341463414,82,-0.5197112801126265,135.18789999999993
C2_06,2013-01-01 to 2014-12-31 (two years),29,0.7549189482726395,27.798731240468744,-36.199958906148545,0.24705882352941178,85,0.36097060762196614,142.389
C2_06,2013-01-01 to 2014-12-31 (two years),30,1.1831496635061272,46.46604006632021,-22.68392493921968,0.2753623188405797,69,0.928183115495902,143.4925
C2_06,2013-01-01 to 2014-12-31 (two years),31,0.06355197729296339,-1.9754613134325447,-38.10823197098255,0.21333333333333335,75,-0.02608392806153869,142.006
C2_06,2013-01-01 to 2014-12-31 (two years),32,1.6484869889242058,87.13488330855441,-20.334213115287692,0.3,80,1.8125147784241784,142.76699999999997
C2_06,2013-01-01 to 2014-12-31 (two years),33,1.3848973600005166,62.85970131007386,-27.444970371027967,0.2876712328767123,73,1.0078055237559989,141.80399999999997
C2_06,2013-01-01 to 2014-12-31 (two years),34,-0.39342457494530914,-17.027086489238236,-30.690165871276097,0.1891891891891892,74,-0.29071826475203283,143.49099999999999
C2_06,2013-01-01 to 2014-12-31 (two years),35,0.4184665821651763,11.220649136331442,-23.249994386572027,0.23076923076923078,78,0.23522128521068897,140.01509999999993
C2_06,2013-01-01 to 2014-12-31 (two years),36,-0.7450144608751177,-29.4097133091667,-35.366371280245936,0.17073170731707318,82,-0.45246489390251815,142.4000000000001
C2_06,2013-01-01 to 2014-12-31 (two years),37,1.1075532286469254,42.871244956950996,-22.11936526424746,0.2777777777777778,72,0.8842031513423163,143.29999999999998
C2_06,2013-01-01 to 2014-12-31 (two years),38,1.233498067147071,50.21660303552133,-29.75735588388734,0.2727272727272727,77,0.7593784059162138,138.75910000000007
C2_06,2013-01-01 to 2014-12-31 (two years),39,-0.5589824322290459,-23.468426435239383,-38.79505815983117,0.1794871794871795,78,-0.32307519542946067,135.17489999999995
C2_06,2013-01-01 to 2014-12-31 (two years),40,-0.21658253322364387,-12.060952014188377,-27.724227417511184,0.2,85,-0.22480136497305522,142.529
C2_06,2013-01-01 to 2014-12-31 (two years),41,1.375895486532021,61.63306486622212,-18.666331590712726,0.28205128205128205,78,1.4559298324451255,141.72999999999996
C2_06,2013-01-01 to 2014-12-31 (two years),42,0.8738233292390206,30.730469219046807,-25.203438399783384,0.2571428571428571,70,0.5697017065779215,142.73489999999998
C2_06,2013-01-01 to 2014-12-31 (two years),43,0.22497672737823832,3.364915554211455,-22.312145270101567,0.22077922077922077,77,0.07488502274738078,143.09219999999976
C2_06,2013-01-01 to 2014-12-31 (two years),44,1.1077091227302842,42.45562081359765,-30.477764546771326,0.26666666666666666,75,0.6359962921484629,143.08
C2_06,2013-01-01 to 2014-12-31 (two years),45,-0.2632266614674322,-12.506722161171579,-26.041025009632857,0.19736842105263158,76,-0.24848214586734957,131.08889999999997
C2_06,2013-01-01 to 2014-12-31 (two years),46,1.0712463605577598,40.66598487969439,-24.13784406044508,0.2676056338028169,71,0.7718357825473681,143.85
C2_06,2013-01-01 to 2014-12-31 (two years),47,0.7014892390357695,23.042471785212758,-27.985500080109816,0.2465753424657534,73,0.39092702103083776,144.57
C2_06,2013-01-01 to 2014-12-31 (two years),48,1.2114735324783399,46.46604006632117,-13.301214597347998,0.2753623188405797,69,1.5829258273870994,143.64000000000004
C2_06,2013-01-01 to 2014-12-31 (two years),49,0.178651474181691,1.2976172431275839,-31.529655863519736,0.21794871794871795,78,0.02053962793759341,144.29
C2_06,2013-01-01 to 2014-12-31 (two years),50,0.27821912012691313,5.474403626746978,-20.05869867271676,0.2236842105263158,76,0.13482860722077342,142.649
C2_07,2013-01-01 to 2014-12-31 (two years),1,0.682845056285574,23.891451008912444,-33.90353030348997,0.24742268041237114,97,0.3339738637656339,142.61999999999998
C2_07,2013-01-01 to 2014-12-31 (two years),2,1.0229774230266098,41.620648458350104,-26.89036290523996,0.2543859649122807,114,0.7077955916768782,142.655
C2_07,2013-01-01 to 2014-12-31 (two years),3,1.987120260159951,115.51096885996728,-19.911257639378178,0.3170731707317073,82,2.3544595760903304,140.73979999999997
C2_07,2013-01-01 to 2014-12-31 (two years),4,1.6844847961359828,89.16366008297864,-24.288808433736776,0.3023255813953488,86,1.5479114731457275,142.63
C2_07,2013-01-01 to 2014-12-31 (two years),5,1.245927090986291,49.77558171472274,-17.981233798766137,0.2631578947368421,95,1.246674616914761,141.20369999999994
C2_07,2013-01-01 to 2014-12-31 (two years),6,1.9542362512567502,95.6402030886501,-24.937086205847447,0.30337078651685395,89,1.6014637156464633,142.64999999999998
C2_07,2013-01-01 to 2014-12-31 (two years),7,-1.4742271065032357,-42.52854178784468,-51.071957383794064,0.15730337078651685,89,-0.47421056700123815,132.70809999999983
C2_07,2013-01-01 to 2014-12-31 (two years),8,0.5725460635763799,17.611508479236946,-26.129336832083794,0.23943661971830985,71,0.3238086939540844,140.7394999999999
C2_07,2013-01-01 to 2014-12-31 (two years),9,1.1737823265041685,51.75118172918782,-28.648324372692493,0.2631578947368421,95,0.8106084324630652,141.22400000000005
C2_07,2013-01-01 to 2014-12-31 (two years),10,1.50930250138725,68.9406080868029,-23.665150827239522,0.2840909090909091,88,1.268697187416349,142.74
C2_07,2013-01-01 to 2014-12-31 (two years),11,1.7593673215592605,84.63827560159513,-25.119511029304377,0.2872340425531915,94,1.4307137869015438,142.41
C2_07,2013-01-01 to 2014-12-31 (two years),12,1.8125108013331763,95.94376201153541,-33.54087504058073,0.3023255813953488,86,1.1939017402227134,142.61700000000002
C2_07,2013-01-01 to 2014-12-31 (two years),13,2.0921437801545832,110.9078870720726,-30.533070571042288,0.32098765432098764,81,1.4836709931193575,142.45
C2_07,2013-01-01 to 2014-12-31 (two years),14,0.779241955203757,26.558673980334113,-29.807731104617584,0.2571428571428571,70,0.4199069947706794,142.24
C2_07,2013-01-01 to 2014-12-31 (two years),15,2.17067985647866,134.314215393195,-21.824371886716886,0.31521739130434784,92,2.43593166487483,143.09
C2_07,2013-01-01 to 2014-12-31 (two years),16,2.635911918522006,172.2970408854065,-20.57373231367613,0.33707865168539325,89,3.16557373778512,142.274
C2_07,2013-01-01 to 2014-12-31 (two years),17,2.1321765252875804,118.79512702386683,-20.529252908952845,0.3380281690140845,71,2.3379664426735296,136.2011000000002
C2_07,2013-01-01 to 2014-12-31 (two years),18,1.9898259772347449,102.52210891845326,-26.670660106513246,0.3020833333333333,96,1.5889804796024298,139.4842000000001
C2_07,2013-01-01 to 2014-12-31 (two years),19,1.5719266074047387,74.22708726121063,-27.801049213159512,0.2926829268292683,82,1.1526680248814292,142.34590000000006
C2_07,2013-01-01 to 2014-12-31 (two years),20,1.2587954724356787,56.77836502127638,-27.502441580917626,0.2839506172839506,81,0.9180926718068515,140.95880000000005
C2_07,2013-01-01 to 2014-12-31 (two years),21,0.026183592076710144,-3.6009720046135425,-28.396699545002647,0.21621621621621623,74,-0.06407304328323518,142.61300000000003
C2_07,2013-01-01 to 2014-12-31 (two years),22,2.4496846856261083,154.69646122155942,-15.745257167589466,0.36619718309859156,71,3.791268092938701,142.5294
C2_07,2013-01-01 to 2014-12-31 (two years),23,2.6074072903419974,151.4974968206667,-21.514239602059217,0.3870967741935484,62,2.7278246152434895,142.50309999999993
C2_07,2013-01-01 to 2014-12-31 (two years),24,1.462787909082674,62.859701310072914,-15.097920449650392,0.2876712328767123,73,1.831986917104336,139.18420000000017
C2_07,2013-01-01 to 2014-12-31 (two years),25,0.870671971481863,31.815241454326554,-23.27101156327177,0.2625,80,0.637384107274016,141.73300000000003
C2_07,2013-01-01 to 2014-12-31 (two years),26,1.374515582144232,67.88106022829392,-24.453767825616058,0.2777777777777778,90,1.2110597120060895,142.4439
C2_07,2013-01-01 to 2014-12-31 (two years),27,1.8870733174416339,97.81966001527539,-28.732580811048038,0.3235294117647059,68,1.4170046541043928,142.49
C2_07,2013-01-01 to 2014-12-31 (two years),28,-0.12807005853839531,-9.124632026322713,-37.64099881254545,0.20454545454545456,88,-0.12427095584526805,134.43789999999993
C2_07,2013-01-01 to 2014-12-31 (two years),29,-0.2769114412655784,-15.543338314426286,-39.09389700936299,0.19540229885057472,87,-0.2074580041383737,142.28219999999988
C2_07,2013-01-01 to 2014-12-31 (two years),30,2.6980065900036343,184.81167005389332,-14.6922754662015,0.34831460674157305,89,4.688507021523178,142.58
C2_07,2013-01-01 to 2014-12-31 (two years),31,1.097421690542022,44.45864891261462,-29.28549999196306,0.27631578947368424,76,0.6904876917681768,142.63
C2_07,2013-01-01 to 2014-12-31 (two years),32,1.9839329330312974,118.97066526332647,-26.66082368913144,0.30851063829787234,94,1.802500290273962,142.42999999999998
C2_07,2013-01-01 to 2014-12-31 (two years),33,2.555472186582288,136.69427571897052,-21.344101382923185,0.3582089552238806,67,2.52714596328507,142.46
C2_07,2013-01-01 to 2014-12-31 (two years),34,0.8686385660704663,30.844592234474284,-29.56089436040874,0.25316455696202533,79,0.48741471369770073,142.64
C2_07,2013-01-01 to 2014-12-31 (two years),35,1.2088483241007038,54.12605015259917,-24.460844647318105,0.2876712328767123,73,0.9886966099294549,141.15009999999995
C2_07,2013-01-01 to 2014-12-31 (two years),36,0.3624016143700262,9.11307785926395,-26.562502523990673,0.2345679012345679,81,0.16803590410524488,142.25240000000008
C2_07,2013-01-01 to 2014-12-31 (two years),37,2.2307625240539393,117.64328979810561,-17.362086987256596,0.34285714285714286,70,2.741956940730991,142.51999999999998
C2_07,2013-01-01 to 2014-12-31 (two years),38,2.741827450851787,169.90821767086837,-22.64939575724455,0.3411764705882353,85,2.8433763730416555,136.76900000000006
C2_07,2013-01-01 to 2014-12-31 (two years),39,1.3760096770187566,59.02149859066118,-20.017672950729516,0.27710843373493976,83,1.306038593917569,134.63389999999995
C2_07,2013-01-01 to 2014-12-31 (two years),40,1.6539293363180554,74.99120417387618,-22.262327673287928,0.2911392405063291,79,1.4524545933335982,142.36
C2_07,2013-01-01 to 2014-12-31 (two years),41,1.7835514803768822,97.15050961142744,-26.621730893426122,0.3010752688172043,93,1.520400041035412,142.67
C2_07,2013-01-01 to 2014-12-31 (two years),42,0.694129660075482,22.32187824739737,-34.180904532071786,0.24675324675324675,77,0.3105390829559304,142.518
C2_07,2013-01-01 to 2014-12-31 (two years),43,1.1980996901930243,51.6975291463806,-18.801550107455313,0.28378378378378377,74,1.233981151355561,142.02059999999992
C2_07,2013-01-01 to 2014-12-31 (two years),44,1.6365307742036825,78.3706833762865,-24.762200628037057,0.28735632183908044,87,1.3572504437477493,142.48999999999998
C2_07,2013-01-01 to 2014-12-31 (two years),45,0.45640703619525846,12.895582393357309,-23.570501938026545,0.23595505617977527,89,0.265635943466819,129.48889999999997
C2_07,2013-01-01 to 2014-12-31 (two years),46,2.1785183036440965,100.676554507696,-22.711231832874134,0.3287671232876712,73,1.8373306966870868,143.13
C2_07,2013-01-01 to 2014-12-31 (two years),47,2.5532419214323574,135.01289256161533,-17.941208608682977,0.36363636363636365,66,2.9758960447360105,142.62
C2_07,2013-01-01 to 2014-12-31 (two years),48,2.119477131464357,127.74366981943423,-18.50536638161153,0.32222222222222224,90,2.7557952175087754,142.65
C2_07,2013-01-01 to 2014-12-31 (two years),49,2.1543763289133917,119.41675695996446,-18.836402018724762,0.313953488372093,86,2.5592511826613933,142.71
C2_07,2013-01-01 to 2014-12-31 (two years),50,1.8242604552293349,100.33643883922905,-20.34268538146825,0.3194444444444444,72,2.045340789817894,142.389
C2_08,2013-01-01 to 2014-12-31 (two years),1,1.1686470012446046,49.08519263581705,-28.571483019943834,0.2682926829268293,82,0.774684864584691,142.10999999999999
C2_08,2013-01-01 to 2014-12-31 (two years),2,1.0129424067780517,39.60650839732474,-23.022518829052697,0.2631578947368421,76,0.7897589613663892,142.38500000000002
C2_08,2013-01-01 to 2014-12-31 (two years),3,2.951554839572155,192.62525461727776,-14.923697741821474,0.35802469135802467,81,4.770195213661771,141.24479999999997
C2_08,2013-01-01 to 2014-12-31 (two years),4,1.8474939434683015,86.18628144909714,-22.562452537510037,0.30985915492957744,71,1.6180988299906818,142.88
C2_08,2013-01-01 to 2014-12-31 (two years),5,1.8327368831285535,101.3571344400053,-15.167443155348192,0.30864197530864196,81,2.7670121720512735,141.00389999999996
C2_08,2013-01-01 to 2014-12-31 (two years),6,1.1569843688486645,46.471426861809796,-26.888999244722733,0.26744186046511625,86,0.7831107832817422,142.36999999999998
C2_08,2013-01-01 to 2014-12-31 (two years),7,0.5229034237713666,16.253184437689768,-27.61897206874544,0.24390243902439024,82,0.2835698453412683,133.05469999999983
C2_08,2013-01-01 to 2014-12-31 (two years),8,0.4248407238060003,11.038943426066378,-24.510892526781134,0.2318840579710145,69,0.21959974487794187,141.27039999999994
C2_08,2013-01-01 to 2014-12-31 (two years),9,2.0846857709258138,105.46646371428989,-12.327879315196299,0.3125,80,3.5214352286157773,142.44000000000003
C2_08,2013-01-01 to 2014-12-31 (two years),10,2.0187568558417195,102.88523761331308,-27.694029119822574,0.3157894736842105,76,1.534876750947837,143.135
C2_08,2013-01-01 to 2014-12-31 (two years),11,1.3560664636474475,60.41566727613949,-22.762821866758888,0.27710843373493976,83,1.1728057175671285,142.25
C2_08,2013-01-01 to 2014-12-31 (two years),12,0.7747595376428116,27.15090913511024,-25.61271280560814,0.25,76,0.49896279537448174,142.40200000000002
C2_08,2013-01-01 to 2014-12-31 (two years),13,0.4107332963375829,10.945341706386149,-31.69342608104492,0.22826086956521738,92,0.16842920766733155,142.395
C2_08,2013-01-01 to 2014-12-31 (two years),14,1.228530992582283,49.83791829085939,-19.281702715804293,0.2835820895522388,67,1.1639145826515636,142.79
C2_08,2013-01-01 to 2014-12-31 (two years),15,1.8899028905721729,102.88523761331285,-20.358930088695537,0.3157894736842105,76,2.087875995983208,143.8
C2_08,2013-01-01 to 2014-12-31 (two years),16,0.3394307944182444,8.175291779808136,-46.75149544334884,0.2261904761904762,84,0.08583591656098315,142.25
C2_08,2013-01-01 to 2014-12-31 (two years),17,2.083728557969997,121.08191495657576,-29.787570967272437,0.32098765432098764,81,1.6372320489378696,135.67960000000002
C2_08,2013-01-01 to 2014-12-31 (two years),18,1.7651715317111831,88.55505354397086,-15.082674033392408,0.30666666666666664,75,2.4780151160703716,142.62
C2_08,2013-01-01 to 2014-12-31 (two years),19,0.6959737238324691,21.81345681231787,-26.325909709147265,0.2391304347826087,92,0.3944430347960997,142.37590000000006
C2_08,2013-01-01 to 2014-12-31 (two years),20,1.443629289668065,66.80843495888367,-14.466699878965706,0.3013698630136986,73,2.0184059891164896,141.28640000000004
C2_08,2013-01-01 to 2014-12-31 (two years),21,0.46000467583410065,12.635664077268094,-25.61546917149621,0.23170731707317074,82,0.23964473213152662,142.92
C2_08,2013-01-01 to 2014-12-31 (two years),22,2.2610067415550996,140.45121990232363,-14.97845562583584,0.3424657534246575,73,3.682504748610268,142.3075
C2_08,2013-01-01 to 2014-12-31 (two years),23,0.10694142432360373,-0.9740648932960523,-31.9025051045851,0.21505376344086022,93,-0.015324575223777514,142.30309999999994
C2_08,2013-01-01 to 2014-12-31 (two years),24,0.4312631340942351,11.787308042453166,-37.66590042597595,0.22988505747126436,87,0.15232870638136015,138.90420000000017
C2_08,2013-01-01 to 2014-12-31 (two years),25,1.3158487141593274,55.23239549751876,-24.822356846068793,0.275,80,0.9922457361207321,141.86800000000002
C2_08,2013-01-01 to 2014-12-31 (two years),26,1.2531835507849525,53.28224799543078,-18.480014928674894,0.27631578947368424,76,1.2902306648719817,142.9139
C2_08,2013-01-01 to 2014-12-31 (two years),27,1.467746310205174,64.09564672153437,-15.390821502287121,0.29411764705882354,68,1.8285798248247875,142.55
C2_08,2013-01-01 to 2014-12-31 (two years),28,0.21435003351593548,2.5863854978841188,-24.654923660358897,0.21951219512195122,82,0.052188817941270275,135.13789999999995
C2_08,2013-01-01 to 2014-12-31 (two years),29,1.10636785457774,43.181419007438755,-20.348932670956344,0.2619047619047619,84,0.967515147759746,142.35
C2_08,2013-01-01 to 2014-12-31 (two years),30,1.723749835860025,87.16797626296932,-20.747534060748364,0.30120481927710846,83,1.7769908730508386,143.46
C2_08,2013-01-01 to 2014-12-31 (two years),31,1.3269651180352644,58.40040356889723,-30.442635847783308,0.27848101265822783,79,0.8506797088633178,142.79
C2_08,2013-01-01 to 2014-12-31 (two years),32,2.324627700047071,154.66583632179,-20.814214494039717,0.35135135135135137,74,2.8675056067316085,143.32
C2_08,2013-01-01 to 2014-12-31 (two years),33,1.3898038901542549,59.20167828951695,-29.414376189560045,0.28205128205128205,78,0.8912442971651077,141.955
C2_08,2013-01-01 to 2014-12-31 (two years),34,0.7265858737205725,26.19322630897632,-32.07400300878756,0.24691358024691357,81,0.3851619213825261,142.49
C2_08,2013-01-01 to 2014-12-31 (two years),35,1.6605583216981732,74.22739015146146,-22.167548599330843,0.3013698630136986,73,1.445603932210814,140.84009999999995
C2_08,2013-01-01 to 2014-12-31 (two years),36,0.47605426700787296,14.351739577335785,-22.13832347961098,0.2361111111111111,72,0.3137188476626592,142.58000000000007
C2_08,2013-01-01 to 2014-12-31 (two years),37,2.1733253775725037,114.28009461960669,-19.291024672907277,0.34285714285714286,70,2.4083545798597985,142.09199999999998
C2_08,2013-01-01 to 2014-12-31 (two years),38,0.6963791017599693,22.737901483346352,-23.043789242125,0.2413793103448276,87,0.4687904371146084,137.08900000000006
C2_08,2013-01-01 to 2014-12-31 (two years),39,0.5031275383207368,14.934351099253298,-21.84146298404157,0.2345679012345679,81,0.3304574830519759,132.87389999999996
C2_08,2013-01-01 to 2014-12-31 (two years),40,1.6120335708564908,76.53924663233073,-17.356185377654075,0.2972972972972973,74,1.8967231463625114,142.8
C2_08,2013-01-01 to 2014-12-31 (two years),41,0.9626588949098048,35.78391150845836,-20.529964555354642,0.25609756097560976,82,0.8061779225448235,142.09
C2_08,2013-01-01 to 2014-12-31 (two years),42,0.9804497519102909,37.85266518210075,-30.985353583839416,0.2638888888888889,72,0.5627345300390793,142.3
C2_08,2013-01-01 to 2014-12-31 (two years),43,0.7813828518114528,28.82690594101036,-17.048821143585325,0.2564102564102564,78,0.793114157771286,141.51059999999993
C2_08,2013-01-01 to 2014-12-31 (two years),44,2.399756897647981,122.50830310889138,-14.155210485119552,0.34782608695652173,69,3.47921149322207,142.37
C2_08,2013-01-01 to 2014-12-31 (two years),45,0.5323448537928592,16.68544854830202,-27.105123297306687,0.23943661971830985,71,0.29634516625877894,130.67899999999997
C2_08,2013-01-01 to 2014-12-31 (two years),46,0.9286909975344175,34.07809066479099,-24.82235684606866,0.2564102564102564,78,0.6371428071950864,143.32
C2_08,2013-01-01 to 2014-12-31 (two years),47,0.4819820225032735,14.06868167597234,-56.207491543284526,0.23255813953488372,86,0.12120419193453334,143.07500000000002
C2_08,2013-01-01 to 2014-12-31 (two years),48,1.5461116171028555,74.80326970876146,-22.119365264247392,0.2840909090909091,88,1.458624220467615,142.53
C2_08,2013-01-01 to 2014-12-31 (two years),49,1.627688551094161,78.81330470371336,-28.304614330700552,0.3013698630136986,73,1.19324731891172,143.89
C2_08,2013-01-01 to 2014-12-31 (two years),50,1.0285535236246242,41.382665044209034,-31.180805801850287,0.2625,80,0.6071904639129974,142.839
C2_09,2013-01-01 to 2014-12-31 (two years),1,0.06862419713191119,-4.410943263427218,-32.9814793239028,0.21153846153846154,104,-0.06771584779710965,149.81180000000006
C2_09,2013-01-01 to 2014-12-31 (two years),2,-0.31647220211580945,-20.30283786175073,-40.49431636803542,0.19469026548672566,113,-0.2652378926720324,148.42399999999998
C2_09,2013-01-01 to 2014-12-31 (two years),3,0.5503665623600411,20.596717907854153,-27.620227940750308,0.23423423423423423,111,0.3559218975192718,141.51239999999996
C2_09,2013-01-01 to 2014-12-31 (two years),4,-0.08493734029626347,-11.831697621752065,-34.73636844876182,0.2037037037037037,108,-0.17590012333406377,146.12550000000005
C2_09,2013-01-01 to 2014-12-31 (two years),5,-0.12468022736420821,-13.59506366931624,-32.56675176343208,0.2018348623853211,109,-0.21663382827283986,142.0638999999999
C2_09,2013-01-01 to 2014-12-31 (two years),6,0.1451880127135521,-1.2191864233697838,-45.75624134132068,0.21495327102803738,107,-0.013381755635588069,147.33989999999994
C2_09,2013-01-01 to 2014-12-31 (two years),7,0.6590149162628722,25.569260628752406,-29.418549368803106,0.23853211009174313,109,0.41046182754536187,133.18809999999982
C2_09,2013-01-01 to 2014-12-31 (two years),8,-2.065164040647991,-61.49410550944,-67.6608946101489,0.125,112,-0.5614393202239744,141.76549999999992
C2_09,2013-01-01 to 2014-12-31 (two years),9,-0.7214522181524516,-30.641172871577393,-35.380168299072324,0.1792452830188679,106,-0.47311672642301633,142.61410000000006
C2_09,2013-01-01 to 2014-12-31 (two years),10,-0.1173261351898333,-11.831697621751694,-37.751593931226544,0.2037037037037037,108,-0.16185095404039868,147.046
C2_09,2013-01-01 to 2014-12-31 (two years),11,-0.24950292617998512,-16.386937278801902,-33.23084507071952,0.19811320754716982,106,-0.257924376575826,147.31700000000004
C2_09,2013-01-01 to 2014-12-31 (two years),12,0.025658396437849007,-5.130906641004701,-36.523366474769915,0.21100917431192662,109,-0.07126265492107824,147.0822
C2_09,2013-01-01 to 2014-12-31 (two years),13,-0.6666691820156941,-29.758748812422787,-37.62291916645905,0.18181818181818182,110,-0.4308610025610174,146.07800000000003
C2_09,2013-01-01 to 2014-12-31 (two years),14,-2.0988636405488843,-62.26422339925064,-63.27367147574028,0.12389380530973451,113,-0.6102316107913174,144.11559999999997
C2_09,2013-01-01 to 2014-12-31 (two years),15,0.9374633776273532,43.55468856145956,-28.706430511786742,0.2523364485981308,107,0.6912745347950697,147.57769999999996
C2_09,2013-01-01 to 2014-12-31 (two years),16,-0.5927614960966535,-31.68204014992669,-47.56223100375183,0.1810344827586207,116,-0.36514092346861576,146.721
C2_09,2013-01-01 to 2014-12-31 (two years),17,-0.41998564470526234,-22.877973185884883,-45.709939628700134,0.19090909090909092,110,-0.2668237680922992,136.38380000000015
C2_09,2013-01-01 to 2014-12-31 (two years),18,0.09573282651580238,-3.1948026949038066,-32.38136835436977,0.21296296296296297,108,-0.04979897247124505,142.89860000000013
C2_09,2013-01-01 to 2014-12-31 (two years),19,-0.6237763534448786,-28.3252538902263,-44.918687942511994,0.1834862385321101,109,-0.34191552263058056,142.7169000000001
C2_09,2013-01-01 to 2014-12-31 (two years),20,-0.908564487330893,-38.55901144262287,-55.31376688090277,0.16964285714285715,112,-0.391256668162867,141.34280000000004
C2_09,2013-01-01 to 2014-12-31 (two years),21,0.2690889098471905,4.952882702605038,-29.06782338193531,0.22115384615384615,104,0.0842825733832041,143.46110000000004
C2_09,2013-01-01 to 2014-12-31 (two years),22,0.1861039537141771,0.7967485475814672,-40.04516889144908,0.2169811320754717,106,0.009942032629908823,147.18410000000006
C2_09,2013-01-01 to 2014-12-31 (two years),23,0.2363930736827856,3.3778557608790587,-41.58205282694388,0.21929824561403508,114,0.040335144278900906,142.70309999999992
C2_09,2013-01-01 to 2014-12-31 (two years),24,-1.1500750104753792,-41.73337706037367,-47.827835472735224,0.16363636363636364,110,-0.4954373606323232,141.55920000000015
C2_09,2013-01-01 to 2014-12-31 (two years),25,-0.9342855673196877,-39.787831213769735,-44.04073532878223,0.168141592920354,113,-0.5093124261420198,143.49300000000005
C2_09,2013-01-01 to 2014-12-31 (two years),26,0.2493142593330536,4.162392300284647,-31.180805801850397,0.22018348623853212,109,0.06615715163934431,148.718
C2_09,2013-01-01 to 2014-12-31 (two years),27,0.5048712543695082,16.700056346424024,-25.705287871612338,0.23148148148148148,108,0.31274668630830027,148.0102
C2_09,2013-01-01 to 2014-12-31 (two years),28,-0.9299258595471833,-39.33087990459537,-43.123749983725176,0.16666666666666666,108,-0.5133205738915179,134.1478999999999
C2_09,2013-01-01 to 2014-12-31 (two years),29,-0.6950648701935108,-31.68204014992745,-40.396724734505405,0.1810344827586207,116,-0.42990903507837214,142.2971999999999
C2_09,2013-01-01 to 2014-12-31 (two years),30,0.4812326351720092,15.821087878701942,-32.68549145127664,0.23008849557522124,113,0.2334689769284025,147.80240000000006
C2_09,2013-01-01 to 2014-12-31 (two years),31,-1.4829808856717288,-47.993248446823515,-53.234167703028156,0.15315315315315314,111,-0.5244117711781808,147.69999999999993
C2_09,2013-01-01 to 2014-12-31 (two years),32,-0.2678593331712513,-18.67636516505189,-42.17947162329975,0.19642857142857142,112,-0.23312686519764714,142.30699999999996
C2_09,2013-01-01 to 2014-12-31 (two years),33,-0.5333189834124552,-30.287796071354613,-46.123359930123684,0.1826086956521739,115,-0.3583178737363521,143.59900000000005
C2_09,2013-01-01 to 2014-12-31 (two years),34,0.1667283541840696,0.037561565193439325,-22.312145270101823,0.21621621621621623,111,0.0008428047372663988,150.34210000000002
C2_09,2013-01-01 to 2014-12-31 (two years),35,-0.5306845133847718,-26.862503969620345,-46.53584438505508,0.18518518518518517,108,-0.311542305908743,140.6990999999999
C2_09,2013-01-01 to 2014-12-31 (two years),36,-0.5938104846627876,-28.325253890227636,-42.76417976126847,0.1834862385321101,109,-0.35914161687381446,142.6124000000001
C2_09,2013-01-01 to 2014-12-31 (two years),37,-1.0433935930637959,-41.291190536117796,-54.658650740984704,0.1619047619047619,105,-0.42822698548984806,146.2655
C2_09,2013-01-01 to 2014-12-31 (two years),38,-0.035357576566957934,-8.19626991019544,-42.03599177258537,0.20754716981132076,106,-0.09970876035427775,136.89810000000006
C2_09,2013-01-01 to 2014-12-31 (two years),39,-0.18252898383260877,-14.680548243676398,-49.36106850943241,0.2,105,-0.15480881872716243,132.87389999999996
C2_09,2013-01-01 to 2014-12-31 (two years),40,0.4727761723413062,15.821087878702977,-19.03143001195502,0.23008849557522124,113,0.40097082797972555,144.55080000000004
C2_09,2013-01-01 to 2014-12-31 (two years),41,-0.4188178096220001,-22.292692638292902,-33.55809588843211,0.19047619047619047,105,-0.3535212437494331,145.194
C2_09,2013-01-01 to 2014-12-31 (two years),42,-0.7258525303279073,-33.387782425861275,-51.416481777783794,0.17592592592592593,108,-0.35798699186530436,147.20320000000004
C2_09,2013-01-01 to 2014-12-31 (two years),43,-1.6856295537473247,-53.815894639188,-53.8158946391876,0.13592233009708737,103,-0.5960527226340091,143.35219999999978
C2_09,2013-01-01 to 2014-12-31 (two years),44,0.15795306408739826,0.03756156519329181,-36.36585117427493,0.21621621621621623,111,0.0005171000024748581,146.64000000000001
C2_09,2013-01-01 to 2014-12-31 (two years),45,-0.2554979007255536,-17.016699148011757,-32.85008546573792,0.1981981981981982,111,-0.2714295261063452,133.26399999999998
C2_09,2013-01-01 to 2014-12-31 (two years),46,-1.3050822310885097,-46.52915123178099,-51.67946825065106,0.1523809523809524,105,-0.5206637727529685,145.96880000000002
C2_09,2013-01-01 to 2014-12-31 (two years),47,0.3667433490379919,9.837159432802324,-22.611819039470436,0.22522522522522523,111,0.21271926985722384,148.11209999999997
C2_09,2013-01-01 to 2014-12-31 (two years),48,-1.5700827469578231,-50.68019160802001,-53.57425810890679,0.14678899082568808,109,-0.5563488251259953,145.88070000000002
C2_09,2013-01-01 to 2014-12-31 (two years),49,-0.18417102952129655,-14.245853539243091,-33.56098688888124,0.20175438596491227,114,-0.22067962366314736,146.1962
C2_09,2013-01-01 to 2014-12-31 (two years),50,0.40958363067480374,12.07873411510654,-33.84833473122526,0.22727272727272727,110,0.17358385923872666,148.17530000000002
